t,dev,subject,param,value,S_quasi,S_cluster,calibration,S
-12.0,73.02787224124515,qwen-base,alpha,6.144174602214718e-06,0.5719840272423395,0.20170308753284555,cluster,0.20170308753284555
-11.434200304524154,73.02786493436997,qwen-base,alpha,1.0818952252871295e-05,0.5718280922493872,0.20164809898765046,cluster,0.20164809898765046
-10.887580259742405,73.0278526359498,qwen-base,alpha,1.8688560701498606e-05,0.5715656333983836,0.20155554612240179,cluster,0.20155554612240179
-10.360139865654752,73.02783235620583,qwen-base,alpha,3.1669023383012904e-05,0.5711328462416391,0.20140292908835486,cluster,0.20140292908835486
-9.851879122261195,73.02779959945673,qwen-base,alpha,5.264539597678251e-05,0.5704337890772451,0.20115641523184033,cluster,0.20115641523184033
-9.362798029561736,73.02774778219026,qwen-base,alpha,8.585215359314457e-05,0.5693279640991691,0.20076645974055812,cluster,0.20076645974055812
-8.892896587556372,73.02766752795608,qwen-base,alpha,0.00013734233692125306,0.5676152698024478,0.20016249929551894,cluster,0.20016249929551894
-8.442174796245105,73.02754587239696,qwen-base,alpha,0.0002155343307235469,0.5650190356670518,0.1992469694622957,cluster,0.1992469694622957
-8.010632655627933,73.02736545659475,qwen-base,alpha,0.00033180453407353913,0.5611688074685898,0.19788923414391626,cluster,0.19788923414391626
-7.59827016570486,73.02710384876951,qwen-base,alpha,0.0005010666869926436,0.5555858717536777,0.19592048096627193,cluster,0.19592048096627193
-7.205087326475882,73.02673320996462,qwen-base,alpha,0.0007422459890807428,0.5476761212739061,0.19313120536171316,cluster,0.19313120536171316
-6.831084137941001,73.02622059756638,qwen-base,alpha,0.0010785224866181218,0.5367365323551085,0.18927349473314922,cluster,0.18927349473314922
-6.4762606001002165,73.02552925881841,qwen-base,alpha,0.0015371903558346316,0.5219827696049217,0.18407076291249488,cluster,0.18407076291249488
-6.140616712953528,73.024621268998,qwen-base,alpha,0.0021489670538718834,0.502605486863028,0.17723760399391383,cluster,0.17723760399391383
-5.824152476500936,73.02346176913989,qwen-base,alpha,0.002946599675117778,0.47786076386609716,0.16851168370434022,cluster,0.16851168370434022
-5.526867890742441,73.02202481032697,qwen-base,alpha,0.0039626652856194185,0.44719482843310826,0.1576977211383959,cluster,0.1576977211383959
-5.248762955678043,73.02030039274376,qwen-base,alpha,0.00522655344468515,0.410394275911552,0.14472046178676778,cluster,0.14472046178676778
-4.989837671307741,73.0183017286864,qwen-base,alpha,0.006760750467544722,0.367741068050255,0.1296793359702268,cluster,0.1296793359702268
-4.750092037631535,73.01607117285718,qwen-base,alpha,0.00857670276917728,0.32013909057985374,0.11289308780392805,cluster,0.11289308780392805
-4.529526054649425,73.01368285426429,qwen-base,alpha,0.01067069489557714,0.2691703202124103,0.09491958179462429,cluster,0.09491958179462429
-4.328139722361412,73.01124007118011,qwen-base,alpha,0.01302030091876654,0.21703923081527549,0.07653619836598555,cluster,0.07653619836598555
-4.1459330407674955,73.00886619961567,qwen-base,alpha,0.0155820178076487,0.16637877244509253,0.05867141476641529,cluster,0.05867141476641529
-3.9829060098676754,73.00668928035412,qwen-base,alpha,0.018290637013488657,0.1199214454032608,0.04228881340595726,cluster,0.04228881340595726
-3.839058629661952,73.00482237337874,qwen-base,alpha,0.02106074668517653,0.08008004685254311,0.02823923733990808,cluster,0.02823923733990808
-3.714390900150325,73.00334367087565,qwen-base,alpha,0.02379049938547026,0.048523265212861856,0.017111128885532064,cluster,0.017111128885532064
-3.6089028213327943,73.00228150771258,qwen-base,alpha,0.026367472014179882,0.025855790901697224,0.009117724634059408,cluster,0.009117724634059408
-3.5225943932093604,73.00160912748524,qwen-base,alpha,0.02867614372692645,0.011506619267297229,0.004057666862601824,cluster,0.004057666862601824
-3.4554656157800228,73.00125206687738,qwen-base,alpha,0.03060628037728807,0.003886639176227729,0.0013705751990153107,cluster,0.0013705751990153107
-3.4075164890447813,73.00110765546476,qwen-base,alpha,0.03206137989397313,0.0008047755797303322,0.00028379414716395423,cluster,0.00028379414716395423
-3.3787470130036366,73.00107236991252,qwen-base,alpha,0.032966316078161216,5.175158412667467e-05,1.8249555592298894e-05,cluster,1.8249555592298894e-05
-3.3691571876565884,73.00106994491247,qwen-base,alpha,0.03327340832302967,0.0,0.0,cluster,0.0
-3.35208034633697,73.0010778403564,qwen-base,alpha,0.03382710656859162,0.0001684955557258545,5.9417872190106085e-05,cluster,5.9417872190106085e-05
-3.300849822378115,73.00120291052397,qwen-base,alpha,0.03554204687204453,0.0028376003684885544,0.0010006446478373178,cluster,0.0010006446478373178
-3.2154656157800225,73.0018037210767,qwen-base,alpha,0.03858785435309878,0.015659413667329477,0.005522098406982565,cluster,0.005522098406982565
-3.0959277265426937,73.00369171638343,qwen-base,alpha,0.04327554511520327,0.055950855324222566,0.01973037660406169,cluster,0.01973037660406169
-2.9422361546661278,73.00858872558479,qwen-base,alpha,0.05010473794510223,0.16045723827248115,0.0565832590336313,cluster,0.0565832590336313
-2.754390900150325,73.02014391586462,qwen-base,alpha,0.05983914710135622,0.407054924895112,0.14354288098329807,cluster,0.14354288098329807
-2.5323919629952854,73.0462173422824,qwen-base,alpha,0.07361835139514843,0.9634842420453607,0.3397607925290111,cluster,0.3397607925290111
-2.276239343201009,73.10413386346528,qwen-base,alpha,0.09311001948188723,2.1994725550937613,0.7756167728058003,cluster,0.7756167728058003
-1.9859330407674955,73.23310445896237,qwen-base,alpha,0.12068779196123157,4.951815850333573,1.7461965690227086,cluster,1.7461965690227086
-1.6614730556947455,73.52434435836813,qwen-base,alpha,0.1595643558355243,11.1671254823171,3.9379485813784023,cluster,3.9379485813784023
-1.3028593879827586,74.19540227177393,qwen-base,alpha,0.2136841799642746,25.48807780141915,8.988055160577872,cluster,8.988055160577872
-0.910092037631534,75.77275316313822,qwen-base,alpha,0.2869810038707445,59.15010078699854,20.85855091817407,cluster,20.85855091817407
-0.4831710046410733,79.50522093591366,qwen-base,alpha,0.3815036187648128,138.80416929386695,48.94757226698364,cluster,48.94757226698364
-0.022096289011375614,87.96997725185933,qwen-base,alpha,0.4944761524950258,319.4493404061991,112.6498559425014,cluster,112.6498559425014
0.47313210925755866,104.0481735815303,qwen-base,alpha,0.6161248162261858,662.5718614502795,233.64776602456428,cluster,233.64776602456428
1.00251419016573,124.06701294670577,qwen-base,alpha,0.7315526111628369,1089.791089932984,384.3013390864085,cluster,384.3013390864085
1.5660499537131374,137.0639087765494,qwen-base,alpha,0.827219768634148,1367.156011435625,482.110645598188,cluster,482.110645598188
2.163739399899783,143.4210007089218,qwen-base,alpha,0.8969457100358587,1502.8218140928093,529.9515117155596,cluster,529.9515117155596
2.7955825287256646,147.14326220316946,qwen-base,alpha,0.9424366449537486,1582.2580718485756,557.9637247989234,cluster,557.9637247989234
3.4615793401907835,149.19191374948062,qwen-base,alpha,0.9695745913701185,1625.9780556637952,573.3810359517043,cluster,573.3810359517043
4.161729834295139,150.27362157075729,qwen-base,alpha,0.984658447558592,1649.062629770196,581.5215252833567,cluster,581.5215252833567
4.896034011038731,150.8252004405319,qwen-base,alpha,0.9925793036443454,1660.8337966642364,585.6724815921182,cluster,585.6724815921182
5.6644918704215605,151.0970922121372,qwen-base,alpha,0.9965450689671527,1666.6362006286781,587.7186275315131,cluster,587.7186275315131
6.467103412443629,151.22659077579974,qwen-base,alpha,0.9984486905936365,1669.3998112180998,588.6931805995634,cluster,588.6931805995634
7.303868637104932,151.286153598276,qwen-base,alpha,0.9993275221213286,1670.6709330149422,589.1414259680391,cluster,589.1414259680391
8.174787544405472,151.3126011944021,qwen-base,alpha,0.999718413020139,1671.2353474350843,589.3404597273202,cluster,589.3404597273202
9.07986013434525,151.3239366989333,qwen-base,alpha,0.9998860754379932,1671.4772568391181,589.4257660844436,cluster,589.4257660844436
10.019086406924263,151.32862625787928,qwen-base,alpha,0.999955460358609,1671.5773360554144,589.4610577813502,cluster,589.4610577813502
10.992466362142512,151.33049899556926,qwen-base,alpha,0.9999831722826704,1671.6173018864233,589.4751512369824,cluster,589.4751512369824
12.0,151.331220938994,qwen-base,alpha,0.9999938558253978,1671.6327087792656,589.480584287046,cluster,589.480584287046
-9.0,102.2478341753857,qwen-base,lambda,0.00012340980408667956,624.1510720094045,813.0657890922992,cluster,813.0657890922992
-8.410382794000668,102.24381352082459,qwen-base,lambda,0.00022254465185432505,624.0652677872783,812.9540141059232,cluster,812.9540141059232
-7.840752611933517,102.23688486893712,qwen-base,lambda,0.0003933728721011986,623.9174044042026,812.7613962228017,cluster,812.7613962228017
-7.291109453798547,102.22519491610076,qwen-base,lambda,0.0006815714610857491,623.6679307688609,812.4364132382757,cluster,812.4364132382757
-6.761453319595757,102.20588603246584,qwen-base,lambda,0.0011575456670632396,623.2558626055226,811.8996224813426,cluster,811.8996224813426
-6.251784209325149,102.17466481875891,qwen-base,lambda,0.0019270128728361066,622.5895750856091,811.0316666090621,cluster,811.0316666090621
-5.762102122986722,102.12524983405908,qwen-base,lambda,0.0031444945317003698,621.5350168640334,809.6579203302825,cluster,809.6579203302825
-5.292407060580473,102.04869847587642,qwen-base,lambda,0.0050296390314315195,619.901345121855,807.5297775396343,cluster,807.5297775396343
-4.842699022106406,101.93263298648978,qwen-base,lambda,0.007885741512356902,617.4244078766575,804.3031341417227,cluster,804.3031341417227
-4.41297800756452,101.76041399903059,qwen-base,lambda,0.012119033962712106,613.7491067460446,799.5154124699596,cluster,799.5154124699596
-4.003244016954816,101.51034655685889,qwen-base,lambda,0.018256318915162714,608.4124527190843,792.5634884692944,cluster,792.5634884692944
-3.6134970502772923,101.15504707631929,qwen-base,lambda,0.026957410418509655,600.8300565977344,782.6860931365137,cluster,782.6860931365137
-3.2437371075319485,100.66114975940522,qwen-base,lambda,0.03901780855221935,590.2898635909028,768.9556507346531,cluster,768.9556507346531
-2.8939641887187855,99.98958956078255,qwen-base,lambda,0.05535633412427038,575.9581920738035,750.2861453318228,cluster,750.2861453318228
-2.564178293837804,99.09677219381265,qwen-base,lambda,0.07698241238228523,556.9047025215388,725.4656471984148,cluster,725.4656471984148
-2.2543794228890026,97.93703819226141,qwen-base,lambda,0.10493864605549406,532.1549827026276,693.2248142065056,cluster,693.2248142065056
-1.964567575872382,96.46694693942177,qwen-base,lambda,0.14021650650862327,500.7819725405164,652.3559886807628,cluster,652.3559886807628
-1.694742752787942,94.65200914874725,qwen-base,lambda,0.18364646549298527,462.04964103358054,601.9003616821813,cluster,601.9003616821813
-1.444904953635683,92.4764523764391,qwen-base,lambda,0.23576848442821868,415.62139068243107,541.4194561757603,cluster,541.4194561757603
-1.2150541784156041,89.95612038329544,qwen-base,lambda,0.29669393945103567,361.835340952486,471.35373182308865,cluster,471.35373182308865
-1.0051904271277066,87.15319653104032,qwen-base,lambda,0.3659749366120211,302.01853819921075,393.43189829167505,cluster,393.43189829167505
-0.8153136997719896,84.18862120832038,qwen-base,lambda,0.44250049328253216,238.7519542056099,311.01612213619296,cluster,311.01612213619296
-0.6454239963484535,81.24413590080323,qwen-base,lambda,0.5244401342579591,175.91410839400723,229.15885234862918,cluster,229.15885234862918
-0.4955213168570981,78.5433605040826,qwen-base,lambda,0.6092532105242756,118.2772414286209,154.07676594100764,cluster,154.07676594100764
-0.3656056612979234,76.30565142170443,qwen-base,lambda,0.6937763301322469,70.52260739097648,91.86801400915759,cluster,91.86801400915759
-0.25567702967092926,74.68195519086612,qwen-base,lambda,0.7743920340583136,35.87153504980351,46.72893993007689,cluster,46.72893993007689
-0.16573542197611596,73.70151506507159,qwen-base,lambda,0.8472703736580612,14.948100555190711,19.472511893969866,cluster,19.472511893969866
-0.09578083821348343,73.22308480166315,qwen-base,lambda,0.908663138484669,4.737987756558951,6.1720566169887325,cluster,6.1720566169887325
-0.04581327838303158,73.04717334420891,qwen-base,lambda,0.9552203058199549,0.9838861443745465,1.2816835542354348,cluster,1.2816835542354348
-0.015832742484760482,73.00413228156226,qwen-base,lambda,0.9842919365118029,0.06535289469147437,0.08513356024643487,cluster,0.08513356024643487
-0.005839230518670116,73.00106994491247,qwen-base,lambda,0.994177784653242,0.0,0.0,cluster,0.0
0.004167257515239518,73.00426478827546,qwen-base,lambda,1.0041759526068716,0.06818070177606476,0.08881727289509092,cluster,0.08881727289509092
0.034186721616968424,73.05525121214555,qwen-base,lambda,1.034777804075276,1.1562747851304933,1.5062498692071264,cluster,1.5062498692071264
0.0842191617865166,73.30190956385405,qwen-base,lambda,1.0878672866226036,6.420175893155548,8.363400485517742,cluster,8.363400485517742
0.15426457802388405,74.07050635498494,qwen-base,lambda,1.1667995554638169,22.82269165000961,29.730542216141043,cluster,29.730542216141043
0.24432297032907072,75.96545690784215,qwen-base,lambda,1.2767566184126797,63.26256423387336,82.41053971632284,cluster,82.41053971632284
0.35439433870207676,79.88639480603035,qwen-base,lambda,1.425317133382326,146.9387471152118,191.4133832804878,cluster,191.4133832804878
0.484478683142902,86.74609412153174,qwen-base,lambda,1.6233285196969434,293.330623074308,382.1143713604876,cluster,382.1143713604876
0.6345760036515465,96.8775654944098,qwen-base,lambda,1.8862222205550632,509.54492523036265,663.7712651467799,cluster,663.7712651467799
0.8046863002280102,110.01633225217918,qwen-base,lambda,2.2359949576806977,789.9374942038158,1029.0315612062932,cluster,1029.0315612062932
0.9948095728722932,124.67113230017817,qwen-base,lambda,2.704209337428812,1102.6835158820588,1436.4378804530963,cluster,1436.4378804530963
1.2049458215843956,138.32036013021815,qwen-base,lambda,3.3365783026444187,1393.9697626301217,1815.889094566175,cluster,1815.889094566175
1.4350950463643175,148.94424896026774,qwen-base,lambda,4.200044188747435,1620.6926763148847,2111.2352903628703,cluster,2111.2352903628703
1.6852572472120582,156.05973851434845,qwen-base,lambda,5.393838303759078,1772.5433356922326,2309.047297307511,cluster,2309.047297307511
1.9554324241276184,160.34309600647117,qwen-base,lambda,7.066974293261129,1863.9538640310338,2428.125476755085,cluster,2428.125476755085
2.2456205771109974,162.74616614978163,qwen-base,lambda,9.446275880476396,1915.2374451561634,2494.931298654489,cluster,2494.931298654489
2.555821706162196,164.02993881142214,qwen-base,lambda,12.881880430313961,1942.6342565321181,2530.620430755616,cluster,2530.620430755616
2.8860358112812134,164.68980382179066,qwen-base,lambda,17.922121920540146,1956.7163426855627,2548.9648076282774,cluster,2548.9648076282774
3.236262892468051,165.02129709997325,qwen-base,lambda,25.43847756321787,1963.7906939987927,2558.1803858604667,cluster,2558.1803858604667
3.6065029497227075,165.18217815166378,qwen-base,lambda,36.83700644191596,1967.2240338406757,2562.652910691315,cluster,2562.652910691315
3.996755983045183,165.25519775944585,qwen-base,lambda,54.4213196841352,1968.7823349954886,2564.682870127261,cluster,2564.682870127261
4.407021992435478,165.2703648188869,qwen-base,lambda,82.02482886225988,1969.1060130726514,2565.104517358232,cluster,2565.104517358232
4.837300977893593,165.27809921735235,qwen-base,lambda,126.1284683867885,1969.271071779848,2565.319535154454,cluster,2565.319535154454
5.287592939419526,165.28280863357514,qwen-base,lambda,197.86657490294746,1969.3715747674892,2565.4504578502842,cluster,2565.4504578502842
5.7578978770132805,165.29055874111506,qwen-base,lambda,316.6819243783848,1969.536968719829,2565.6659123618615,cluster,2565.6659123618615
6.248215790674852,165.3311389611964,qwen-base,lambda,517.0894053876362,1970.402985475274,2566.7940504492735,cluster,2566.7940504492735
6.758546680404243,165.4129555704377,qwen-base,lambda,861.3894115504161,1972.1490221979598,2569.0685682533435,cluster,2569.0685682533435
7.288890546201454,165.57182161153685,qwen-base,lambda,1463.9456158699545,1975.5393599829038,2573.485075394043,cluster,2573.485075394043
7.839247388066484,165.9926680393108,qwen-base,lambda,2538.293764592278,1984.5205842638702,2585.1846887320607,cluster,2585.1846887320607
8.409617205999332,167.24611402821023,qwen-base,lambda,4490.041421622077,2011.2701983925447,2620.0307333754276,cluster,2620.0307333754276
9.0,171.1447687984162,qwen-base,lambda,8103.083927575384,2094.470840181261,2728.414101605722,cluster,2728.414101605722
-4.0,73.1709907667792,qwen-base,gamma,0.01831563888873418,3.6262563027171337,2.02746116436303,cluster,2.02746116436303
-3.8777080664209667,73.15971434877605,qwen-base,gamma,0.020698209781816884,3.385607855947823,1.8929132065357037,cluster,1.8929132065357037
-3.7595616221157986,73.14793053447285,qwen-base,gamma,0.02329394968934418,3.13413113627574,1.75231109782802,cluster,1.75231109782802
-3.6455606670844967,73.13575607213582,qwen-base,gamma,0.026106768544046293,2.8743176519902742,1.60704785513557,cluster,1.60704785513557
-3.53570520132706,73.12333362404837,qwen-base,gamma,0.02913820144402366,2.6092119387680315,1.4588256962092634,cluster,1.4588256962092634
-3.4299952248434886,73.11083101695289,qwen-base,gamma,0.0323870954259874,2.342395563456731,1.309647096077101,cluster,1.309647096077101
-3.328430737633783,73.09843924355442,qwen-base,gamma,0.035849317935241085,2.07794447444739,1.1617909413871512,cluster,1.1617909413871512
-3.2310117396979425,73.08636906749074,qwen-base,gamma,0.03951749713556546,1.8203565488182234,1.017772021590818,cluster,1.017772021590818
-3.137738231035968,73.07484613890614,qwen-base,gamma,0.04338080438316562,1.5744473544851834,0.880282748949923,cluster,0.880282748949923
-3.048610211647859,73.0641046021968,qwen-base,gamma,0.047424789030982774,1.3452137339955461,0.7521168874357136,cluster,0.7521168874357136
-2.963627681533615,73.05437927045449,qwen-base,gamma,0.05163127520224382,1.137666800434621,0.6360761797609386,cluster,0.6360761797609386
-2.882790640693237,73.0458965493563,qwen-base,gamma,0.055978329257137596,0.9566382454372272,0.5348620530531929,cluster,0.5348620530531929
-2.806099089126725,73.03886441110492,qwen-base,gamma,0.060440305370902225,0.8065663744594077,0.4509559899205775,cluster,0.4509559899205775
-2.7335530268340777,73.03326579413158,qwen-base,gamma,0.06498797495886476,0.6870870789672234,0.38415441514651927,cluster,0.38415441514651927
-2.6651524538152964,73.02815529616379,qwen-base,gamma,0.06958874365505947,0.5780246623537801,0.3231769784414376,cluster,0.3231769784414376
-2.600897370070381,73.02343459115936,qwen-base,gamma,0.07420695722453607,0.4772807624154215,0.26685047319180855,cluster,0.26685047319180855
-2.5407877755993304,73.01915249789596,qwen-base,gamma,0.07880429523075307,0.38589721380357944,0.21575739526089555,cluster,0.21575739526089555
-2.484823670402146,73.01534563943112,qwen-base,gamma,0.08334024856906158,0.30465558402550136,0.17033472362535976,cluster,0.17033472362535976
-2.4330050544788264,73.01203649681995,qwen-base,gamma,0.08777267420825874,0.23403563810877476,0.13085069772561922,cluster,0.13085069772561922
-2.3853319278293728,73.00923208572712,qwen-base,gamma,0.09205841775662059,0.17418709636418198,0.09738902706543956,cluster,0.09738902706543956
-2.341804290453785,73.00692341625046,qwen-base,gamma,0.09615399189372027,0.12491810655666997,0.06984244593512044,cluster,0.06984244593512044
-2.302422142352062,73.00508585764149,qwen-base,gamma,0.10001629639191606,0.08570302735576923,0.04791706518426936,cluster,0.04791706518426936
-2.267185483524205,73.00368047344722,qwen-base,gamma,0.10360336349413078,0.0557109214076704,0.03114830286549205,cluster,0.03114830286549205
-2.2360943139702134,73.00265632172048,qwen-base,gamma,0.10687511091012311,0.03385464380010131,0.018928329882975516,cluster,0.018928329882975516
-2.2091486336900874,73.00195363456234,qwen-base,gamma,0.10979408371998202,0.01885869622848556,0.010544007654705638,cluster,0.010544007654705638
-2.186348442683827,73.00150770872679,qwen-base,gamma,0.11232616609030262,0.009342255842066069,0.005223310027242189,cluster,0.005223310027242189
-2.167693740951432,73.00125326319011,qwen-base,gamma,0.11444124395225692,0.003912169517395674,0.0021873169193753223,cluster,0.0021873169193753223
-2.1531845284929028,73.00112895978204,qwen-base,gamma,0.1161138006734537,0.0012594280109881203,0.0007041535866276496,cluster,0.0007041535866276496
-2.1428208053082387,73.00108174768522,qwen-base,gamma,0.11732342926264219,0.0002518813091420134,0.00014082831705296216,cluster,0.00014082831705296216
-2.1366025713974404,73.00107068813281,qwen-base,gamma,0.11805524673706955,1.586096049919554e-05,8.867956028789137e-06,cluster,8.867956028789137e-06
-2.1345298267605077,73.00106994491247,qwen-base,gamma,0.11830019889053839,0.0,0.0,cluster,0.0
-2.1277136825085514,73.00107806799413,qwen-base,gamma,0.11910930446880699,0.0001733535403707916,9.692298102129902e-05,cluster,9.692298102129902e-05
-2.1072652497526834,73.00120316597746,qwen-base,gamma,0.1215699757664515,0.0028430519653157823,0.0015895670263639861,cluster,0.0015895670263639861
-2.0731845284929027,73.00177297557428,qwen-base,gamma,0.1257845786481403,0.015003278235044337,0.008388420845182133,cluster,0.008388420845182133
-2.02547151872921,73.00342669536053,qwen-base,gamma,0.13193162028941058,0.05029507903925639,0.028120273637099187,cluster,0.028120273637099187
-1.9641262204616048,73.00728490885096,qwen-base,gamma,0.14027840548116954,0.13263266917803132,0.07415570313735877,cluster,0.07415570313735877
-1.8891486336900873,73.01526148769503,qwen-base,gamma,0.15120048105061373,0.30285971368996895,0.16933064198921194,cluster,0.16933064198921194
-1.8005387584146577,73.03062946511852,qwen-base,gamma,0.16520985604019559,0.6308255531894454,0.3526982661487819,cluster,0.3526982661487819
-1.6982965946353161,73.05906392444663,qwen-base,gamma,0.18299497333452597,1.237641340802502,0.6919725315629456,cluster,0.6919725315629456
-1.582422142352062,73.11061948850622,qwen-base,gamma,0.20547680091315484,2.3378813646992547,1.307123181079107,cluster,1.307123181079107
-1.452915401564896,73.20362028407192,qwen-base,gamma,0.23388741741361102,4.322598230901453,2.4167900199801906,cluster,2.4167900199801906
-1.3097763722738174,73.37265401284981,qwen-base,gamma,0.2698804023776417,7.929923205078947,4.4336665675374105,cluster,4.4336665675374105
-1.1530050544788262,73.68583960686126,qwen-base,gamma,0.31568668687687373,14.613572811570492,8.170534257562046,cluster,8.170534257562046
-0.9826014481799235,74.28414794603114,qwen-base,gamma,0.3743360153409084,27.381986723696517,15.309429353849314,cluster,15.309429353849314
-0.7985655533771081,75.47495165611917,qwen-base,gamma,0.4499739650314605,52.7947608120455,29.517860375190104,cluster,29.517860375190104
-0.6008973700703808,77.952892994546,qwen-base,gamma,0.5483193698630442,105.67615755623842,59.084159408104334,cluster,59.084159408104334
-0.3895968982597411,83.21241339746959,qwen-base,gamma,0.6773298523177499,217.91884094750716,121.83970191875848,cluster,121.83970191875848
-0.16466413794518941,93.45218859981871,qwen-base,gamma,0.8481785272375985,436.44443985879934,244.0186457732898,cluster,244.0186457732898
0.0739009108732751,108.09036269173714,qwen-base,gamma,1.0767001109364345,748.8356493523819,418.67840296200814,cluster,418.67840296200814
0.32609824819565114,121.33745750296289,qwen-base,gamma,1.3855514901197277,1031.5400320417275,576.7400811915359,cluster,576.7400811915359
0.5919278740219398,131.7867223821329,qwen-base,gamma,1.8074696323954706,1254.5363206105928,701.4186138511544,cluster,701.4186138511544
0.8713897883521406,139.7631021632169,qwen-base,gamma,2.3902304606674516,1424.7591169475115,796.5911775234418,cluster,796.5911775234418
1.1644839911862537,145.10882126089052,qwen-base,gamma,3.2042690254781694,1538.8413545304877,860.3752255704072,cluster,860.3752255704072
1.4712104825242793,148.41643198700712,qwen-base,gamma,4.354503001878472,1609.4286087042144,899.840973324922,cluster,899.840973324922
1.791569262366218,150.4236631200335,qwen-base,gamma,5.998858867358048,1652.2646453192913,923.7908526004783,cluster,923.7908526004783
2.1255603307120676,151.6470615530044,qwen-base,gamma,8.377590394405829,1678.3730187932294,938.3881973175168,cluster,938.3881973175168
2.4731836875618294,152.4037755997115,qwen-base,gamma,11.860145807644361,1694.521946576656,947.4171575436509,cluster,947.4171575436509
2.8344393329155038,152.9330123686686,qwen-base,gamma,17.02085459174434,1705.8163138471111,953.7319045183041,cluster,953.7319045183041
3.2093272667730908,153.35116611961342,qwen-base,gamma,24.76242211583027,1714.7400740915016,958.7212312026953,cluster,958.7212312026953
3.5978474891345886,153.7297193162696,qwen-base,gamma,36.519541070937215,1722.8187244900082,963.2380520162615,cluster,963.2380520162615
4.0,154.12132665241094,qwen-base,gamma,54.598150033144236,1731.175961438795,967.9106322038087,cluster,967.9106322038087
-12.0,61.78284864405599,qwen-inst,alpha,6.144174602214718e-06,1.9412762068823561,,quasi,1.9412762068823561
-11.335326819172057,61.78278197971989,qwen-inst,alpha,1.194331604842946e-05,1.941143278438691,,quasi,1.941143278438691
-10.693184932609473,61.7826583443456,qwen-inst,alpha,2.2698592689414693e-05,1.9408967499521068,,quasi,1.9408967499521068
-10.073574340312238,61.78243443275244,qwen-inst,alpha,4.217780095708879e-05,1.940450271049886,,quasi,1.940450271049886
-9.476495042280359,61.782038477767244,qwen-inst,alpha,7.662618710702755e-05,1.9396607382498048,,quasi,1.9396607382498048
-8.901947038513834,61.781354895846235,qwen-inst,alpha,0.00013610510322324115,1.9382976783860304,,quasi,1.9382976783860304
-8.349930329012663,61.78020293837427,qwen-inst,alpha,0.00023635711109013598,1.936000679377504,,quasi,1.936000679377504
-7.820444913776844,61.77830846129677,qwen-inst,alpha,0.0004012819436862879,1.9322230989766418,,quasi,1.9322230989766418
-7.31349079280638,61.77526877533319,qwen-inst,alpha,0.0006660425122702239,1.9261619762229663,,quasi,1.9261619762229663
-6.82906796610127,61.770512150628875,qwen-inst,alpha,0.0010806968144961196,1.916677283866106,,quasi,1.916677283866106
-6.367176433661515,61.76325612890906,qwen-inst,alpha,0.0017140574149103185,1.9022088029525919,,quasi,1.9022088029525919
-5.927816195487114,61.75247242005366,qwen-inst,alpha,0.00265721433746109,1.8807061267236418,,quasi,1.8807061267236418
-5.510987251578066,61.73687062347471,qwen-inst,alpha,0.004025841913180991,1.849596201101078,,quasi,1.849596201101078
-5.116689601934372,61.71491763448582,qwen-inst,alpha,0.005960102875207844,1.8058220209173221,,quasi,1.8058220209173221
-4.7449232465560325,61.6849130150523,qwen-inst,alpha,0.008620765562744338,1.745992918917005,,quasi,1.745992918917005
-4.3956881854430465,61.645140686779904,qwen-inst,alpha,0.012180205107492214,1.666687041024711,,quasi,1.666687041024711
-4.068984418595415,61.594111215905514,qwen-inst,alpha,0.016807422268411448,1.5649344617350234,,quasi,1.5649344617350234
-3.7648119460131366,61.53089364207764,qwen-inst,alpha,0.022647189426294085,1.438878849493699,,quasi,1.438878849493699
-3.4831707676962127,61.4555089392922,qwen-inst,alpha,0.029794885165532765,1.2885620263722812,,quasi,1.2885620263722812
-3.2240608836446416,61.36931904187093,qwen-inst,alpha,0.038270241551266446,1.1166996844539117,,quasi,1.1166996844539117
-2.9874822938584256,61.27530177813175,qwen-inst,alpha,0.04799459582412752,0.9292296025718408,,quasi,0.9292296025718408
-2.7734349983375632,61.17806854302398,qwen-inst,alpha,0.05877669424486954,0.7353468854798031,,quasi,0.7353468854798031
-2.581918997082055,61.083485695388795,qwen-inst,alpha,0.0703111873233675,0.5467490313665659,,quasi,0.5467490313665659
-2.4129342900919006,60.99783568049928,qwen-inst,alpha,0.08219169482994265,0.37596321325254184,,quasi,0.37596321325254184
-2.2664808773671,60.926614455013336,qwen-inst,alpha,0.093937307927737,0.2339483487205235,,quasi,0.2339483487205235
-2.1425587589076533,60.873267615981,qwen-inst,alpha,0.10502862909492916,0.1275749457539598,,quasi,0.1275749457539598
-2.0411679347135605,60.83831064694109,qwen-inst,alpha,0.114947858938619,0.05787087665404297,,quasi,0.05787087665404297
-1.9623084047848216,60.81923803774664,qwen-inst,alpha,0.12321744228792371,0.019840163302221568,,quasi,0.019840163302221568
-1.9059801691214369,60.81137020098036,qwen-inst,alpha,0.1294331331481962,0.004151725411695833,,quasi,0.004151725411695833
-1.8721832277234058,60.809422818829276,qwen-inst,alpha,0.13328930694576316,0.0002686524865704763,,quasi,0.0002686524865704763
-1.860917580590729,60.80928808814889,qwen-inst,alpha,0.13459613630979528,0.0,,quasi,0.0
-1.8455165610567392,60.80954690345024,qwen-inst,alpha,0.13640016399133997,0.0005160767693805398,,quasi,0.0005160767693805398
-1.7993135024547702,60.81363142468109,qwen-inst,alpha,0.14193465234200214,0.008660597245119448,,quasi,0.008660597245119448
-1.7223084047848216,60.83310135731416,qwen-inst,alpha,0.15157406543338675,0.047483572088188,,quasi,0.047483572088188
-1.6145012680468938,60.89346158647184,qwen-inst,alpha,0.1659646092535907,0.1678416494515231,,quasi,0.1678416494515231
-1.4758920922409864,61.04656412103135,qwen-inst,alpha,0.1860486964507863,0.4731275464102863,,quasi,0.4731275464102863
-1.3064808773670997,61.395060487986534,qwen-inst,alpha,0.2130763164954661,1.1680280343667784,,quasi,1.1680280343667784
-1.1062676234252335,62.1382348975536,qwen-inst,alpha,0.24856737353830707,2.6499151035405846,,quasi,2.6499151035405846
-0.8752523304153882,63.65510626361744,qwen-inst,alpha,0.29416257783667227,5.674551089431799,,quasi,5.674551089431799
-0.6134349983375633,66.65684487980594,qwen-inst,alpha,0.35127602711952643,11.660006970455358,,quasi,11.660006970455358
-0.32081562719175905,72.49343431653092,qwen-inst,alpha,0.4204769861251576,23.29814507507295,,quasi,23.29814507507295
0.0026057830220242995,83.8754446287499,qwen-inst,alpha,0.5006514453868909,45.99383223241992,,quasi,45.99383223241992
0.35682923230378805,106.73369464380501,qwen-inst,alpha,0.5882726644930941,91.57309960921891,,quasi,91.57309960921891
0.7418547206535306,151.4836405347047,qwen-inst,alpha,0.6774012993649607,180.80432892533977,,quasi,180.80432892533977
1.1576822480712523,213.00989051026184,qwen-inst,alpha,0.760911312180178,303.4874475578109,,quasi,303.4874475578109
1.6043118145569535,259.3365366724305,qwen-inst,alpha,0.8326201582547558,395.8626114791578,,quasi,395.8626114791578
2.081743420110634,285.73191353484253,qwen-inst,alpha,0.8891160314740986,448.4948969223071,,quasi,448.4948969223071
2.5899770647322935,303.5142395247234,qwen-inst,alpha,0.9302137282688775,483.95279025798936,,quasi,483.95279025798936
3.1290127484219337,314.7317766104429,qwen-inst,alpha,0.9580737545200136,506.3205184000134,,quasi,506.3205184000134
3.6988504711795525,321.5065473309719,qwen-inst,alpha,0.9758458982209366,519.8293865716416,,quasi,519.8293865716416
4.299490233005151,325.4599003513273,qwen-inst,alpha,0.9866063476481718,527.7123581128128,,quasi,527.7123581128128
4.930932033898728,327.69538302823923,qwen-inst,alpha,0.9928319803874909,532.1699024383872,,quasi,532.1699024383872
5.593175873860284,328.9208106438033,qwen-inst,alpha,0.9962906259811338,534.6134006459894,,quasi,534.6134006459894
6.286221752889822,329.5718027767498,qwen-inst,alpha,0.9981416788434734,535.9114765909203,,quasi,535.9114765909203
7.010069670987339,329.906826086613,qwen-inst,alpha,0.9990980685237323,536.5795118520474,,quasi,536.5795118520474
7.764719628152835,330.07381269010784,qwen-inst,alpha,0.9995757314738097,536.912482531956,,quasi,536.912482531956
8.550171624386309,330.15441531465876,qwen-inst,alpha,0.9998065255542554,537.0732038720962,,quasi,537.0732038720962
9.366425659687764,330.1920918451789,qwen-inst,alpha,0.999914458695461,537.1483307368945,,quasi,537.1483307368945
10.213481734057197,330.2091472755585,qwen-inst,alpha,0.9999633287836384,537.1823392030276,,quasi,537.1823392030276
11.09133984749461,330.21662469014314,qwen-inst,alpha,0.9999847564651817,537.1972491405082,,quasi,537.1972491405082
12.0,330.21979987005204,qwen-inst,alpha,0.9999938558253978,537.203580437696,,quasi,537.203580437696
-9.0,379.4173109911043,qwen-inst,lambda,0.00012340980408667956,635.414770598395,,quasi,635.414770598395
-8.21286269671658,379.3847998011007,qwen-inst,lambda,0.0002711434078706575,635.3499434037963,,quasi,635.3499434037963
-7.4524080138834465,379.3168057047926,qwen-inst,lambda,0.0005800431771204544,635.2143634231053,,quasi,635.2143634231053
-6.718635951500597,379.1784756092011,qwen-inst,lambda,0.001208185113568377,634.9385337157099,,quasi,634.9385337157099
-6.011546509568034,378.90467857754345,qwen-inst,lambda,0.0024502958427611815,634.3925834305971,,quasi,634.3925834305971
-5.331139688085757,378.37727417144185,qwen-inst,lambda,0.004838552428129105,633.3409409634103,,quasi,633.3409409634103
-4.677415487053763,377.38796888964316,qwen-inst,lambda,0.00930302663584771,631.3682698303759,,quasi,631.3682698303759
-4.050373906472054,375.578824735387,qwen-inst,lambda,0.01741586151858216,627.7608429680525,,quasi,627.7608429680525
-3.450014946340632,372.3474203257176,qwen-inst,lambda,0.03174516190051892,621.3174343303011,,quasi,621.3174343303011
-2.8763386066594965,366.69301633926045,qwen-inst,lambda,0.05634067100632028,610.0425733507674,,quasi,610.0425733507674
-2.329344887428646,356.95672666379824,qwen-inst,lambda,0.09735950763947895,590.6284471563484,,quasi,590.6284471563484
-1.8090337886480805,340.36001671078566,qwen-inst,lambda,0.1638123377029167,557.5346678851745,,quasi,557.5346678851745
-1.3154053103178,312.16572494465964,qwen-inst,lambda,0.26836552987498924,501.31535266807117,,quasi,501.31535266807117
-0.8484594524378051,264.3566847542354,qwen-inst,lambda,0.4280738924298422,405.9843004470019,,quasi,405.9843004470019
-0.40819621500809644,187.29240433193058,qwen-inst,lambda,0.6648484127864255,252.31840562760885,,quasi,252.31840562760885
0.0053844019713276126,111.3236690694821,qwen-inst,lambda,1.0053989239159187,100.8370238716201,,quasi,100.8370238716201
0.39228239850046576,80.82675245950898,qwen-inst,lambda,1.4803557026100385,40.02628309232183,,quasi,40.02628309232183
0.7524977745793189,69.6684753760262,qwen-inst,lambda,2.122294414792589,17.776719179183193,,quasi,17.776719179183193
1.0860305302078865,64.25388575750466,qwen-inst,lambda,2.962491182862533,6.980047176921953,,quasi,6.980047176921953
1.3928806653861694,61.717729641107475,qwen-inst,lambda,4.026432166660236,1.9229611067968742,,quasi,1.9229611067968742
1.673048180114166,60.875682821015786,qwen-inst,lambda,5.328384945261122,0.24392281071277577,,quasi,0.24392281071277577
1.9265330743918774,60.75335420731618,qwen-inst,lambda,6.865666178776252,0.0,,quasi,0.0
2.1533353482193034,60.79215804574763,qwen-inst,lambda,8.613539693812855,0.07737471267258916,,quasi,0.07737471267258916
2.3534550015964437,60.80572761707877,qwen-inst,lambda,10.521860040315383,0.10443238854381767,,quasi,0.10443238854381767
2.526892034523299,60.80928808814889,qwen-inst,lambda,12.514550840199414,0.11153195490542943,,quasi,0.11153195490542943
2.673646446999869,60.80928808814889,qwen-inst,lambda,14.492719893010138,0.11153195490542943,,quasi,0.11153195490542943
2.7937182390261532,60.80928808814889,qwen-inst,lambda,16.341669209623895,0.11153195490542943,,quasi,0.11153195490542943
2.887107410602152,60.80928808814889,qwen-inst,lambda,17.94133754810789,0.11153195490542943,,quasi,0.11153195490542943
2.9538139617278656,60.80928808814889,qwen-inst,lambda,19.17896224186358,0.11153195490542943,,quasi,0.11153195490542943
2.993837892403294,60.80928808814889,qwen-inst,lambda,19.962148241135136,0.11153195490542943,,quasi,0.11153195490542943
3.0071792026284365,60.80928808814889,qwen-inst,lambda,20.23025391740238,0.11153195490542943,,quasi,0.11153195490542943
3.013837892403294,60.80928808814889,qwen-inst,lambda,20.365410385418816,0.11153195490542943,,quasi,0.11153195490542943
3.0338139617278657,60.80928808814889,qwen-inst,lambda,20.776321768037146,0.11153195490542943,,quasi,0.11153195490542943
3.0671074106021523,60.80928808814889,qwen-inst,lambda,21.479680830224055,0.11153195490542943,,quasi,0.11153195490542943
3.113718239026153,60.80928808814889,qwen-inst,lambda,22.5045663841671,0.11153195490542943,,quasi,0.11153195490542943
3.173646446999869,60.80928808814889,qwen-inst,lambda,23.8944555579047,0.11153195490542943,,quasi,0.11153195490542943
3.246892034523299,60.80928808814889,qwen-inst,lambda,25.71030886239705,0.11153195490542943,,quasi,0.11153195490542943
3.3334550015964437,60.80928808814889,qwen-inst,lambda,28.035035661126027,0.11153195490542943,,quasi,0.11153195490542943
3.433335348219303,60.80928808814889,qwen-inst,lambda,30.979799040535177,0.11153195490542943,,quasi,0.11153195490542943
3.5465330743918773,60.80928808814889,qwen-inst,lambda,34.692831284734325,0.11153195490542943,,quasi,0.11153195490542943
3.673048180114166,60.80928808814889,qwen-inst,lambda,39.37173527723195,0.11153195490542943,,quasi,0.11153195490542943
3.8128806653861687,60.80928808814889,qwen-inst,lambda,45.280689687175865,0.11153195490542943,,quasi,0.11153195490542943
3.966030530207887,60.80928808814889,qwen-inst,lambda,52.77462722370566,0.11153195490542943,,quasi,0.11153195490542943
4.132497774579319,60.80928808814889,qwen-inst,lambda,62.333423491885675,0.11153195490542943,,quasi,0.11153195490542943
4.312282398500466,60.80928808814889,qwen-inst,lambda,74.61058584129161,0.11153195490542943,,quasi,0.11153195490542943
4.505384401971328,60.80928808814889,qwen-inst,lambda,90.50312694354258,0.11153195490542943,,quasi,0.11153195490542943
4.711803784991903,60.80928808814889,qwen-inst,lambda,111.25265489562086,0.11153195490542943,,quasi,0.11153195490542943
4.931540547562194,60.80928808814889,qwen-inst,lambda,138.5928568518434,0.11153195490542943,,quasi,0.11153195490542943
5.1645946896821995,60.80928808814889,qwen-inst,lambda,174.96652845916117,0.11153195490542943,,quasi,0.11153195490542943
5.410966211351919,60.80928808814889,qwen-inst,lambda,223.84776748008073,0.11153195490542943,,quasi,0.11153195490542943
5.670655112571353,60.80928808814889,qwen-inst,lambda,290.22460191235473,0.11153195490542943,,quasi,0.11153195490542943
5.943661393340502,60.80928808814889,qwen-inst,lambda,381.32857053600543,0.11153195490542943,,quasi,0.11153195490542943
6.229985053659366,60.80928808814889,qwen-inst,lambda,507.7478944660928,0.11153195490542943,,quasi,0.11153195490542943
6.529626093527944,60.80928808814889,qwen-inst,lambda,685.141984570034,0.11153195490542943,,quasi,0.11153195490542943
6.842584512946238,60.80928808814889,qwen-inst,lambda,936.9074577434652,0.11153195490542943,,quasi,0.11153195490542943
7.168860311914245,60.80928808814889,qwen-inst,lambda,1298.3640292531547,0.11153195490542943,,quasi,0.11153195490542943
7.508453490431966,60.80928808814889,qwen-inst,lambda,1823.391468844032,0.11153195490542943,,quasi,0.11153195490542943
7.861364048499404,60.80928808814889,qwen-inst,lambda,2595.057746916497,0.11153195490542943,,quasi,0.11153195490542943
8.227591986116554,60.80928808814889,qwen-inst,lambda,3742.8101531627103,0.11153195490542943,,quasi,0.11153195490542943
8.60713730328342,60.80928808814889,qwen-inst,lambda,5470.565670281512,0.11153195490542943,,quasi,0.11153195490542943
9.0,60.80928808814889,qwen-inst,lambda,8103.083927575384,0.11153195490542943,,quasi,0.11153195490542943
-4.0,75.143076803753,qwen-inst,gamma,0.01831563888873418,28.581522555784733,,quasi,28.581522555784733
-3.731296604921336,75.00904209370611,qwen-inst,gamma,0.023961746767162315,28.31425783153965,,quasi,28.31425783153965
-3.4717017995063557,74.84084925133281,qwen-inst,gamma,0.031064120747444517,27.978881915695375,,quasi,27.978881915695375
-3.2212155837550585,74.63212224553753,qwen-inst,gamma,0.039906519048615634,27.562681025441925,,quasi,27.562681025441925
-2.9798379576674447,74.37603322932313,qwen-inst,gamma,0.05080106512106303,27.05204045870519,,quasi,27.05204045870519
-2.7475689212435146,74.06552711794131,qwen-inst,gamma,0.06408346393664414,26.43289240216191,,quasi,26.43289240216191
-2.5244084744832684,73.69365080209036,qwen-inst,gamma,0.08010568333062183,25.691372381158292,,quasi,25.691372381158292
-2.3103566173867045,73.2540033750351,qwen-inst,gamma,0.0992258595825857,24.814717010949487,,quasi,24.814717010949487
-2.1054133499538246,72.74131749959146,qwen-inst,gamma,0.12179531977297879,23.792423240351866,,quasi,23.792423240351866
-1.909578672184629,72.1521692223144,qwen-inst,gamma,0.14814279012649456,22.61766371865158,,quasi,22.61766371865158
-1.7228525840791167,71.48579155299345,qwen-inst,gamma,0.17855607452834038,21.2889090701591,,quasi,21.2889090701591
-1.5452350856372876,70.74493417419308,qwen-inst,gamma,0.21326173055963357,19.811642151905247,,quasi,19.811642151905247
-1.3767261768591423,69.93666861322893,qwen-inst,gamma,0.25240352642011293,18.199963563632775,,quasi,18.199963563632775
-1.2173258577446804,69.07299116494961,qwen-inst,gamma,0.2960207109308968,16.47779387362995,,quasi,16.47779387362995
-1.0670341282939022,68.17103823244094,qwen-inst,gamma,0.34402734678723274,14.679303007311464,,quasi,14.679303007311464
-0.9258509885068074,67.2527212946665,qwen-inst,gamma,0.3961941189343991,12.848182374021667,,quasi,12.848182374021667
-0.7937764383833962,66.34363469823438,qwen-inst,gamma,0.4521341105581493,11.035467007790523,,quasi,11.035467007790523
-0.6708104779236684,65.47120389468557,qwen-inst,gamma,0.5112940172996489,9.295843159223088,,quasi,9.295843159223088
-0.5569531071276244,64.66221671697707,qwen-inst,gamma,0.5729521307947308,7.682725669787449,,quasi,7.682725669787449
-0.4522043259952634,63.94007458621628,qwen-inst,gamma,0.6362241593087241,6.242776888042608,,quasi,6.242776888042608
-0.3565641345265864,63.304603784720626,qwen-inst,gamma,0.7000775708862149,4.97565042156148,,quasi,4.97565042156148
-0.2700325327215928,62.68661556952466,qwen-inst,gamma,0.7633546599282619,3.743384168564169,,quasi,3.743384168564169
-0.19260952058028277,62.118937358506315,qwen-inst,gamma,0.8248039802462248,2.6114358808804425,,quasi,2.6114358808804425
-0.12429509810265627,61.64520584687263,qwen-inst,gamma,0.8831191956276332,1.666816970012565,,quasi,1.666816970012565
-0.06508926528871331,61.28951403916015,qwen-inst,gamma,0.9369838195130435,0.9575687993614408,,quasi,0.9575687993614408
-0.014992022138453825,61.05131956586513,qwen-inst,gamma,0.9851197987210737,0.4826098861095875,,quasi,0.4826098861095875
0.02599663134812208,60.91148061319677,qwen-inst,gamma,1.026337491093902,0.20377152319184044,,quasi,0.20377152319184044
0.057876695171014444,60.84228458552903,qwen-inst,gamma,1.0595843357896333,0.06579489574209219,,quasi,0.06579489574209219
0.08064816933022328,60.81588987591276,qwen-inst,gamma,1.0839894487343928,0.013163940785323716,,quasi,0.013163940785323716
0.0943110538257486,60.80970361637899,qwen-inst,gamma,1.0989015102797552,0.0008285617792201512,,quasi,0.0008285617792201512
0.09886534865759036,60.80928808814889,qwen-inst,gamma,1.103917645557992,0.0,,quasi,0.0
0.10319994271463749,60.80966612722716,qwen-inst,gamma,1.1087130660160969,0.0007538085468500948,,quasi,0.0007538085468500948
0.11620372488577885,60.8153731301942,qwen-inst,gamma,1.1232246776449322,0.01213355170232801,,quasi,0.01213355170232801
0.13787669517101447,60.84037645587065,qwen-inst,gamma,1.1478340080718703,0.06199009214462896,,quasi,0.06199009214462896
0.16821885357034433,60.908637991931805,qwen-inst,gamma,1.1831955288800984,0.19810334673031768,,quasi,0.19810334673031768
0.2072302000837684,61.054660404099664,qwen-inst,gamma,1.2302657464639777,0.4892715053960265,,quasi,0.4892715053960265
0.2549107347112868,61.320392261004116,qwen-inst,gamma,1.2903464325849638,1.0191398613902116,,quasi,1.0191398613902116
0.3112604574528993,61.753815828779686,qwen-inst,gamma,1.3651447370068188,1.8833848788363228,,quasi,1.8833848788363228
0.3762793683086062,62.41522481511265,qwen-inst,gamma,1.4568540757841262,3.202231991525721,,quasi,3.202231991525721
0.4499674672784072,63.34460753061204,qwen-inst,gamma,1.5682611648563922,5.055417745344239,,quasi,5.055417745344239
0.5323247543623025,64.62806562349398,qwen-inst,gamma,1.7028865033991865,7.614628513616238,,quasi,7.614628513616238
0.623351229560292,66.24122596318426,qwen-inst,gamma,1.8651681866894436,10.831264362640747,,quasi,10.831264362640747
0.723046892872376,68.21106425170296,qwen-inst,gamma,2.060702394465897,14.75911474411421,,quasi,14.75911474411421
0.831411744298554,70.7773778507298,qwen-inst,gamma,2.296558606313636,19.87633472489662,,quasi,19.87633472489662
0.9484457838388263,74.11224408509233,qwen-inst,gamma,2.581694028962373,26.526045864715112,,quasi,26.526045864715112
1.0741490114931929,78.4058008684842,qwen-inst,gamma,2.9275005708726773,35.087382471795515,,quasi,35.087382471795515
1.2085214272616536,83.86100669414438,qwen-inst,gamma,3.348529945413406,45.96504304333849,,quasi,45.96504304333849
1.3515630311442084,90.53101403945064,qwen-inst,gamma,3.863459521367136,59.265013425878486,,quasi,59.265013425878486
1.5032738231408578,98.14255618670036,qwen-inst,gamma,4.496385371145358,74.4424007783999,,quasi,74.4424007783999
1.6636538032516013,107.64374810847164,qwen-inst,gamma,5.278562480939642,93.38774290719243,,quasi,93.38774290719243
1.832702971476439,280.2501617077342,qwen-inst,gamma,6.250759469440574,437.5643037204449,,quasi,437.5643037204449
2.010421327815371,333.0552509536819,qwen-inst,gamma,7.466462513038934,542.8574595837146,,quasi,542.8574595837146
2.196808872268397,385.02624209172143,qwen-inst,gamma,8.996259431930017,646.4874268540784,,quasi,646.4874268540784
2.391865604835518,424.2740597793161,qwen-inst,gamma,10.933873214036957,724.7474325483256,,quasi,724.7474325483256
2.595591525516733,449.81769818757084,qwen-inst,gamma,13.40451412888074,775.68135461232,,quasi,775.68135461232
2.8079866343120417,467.8651392504805,qwen-inst,gamma,16.576510022109048,811.6678864391922,,quasi,811.6678864391922
3.029050931221445,478.5300198417103,qwen-inst,gamma,20.677598810513423,832.9336195416449,,quasi,832.9336195416449
3.2587844162449424,484.27117302781556,qwen-inst,gamma,26.017890986514512,844.3814581097025,,quasi,844.3814581097025
3.497187089382534,488.4737176878715,qwen-inst,gamma,33.02243204196596,852.7613168739329,,quasi,852.7613168739329
3.7442589506342197,490.12772431525923,qwen-inst,gamma,42.277665770086124,856.0594000720364,,quasi,856.0594000720364
4.0,492.667111361092,qwen-inst,gamma,54.598150033144236,861.1229286037027,,quasi,861.1229286037027
-12.0,482.3638713333796,qwen-inst-chat,alpha,6.144174602214718e-06,35.642956089393394,35.15656391470374,quasi,35.642956089393394
-11.25904773964672,482.36355667426506,qwen-inst-chat,alpha,1.2889975654779594e-05,35.64182569428087,35.15544894522919,quasi,35.64182569428087
-10.543212505068126,482.36292784863826,qwen-inst-chat,alpha,2.6371178264423678e-05,35.63956667370192,35.153220751777184,quasi,35.63956667370192
-9.852494296264222,482.3617038364585,qwen-inst-chat,alpha,5.261302156069856e-05,35.63516947901843,35.14888356224813,quasi,35.63516947901843
-9.186893113235003,482.35938347501326,qwen-inst-chat,alpha,0.0001023619516396175,35.62683371146686,35.1406615465441,quasi,35.62683371146686
-8.546408955980473,482.35510020479194,qwen-inst-chat,alpha,0.00019420365557966656,35.611446304906245,35.125484120158,quasi,35.611446304906245
-7.93104182450063,482.347402498429,qwen-inst-chat,alpha,0.0003592826434063183,35.583792729187145,35.09820791164712,quasi,35.583792729187145
-7.340791718795472,482.333937664956,qwen-inst-chat,alpha,0.0006481165313529237,35.53542107477026,35.05049634822062,quasi,35.53542107477026
-6.7756586388650035,482.3110215286807,qwen-inst-chat,alpha,0.001139917706147263,35.453096148383196,34.96929484717112,quasi,35.453096148383196
-6.235642584709223,482.27309244923174,qwen-inst-chat,alpha,0.001954542672552965,35.31683807084093,34.834896179451334,quasi,35.31683807084093
-5.72074355632813,482.2120818313201,qwen-inst-chat,alpha,0.0032665677242352115,35.09766086888737,34.61870992122402,quasi,35.09766086888737
-5.230961553721724,482.11679125423416,qwen-inst-chat,alpha,0.0053199270825771295,34.755334848054474,34.28105536190818,quasi,34.755334848054474
-4.7662965768900065,481.9724515148358,qwen-inst-chat,alpha,0.008440004812068996,34.23680247951068,33.76959900820868,quasi,34.23680247951068
-4.326748625832975,481.7607430969263,qwen-inst-chat,alpha,0.013038189699648485,33.47625193510154,33.019427115680394,quasi,33.47625193510154
-3.9123177005506324,481.4606509094401,qwen-inst-chat,alpha,0.01960217890414265,32.39818768607806,31.956074385343044,quasi,32.39818768607806
-3.5230038010429765,481.050547063056,qwen-inst-chat,alpha,0.02866474235400569,30.92491276053851,30.502904116475396,quasi,30.92491276053851
-3.158806927310008,480.51175477253946,qwen-inst-chat,alpha,0.04074565981345616,28.989331861478746,28.593736610300894,quasi,28.989331861478746
-2.8197270793517273,479.833463225183,qwen-inst-chat,alpha,0.05626742428705082,26.552607754312646,26.19026461428491,quasi,26.552607754312646
-2.5057642571681344,479.0182398791675,qwen-inst-chat,alpha,0.07545507083334671,23.62396388767077,23.301585711705354,quasi,23.62396388767077
-2.216918460759228,478.0866890628307,qwen-inst-chat,alpha,0.09824146031907803,20.27742014838238,20.000709696580024,quasi,20.27742014838238
-1.9531896901250092,477.0793668897452,qwen-inst-chat,alpha,0.1242059712637098,16.658672085832166,16.431343922507324,quasi,16.658672085832166
-1.7145779452654786,476.0542487416156,qwen-inst-chat,alpha,0.15257087758487858,12.975992987181904,12.798919530312505,quasi,12.975992987181904
-1.501083226180635,475.07904390965257,qwen-inst-chat,alpha,0.18226402003861852,9.472624660198619,9.343358992756858,quasi,9.472624660198619
-1.3127055328704789,474.21931977459826,qwen-inst-chat,alpha,0.21203446274576507,6.384114220161594,6.296995093700151,quasi,6.384114220161594
-1.1494448653350104,473.525230270499,qwen-inst-chat,alpha,0.24059049527180618,3.890636844892446,3.8375442980461965,quasi,3.890636844892446
-1.0113012235742291,473.02084033807716,qwen-inst-chat,alpha,0.26672527643836685,2.078644475926389,2.050278803771791,quasi,2.078644475926389
-0.8982746075881356,472.69979028615654,qwen-inst-chat,alpha,0.28940519505747975,0.9252902815967917,0.9126635524569213,quasi,0.9252902815967917
-0.8103650173767294,472.5291144987085,qwen-inst-chat,alpha,0.30781271816271744,0.31214714660559767,0.3078875131150453,quasi,0.31214714660559767
-0.7475724529400107,472.4601839012537,qwen-inst-chat,alpha,0.32135048109097775,0.06451786507593182,0.0636374390915687,quasi,0.06451786507593182
-0.7098969142779795,472.443377728967,qwen-inst-chat,alpha,0.32962161876747875,0.00414263952613215,0.0040861080913370896,quasi,0.00414263952613215
-0.6973384013906357,472.44222457528576,qwen-inst-chat,alpha,0.332402602438759,0.0,0.0,quasi,0.0
-0.6832302476113128,472.44370774578,qwen-inst-chat,alpha,0.3355407265486448,0.005328206303618976,0.005255496345311573,quasi,0.005328206303618976
-0.640905786273344,472.4666760707544,qwen-inst-chat,alpha,0.3450418138799988,0.08784061764713957,0.08664192388738746,quasi,0.08784061764713957
-0.5703650173767294,472.5722557715097,qwen-inst-chat,alpha,0.36115260326326243,0.46712973463596286,0.4607551722421495,quasi,0.46712973463596286
-0.47160794092146885,472.88181014612803,qwen-inst-chat,alpha,0.3842357362348021,1.5791863569704498,1.5576364079572236,quasi,1.5791863569704498
-0.3446345569075625,473.608594097221,qwen-inst-chat,alpha,0.4146841288908215,4.1901166880820195,4.132937368751485,quasi,4.1901166880820195
-0.18944486533501015,475.10281668793493,qwen-inst-chat,alpha,0.45277992411065493,9.558027024654898,9.427595936430771,quasi,9.558027024654898
-0.00603886620381211,477.8966155501653,qwen-inst-chat,alpha,0.4984902880370468,19.594591780181894,19.327199365135968,quasi,19.594591780181894
0.20558344048603172,482.7019911809823,qwen-inst-chat,alpha,0.551215603351057,36.857632561444106,36.35466462549314,quasi,36.857632561444106
0.44542205473452146,490.26497709212447,qwen-inst-chat,alpha,0.6095502367688059,64.02723265989896,63.15350196105616,quasi,64.02723265989896
0.7134769765416572,500.9870861936181,qwen-inst-chat,alpha,0.6711689888252547,102.54580454701626,101.146440342941,quasi,102.54580454701626
1.0097482059074383,514.4381908308603,qwen-inst-chat,alpha,0.7329708698384277,150.86813889619538,148.80935673500034,quasi,150.86813889619538
1.3342357428318667,529.2170604624275,qwen-inst-chat,alpha,0.7915404131945109,203.96039406029888,201.1771024789626,quasi,203.96039406029888
1.6869395873149395,543.4839956591989,qwen-inst-chat,alpha,0.8438212617113628,255.2135536564018,251.73084938625425,quasi,255.2135536564018
2.067859739356659,555.7763785106415,qwen-inst-chat,alpha,0.8877398446877289,299.3732453779964,295.28792755255836,quasi,299.3732453779964
2.4769961989570235,565.4372730133106,qwen-inst-chat,alpha,0.9225133510764544,334.0794637043028,329.5205366483439,quasi,334.0794637043028
2.9143489661160342,572.510899770293,qwen-inst-chat,alpha,0.9485512164277815,359.4910686564953,354.58536885351594,quasi,359.4910686564953
3.37991804083369,577.416022735104,qwen-inst-chat,alpha,0.967070995337913,377.11244610628285,371.9662808358116,quasi,377.11244610628285
3.873703423109993,580.6727236034403,qwen-inst-chat,alpha,0.9796418041402059,388.81196019669403,383.5061406010603,quasi,388.81196019669403
4.395705112944942,582.7562813188201,qwen-inst-chat,alpha,0.9878199985599511,396.29702371182236,390.88906117631336,quasi,396.29702371182236
4.945923110338536,584.0451937409446,qwen-inst-chat,alpha,0.9929378820747187,400.9273688536082,395.4562195375912,quasi,400.9273688536082
5.524357415290775,584.8175023010874,qwen-inst-chat,alpha,0.9960274136123072,403.7018437737295,398.1928333194097,quasi,403.7018437737295
6.131008027801661,585.2661393106195,qwen-inst-chat,alpha,0.9978303296930492,405.3135469134106,399.7825427784013,quasi,405.3135469134106
6.765874947871193,585.5189219562292,qwen-inst-chat,alpha,0.998848887856993,406.22165430297053,400.6782579206136,quasi,406.22165430297053
7.428958175499374,585.6571122235705,qwen-inst-chat,alpha,0.9994065465648854,406.71809504017074,401.16792411057463,quasi,406.71809504017074
8.120257710686195,585.7304246381866,qwen-inst-chat,alpha,0.9997026364573731,406.98146575258176,401.42770080420564,quasi,406.98146575258176
8.839773553431664,585.768174840613,qwen-inst-chat,alpha,0.9998551654350798,407.11708122451466,401.5614656354636,quasi,407.11708122451466
9.58750570373578,585.7870444336339,qwen-inst-chat,alpha,0.9999314244349747,407.18486917261106,401.62832853325244,quasi,407.18486917261106
10.363454161598542,585.7962015504007,qwen-inst-chat,alpha,0.9999684357600821,407.21776559784996,401.6607760461236,quasi,407.21776559784996
11.167618927019946,585.8005162752809,qwen-inst-chat,alpha,0.9999858759713459,407.23326600349736,401.67606492958436,quasi,407.23326600349736
12.0,585.8024904504884,qwen-inst-chat,alpha,0.9999938558253978,407.24035811652584,401.6830602619678,quasi,407.24035811652584
-9.0,472.44222457528576,qwen-inst-chat,lambda,0.00012340980408667956,0.0,0.0,quasi,0.0
-8.98,472.4422936700012,qwen-inst-chat,lambda,0.00012590284750166984,0.0002482188661900032,0.8611982136562588,quasi,0.0002482188661900032
-8.92,472.4425094447597,qwen-inst-chat,lambda,0.00013368824479140023,0.0010233775096574614,3.5506200505257626,quasi,0.0010233775096574614
-8.82,472.44289913461154,qwen-inst-chat,lambda,0.00014774836023203364,0.0024233163117418134,8.407723839970444,quasi,0.0024233163117418134
-8.68,472.44351452870717,qwen-inst-chat,lambda,0.0001699510675990275,0.0046340848729590645,16.078010812719466,quasi,0.0046340848729590645
-8.5,472.4444435867207,qwen-inst-chat,lambda,0.00020346836901064417,0.007971673358820272,27.657812485583328,quasi,0.007971673358820272
-8.28,472.44583155915564,qwen-inst-chat,lambda,0.0002535372000347304,0.01295788600658728,44.957534666572535,quasi,0.01295788600658728
-8.02,472.4479187812881,qwen-inst-chat,lambda,0.00032882002281403995,0.02045611373323633,70.97272208119486,quasi,0.02045611373323633
-7.72,472.4511089526349,qwen-inst-chat,lambda,0.000443860603902874,0.031916624271967814,110.73509532477136,quasi,0.031916624271967814
-7.38,472.456094903715,qwen-inst-chat,lambda,0.0006236008859994445,0.0498283721646176,172.88011083218854,quasi,0.0498283721646176
-7.0,472.46409583329614,qwen-inst-chat,lambda,0.0009118819655545162,0.07857126018397755,272.60389169357893,quasi,0.07857126018397755
-6.58,472.4773168080221,qwen-inst-chat,lambda,0.001387849294835929,0.12606686581343007,437.39044217800785,quasi,0.12606686581343007
-6.119999999999999,472.49986469724195,qwen-inst-chat,lambda,0.002198455963042533,0.20706888543431837,718.4278817200136,quasi,0.20706888543431837
-5.619999999999999,472.5396324380559,qwen-inst-chat,lambda,0.0036246411089657592,0.3499322501725793,1214.093970273229,quasi,0.3499322501725793
-5.08,472.6123168263486,qwen-inst-chat,lambda,0.006219909015942573,0.6110468134569662,2120.0339534492728,quasi,0.6110468134569662
-4.5,472.75036428984475,qwen-inst-chat,lambda,0.011108996538242306,1.1069745359019776,3840.660895421267,quasi,1.1069745359019776
-3.88,473.0240517784693,qwen-inst-chat,lambda,0.020650825181712566,2.0901813943101457,7251.908409006913,quasi,2.0901813943101457
-3.2200000000000006,473.59538662736526,qwen-inst-chat,lambda,0.03995505826065388,4.142669597936857,14373.03985902663,quasi,4.142669597936857
-2.5200000000000005,474.87440518855044,qwen-inst-chat,lambda,0.0804596067495324,8.737471602619488,30314.758308050168,quasi,8.737471602619488
-1.7800000000000002,478.0721101316906,qwen-inst-chat,lambda,0.16863814726859547,20.225046160966002,70171.0304792327,quasi,20.225046160966002
-1.0,487.84796491471855,qwen-inst-chat,lambda,0.36787944117144233,55.3442528071311,192017.52221830614,quasi,55.3442528071311
-0.1800000000000015,528.9652699049786,qwen-inst-chat,lambda,0.8352702114112708,203.05585069147222,704504.611483036,quasi,203.05585069147222
0.6799999999999979,611.941377073189,qwen-inst-chat,lambda,1.9738777322304435,501.1428332634578,1738720.8289911523,quasi,501.1428332634578
1.5799999999999983,640.8740774647749,qwen-inst-chat,lambda,4.854955811237425,605.0819267172341,2099338.7102400516,quasi,605.0819267172341
2.520000000000003,641.0790241387341,qwen-inst-chat,lambda,12.428596663577583,605.8181860780741,2101893.17056805,quasi,605.8181860780741
3.5000000000000018,641.1477668571181,qwen-inst-chat,lambda,33.115451958692375,606.0651404146439,2102749.9814816327,quasi,606.0651404146439
4.520000000000001,641.343411632306,qwen-inst-chat,lambda,91.8355979781569,606.7679832290642,2105188.502717148,quasi,606.7679832290642
5.580000000000002,641.9250597079727,qwen-inst-chat,lambda,265.0716057862274,608.8575211178783,2112438.178476428,quasi,608.8575211178783
6.6800000000000015,643.7503377466562,qwen-inst-chat,lambda,796.3191120159067,615.4147294694716,2135188.488336604,quasi,615.4147294694716
7.82,649.9892705787394,qwen-inst-chat,lambda,2489.905408044465,637.8277435991278,2212950.6988703404,quasi,637.8277435991278
9.0,675.1716521253891,qwen-inst-chat,lambda,8103.083927575384,728.294028236944,2526824.514837935,quasi,728.294028236944
-4.0,526.4786644105407,qwen-inst-chat,gamma,0.01831563888873418,194.12286077449144,142.58593155388445,quasi,194.12286077449144
-3.72113148761588,526.1000549255602,qwen-inst-chat,gamma,0.02420656291828187,192.76272756503445,141.5868948616883,quasi,192.76272756503445
-3.4517161451430867,525.6197538692745,qwen-inst-chat,gamma,0.03169120297954933,191.03727312422646,140.31952466214133,quasi,191.03727312422646
-3.191753972581619,525.017267855548,qwen-inst-chat,gamma,0.04109971990027578,188.87287611883914,138.7297450656821,quasi,188.87287611883914
-2.9412449699314775,524.270208472085,qwen-inst-chat,gamma,0.05279995344829035,186.18910744110232,136.7584797780003,quasi,186.18910744110232
-2.700189137192662,523.354915280451,qwen-inst-chat,gamma,0.06719280287973027,182.90096830112373,134.3432960099366,quasi,182.90096830112373
-2.4685864743651726,522.247447258881,qwen-inst-chat,gamma,0.08470450641049967,178.92245192922974,131.4210205972129,quasi,178.92245192922974
-2.246436981449009,520.9250267961759,qwen-inst-chat,gamma,0.10577543377644255,174.17173104255193,127.9315502665322,quasi,174.17173104255193
-2.0337406584441715,519.3680056616985,qwen-inst-chat,gamma,0.1308451575354695,168.57822048129736,123.82303923979907,quasi,168.57822048129736
-1.8304975053506602,517.5623768913749,qwen-inst-chat,gamma,0.16033378101570167,162.09160101745826,119.05852734667643,quasi,162.09160101745826
-1.6367075221684757,515.5027629571798,qwen-inst-chat,gamma,0.19461976984638116,154.692554185063,113.6238249061768,quasi,154.692554185063
-1.4523707088976168,513.1956551332764,qwen-inst-chat,gamma,0.23401484887718635,146.40439952023368,107.53606044076331,quasi,146.40439952023368
-1.2774870655380839,510.66246512937374,qwen-inst-chat,gamma,0.2787368685834943,137.30405738181426,100.85173302003273,quasi,137.30405738181426
-1.112056592089877,507.9417179267499,qwen-inst-chat,gamma,0.3288818891916773,127.52992659104095,93.67249849622824,quasi,127.52992659104095
-0.9560792885529967,505.08955564897167,qwen-inst-chat,gamma,0.3843970452565624,117.28369455866766,86.14649906769945,quasi,117.28369455866766
-0.8095551549274422,502.140895605194,qwen-inst-chat,gamma,0.44505600316406035,106.6907997474127,78.36587102374281,quasi,106.6907997474127
-0.6724841912132139,498.8651408126721,qwen-inst-chat,gamma,0.5104389734567549,94.92283550959819,69.72213820089505,quasi,94.92283550959819
-0.5448663974103116,495.23518184942617,qwen-inst-chat,gamma,0.5799192568789276,81.88241277657478,60.143766978535005,quasi,81.88241277657478
-0.4267017735187354,491.3457962603128,qwen-inst-chat,gamma,0.6526581631548584,67.91001452984253,49.88084682526898,quasi,67.91001452984253
-0.3179903195384851,487.3792728555497,qwen-inst-chat,gamma,0.7276098319794793,53.66050303335741,39.41438314959509,quasi,53.66050303335741
-0.21873203546956116,483.5889694874544,qwen-inst-chat,gamma,0.803537008724453,40.04405207431768,29.41291121215089,quasi,40.04405207431768
-0.1289269213119632,480.2356610867146,qwen-inst-chat,gamma,0.8790382021569388,27.997480875412606,20.564537715216602,quasi,27.997480875412606
-0.048574977065691416,477.5078715492431,qwen-inst-chat,gamma,0.9525859145315678,18.19805089410552,13.366720585347984,quasi,18.19805089410552
0.022323797269254292,475.4743194218555,qwen-inst-chat,gamma,1.0225748378105532,10.892629631970937,8.000787423745356,quasi,10.892629631970937
0.08376940169287392,474.08928732880145,qwen-inst-chat,gamma,1.087378117342558,5.916979996505489,4.346103809831645,quasi,5.916979996505489
0.13576183620516746,473.233964016916,qwen-inst-chat,gamma,1.1454090661375131,2.844279265359437,2.0891625387789716,quasi,2.844279265359437
0.17830110080613493,472.76381723085274,qwen-inst-chat,gamma,1.1951851382700962,1.1553034673094167,0.848586407888916,quasi,1.1553034673094167
0.21138719549577625,472.54297166446656,qwen-inst-chat,gamma,1.2353906001441486,0.3619282326168336,0.2658413027575959,quasi,0.3619282326168336
0.2350201202740915,472.4619495494433,qwen-inst-chat,gamma,1.2649342193000548,0.07086085655978469,0.05204828119146882,quasi,0.07086085655978469
0.24919987514108063,472.44345000805265,qwen-inst-chat,gamma,1.2829984469391666,0.004402298062569754,0.00323354893764193,quasi,0.004402298062569754
0.2539264600967437,472.44222457528576,qwen-inst-chat,gamma,1.2890770021839484,0.0,0.0,quasi,0.0
0.25808876402996955,472.4431710746329,qwen-inst-chat,gamma,1.2944537144531578,0.003400245492677331,0.0024975274377833727,quasi,0.003400245492677331
0.27057567582964703,472.45727848640615,qwen-inst-chat,gamma,1.3107187827097422,0.054080326191815443,0.03972274907773877,quasi,0.054080326191815443
0.29138719549577624,472.51761964454636,qwen-inst-chat,gamma,1.338282660663362,0.27085253169489076,0.1989449382281039,quasi,0.27085253169489076
0.3205233230283571,472.6765641220429,qwen-inst-chat,gamma,1.3778486356158428,0.8418515976956964,0.6183516655826046,quasi,0.8418515976956964
0.3579840584273897,473.00072003934906,qwen-inst-chat,gamma,1.4304428167901064,2.006363438155498,1.4737017511677228,quasi,2.006363438155498
0.403769401692874,473.5626181640582,qwen-inst-chat,gamma,1.497458595723799,4.024950742665499,2.9563821015812697,quasi,4.024950742665499
0.45787935282480985,474.42928080802096,qwen-inst-chat,gamma,1.5807182823611559,7.138387384408649,5.243244463519423,quasi,7.138387384408649
0.5203139118231974,475.6493636056885,qwen-inst-chat,gamma,1.6825557409477787,11.521465984461862,8.46267643958376,quasi,11.521465984461862
0.5910730786880367,477.2420883464092,qwen-inst-chat,gamma,1.8059252759359106,17.24323973635316,12.66539855741683,quasi,17.24323973635316
0.6701568534193276,479.1915410414663,qwen-inst-chat,gamma,1.9545438734831615,24.246538533660647,17.809418581541177,quasi,24.246538533660647
0.7575652360170703,481.4483315674273,qwen-inst-chat,gamma,2.1330763553605387,32.35393114509062,23.76441081358295,quasi,32.35393114509062
0.8532982264812649,483.93764914837914,qwen-inst-chat,gamma,2.347376276819842,41.29666407982643,30.33297208992935,quasi,41.29666407982643
0.9573558248119107,486.5701330039547,qwen-inst-chat,gamma,2.604799812417488,50.75371377712321,37.279306156203496,quasi,50.75371377712321
1.0697380310090083,489.25132151238586,qwen-inst-chat,gamma,2.9146158609802657,60.38573219134839,44.354157169922615,quasi,60.38573219134839
1.1904448450725578,491.8871174731226,qwen-inst-chat,gamma,3.288543774545099,69.85468043953108,51.3092308867224,quasi,69.85468043953108
1.3194762670025588,494.41418955550535,qwen-inst-chat,gamma,3.7414613372758754,78.93304429013088,57.97741495045623,quasi,78.93304429013088
1.4568322967990115,496.9430209214429,qwen-inst-chat,gamma,4.292341107509235,88.0177282676231,64.65024123498206,quasi,88.0177282676231
1.602512934461916,499.3840225681478,qwen-inst-chat,gamma,4.9654947221760315,96.78688893509643,71.09131127551625,quasi,96.78688893509643
1.756518179991272,501.6399721965795,qwen-inst-chat,gamma,5.792234725022379,104.89126066960486,77.04408463159335,quasi,104.89126066960486
1.9188480333870797,503.6990655374407,qwen-inst-chat,gamma,6.813105476926946,112.28843729982563,82.47741338267699,quasi,112.28843729982563
2.089502494649339,505.60675576089,qwen-inst-chat,gamma,8.080893876140308,119.14170677458291,87.51123479015789,quasi,119.14170677458291
2.26848156377805,507.358266510971,qwen-inst-chat,gamma,9.664714414272499,125.43391030463808,92.13294548553955,quasi,125.43391030463808
2.455785240773213,508.86754851200646,qwen-inst-chat,gamma,11.655582394917932,130.85592072297243,96.11548728050707,quasi,130.85592072297243
2.6514135256348283,510.0316813494668,qwen-inst-chat,gamma,14.174059888774156,135.03800224829686,99.18728411959955,quasi,135.03800224829686
2.855366418362894,510.84277088826934,qwen-inst-chat,gamma,17.380804687003533,137.95179564580133,101.32750575182335,quasi,137.95179564580133
3.067643918957412,511.45252605944296,qwen-inst-chat,gamma,21.491207950379415,140.14230668911097,102.93646647104647,quasi,140.14230668911097
3.2882460274183813,512.0636621606174,qwen-inst-chat,gamma,26.795823274862936,142.33777864552104,104.5490710496943,quasi,142.33777864552104
3.5171727437458027,512.8050671882902,qwen-inst-chat,gamma,33.689046125872025,145.00123436916297,106.5054161910797,quasi,145.00123436916297
3.7544240679396754,513.736421616388,qwen-inst-chat,gamma,42.709614889352146,148.34707259478546,108.9629807371904,quasi,148.34707259478546
4.0,514.8143329631414,qwen-inst-chat,gamma,54.598150033144236,152.21940828031532,111.80726496423999,quasi,152.21940828031532
-12.0,18.65582983674807,llama-base,alpha,6.144174602214718e-06,19.184478248391684,5.120101372231139,quasi,19.184478248391684
-11.293758635873576,18.65581844175004,llama-base,alpha,1.2450234670615811e-05,19.183480055988618,5.119834966951489,quasi,19.183480055988618
-10.61145765697178,18.655796430982278,llama-base,alpha,2.4631553142965024e-05,19.18155193093691,5.119320374081395,quasi,19.18155193093691
-9.953097063294605,18.655754971559695,llama-base,alpha,4.757778334129061e-05,19.17792011980798,5.118351088344032,quasi,19.17792011980798
-9.318676854842057,18.655678829954915,llama-base,alpha,8.972450988329757e-05,19.171250178202826,5.116570962936238,quasi,19.171250178202826
-8.70819703161413,18.65554251016938,llama-base,alpha,0.00016519858804633065,19.159308677734224,5.113383923281359,quasi,19.159308677734224
-8.12165759361083,18.655304641307467,llama-base,alpha,0.000296947683237993,19.138471562162035,5.107822753326505,quasi,19.138471562162035
-7.559058540832153,18.65490022575894,llama-base,alpha,0.0005210941768564193,19.103045094586204,5.0983678646972805,quasi,19.103045094586204
-7.020399873278101,18.65423057041309,llama-base,alpha,0.0008926705746456925,19.044383840133644,5.082711897121278,quasi,19.044383840133644
-6.505681590948675,18.653151216713017,llama-base,alpha,0.0014926900320405068,18.949833348695236,5.057477533450246,quasi,18.949833348695236
-6.0149036938438725,18.65145908924326,llama-base,alpha,0.0024361342974340314,18.801604381832174,5.017917044662723,quasi,18.801604381832174
-5.548066181963695,18.648881494749375,llama-base,alpha,0.0038798701270688837,18.575809235987922,4.957655096377671,quasi,18.575809235987922
-5.105169055308142,18.645071489354528,llama-base,alpha,0.006028747213459868,18.24205591449476,4.868580438352656,quasi,18.24205591449476
-4.6862123138772125,18.639616150170895,llama-base,alpha,0.009137288473787667,17.76417271389035,4.741039287662984,quasi,17.76417271389035
-4.291195957670909,18.632065576439953,llama-base,alpha,0.0135036986037115,17.102748699822207,4.564513350485577,quasi,17.102748699822207
-3.9201199866892287,18.621989512898026,llama-base,alpha,0.01945279576397966,16.22009386703832,4.328943627815527,quasi,16.22009386703832
-3.5729844009321736,18.609063513765122,llama-base,alpha,0.027305433798496613,15.087787033546904,4.026744855616335,quasi,15.087787033546904
-3.249789200399743,18.593176453011907,llama-base,alpha,0.03733446286953409,13.69609365108589,3.6553190026426683,quasi,13.69609365108589
-2.9505343850919368,18.574537306016666,llama-base,alpha,0.04971126110387175,12.063319789958328,3.219551733986132,quasi,12.063319789958328
-2.675219955008754,18.553746693663797,llama-base,alpha,0.06445150182853382,10.242079342889216,2.733485050729674,quasi,10.242079342889216
-2.423845910150197,18.53179579231131,llama-base,alpha,0.08137230714731354,8.319198539079897,2.2202918059226966,quasi,8.319198539079897
-2.1964122505162647,18.509968424197194,llama-base,alpha,0.10007313317298949,6.40713914478258,1.7099866622657474,quasi,6.40713914478258
-1.9929189761069561,18.48965070567444,llama-base,alpha,0.11994839110168591,4.627323806120847,1.2349758311234444,quasi,4.627323806120847
-1.8133660869222725,18.47208649520509,llama-base,alpha,0.14023179558716614,3.0887134956266094,0.8243396563944833,quasi,3.0887134956266094
-1.6577535829622132,18.458141415033218,llama-base,alpha,0.16006378223404655,1.8671360059606537,0.4983156436408563,quasi,1.8671360059606537
-1.5260814642267784,18.4481423363804,llama-base,alpha,0.17856773793271916,0.9912249857917387,0.2645457616428815,quasi,0.9912249857917387
-1.418349730715968,18.44184066657964,llama-base,alpha,0.19492042412030444,0.4392039230916113,0.1172181270814171,quasi,0.4392039230916113
-1.3345583824297824,18.43851310992465,llama-base,alpha,0.20840635492837226,0.14771271219673238,0.0394227067644061,quasi,0.14771271219673238
-1.274707419368221,18.43717476769927,llama-base,alpha,0.21845248456559127,0.030475040139997127,0.008133413524169176,quasi,0.030475040139997127
-1.2387968415312844,18.43684919271545,llama-base,alpha,0.22464548230969747,0.0019549408268542618,0.0005217496707811859,quasi,0.0019549408268542618
-1.226826648918972,18.436826875828643,llama-base,alpha,0.22673731895089816,0.0,0.0,quasi,0.0
-1.2121301748646176,18.436861172674277,llama-base,alpha,0.2293243580908464,0.0030043753120333576,0.000801830832127475,quasi,0.0030043753120333576
-1.1680407527015544,18.43739339126862,llama-base,alpha,0.23720930999717765,0.049626284000937514,0.013244645047004806,quasi,0.049626284000937514
-1.0945583824297824,18.439850678308588,llama-base,alpha,0.25076087750917525,0.26488259638311806,0.07069390825549543,quasi,0.26488259638311806
-0.9916830640493015,18.44711269111465,llama-base,alpha,0.27057976919404353,0.9010289120884568,0.24047353852799175,quasi,0.9010289120884568
-0.8594147975601117,18.464344672811656,llama-base,alpha,0.2974616257150044,2.410536256897865,0.6433424895352767,quasi,2.410536256897865
-0.6977535829622131,18.498279522727756,llama-base,alpha,0.3323104754462193,5.3832010434593025,1.4367101722937268,quasi,5.3832010434593025
-0.5066994202556058,18.561903308288294,llama-base,alpha,0.3759675766272122,10.95659203800178,2.924179704154982,quasi,10.95659203800178
-0.28625230944028957,18.6789698341441,llama-base,alpha,0.42892161031804127,21.211522882164292,5.6610946625658904,quasi,21.211522882164292
-0.03641225051626451,18.888928231237372,llama-base,alpha,0.49089794301374073,39.60370481976364,10.569741890692713,quasi,39.60370481976364
0.24282075651646928,19.24536003837074,llama-base,alpha,0.5604086628413453,70.8268363348706,18.902811805130167,quasi,70.8268363348706
0.5514467116579118,19.786064569349477,llama-base,alpha,0.6344711739927161,118.19210605460206,31.54401993954613,quasi,118.19210605460206
0.8894656149080638,20.47121429902026,llama-base,alpha,0.7087798819334271,178.21065571520026,47.56223291869316,quasi,178.21065571520026
1.2568774662669242,21.233873746242804,llama-base,alpha,0.7784881126854875,245.0189925283009,65.39255660872698,quasi,245.0189925283009
1.6536822657344932,21.974888466552805,llama-base,alpha,0.8393880983325706,309.9312691653074,82.71684514973263,quasi,309.9312691653074
2.0798800133107713,22.603040854932154,llama-base,alpha,0.8889321873451757,364.9568988688828,97.4025091800681,quasi,364.9568988688828
2.535470708995758,23.080085239120844,llama-base,alpha,0.92659133961672,406.7455923804397,108.55539768826645,quasi,406.7455923804397
3.0204543527894536,23.41397296748344,llama-base,alpha,0.9534896788710707,435.9938812404874,116.36140637866686,quasi,435.9938812404874
3.5348309446918584,23.634146734284514,llama-base,alpha,0.9716627323511182,455.28092111578724,121.50888018812935,quasi,455.28092111578724
4.078600484702971,23.772851714571942,llama-base,alpha,0.9833507464422956,467.43136267190295,124.75168365034484,quasi,467.43136267190295
4.651762972822794,23.85696304302094,llama-base,alpha,0.9905454811759427,474.7994454790884,126.71813436134845,quasi,474.7994454790884
5.254318409051324,23.90624149278714,llama-base,alpha,0.9948022514219764,479.1161969224715,127.87022224732989,quasi,479.1161969224715
5.886266793388564,23.934182869395354,llama-base,alpha,0.9972303664762858,481.56383840421216,128.5234676651687,quasi,481.56383840421216
6.547608125834513,23.949528410303778,llama-base,alpha,0.9985685117471549,482.9080950961378,128.88223324867036,quasi,482.9080950961378
7.2383424063891715,23.95769511032573,llama-base,alpha,0.9992820141166258,483.6234912637263,129.07316369003726,quasi,483.6234912637263
7.958469635052539,23.96190775755625,llama-base,alpha,0.9996504343806308,483.9925156770163,129.1716517688064,quasi,483.9925156770163
8.707989811824612,23.964014390098832,llama-base,alpha,0.9998347671816469,484.1770549454391,129.22090303064678,quasi,484.1770549454391
9.486902936705397,23.96503582717255,llama-base,alpha,0.9999241671341175,484.2665319883091,129.2447833532727,quasi,484.2665319883091
10.295209009694888,23.96551608780369,llama-base,alpha,0.9999662065244017,484.3086024223935,129.2560114348758,quasi,484.3086024223935
11.13290803079309,23.96573508118238,llama-base,alpha,0.9999853771129982,484.3277860612467,129.26113131222377,quasi,484.3277860612467
12.0,23.965831934416443,llama-base,alpha,0.9999938558253978,484.33627032444724,129.2633956577584,quasi,484.33627032444724
-9.0,18.436826875828643,llama-base,lambda,0.00012340980408667956,0.0,0.0,quasi,0.0
-8.98,18.43682727310103,llama-base,lambda,0.00012590284750166984,3.480073257167355e-05,0.023157239964899205,quasi,3.480073257167355e-05
-8.92,18.43682851378908,llama-base,lambda,0.00013368824479140023,0.00014348397963725562,0.09547767250977882,quasi,0.00014348397963725562
-8.82,18.436830754677448,llama-base,lambda,0.00014774836023203364,0.0003397839472690432,0.2261003669082102,quasi,0.0003397839472690432
-8.68,18.436834293994387,llama-base,lambda,0.0001699510675990275,0.0006498251839123334,0.4324092226535853,quasi,0.0006498251839123334
-8.5,18.436839638515814,llama-base,lambda,0.00020346836901064417,0.0011180008406278437,0.7439445044456138,quasi,0.0011180008406278437
-8.28,18.43684762575287,llama-base,lambda,0.0002535372000347304,0.0018176762007255536,1.209525226861158,quasi,0.0018176762007255536
-8.02,18.4368596431067,llama-base,lambda,0.00032882002281403995,0.00287038645736456,1.9100238148231463,quasi,0.00287038645736456
-7.72,18.436878025188108,llama-base,lambda,0.000443860603902874,0.004480641585592535,2.9815260980663623,quasi,0.004480641585592535
-7.38,18.43690678959345,llama-base,lambda,0.0006236008859994445,0.007000379703802668,4.658220119720102,quasi,0.007000379703802668
-7.0,18.436953036473273,llama-base,lambda,0.0009118819655545162,0.011051568127408548,7.353977810316086,quasi,0.011051568127408548
-6.58,18.43702969561863,llama-base,lambda,0.001387849294835929,0.01776684585911627,11.822484257524518,quasi,0.01776684585911627
-6.119999999999999,18.437161121625138,llama-base,lambda,0.002198455963042533,0.029279655332283196,19.48338309323746,quasi,0.029279655332283196
-5.619999999999999,18.437395019305562,llama-base,lambda,0.0036246411089657592,0.04976889869047194,33.11741577250921,quasi,0.04976889869047194
-5.08,18.43782940177222,llama-base,lambda,0.006219909015942573,0.08782044351019612,58.43782397399366,quasi,0.08782044351019612
-4.5,18.43867859305383,llama-base,lambda,0.011108996538242306,0.16220889744877168,107.93768076366368,quasi,0.16220889744877168
-3.88,18.440453554927167,llama-base,lambda,0.020650825181712566,0.31769408955673434,211.4012471474156,quasi,0.31769408955673434
-3.2200000000000006,18.44453197458455,llama-base,lambda,0.03995505826065388,0.674960278453846,449.1347158494385,quasi,0.674960278453846
-2.5200000000000005,18.455322184682437,llama-base,lambda,0.0804596067495324,1.62017375889926,1078.102377367818,quasi,1.62017375889926
-1.7800000000000002,18.490545351482538,llama-base,lambda,0.16863814726859547,4.7056940389863655,3131.2813843149124,quasi,4.7056940389863655
-1.0,18.647632021647727,llama-base,lambda,0.36787944117144233,18.466356425670263,12287.955322373842,quasi,18.466356425670263
-0.1800000000000015,19.734348971508346,llama-base,lambda,0.8352702114112708,113.6618624555177,75633.32232500803,quasi,113.6618624555177
0.6799999999999979,23.61297339355235,llama-base,lambda,1.9738777322304435,453.4261539792303,301720.6098300657,quasi,453.4261539792303
1.5799999999999983,25.992238520158732,llama-base,lambda,4.854955811237425,661.8478112797019,440409.36651208927,quasi,661.8478112797019
2.520000000000003,26.334089488882768,llama-base,lambda,12.428596663577583,691.7936734093502,460336.05954545684,quasi,691.7936734093502
3.5000000000000018,26.342647435508468,llama-base,lambda,33.115451958692375,692.5433424558433,460834.9072627612,quasi,692.5433424558433
4.520000000000001,26.36730118575705,llama-base,lambda,91.8355979781569,694.7029905875379,462271.988793226,quasi,694.7029905875379
5.580000000000002,26.444520410952947,llama-base,lambda,265.0716057862274,701.4673308499208,466773.1426220317,quasi,701.4673308499208
6.6800000000000015,26.72301746900109,llama-base,lambda,796.3191120159067,725.8634428017193,483006.8991245654,quasi,725.8634428017193
7.82,28.026982027553558,llama-base,lambda,2489.905408044465,840.0896596766008,559015.7563808438,quasi,840.0896596766008
9.0,36.64380678312486,llama-base,lambda,8103.083927575384,1594.9163816508321,1061295.5143335063,quasi,1594.9163816508321
-3.9999999999999996,20.50459781862433,llama-base,gamma,0.01831563888873419,181.13502442240986,67.40676522859792,quasi,181.13502442240986
-3.712988179469931,20.487406090737295,llama-base,gamma,0.02440448921291975,179.62904327806166,66.84633624607798,quasi,179.62904327806166
-3.43570557319512,20.465453780367213,llama-base,gamma,0.032202680865814105,177.70603904547627,66.13071818572318,quasi,177.70603904547627
-3.1681521811755644,20.437755794527035,llama-base,gamma,0.04208128469579952,175.2797183937174,65.22779823932449,quasi,175.2797183937174
-2.9103280034112657,20.40323818052935,llama-base,gamma,0.05445786457406063,172.2560039555888,64.10256688277609,quasi,172.2560039555888
-2.662233039902224,20.36077387747051,llama-base,gamma,0.06979219884192726,168.53616612807588,62.718283330066335,quasi,168.53616612807588
-2.423867290648438,20.309239378578937,llama-base,gamma,0.08857839581643338,164.0217866471934,61.0383226554758,quasi,164.0217866471934
-2.1952307556499084,20.24759684487237,llama-base,gamma,0.11133286785227144,158.62195167644848,59.02885259684508,quasi,158.62195167644848
-1.976323434906636,20.175004924918888,llama-base,gamma,0.13857779214388088,152.26295952625134,56.66244614218151,quasi,152.26295952625134
-1.7671453284186203,20.090958146592797,llama-base,gamma,0.17081992826339004,144.90053125644584,53.92262552782123,quasi,144.90053125644584
-1.567696436185861,19.995448182233787,llama-base,gamma,0.2085249801210209,136.5339373708763,50.80911928237841,quasi,136.5339373708763
-1.3779767582083582,19.88912987026514,llama-base,gamma,0.25208807256896,127.2205411738329,47.343274325353356,quasi,127.2205411738329
-1.197986294486112,19.773461404743426,llama-base,gamma,0.3018013394403474,117.08807925865999,43.572625972382085,quasi,117.08807925865999
-1.0277250450191222,19.650775278013242,llama-base,gamma,0.3578200598637698,106.34087602563802,39.57321057769316,quasi,106.34087602563802
-0.8671930098073892,19.524231722992287,llama-base,gamma,0.4201291941832075,95.25576526466138,35.448047810410515,quasi,95.25576526466138
-0.7163901888509125,19.39761876320047,llama-base,gamma,0.48851251487004343,84.16457470315898,31.320622533776177,quasi,84.16457470315898
-0.5753165821496926,19.273369805458426,llama-base,gamma,0.5625267546853097,73.28046876604996,27.270260788634147,quasi,73.28046876604996
-0.44397218970372904,19.14217433588138,llama-base,gamma,0.6414832604187817,61.787854137362764,22.99345138300478,quasi,61.787854137362764
-0.32235701151302215,19.006349967694796,llama-base,gamma,0.7244395109110017,49.88975181884787,18.56574563030803,quasi,49.88975181884787
-0.21047104757757157,18.873584699219002,llama-base,gamma,0.8102025121391618,38.25962410494524,14.237762729764942,quasi,38.25962410494524
-0.10831429789737779,18.752703270072125,llama-base,gamma,0.897345518294853,27.67051088763137,10.297178235437785,quasi,27.67051088763137
-0.01588676247244053,18.651054092109632,llama-base,gamma,0.9842387665096533,18.766126967882425,6.983541249450432,quasi,18.766126967882425
0.06681155869724015,18.572133197823778,llama-base,gamma,1.069093997725873,11.852721900598258,4.4108180901023015,quasi,11.852721900598258
0.1397806656116643,18.515900868440774,llama-base,gamma,1.1500215319235545,6.926816354044757,2.5777139746858437,quasi,6.926816354044757
0.2030205582708319,18.479113492046665,llama-base,gamma,1.2250976538779756,3.7042726072145986,1.3784911823290038,quasi,3.7042726072145986
0.256531236674743,18.456885059174468,llama-base,gamma,1.2924391366700878,1.7570802718132976,0.6538718712606241,quasi,1.7570802718132976
0.30031270082339745,18.444897677004043,llama-base,gamma,1.3502809755392973,0.7069955079443777,0.26309809697844394,quasi,0.7069955079443777
0.3343649507167954,18.43933927108481,llama-base,gamma,1.3970529060092136,0.22008374654346627,0.08190096576402532,quasi,0.22008374654346627
0.3586879863549368,18.437316817448146,llama-base,gamma,1.4314500999233748,0.04291848065827028,0.015971488445843753,quasi,0.04291848065827028
0.37328180773782166,18.436857248302736,llama-base,gamma,1.4524936061002018,0.0026606036107579,0.0009901049425896098,quasi,0.0026606036107579
0.3781464148654499,18.436826875828643,llama-base,gamma,1.459576630947894,0.0,0.0,quasi,0.0
0.38217069662671055,18.436847554706198,llama-base,gamma,1.4654622132407125,0.0018114525711259294,0.0006741057317544325,quasi,0.0018114525711259294
0.3942435419104924,18.437155378073072,llama-base,gamma,1.4832617410884075,0.02877652492155655,0.010708765274234162,quasi,0.02877652492155655
0.4143649507167954,18.438469419828195,llama-base,gamma,1.5134093459375004,0.143885495881567,0.05354489487395484,quasi,0.143885495881567
0.4425349230456197,18.441924055288695,llama-base,gamma,1.5566482047607297,0.44650870503747225,0.16616172133997575,quasi,0.44650870503747225
0.4787534588969652,18.44896439936162,llama-base,gamma,1.6140611540839496,1.0632370230529757,0.3956681962741294,quasi,1.0632370230529757
0.5230205582708319,18.461191439508145,llama-base,gamma,1.687115993178203,2.134315627417126,0.7942545229990029,quasi,2.134315627417126
0.5753362211672199,18.480165267711683,llama-base,gamma,1.777728136272928,3.7964072855907713,1.4127777630414786,quasi,3.7964072855907713
0.635700447586129,18.50719345949684,llama-base,gamma,1.8883443645826323,6.164054532088324,2.2938632549153066,quasi,6.164054532088324
0.7041132375275594,18.543148658281247,llama-base,gamma,2.0220528091206065,9.313700208567733,3.4659580904928347,quasi,9.313700208567733
0.7805745909915109,18.588363621494302,llama-base,gamma,2.1827260799909474,13.274493590634538,4.939909748794709,quasi,13.274493590634538
0.8650845079779838,18.64263579075881,llama-base,gamma,2.375206801420046,18.028690731973832,6.70911507823668,quasi,18.028690731973832
0.9576429884869779,18.705339166535403,llama-base,gamma,2.60554792371449,23.521454590675056,8.753167271125523,quasi,23.521454590675056
1.0582500325184931,18.775601231197307,llama-base,gamma,2.8813243509115782,29.67635334425544,11.043623336214688,quasi,29.67635334425544
1.1669056400725297,18.85247284094885,llama-base,gamma,3.2120380431147932,36.410242781211025,13.549542364296611,quasi,36.410242781211025
1.2836098111490875,18.935012560624763,llama-base,gamma,3.6096463774044443,43.640653959685956,16.240234737943325,quasi,43.640653959685956
1.4083625457481663,19.02223753225561,llama-base,gamma,4.0892539526368905,51.281489334437815,19.083660507744607,quasi,51.281489334437815
1.5411638438697663,19.116704591079838,llama-base,gamma,4.670022286175622,59.556725557703906,22.163169327706843,quasi,59.556725557703906
1.6820137055138877,19.21966333784878,llama-base,gamma,5.376371506763216,68.57582662180836,25.51949663072109,quasi,68.57582662180836
1.8309121306805303,19.328222352675738,llama-base,gamma,6.2395753718354685,78.0855065360487,29.05838571869477,quasi,78.0855065360487
1.9878591193696942,19.439328752317635,llama-base,gamma,7.299888830718534,87.8183352532427,32.68031638860272,quasi,87.8183352532427
2.152854671581379,19.54955680320128,llama-base,gamma,8.60940036143209,97.47422134565913,36.273613979618325,quasi,97.47422134565913
2.325898787315585,19.654525217226222,llama-base,gamma,10.235875828021852,106.66936759927789,39.69545393981775,quasi,106.66936759927789
2.506991466572313,19.748580211262286,llama-base,gamma,12.267965898936932,114.90850728790221,42.761529959337764,quasi,114.90850728790221
2.6961327093515624,19.826416428045686,llama-base,gamma,14.822298604387347,121.72689550306255,45.29889397892651,quasi,121.72689550306255
2.8933225156533324,19.888293202524103,llama-base,gamma,18.053192079504473,127.1472497716908,47.31599999586781,quasi,127.1472497716908
3.098560885477623,19.943046606725403,llama-base,gamma,22.166028862902966,131.9436026954839,49.100892986710186,quasi,131.9436026954839
3.3118478188244356,20.001096791295396,llama-base,gamma,27.435775003427004,137.02875085294593,50.99325692403093,quasi,137.02875085294593
3.5331833156937695,20.067480142755034,llama-base,gamma,34.232768057597276,142.84387753792865,53.15727175484069,quasi,142.84387753792865
3.7625673760856237,20.143001721126662,llama-base,gamma,43.05883240730366,149.459505342558,55.619181436242236,quasi,149.459505342558
4.0,20.222628379291216,llama-base,gamma,54.598150033144236,156.43473474190853,58.214911621704175,quasi,156.43473474190853
-12.0,149.17148903588736,llama-inst,alpha,6.144174602214718e-06,7.869431000626375,1.8537235139092405,cluster,1.8537235139092405
-11.340927707556592,149.17143244692744,llama-inst,alpha,1.1876610641912194e-05,7.8687973052271305,1.8535742405930196,cluster,1.8535742405930196
-10.704196848755334,149.17132807355762,llama-inst,alpha,2.245001447473638e-05,7.867628509681994,1.85329891906281,cluster,1.85329891906281
-10.089807423596223,149.17114005207966,llama-inst,alpha,4.149868063594422e-05,7.865523004549839,1.8528029461809303,cluster,1.8528029461809303
-9.497759432079263,149.17080927853007,llama-inst,alpha,7.50141009829701e-05,7.861818930877888,1.8519304144232467,cluster,1.8519304144232467
-8.928052874204454,149.17024109088607,llama-inst,alpha,0.0001325984086514183,7.855456242883379,1.8504316193583747,cluster,1.8504316193583747
-8.380687749971795,149.16928828664675,llama-inst,alpha,0.00022919967847918868,7.844786535158161,1.8479182625356003,cluster,1.8479182625356003
-7.85566405938128,149.1677289009064,llama-inst,alpha,0.0003874004927957166,7.827324196732634,1.8438048333251957,cluster,1.8438048333251957
-7.352981802432918,149.16523893606575,llama-inst,alpha,0.0006402689238084446,7.799441032490055,1.8372366739252914,cluster,1.8372366739252914
-6.872640979126706,149.16136165142262,llama-inst,alpha,0.001034666443305372,7.756022361369112,1.8270089698392937,cluster,1.8270089698392937
-6.414641589462643,149.15547725963327,llama-inst,alpha,0.0016347299490677468,7.690127670789278,1.8114868136173394,cluster,1.8114868136173394
-5.978983633440729,149.14677997897599,llama-inst,alpha,0.00252500601857556,7.5927336429417345,1.7885446721180427,cluster,1.7885446721180427
-5.565667111060964,149.1342731025272,llama-inst,alpha,0.003812436346200964,7.45267893835797,1.7555533797234752,cluster,1.7555533797234752
-5.17469202232335,149.11679629977186,llama-inst,alpha,0.005626126775187635,7.256969925240934,1.7094521559539113,cluster,1.7094521559539113
-4.806058367227885,149.09310126914238,llama-inst,alpha,0.008113668819276249,6.991627852941288,1.64694816568929,cluster,1.64694816568929
-4.4597661457745685,149.06198984602491,llama-inst,alpha,0.011432845876754628,6.643235415249824,1.5648808276866542,cluster,1.5648808276866542
-4.135815357963402,149.02252006781578,llama-inst,alpha,0.015737978215948956,6.201244311419428,1.4607653837563508,cluster,1.4607653837563508
-3.834206003794385,148.97426846332897,llama-inst,alpha,0.021161027068778294,5.660912419618372,1.333484779470354,cluster,1.333484779470354
-3.5549380832675173,148.91761133450092,llama-inst,alpha,0.02778885186429594,5.026453650230789,1.1840316437447764,cluster,1.1840316437447764
-3.298011596382798,148.85395890605787,llama-inst,alpha,0.03563946623741933,4.313660004420161,1.0161259410708365,cluster,1.0161259410708365
-3.0634265431402294,148.78585454017767,llama-inst,alpha,0.044641337931598045,3.5510126013473338,0.8364766851353832,cluster,0.8364766851353832
-2.85118292353981,148.71685161757608,llama-inst,alpha,0.05462020259591288,2.7783029659753247,0.6544571693153302,cluster,0.6544571693153302
-2.66128073758154,148.65111663543823,llama-inst,alpha,0.06529712211357279,2.0421884339546,0.48105799765622287,cluster,0.48105799765622287
-2.493719985265419,148.59278145684357,llama-inst,alpha,0.07629960673497178,1.3889385007379096,0.3271784145495111,cluster,0.3271784145495111
-2.3485006665914483,148.54516453303924,llama-inst,alpha,0.08718502124930744,0.8557139003420174,0.20157200414067122,cluster,0.20157200414067122
-2.2256227815596263,148.51006505322368,llama-inst,alpha,0.09747303593840463,0.462662342125792,0.10898476173571342,cluster,0.10898476173571342
-2.1250863301699536,148.48736250889675,llama-inst,alpha,0.10668236629412389,0.2084343458687415,0.04909880371432486,cluster,0.04909880371432486
-2.0468913124224306,148.4750976657512,llama-inst,alpha,0.11436687393358608,0.07108998250591944,0.016745959417412793,cluster,0.016745959417412793
-1.9910377283170573,148.4700730861859,llama-inst,alpha,0.12014711910174962,0.014823654973244426,0.0034918608198983674,cluster,0.0034918608198983674
-1.957525577853833,148.46883481904254,llama-inst,alpha,0.12373508638952611,0.000957271974430345,0.00022549502855627188,cluster,0.00022549502855627188
-1.9463548610327583,148.4687493347145,llama-inst,alpha,0.12495136773852439,0.0,0.0,cluster,0.0
-1.9308589111871663,148.4689181848002,llama-inst,alpha,0.1266555421224607,0.0018908197398839785,0.0004454015813986674,cluster,0.0004454015813986674
-1.8843710616503906,148.47157748799876,llama-inst,alpha,0.13188761065063503,0.0316702714996899,0.007460250552573867,cluster,0.007460250552573867
-1.8068913124224308,148.4842119339918,llama-inst,alpha,0.14101425863237552,0.1731535274013324,0.04078805255864487,cluster,0.04078805255864487
-1.698419663503287,148.5232486191407,llama-inst,alpha,0.15467177883830474,0.610294761573601,0.14376106097817865,cluster,0.14376106097817865
-1.5589561148929594,148.6221580296445,llama-inst,alpha,0.1737964887689194,1.717903709770578,0.40466947371165224,cluster,0.40466947371165224
-1.3885006665914479,148.8484556760048,llama-inst,alpha,0.1996472247666319,4.252033645313077,1.001609233199032,cluster,1.001609233199032
-1.1870533185987524,149.33908491441107,llama-inst,alpha,0.23378636157197755,9.746205857419719,2.2958166820270565,cluster,2.2958166820270565
-0.9546140709148733,150.37367454098214,llama-inst,alpha,0.2779578424307016,21.331764018821993,5.024911273979773,cluster,5.024911273979773
-0.6911829235398101,152.52126448619953,llama-inst,alpha,0.3337699776999315,45.38094021211317,10.689936279739625,cluster,10.689936279739625
-0.3967598764735629,156.89957162132515,llama-inst,alpha,0.4020910627055972,94.41016944438245,22.239263682123564,cluster,22.239263682123564
-0.07134492971613215,165.45107398524604,llama-inst,alpha,0.4821713294043408,190.1717404674121,44.79686357977185,cluster,44.79686357977185
0.2850619167324835,180.47725855679383,llama-inst,alpha,0.5707867808936883,358.4382017063553,84.43371861746128,cluster,84.43371861746128
0.672460662872282,201.76769764438222,llama-inst,alpha,0.6620539236315389,596.8531384079321,140.59475163188355,cluster,140.59475163188355
1.090851308703265,223.2870459487421,llama-inst,alpha,0.7485419946873924,837.8314499747456,197.35961334272304,cluster,197.35961334272304
1.5402338542254315,237.84389021815542,llama-inst,alpha,0.8234987181717869,1000.8421371094281,235.75841800039288,cluster,235.75841800039288
2.020608299438782,244.2495246418743,llama-inst,alpha,0.8829438939353943,1072.5738153233679,252.65553528711507,cluster,252.65553528711507
2.5319746443433164,246.9205230398902,llama-inst,alpha,0.9263531829549065,1102.4842324534784,259.7012344667008,cluster,259.7012344667008
3.0743328889390344,248.5006683274222,llama-inst,alpha,0.9558214980661586,1120.1790407736062,263.8694242957401,cluster,263.8694242957401
3.6476830332259373,249.41216752503473,llama-inst,alpha,0.9746100256848176,1130.3862057178471,266.2738245206081,cluster,266.2738245206081
4.252025077204023,249.92750883855888,llama-inst,alpha,0.9859644247419754,1136.1571090861667,267.6332187728102,cluster,267.6332187728102
4.887359020873292,250.21282819019123,llama-inst,alpha,0.9925151330736619,1139.3521768289836,268.3858490713567,cluster,268.3858490713567
5.553684864233746,250.36704629933266,llama-inst,alpha,0.9961417846296965,1141.0791445339673,268.7926536601809,cluster,268.7926536601809
6.251002607285385,250.44817719453724,llama-inst,alpha,0.9980751924104097,1141.9876658267958,269.0066649760269,cluster,269.0066649760269
6.979312250028209,250.48962567954283,llama-inst,alpha,0.9990699226099844,1142.4518149168325,269.11599995616615,cluster,269.11599995616615
7.738613792462215,250.5101603794086,llama-inst,alpha,0.9995645146373464,1142.6817669224508,269.170167460761,cluster,269.170167460761
8.528907234587404,250.5200182063091,llama-inst,alpha,0.9998023682062231,1142.7921569978657,269.19617095179893,cluster,269.19617095179893
9.350192576403778,250.5246019036932,llama-inst,alpha,0.9999130588861954,1142.8434862314805,269.2082620683353,cluster,269.2082620683353
10.202469817911336,250.52666596132633,llama-inst,alpha,0.9999629227467322,1142.866599994796,269.2137067474422,cluster,269.2137067474422
11.085738959110074,250.52756604300583,llama-inst,alpha,0.9999846708496156,1142.8766793039058,269.21608102994105,cluster,269.21608102994105
12.0,250.5279461501185,llama-inst,alpha,0.9999938558253978,1142.8809358254755,269.21708369634996,cluster,269.21708369634996
-9.0,190.47634205736523,llama-inst,lambda,0.00012340980408667956,470.41009904746096,371.46890991470127,cluster,371.46890991470127
-8.398316751520179,190.47182935863714,llama-inst,lambda,0.00022524615050040385,470.35956487213537,371.4290045745318,cluster,371.4290045745318
-7.8170295453617085,190.46396015946345,llama-inst,lambda,0.00040281645542430044,470.2714438796482,371.35941803911066,cluster,371.35941803911066
-7.256138381524587,190.45053047479468,llama-inst,lambda,0.0007058284197492731,470.12105536924423,371.2406606907107,cluster,371.2406606907107
-6.715643260008815,190.4281012312217,llama-inst,lambda,0.0012118062546546714,469.8698878538765,371.04232114968346,cluster,371.04232114968346
-6.195544180814394,190.39144471178005,llama-inst,lambda,0.002038493588704514,469.459400229529,370.7181712416382,cluster,370.7181712416382
-5.695841143941323,190.33282367852541,llama-inst,lambda,0.0033599098223908983,468.80294923407104,370.19979135100874,cluster,370.19979135100874
-5.216534149389599,190.24109504305895,llama-inst,lambda,0.005426102635691254,467.7757521561484,369.3886442698212,cluster,369.3886442698212
-4.757623197159226,190.10065304954293,llama-inst,lambda,0.008585992375811757,466.2030523702673,368.14672987158167,cluster,368.14672987158167
-4.319108287250204,189.89026064938085,llama-inst,lambda,0.013311748507453454,463.8470328179803,366.2862510753186,cluster,366.2862510753186
-3.9009894196625323,189.5818618560728,llama-inst,lambda,0.020221893605268226,460.39351650096626,363.5591116192322,cluster,363.5591116192322
-3.5032665943962096,189.13952194664438,llama-inst,lambda,0.03009890175625206,455.4400986276618,359.64754436871124,cluster,359.64754436871124
-3.125939811451237,188.51870860485695,llama-inst,lambda,0.04389566058752962,448.48809669962134,354.15775453817116,cluster,354.15775453817116
-2.769009070827614,187.66621510456616,llama-inst,lambda,0.06272412912600094,438.94169030216847,346.6192404092329,cluster,346.6192404092329
-2.4324743725253417,186.52115882084718,llama-inst,lambda,0.0878192659440734,426.1191026477056,336.4936230639971,cluster,336.4936230639971
-2.1163357165444188,185.01770091417424,llama-inst,lambda,0.12047226523785629,409.2830561867439,323.19869627821885,cluster,323.19869627821885
-1.8205931028848459,183.0904616270034,llama-inst,lambda,0.16192968148593212,387.7014142690115,306.1563134433626,cluster,306.1563134433626
-1.5452465315466226,180.68403469007876,llama-inst,lambda,0.2132592895991705,360.7537255208577,284.8765225029317,cluster,284.8765225029317
-1.2902960025297494,177.7683444324365,llama-inst,lambda,0.2751893142996705,328.103196080982,259.09336732890813,cluster,259.09336732890813
-1.0557415158342254,174.3398634417149,llama-inst,lambda,0.3479343328103963,289.7103252236607,228.77565536918647,cluster,228.77565536918647
-0.8415830714600517,170.43696890178387,llama-inst,lambda,0.43102763549325224,246.0048689452582,194.26275219398323,cluster,194.26275219398323
-0.6478206694072279,166.2029540522949,llama-inst,lambda,0.523184727717685,198.5914559018924,156.82178548383274,cluster,156.82178548383274
-0.4744543096757541,161.8844101525101,llama-inst,lambda,0.622224505731793,150.23146829081497,118.63333689875479,cluster,118.63333689875479
-0.3214839922656302,157.81591228805848,llama-inst,lambda,0.7250722366983069,104.6715502058374,82.65602021040243,cluster,82.65602021040243
-0.18890971717685603,154.35524161804472,llama-inst,lambda,0.827861244971259,65.91821236522297,52.053658160014635,cluster,52.053658160014635
-0.07673148440943164,151.77557543060786,llama-inst,lambda,0.9261385028489428,37.030553061498324,29.24192998225881,cluster,29.24192998225881
0.01505070603664277,150.08204222437047,llama-inst,lambda,1.0151645382809718,18.066002330250786,14.266186473725398,cluster,14.266186473725398
0.08643685416136729,149.04809969005115,llama-inst,lambda,1.0902825187400467,6.487690447687754,5.123136819015106,cluster,5.123136819015106
0.137426959964742,148.59282851734557,llama-inst,lambda,1.1473179027715446,1.3894654944067082,1.0972197102411192,cluster,1.0972197102411192
0.16802102344676678,148.47685541435274,llama-inst,lambda,1.1829614803140953,0.0907736311074339,0.0716812455020776,cluster,0.0716812455020776
0.17821904460744173,148.4687493347145,llama-inst,lambda,1.1950870699445273,0.0,0.0,cluster,0.0
0.1880210234467668,148.47644389584718,llama-inst,lambda,1.206858887416475,0.08616535797363165,0.06804222882052881,cluster,0.06804222882052881
0.21742695996474198,148.59652092906714,llama-inst,lambda,1.2428746465843696,1.430813918610334,1.1298713350610656,cluster,1.1298713350610656
0.2664368541613673,149.15174548182307,llama-inst,lambda,1.3053051621437641,7.648338416620144,6.039666112682603,cluster,6.039666112682603
0.3350507060366428,150.7603770379467,llama-inst,lambda,1.3980112710360186,25.662142126894807,20.26463288364047,cluster,20.26463288364047
0.42326851559056833,154.3435260708182,llama-inst,lambda,1.5269442492614234,65.78701913623681,51.95005875630633,cluster,51.95005875630633
0.5310902828231441,160.89391865298154,llama-inst,lambda,1.70078563547395,139.13973048343374,109.87452036673156,cluster,109.87452036673156
0.6585160077343699,170.9441592327134,llama-inst,lambda,1.9319232469205279,251.6844958494636,198.74778518774664,cluster,198.74778518774664
0.8055456903242459,184.15699319187186,llama-inst,lambda,2.2379173755376778,399.6446651565228,315.5875446116671,cluster,315.5875446116671
0.972179330592772,199.60996659793474,llama-inst,lambda,2.643699681404337,572.6903999720817,452.2366314562899,cluster,452.2366314562899
1.1584169285399482,215.01973964117582,llama-inst,lambda,3.1848873788490724,745.2523677913248,588.5037018451903,cluster,588.5037018451903
1.3642584841657743,228.03235398601868,llama-inst,lambda,3.912820557602995,890.9704345998358,703.5729393931152,cluster,703.5729393931152
1.5897039974702512,237.51257956726016,llama-inst,lambda,4.902297621044495,997.1320488610462,787.4056190151106,cluster,787.4056190151106
1.8347534684533777,243.64574673460453,llama-inst,lambda,6.263589782599945,1065.8125798715612,841.6405983204014,cluster,841.6405983204014
2.0994068971151547,247.26324750713104,llama-inst,lambda,8.16132796966146,1106.3221350832525,873.6297931656807,cluster,873.6297931656807
2.3836642834555812,249.4161658515954,llama-inst,lambda,10.844567717987399,1130.4309798425118,892.6678331655855,cluster,892.6678331655855
2.6875256274746584,250.74459466788258,llama-inst,lambda,14.695269326605562,1145.3070127343037,904.4149953403748,cluster,904.4149953403748
3.010990929172385,251.65123475413296,llama-inst,lambda,20.30751326546064,1155.4597642997005,912.4323222733415,cluster,912.4323222733415
3.3540601885487624,252.28872209440698,llama-inst,lambda,28.618695370449867,1162.5984852652107,918.0695585924873,cluster,918.0695585924873
3.7167334056037897,252.7298160378454,llama-inst,lambda,41.12981998925065,1167.5379505421683,921.9701078912977,cluster,921.9701078912977
4.099010580337468,253.031586770914,llama-inst,lambda,60.28061525573237,1170.9172444086287,924.6386360785058,cluster,924.6386360785058
4.5008917127497945,253.23604217997456,llama-inst,lambda,90.09743652347677,1173.2067802518743,926.4466146606477,cluster,926.4466146606477
4.922376802840772,253.37316042552717,llama-inst,lambda,137.3286286704711,1174.7422599899655,927.6591374905355,cluster,927.6591374905355
5.3634658506104005,253.4638123266155,llama-inst,lambda,213.4634984512014,1175.7573995636933,928.4607631181051,cluster,928.4607631181051
5.82415885605868,253.51989469681592,llama-inst,lambda,338.3763900893864,1176.385422061792,928.9566938671325,cluster,928.9566938671325
6.304455819185608,253.5526917907439,llama-inst,lambda,547.0038381831697,1176.7526910054087,929.246715264222,cluster,929.246715264222
6.804356739991186,253.57107673236735,llama-inst,lambda,901.7675123421931,1176.9585695537742,929.4092914505985,cluster,929.4092914505985
7.323861618475414,253.5809784116782,llama-inst,lambda,1516.0470759769194,1177.0694506979546,929.4968510030873,cluster,929.4968510030873
7.862970454638293,253.58978088541545,llama-inst,lambda,2599.229813731605,1177.1680227006386,929.5746903914408,cluster,929.5746903914408
8.421683248479821,253.63817285506283,llama-inst,lambda,4544.5466219056125,1177.7099264318338,930.0026157032344,cluster,930.0026157032344
9.0,255.2718664360923,llama-inst,lambda,8103.083927575384,1196.0043801116535,944.4492034352762,cluster,944.4492034352762
-4.0,155.05413946668082,llama-inst,gamma,0.01831563888873418,73.74462147111052,27.741784549149386,cluster,27.741784549149386
-3.7881348696404995,154.90720329394958,llama-inst,gamma,0.022637784920358565,72.09919846331007,27.12279743301787,cluster,27.12279743301787
-3.5834516081067456,154.7340361290946,llama-inst,gamma,0.02777964812822509,70.16003513850286,26.393308962004586,cluster,26.393308962004586
-3.3859502153987364,154.53209865044272,llama-inst,gamma,0.03384546657762069,67.89869562397267,25.54262192404683,cluster,25.54262192404683
-3.195630691516473,154.29921236786626,llama-inst,gamma,0.040940696282020295,65.29078471660672,24.56155915536932,cluster,24.56155915536932
-3.012493036459956,154.0337763740101,llama-inst,gamma,0.049168945860504874,62.31837510996652,23.44337663230168,cluster,23.44337663230168
-2.836537250229184,153.73501852759824,llama-inst,gamma,0.0586283301110367,58.97282019922225,22.18482161256271,cluster,22.18482161256271
-2.6677633328241575,153.40327332775738,llama-inst,gamma,0.06940729284113255,55.25786577786319,20.787303215812564,cluster,20.787303215812564
-2.5061712842448776,153.0402722282098,llama-inst,gamma,0.08157998864796816,51.192901038752176,19.258115408719615,cluster,19.258115408719615
-2.3517611044913433,152.6494238999552,llama-inst,gamma,0.09520135496206109,46.81609701618685,17.611617646771997,cluster,17.611617646771997
-2.204532793563555,152.23605237220255,llama-inst,gamma,0.11030204709424765,42.18707333950587,15.870238072917887,cluster,15.870238072917887
-2.064486351461512,151.80755115392316,llama-inst,gamma,0.12688344733000412,37.38862411953715,14.065122774000054,cluster,14.065122774000054
-1.9316217781852154,151.37340342182443,llama-inst,gamma,0.1449129910803703,32.526944017890436,12.236220825135812,cluster,12.236220825135812
-1.8059390737346641,150.94501529638484,llama-inst,gamma,0.1643200754339437,27.729761235975467,10.431581944035726,cluster,10.431581944035726
-1.6874382381098587,150.5353150661664,llama-inst,gamma,0.18499282506101947,23.14184954226615,8.70566817299186,cluster,8.70566817299186
-1.5761192713107992,150.15808981832424,llama-inst,gamma,0.2067759846842007,18.91759971742567,7.116559351429663,cluster,7.116559351429663
-1.4719821733374854,149.82706442546703,llama-inst,gamma,0.22947018441197992,15.210705850183837,5.722073232169127,cluster,5.722073232169127
-1.3750269441899174,149.5547745751341,llama-inst,gamma,0.25283278333843706,12.161545277941293,4.575017976294616,cluster,4.575017976294616
-1.2852535838680952,149.3482614379521,llama-inst,gamma,0.2765804384010906,9.848966550619657,3.705055401038389,cluster,3.705055401038389
-1.2026620923720186,149.16791354738177,llama-inst,gamma,0.30039347139367395,7.829391907856595,2.9453172194218937,cluster,2.9453172194218937
-1.127252469701688,149.00315644332127,llama-inst,gamma,0.32392202047561697,5.984406260819465,2.2512571877160146,cluster,2.2512571877160146
-1.059024715857103,148.85838554273806,llama-inst,gamma,0.3467938680124393,4.363230438339698,1.6413915529572483,cluster,1.6413915529572483
-0.9979788308382639,148.73691172678397,llama-inst,gamma,0.36862373967638806,3.002940402871301,1.1296678185951095,cluster,1.1296678185951095
-0.9441148146451706,148.64049964872584,llama-inst,gamma,0.38902377668612104,1.9232971229495512,0.7235198085567155,cluster,0.7235198085567155
-0.897432667277823,148.56905036087005,llama-inst,gamma,0.4076148003697031,1.1231925609238549,0.42253069323250403,cluster,0.42253069323250403
-0.8579323887362211,148.52052737862286,llama-inst,gamma,0.4240379221416766,0.5798217223308564,0.21812152502702525,cluster,0.21812152502702525
-0.8256139790203652,148.49119479590428,llama-inst,gamma,0.437966007957458,0.25134912374451984,0.09455432950143468,cluster,0.09455432950143468
-0.8004774381302548,148.47617600792043,llama-inst,gamma,0.44911448854020747,0.08316549109266726,0.03128579535418469,cluster,0.03128579535418469
-0.7825227660658904,148.47026444801173,llama-inst,gamma,0.4572510176774329,0.016966566042732813,0.0063826054064268,cluster,0.0063826054064268
-0.7717499628272717,148.4688458937264,llama-inst,gamma,0.46220352119841396,0.0010812886770763797,0.00040676698742889313,cluster,0.00040676698742889313
-0.7681590284143989,148.4687493347145,llama-inst,gamma,0.46386624731193543,0.0,0.0,cluster,0.0
-0.7628610739383829,148.46896293885345,llama-inst,gamma,0.46633031105842343,0.0023919852972794217,0.0008998343124976851,cluster,0.0008998343124976851
-0.7469672105103349,148.47226778009593,llama-inst,gamma,0.47380131562461064,0.03940031154144825,0.014821893883887086,cluster,0.014821893883887086
-0.7204774381302549,148.4874540845075,llama-inst,gamma,0.4865199173410601,0.20945982934286309,0.07879611206096822,cluster,0.07879611206096822
-0.6833917567981429,148.5321143751863,llama-inst,gamma,0.5049015815104027,0.7095754132185079,0.2669332060046313,cluster,0.2669332060046313
-0.6357101665139989,148.63814896695337,llama-inst,gamma,0.5295592794804562,1.8969736805967081,0.7136172658115391,cluster,0.7136172658115391
-0.5774326672778229,148.86204996949465,llama-inst,gamma,0.5613376587433767,4.404265480859246,1.656828411752279,cluster,1.656828411752279
-0.5085592590896149,149.30338818068793,llama-inst,gamma,0.6013613608932368,9.34646612090966,3.516021158556979,cluster,3.516021158556979
-0.42908994194937494,150.13633581680895,llama-inst,gamma,0.651101365221365,18.673993708506032,7.024917882811179,cluster,7.024917882811179
-0.33902471585710303,151.65657414094483,llama-inst,gamma,0.7124648396924083,35.69795090962643,13.429113109881891,cluster,13.429113109881891
-0.23836358081279907,154.32535602259276,llama-inst,gamma,0.7879161678090328,65.5835470105699,24.671692590475807,cluster,24.671692590475807
-0.1271065368164631,158.72539719607727,llama-inst,gamma,0.8806398470335537,114.85615870002036,43.20741967666231,cluster,43.20741967666231
-0.005253583868094935,165.25571967442323,llama-inst,gamma,0.9947601920687302,187.98412068852497,70.71722480595199,cluster,70.71722480595199
0.1271952780323049,173.57824327465954,llama-inst,gamma,1.1356387614326915,281.18153804495927,105.77690266804817,cluster,105.77690266804817
0.27024004888473696,182.5013537276251,llama-inst,gamma,1.3102789439840579,381.10445673502807,143.36662821715834,cluster,143.36662821715834
0.4238807286892008,190.79383592368356,llama-inst,gamma,1.5278793507431838,473.96546395703444,178.29975288414312,cluster,178.29975288414312
0.5881173174456968,197.9588729752835,llama-inst,gamma,1.8005952729872803,554.2010968669026,208.48337301733739,cluster,208.48337301733739
0.7629498151542244,204.34372270243142,llama-inst,gamma,2.1445930522585424,625.7000235581078,235.38035587784174,cluster,235.38035587784174
0.9483782218147845,209.76634713035236,llama-inst,gamma,2.5815196103804223,686.4237434598205,258.2238435916697,cluster,258.2238435916697
1.1444025374273765,214.12640326946487,llama-inst,gamma,3.1405644264954398,735.2485940956078,276.5911286893773,cluster,276.5911286893773
1.3510227619920003,217.50223494432737,llama-inst,gamma,3.8613727771194677,773.0518865390558,290.81224438966547,cluster,290.81224438966547
1.5682388955086564,220.08355956872649,llama-inst,gamma,4.79819063356237,801.9581173781891,301.6863991696363,cluster,301.6863991696363
1.7960509379773442,222.07753878732007,llama-inst,gamma,6.02580414172739,824.2871274671537,310.0862875238874,cluster,310.0862875238874
2.0344588893980644,223.62139141661805,llama-inst,gamma,7.648112530815146,841.5755227593494,316.5899609827648,cluster,316.5899609827648
2.283462749770817,224.7951578492544,llama-inst,gamma,9.810593289398442,854.7196128642157,321.53459977146144,cluster,321.53459977146144
2.5430625190956,225.68933268804972,llama-inst,gamma,12.71856222751928,864.7327758954942,325.3014237910011,cluster,325.3014237910011
2.8132581973724164,226.3966555640691,llama-inst,gamma,16.66412487071451,872.6535302782468,328.28111040637185,cluster,328.28111040637185
3.094049784601264,226.99271182265824,llama-inst,gamma,22.066260871600704,879.3282970398656,330.7920723955007,cluster,330.7920723955007
3.3854372807821447,227.55703660330903,llama-inst,gamma,29.530903189639,885.6477278559461,333.1693615411456,cluster,333.1693615411456
3.687420685915056,228.16480588435138,llama-inst,gamma,39.94169181145038,892.4536595735942,335.72966611117016,cluster,335.72966611117016
4.0,228.83022921888306,llama-inst,gamma,54.598150033144236,899.9052138383726,338.53284563594076,cluster,338.53284563594076
-12.0,209.29982987720624,llama-inst-chat,alpha,6.144174602214718e-06,22.76563518511462,2866772.565312072,quasi,22.76563518511462
-10.426666666666666,209.29982489060296,llama-inst-chat,alpha,2.9630797012566628e-05,22.765592501647877,2866767.190377859,quasi,22.765592501647877
-8.906666666666666,209.29980242231403,llama-inst-chat,alpha,0.00013546433804005167,22.765400181462983,2866742.972374481,quasi,22.765400181462983
-7.440000000000001,209.29970661040164,llama-inst-chat,alpha,0.0005869404960808018,22.76458006717832,2866639.6991245775,quasi,22.76458006717832
-6.026666666666667,209.29932079480287,llama-inst-chat,alpha,0.002407714589628579,22.761277629350747,2866223.838197098,quasi,22.761277629350747
-4.666666666666668,209.29786552236556,llama-inst-chat,alpha,0.009315959345066677,22.748821039307085,2864655.236649013,quasi,22.748821039307085
-3.360000000000003,209.29286346100494,llama-inst-chat,alpha,0.03356922328148242,22.706005257090034,2859263.640551467,quasi,22.706005257090034
-2.1066666666666656,209.27846422129426,llama-inst-chat,alpha,0.10845054310496317,22.58275312819809,2843743.062326847,quasi,22.58275312819809
-0.9066666666666645,209.2502796643495,llama-inst-chat,alpha,0.28768242435513536,22.34150381815714,2813363.637469944,quasi,22.34150381815714
0.240000000000002,208.69499431487785,llama-inst-chat,alpha,0.5597136492671935,17.588468044045637,2214835.529276459,quasi,17.588468044045637
1.333333333333334,207.51331866344137,llama-inst-chat,alpha,0.791391472673955,7.473764585692017,941137.0734725647,quasi,7.473764585692017
2.373333333333335,206.94440319975914,llama-inst-chat,alpha,0.9147711032344306,2.6040601105068943,327917.4080811882,quasi,2.6040601105068943
3.3599999999999994,206.75095952239153,llama-inst-chat,alpha,0.9664307767185175,0.948254280803719,119409.33494907645,quasi,0.948254280803719
4.293333333333335,206.68326186905165,llama-inst-chat,alpha,0.9865247445361236,0.36878758236841735,46439.73756782408,quasi,0.36878758236841735
5.173333333333334,206.65795815944307,llama-inst-chat,alpha,0.9943662669673444,0.1521972525465722,19165.505577532578,quasi,0.1521972525465722
6.0,206.64793167219102,llama-inst-chat,alpha,0.9975273768433653,0.06637425605836575,8358.207217320984,quasi,0.06637425605836575
6.773333333333333,206.64374264420428,llama-inst-chat,alpha,0.9988574315848021,0.03051773670543276,3842.959338984567,quasi,0.03051773670543276
7.493333333333333,206.64190229195026,llama-inst-chat,alpha,0.9994435259184148,0.014765006854641712,1859.2899443986432,quasi,0.014765006854641712
8.16,206.64105345414663,llama-inst-chat,alpha,0.999714219299158,0.007499271407249748,944.3490311304747,quasi,0.007499271407249748
8.773333333333333,206.6406429319706,llama-inst-chat,alpha,0.9998452172640733,0.0039853544804442954,501.8575056079083,quasi,0.0039853544804442954
9.333333333333334,206.64043502615024,llama-inst-chat,alpha,0.9999115808299811,0.002205758093181423,277.76105238575343,quasi,0.002205758093181423
9.84,206.64032494138314,llama-inst-chat,alpha,0.9999467255272021,0.0012634734881320662,159.1034514663782,quasi,0.0012634734881320662
10.293333333333333,206.64026412444053,llama-inst-chat,alpha,0.9999661430814437,0.0007429031108304332,93.55039907721148,quasi,0.0007429031108304332
10.693333333333333,206.64022916703215,llama-inst-chat,alpha,0.9999773047754719,0.0004436807149963733,55.870688042181406,quasi,0.0004436807149963733
11.04,206.64020834460644,llama-inst-chat,alpha,0.999983953439761,0.0002654485062747421,33.42671922411678,quasi,0.0002654485062747421
11.333333333333334,206.64019556883514,llama-inst-chat,alpha,0.9999880328516584,0.00015609266234784281,19.656036760085836,quasi,0.00015609266234784281
11.573333333333334,206.64018757216235,llama-inst-chat,alpha,0.9999905862836593,8.764412162504888e-05,11.036624339383643,quasi,8.764412162504888e-05
11.76,206.64018255217223,llama-inst-chat,alpha,0.9999921892362749,4.467487596956906e-05,5.625703291249299,quasi,4.467487596956906e-05
11.893333333333333,206.6401794988097,llama-inst-chat,alpha,0.9999931642213216,1.8539229793585127e-05,2.3345606183225174,quasi,1.8539229793585127e-05
11.973333333333333,206.64017785292785,llama-inst-chat,alpha,0.9999936897776452,4.451094273554327e-06,0.5605059927072256,quasi,4.451094273554327e-06
12.0,206.64017733291757,llama-inst-chat,alpha,0.9999938558253978,0.0,0.0,quasi,0.0
-9.0,208.86504829612926,llama-inst-chat,lambda,0.00012340980408667956,19.044066786542817,107.43570116445673,quasi,19.044066786542817
-8.331128566352128,208.86495387401584,llama-inst-chat,lambda,0.00024090001975171,19.04325856841968,107.43114166139857,quasi,19.04325856841968
-7.684930740624519,208.86477802876811,llama-inst-chat,lambda,0.0004597026269758313,19.041753398593144,107.42265035660017,quasi,19.041753398593144
-7.061406522817179,208.86445826529663,llama-inst-chat,lambda,0.0008575710520552605,19.03901634237394,107.40720945538236,quasi,19.03901634237394
-6.460555912930104,208.86389054750353,llama-inst-chat,lambda,0.0015639260619725842,19.034156889512836,107.37979520971413,quasi,19.034156889512836
-5.882378910963298,208.8629065283634,llama-inst-chat,lambda,0.0027881446315874843,19.02573405217359,107.33227839277167,quasi,19.02573405217359
-5.326875516916758,208.86124157462535,llama-inst-chat,lambda,0.004859228896562832,19.011482668291972,107.25188025948181,quasi,19.011482668291972
-4.794045730790483,208.85849186061364,llama-inst-chat,lambda,0.008278895354391004,18.98794614048931,107.11910067013262,quasi,18.98794614048931
-4.283889552584476,208.85405966888442,llama-inst-chat,lambda,0.013788924898940782,18.950008230067652,106.90507674065631,quasi,18.950008230067652
-3.7964069822987376,208.84708771303963,llama-inst-chat,lambda,0.022451295009365133,18.890330884757997,106.56841138924582,quasi,18.890330884757997
-3.3315980199332653,208.83638593980885,llama-inst-chat,lambda,0.03573595264979757,18.798727691803755,106.05163871803799,quasi,18.798727691803755
-2.88946266548806,208.82035788846918,llama-inst-chat,lambda,0.05560608365321422,18.66153354202247,105.27766801930944,quasi,18.66153354202247
-2.4700009189631222,208.79693812604353,llama-inst-chat,lambda,0.0845847812712343,18.46106909840586,104.1467626144979,quasi,18.46106909840586
-2.0732127803584506,208.76355720644688,llama-inst-chat,lambda,0.12578102504933447,18.175340859462423,102.53484778362441,quasi,18.175340859462423
-1.6990982496740465,208.71715548506006,llama-inst-chat,lambda,0.1828483332773136,17.778159406824187,100.29417785046394,quasi,17.778159406824187
-1.3476573269099088,208.65427081950526,llama-inst-chat,lambda,0.2598482877546708,17.239890091220214,97.25757112221568,quasi,17.239890091220214
-1.0188900120660382,208.5712245538731,llama-inst-chat,lambda,0.36099541842761507,16.529044988190567,93.24739079049806,quasi,16.529044988190567
-0.7127963051424346,208.4644169598035,llama-inst-chat,lambda,0.4902713306352131,15.614811763700398,88.08981134059036,quasi,15.614811763700398
-0.429376206139098,208.330700240421,llama-inst-chat,lambda,0.6509150048920392,14.470246448900609,81.63283035526187,quasi,14.470246448900609
-0.16862971505602764,208.1677010497092,llama-inst-chat,lambda,0.8448216702208601,13.07503408584866,73.76184249442713,quasi,13.07503408584866
0.06944316810677509,207.9738310548161,llama-inst-chat,lambda,1.0719111407341777,11.415579136910239,64.40014953313123,quasi,11.415579136910239
0.28484244334931086,207.74788493352943,llama-inst-chat,lambda,1.3295525317743142,9.481564492873582,53.48954825907818,quasi,9.481564492873582
0.4775681106715798,207.4906599039408,llama-inst-chat,lambda,1.6121490630300435,7.279814043676791,41.068535145126766,quasi,7.279814043676791
0.6476201700735819,207.21891564383657,llama-inst-chat,lambda,1.910987587742627,4.953784388988694,27.946410040140176,quasi,4.953784388988694
0.7949986215553169,206.97898923182288,llama-inst-chat,lambda,2.21443794432176,2.900103663321584,16.360721373794654,quasi,2.900103663321584
0.9197034651167852,206.80882638125632,llama-inst-chat,lambda,2.5085464081172986,1.443573040035429,8.143811060771192,quasi,1.443573040035429
1.0217347007579864,206.70956387353118,llama-inst-chat,lambda,2.7780096019675624,0.5939229444682951,3.3505725794712737,quasi,0.5939229444682951
1.1010923284789207,206.66196768827916,llama-inst-chat,lambda,3.007449352960222,0.18651732602485627,1.0522237674024528,quasi,0.18651732602485627
1.157776348279588,206.6444374209098,llama-inst-chat,lambda,3.1828478561714375,0.036464766533507144,0.20571329665226115,quasi,0.036464766533507144
1.1917867601599885,206.6404414801164,llama-inst-chat,lambda,3.292959683276456,0.002261001639759044,0.012755274344718709,quasi,0.002261001639759044
1.203123564120122,206.64017733291757,llama-inst-chat,lambda,3.3305037343219706,0.0,0.0,quasi,0.0
1.2117867601599883,206.6403307754431,llama-inst-chat,lambda,3.359481881532721,0.0013134108683775134,0.007409510749083662,quasi,0.0013134108683775134
1.237776348279588,206.64261428295947,llama-inst-chat,lambda,3.447937920967485,0.020859384710725723,0.11767668362933714,quasi,0.020859384710725723
1.2810923284789206,206.65234578738267,llama-inst-chat,lambda,3.6005705840734312,0.10415743805105947,0.5875965209498443,quasi,0.10415743805105947
1.3417347007579865,206.6777994723427,llama-inst-chat,lambda,3.8256741524614113,0.3220315010227403,1.8167170120338194,quasi,0.3220315010227403
1.4197034651167852,206.72909883489945,llama-inst-chat,lambda,4.135893821601395,0.7611349379372301,4.29388673410005,quasi,0.7611349379372301
1.514998621555317,206.81643034263243,llama-inst-chat,lambda,4.549414855724605,1.5086601173011613,8.51099501686456,quasi,1.5086601173011613
1.627620170073582,206.94770533177982,llama-inst-chat,lambda,5.091742806410483,2.6323251307168776,14.850068490162407,quasi,2.6323251307168776
1.75756811067158,207.1261082159021,llama-inst-chat,lambda,5.7983193636331505,4.159387372219672,23.46487773634457,quasi,4.159387372219672
1.904842443349311,207.3482215064133,llama-inst-chat,lambda,6.7183490236717605,6.060594412365521,34.19039732763302,quasi,6.060594412365521
2.069443168106775,207.60348731487912,llama-inst-chat,lambda,7.920411551953584,8.245574658467744,46.51680257508565,quasi,8.245574658467744
2.251370284943972,207.87551835033096,llama-inst-chat,lambda,9.500745649467296,10.574059003321162,59.652775633978756,quasi,10.574059003321162
2.4506237938609026,208.1451476998632,llama-inst-chat,lambda,11.595577713855404,12.881985811216438,72.67277486112324,quasi,12.881985811216438
2.667203694857566,208.39433239828466,llama-inst-chat,lambda,14.3996470354947,15.014914020263,84.7055323724702,quasi,15.014914020263
2.901109987933962,208.6096124572556,llama-inst-chat,lambda,18.194329651595663,16.857631143477683,95.10108540215266,quasi,16.857631143477683
3.152342673090091,208.7840739830014,llama-inst-chat,lambda,23.390797437027974,18.350956825246353,103.52557232954976,quasi,18.350956825246353
3.420901750325954,208.9174043474738,llama-inst-chat,lambda,30.596993433562112,19.492215085914577,109.96389681238873,quasi,19.492215085914577
3.7067872196415492,209.01428665057725,llama-inst-chat,lambda,40.722762839823446,20.321491516433014,114.64219876178447,quasi,20.321491516433014
4.009999081036877,209.0819501846329,llama-inst-chat,lambda,55.14681988554672,20.900666166503058,117.90956992385809,quasi,20.900666166503058
4.33053733451194,209.12792034083697,llama-inst-chat,lambda,75.98510502094489,21.294153581914557,120.12940021787895,quasi,21.294153581914557
4.668401980066735,209.15864147293846,llama-inst-chat,lambda,106.52737347595908,21.557115030543667,121.61287787679228,quasi,21.557115030543667
5.023593017701262,209.17900997904718,llama-inst-chat,lambda,151.95630580336822,21.731461856535184,122.59644266398534,quasi,21.731461856535184
5.396110447415523,209.1924785556422,llama-inst-chat,lambda,220.54691692323118,21.846747855784734,123.24682014389276,quasi,21.846747855784734
5.785954269209516,209.20137892448287,llama-inst-chat,lambda,325.6926903732564,21.92293169809706,123.67660568329293,quasi,21.92293169809706
6.193124483083245,209.20725386347385,llama-inst-chat,lambda,489.37275687563624,21.973218987724714,123.96029772666598,quasi,21.973218987724714
6.617621089036705,209.21108915306598,llama-inst-chat,lambda,748.1631648679307,22.006047638170518,124.1454981420216,quasi,22.006047638170518
7.059444087069897,209.2130345553085,llama-inst-chat,lambda,1163.7980155450118,22.02269955679667,124.23943871539737,quasi,22.02269955679667
7.518593477182824,209.21399112457198,llama-inst-chat,lambda,1841.9746917709306,22.03088743341553,124.28563001872847,quasi,22.03088743341553
7.995069259375483,209.21450404234153,llama-inst-chat,lambda,2966.2958337382697,22.03527781848546,124.31039805297542,quasi,22.03527781848546
8.488871433647875,209.37079919249007,llama-inst-chat,lambda,4860.377718098531,23.373106091251806,131.85765779183808,quasi,23.373106091251806
9.0,211.0924889753414,llama-inst-chat,lambda,8103.083927575384,38.11012938495271,214.99549008270614,quasi,38.11012938495271
-4.0,209.3247922406137,llama-inst-chat,gamma,0.01831563888873418,22.979303718590167,142.75038124691667,quasi,22.979303718590167
-3.6830125091996604,209.32357151254467,llama-inst-chat,gamma,0.025147104728568532,22.968854740982387,142.68547085818525,quasi,22.968854740982387
-3.376770357070519,209.321968429861,llama-inst-chat,gamma,0.034157593614943374,22.955132950282035,142.60022933486266,quasi,22.955132950282035
-3.0812735436125744,209.31989136936528,llama-inst-chat,gamma,0.04590076278644869,22.93735408604496,142.4897847505071,quasi,22.93735408604496
-2.7965220688258285,209.3172376347847,llama-inst-chat,gamma,0.06102192404388546,22.914639106425064,142.34867638445454,quasi,22.914639106425064
-2.5225159327102804,209.31389665574773,llama-inst-chat,gamma,0.08025743023095987,22.886041570224226,142.1710248226237,quasi,22.886041570224226
-2.2592551352659305,209.30975567154042,llama-inst-chat,gamma,0.10442824070607983,22.85059628772919,141.95083418275337,quasi,22.85059628772919
-2.0067396764927774,209.30470863020727,llama-inst-chat,gamma,0.134426233999421,22.807395493700188,141.6824653107749,quasi,22.807395493700188
-1.764969556390823,209.29866901171303,llama-inst-chat,gamma,0.17119199810789484,22.755698608859934,141.36131763325608,quasi,22.755698608859934
-1.5339447749600668,209.2915870693867,llama-inst-chat,gamma,0.21568316540720844,22.695079820233087,140.98474594539383,quasi,22.695079820233087
-1.3136653322005087,209.2834714139188,llama-inst-chat,gamma,0.26883288650164755,22.62561283212313,140.5532081077722,quasi,22.62561283212313
-1.1041312281121485,209.2744137244352,llama-inst-chat,gamma,0.3314987539747514,22.5480823837018,140.07157902075005,quasi,22.5480823837018
-0.905342462694986,209.2646134779577,llama-inst-chat,gamma,0.40440336831858115,22.464195923979958,139.55046557652244,quasi,22.464195923979958
-0.7172990359490214,209.25439700219553,llama-inst-chat,gamma,0.48806873338381895,22.376746696606723,139.00721976280445,quasi,22.376746696606723
-0.5400009478742553,209.2442225284065,llama-inst-chat,gamma,0.5827477000021857,22.28965699047997,138.46620734116968,quasi,22.28965699047997
-0.3734481984706868,209.23466178300447,llama-inst-chat,gamma,0.6883566432996268,22.20782057076115,137.95782900830952,quasi,22.20782057076115
-0.2176407877383164,209.2263511766564,llama-inst-chat,gamma,0.8044143452708901,22.1366848757271,137.51592494930355,quasi,22.1366848757271
-0.0725787156771438,209.21991334210287,llama-inst-chat,gamma,0.9299925387865833,22.081579409735802,137.17360272860537,quasi,22.081579409735802
0.06173801771283072,208.9785195003787,llama-inst-chat,gamma,1.0636836419486897,20.01533803229465,124.33784634581906,quasi,20.01533803229465
0.1853094124316076,208.44915929149374,llama-inst-chat,gamma,1.2035907884726431,15.484211805724305,96.18990921761335,quasi,15.484211805724305
0.29813546847918615,207.8951764792125,llama-inst-chat,gamma,1.3473442982000945,10.742325264829615,66.73270199184672,quasi,10.742325264829615
0.40021618585556684,207.4407778240813,llama-inst-chat,gamma,1.4921472439035992,6.852842018780137,42.570733334028645,quasi,6.852842018780137
0.4915515645607495,207.11545675718125,llama-inst-chat,gamma,1.6348508297510906,4.068214852730706,25.27227231658292,quasi,4.068214852730706
0.5721416045947343,206.9027494210588,llama-inst-chat,gamma,1.7720580382242301,2.2475192788821,13.961877951100034,quasi,2.2475192788821
0.641986305957521,206.7736452989339,llama-inst-chat,gamma,1.9002516142507246,1.1424360786343288,7.096959410626061,quasi,1.1424360786343288
0.7010856686491098,206.70104512405862,llama-inst-chat,gamma,2.0159401628630493,0.5210056218119639,3.2365537292270807,quasi,0.5210056218119639
0.7494396926695007,206.66392727511112,llama-inst-chat,gamma,2.115814178232692,0.20329065945358465,1.2628676436988557,quasi,0.20329065945358465
0.7870483780186935,206.64740267436542,llama-inst-chat,gamma,2.196902421568844,0.061846231697766804,0.3841967216090657,quasi,0.061846231697766804
0.8139117246966885,206.64156412552268,llama-inst-chat,gamma,2.256718404594068,0.011870428185439338,0.07374062198693863,quasi,0.011870428185439338
0.8300297327034855,206.64026250414156,llama-inst-chat,gamma,2.2933869278439802,0.0007290339550963654,0.0045288524102565205,quasi,0.0007290339550963654
0.8354024020390844,206.64017733291757,llama-inst-chat,gamma,2.3057416967910607,0.0,0.0,quasi,0.0
0.8389186215923744,206.64021346067938,llama-inst-chat,gamma,2.3138634614159566,0.0003092401851585062,0.0019210396828747871,quasi,0.0003092401851585062
0.849467280252244,206.64074870673886,llama-inst-chat,gamma,2.3384008077708267,0.004890747100665696,0.03038194811087662,quasi,0.004890747100665696
0.8670483780186936,206.6430140645357,llama-inst-chat,gamma,2.3798759822293287,0.024281366103561755,0.15083895974077227,quasi,0.024281366103561755
0.891661914891723,206.6488988396722,llama-inst-chat,gamma,2.4391799942510306,0.07465284947339508,0.46375307337422,quasi,0.07465284947339508
0.9233078908713321,206.66071884211368,llama-inst-chat,gamma,2.5176045923665864,0.17582766798409996,1.0922640192174835,quasi,0.17582766798409996
0.9619863059575211,206.68091927642377,llama-inst-chat,gamma,2.616889257208894,0.34873586197800327,2.166391891655033,quasi,0.34873586197800327
1.0076971601502898,206.7117463371024,llama-inst-chat,gamma,2.739285610062149,0.6126040197740938,3.805574722675314,quasi,0.6126040197740938
1.0604404534496386,206.75493464238633,llama-inst-chat,gamma,2.887642581345119,0.9822798274162391,6.102048241844054,quasi,0.9822798274162391
1.1202161858555668,206.81146516257053,llama-inst-chat,gamma,3.0655168530462995,1.4661600252645561,9.107974076959767,quasi,1.4661600252645561
1.187024357368075,206.88144388538933,llama-inst-chat,gamma,3.277314566630644,2.06515182884964,12.828987967227237,quasi,2.06515182884964
1.260864967987163,206.96413042884092,llama-inst-chat,gamma,3.5284721832801593,2.7729178439929494,17.22572120738988,quasi,2.7729178439929494
1.341738017712831,207.05810860950118,llama-inst-chat,gamma,3.8256868420708705,3.577336068045011,22.22287036263176,quasi,3.577336068045011
1.4296435065450788,207.16154605350732,llama-inst-chat,gamma,4.177209778510082,4.462722063212463,27.723001694225857,quasi,4.462722063212463
1.5245814344839062,207.27245332980422,llama-inst-chat,gamma,4.593220603138814,5.412047040631725,33.62033018221603,quasi,5.412047040631725
1.6265518015293132,207.38884285917925,llama-inst-chat,gamma,5.086305853412537,6.408298062521399,39.809169275601164,quasi,6.408298062521399
1.7355546076813004,207.50871316897016,llama-inst-chat,gamma,5.672072706722753,7.434343268345995,46.183093659982745,quasi,7.434343268345995
1.851589852939867,207.6298407988998,llama-inst-chat,gamma,6.369938742270962,8.47115066626624,52.623874161656666,quasi,8.47115066626624
1.974657537305014,207.7494917805999,llama-inst-chat,gamma,7.204152077982533,9.495318505322679,58.98613610294699,quasi,9.495318505322679
2.10475766077674,207.86441990012653,llama-inst-chat,gamma,8.205114347602384,10.479060403215762,65.09726691406883,quasi,10.479060403215762
2.241890223355047,207.97137062824532,llama-inst-chat,gamma,9.411103573127122,11.394518801856304,70.78421187210549,quasi,11.394518801856304
2.386055225039933,208.06762201946304,llama-inst-chat,gamma,10.870527467664372,12.218394861617492,75.9022355977753,quasi,12.218394861617492
2.5372526658313985,208.1516017871042,llama-inst-chat,gamma,12.644883485833047,12.937230394159029,80.36773409941704,quasi,12.937230394159029
2.695482545729445,208.22376836224538,llama-inst-chat,gamma,14.812664817146976,13.554949398752811,84.20508376366692,quasi,13.554949398752811
2.860744864734071,208.28682299122138,llama-inst-chat,gamma,17.474538257433522,14.094673537938972,87.55791932302544,quasi,14.094673537938972
3.0330396228452763,208.34464106905278,llama-inst-chat,gamma,20.760240081396148,14.589574749693398,90.63230910970779,quasi,14.589574749693398
3.2123668200630613,208.40110667661042,llama-inst-chat,gamma,24.837803322000177,15.072899319635262,93.6347833130226,quasi,15.072899319635262
3.3987264563874264,208.45976979948972,llama-inst-chat,gamma,29.925963748449583,15.575033802260613,96.75410710584943,quasi,15.575033802260613
3.5921185318183713,208.52321648448935,llama-inst-chat,gamma,36.31092033916172,16.118113794986822,100.1277896577068,quasi,16.118113794986822
3.7925430463558953,208.59180737753024,llama-inst-chat,gamma,44.36908957976098,16.705226292573524,103.77500777587498,quasi,16.705226292573524
4.0,208.66233735083415,llama-inst-chat,gamma,54.598150033144236,17.308936594996517,107.52533358595835,quasi,17.308936594996517
-12.0,149.17724845711427,olmo-base,alpha,6.144174602214718e-06,403.53364855470926,3353106.0561118512,quasi,403.53364855470926
-10.426666666666666,149.1769046169102,olmo-base,alpha,2.9630797012566628e-05,403.528781389131,3353065.613084523,quasi,403.528781389131
-8.906666666666666,149.17535502279856,olmo-base,alpha,0.00013546433804005167,403.50684640005386,3352883.3473800924,quasi,403.50684640005386
-7.440000000000001,149.1687407568401,olmo-base,alpha,0.0005869404960808018,403.4132193976916,3352105.3669817764,quasi,403.4132193976916
-6.026666666666667,149.14200269855462,olmo-base,alpha,0.002407714589628579,403.0347338239367,3348960.3943777466,quasi,403.0347338239367
-4.666666666666668,149.03963406097773,olmo-base,alpha,0.009315959345066677,401.5856737570413,3336919.6337041846,quasi,401.5856737570413
-3.360000000000003,148.66868194879618,olmo-base,alpha,0.03356922328148242,396.334730643834,3293287.6609647237,quasi,396.334730643834
-2.1066666666666656,147.41085327393372,olmo-base,alpha,0.10845054310496317,378.52977253476394,3145339.8675696296,quasi,378.52977253476394
-0.9066666666666645,143.86637150024126,olmo-base,alpha,0.28768242435513536,328.35652496918584,2728432.3287076494,quasi,328.35652496918584
0.240000000000002,135.61532463383782,olmo-base,alpha,0.5597136492671935,211.5603771723865,1757931.1774142215,quasi,211.5603771723865
1.333333333333334,126.74104515309092,olmo-base,alpha,0.791391472673955,85.94217688755268,714124.4226577048,quasi,85.94217688755268
2.373333333333335,122.67726358901416,olmo-base,alpha,0.9147711032344306,28.41807844806498,236136.02307652307,quasi,28.41807844806498
3.3599999999999994,121.36631125768494,olmo-base,alpha,0.9664307767185175,9.861138374444089,81939.74138695051,quasi,9.861138374444089
4.293333333333335,120.9339272962342,olmo-base,alpha,0.9865247445361236,3.740608230300212,31082.057606556697,quasi,3.740608230300212
5.173333333333334,120.7775574540768,olmo-base,alpha,0.9943662669673444,1.5271442309690466,12689.59004474282,quasi,1.5271442309690466
6.0,120.71650908601302,olmo-base,alpha,0.9975273768433653,0.6629854963770275,5508.984668263025,quasi,0.6629854963770275
6.773333333333333,120.6911654865547,olmo-base,alpha,0.9988574315848021,0.30423892324944435,2528.0305117216367,quasi,0.30423892324944435
7.493333333333333,120.6800622742132,olmo-base,alpha,0.9994435259184148,0.1470694815223657,1222.053156974881,quasi,0.1470694815223657
8.16,120.67494748702181,olmo-base,alpha,0.999714219299158,0.07466806986792349,620.4438171860979,quasi,0.07466806986792349
8.773333333333333,120.67247529057181,olmo-base,alpha,0.9998452172640733,0.03967335627192401,329.6601699960494,quasi,0.03967335627192401
9.333333333333334,120.67122362954521,olmo-base,alpha,0.9999115808299811,0.021955703152103177,182.43782512111923,quasi,0.021955703152103177
9.84,120.67056098244784,olmo-base,alpha,0.9999467255272021,0.012575726335240622,104.4962279743661,quasi,0.012575726335240622
10.293333333333333,120.67019492883838,olmo-base,alpha,0.9999661430814437,0.007394123059484178,61.44042485475986,quasi,0.007394123059484178
10.693333333333333,120.66998453174386,olmo-base,alpha,0.9999773047754719,0.004415886413219228,36.69318662346934,quasi,0.004415886413219228
11.04,120.66985921173557,olmo-base,alpha,0.999983953439761,0.002641942518871904,21.952849512443464,quasi,0.002641942518871904
11.333333333333334,120.6697823218272,olmo-base,alpha,0.9999880328516584,0.001553541828925112,12.90893716954966,quasi,0.001553541828925112
11.573333333333334,120.66973419499385,olmo-base,alpha,0.9999905862836593,0.0008722914576926521,7.248183094420003,quasi,0.0008722914576926521
11.76,120.6697039830852,olmo-base,alpha,0.9999921892362749,0.00044463244603139035,3.694610729170833,quasi,0.00044463244603139035
11.893333333333333,120.6696856070415,olmo-base,alpha,0.9999931642213216,0.00018451380285160288,1.5331914748468816,quasi,0.00018451380285160288
11.973333333333333,120.66967570165706,olmo-base,alpha,0.9999936897776452,4.4299989456971425e-05,0.36810452725783865,quasi,4.4299989456971425e-05
12.0,120.66967257209075,olmo-base,alpha,0.9999938558253978,0.0,0.0,quasi,0.0
-9.0,120.66967257209075,olmo-base,lambda,0.00012340980408667956,0.0,0.0,quasi,0.0
-8.98,120.66969262816465,olmo-base,lambda,0.00012590284750166984,0.00028389999599364184,1.3632311113299096,quasi,0.00028389999599364184
-8.92,120.66975526066715,olmo-base,lambda,0.00013368824479140023,0.0011704826486282874,5.620424038039268,quasi,0.0011704826486282874
-8.82,120.66986837406438,olmo-base,lambda,0.00014774836023203364,0.002771638147440296,13.308853135820497,quasi,0.002771638147440296
-8.68,120.67004699869526,olmo-base,lambda,0.0001699510675990275,0.00530012563828043,25.450145354080927,quasi,0.00530012563828043
-8.5,120.67031666097598,olmo-base,lambda,0.00020346836901064417,0.009117279522536667,43.77935636213058,quasi,0.009117279522536667
-8.28,120.6707195099248,olmo-base,lambda,0.0002535372000347304,0.014819732329645898,71.1613964721839,quasi,0.014819732329645898
-8.02,120.67132527761365,olmo-base,lambda,0.00032882002281403995,0.02339456333756314,112.33602334555303,quasi,0.02339456333756314
-7.72,120.67225107310523,olmo-base,lambda,0.000443860603902874,0.036499487938677036,175.26325539902325,quasi,0.036499487938677036
-7.38,120.67369782049639,olmo-base,lambda,0.0006236008859994445,0.056978649535757146,273.60010153169304,quasi,0.056978649535757146
-7.0,120.67601893009963,olmo-base,lambda,0.0009118819655545162,0.08983468158387366,431.36820901644313,quasi,0.08983468158387366
-6.58,120.67985311003858,olmo-base,lambda,0.001387849294835929,0.1441086972427078,691.981198544581,quasi,0.1441086972427078
-6.119999999999999,120.68638845749724,olmo-base,lambda,0.002198455963042533,0.23661858356922733,1136.1952067361458,quasi,0.23661858356922733
-5.619999999999999,120.69790349174414,olmo-base,lambda,0.0036246411089657592,0.39961749310906997,1918.8834340460874,quasi,0.39961749310906997
-5.08,120.71891241658052,olmo-base,lambda,0.006219909015942573,0.6970053918777589,3346.880762174214,quasi,0.6970053918777589
-4.5,120.75868195575032,olmo-base,lambda,0.011108996538242306,1.259955651389597,6050.055537544664,quasi,1.259955651389597
-3.88,120.83702178242217,olmo-base,lambda,0.020650825181712566,2.368880388152052,11374.890770412245,quasi,2.368880388152052
-3.2200000000000006,120.99844411345211,olmo-base,lambda,0.03995505826065388,4.653863946958906,22346.925713000273,quasi,4.653863946958906
-2.5200000000000005,121.34993709083341,olmo-base,lambda,0.0804596067495324,9.629356923846794,46238.24982717511,quasi,9.629356923846794
-1.7800000000000002,122.17493357972151,olmo-base,lambda,0.16863814726859547,21.307440130519506,102314.07431712026,quasi,21.307440130519506
-1.0,124.3235470706893,olmo-base,lambda,0.36787944117144233,51.72173578445485,248357.451033333,quasi,51.72173578445485
-0.1800000000000015,130.20748933412278,olmo-base,lambda,0.8352702114112708,135.0107779332804,648294.8060612986,quasi,135.0107779332804
0.6799999999999979,140.95124197720313,olmo-base,lambda,1.9738777322304435,287.0919552567143,1378558.2625624707,quasi,287.0919552567143
1.5799999999999983,150.91745829524555,olmo-base,lambda,4.854955811237425,428.16686282954464,2055971.808688695,quasi,428.16686282954464
2.520000000000003,154.8017870257982,olmo-base,lambda,12.428596663577583,483.1507503108109,2319993.4610102545,quasi,483.1507503108109
3.5000000000000018,154.82849065890065,olmo-base,lambda,33.115451958692375,483.52874858533823,2321808.5332720946,quasi,483.52874858533823
4.520000000000001,154.90480024117485,olmo-base,lambda,91.8355979781569,484.6089345779667,2326995.3707921873,quasi,484.6089345779667
5.580000000000002,155.1343252803086,olmo-base,lambda,265.0716057862274,487.8579332599261,2342596.413928574,quasi,487.8579332599261
6.6800000000000015,155.87901434188916,olmo-base,lambda,796.3191120159067,498.39923972773636,2393213.6634311206,quasi,498.39923972773636
7.82,158.65917722791264,olmo-base,lambda,2489.905408044465,537.7533145006402,2582184.0750024808,quasi,537.7533145006402
9.0,172.02598466742091,olmo-base,lambda,8103.083927575384,726.9646524743723,3490739.1513749612,quasi,726.9646524743723
-4.0,154.8023170184982,olmo-base,gamma,0.01831563888873418,483.1582525231631,168.82977933680252,quasi,483.1582525231631
-3.6978502673855367,154.80226071250462,olmo-base,gamma,0.02477673261053431,483.1574554942219,168.82950083132408,quasi,483.1574554942219
-3.4059428985885134,154.8021875369183,olmo-base,gamma,0.03317552417495834,483.1564196709217,168.82913888403604,quasi,483.1564196709217
-3.1242778936089297,154.80209353696387,olmo-base,gamma,0.04396867222192419,483.1550890721809,168.82867393349318,quasi,483.1550890721809
-2.8528552524467847,154.80197420539147,olmo-base,gamma,0.05767939629882274,483.15339989646884,168.82808368555425,quasi,483.15339989646884
-2.59167497510208,154.8018245340185,olmo-base,gamma,0.07489448856321712,483.1512812513947,168.82734336832178,quasi,483.1512812513947
-2.340737061574814,154.80163912493714,olmo-base,gamma,0.09625666498879847,483.1486567278865,168.8264262822067,quasi,483.1486567278865
-2.100041511864987,154.79347892983375,olmo-base,gamma,0.12245134496377463,483.0331466151968,168.78606363345816,quasi,483.0331466151968
-1.8695883259725998,154.74572717311963,olmo-base,gamma,0.15418712358559358,482.3572055709824,168.5498698465499,quasi,482.3572055709824
-1.6493775038976524,154.625281988775,olmo-base,gamma,0.19216949615785292,480.6522663335857,167.95411366577653,quasi,480.6522663335857
-1.439409045640144,154.38098374297658,olmo-base,gamma,0.23706781355302822,477.19414829295863,166.7457449735918,quasi,477.19414829295863
-1.2396829512000753,153.93513699337933,olmo-base,gamma,0.2894759814040449,470.88304817392833,164.54045998693564,quasi,470.88304817392833
-1.0501992205774462,153.17605129396836,olmo-base,gamma,0.3498680412545575,460.13795279702055,160.78580595388823,quasi,460.13795279702055
-0.8709578537722562,151.95634192712714,olmo-base,gamma,0.4185504470550907,442.87258540966707,154.7527760905807,quasi,442.87258540966707
-0.7019588507845058,150.10822343981562,olmo-base,gamma,0.4956135193805673,416.7118904717989,145.61145576625083,quasi,416.7118904717989
-0.5432022116141948,147.4909334242073,olmo-base,gamma,0.5808851537621348,379.66333209616045,132.66559402707705,quasi,379.66333209616045
-0.39468793626132315,144.07482718280457,olmo-base,gamma,0.6738903031667534,331.3072803222893,115.76855975735758,quasi,331.3072803222893
-0.256416024725891,140.02812195647255,olmo-base,gamma,0.7738199735755109,274.0249027819015,95.752403333397,quasi,274.0249027819015
-0.1283864770078983,135.72838960089996,olmo-base,gamma,0.8795134017442388,213.16084712698105,74.48470267403496,quasi,213.16084712698105
-0.010599293107344754,131.64690064306097,olmo-base,gamma,0.9894566814616658,155.38609499318827,54.29649600872693,quasi,155.38609499318827
0.09694552697576919,128.16815849793227,olmo-base,gamma,1.1018003535889305,106.14341242113889,37.089646722441096,quasi,106.14341242113889
0.19424798324144366,125.47513238004512,olmo-base,gamma,1.2143973958218344,68.02278584148517,23.769172654133538,quasi,68.02278584148517
0.28130807568967875,123.55663249623075,olmo-base,gamma,1.3248616987515554,40.86582023382307,14.279725900289835,quasi,40.86582023382307
0.3581258043204744,122.28635763796832,olmo-base,gamma,1.4306455905555135,22.88468250785997,7.996584716949561,quasi,22.88468250785997
0.4247011691338306,121.50216293271876,olmo-base,gamma,1.5291333991227092,11.784161303849533,4.117734390768424,quasi,11.784161303849533
0.4810341701297475,121.05372339195227,olmo-base,gamma,1.617746562567214,5.436359415272744,1.8996247206437706,quasi,5.436359415272744
0.5271248073082249,120.82098720708794,olmo-base,gamma,1.6940545664455628,2.14190596164366,0.7484452743506531,quasi,2.14190596164366
0.5629730806692629,120.71606284858701,olmo-base,gamma,1.7558851358182643,0.6566688661113232,0.22945951804395193,quasi,0.6566688661113232
0.5885789902128614,120.6786263800028,olmo-base,gamma,1.8014267507100459,0.12674395009172956,0.044288083696212066,quasi,0.12674395009172956
0.6039425359390206,120.6702243421111,olmo-base,gamma,1.8293167490082758,0.0078104771297797535,0.0027292116474252736,quasi,0.0078104771297797535
0.6090637178477403,120.66967257209075,olmo-base,gamma,1.838709042142212,0.0,0.0,quasi,0.0
0.6128314248279094,120.66996878039247,olmo-base,gamma,1.8456498262444228,0.004192921110063948,0.0014651306111236927,quasi,0.004192921110063948
0.624134545768417,120.67436218575929,olmo-base,gamma,1.8666297755293364,0.06638294752289488,0.023196164659279185,quasi,0.06638294752289488
0.6429730806692628,120.69299626727552,olmo-base,gamma,1.902127659954614,0.3301541966826192,0.11536563823956142,quasi,0.3301541966826192
0.6693470295304471,120.74155555350676,olmo-base,gamma,1.9529616778989092,1.0175260736579121,0.355553696098511,quasi,1.0175260736579121
0.7032563923519697,120.83949945897987,olmo-base,gamma,2.020320964993424,2.4039526743857493,0.8400121439159419,quasi,2.4039526743857493
0.7447011691338307,121.0077592612779,olmo-base,gamma,2.1058120593052996,4.785722776489953,1.6722730411878324,quasi,4.785722776489953
0.79368135987603,121.26612333344677,olmo-base,gamma,2.2115228704556085,8.442946986582477,2.9502153161064038,quasi,8.442946986582477
0.8501969645785676,121.63061022555223,olmo-base,gamma,2.3401077248685103,13.602372888486444,4.753071278876636,quasi,13.602372888486444
0.9142479832414436,122.11113484314276,olmo-base,gamma,2.494898340895827,20.404349069791063,7.129882875794958,quasi,20.404349069791063
0.9858344158646579,122.70968539779165,olmo-base,gamma,2.6800472256123604,28.877019286861273,10.090484367482995,quasi,28.877019286861273
1.0649562624482107,123.41908501893215,olmo-base,gamma,2.90071211123891,38.91879269322611,13.599376908370456,quasi,38.91879269322611
1.1516135229921018,124.22232020599026,olmo-base,gamma,3.1632928398839044,50.28883786958097,17.572406879707724,quasi,50.28883786958097
1.2458061974963313,125.09252495291989,olmo-base,gamma,3.4757357996049643,62.60685810162118,21.876687364996375,quasi,62.60685810162118
1.347534285960899,125.99411720870629,olmo-base,gamma,3.8479259388625486,75.369178333742,26.336219407267084,quasi,75.369178333742
1.4567977883858052,126.88620716664892,olmo-base,gamma,4.292192988184371,87.99699056932135,30.748750378446612,quasi,87.99699056932135
1.5735967047710497,127.7297176700013,olmo-base,gamma,4.82396741565995,99.93714543849882,34.92099353332026,quasi,99.93714543849882
1.6979310351166323,128.49847661766808,olmo-base,gamma,5.462633694657082,110.81916866847202,38.72349420687805,quasi,110.81916866847202
1.8298007794225537,129.19027750857356,olmo-base,gamma,6.232644863724517,120.61182654672912,42.14533841645758,quasi,120.61182654672912
1.9692059376888134,129.82681912932063,olmo-base,gamma,7.164984784484335,129.62227218100477,45.29385453972939,quasi,129.62227218100477
2.116146509915411,130.43127108040264,olmo-base,gamma,8.299095308745507,138.17847850945233,48.28364601870801,quasi,138.17847850945233
2.270622496102347,131.00058365788271,olmo-base,gamma,9.68542807913253,146.23727601946135,51.09962814926175,quasi,146.23727601946135
2.432633896249622,131.50582960923816,olmo-base,gamma,11.388839632134996,153.3891904084736,53.59871850284058,quasi,153.3891904084736
2.602180710357235,131.90792995636016,olmo-base,gamma,13.493130584652425,159.08104652467534,55.587621325253,quasi,159.08104652467534
2.779262938425187,132.18784736947507,olmo-base,gamma,16.107144614395395,163.0433650137614,56.97217256220503,quasi,163.0433650137614
2.9638805804534765,132.37647626577575,olmo-base,gamma,19.373004578783277,165.71346600916212,57.90518479889216,quasi,165.71346600916212
3.1560336364421047,132.53899653091443,olmo-base,gamma,23.477291538227337,168.01399116850914,58.709056310934066,quasi,168.01399116850914
3.3557221063910707,132.724322033176,olmo-base,gamma,28.666296834814926,170.63733158859503,59.625729020000925,quasi,170.63733158859503
3.5629459903003755,132.95313096602922,olmo-base,gamma,35.26694032099021,173.87619356228788,60.75748315948902,quasi,173.87619356228788
3.7777052881700186,133.23021034167613,olmo-base,gamma,43.715611819188496,177.79833874380074,62.12799665494043,quasi,177.79833874380074
4.0,133.5332621603747,olmo-base,gamma,54.598150033144236,182.0881319760911,63.62697724986128,quasi,182.0881319760911
-12.0,228.92286067236495,olmo-sft,alpha,6.144174602214718e-06,0.6792584400328108,0.30928940141054173,cluster,0.30928940141054173
-11.39231305490225,228.92284602113412,olmo-sft,alpha,1.1281748255497453e-05,0.6791517743688683,0.3092408329167145,cluster,0.3092408329167145
-10.805225667265447,228.92282032606533,olmo-sft,alpha,2.029276863533585e-05,0.6789647060191645,0.3091556543536039,cluster,0.3091556543536039
-10.238737837089579,228.9227762375567,olmo-sft,alpha,3.575667494859936e-05,0.678643727522399,0.30900950195964105,cluster,0.30900950195964105
-9.692849564374654,228.92270223621426,olmo-sft,alpha,6.171945962712019e-05,0.678104973992721,0.30876418920843857,cluster,0.30876418920843857
-9.167560849120669,228.9225807534877,olmo-sft,alpha,0.0001043598834555916,0.677220540743424,0.3083614767588893,cluster,0.3083614767588893
-8.662871691327624,228.92238574654613,olmo-sft,alpha,0.0001728572301378367,0.6758008276053062,0.3077150332246111,cluster,0.3077150332246111
-8.178782090995519,228.9220797501754,olmo-sft,alpha,0.0002804647259609735,0.6735730757918237,0.30670066228083603,cluster,0.30670066228083603
-7.715292048124355,228.92161056513368,olmo-sft,alpha,0.00044575641764271827,0.6701572580644645,0.30514532463914046,cluster,0.30514532463914046
-7.2724015627141325,228.920907954452,olmo-sft,alpha,0.0006939603275925672,0.6650420267411353,0.30281618636005997,cluster,0.30281618636005997
-6.85011063476485,228.91988101070996,olmo-sft,alpha,0.0010582174762598484,0.6575655466171119,0.29941189143204205,cluster,0.29941189143204205
-6.4484192642765095,228.91841720829913,olmo-sft,alpha,0.0015805205326605218,0.6469085951385801,0.29455942004648655,cluster,0.29455942004648655
-6.067327451249108,228.9163845031462,olmo-sft,alpha,0.0023120004616176094,0.6321098490613315,0.2878210491318201,cluster,0.2878210491318201
-5.706835195682648,228.91363806685717,olmo-sft,alpha,0.003312166210931821,0.6121149111827818,0.2787166758870815,cluster,0.2787166758870815
-5.366942497577128,228.91003315529787,olmo-sft,alpha,0.004646690572625249,0.5858699977382948,0.2667664768304091,cluster,0.2667664768304091
-5.047649356932549,228.9054449821279,olmo-sft,alpha,0.00638340754942984,0.5524666241095799,0.2515567881083685,cluster,0.2515567881083685
-4.748955773748911,228.89979509187577,olmo-sft,alpha,0.008586369980387958,0.5113336092773133,0.23282753163410497,cluster,0.23282753163410497
-4.470861748026213,228.89308155621524,olmo-sft,alpha,0.011308119287899735,0.4624569144073997,0.21057231505039783,cluster,0.21057231505039783
-4.213367279764455,228.88540762124242,olmo-sft,alpha,0.014580717524880498,0.4065882042249972,0.18513339679557328,cluster,0.18513339679557328
-3.976472368963638,228.8770009306076,olmo-sft,alpha,0.0184065187807822,0.3453847975850654,0.15726541034400102,cluster,0.15726541034400102
-3.760177015623762,228.86821428622954,olmo-sft,alpha,0.022750007640230486,0.2814152057168941,0.1281378859566299,cluster,0.1281378859566299
-3.5644812197448266,228.8595003777674,olmo-sft,alpha,0.02753218703797363,0.21797515466720238,0.09925147946064941,cluster,0.09925147946064941
-3.3893849813268315,228.85135787225857,olmo-sft,alpha,0.03262886231225857,0.15869510055637842,0.07225926063649224,cluster,0.07225926063649224
-3.234888300369777,228.84425440363813,olmo-sft,alpha,0.037873717886278774,0.10697956855731551,0.04871142524287496,cluster,0.04871142524287496
-3.1009911768736633,228.8385413732922,olmo-sft,alpha,0.043066388377124114,0.06538687357217737,0.02977286080724833,cluster,0.02977286080724833
-2.9876936108384897,228.83438262860102,olmo-sft,alpha,0.04798494143796367,0.03510987712936812,0.015986717633446553,cluster,0.015986717633446553
-2.8949956022642573,228.83172024764173,olmo-sft,alpha,0.05240150348588405,0.015726889035665378,0.0071609858769748945,cluster,0.0071609858769748945
-2.8228971511509653,228.83029351337098,olmo-sft,alpha,0.056099325631566166,0.005339805516938367,0.0024313945247449553,cluster,0.0024313945247449553
-2.7713982574986136,228.82971250265106,olmo-sft,alpha,0.05888947211997506,0.0011098609528194415,0.0005053573272197801,cluster,0.0005053573272197801
-2.7404989213072026,228.82956988158617,olmo-sft,alpha,0.060625483500706255,7.153381442201691e-05,3.257177141903409e-05,cluster,3.257177141903409e-05
-2.7301991425767325,228.82956005594605,olmo-sft,alpha,0.06121471759861429,0.0,0.0,cluster,0.0
-2.7138322546405362,228.829585535495,olmo-sft,alpha,0.062162063602258635,0.0001854992961300686,8.4464119811856e-05,cluster,8.4464119811856e-05
-2.664731590831947,228.82998837070545,olmo-sft,alpha,0.06508682046067064,0.0031182689512936567,0.0014198535940695947,cluster,0.0014198535940695947
-2.582897151150965,228.8319164041992,olmo-sft,alpha,0.07024727468123576,0.01715497174668478,0.007811240361607578,cluster,0.007811240361607578
-2.4683289355975906,228.83794142780366,olmo-sft,alpha,0.0781084795732429,0.06101907781373944,0.0277840552864137,cluster,0.0277840552864137
-2.321026944171823,228.8534506426696,olmo-sft,alpha,0.08939642598812642,0.17393114099535306,0.07919674650271077,cluster,0.07919674650271077
-2.140991176873663,228.88968836081693,olmo-sft,alpha,0.10517606932669885,0.4377533625827326,0.19932395020682445,cluster,0.19932395020682445
-1.9282216337031102,228.97044169419672,olmo-sft,alpha,0.12694754905650546,1.0256635540087888,0.46701939640626894,cluster,0.46701939640626894
-1.6827183146601647,229.1470031337615,olmo-sft,alpha,0.15673585464564654,2.3110875159497652,1.0523165150232825,cluster,1.0523165150232825
-1.4044812197448264,229.53223137887852,olmo-sft,alpha,0.1971059723704658,5.115672811077083,2.32933930342299,cluster,2.32933930342299
-1.0935103489570954,230.37850573854877,olmo-sft,alpha,0.2509578333200959,11.276821830805593,5.134719376758451,cluster,5.134719376758451
-0.749805702296972,232.2505901667696,olmo-sft,alpha,0.3208636387952176,24.906197467657112,11.340636276543467,cluster,11.340636276543467
-0.3733672797644547,236.35271665440376,olmo-sft,alpha,0.4077276193321917,54.77099521237151,24.93909140543879,cluster,24.93909140543879
0.03580491864045454,244.78288504268002,olmo-sft,alpha,0.5089502734988097,116.14532743462262,52.884906070730025,cluster,52.884906070730025
0.47771089291775626,259.1006676142926,olmo-sft,alpha,0.6172071899670564,220.38338102536318,100.34802658451093,cluster,100.34802658451093
0.9523506430674509,275.70628442543557,olmo-sft,alpha,0.7215876655333132,341.2776023483701,155.3952650776833,cluster,155.3952650776833
1.4597241690895384,287.1417900371216,olmo-sft,alpha,0.8114904835424028,424.5317543670992,193.3037036413192,cluster,193.3037036413192
1.9998314709840184,291.7546099342011,olmo-sft,alpha,0.8807793823766703,458.11456408161,208.59509569790293,cluster,208.59509569790293
2.5726725487508917,293.51963449680244,olmo-sft,alpha,0.929081988594503,470.9645095270863,214.44611160106567,cluster,214.44611160106567
3.1782474023901566,294.45638493586256,olmo-sft,alpha,0.9600074325045841,477.78435345050895,217.55141780040685,cluster,217.55141780040685
3.8165560319018157,294.94581906770094,olmo-sft,alpha,0.978470278414336,481.347591054414,219.17388071090392,cluster,219.17388071090392
4.4875984372858655,295.19921368935275,olmo-sft,alpha,0.9888774786570497,483.19238524787494,220.01387806418464,cluster,220.01387806418464
5.1913746185423095,295.32869696362303,olmo-sft,alpha,0.9944664379976411,484.1350650528645,220.4431121456823,cluster,220.4431121456823
5.927884575671146,295.3935575062949,olmo-sft,alpha,0.9973429668743636,484.607270625839,220.6581233555555,cluster,220.6581233555555
6.6971283086723785,295.4252222797238,olmo-sft,alpha,0.9987670702103788,484.8378003418138,220.76309135250486,cluster,220.76309135250486
7.499105817546,295.4402304421193,olmo-sft,alpha,0.9994467271306587,484.9470645821565,220.81284306628484,cluster,220.81284306628484
8.333817102292016,295.44712123997874,olmo-sft,alpha,0.9997598044864949,484.9972318027414,220.83568590298833,cluster,220.83568590298833
9.201262162910421,295.450182507044,olmo-sft,alpha,0.9998990982280965,485.0195188097419,220.84583393302842,cluster,220.84583393302842
10.101440999401223,295.45149769519605,olmo-sft,alpha,0.9999589812803636,485.0290938017065,220.850193751558,cluster,220.850193751558
11.034353611764416,295.45204400048635,olmo-sft,alpha,0.9999838625798405,485.0330710796015,220.85200474105312,cluster,220.85200474105312
12.0,295.452263391515,olmo-sft,alpha,0.9999938558253978,485.0346683167214,220.85273201727617,cluster,220.85273201727617
-9.0,253.9883806505684,olmo-sft,lambda,0.00012340980408667956,183.16429072066174,202.03605789594764,cluster,202.03605789594764
-8.40129352557147,253.98545574799556,olmo-sft,lambda,0.00022457664058869465,183.1429964909436,202.01256968101634,cluster,202.01256968101634
-7.8228821858693305,253.9803702467482,olmo-sft,lambda,0.0004004658009976278,183.10597240925318,201.9717309373807,cluster,201.9717309373807
-7.264765980893581,253.971715845497,olmo-sft,lambda,0.0006997650088713819,183.04296558980272,201.9022324048215,cluster,201.9022324048215
-6.726944910644224,253.95730162612557,olmo-sft,lambda,0.0011981879433771237,182.93802544535006,201.7864800765875,cluster,201.7864800765875
-6.209418975121257,253.93380711508252,olmo-sft,lambda,0.0020104052202388287,182.7669778624618,201.59780913410518,cluster,201.59780913410518
-5.712188174324681,253.8963327036617,olmo-sft,lambda,0.0033054317648247276,182.4941521168251,201.29687363011533,cluster,201.29687363011533
-5.2352525082544945,253.8378441046517,olmo-sft,lambda,0.005325479586473965,182.06833633930808,200.8271852386666,cluster,200.8271852386666
-4.7786119769107,253.74852291813778,olmo-sft,lambda,0.00840766089955925,181.41804942650865,200.1098980215655,cluster,200.1098980215655
-4.342266580293296,253.61505784438384,olmo-sft,lambda,0.013007013327073168,180.4463808429922,199.03811656556982,cluster,199.03811656556982
-3.926216318402284,253.41994060170822,olmo-sft,lambda,0.01971813874475579,179.0258646773938,197.47124190268775,cluster,197.47124190268775
-3.530461191237662,253.14086691274937,olmo-sft,lambda,0.029291403812682488,176.9941186301299,195.23016117445295,cluster,195.23016117445295
-3.1550011987994315,252.75038694871415,olmo-sft,lambda,0.04263834987779277,174.1512991353071,192.09444055017653,cluster,192.09444055017653
-2.799836341087591,252.21600593080097,olmo-sft,lambda,0.0608200155483508,170.26083377137928,187.80313309927482,cluster,187.80313309927482
-2.464966618102142,251.5010146101258,olmo-sft,lambda,0.085011680175558,165.05546742161917,182.06144789921788,cluster,182.06144789921788
-2.1503920298430836,250.5664461222509,olmo-sft,lambda,0.11643850145730725,158.25150880330168,174.55646441186087,cluster,174.55646441186087
-1.8561125763104163,249.37471836048883,olmo-sft,lambda,0.15627897363210286,149.57534811467502,164.9863822942978,cluster,164.9863822942978
-1.5821282575041393,247.893347079897,olmo-sft,lambda,0.2055371963057535,138.79048962406853,153.09033920732517,cluster,153.09033920732517
-1.3284390734242537,246.09999002854488,olmo-sft,lambda,0.2648904132517114,125.73427456484501,138.68891734049365,cluster,138.68891734049365
-1.0950450240707585,243.99932825914337,olmo-sft,lambda,0.3345245449527516,110.44078250350883,121.81970754322182,cluster,121.81970754322182
-0.8819461094436544,241.63404979155825,olmo-sft,lambda,0.4139764836931715,93.22079592891222,102.82551281856097,cluster,102.82551281856097
-0.6891423295429413,239.09713246803375,olmo-sft,lambda,0.5020064405745436,74.75122338147538,82.45298488844067,cluster,82.45298488844067
-0.5166336843686189,236.5364614643732,olmo-sft,lambda,0.5965252641445673,56.1087164169516,61.8897047775033,cluster,61.8897047775033
-0.3644201739206875,234.14199801048971,olmo-sft,lambda,0.6945992809167474,38.676253772782246,42.6611421674604,cluster,42.6611421674604
-0.2325017981991469,232.10866571554527,olmo-sft,lambda,0.7925483241857764,23.87294190042359,26.332616761507744,cluster,26.332616761507744
-0.12087855720399704,230.5810209603775,olmo-sft,lambda,0.8861415685683173,12.751197659628168,14.06497794120905,cluster,14.06497794120905
-0.02955045093523817,229.60367476874126,olmo-sft,lambda,0.9708818945059985,5.635803624907238,6.216471250875252,cluster,6.216471250875252
0.04148252060712983,229.10212512965194,olmo-sft,lambda,1.042354941960697,1.9843612387472445,2.1888137722730687,cluster,2.1888137722730687
0.09222035742310701,228.88886656656734,olmo-sft,lambda,1.0966064408280605,0.4317704366232999,0.47625657047104386,cluster,0.47625657047104386
0.12266305951269331,228.833473048181,olmo-sft,lambda,1.1305034443864261,0.02848783966694673,0.031422996270923625,cluster,0.031422996270923625
0.13281062687588874,228.82956005594605,olmo-sft,lambda,1.142033707360689,0.0,0.0,cluster,0.0
0.1426630595126933,228.8333761739374,olmo-sft,lambda,1.153341128867895,0.02778256407391987,0.0306450547847052,cluster,0.0306450547847052
0.172220357423107,228.89360413728713,olmo-sft,lambda,1.1879395756781026,0.4662614723761247,0.5143012836017068,cluster,0.5143012836017068
0.22148252060712986,229.1782643136583,olmo-sft,lambda,1.247925435051173,2.5386789414441973,2.800243888013402,cluster,2.800243888013402
0.29044954906476184,230.03150616697525,olmo-sft,lambda,1.3370284128153043,8.750553551710563,9.652139819607074,cluster,9.652139819607074
0.3791214427960029,232.02138622091093,olmo-sft,lambda,1.4610004529501608,23.23751915995639,25.631725200842034,cluster,25.631725200842034
0.48749820180085324,235.8627148139,olmo-sft,lambda,1.6282375982474175,51.20362450712966,56.479231867207254,cluster,56.479231867207254
0.6155798260793126,242.09424915756654,olmo-sft,lambda,1.8507293896783124,96.57119505227267,106.5211099712511,cluster,106.5211099712511
0.763366315631381,250.73318443457936,olmo-sft,lambda,2.1454864623280594,159.46541724542192,175.8954441623768,cluster,175.8954441623768
0.9308576704570587,261.1648488730539,olmo-sft,lambda,2.536683883719921,235.41128325781978,259.6661579967621,cluster,259.6661579967621
1.1180538905563453,271.7203141495743,olmo-sft,lambda,3.058895461646893,312.2584591152478,344.43104535326904,cluster,344.43104535326904
1.3249549759292414,280.67387540142454,olmo-sft,lambda,3.7620159699135116,377.44325941028603,416.33196028885993,cluster,416.33196028885993
1.5515609265757466,287.2050040272094,olmo-sft,lambda,4.7188301843263565,424.9919725086652,468.7797082348425,cluster,468.7797082348425
1.797871742495861,291.46054271852535,olmo-sft,lambda,6.036785947963527,455.9736603464421,502.9534986231301,cluster,502.9534986231301
2.063887423689584,294.0212112260201,olmo-sft,lambda,7.876529780517555,474.61614913807756,523.5167586887917,cluster,523.5167586887917
2.3496079701569164,295.4701439279727,olmo-sft,lambda,10.481459874118428,485.1648443623617,535.1523061564498,cluster,535.1523061564498
2.6550333818978578,296.24072616580247,olmo-sft,lambda,14.22546092428808,490.7749304354824,541.340410126993,cluster,541.340410126993
2.9801636589124083,296.63716869602354,olmo-sft,lambda,19.691038995098157,493.6611593263139,544.5240127003696,cluster,544.5240127003696
3.3249988012005685,296.84153760088805,olmo-sft,lambda,27.798965317265868,495.149030562729,546.1651821558314,cluster,546.1651821558314
3.6895388087623373,296.96552171917256,olmo-sft,lambda,40.026382882818424,496.05167474673596,547.1608274964266,cluster,547.1608274964266
4.073783681597716,297.0442892753565,olmo-sft,lambda,58.77894318077671,496.62512784267784,547.7933645615744,cluster,547.7933645615744
4.477733419706703,297.0935934053426,olmo-sft,lambda,88.03490818203387,496.98407773719026,548.1892977502114,cluster,548.1892977502114
4.901388023089299,297.120166878957,olmo-sft,lambda,134.4763064215567,497.17754115604413,548.4026940751093,cluster,548.4026940751093
5.344747491745505,297.13139534231834,olmo-sft,lambda,209.5049761834018,497.2592879740133,548.4928634240748,cluster,548.4928634240748
5.807811825675321,297.13249262621025,olmo-sft,lambda,332.88990698931167,497.2672765530099,548.5016750816436,cluster,548.5016750816436
6.290581024878745,297.12693313101636,olmo-sft,lambda,539.4666816062893,497.2268016432213,548.4570299644911,cluster,548.4570299644911
6.793055089355778,297.1191328092367,olmo-sft,lambda,891.6334247882751,497.17001279651083,548.3943900542952,cluster,548.3943900542952
7.31523401910642,297.11645247418517,olmo-sft,lambda,1503.023491101803,497.1504990968618,548.3728658208513,cluster,548.3728658208513
7.857117814130671,297.27632353187744,olmo-sft,lambda,2584.061885546666,498.3144117206207,549.656698588223,cluster,549.656698588223
8.41870647442853,298.2194987931001,olmo-sft,lambda,4531.0386485137,505.1810304119616,557.2307981357646,cluster,557.2307981357646
9.0,302.06292474372344,olmo-sft,lambda,8103.083927575384,533.1624051960316,588.0951474783129,cluster,588.0951474783129
-4.0,232.13169921654656,olmo-sft,gamma,0.01831563888873418,24.04063318220877,14.572658124473318,cluster,14.572658124473318
-3.8014981832089085,232.05087881745328,olmo-sft,gamma,0.022337281435057896,23.45223473085822,14.215989919958359,cluster,14.215989919958359
-3.609725241563278,231.95692104364235,olmo-sft,gamma,0.027059280610701078,22.76819197404276,13.801345215634559,cluster,13.801345215634559
-3.4246811750631077,231.848779748252,olmo-sft,gamma,0.03255966016604296,21.98088862676189,13.324107264652955,cluster,13.324107264652955
-3.2463659837083982,231.7256143615363,olmo-sft,gamma,0.038915370272631346,21.08420507141494,12.780566551774452,cluster,12.780566551774452
-3.0747796674991497,231.58688143252,olmo-sft,gamma,0.046199806579267484,20.074184810437284,12.168324775509126,cluster,12.168324775509126
-2.909922226435362,231.43243521059236,olmo-sft,gamma,0.05447996680564674,18.949766732591986,11.486738724375364,cluster,11.486738724375364
-2.751793660517034,231.26263264859006,olmo-sft,gamma,0.06381329909960107,17.71354956912324,10.737383665617257,cluster,10.737383665617257
-2.6003939697441676,231.07843593205502,olmo-sft,gamma,0.0742443224350507,16.372538339668907,9.924505816693552,cluster,9.924505816693552
-2.455723154116762,230.8815031048146,olmo-sft,gamma,0.08580112556365391,14.938804135577753,9.055422284690481,cluster,9.055422284690481
-2.317781213634817,230.67425482635952,olmo-sft,gamma,0.09849187577623286,13.42997013505151,8.140815673059208,cluster,8.140815673059208
-2.186568148298333,230.4599031994305,olmo-sft,gamma,0.11230149011178144,11.86942147723147,7.194861300532661,cluster,7.194861300532661
-2.0620839581073094,230.2424275818071,olmo-sft,gamma,0.12718863772753575,10.286129164254724,6.235120456219472,cluster,6.235120456219472
-1.9443286430617466,230.02648313749398,olmo-sft,gamma,0.14308325103338546,8.713984284532692,5.282136827182399,cluster,5.282136827182399
-1.8333022031616446,229.8172314107595,olmo-sft,gamma,0.15988472324110847,7.1905645373610145,4.358688805354351,cluster,4.358688805354351
-1.7290046384070035,229.62008903299585,olmo-sft,gamma,0.17746095991353913,5.755304738188224,3.4886805067117086,cluster,3.4886805067117086
-1.6314359487978227,229.44040087017896,olmo-sft,gamma,0.19564843119222197,4.447117227193015,2.695699339537336,cluster,2.695699339537336
-1.5405961343341028,229.28305668853477,olmo-sft,gamma,0.2142533395772308,3.301601072272722,2.0013243130896785,cluster,2.0013243130896785
-1.456485195015844,229.15208389457763,olmo-sft,gamma,0.23305397613435355,2.3480770857790563,1.4233287601713653,cluster,1.4233287601713653
-1.3791031308430453,229.05026029131892,olmo-sft,gamma,0.25180428731646215,1.6067685653991355,0.973971392984782,cluster,0.973971392984782
-1.3084499418157076,228.97879690048515,olmo-sft,gamma,0.2702386174845957,1.0864921380788959,0.6585965670350584,cluster,0.6585965670350584
-1.2445256279338308,228.93483888031278,olmo-sft,gamma,0.28807753165692507,0.7664636392836288,0.464605590687431,cluster,0.464605590687431
-1.1873301891974146,228.90126215078743,olmo-sft,gamma,0.30503456247723487,0.5220142691273476,0.31642824972344286,cluster,0.31642824972344286
-1.136863625606459,228.8750359453112,olmo-sft,gamma,0.3208236686576637,0.33107907380362006,0.20068947927203254,cluster,0.20068947927203254
-1.0931259371609643,228.85588253311235,olmo-sft,gamma,0.3351671430315375,0.19163608413374172,0.11616362669101898,cluster,0.11616362669101898
-1.0561171238609304,228.84304266551464,olmo-sft,gamma,0.34780367042268345,0.09815772601135862,0.05950005445355035,cluster,0.05950005445355035
-1.025837185706357,228.83536637217952,olmo-sft,gamma,0.35849621183515795,0.04227184619423632,0.02562383270898222,cluster,0.02562383270898222
-1.0022861226972444,228.83147122591703,olmo-sft,gamma,0.36703938423361676,0.013913930935864242,0.008434177134982328,cluster,0.008434177134982328
-0.9854639348335926,228.8299484824438,olmo-sft,gamma,0.3732660156535358,0.0028278696010379713,0.001714163541541584,cluster,0.001714163541541584
-0.9753706221154016,228.82958475421682,olmo-sft,gamma,0.3770525836376787,0.00017981134020352254,0.00010899584748160746,cluster,0.00010899584748160746
-0.9720061845426712,228.82956005594605,olmo-sft,gamma,0.3783232899243116,0.0,0.0,cluster,0.0
-0.9664817332265127,228.82962766773912,olmo-sft,gamma,0.38041910229770937,0.0004922355591196672,0.0002983773540984929,cluster,0.0002983773540984929
-0.9499083792780371,228.83067319740957,olmo-sft,gamma,0.3867764585695534,0.008104027208692306,0.0049124004783326755,cluster,0.0049124004783326755
-0.9222861226972444,228.83547316263972,olmo-sft,gamma,0.3976090182676571,0.04304931502762555,0.02609510929415132,cluster,0.02609510929415132
-0.8836149634841348,228.84957281354704,olmo-sft,gamma,0.4132861935226754,0.14569930007507012,0.08831822659897062,cluster,0.08831822659897062
-0.833894901638708,228.8830170765461,olmo-sft,gamma,0.4343542204420021,0.3891842713940008,0.2359109800254413,cluster,0.2359109800254413
-0.7731259371609642,228.9536495176048,olmo-sft,gamma,0.46156797836189123,0.9034111175899201,0.54761874459401,cluster,0.54761874459401
-0.7013080700509036,229.09332251926622,olmo-sft,gamma,0.49593616008308256,1.920275409217764,1.1640091519749458,cluster,1.1640091519749458
-0.6184413003085256,229.35960356279338,olmo-sft,gamma,0.5387835852432786,3.858886890887726,2.339133040952293,cluster,2.339133040952293
-0.5245256279338308,229.85755923293453,olmo-sft,gamma,0.5918360482763028,7.484164029325268,4.53665936833771,cluster,4.53665936833771
-0.4195610529268189,230.7776703968296,olmo-sft,gamma,0.6573352919009147,14.182868687802946,8.597198544862144,cluster,8.597198544862144
-0.3035475752874899,232.44774366939117,olmo-sft,gamma,0.7381947684680342,26.341538259367102,15.96739273117691,cluster,15.96739273117691
-0.1764851950158436,235.3454907939682,olmo-sft,gamma,0.8382111887666915,47.43806759645524,28.755429856165033,cluster,28.755429856165033
-0.03837391211188057,239.890481601724,olmo-sft,gamma,0.9623530381525258,80.52705976536713,48.81291199094404,cluster,48.81291199094404
0.1107862734243995,245.89256933661744,olmo-sft,gamma,1.1171561153863732,124.22418533888985,75.30070318923815,cluster,75.30070318923815
0.27099536159299664,252.3398464221631,olmo-sft,gamma,1.311268988171224,171.1624323052824,103.7531578654128,cluster,103.7531578654128
0.44225335239391084,258.21508282097125,olmo-sft,gamma,1.556209960012559,213.93603942873915,129.6811419012893,cluster,129.6811419012893
0.6245602458271419,263.4142050041926,olmo-sft,gamma,1.8674245690942277,251.78731800828214,152.6253687913733,cluster,152.6253687913733
0.8179160418926904,267.9928894553004,olmo-sft,gamma,2.2657731378210517,285.1216107175418,172.83154421909276,cluster,172.83154421909276
1.0223207405905557,271.7605800498683,olmo-sft,gamma,2.7796381033863162,312.5516077960391,189.45872565606345,cluster,189.45872565606345
1.2377743419207379,274.70755299819257,olmo-sft,gamma,3.447931003173662,334.00651693308237,202.46400108188504,cluster,202.46400108188504
1.4642768458832371,276.95110177048934,olmo-sft,gamma,4.324414890866798,350.3402722468266,212.36499787643473,cluster,212.36499787643473
1.701828252478054,278.66686045114636,olmo-sft,gamma,5.4839643035426535,362.8315462558132,219.93680616835576,cluster,219.93680616835576
1.9504285617051873,279.99623719508304,olmo-sft,gamma,7.031700452478703,372.509835724428,225.80347376345847,cluster,225.80347376345847
2.210077773564639,281.0010176459639,olmo-sft,gamma,9.116425382368387,379.82495997373064,230.23766665743022,cluster,230.23766665743022
2.4807758880564066,281.7517949428727,olmo-sft,gamma,11.950533097553265,385.2908597189229,233.55091917143966,cluster,233.55091917143966
2.762522905180491,282.3407470909151,olmo-sft,gamma,15.839754779598467,389.5786204292819,236.15002171911513,cluster,236.15002171911513
3.0553188249368928,282.83281222368277,olmo-sft,gamma,21.22795244872283,393.1610125645882,238.32155253778987,cluster,238.32155253778987
3.3591636473256115,283.26374104855006,olmo-sft,gamma,28.76512302846595,396.29831275165566,240.2232829420379,cluster,240.2232829420379
3.674057372346647,283.6815766549239,olmo-sft,gamma,39.41148898284451,399.340290104746,242.0672317121469,cluster,242.0672317121469
4.0,284.1083069697868,olmo-sft,gamma,54.598150033144236,402.44702379112437,243.95043368741273,cluster,243.95043368741273
-12.0,421.2304767042207,olmo-dpo,alpha,6.144174602214718e-06,0.32290404734302014,0.16483105801580109,cluster,0.16483105801580109
-11.418094682674898,421.2304592851809,olmo-dpo,alpha,1.0994607008507611e-05,0.32283290128639597,0.16479474047849083,cluster,0.16479474047849083
-10.855914969326921,421.2304294992498,olmo-dpo,alpha,1.928979691087107e-05,0.3227112440898229,0.16473263879660924,cluster,0.16473263879660924
-10.313460859956063,421.23037962621277,olmo-dpo,alpha,3.318229714412826e-05,0.3225075434285168,0.16462865683726907,cluster,0.16462865683726907
-9.790732354562326,421.2302978698313,olmo-dpo,alpha,5.596476168659164e-05,0.32217361892818175,0.1644582002290583,cluster,0.1644582002290583
-9.287729453145714,421.2301666818504,olmo-dpo,alpha,9.25444024781868e-05,0.321637796767359,0.16418468202944614,cluster,0.16418468202944614
-8.804452155706223,421.2299606786645,olmo-dpo,alpha,0.0001500409639835561,0.3207964005400915,0.16375517911211768,cluster,0.16375517911211768
-8.340900462243852,421.2296442176223,olmo-dpo,alpha,0.0002385005381539381,0.319503851952463,0.16309537892383044,cluster,0.16309537892383044
-7.897074372758604,421.2291688269097,olmo-dpo,alpha,0.0003716915800600029,0.31756217347632704,0.16210422096163862,cluster,0.16210422096163862
-7.47297388725048,421.22847086601655,olmo-dpo,alpha,0.0005679132034327662,0.3147114327961508,0.1606490190020826,cluster,0.1606490190020826
-7.068599005719477,421.22747002835206,olmo-dpo,alpha,0.0008507008076583846,0.31062362691415074,0.1585623391538814,cluster,0.1585623391538814
-6.683949728165597,421.2260695567071,olmo-dpo,alpha,0.001249265157784828,0.3049035621814421,0.15564244908260688,cluster,0.15564244908260688
-6.3190260545888375,421.22415926422684,olmo-dpo,alpha,0.0017984571313619383,0.297101193111813,0.15165961653727636,cluster,0.15165961653727636
-5.973827984989201,421.22162253246654,olmo-dpo,alpha,0.002538024552486918,0.28674020513272774,0.14637069983048945,cluster,0.14637069983048945
-5.648355519366687,421.2183482469388,olmo-dpo,alpha,0.003510935920302735,0.27336676394979104,0.13954403265913046,cluster,0.13954403265913046
-5.342608657721295,421.2142479694512,olmo-dpo,alpha,0.004760604466892313,0.25661965397764974,0.13099522728450283,cluster,0.13099522728450283
-5.056587400053024,421.20927742716106,olmo-dpo,alpha,0.006326965977981597,0.23631804790177235,0.120631977779141,cluster,0.120631977779141
-4.790291746361876,421.2034596625729,olmo-dpo,alpha,0.008241545097959031,0.21255606017170053,0.10850232622991311,cluster,0.10850232622991311
-4.54372169664785,421.1969052350662,olmo-dpo,alpha,0.010521870186485207,0.1857852578071141,0.09483678157664609,cluster,0.09483678157664609
-4.316877250910945,421.18982330332915,olmo-dpo,alpha,0.013165829003554338,0.15685992532042703,0.08007142574889878,cluster,0.08007142574889878
-4.109758409151164,421.1825170991982,olmo-dpo,alpha,0.016146742844502203,0.1270185781357986,0.06483847692235793,cluster,0.06483847692235793
-3.922365171368504,421.17535905795677,olmo-dpo,alpha,0.01941001642147122,0.09778238516617314,0.04991443784886114,cluster,0.04991443784886114
-3.754697537562966,421.16874508528656,olmo-dpo,alpha,0.02287214893747407,0.07076837745654689,0.03612474549701967,cluster,0.03612474549701967
-3.6067555077345506,421.16303361115524,olmo-dpo,alpha,0.02642265444079023,0.047440520824829746,0.02421670246849063,cluster,0.02421670246849063
-3.4785390818832567,421.1584815899298,olmo-dpo,alpha,0.02992906598680453,0.028848315714550193,0.014726041498488374,cluster,0.014726041498488374
-3.370048260009085,421.1551940004448,olmo-dpo,alpha,0.03324475774985784,0.015420536054342064,0.007871636462666818,cluster,0.007871636462666818
-3.281283042112036,421.1531032357048,olmo-dpo,alpha,0.03621890244320357,0.006881048877521658,0.0035125312800290374,cluster,0.0035125312800290374
-3.2122434281921084,421.15198879363663,olmo-dpo,alpha,0.0387075716354765,0.0023292389256716057,0.0011889938192140089,cluster,0.0011889938192140089
-3.1629294182493033,421.1515367826409,olmo-dpo,alpha,0.04058483510842351,0.0004830522036611263,0.0002465810090071291,cluster,0.0002465810090071291
-3.13334101228362,421.15142612698764,olmo-dpo,alpha,0.0417527301860023,3.109196443627059e-05,1.5871344555727887e-05,cluster,1.5871344555727887e-05
-3.123478210295059,421.1514185145887,olmo-dpo,alpha,0.04214912369519079,0.0,0.0,cluster,0.0
-3.1066743456169537,421.1514412073533,olmo-dpo,alpha,0.04283278273943005,9.268597669525391e-05,4.7312902168975624e-05,cluster,4.7312902168975624e-05
-3.056262751582637,421.1518004591285,olmo-dpo,alpha,0.04494786141385771,0.001560008372583171,0.0007963289177767266,cluster,0.0007963289177767266
-2.9722434281921086,421.15352427358965,olmo-dpo,alpha,0.048695692200730334,0.00860072950435123,0.004390367217676728,cluster,0.004390367217676728
-2.854616375445369,421.1589320347896,olmo-dpo,alpha,0.05444318087649724,0.03068810573510268,0.01566518901958597,cluster,0.01566518901958597
-2.7033815933424186,421.17292656218194,olmo-dpo,alpha,0.06277411061333624,0.08784713703447591,0.0448428462269156,cluster,0.0448428462269156
-2.5185390818832567,421.2058527961656,olmo-dpo,alpha,0.07456869786831266,0.2223305380151216,0.1134918503245789,cluster,0.1134918503245789
-2.3000888410678835,421.27987811287124,olmo-dpo,alpha,0.09111560350335,0.5246783969958202,0.26782970361156416,cluster,0.26782970361156416
-2.0480308708962993,421.4435523458312,olmo-dpo,alpha,0.11425150208233031,1.193186903383139,0.6090795742994007,cluster,0.6090795742994007
-1.762365171368504,421.8058300672076,olmo-dpo,alpha,0.1464943661899201,2.6728684270713057,1.3644044860892535,cluster,1.3644044860892535
-1.4430917424844971,422.61708422992785,olmo-dpo,alpha,0.19106703106262857,5.986342385756305,3.0558153643730592,cluster,3.0558153643730592
-1.0902105842442795,424.4626789619987,olmo-dpo,alpha,0.25157862608082215,13.524460973027567,6.903757415308632,cluster,6.903757415308632
-0.7037216966478494,428.7046664585002,olmo-dpo,alpha,0.3309875968990213,30.850369114557342,15.748018716930456,cluster,15.748018716930456
-0.2836250796952089,438.27631257754604,olmo-dpo,alpha,0.4295652644537187,69.94465252736546,35.70426315030342,cluster,35.70426315030342
0.1700792666136426,457.7294038856071,olmo-dpo,alpha,0.5424176148731258,149.39855788428272,76.26266243712205,cluster,76.26266243712205
0.6573913422787054,487.4100896091483,olmo-dpo,alpha,0.6586741464546382,270.62589173375824,138.14491465187032,cluster,138.14491465187032
1.17831114729998,514.6396816056572,olmo-dpo,alpha,0.7646440076900709,381.8420162631058,194.91679975343905,cluster,194.91679975343905
1.7328386816774648,528.1458109455571,olmo-dpo,alpha,0.8497751587210632,437.00624210858905,223.07617956162824,cluster,223.07617956162824
2.3209739454111613,532.1152548959503,olmo-dpo,alpha,0.9105992595695085,453.21897760443505,231.35220572822433,cluster,231.35220572822433
2.9427169385010696,533.9323399141833,olmo-dpo,alpha,0.9499181396535437,460.6406515573214,235.1407069253092,cluster,235.1407069253092
3.598067660947189,534.8308783791667,olmo-dpo,alpha,0.9733529331603403,464.31062817058887,237.0140997583681,cluster,237.0140997583681
4.287026112749518,535.2746933911326,olmo-dpo,alpha,0.9864406406043316,466.1233393432395,237.9394244884965,cluster,237.9394244884965
5.009592293908059,535.493216434649,olmo-dpo,alpha,0.9933706183692144,467.01587148339655,238.3950304748127,cluster,238.3950304748127
5.765766204422813,535.5995928474053,olmo-dpo,alpha,0.9968767910645391,467.4503536588774,238.61681820792663,cluster,238.61681820792663
6.55554784429378,535.6503934864579,olmo-dpo,alpha,0.9985798162827998,467.65784300354943,238.7227341556848,cluster,238.7227341556848
7.378937213520955,535.6739554239684,olmo-dpo,alpha,0.9993761254695079,467.7540790168051,238.7718592255459,cluster,238.7718592255459
8.235934312104341,535.6845374843803,olmo-dpo,alpha,0.9997351108804453,467.7973002207324,238.79392211645938,cluster,238.79392211645938
9.126539140043938,535.6891329655721,olmo-dpo,alpha,0.9998912705504388,467.81606993305735,238.8035033885637,cluster,238.8035033885637
10.050751697339749,535.6910614014835,olmo-dpo,alpha,0.9999568485634812,467.8239464068766,238.80752404895412,cluster,238.80752404895412
11.008571983991768,535.6918431662921,olmo-dpo,alpha,0.9999834411282605,467.82713943497333,238.80915397649383,cluster,238.80915397649383
12.0,535.6921492991185,olmo-dpo,alpha,0.9999938558253978,467.82838979915596,238.8097922430403,cluster,238.8097922430403
-9.0,460.22286907282484,olmo-dpo,lambda,0.00012340980408667956,159.5828285412487,199.24802057145882,cluster,199.24802057145882
-8.404914569923287,460.21819875264976,olmo-dpo,lambda,0.00022376490915744718,159.5637531577376,199.22420389618765,cluster,199.22420389618765
-7.830001527306803,460.2101072484467,olmo-dpo,lambda,0.0003976248729938886,159.53070434308074,199.18294061640495,cluster,199.18294061640495
-7.275260872150545,460.19638432862337,olmo-dpo,lambda,0.0006924594537554717,159.47465466153665,199.11295947743525,cluster,199.11295947743525
-6.740692604454515,460.17360354340167,olmo-dpo,lambda,0.0011818283335197758,159.38160917461133,198.99678702164886,cluster,198.99678702164886
-6.226296724218712,460.136589498587,olmo-dpo,lambda,0.0019767588416163516,159.2304295822777,198.80803090798284,cluster,198.80803090798284
-5.732073231443137,460.0777305245098,olmo-dpo,lambda,0.0032403522646089864,158.9900268986282,198.50787481164662,cluster,198.50787481164662
-5.258022126127789,459.9861331652945,olmo-dpo,lambda,0.005205590544846757,158.61590806091849,198.0407666738003,cluster,198.0407666738003
-4.804143408272668,459.84663844361967,olmo-dpo,lambda,0.008195718393005747,158.04615797656297,197.3294020641743,cluster,197.3294020641743
-4.370437077877775,459.6387535992261,olmo-dpo,lambda,0.01264571219887855,157.19707633241632,196.26927649523785,cluster,196.26927649523785
-3.9569031349431114,459.33559637406836,olmo-dpo,lambda,0.01912224169167091,155.95886564936833,194.72330171898568,cluster,194.72330171898568
-3.563541579468674,458.9030004406284,olmo-dpo,lambda,0.028338284497135616,154.19197750758056,192.51724378630905,cluster,192.51724378630905
-3.190352411454464,458.2989895677098,olmo-dpo,lambda,0.04115736405649302,151.7249648373868,189.43704151295628,cluster,189.43704151295628
-2.8373356309004816,457.473897647942,olmo-dpo,lambda,0.05858154106570562,148.354972157775,185.2294185694928,cluster,185.2294185694928
-2.504491237806727,456.37150132748724,olmo-dpo,lambda,0.08171716201386797,143.85236167164976,179.60765941805093,cluster,179.60765941805093
-2.1918192321732,454.9316566491859,olmo-dpo,lambda,0.11171333115542258,137.97148233032846,172.26505508719094,cluster,172.26505508719094
-1.8993196139999005,453.09509944816705,olmo-dpo,lambda,0.14967041824459593,130.47027649514837,162.89938317736897,cluster,162.89938317736897
-1.6269923832868285,450.81125072463124,olmo-dpo,lambda,0.19651974224352714,121.14216008137632,151.2527119904135,cluster,151.2527119904135
-1.374837540033984,448.04992818035566,olmo-dpo,lambda,0.25288067545369725,109.86385697682665,137.17112445666697,cluster,137.17112445666697
-1.1428550842413667,444.81746676664034,olmo-dpo,lambda,0.3189072138307162,96.66124155863872,120.68692617238717,cluster,120.68692617238717
-0.9310450159089776,441.1762760292298,olmo-dpo,lambda,0.3941416108301082,81.78921841048158,102.11837966114835,cluster,102.11837966114835
-0.7394073350368158,437.26354703619353,olmo-dpo,lambda,0.47739676803231856,65.8081286095435,82.16510186479323,cluster,82.16510186479323
-0.5679420416248815,433.29956115203504,olmo-dpo,lambda,0.5666904648889775,49.61768595503478,61.950435408666664,cluster,61.950435408666664
-0.41664913567317485,429.5712959907206,olmo-dpo,lambda,0.6592521874449461,34.39001737622042,42.937845833825804,cluster,42.937845833825804
-0.28552861718169575,426.37959457829993,olmo-dpo,lambda,0.7516168317151323,21.353881477093317,26.661506471096487,cluster,26.661506471096487
-0.17458048615044414,423.9558353659703,olmo-dpo,lambda,0.8398092584946631,11.454316826173615,14.30135043648218,cluster,14.30135043648218
-0.0838047425794201,422.38226016259534,olmo-dpo,lambda,0.9196107993986011,5.027230595969341,6.2767764825289944,cluster,6.2767764825289944
-0.013201386468623663,421.56313652112397,olmo-dpo,lambda,0.9868853696471015,1.6816146599504156,2.0995892567003964,cluster,2.0995892567003964
0.03722958218194525,421.24080476977144,olmo-dpo,lambda,1.037931284015514,0.36508783858706556,0.4558324340916328,cluster,0.4558324340916328
0.06748816337228658,421.1573193608309,olmo-dpo,lambda,1.0698175964903471,0.02410132515329085,0.03009184242339121,cluster,0.03009184242339121
0.07757435710240036,421.1514185145887,olmo-dpo,lambda,1.080662584409603,0.0,0.0,cluster,0.0
0.08748816337228658,421.15732185201864,olmo-dpo,lambda,1.0914293455236552,0.024111500121932652,0.03010454643659732,cluster,0.03010454643659732
0.11722958218194524,421.25070538997113,olmo-dpo,lambda,1.1243775371092708,0.4055257786482812,0.5063214471441989,cluster,0.5063214471441989
0.16679861353137637,421.6945485322889,olmo-dpo,lambda,1.1815162999523958,2.2183518464731757,2.7697354306924886,cluster,2.7697354306924886
0.2361952574205799,423.0393342221771,olmo-dpo,lambda,1.2664215642349979,7.7109737253125274,9.627578765781333,cluster,9.627578765781333
0.32541951384955586,426.2296165826865,olmo-dpo,lambda,1.3846113878110533,20.741313670754415,25.896681558576034,cluster,25.896681558576034
0.4344713828183044,432.52784555870414,olmo-dpo,lambda,1.544146580754506,46.4657027178224,58.01500935669232,cluster,58.01500935669232
0.5633508643268252,442.99486122656026,olmo-dpo,lambda,1.7565486058433086,89.2170196716779,111.39240188534406,cluster,111.39240188534406
0.7120579583751184,457.7731931487143,olmo-dpo,lambda,2.03818143812102,149.57741007345268,186.75570017006814,cluster,186.75570017006814
0.8805926649631842,475.9361490901675,olmo-dpo,lambda,2.4123289857029957,223.76190648693898,279.37916224673535,cluster,279.37916224673535
1.0689549840910224,494.6231539571438,olmo-dpo,lambda,2.912334473346562,300.08682022904077,374.67505418206525,cluster,374.67505418206525
1.277144915758633,510.5202235119549,olmo-dpo,lambda,3.586385661241175,365.01656531983195,455.7434454608022,cluster,455.7434454608022
1.5051624599660165,521.8681772948307,olmo-dpo,lambda,4.504885434377018,411.36597228969805,513.6132531200877,cluster,513.6132531200877
1.7530076167131718,528.9056025500947,olmo-dpo,lambda,5.771936368677275,440.10952319034186,549.5011720992147,cluster,549.5011720992147
2.0206803860001,532.848797378251,olmo-dpo,lambda,7.543455649646725,456.2150471771843,569.609812884555,cluster,569.609812884555
2.3081807678268,534.9717582757698,olmo-dpo,lambda,10.056113598636347,464.88603584200393,580.4360235969206,cluster,580.4360235969206
2.6155087621932727,536.1718219318498,olmo-dpo,lambda,13.674171509978239,469.7875572836341,586.5558452215945,cluster,586.5558452215945
2.942664369099518,536.8174590169085,olmo-dpo,lambda,18.9663123088273,472.4245874110728,589.848323728727,cluster,589.848323728727
3.289647588545536,537.2144082689617,olmo-dpo,lambda,26.833405589938884,474.0458807985699,591.8725985280729,cluster,591.8725985280729
3.656458420531326,537.4587909111634,olmo-dpo,lambda,38.723955764573915,475.04403348375877,593.1188475673332,cluster,593.1188475673332
4.043096865056889,537.6084028135915,olmo-dpo,lambda,57.002599100928734,475.655106024752,593.8818055580608,cluster,593.8818055580608
4.449562922122223,537.7001676919626,olmo-dpo,lambda,85.5895265370044,476.02990907511173,594.3497679733845,cluster,594.3497679733845
4.875856591727331,537.7532852393745,olmo-dpo,lambda,131.08639265177848,476.2468615644625,594.6206452003162,cluster,594.6206452003162
5.3219778738722106,537.7792362847001,olmo-dpo,lambda,204.7885275701062,476.35285561273815,594.7529846537795,cluster,594.7529846537795
5.787926768556865,537.7879399445678,olmo-dpo,lambda,326.33575300426406,476.3884047065267,594.7973696708596,cluster,594.7973696708596
6.273703275781289,537.7854624142208,olmo-dpo,lambda,530.4381036654793,476.37828551988457,594.7847353045767,cluster,594.7847353045767
6.779307395545486,537.776943527904,olmo-dpo,lambda,879.4593956253761,476.34349111233047,594.7412925551563,cluster,594.7412925551563
7.304739127849456,537.7708580689674,olmo-dpo,lambda,1487.3319077623305,476.3186357579426,594.7102592653741,cluster,594.7102592653741
7.849998472693198,537.9033748375539,olmo-dpo,lambda,2565.730398174317,476.8598851985964,595.3860392391437,cluster,595.3860392391437
8.415085430076713,538.7971398311602,olmo-dpo,lambda,4514.661226188945,480.51036511917806,599.9438660740262,cluster,599.9438660740262
9.0,542.5551980210876,olmo-dpo,lambda,8103.083927575384,495.8597198834024,619.1083876066815,cluster,619.1083876066815
-4.0,429.463601375865,olmo-dpo,gamma,0.01831563888873418,33.9501511564673,25.091859631360418,cluster,25.091859631360418
-3.7948821678376605,429.2912561490775,olmo-dpo,gamma,0.022485555182230756,33.246226976961054,24.571603723753753,cluster,24.571603723753753
-3.5967174825282826,429.08902331224454,olmo-dpo,gamma,0.027413560410293344,32.42023030510403,23.96112654352891,cluster,23.96112654352891
-3.4055059440718645,428.854022550816,olmo-dpo,gamma,0.033190023537639085,31.460396828683333,23.251733329082473,cluster,23.251733329082473
-3.2212475524684074,428.58370527434465,olmo-dpo,gamma,0.0399052433089394,30.356317124282057,22.43573068930061,cluster,22.43573068930061
-3.043942307717911,428.2760564782145,olmo-dpo,gamma,0.04764668087206994,29.099761138202645,21.5070359604807,cluster,21.5070359604807
-2.873590209820375,427.92982564067387,olmo-dpo,gamma,0.056495730513351654,27.685621258737775,20.461874211682943,cluster,20.461874211682943
-2.710191258775799,427.54477926187735,olmo-dpo,gamma,0.06652408218369689,26.11294378272939,19.299540580485328,cluster,19.299540580485328
-2.5537454545841847,427.12196238654076,olmo-dpo,gamma,0.0777897616657505,24.385997074656302,18.023189727433078,cluster,18.023189727433078
-2.4042527972455305,426.6639500385038,olmo-dpo,gamma,0.09033296744116741,22.51529852207468,16.640594837718556,cluster,16.640594837718556
-2.2617132867598375,426.17506232465445,olmo-dpo,gamma,0.10417185551610178,20.518493102760697,15.164796952117046,cluster,15.164796952117046
-2.1261269231271047,425.6615099221808,olmo-dpo,gamma,0.11929845230145297,18.42094761059261,13.6145441471351,cluster,13.6145441471351
-1.9974937063473328,425.1314312699185,olmo-dpo,gamma,0.13567489860812082,16.255902559314823,12.014403803963605,cluster,12.014403803963605
-1.8758136364205213,424.5947812227498,olmo-dpo,gamma,0.15323024240568942,14.064017404287748,10.394426491210899,cluster,10.394426491210899
-1.7610867133466708,424.0630358030195,olmo-dpo,gamma,0.171858001924357,11.892164633735016,8.789254702504172,cluster,8.789254702504172
-1.6533129371257806,423.54869141692063,olmo-dpo,gamma,0.1914147121124981,9.791384375893648,7.2366111486315905,cluster,7.2366111486315905
-1.5524923077578512,423.0645607333001,olmo-dpo,gamma,0.21171964520722542,7.814008497293469,5.775173237630652,cluster,5.775173237630652
-1.4586248252428824,422.62290019294034,olmo-dpo,gamma,0.2325558598848091,6.0100970151586495,4.441939300364255,cluster,4.441939300364255
-1.3717104895808743,422.2344413463445,olmo-dpo,gamma,0.2536726837640463,4.423481708434002,3.269304504665593,cluster,3.269304504665593
-1.2917493007718268,421.90743209759853,olmo-dpo,gamma,0.27478967262257314,3.087850189039799,2.2821666728071963,cluster,2.2821666728071963
-1.21874125881574,421.64681480957483,olmo-dpo,gamma,0.29560201927779567,2.023388967473926,1.495445240214418,cluster,1.495445240214418
-1.152686363712614,421.4536675583827,olmo-dpo,gamma,0.31578730934187116,1.2345013211279081,0.9123945787961457,cluster,0.9123945787961457
-1.0935846154624485,421.32500867814247,olmo-dpo,gamma,0.33501344438746966,0.7090089799853712,0.5240139792360837,cluster,0.5240139792360837
-1.0414360140652434,421.25362626467734,olmo-dpo,gamma,0.3529474803255607,0.417455754136039,0.3085329763867582,cluster,0.3085329763867582
-0.9962405595209992,421.21082584700264,olmo-dpo,gamma,0.36926506498714173,0.24264238996122478,0.17933200831611243,cluster,0.17933200831611243
-0.9579982518297157,421.18195712982765,olmo-dpo,gamma,0.3836601087462286,0.12473144789688835,0.09218645206676408,cluster,0.09218645206676408
-0.9267090909913928,421.16460935419946,olmo-dpo,gamma,0.39585428960161323,0.053876461350636416,0.03981898635485345,cluster,0.03981898635485345
-0.9023730770060304,421.15577051709965,olmo-dpo,gamma,0.4056059825220885,0.017775251765409783,0.013137323605841758,cluster,0.013137323605841758
-0.8849902098736289,421.15230450612785,olmo-dpo,gamma,0.41271821382273993,0.003618730143275515,0.002674529146582165,cluster,0.002674529146582165
-0.8745604895941879,421.15147490707477,olmo-dpo,gamma,0.41704527514233664,0.00023032859806478974,0.00017023113756089422,cluster,0.00017023113756089422
-0.8710839161677075,421.1514185145887,olmo-dpo,gamma,0.4184976869087228,0.0,0.0,cluster,0.0
-0.8656716007052989,421.1515573388,olmo-dpo,gamma,0.42076886904348193,0.0005670114619948456,0.0004190665292822087,cluster,0.0004190665292822087
-0.8494346543180733,421.1537042746054,olmo-dpo,gamma,0.4276566374520384,0.009335922869863192,0.006899988901380499,cluster,0.006899988901380499
-0.8223730770060305,421.163562068616,olmo-dpo,gamma,0.4393877154377738,0.04959894430654421,0.03665756133655372,cluster,0.03665756133655372
-0.7844868687691705,421.1925203936382,olmo-dpo,gamma,0.45635381110888784,0.16787587927648104,0.12407361542760754,cluster,0.12407361542760754
-0.7357760296074934,421.26119169358105,olmo-dpo,gamma,0.4791334928887899,0.4483558749744873,0.33137062123543864,cluster,0.33137062123543864
-0.6762405595209992,421.40608022043784,olmo-dpo,gamma,0.5085251733931144,1.040136333816631,0.7687434075130194,cluster,0.7687434075130194
-0.6058804585096879,421.69189518057533,olmo-dpo,gamma,0.545593842362156,2.207514537760217,1.6315286686172898,cluster,1.6315286686172898
-0.5246957265735595,422.2339320030156,olmo-dpo,gamma,0.5917353863310213,4.421401354416739,3.2677669577267263,cluster,3.2677669577267263
-0.4326863637126139,423.2368421929805,olmo-dpo,gamma,0.6487639358118149,8.51767222741358,6.295236652443752,cluster,6.295236652443752
-0.3298523699268512,425.05219486238985,olmo-dpo,gamma,0.7190298760300081,15.932270601550155,11.775214069018741,cluster,11.775214069018741
-0.21619374521627144,428.22453274589566,olmo-dpo,gamma,0.8055792096347112,28.88931840257424,21.35150205553602,cluster,21.35150205553602
-0.09171048958087413,433.3907780473311,olmo-dpo,gamma,0.9123692517175427,49.99025083179554,36.946767954786154,cluster,36.946767954786154
0.04359739697933984,440.80806756071917,olmo-dpo,gamma,1.0445617265146376,80.2853134348987,59.33722668520434,cluster,59.33722668520434
0.18972991446437115,449.75201919023857,olmo-dpo,gamma,1.2089230409330682,116.8158511800336,86.33619706193647,cluster,86.33619706193647
0.34668706287421935,458.8317752075731,olmo-dpo,gamma,1.4143740459599086,153.901066266967,113.74511807296652,cluster,113.74511807296652
0.5144688422088848,467.17773876227386,olmo-dpo,gamma,1.6727497717166373,187.98919076534364,138.9389509683664,cluster,138.9389509683664
0.6930752524683672,474.9913370264568,olmo-dpo,gamma,1.9998561489903701,219.9029307025075,162.52574088056724,cluster,162.52574088056724
0.8825062936526671,481.9108642235767,olmo-dpo,gamma,2.4169497074212507,248.16494059739546,183.41361209841187,cluster,183.41361209841187
1.082761965761784,487.7009480878819,olmo-dpo,gamma,2.952823897190169,271.81386960707334,200.89204995301938,cluster,200.89204995301938
1.2938422687957178,492.3530699796107,olmo-dpo,gamma,3.646771548022117,290.8149243310131,214.93533935646207,cluster,214.93533935646207
1.515747202754469,496.02218312723556,olmo-dpo,gamma,4.552821737157343,305.8009933397162,226.01123525628418,cluster,226.01123525628418
1.7484767676380368,498.9365150476002,olmo-dpo,gamma,5.74584375161151,317.70424557414856,234.8086845768054,cluster,234.8086845768054
1.9920309634464224,501.25923353279904,olmo-dpo,gamma,7.330406441793826,327.19112104145677,241.82023944349257,cluster,241.82023944349257
2.246409790179626,503.056013834977,olmo-dpo,gamma,9.453733947465997,334.52986272603744,247.24415273835973,cluster,247.24415273835973
2.511613247837645,504.4321957827427,olmo-dpo,gamma,12.324796983149147,340.1507189951058,251.39841219545343,cluster,251.39841219545343
2.787641336420482,505.5287209552678,olmo-dpo,gamma,16.242663605808023,344.629349455406,254.70847601027035,cluster,254.70847601027035
3.074494055928136,506.4514007882698,olmo-dpo,gamma,21.63893105259704,348.3979286989373,257.4937555500444,cluster,257.4937555500444
3.372171406360607,507.2760579388352,olmo-dpo,gamma,29.141736958761715,351.7661456139414,259.983135513325,cluster,259.983135513325
3.6806733877178948,508.09423288081746,olmo-dpo,gamma,39.67310045826677,355.10788669643557,262.45294773241795,cluster,262.45294773241795
4.0,508.9377831253918,olmo-dpo,gamma,54.598150033144236,358.5532702724865,264.99935999043805,cluster,264.99935999043805
-12.0,457.29189618978126,olmo-inst,alpha,6.144174602214718e-06,0.28056406463767464,0.13934518849986094,cluster,0.13934518849986094
-11.431127445385242,457.2918755849322,olmo-inst,alpha,1.0852248138975092e-05,0.28049089801807814,0.1393088495039431,cluster,0.1393088495039431
-10.881538706181153,457.2918407993758,olmo-inst,alpha,1.8801808270247473e-05,0.2803673765321231,0.13924750121699686,cluster,0.13924750121699686
-10.351233782387734,457.29178327111396,olmo-inst,alpha,3.195232099369215e-05,0.28016309702304487,0.13914604358115915,cluster,0.13914604358115915
-9.840212674004984,457.2916900858695,olmo-inst,alpha,5.326314451052065e-05,0.2798322016442673,0.138981700799096,cluster,0.138981700799096
-9.348475381032905,457.2915422743068,olmo-inst,alpha,8.70905239271947e-05,0.2793073313890726,0.13872101828887315,cluster,0.13872101828887315
-8.876021903471496,457.29131273794394,olmo-inst,alpha,0.0001396792839129717,0.278492261125848,0.1383162047942571,cluster,0.1383162047942571
-8.422852241320754,457.2909638950199,olmo-inst,alpha,0.00021973857711067398,0.27725354020857534,0.13770098060316552,cluster,0.13770098060316552
-7.988966394580685,457.2904452679989,olmo-inst,alpha,0.0003390694780592935,0.2754119258460773,0.13678632283750425,cluster,0.13678632283750425
-7.574364363251285,457.2896914157603,olmo-inst,alpha,0.0005131831914646522,0.2727350404281099,0.1354568186344592,cluster,0.1354568186344592
-7.179046147332555,457.2886208373173,olmo-inst,alpha,0.0007618139047707626,0.26893347869500434,0.13356873173003841,cluster,0.13356873173003841
-6.8030117468244935,457.2871367088927,olmo-inst,alpha,0.001109194107589775,0.2636634250497967,0.13095130237555497,cluster,0.13095130237555497
-6.446261161727103,457.2851304977503,olmo-inst,alpha,0.0015839297327638513,0.25653948606371074,0.12741312074078423,cluster,0.12741312074078423
-6.108794392040382,457.2824895198631,olmo-inst,alpha,0.002218297755855022,0.2471615273164037,0.1227554557220121,cluster,0.1227554557220121
-5.790611437764331,457.27910923693054,olmo-inst,alpha,0.003046801612183201,0.23515833938776035,0.11679394213089674,cluster,0.11679394213089674
-5.49171229889895,457.2749103825139,olmo-inst,alpha,0.004103870961045459,0.22024845176775731,0.10938878458299714,cluster,0.10938878458299714
-5.212096975444238,457.269859790362,olmo-inst,alpha,0.005420688677327151,0.20231409302907868,0.10048149062041273,cluster,0.10048149062041273
-4.951765467400196,457.2639921461337,olmo-inst,alpha,0.007021267651281863,0.18147842992755384,0.09013323234952186,cluster,0.09013323234952186
-4.710717774766824,457.25742811394036,olmo-inst,alpha,0.008918068892923757,0.1581699336984271,0.0785568146607833,cluster,0.0785568146607833
-4.48895389754412,457.25038299278435,olmo-inst,alpha,0.011107622766821063,0.13315311856688072,0.06613194184368412,cluster,0.06613194184368412
-4.286473835732088,457.2431600112561,olmo-inst,alpha,0.013566748363523213,0.10750473160676105,0.05339339202159357,cluster,0.05339339202159357
-4.103277589330725,457.23612428016156,olmo-inst,alpha,0.016250020807711263,0.08252126003683287,0.04098507964634905,cluster,0.04098507964634905
-3.939365158340032,457.22965754874275,olmo-inst,alpha,0.01908908089871578,0.0595582731942671,0.029580262945288607,cluster,0.029580262945288607
-3.794736542760009,457.2240996783782,olmo-inst,alpha,0.021994205925939023,0.03982259905095717,0.019778326131952073,cluster,0.019778326131952073
-3.6693917425906553,457.2196886091393,olmo-inst,alpha,0.02485828425299848,0.024159148950158898,0.011998903597307148,cluster,0.011998903597307148
-3.563330757831971,457.2165143165039,olmo-inst,alpha,0.027563006444558058,0.012887420575926298,0.0064006773345993695,cluster,0.0064006773345993695
-3.476553588483957,457.21450170066703,olmo-inst,alpha,0.029986765279166133,0.0057407388927278894,0.0028512002924134744,cluster,0.0028512002924134744
-3.409060234546613,457.2134315131372,olmo-inst,alpha,0.032013506740532015,0.0019405652694908996,0.0009638028078282338,cluster,0.0009638028078282338
-3.3608506960199387,457.21299824171695,olmo-inst,alpha,0.03354163566819834,0.0004020436766775961,0.00019967935659959046,cluster,0.00019967935659959046
-3.3319249729039337,457.21289230311316,olmo-inst,alpha,0.034492066661362404,2.5861861291687864e-05,1.2844574166336726e-05,cluster,1.2844574166336726e-05
-3.322283065198599,457.21288502001397,olmo-inst,alpha,0.034814610181951186,0.0,0.0,cluster,0.0
-3.3052583062372674,457.2129083401471,olmo-inst,alpha,0.03539123832553098,8.280843536981737e-05,4.112770839304516e-05,cluster,4.112770839304516e-05
-3.254184029353272,457.2132778224723,olmo-inst,alpha,0.03717683084930393,0.0013948186647405481,0.0006927518319653573,cluster,0.0006927518319653573
-3.1690602345466132,457.2150534917784,olmo-inst,alpha,0.040346786415447124,0.007700117009706301,0.003824346705178256,cluster,0.003824346705178256
-3.049886921817291,457.2206372275362,olmo-inst,alpha,0.04522235564217674,0.027527637658800144,0.013671900082696097,cluster,0.013671900082696097
-2.8966640911653045,457.23513475453035,olmo-inst,alpha,0.05231871553823595,0.07900751212025715,0.03923993859840856,cluster,0.03923993859840856
-2.709391742590655,457.26939160026683,olmo-inst,alpha,0.06242144017387257,0.20065157725434996,0.09965578411265757,cluster,0.09965578411265757
-2.488069876093342,457.3468317042376,olmo-inst,alpha,0.07669876951304408,0.47563687869972165,0.2362302193101259,cluster,0.2362302193101259
-2.232698491673365,457.5192372958199,olmo-inst,alpha,0.09685234169128352,1.0878390987536122,0.5402870979542611,cluster,0.5402870979542611
-1.9432775893307253,457.904116407429,olmo-inst,alpha,0.1252882205876371,2.4545224204312657,1.2190652063507417,cluster,1.2190652063507417
-1.6198071690654214,458.77515778047746,olmo-inst,alpha,0.1652314656499807,5.547539633185487,2.755245782794659,cluster,2.755245782794659
-1.2622872308774542,460.7834414961211,olmo-inst,alpha,0.22058040945292956,12.678838206111294,6.297082636264947,cluster,6.297082636264947
-0.8707177747668227,465.48615853713005,olmo-inst,alpha,0.29510496995569985,29.37791267561312,14.590859256342766,cluster,14.590859256342766
-0.4450988007335286,476.44688252288375,olmo-inst,alpha,0.3905267000018058,68.2988055300313,33.921343216880324,cluster,33.921343216880324
0.014569691222429348,500.2690141550037,olmo-inst,alpha,0.5036423583737594,152.88980827973052,75.93438305065762,cluster,75.93438305065762
0.5082877011010507,541.4537217202477,olmo-inst,alpha,0.6244049859323201,299.1343074999327,148.5683012155657,cluster,148.5683012155657
1.0360552289023355,585.8700463499723,olmo-inst,alpha,0.7380881429938407,456.85409080507657,226.90154379670173,cluster,226.90154379670173
1.5978722746262841,611.0615962999096,olmo-inst,alpha,0.8317207960497667,546.3078182880986,271.32970865892077,cluster,271.32970865892077
2.193738838272896,619.2161595155276,olmo-inst,alpha,0.8996858457785352,575.264197593167,285.71120879062516,cluster,285.71120879062516
2.8236549198421717,623.1050895970138,olmo-inst,alpha,0.9439407863865673,589.0735619395899,292.5697795074438,cluster,292.5697795074438
3.4876205193341114,625.0758044039999,olmo-inst,alpha,0.9703334756917492,596.0714555047425,296.0453593155616,cluster,296.0453593155616
4.185635636748714,626.062736917472,olmo-inst,alpha,0.9850154201951962,599.575995411168,297.785927105299,cluster,297.785927105299
4.91770027208598,626.5510578920223,olmo-inst,alpha,0.9927371980175946,601.3099947668439,298.6471367095558,cluster,298.6471367095558
5.6838144253459095,626.7881425660964,olmo-inst,alpha,0.9966109621535785,602.1518686438851,299.06526250995336,cluster,299.06526250995336
6.4839780965285065,626.9003361172101,olmo-inst,alpha,0.9984746092189838,602.5502614131518,299.26312860375316,cluster,299.26312860375316
7.3181912856337625,626.9518485202036,olmo-inst,alpha,0.9993370787987583,602.733178957667,299.3539765879856,cluster,299.3539765879856
8.186453992661683,626.9747359944502,olmo-inst,alpha,0.9997216781425244,602.8144510464465,299.39434125316603,cluster,299.39434125316603
9.088766217612267,626.9845635694987,olmo-inst,alpha,0.9998870854408026,602.8493481933851,299.4116733000358,cluster,299.4116733000358
10.025127960485515,626.9886391736279,olmo-inst,alpha,0.9999557286241387,602.8638204264087,299.41886109167723,cluster,299.41886109167723
10.995539221281424,626.9902712134563,olmo-inst,alpha,0.999983223911643,602.8696157048388,299.4217393796229,cluster,299.4217393796229
12.0,626.9909022223881,olmo-inst,alpha,0.9999938558253978,602.8718563808249,299.42285223567615,cluster,299.42285223567615
-9.0,515.3510567977685,olmo-inst,lambda,0.00012340980408667956,206.44526378502212,238.86583332405655,cluster,238.86583332405655
-8.406363086095068,515.3440623816077,olmo-inst,lambda,0.0002234410167062149,206.42042702037722,238.83709614512978,cluster,238.83709614512978
-7.832849457407253,515.3319615342216,olmo-inst,lambda,0.00039649407612891296,206.37745761569414,238.78737874077336,cluster,238.78737874077336
-7.279459113936554,515.3114671635506,olmo-inst,lambda,0.000689558435390785,206.30468329840974,238.70317580182473,cluster,238.70317580182473
-6.74619205568297,515.2774907759017,olmo-inst,lambda,0.001175346765109541,206.18403512361942,238.56358080079664,cluster,238.56358080079664
-6.233048282646504,515.2223576035192,olmo-inst,lambda,0.0019634575914099597,205.9882604377672,238.3370612739135,cluster,238.3370612739135
-5.740027794827153,515.1347962802196,olmo-inst,lambda,0.0032146789226200987,205.67733527563698,237.9773078138826,cluster,237.9773078138826
-5.267130592224917,514.9986995319819,olmo-inst,lambda,0.005158390884429717,205.19406364477757,237.41814225730525,cluster,237.41814225730525
-4.814356674839799,514.7916878460057,olmo-inst,lambda,0.00811243933586147,204.45897719793692,236.56761639165663,cluster,236.56761639165663
-4.381706042671798,514.4835590561916,olmo-inst,lambda,0.012504008042464897,203.36482980135006,235.30164193976887,cluster,235.30164193976887
-3.969178695720912,514.0347727329599,olmo-inst,lambda,0.018888940333739064,201.77121569121198,233.4577635410302,cluster,233.4577635410302
-3.5767746339871436,513.3951976684469,olmo-inst,lambda,0.027965752736245682,199.50012186651367,230.83001268326004,cluster,230.83001268326004
-3.204493857470491,512.5034438108856,olmo-inst,lambda,0.04057943541901269,196.33355582691908,227.1661628958846,cluster,227.1661628958846
-2.8523363661709547,511.28721335994385,olmo-inst,lambda,0.057709333112189475,192.01479229187225,222.1691722562604,cluster,222.1691722562604
-2.520302160088535,509.66525711041766,olmo-inst,lambda,0.08043529874027357,186.25532006317513,215.50522120118993,cluster,215.50522120118993
-2.2083912392232317,507.55153900118194,olmo-inst,lambda,0.10987727265092627,178.74963009589422,206.82082294551708,cluster,206.82082294551708
-1.916603603575045,504.8573070380497,olmo-inst,lambda,0.1471057440434813,169.18256922488672,195.75133205230446,cluster,195.75133205230446
-1.6449392531439742,501.5056794499857,olmo-inst,lambda,0.19302428805625774,157.28113475646072,181.98087294885622,cluster,181.98087294885622
-1.39339818793002,497.4493697845654,olmo-inst,lambda,0.24823033643129117,142.87741525058112,165.3151650529335,cluster,165.3151650529335
-1.1619804079331815,492.6922933599983,olmo-inst,lambda,0.3128659647062687,125.98531377430042,145.77029479653453,cluster,145.77029479653453
-0.9506859131534596,487.3180549448072,olmo-inst,lambda,0.3864758436550843,106.90170599404601,123.68975978359889,cluster,123.68975978359889
-0.7595147035908544,481.51871225651956,olmo-inst,lambda,0.4678934389271939,86.30857768516121,99.86264617457326,cluster,99.86264617457326
-0.5884667792453654,475.61081574780513,olmo-inst,lambda,0.5551778427122727,65.32998107881177,75.58952956985875,cluster,75.58952956985875
-0.43754214011699283,470.01723882525624,olmo-inst,lambda,0.645621319296712,45.46751502652926,52.60782285272232,cluster,52.60782285272232
-0.3067407862057366,465.19381724512925,olmo-inst,lambda,0.735841316407743,28.339825764778197,32.79036764249296,cluster,32.79036764249296
-0.19606271751159657,461.50394657283493,olmo-inst,lambda,0.8219606817329788,15.237309793233846,17.630206838591924,cluster,17.630206838591924
-0.10550793403457301,459.09054980943836,olmo-inst,lambda,0.8998673332399274,6.6674783691923185,7.714552262558577,cluster,7.714552262558577
-0.0350764357746658,457.8227362722779,olmo-inst,lambda,0.9655316122802213,2.165546297612083,2.5056279398087336,cluster,2.5056279398087336
0.0152317772681251,457.3427474081062,olmo-inst,lambda,1.0153483720170737,0.46113378088224366,0.5335511351764975,cluster,0.5335511351764975
0.04541670509379962,457.22148765897145,olmo-inst,lambda,1.0464638358765919,0.030547470182140164,0.03534470487342838,cluster,0.03534470487342838
0.0554783477023578,457.21288502001397,olmo-inst,lambda,1.0570461293472238,0.0,0.0,cluster,0.0
0.06541670509379963,457.2215958943612,olmo-inst,lambda,1.067603807650838,0.030931807750792777,0.03578939956843261,cluster,0.03578939956843261
0.0952317772681251,457.3598779395546,olmo-inst,lambda,1.0999137605909186,0.5219633008947059,0.6039334424383866,cluster,0.6039334424383866
0.14492356422533423,458.0210267326327,olmo-inst,lambda,1.1559512108648766,2.869664179930306,3.3203218767616955,cluster,3.3203218767616955
0.21449206596542697,460.0386829381639,olmo-inst,lambda,1.2392322888236609,10.034243918878191,11.61004128414197,cluster,11.61004128414197
0.3039372824884034,464.85754769988085,olmo-inst,lambda,1.3551840596523403,27.145752183705635,31.408774401922663,cluster,31.408774401922663
0.41325921379426356,474.414150379527,olmo-inst,lambda,1.5117368381919847,61.08069201342852,70.67292380701339,cluster,70.67292380701339
0.5424578598830072,490.32056854464156,olmo-inst,lambda,1.7202297541228295,117.5634570120423,136.02585311368992,cluster,136.02585311368992
0.6915332207546345,512.6728174892527,olmo-inst,lambda,1.9967746838548137,196.93499189963202,227.86204967025654,cluster,227.86204967025654
0.8604852964091455,540.083041940781,olmo-inst,lambda,2.3643078054267703,294.26710338972225,340.47938704100204,cluster,340.47938704100204
1.04931408684654,568.5020266617182,olmo-inst,lambda,2.855691689648968,395.1812638769856,457.24130541607786,cluster,457.24130541607786
1.2580195920668182,592.8718667405462,olmo-inst,lambda,3.5184466235014855,481.717147439074,557.3669540287608,cluster,557.3669540287608
1.4866018120699807,610.2281402697479,olmo-inst,lambda,4.422043024654066,543.3482644401084,628.6767426440838,cluster,628.6767426440838
1.7350607468560262,620.8239411059852,olmo-inst,lambda,5.669272183805996,580.9733364326124,672.2105298116397,cluster,672.2105298116397
2.0033963964249555,626.5772237975439,olmo-inst,lambda,7.414194929199719,601.4029083742449,695.8484018403893,cluster,695.8484018403893
2.2916087607767683,629.5073137282354,olmo-inst,lambda,9.890836879161665,611.8074871588657,707.8869361046688,cluster,707.8869361046688
2.5996978399114647,631.0638123399087,olmo-inst,lambda,13.459670445287601,617.3345231258079,714.2819486510962,cluster,714.2819486510962
2.9276636338290447,631.881511237358,olmo-inst,lambda,18.683926967921433,620.2381243127519,717.6415370690816,cluster,717.6415370690816
3.2755061425295087,632.3644161419842,olmo-inst,lambda,26.45661290928361,621.9528915193941,719.6255946844593,cluster,719.6255946844593
3.643225366012856,632.6525725593142,olmo-inst,lambda,38.21489518855144,622.9761181838728,720.8095108732299,cluster,720.8095108732299
4.030821304279087,632.8232219513837,olmo-inst,lambda,56.30713755461404,623.5820842416847,721.5106390304544,cluster,721.5106390304544
4.438293957328201,632.9244768621852,olmo-inst,lambda,84.63043530789632,623.9416345359361,721.9266538088207,cluster,721.9266538088207
4.8656433251602,632.9843582159501,olmo-inst,lambda,129.75438602819796,624.1542697374878,722.1726816598908,cluster,722.1726816598908
5.312869407775082,633.0149908869987,olmo-inst,lambda,202.9316875295111,624.2630445692668,722.2985387048102,cluster,722.2985387048102
5.779972205172849,633.0268748500514,olmo-inst,lambda,323.75019171156595,624.3052438303065,722.3473650206536,cluster,722.3473650206536
6.266951717353498,633.0268470676089,olmo-inst,lambda,526.8688822777614,624.3051451764702,722.3472508740251,cluster,722.3472508740251
6.773807944317031,633.0191547549655,olmo-inst,lambda,874.6361263949008,624.2778302220398,722.3156463255235,cluster,722.3156463255235
7.300540886063447,633.0165984146001,olmo-inst,lambda,1481.1008177607396,624.268752806206,722.3051433744853,cluster,722.3051433744853
7.847150542592748,633.1857078012351,olmo-inst,lambda,2558.4337724155134,624.8692503943628,722.9999442828439,cluster,722.9999442828439
8.413636913904933,634.1304424930296,olmo-inst,lambda,4508.1264004357035,628.2239482923278,726.8814705249879,cluster,726.8814705249879
9.0,637.9126546824024,olmo-inst,lambda,8103.083927575384,641.6543636158581,742.4210246388759,cluster,742.4210246388759
-4.0,465.9926415119037,olmo-inst,gamma,0.01831563888873418,31.17640423687982,22.492544314309036,cluster,22.492544314309036
-3.8067473314399676,465.78300428588466,olmo-inst,gamma,0.02222033693176233,30.431994650178332,21.955482198689143,cluster,21.955482198689143
-3.620045600797225,465.54034987436563,olmo-inst,gamma,0.026781455209084256,29.570342959682407,21.333834535773203,cluster,21.333834535773203
-3.439894808071771,465.26217022687894,olmo-inst,gamma,0.03206805845134803,28.58254322417388,20.62117604072118,cluster,20.62117604072118
-3.2662949532636065,464.9464567989047,olmo-inst,gamma,0.038147503850409596,27.46146321897921,19.812361095125308,cluster,19.812361095125308
-3.099246036372731,464.59190948680447,olmo-inst,gamma,0.04508318066117937,26.202486351756654,18.90405900994785,cluster,18.90405900994785
-2.9387480573991454,464.19816344610285,olmo-inst,gamma,0.052931955043399384,24.804317081011614,17.89533510316913,cluster,17.89533510316913
-2.784801016342848,463.76602303014965,olmo-inst,gamma,0.061741373332993996,23.26981161866814,16.788250018883474,cluster,16.788250018883474
-2.6374049132038397,463.29768727248904,olmo-inst,gamma,0.07154669874312211,21.606778604836805,15.588437382520766,cluster,15.588437382520766
-2.496559747982122,462.79694610362236,olmo-inst,gamma,0.08236787801525303,19.828675862117652,14.305606481557069,cluster,14.305606481557069
-2.362265520677693,462.26932142003966,olmo-inst,gamma,0.09420655435523699,17.955111323519656,12.95390366522385,cluster,12.95390366522385
-2.2345222312905526,461.72212315063496,olmo-inst,gamma,0.1070432595580294,16.012042121037684,11.552055979053069,cluster,11.552055979053069
-2.113329879820702,461.16438891133157,olmo-inst,gamma,0.12083492997933884,14.031560302739727,10.123216568218936,cluster,10.123216568218936
-1.9986884662681403,460.6066782973501,olmo-inst,gamma,0.13551289647310405,12.051162376584573,8.694437682252433,cluster,8.694437682252433
-1.8905979906328683,460.0607009225844,olmo-inst,gamma,0.15098149631550825,10.112428499897955,7.295717762415067,cluster,7.295717762415067
-1.789058452914885,459.53877207026665,olmo-inst,gamma,0.16711744455735947,8.25908952657001,5.958606892595691,cluster,5.958606892595691
-1.6940698531141913,459.0531112228065,olmo-inst,gamma,0.18377008272603443,6.53453612734642,4.714409727980308,cluster,4.714409727980308
-1.6056321912307867,458.6150249821079,olmo-inst,gamma,0.20076259443114042,4.978917387436027,3.59209224781968,cluster,3.59209224781968
-1.5237454672646713,458.2340430887773,olmo-inst,gamma,0.2178942409283128,3.6260728610099267,2.616068353921938,cluster,2.616068353921938
-1.4484096812158451,457.9170987593448,olmo-inst,gamma,0.23494362641394495,2.500621996387226,1.8041000058801113,cluster,1.8041000058801113
-1.3796248330843082,457.667856135635,olmo-inst,gamma,0.25167295471664414,1.6155759478988738,1.1655742376557037,cluster,1.1655742376557037
-1.3173909228700604,457.4862832403081,olmo-inst,gamma,0.26783318859694055,0.9708211658726213,0.700409127644943,cluster,0.700409127644943
-1.2617079505731021,457.3685465569429,olmo-inst,gamma,0.28316997293010243,0.5527450566439296,0.39878372716157473,cluster,0.39878372716157473
-1.2125759161934329,457.30564421304257,olmo-inst,gamma,0.29743013670084345,0.3293824949721256,0.23763646083836115,cluster,0.23763646083836115
-1.169994819731053,457.2663362554267,olmo-inst,gamma,0.3103685490538774,0.18980222557743084,0.13693480932944513,cluster,0.13693480932944513
-1.1339646611859622,457.2401547078905,olmo-inst,gamma,0.3217550744622057,0.09683307429283008,0.06986123858523074,cluster,0.06986123858523074
-1.1044854405581606,457.22458916130984,olmo-inst,gamma,0.33138135378378797,0.041560724448626116,0.029984421208193404,cluster,0.029984421208193404
-1.0815571578476484,457.21672705114827,olmo-inst,gamma,0.33906713330905897,0.013642828914923045,0.00984276222523584,cluster,0.00984276222523584
-1.0651798130544252,457.2136643286527,olmo-inst,gamma,0.3446658737713721,0.0027672796130011625,0.001996482944363503,cluster,0.001996482944363503
-1.0553534061784915,457.21293451263676,olmo-inst,gamma,0.34806939569243034,0.0001757454225937056,0.00012679338116387953,cluster,0.00012679338116387953
-1.0520779372198468,457.21288502001397,olmo-inst,gamma,0.3492113553992829,0.0,0.0,cluster,0.0
-1.0464645172896025,457.21303250814196,olmo-inst,gamma,0.3511771376001484,0.000523721757284038,0.0003778445629770282,cluster,0.0003778445629770282
-1.0296242574988697,457.2153111132394,olmo-inst,gamma,0.3571411284621439,0.008614915821694548,0.006215321510820247,cluster,0.006215321510820247
-1.0015571578476483,457.2257534653694,olmo-inst,gamma,0.3673070405873248,0.045695100390479186,0.03296721015901598,cluster,0.03296721015901598
-0.9622632183359384,457.25634303327416,olmo-inst,gamma,0.3820272956542896,0.15431687541482406,0.11133353071576088,cluster,0.11133353071576088
-0.9117424389637399,457.32862330195076,olmo-inst,gamma,0.40182346083767767,0.41097990208229024,0.29650576729888634,cluster,0.29650576729888634
-0.8499948197310528,457.48050705746857,olmo-inst,gamma,0.4274171460787611,0.9503102768384644,0.6856113313044365,cluster,0.6856113313044365
-0.7770203606378773,457.77895597980626,olmo-inst,gamma,0.4597739328447116,2.0100850274771487,1.4501969570491986,cluster,1.4501969570491986
-0.6928190616842131,458.34367594559643,olmo-inst,gamma,0.5001640863563093,4.0153727538935815,2.896932850857192,cluster,2.896932850857192
-0.5973909228700605,459.39120907077796,olmo-inst,gamma,0.5502453975662025,7.735101904963944,5.580570519010891,cluster,5.580570519010891
-0.4907359441954193,461.3136102038077,olmo-inst,gamma,0.612175701208437,14.561436426215637,10.505501263330684,cluster,10.505501263330684
-0.37285412566028964,464.79846048554754,olmo-inst,gamma,0.6887656987575996,26.935936925049166,19.43321463023013,cluster,19.43321463023013
-0.24374546726467106,470.9201188540258,olmo-inst,gamma,0.7836870828955341,48.67358945243482,35.116072378876225,cluster,35.116072378876225
-0.10340996900856425,480.86848613685567,olmo-inst,gamma,0.9017572051825496,83.99966258361535,60.60243890518869,cluster,60.60243890518869
0.04815236910803122,494.7887045679117,olmo-inst,gamma,1.0493305287009673,133.4295479424129,96.26414890985858,cluster,96.26414890985858
0.21094154708511503,510.6200751623808,olmo-inst,gamma,1.2348401729442617,189.64582338615114,136.82197132569445,cluster,136.82197132569445
0.3849575649226875,525.5350356511667,olmo-inst,gamma,1.4695519595669693,242.60797988844357,175.0320754498898,cluster,175.0320754498898
0.5702004226207484,538.971601794419,olmo-inst,gamma,1.7686214876676996,290.3204441264403,209.45473394713,cluster,209.45473394713
0.7666701201792983,551.0757993157281,olmo-inst,gamma,2.152586452291254,333.3017449445166,240.46404489882758,cluster,240.46404489882758
0.9743666575983361,561.2446321569454,olmo-inst,gamma,2.6494886459832934,369.4106784403263,266.51521425838365,cluster,266.51521425838365
1.193290034877863,569.3424969687237,olmo-inst,gamma,3.297913628953025,398.1657250137498,287.2608446523998,cluster,287.2608446523998
1.423440252017878,575.5786343199304,olmo-inst,gamma,4.151377687394194,420.3098857450321,303.23698201471797,cluster,303.23698201471797
1.6648173090183818,580.3442947269275,olmo-inst,gamma,5.284707693128181,437.2324684432517,315.4459570575165,cluster,315.4459570575165
1.9174212058793745,584.007430435859,olmo-inst,gamma,6.803391282507519,450.24005011612525,324.8304134873252,cluster,324.8304134873252
2.181251942600856,586.7622905533792,olmo-inst,gamma,8.857388261954913,460.02239803422606,331.8879911468293,cluster,331.8879911468293
2.4563095191828253,588.7982660871488,olmo-inst,gamma,11.661694767271465,467.2520286413884,337.10388408855994,cluster,337.10388408855994
2.7425939356252833,590.3616087856863,olmo-inst,gamma,15.527209485893943,472.8033675623939,341.10895586450124,cluster,341.10895586450124
3.04010519192823,591.6397025090632,olmo-inst,gamma,20.907442413604656,477.34180397682377,344.38325848752413,cluster,344.38325848752413
3.348843288091665,592.7566764066466,olmo-inst,gamma,28.46978325307001,481.30811326857594,347.24479398825576,cluster,347.24479398825576
3.668808224115588,593.8534488797841,olmo-inst,gamma,39.20515424973756,485.20268847803663,350.05457618182186,cluster,350.05457618182186
4.0,594.9851847467994,olmo-inst,gamma,54.598150033144236,489.2214166639537,352.9539298443579,cluster,352.9539298443579
-12.0,95.36387558432642,olmo-inst-chat,alpha,6.144174602214718e-06,0.3952438098889842,0.7239054962756045,cluster,0.7239054962756045
-11.471951762660877,95.36386465862321,olmo-inst-chat,alpha,1.0418138537272234e-05,0.39506824998911927,0.7235839510084604,cluster,0.7235839510084604
-10.96180346557054,95.36384693913735,olmo-inst-chat,alpha,1.7351687094752314e-05,0.39478352404467176,0.7230624635848478,cluster,0.7230624635848478
-10.469555108728986,95.36381875023193,olmo-inst-chat,alpha,2.838687986823355e-05,0.3943305700042513,0.7222328593982251,cluster,0.7222328593982251
-9.995206692136216,95.36377477070349,olmo-inst-chat,alpha,4.5615987073806266e-05,0.393623883993981,0.7209385345430948,cluster,0.7209385345430948
-9.53875821579223,95.36370749381334,olmo-inst-chat,alpha,7.200102381415738e-05,0.3925428438198988,0.7189585644483508,cluster,0.7189585644483508
-9.100209679697027,95.36360661653978,olmo-inst-chat,alpha,0.00011162993425835096,0.390921895153567,0.7159897294675631,cluster,0.7159897294675631
-8.679561083850608,95.36345841055933,olmo-inst-chat,alpha,0.00016999677442304303,0.38854044413002264,0.7116280027512379,cluster,0.7116280027512379
-8.276812428252972,95.36324516937377,olmo-inst-chat,alpha,0.00025428198169472196,0.3851139734972417,0.7053522791046266,cluster,0.7053522791046266
-7.89196371290412,95.36294487784582,olmo-inst-chat,alpha,0.0003735953201592432,0.38028873254260603,0.6965146493669312,cluster,0.6965146493669312
-7.525014937804054,95.36253130592442,olmo-inst-chat,alpha,0.0005391297928515248,0.3736432431195483,0.6843431587618181,cluster,0.6843431587618181
-7.17596610295277,95.36197477437312,olmo-inst-chat,alpha,0.0007641621468492547,0.3647006037710435,0.6679643424119519,cluster,0.6679643424119519
-6.844817208350269,95.36124385526068,olmo-inst-chat,alpha,0.0010638279496797834,0.35295581409960747,0.6464532710604699,cluster,0.6464532710604699
-6.531568253996554,95.36030822458676,olmo-inst-chat,alpha,0.0014546006061067517,0.33792161224566386,0.6189175043213436,cluster,0.6189175043213436
-6.236219239891621,95.35914274716121,olmo-inst-chat,alpha,0.001953418101359681,0.3191941128591774,0.5846173093576745,cluster,0.5846173093576745
-5.958770166035473,95.35773262260022,olmo-inst-chat,alpha,0.00257643164071414,0.2965354956504563,0.543117108405747,cluster,0.543117108405747
-5.699221032428108,95.35607906108618,olmo-inst-chat,alpha,0.003337397353234578,0.2699652064615791,0.4944525173350786,cluster,0.4944525173350786
-5.457571839069527,95.35420454000828,olmo-inst-chat,alpha,0.004245792989908637,0.23984442371040915,0.4392850494579224,cluster,0.4392850494579224
-5.23382258595973,95.3521563276886,olmo-inst-chat,alpha,0.005304808978448401,0.20693267945912447,0.37900581937405603,cluster,0.37900581937405603
-5.027973273098716,95.35000680737095,olmo-inst-chat,alpha,0.006509426135085164,0.1723930654366786,0.31574507801770324,cluster,0.31574507801770324
-4.840023900486487,95.34784936219995,olmo-inst-chat,alpha,0.007844837003717674,0.13772611073587834,0.2522511069063137,cluster,0.2522511069063137
-4.669974468123041,95.34578929800344,olmo-inst-chat,alpha,0.009285480573108141,0.10462392434364427,0.1916230741110412,cluster,0.1916230741110412
-4.517824976008378,95.34393045139713,olmo-inst-chat,alpha,0.0107949311267568,0.07475500718037427,0.13691690854613298,cluster,0.13691690854613298
-4.3835754241425,95.3423595254844,olmo-inst-chat,alpha,0.012326808470878392,0.04951254995034541,0.09068429700073694,cluster,0.09068429700073694
-4.267225812525406,95.34113140108857,olmo-inst-chat,alpha,0.0138267652023769,0.02977840635803186,0.054540391256127495,cluster,0.054540391256127495
-4.168776141157094,95.34025919945933,olmo-inst-chat,alpha,0.015235472304826867,0.01576341548935155,0.028871351877775803,cluster,0.028871351877775803
-4.088226410037568,95.33971234178102,olmo-inst-chat,alpha,0.016492388427252994,0.006976220979682856,0.012777239223162222,cluster,0.012777239223162222
-4.0255766191668245,95.3394241822001,olmo-inst-chat,alpha,0.01753998318701882,0.002345922480044433,0.0042966547094505,cluster,0.0042966547094505
-3.980826768544865,95.33930831934673,olmo-inst-chat,alpha,0.01832800947542465,0.0004841776980505522,0.000886791615765754,cluster,0.000886791615765754
-3.953976858171689,95.33928012107836,olmo-inst-chat,alpha,0.018817395327999486,3.107320887180204e-05,5.691187597735052e-05,cluster,5.691187597735052e-05
-3.9450268880472974,95.33927818728449,olmo-inst-chat,alpha,0.018983354928820192,0.0,0.0,cluster,0.0
-3.927310191505023,95.33928596759199,olmo-inst-chat,alpha,0.019316119868556452,0.00012501804043144767,0.00022897574696324941,cluster,0.00022897574696324941
-3.874160101878198,95.3394094438632,olmo-inst-chat,alpha,0.020349089972037052,0.0021090991926737846,0.0038629029970028783,cluster,0.0038629029970028783
-3.7855766191668243,95.34000471009475,olmo-inst-chat,alpha,0.022192105221279724,0.01167414759401325,0.02138168744505454,cluster,0.02138168744505454
-3.661559743370901,95.34188528223834,olmo-inst-chat,alpha,0.025048842808244966,0.041892162026068026,0.07672723919460432,cluster,0.07672723919460432
-3.502109474490428,95.34679795283768,olmo-inst-chat,alpha,0.029252269381416156,0.12083151650745166,0.22130795406417467,cluster,0.22130795406417467
-3.3072258125254055,95.35849436092549,olmo-inst-chat,alpha,0.03532413158671954,0.3087755045141405,0.5655351943293998,cluster,0.5655351943293998
-3.0769087574758336,95.38517297849538,olmo-inst-chat,alpha,0.04406985896816685,0.7374614517677429,1.3506913577621968,cluster,1.3506913577621968
-2.811158309341712,95.445190487318,olmo-inst-chat,alpha,0.05672417185185684,1.7018540989516346,3.1170166496378346,cluster,3.1170166496378346
-2.5099744681230405,95.58081943207573,olmo-inst-chat,alpha,0.07516188424939815,3.881210750628482,7.108599108416371,cluster,7.108599108416371
-2.1733572338198197,95.8923820883777,olmo-inst-chat,alpha,0.10216866205009119,8.887562076584143,16.27794003285464,cluster,16.27794003285464
-1.8013066064320498,96.6253091380356,olmo-inst-chat,alpha,0.14169208697937766,20.664616330888798,37.84810531139944,cluster,37.84810531139944
-1.3938225859597293,98.39744878961805,olmo-inst-chat,alpha,0.19879820391885314,49.14028090437193,90.0024707412715,cluster,90.0024707412715
-0.9509051724028601,102.7996300523879,olmo-inst-chat,alpha,0.27870282093435006,119.87682636701054,219.55939931742333,cluster,219.55939931742333
-0.4725543657614413,113.91129101735176,olmo-inst-chat,alpha,0.38401183795680705,298.4247924993826,546.5774342573224,cluster,546.5774342573224
0.041229833964527174,140.84601226766688,olmo-inst-chat,alpha,0.5103059986025865,731.2259473177152,1339.2707717074932,cluster,1339.2707717074932
0.5904474267750448,192.1315329029435,olmo-inst-chat,alpha,0.6434677995863713,1555.308452205248,2848.6121952713775,cluster,2848.6121952713775
1.1750984126701125,245.76159296955294,olmo-inst-chat,alpha,0.7640653410609074,2417.06423998915,4426.953805224234,cluster,4426.953805224234
1.7951827916497294,272.43032727479925,olmo-inst-chat,alpha,0.8575615271989805,2845.591377789726,5211.8191025307815,cluster,5211.8191025307815
2.4507005637138963,285.67984820857737,olmo-inst-chat,alpha,0.9206126665937859,3058.4915933752777,5601.75471281632,cluster,5601.75471281632
3.1416517288626125,292.6732443980508,olmo-inst-chat,alpha,0.9585785135250154,3170.8651323021313,5807.571528740493,cluster,5807.571528740493
3.8680362870958778,296.2093607553402,olmo-inst-chat,alpha,0.9795284725003578,3227.6852949755776,5911.640022742043,cluster,5911.640022742043
4.629854238413693,297.9440656321502,olmo-inst-chat,alpha,0.9903380823430585,3255.5594380556213,5962.692676508547,cluster,5962.692676508547
5.427105582816059,298.77004671661416,olmo-inst-chat,alpha,0.9956234378068719,3268.831733094127,5987.001437547118,cluster,5987.001437547118
6.259790320302975,299.15084110805515,olmo-inst-chat,alpha,0.9980920008320099,3274.950536063438,5998.208279980289,cluster,5998.208279980289
7.127908450874439,299.3204589493168,olmo-inst-chat,alpha,0.9991982474389017,3277.6760440385756,6003.200161330433,cluster,6003.200161330433
8.031459974530453,299.39336682211456,olmo-inst-chat,alpha,0.9996750323746713,3278.847565779936,6005.345852183416,cluster,6005.345852183416
8.970444891271015,299.42358985894236,olmo-inst-chat,alpha,0.9998729045265926,3279.3332053052022,6006.235321196601,cluster,6006.235321196601
9.944863201096126,299.435669630799,olmo-inst-chat,alpha,0.9999520288693782,3279.527309382275,6006.590830896504,cluster,6006.590830896504
10.95471490400579,299.44032453305147,olmo-inst-chat,alpha,0.9999825248795869,3279.6021067804622,6006.727825445945,cluster,6006.727825445945
12.0,299.4420539621637,olmo-inst-chat,alpha,0.9999938558253978,3279.629896149804,6006.778722833081,cluster,6006.778722833081
-9.0,228.86664303077637,olmo-inst-chat,lambda,0.00012340980408667956,2145.5873690705444,5275.299869848237,cluster,5275.299869848237
-8.389392113409823,228.85392793197474,olmo-inst-chat,lambda,0.0002272653879586271,2145.3830562286244,5274.79753117682,cluster,5274.79753117682
-7.799482799246432,228.83155982425015,olmo-inst-chat,lambda,0.0004099469490304881,2145.0236338026657,5273.913828604642,cluster,5273.913828604642
-7.230272057509826,228.79305966880406,olmo-inst-chat,lambda,0.0007243237786183846,2144.4049932166768,5272.392793083182,cluster,5272.392793083182
-6.6817598882000055,228.72822594550337,olmo-inst-chat,lambda,0.001253569887288147,2143.363211122296,5269.831390538537,cluster,5269.831390538537
-6.153946291316971,228.6214107299795,olmo-inst-chat,lambda,0.0021250790202078556,2141.6468485061296,5265.611414406967,cluster,5265.611414406967
-5.646831266860723,228.4492403602427,olmo-inst-chat,lambda,0.0035286805250160694,2138.880325171617,5258.809435425889,cluster,5258.809435425889
-5.160414814831258,228.1777262632279,olmo-inst-chat,lambda,0.005739318437390659,2134.517494992482,5248.08265831677,cluster,5248.08265831677
-4.6946969352285794,227.75876647402475,olmo-inst-chat,lambda,0.009143638062598308,2127.785430498314,5231.530706407545,cluster,5231.530706407545
-4.249677628052688,227.12611765127798,olmo-inst-chat,lambda,0.01426883303913685,2117.619699116332,5206.536487011337,cluster,5206.536487011337
-3.825356893303581,226.19101726042823,olmo-inst-chat,lambda,0.021810650066879773,2102.5940181274814,5169.593235896282,cluster,5169.593235896282
-3.4217347309812607,224.83775409156533,olmo-inst-chat,lambda,0.03265573685683691,2080.8490794361214,5116.129520597621,cluster,5116.129520597621
-3.038811141085726,222.9196364355729,olmo-inst-chat,lambda,0.04789179224695716,2050.0277641206253,5040.349954117967,cluster,5040.349954117967
-2.6765861236169766,220.25604634482102,olmo-inst-chat,lambda,0.06879762027845636,2007.2278087571892,4935.118816848524,cluster,4935.118816848524
-2.3350596785750133,216.63172573216613,olmo-inst-chat,lambda,0.09680470518721009,1948.9903340860685,4791.931852299073,cluster,4791.931852299073
-2.0142318059598354,211.8003515191215,olmo-inst-chat,lambda,0.13342285865297945,1871.3572923577915,4601.057511394228,cluster,4601.057511394228
-1.7141025057714436,205.49616184275243,olmo-inst-chat,lambda,0.1801253096155088,1770.0582832917733,4351.996272012858,cluster,4351.996272012858
-1.434671778009837,197.4602250206928,olmo-inst-chat,lambda,0.23819353154080106,1640.9326575125988,4034.5184537303835,cluster,4034.5184537303835
-1.1759396226750163,187.49179184431387,olmo-inst-chat,lambda,0.3085289426562547,1480.7546719908178,3640.693006043465,cluster,3640.693006043465
-0.9379060397669805,175.5381618506355,olmo-inst-chat,lambda,0.3914466514967016,1288.6775081896692,3168.437878236688,cluster,3168.437878236688
-0.720571029285731,161.83139342944645,olmo-inst-chat,lambda,0.48647438551055555,1068.4300013977186,2626.9210606683164,cluster,2626.9210606683164
-0.5239345912312672,147.04794758743867,olmo-inst-chat,lambda,0.5921859484944841,830.8818800285254,2042.867671929153,cluster,2042.867671929153
-0.347996725603589,132.38238480709867,olmo-inst-chat,lambda,0.7061011882657957,595.2279652022249,1463.471519559495,cluster,1463.471519559495
-0.19275743240269655,119.33544896759292,olmo-inst-chat,lambda,0.8246819910084201,385.5829926145574,948.022877127774,cluster,948.022877127774
-0.05821671162858971,109.16037992880132,olmo-inst-chat,lambda,0.9434454696770254,222.08467423883832,546.0338133957911,cluster,546.0338133957911
0.0556254367187316,102.3470299657316,olmo-inst-chat,lambda,1.0572016206579027,112.6042120208185,276.8570479025114,cluster,276.8570479025114
0.1487690126392671,98.37455258249094,olmo-inst-chat,lambda,1.1604049193801973,48.77237270166645,119.91536447045117,cluster,119.91536447045117
0.22121401613301692,96.3313268432554,olmo-inst-chat,lambda,1.2475904064688519,15.940755426795405,39.1931208397655,cluster,39.1931208397655
0.27296044719998114,95.54215115984576,olmo-inst-chat,lambda,1.313848277418846,3.2598687764372802,8.01495459003912,cluster,8.01495459003912
0.30400830584015964,95.35239980743494,olmo-inst-chat,lambda,1.355280312784573,0.21084503906394664,0.5183992146700664,cluster,0.5183992146700664
0.31435759205355246,95.33927818728449,olmo-inst-chat,lambda,1.3693793281711746,0.0,0.0,cluster,0.0
0.3240083058401596,95.35092346957292,olmo-inst-chat,lambda,1.3826587912147021,0.1871224719861434,0.46007315588448877,cluster,0.46007315588448877
0.3529604471999811,95.53074287704472,olmo-inst-chat,lambda,1.423274847814857,3.076554535873995,7.564244633723642,cluster,7.564244633723642
0.40121401613301694,96.34733039316232,olmo-inst-chat,lambda,1.4936368966887064,16.19790881689517,39.82537719291133,cluster,39.82537719291133
0.46876901263926707,98.66255639504408,olmo-inst-chat,lambda,1.5980258323504974,53.400168233934096,131.2936050030804,cluster,131.2936050030804
0.5556254367187315,103.73109580281144,olmo-inst-chat,lambda,1.7430307993973322,134.8441040570411,331.53769211927295,cluster,331.53769211927295
0.6617832883714104,113.00909795670097,olmo-inst-chat,lambda,1.938245705336002,283.9278836622741,698.086104216171,cluster,698.086104216171
0.7872425675973036,127.99772108332547,olmo-inst-chat,lambda,2.197329078549165,524.7729006963359,1290.2454845931018,cluster,1290.2454845931018
0.9320032743964111,149.34085848757826,olmo-inst-chat,lambda,2.5395915839884355,867.7255687473885,2133.4542912880947,cluster,2133.4542912880947
1.0960654087687327,175.94871397472673,olmo-inst-chat,lambda,2.9923690819426665,1295.2744739339396,3184.6576663626865,cluster,3184.6576663626865
1.2794289707142688,204.88263576469365,olmo-inst-chat,lambda,3.59458652523031,1760.1998261491399,4327.757539798487,cluster,4327.757539798487
1.482093960233019,232.39518577672567,olmo-inst-chat,lambda,4.402153972013487,2202.2858350052843,5414.702913638384,cluster,5414.702913638384
1.7040603773249843,255.6594298181263,olmo-inst-chat,lambda,5.496218868295431,2576.1078468806036,6333.8093732585985,cluster,6333.8093732585985
1.9453282219901633,273.7179642810953,olmo-inst-chat,lambda,6.995927695550958,2866.2818010591045,7047.25252862836,cluster,7047.25252862836
2.205897494228557,287.03269272568025,olmo-inst-chat,lambda,9.078395720408404,3080.229804951717,7573.280922232258,cluster,7573.280922232258
2.4857681940401646,296.5931123072306,olmo-inst-chat,lambda,12.010342985856214,3233.8516151419526,7950.986872120217,cluster,7950.986872120217
2.784940321424987,303.3735044597945,olmo-inst-chat,lambda,16.198851123563813,3342.80249406432,8218.861564935916,cluster,8218.861564935916
3.103413876383023,308.1540637176457,olmo-inst-chat,lambda,22.273861843985898,3419.6190145787573,8407.728346365353,cluster,8407.728346365353
3.441188858914274,311.51139133277655,olmo-inst-chat,lambda,31.224057109871044,3473.566306456341,8540.36715004351,cluster,8540.36715004351
3.7982652690187386,313.85864380884504,olmo-inst-chat,lambda,44.62370718423472,3511.2831839711116,8633.100655988292,cluster,8633.100655988292
4.174643106696418,315.4893701379133,olmo-inst-chat,lambda,65.01663151943738,3537.4865454930036,8697.526179562241,cluster,8697.526179562241
4.570322371947311,316.61249805803,olmo-inst-chat,lambda,96.57523790266188,3555.53355092951,8741.897882529338,cluster,8741.897882529338
4.9853030647714185,317.37702484260296,olmo-inst-chat,lambda,146.24789089415304,3567.818366212269,8772.102238407106,cluster,8772.102238407106
5.419585185168741,317.87697107944024,olmo-inst-chat,lambda,225.78544392292304,3575.851763203438,8791.853742686473,cluster,8791.853742686473
5.87316873313928,318.1935852311171,olmo-inst-chat,lambda,355.37328111502615,3580.9392845928032,8804.3622992291,cluster,8804.3622992291
6.346053708683031,318.39111019626125,olmo-inst-chat,lambda,570.2379379250156,3584.113218795625,8812.16596871766,cluster,8812.16596871766
6.838240111799996,318.51278279034216,olmo-inst-chat,lambda,932.8459846322993,3586.068317522602,8816.972919116713,cluster,8816.972919116713
7.349727942490175,318.58688468701257,olmo-inst-chat,lambda,1555.773210470938,3587.259025462555,8819.900481765158,cluster,8819.900481765158
7.8805172007535695,318.63149915679503,olmo-inst-chat,lambda,2645.240326257225,3587.975914041576,8821.663077072215,cluster,8821.663077072215
8.430607886590177,318.65801822166657,olmo-inst-chat,lambda,4585.286580165531,3588.402036212822,8822.710772573651,cluster,8822.710772573651
9.0,318.78207062028525,olmo-inst-chat,lambda,8103.083927575384,3590.395374880826,8827.611742521307,cluster,8827.611742521307
-4.0,96.72707147949207,olmo-inst-chat,gamma,0.01831563888873418,22.29978673009461,58.51638035673284,cluster,58.51638035673284
-3.858866303044797,96.6660109839498,olmo-inst-chat,gamma,0.021091897794091836,21.318634828098872,55.94176120993031,cluster,55.94176120993031
-3.72251679920672,96.59970743048052,olmo-inst-chat,gamma,0.024173052502639496,20.25323473565393,53.14606823778761,cluster,53.14606823778761
-3.5909514884857687,96.52836635367773,olmo-inst-chat,gamma,0.027572083418466724,19.1068890898503,50.137967817723855,cluster,50.137967817723855
-3.4641703708819427,96.45234138621502,olmo-inst-chat,gamma,0.03129896118758182,17.885280245002942,46.9323708908364,cluster,46.9323708908364
-3.3421734463952424,96.37214657866488,olmo-inst-chat,gamma,0.035360021032751356,16.596668233927105,43.55095242773488,cluster,43.55095242773488
-3.2249607150256674,96.28846372690508,olmo-inst-chat,gamma,0.03975734341175823,15.252008508528586,40.02246038903699,cluster,40.02246038903699
-3.1125321767732173,96.20214320892177,olmo-inst-chat,gamma,0.04448816070534511,13.864965385991864,36.382751009215276,cluster,36.382751009215276
-3.004887831637893,96.11419691116618,olmo-inst-chat,gamma,0.04954431132103127,12.451798385788647,32.674490536038824,cluster,32.674490536038824
-2.9020276796196947,96.02578203711016,olmo-inst-chat,gamma,0.05491176363163699,11.031102057100545,28.94647251742999,cluster,28.94647251742999
-2.8039517207186218,95.93817495746768,olmo-inst-chat,gamma,0.06057023242392978,9.623385790533133,25.25251519461621,cluster,25.25251519461621
-2.710659954934674,95.85273479290552,olmo-inst-chat,gamma,0.06649290990763837,8.250488646110758,21.64992596512938,cluster,21.64992596512938
-2.6221523822678523,95.7708571111811,olmo-inst-chat,gamma,0.07264633175422087,6.934835334726931,18.19754902007846,cluster,18.19754902007846
-2.5384290027181557,95.69391894702483,olmo-inst-chat,gamma,0.07899039606377671,5.698552768927276,14.953447104471339,cluster,14.953447104471339
-2.459489816285585,95.62321726695794,olmo-inst-chat,gamma,0.08547854960865932,4.562481283495138,11.972306882880373,cluster,11.972306882880373
-2.3853348229701394,95.55990393034901,olmo-inst-chat,gamma,0.09205815123492823,3.54512955577212,9.302696568819455,cluster,9.302696568819455
-2.3159640227718197,95.5049210479246,olmo-inst-chat,gamma,0.09867101703060178,2.6616359124789843,6.9843403127963075,cluster,6.9843403127963075
-2.251377415690625,95.45894129975363,olmo-inst-chat,gamma,0.10525414595588505,1.9228093279485565,5.045601706847993,cluster,5.045601706847993
-2.191575001726556,95.42231813244283,olmo-inst-chat,gamma,0.11174061828422492,1.3343291666757886,3.5013838465508744,cluster,3.5013838465508744
-2.1365567808796126,95.39505070731443,olmo-inst-chat,gamma,0.11806065267171925,0.8961819523490038,2.3516513690116017,cluster,2.3516513690116017
-2.086322753149795,95.37676794420909,olmo-inst-chat,gamma,0.1241428012316907,0.6024049753488993,1.5807576589390504,cluster,1.5807576589390504
-2.0408729185371026,95.36511955116222,olmo-inst-chat,gamma,0.12991525593201178,0.41523251807300565,1.089602526613081,cluster,1.089602526613081
-2.0002072770415356,95.35619493931587,olmo-inst-chat,gamma,0.13530723424654428,0.2718271983182307,0.713295778144294,cluster,0.713295778144294
-1.9643258286630942,95.34962398293885,olmo-inst-chat,gamma,0.1402504075553444,0.16624164271493327,0.436231041757315,cluster,0.436231041757315
-1.9332285734017784,95.34507398421897,olmo-inst-chat,gamma,0.14468033254685023,0.09312988922450635,0.24438009593549545,cluster,0.24438009593549545
-1.9069155112575882,95.34216336882648,olmo-inst-chat,gamma,0.1485378440293505,0.04636060242192644,0.1216538381162001,cluster,0.1216538381162001
-1.8853866422305234,95.34049130404954,olmo-inst-chat,gamma,0.15177036725040322,0.019492993150403534,0.05115113499901,cluster,0.05115113499901
-1.868641966320584,95.33966997224336,olmo-inst-chat,gamma,0.15433310912473203,0.006295405141238286,0.016519634299788127,cluster,0.016519634299788127
-1.8566814835277703,95.33935672348929,olmo-inst-chat,gamma,0.1561900906815562,0.0012619607166165843,0.003311483386930037,cluster,0.003311483386930037
-1.849505193852082,95.33928313935877,olmo-inst-chat,gamma,0.15731498748180928,7.957251334585979e-05,0.00020880448379372358,cluster,0.00020880448379372358
-1.8471130972935192,95.33927818728449,olmo-inst-chat,gamma,0.15769175056916002,0.0,0.0,cluster,0.0
-1.8406163049631932,95.33931512076595,olmo-inst-chat,gamma,0.1587195762947291,0.0005934664508324712,0.001557302273165096,cluster,0.001557302273165096
-1.8211259279722147,95.33988361517615,olmo-inst-chat,gamma,0.16184342427129145,0.009728331258119248,0.025527900290102195,cluster,0.025527900290102195
-1.7886419663205841,95.34247066914007,olmo-inst-chat,gamma,0.16718706122889032,0.05129846420127893,0.13461117270988116,cluster,0.13461117270988116
-1.7431644200083012,95.34996893184083,olmo-inst-chat,gamma,0.17496585821470098,0.17178446165647934,0.450775831147354,cluster,0.450775831147354
-1.6846932890353659,95.36743340555479,olmo-inst-chat,gamma,0.18550131852000265,0.4524127377559288,1.1871663241079096,cluster,1.1871663241079096
-1.6132285734017784,95.40347001099931,olmo-inst-chat,gamma,0.19924330290362666,1.0314677169099962,2.706651771110463,cluster,2.706651771110463
-1.5287702731075388,95.47275669401202,olmo-inst-chat,gamma,0.2168021108420903,2.1448022913704623,5.628128564227468,cluster,5.628128564227468
-1.4313183881526468,95.60070127492406,olmo-inst-chat,gamma,0.2389936280815587,4.200682575293283,11.022918842628721,cluster,11.022918842628721
-1.3208729185371024,95.832316978416,olmo-inst-chat,gamma,0.2669022163560254,7.922404549460709,20.789007696226818,cluster,20.789007696226818
-1.1974338642609061,96.24982179208686,olmo-inst-chat,gamma,0.30196810968248183,14.631089737611552,38.393121085958285,cluster,38.393121085958285
-1.0610012253240573,97.00921734700746,olmo-inst-chat,gamma,0.34610910359383346,26.833453744987334,70.41307635052051,cluster,70.41307635052051
-0.911575001726556,98.4203547010224,olmo-inst-chat,gamma,0.4018907466807166,49.5083450404674,129.91376035496583,cluster,129.91376035496583
-0.7491551934684029,101.1307955634294,olmo-inst-chat,gamma,0.4727657797011061,93.06112304825247,244.19964812341303,cluster,244.19964812341303
-0.5737418005495971,106.55418681025695,olmo-inst-chat,gamma,0.5634133093499195,180.20700337293331,472.8772377937834,cluster,472.8772377937834
-0.38533482297013943,117.74712439480054,olmo-inst-chat,gamma,0.6802228438387267,360.0609646365312,944.8280655459884,cluster,944.8280655459884
-0.1839342607300294,140.04098044979867,olmo-inst-chat,gamma,0.8319904964767855,718.2902760255986,1884.8497300529216,cluster,1884.8497300529216
0.03045988617073281,176.38433635002824,olmo-inst-chat,gamma,1.0309285347280974,1302.274281555598,3417.269326861184,cluster,3417.269326861184
0.2578476177321476,217.29677224263787,olmo-inst-chat,gamma,1.294141599366427,1959.6766484186032,5142.3444323937665,cluster,5142.3444323937665
0.4982289339542145,251.45826461823066,olmo-inst-chat,gamma,1.6458038606641356,2508.6013324006676,6582.7656338999195,cluster,6582.7656338999195
0.7516038348369336,278.94187639142444,olmo-inst-chat,gamma,2.12039805921026,2950.2223465360125,7741.61363318571,cluster,7741.61363318571
1.0179723203803048,298.1406028748776,olmo-inst-chat,gamma,2.767577310582503,3258.717501019284,8551.128989383718,cluster,8551.128989383718
1.2973343905843282,310.0563399836658,olmo-inst-chat,gamma,3.6595287803430807,3450.185782174593,9053.556698757886,cluster,9053.556698757886
1.5896900454490046,316.9853101917018,olmo-inst-chat,gamma,4.902229224561064,3561.524090816072,9345.717107984925,cluster,9345.717107984925
1.8950392849743336,320.97643455169816,olmo-inst-chat,gamma,6.652809754959738,3625.655559487195,9514.003085739627,cluster,9514.003085739627
2.213382109160314,323.3056273389557,olmo-inst-chat,gamma,9.146598935583135,3663.0822444991213,9612.213627488616,cluster,9612.213627488616
2.5447185180069463,324.71800784695813,olmo-inst-chat,gamma,12.739641601614995,3685.777111441515,9671.766729149196,cluster,9671.766729149196
2.8890485115142317,325.68563570190213,olmo-inst-chat,gamma,17.976197317005454,3701.3254606953337,9712.56681077634,cluster,9712.56681077634
3.2463720896821693,326.4326854414586,olmo-inst-chat,gamma,25.696944394634304,3713.3294456997446,9744.06620405828,cluster,9744.06620405828
3.616689252510758,327.10192406574413,olmo-inst-chat,gamma,37.21415696694775,3724.0831211043646,9772.284687392937,cluster,9772.284687392937
4.0,327.7835334380984,olmo-inst-chat,gamma,54.598150033144236,3735.0355761436563,9801.024783999075,cluster,9801.024783999075
