instrument,trial_id,gamble_id,frame,anchor,sure,hi,p,ev_ratio,template_id,safe_first,gamble_letter,model,fmt,induce,reason,p_gamble,ab_mass,excluded,reason_ended,reasoning,note,induce_position,sample,temperature
p1,247,24,risk,0,168,214,0.76,0.9681,3,False,A,meta-llama/Llama-3.1-8B-Instruct,chat,riskneutral_formula,0,0.65489,0.0063,1,,,massA=0.00413 massB=0.00218,before,0,0.0
p1,283,28,risk,0,132,181,0.76,1.0421,1,False,A,meta-llama/Llama-3.1-8B-Instruct,chat,riskneutral_formula,0,0.31069,5e-05,1,,,massA=1.67e-05 massB=3.71e-05,before,0,0.0
p1,208,20,risk,0,186,266,0.63,0.901,4,True,B,meta-llama/Llama-3.1-8B-Instruct,chat,riskneutral_formula,0,0.42632,2e-05,1,,,massA=1.08e-05 massB=8.02e-06,before,0,0.0
p1,232,23,risk,0,91,626,0.23,1.5822,1,True,B,meta-llama/Llama-3.1-8B-Instruct,chat,riskneutral_formula,0,0.77458,0.00031,1,,,massA=6.96e-05 massB=0.000239,before,0,0.0
p1,267,26,risk,0,59,151,0.36,0.9214,3,False,A,meta-llama/Llama-3.1-8B-Instruct,chat,riskneutral_formula,0,0.71859,0.00586,1,,,massA=0.00421 massB=0.00165,before,0,0.0
p1,80,8,risk,0,62,263,0.33,1.3998,0,True,B,meta-llama/Llama-3.1-8B-Instruct,chat,riskneutral_formula,0,0.40357,0.00084,1,,,massA=0.000503 massB=0.00034,before,0,0.0
p1,97,9,risk,0,49,153,0.26,0.8118,3,False,A,meta-llama/Llama-3.1-8B-Instruct,chat,riskneutral_formula,0,0.61878,0.00765,1,,,massA=0.00473 massB=0.00292,before,0,0.0
p1,265,26,risk,0,59,151,0.36,0.9214,2,False,A,meta-llama/Llama-3.1-8B-Instruct,chat,riskneutral_formula,0,0.74614,3e-05,1,,,massA=2.01e-05 massB=6.83e-06,before,0,0.0
p1,223,22,risk,0,81,163,0.72,1.4489,1,False,A,meta-llama/Llama-3.1-8B-Instruct,chat,riskneutral_formula,0,0.29747,5e-05,1,,,massA=1.42e-05 massB=3.37e-05,before,0,0.0
p1,12,1,risk,0,58,116,0.66,1.32,1,True,B,meta-llama/Llama-3.1-8B-Instruct,chat,riskneutral_formula,0,0.78531,0.0006,1,,,massA=0.000128 massB=0.000469,before,0,0.0
p1,211,21,risk,0,106,206,0.73,1.4187,0,False,A,meta-llama/Llama-3.1-8B-Instruct,chat,riskneutral_formula,0,0.43398,0.00113,1,,,massA=0.000492 massB=0.000642,before,0,0.0
p1,298,29,risk,0,79,81,0.83,0.851,4,True,B,meta-llama/Llama-3.1-8B-Instruct,chat,riskneutral_formula,0,0.62246,5e-05,1,,,massA=1.98e-05 massB=3.27e-05,before,0,0.0
p1,259,25,risk,0,124,207,0.76,1.2687,4,False,A,meta-llama/Llama-3.1-8B-Instruct,chat,riskneutral_formula,0,0.70416,0.0,1,,,massA=2.03e-06 massB=8.54e-07,before,0,0.0
p1,87,8,risk,0,62,263,0.33,1.3998,3,False,A,meta-llama/Llama-3.1-8B-Instruct,chat,riskneutral_formula,0,0.62977,0.00561,1,,,massA=0.00353 massB=0.00208,before,0,0.0
p1,32,3,risk,0,46,158,0.33,1.1335,1,True,B,meta-llama/Llama-3.1-8B-Instruct,chat,riskneutral_formula,0,0.68931,0.00027,1,,,massA=8.42e-05 massB=0.000187,before,0,0.0
p1,276,27,risk,0,166,433,0.53,1.3825,3,True,B,meta-llama/Llama-3.1-8B-Instruct,chat,riskneutral_formula,0,0.54674,0.01244,1,,,massA=0.00564 massB=0.0068,before,0,0.0
p1,287,28,risk,0,132,181,0.76,1.0421,3,False,A,meta-llama/Llama-3.1-8B-Instruct,chat,riskneutral_formula,0,0.65842,0.00441,1,,,massA=0.0029 massB=0.00151,before,0,0.0
p1,367,36,risk,0,98,227,0.47,1.0887,3,False,A,meta-llama/Llama-3.1-8B-Instruct,chat,riskneutral_formula,0,0.62612,0.00725,1,,,massA=0.00454 massB=0.00271,before,0,0.0
p1,355,35,risk,0,91,133,0.68,0.9938,2,False,A,meta-llama/Llama-3.1-8B-Instruct,chat,riskneutral_formula,0,0.81168,3e-05,1,,,massA=2.56e-05 massB=5.94e-06,before,0,0.0
p1,126,12,risk,0,164,541,0.38,1.2535,3,True,B,meta-llama/Llama-3.1-8B-Instruct,chat,riskneutral_formula,0,0.55447,0.00913,1,,,massA=0.00407 massB=0.00506,before,0,0.0
p1,36,3,risk,0,46,158,0.33,1.1335,3,True,B,meta-llama/Llama-3.1-8B-Instruct,chat,riskneutral_formula,0,0.39234,0.00636,1,,,massA=0.00386 massB=0.0025,before,0,0.0
p1,245,24,risk,0,168,214,0.76,0.9681,2,False,A,meta-llama/Llama-3.1-8B-Instruct,chat,riskneutral_formula,0,0.76065,3e-05,1,,,massA=2.39e-05 massB=7.52e-06,before,0,0.0
p1,177,17,risk,0,117,362,0.42,1.2995,3,False,A,meta-llama/Llama-3.1-8B-Instruct,chat,riskneutral_formula,0,0.63703,0.00667,1,,,massA=0.00425 massB=0.00242,before,0,0.0
p1,133,13,risk,0,72,88,0.64,0.7822,1,False,A,meta-llama/Llama-3.1-8B-Instruct,chat,riskneutral_formula,0,0.4149,4e-05,1,,,massA=1.56e-05 massB=2.2e-05,before,0,0.0
p1,312,31,risk,0,51,151,0.29,0.8586,1,True,B,meta-llama/Llama-3.1-8B-Instruct,chat,riskneutral_formula,0,0.77999,0.00063,1,,,massA=0.000139 massB=0.000493,before,0,0.0
p1,221,22,risk,0,81,163,0.72,1.4489,0,False,A,meta-llama/Llama-3.1-8B-Instruct,chat,riskneutral_formula,0,0.38862,0.00068,1,,,massA=0.000263 massB=0.000413,before,0,0.0
p1,280,28,risk,0,132,181,0.76,1.0421,0,True,B,meta-llama/Llama-3.1-8B-Instruct,chat,riskneutral_formula,0,0.57368,0.00174,1,,,massA=0.00074 massB=0.000996,before,0,0.0
p1,164,16,risk,0,139,234,0.6,1.0101,2,True,B,meta-llama/Llama-3.1-8B-Instruct,chat,riskneutral_formula,0,0.4149,8e-05,1,,,massA=4.57e-05 massB=3.24e-05,before,0,0.0
p1,124,12,risk,0,164,541,0.38,1.2535,2,True,B,meta-llama/Llama-3.1-8B-Instruct,chat,riskneutral_formula,0,0.45714,0.00014,1,,,massA=7.81e-05 massB=6.58e-05,before,0,0.0
p1,332,33,risk,0,142,446,0.53,1.6646,1,True,B,meta-llama/Llama-3.1-8B-Instruct,chat,riskneutral_formula,0,0.80807,0.00056,1,,,massA=0.000108 massB=0.000454,before,0,0.0
p1,226,22,risk,0,81,163,0.72,1.4489,3,True,B,meta-llama/Llama-3.1-8B-Instruct,chat,riskneutral_formula,0,0.58889,0.00991,1,,,massA=0.00407 massB=0.00584,before,0,0.0
p1,391,39,risk,0,178,567,0.32,1.0193,0,False,A,meta-llama/Llama-3.1-8B-Instruct,chat,riskneutral_formula,0,0.4149,0.00078,1,,,massA=0.000325 massB=0.000458,before,0,0.0
p1,81,8,risk,0,62,263,0.33,1.3998,0,False,A,meta-llama/Llama-3.1-8B-Instruct,chat,riskneutral_formula,0,0.4225,0.00096,1,,,massA=0.000405 massB=0.000553,before,0,0.0
p1,71,7,risk,0,63,98,0.64,0.9956,0,False,A,meta-llama/Llama-3.1-8B-Instruct,chat,riskneutral_formula,0,0.49219,0.00084,1,,,massA=0.000413 massB=0.000426,before,0,0.0
p1,17,1,risk,0,58,116,0.66,1.32,3,False,A,meta-llama/Llama-3.1-8B-Instruct,chat,riskneutral_formula,0,0.70253,0.0076,1,,,massA=0.00534 massB=0.00226,before,0,0.0
p1,236,23,risk,0,91,626,0.23,1.5822,3,True,B,meta-llama/Llama-3.1-8B-Instruct,chat,riskneutral_formula,0,0.47658,0.00664,1,,,massA=0.00348 massB=0.00317,before,0,0.0
p1,206,20,risk,0,186,266,0.63,0.901,3,True,B,meta-llama/Llama-3.1-8B-Instruct,chat,riskneutral_formula,0,0.5775,0.00725,1,,,massA=0.00306 massB=0.00418,before,0,0.0
p1,68,6,risk,0,94,101,0.71,0.7629,4,True,B,meta-llama/Llama-3.1-8B-Instruct,chat,riskneutral_formula,0,0.53898,3e-05,1,,,massA=1.27e-05 massB=1.49e-05,before,0,0.0
p1,337,33,risk,0,142,446,0.53,1.6646,3,False,A,meta-llama/Llama-3.1-8B-Instruct,chat,riskneutral_formula,0,0.61878,0.00607,1,,,massA=0.00375 massB=0.00231,before,0,0.0
p1,44,4,risk,0,29,71,0.55,1.3466,2,True,B,meta-llama/Llama-3.1-8B-Instruct,chat,riskneutral_formula,0,0.40733,0.0001,1,,,massA=5.76e-05 massB=3.96e-05,before,0,0.0
p1,188,18,risk,0,41,61,0.58,0.8629,4,True,B,meta-llama/Llama-3.1-8B-Instruct,chat,riskneutral_formula,0,0.47658,2e-05,1,,,massA=1.16e-05 massB=1.06e-05,before,0,0.0
p1,354,35,risk,0,91,133,0.68,0.9938,2,True,B,meta-llama/Llama-3.1-8B-Instruct,chat,riskneutral_formula,0,0.43015,0.00018,1,,,massA=0.000104 massB=7.86e-05,before,0,0.0
p1,210,21,risk,0,106,206,0.73,1.4187,0,True,B,meta-llama/Llama-3.1-8B-Instruct,chat,riskneutral_formula,0,0.57368,0.00242,1,,,massA=0.00103 massB=0.00139,before,0,0.0
p1,60,6,risk,0,94,101,0.71,0.7629,0,True,B,meta-llama/Llama-3.1-8B-Instruct,chat,riskneutral_formula,0,0.5775,0.00247,1,,,massA=0.00104 massB=0.00143,before,0,0.0
p1,70,7,risk,0,63,98,0.64,0.9956,0,True,B,meta-llama/Llama-3.1-8B-Instruct,chat,riskneutral_formula,0,0.5,0.00115,1,,,massA=0.000575 massB=0.000575,before,0,0.0
p1,273,27,risk,0,166,433,0.53,1.3825,1,False,A,meta-llama/Llama-3.1-8B-Instruct,chat,riskneutral_formula,0,0.39607,7e-05,1,,,massA=2.82e-05 massB=4.3e-05,before,0,0.0
p1,174,17,risk,0,117,362,0.42,1.2995,2,True,B,meta-llama/Llama-3.1-8B-Instruct,chat,riskneutral_formula,0,0.41111,0.0001,1,,,massA=5.97e-05 massB=4.17e-05,before,0,0.0
p1,100,10,risk,0,111,278,0.58,1.4526,0,True,B,meta-llama/Llama-3.1-8B-Instruct,chat,riskneutral_formula,0,0.50391,0.00226,1,,,massA=0.00112 massB=0.00114,before,0,0.0
p1,176,17,risk,0,117,362,0.42,1.2995,3,True,B,meta-llama/Llama-3.1-8B-Instruct,chat,riskneutral_formula,0,0.56218,0.00782,1,,,massA=0.00342 massB=0.00439,before,0,0.0
p1,272,27,risk,0,166,433,0.53,1.3825,1,True,B,meta-llama/Llama-3.1-8B-Instruct,chat,riskneutral_formula,0,0.79053,0.00059,1,,,massA=0.000123 massB=0.000464,before,0,0.0
p1,149,14,risk,0,81,201,0.68,1.6874,4,False,A,meta-llama/Llama-3.1-8B-Instruct,chat,riskneutral_formula,0,0.77322,0.0,1,,,massA=2.86e-06 massB=8.38e-07,before,0,0.0
p1,294,29,risk,0,79,81,0.83,0.851,2,True,B,meta-llama/Llama-3.1-8B-Instruct,chat,riskneutral_formula,0,0.50391,0.00022,1,,,massA=0.000108 massB=0.00011,before,0,0.0
p1,385,38,risk,0,183,609,0.38,1.2646,2,False,A,meta-llama/Llama-3.1-8B-Instruct,chat,riskneutral_formula,0,0.75636,2e-05,1,,,massA=1.76e-05 massB=5.68e-06,before,0,0.0
p1,64,6,risk,0,94,101,0.71,0.7629,2,True,B,meta-llama/Llama-3.1-8B-Instruct,chat,riskneutral_formula,0,0.50781,0.00026,1,,,massA=0.00013 massB=0.000134,before,0,0.0
p1,241,24,risk,0,168,214,0.76,0.9681,0,False,A,meta-llama/Llama-3.1-8B-Instruct,chat,riskneutral_formula,0,0.41111,0.00128,1,,,massA=0.000527 massB=0.000755,before,0,0.0
p1,37,3,risk,0,46,158,0.33,1.1335,3,False,A,meta-llama/Llama-3.1-8B-Instruct,chat,riskneutral_formula,0,0.68257,0.00721,1,,,massA=0.00492 massB=0.00229,before,0,0.0
p1,198,19,risk,0,64,122,0.49,0.9341,4,True,B,meta-llama/Llama-3.1-8B-Instruct,chat,riskneutral_formula,0,0.33459,2e-05,1,,,massA=1.27e-05 massB=6.36e-06,before,0,0.0
p1,216,21,risk,0,106,206,0.73,1.4187,3,True,B,meta-llama/Llama-3.1-8B-Instruct,chat,riskneutral_formula,0,0.5775,0.00998,1,,,massA=0.00422 massB=0.00577,before,0,0.0
p1,360,36,risk,0,98,227,0.47,1.0887,0,True,B,meta-llama/Llama-3.1-8B-Instruct,chat,riskneutral_formula,0,0.50781,0.00263,1,,,massA=0.00129 massB=0.00134,before,0,0.0
p1,254,25,risk,0,124,207,0.76,1.2687,2,True,B,meta-llama/Llama-3.1-8B-Instruct,chat,riskneutral_formula,0,0.40357,0.00012,1,,,massA=7.02e-05 massB=4.75e-05,before,0,0.0
p1,258,25,risk,0,124,207,0.76,1.2687,4,True,B,meta-llama/Llama-3.1-8B-Instruct,chat,riskneutral_formula,0,0.45908,2e-05,1,,,massA=8.85e-06 massB=7.51e-06,before,0,0.0
p1,377,37,risk,0,151,252,0.68,1.1348,3,False,A,meta-llama/Llama-3.1-8B-Instruct,chat,riskneutral_formula,0,0.72798,0.00512,1,,,massA=0.00373 massB=0.00139,before,0,0.0
p1,120,12,risk,0,164,541,0.38,1.2535,0,True,B,meta-llama/Llama-3.1-8B-Instruct,chat,riskneutral_formula,0,0.53898,0.00137,1,,,massA=0.000634 massB=0.000741,before,0,0.0
p1,389,38,risk,0,183,609,0.38,1.2646,4,False,A,meta-llama/Llama-3.1-8B-Instruct,chat,riskneutral_formula,0,0.74317,0.0,1,,,massA=2.14e-06 massB=7.4e-07,before,0,0.0
p1,281,28,risk,0,132,181,0.76,1.0421,0,False,A,meta-llama/Llama-3.1-8B-Instruct,chat,riskneutral_formula,0,0.39234,0.00075,1,,,massA=0.000292 massB=0.000453,before,0,0.0
p1,260,26,risk,0,59,151,0.36,0.9214,0,True,B,meta-llama/Llama-3.1-8B-Instruct,chat,riskneutral_formula,0,0.51562,0.00106,1,,,massA=0.000512 massB=0.000545,before,0,0.0
p1,146,14,risk,0,81,201,0.68,1.6874,3,True,B,meta-llama/Llama-3.1-8B-Instruct,chat,riskneutral_formula,0,0.58889,0.00973,1,,,massA=0.004 massB=0.00573,before,0,0.0
p1,179,17,risk,0,117,362,0.42,1.2995,4,False,A,meta-llama/Llama-3.1-8B-Instruct,chat,riskneutral_formula,0,0.72174,0.0,1,,,massA=2.19e-06 massB=8.45e-07,before,0,0.0
p1,271,27,risk,0,166,433,0.53,1.3825,0,False,A,meta-llama/Llama-3.1-8B-Instruct,chat,riskneutral_formula,0,0.46879,0.00138,1,,,massA=0.000647 massB=0.000733,before,0,0.0
p1,264,26,risk,0,59,151,0.36,0.9214,2,True,B,meta-llama/Llama-3.1-8B-Instruct,chat,riskneutral_formula,0,0.4225,9e-05,1,,,massA=5.25e-05 massB=3.84e-05,before,0,0.0
p1,290,29,risk,0,79,81,0.83,0.851,0,True,B,meta-llama/Llama-3.1-8B-Instruct,chat,riskneutral_formula,0,0.60393,0.0036,1,,,massA=0.00143 massB=0.00217,before,0,0.0
p1,343,34,risk,0,52,96,0.63,1.1631,1,False,A,meta-llama/Llama-3.1-8B-Instruct,chat,riskneutral_formula,0,0.43015,3e-05,1,,,massA=1.34e-05 massB=1.77e-05,before,0,0.0
p1,286,28,risk,0,132,181,0.76,1.0421,3,True,B,meta-llama/Llama-3.1-8B-Instruct,chat,riskneutral_formula,0,0.5351,0.01062,1,,,massA=0.00494 massB=0.00568,before,0,0.0
p1,51,5,risk,0,162,381,0.46,1.0819,0,False,A,meta-llama/Llama-3.1-8B-Instruct,chat,riskneutral_formula,0,0.43015,0.00094,1,,,massA=0.000406 massB=0.000538,before,0,0.0
p1,252,25,risk,0,124,207,0.76,1.2687,1,True,B,meta-llama/Llama-3.1-8B-Instruct,chat,riskneutral_formula,0,0.81523,0.00044,1,,,massA=8.2e-05 massB=0.000362,before,0,0.0
p1,107,10,risk,0,111,278,0.58,1.4526,3,False,A,meta-llama/Llama-3.1-8B-Instruct,chat,riskneutral_formula,0,0.68595,0.00611,1,,,massA=0.00419 massB=0.00192,before,0,0.0
p1,173,17,risk,0,117,362,0.42,1.2995,1,False,A,meta-llama/Llama-3.1-8B-Instruct,chat,riskneutral_formula,0,0.34158,6e-05,1,,,massA=1.98e-05 massB=3.81e-05,before,0,0.0
p1,382,38,risk,0,183,609,0.38,1.2646,1,True,B,meta-llama/Llama-3.1-8B-Instruct,chat,riskneutral_formula,0,0.82446,0.00042,1,,,massA=7.32e-05 massB=0.000344,before,0,0.0
p1,59,5,risk,0,162,381,0.46,1.0819,4,False,A,meta-llama/Llama-3.1-8B-Instruct,chat,riskneutral_formula,0,0.74017,0.0,1,,,massA=2.67e-06 massB=9.36e-07,before,0,0.0
p1,330,33,risk,0,142,446,0.53,1.6646,0,True,B,meta-llama/Llama-3.1-8B-Instruct,chat,riskneutral_formula,0,0.54674,0.00226,1,,,massA=0.00102 massB=0.00123,before,0,0.0
p1,317,31,risk,0,51,151,0.29,0.8586,3,False,A,meta-llama/Llama-3.1-8B-Instruct,chat,riskneutral_formula,0,0.55833,0.00818,1,,,massA=0.00457 massB=0.00361,before,0,0.0
p1,99,9,risk,0,49,153,0.26,0.8118,4,False,A,meta-llama/Llama-3.1-8B-Instruct,chat,riskneutral_formula,0,0.69925,0.0,1,,,massA=2.32e-06 massB=9.99e-07,before,0,0.0
p1,308,30,risk,0,149,447,0.26,0.78,4,True,B,meta-llama/Llama-3.1-8B-Instruct,chat,riskneutral_formula,0,0.51952,2e-05,1,,,massA=1.04e-05 massB=1.12e-05,before,0,0.0
p1,54,5,risk,0,162,381,0.46,1.0819,2,True,B,meta-llama/Llama-3.1-8B-Instruct,chat,riskneutral_formula,0,0.40357,8e-05,1,,,massA=4.97e-05 massB=3.36e-05,before,0,0.0
p1,350,35,risk,0,91,133,0.68,0.9938,0,True,B,meta-llama/Llama-3.1-8B-Instruct,chat,riskneutral_formula,0,0.53121,0.00207,1,,,massA=0.000972 massB=0.0011,before,0,0.0
p1,194,19,risk,0,64,122,0.49,0.9341,2,True,B,meta-llama/Llama-3.1-8B-Instruct,chat,riskneutral_formula,0,0.32424,0.00011,1,,,massA=7.45e-05 massB=3.57e-05,before,0,0.0
p1,39,3,risk,0,46,158,0.33,1.1335,4,False,A,meta-llama/Llama-3.1-8B-Instruct,chat,riskneutral_formula,0,0.76769,0.0,1,,,massA=3.59e-06 massB=1.09e-06,before,0,0.0
p1,230,23,risk,0,91,626,0.23,1.5822,0,True,B,meta-llama/Llama-3.1-8B-Instruct,chat,riskneutral_formula,0,0.48048,0.00102,1,,,massA=0.00053 massB=0.00049,before,0,0.0
p1,53,5,risk,0,162,381,0.46,1.0819,1,False,A,meta-llama/Llama-3.1-8B-Instruct,chat,riskneutral_formula,0,0.37388,7e-05,1,,,massA=2.53e-05 massB=4.23e-05,before,0,0.0
p1,250,25,risk,0,124,207,0.76,1.2687,0,True,B,meta-llama/Llama-3.1-8B-Instruct,chat,riskneutral_formula,0,0.52342,0.00161,1,,,massA=0.000769 massB=0.000845,before,0,0.0
p1,90,9,risk,0,49,153,0.26,0.8118,0,True,B,meta-llama/Llama-3.1-8B-Instruct,chat,riskneutral_formula,0,0.48048,0.00104,1,,,massA=0.00054 massB=0.000499,before,0,0.0
p1,48,4,risk,0,29,71,0.55,1.3466,4,True,B,meta-llama/Llama-3.1-8B-Instruct,chat,riskneutral_formula,0,0.48048,2e-05,1,,,massA=9.5e-06 massB=8.79e-06,before,0,0.0
p1,251,25,risk,0,124,207,0.76,1.2687,0,False,A,meta-llama/Llama-3.1-8B-Instruct,chat,riskneutral_formula,0,0.42632,0.00095,1,,,massA=0.000404 massB=0.000544,before,0,0.0
p1,102,10,risk,0,111,278,0.58,1.4526,1,True,B,meta-llama/Llama-3.1-8B-Instruct,chat,riskneutral_formula,0,0.78793,0.00071,1,,,massA=0.00015 massB=0.000556,before,0,0.0
p1,328,32,risk,0,131,236,0.57,1.0269,4,True,B,meta-llama/Llama-3.1-8B-Instruct,chat,riskneutral_formula,0,0.4649,2e-05,1,,,massA=8.93e-06 massB=7.76e-06,before,0,0.0
p1,109,10,risk,0,111,278,0.58,1.4526,4,False,A,meta-llama/Llama-3.1-8B-Instruct,chat,riskneutral_formula,0,0.70902,0.0,1,,,massA=2.54e-06 massB=1.04e-06,before,0,0.0
p1,261,26,risk,0,59,151,0.36,0.9214,0,False,A,meta-llama/Llama-3.1-8B-Instruct,chat,riskneutral_formula,0,0.47268,0.00079,1,,,massA=0.000371 massB=0.000414,before,0,0.0
p1,220,22,risk,0,81,163,0.72,1.4489,0,True,B,meta-llama/Llama-3.1-8B-Instruct,chat,riskneutral_formula,0,0.56218,0.0016,1,,,massA=0.000699 massB=0.000897,before,0,0.0
p1,323,32,risk,0,131,236,0.57,1.0269,1,False,A,meta-llama/Llama-3.1-8B-Instruct,chat,riskneutral_formula,0,0.37388,6e-05,1,,,massA=2.19e-05 massB=3.67e-05,before,0,0.0
p1,374,37,risk,0,151,252,0.68,1.1348,2,True,B,meta-llama/Llama-3.1-8B-Instruct,chat,riskneutral_formula,0,0.4225,0.00014,1,,,massA=7.8e-05 massB=5.7e-05,before,0,0.0
p1,284,28,risk,0,132,181,0.76,1.0421,2,True,B,meta-llama/Llama-3.1-8B-Instruct,chat,riskneutral_formula,0,0.46879,0.00013,1,,,massA=7.09e-05 massB=6.26e-05,before,0,0.0
p1,10,1,risk,0,58,116,0.66,1.32,0,True,B,meta-llama/Llama-3.1-8B-Instruct,chat,riskneutral_formula,0,0.48828,0.00242,1,,,massA=0.00124 massB=0.00118,before,0,0.0
p1,224,22,risk,0,81,163,0.72,1.4489,2,True,B,meta-llama/Llama-3.1-8B-Instruct,chat,riskneutral_formula,0,0.46102,0.00011,1,,,massA=5.68e-05 massB=4.86e-05,before,0,0.0
p1,292,29,risk,0,79,81,0.83,0.851,1,True,B,meta-llama/Llama-3.1-8B-Instruct,chat,riskneutral_formula,0,0.82894,0.0008,1,,,massA=0.000136 massB=0.00066,before,0,0.0
p1,235,23,risk,0,91,626,0.23,1.5822,2,False,A,meta-llama/Llama-3.1-8B-Instruct,chat,riskneutral_formula,0,0.74614,3e-05,1,,,massA=2.35e-05 massB=7.99e-06,before,0,0.0
p1,182,18,risk,0,41,61,0.58,0.8629,1,True,B,meta-llama/Llama-3.1-8B-Instruct,chat,riskneutral_formula,0,0.81048,0.00032,1,,,massA=6.1e-05 massB=0.000261,before,0,0.0
p1,299,29,risk,0,79,81,0.83,0.851,4,False,A,meta-llama/Llama-3.1-8B-Instruct,chat,riskneutral_formula,0,0.79819,0.0,1,,,massA=1.91e-06 massB=4.84e-07,before,0,0.0
p1,196,19,risk,0,64,122,0.49,0.9341,3,True,B,meta-llama/Llama-3.1-8B-Instruct,chat,riskneutral_formula,0,0.37388,0.00637,1,,,massA=0.00399 massB=0.00238,before,0,0.0
p1,291,29,risk,0,79,81,0.83,0.851,0,False,A,meta-llama/Llama-3.1-8B-Instruct,chat,riskneutral_formula,0,0.53121,0.00089,1,,,massA=0.000473 massB=0.000418,before,0,0.0
p1,353,35,risk,0,91,133,0.68,0.9938,1,False,A,meta-llama/Llama-3.1-8B-Instruct,chat,riskneutral_formula,0,0.41111,5e-05,1,,,massA=2.24e-05 massB=3.21e-05,before,0,0.0
p1,166,16,risk,0,139,234,0.6,1.0101,3,True,B,meta-llama/Llama-3.1-8B-Instruct,chat,riskneutral_formula,0,0.51952,0.00575,1,,,massA=0.00276 massB=0.00299,before,0,0.0
p1,104,10,risk,0,111,278,0.58,1.4526,2,True,B,meta-llama/Llama-3.1-8B-Instruct,chat,riskneutral_formula,0,0.41111,0.00021,1,,,massA=0.000126 massB=8.79e-05,before,0,0.0
p1,380,38,risk,0,183,609,0.38,1.2646,0,True,B,meta-llama/Llama-3.1-8B-Instruct,chat,riskneutral_formula,0,0.56602,0.00135,1,,,massA=0.000584 massB=0.000762,before,0,0.0
p1,27,2,risk,0,162,661,0.26,1.0609,3,False,A,meta-llama/Llama-3.1-8B-Instruct,chat,riskneutral_formula,0,0.53121,0.0069,1,,,massA=0.00367 massB=0.00324,before,0,0.0
p1,114,11,risk,0,54,68,0.81,1.02,2,True,B,meta-llama/Llama-3.1-8B-Instruct,chat,riskneutral_formula,0,0.37754,0.00014,1,,,massA=8.52e-05 massB=5.17e-05,before,0,0.0
p1,336,33,risk,0,142,446,0.53,1.6646,3,True,B,meta-llama/Llama-3.1-8B-Instruct,chat,riskneutral_formula,0,0.5351,0.01113,1,,,massA=0.00517 massB=0.00596,before,0,0.0
p1,138,13,risk,0,72,88,0.64,0.7822,4,True,B,meta-llama/Llama-3.1-8B-Instruct,chat,riskneutral_formula,0,0.38676,2e-05,1,,,massA=9.76e-06 massB=6.16e-06,before,0,0.0
p1,115,11,risk,0,54,68,0.81,1.02,2,False,A,meta-llama/Llama-3.1-8B-Instruct,chat,riskneutral_formula,0,0.82783,3e-05,1,,,massA=2.14e-05 massB=4.45e-06,before,0,0.0
p1,26,2,risk,0,162,661,0.26,1.0609,3,True,B,meta-llama/Llama-3.1-8B-Instruct,chat,riskneutral_formula,0,0.44553,0.00585,1,,,massA=0.00325 massB=0.00261,before,0,0.0
p1,262,26,risk,0,59,151,0.36,0.9214,1,True,B,meta-llama/Llama-3.1-8B-Instruct,chat,riskneutral_formula,0,0.79819,0.00036,1,,,massA=7.3e-05 massB=0.000289,before,0,0.0
p1,52,5,risk,0,162,381,0.46,1.0819,1,True,B,meta-llama/Llama-3.1-8B-Instruct,chat,riskneutral_formula,0,0.79311,0.0004,1,,,massA=8.2e-05 massB=0.000315,before,0,0.0
p1,384,38,risk,0,183,609,0.38,1.2646,2,True,B,meta-llama/Llama-3.1-8B-Instruct,chat,riskneutral_formula,0,0.48438,0.00012,1,,,massA=5.99e-05 massB=5.62e-05,before,0,0.0
p1,201,20,risk,0,186,266,0.63,0.901,0,False,A,meta-llama/Llama-3.1-8B-Instruct,chat,riskneutral_formula,0,0.48828,0.00088,1,,,massA=0.000428 massB=0.000449,before,0,0.0
p1,209,20,risk,0,186,266,0.63,0.901,4,False,A,meta-llama/Llama-3.1-8B-Instruct,chat,riskneutral_formula,0,0.73259,0.0,1,,,massA=1.89e-06 massB=6.88e-07,before,0,0.0
p1,200,20,risk,0,186,266,0.63,0.901,0,True,B,meta-llama/Llama-3.1-8B-Instruct,chat,riskneutral_formula,0,0.55833,0.0017,1,,,massA=0.000749 massB=0.000947,before,0,0.0
p1,2,0,risk,0,186,984,0.26,1.3755,1,True,B,meta-llama/Llama-3.1-8B-Instruct,chat,riskneutral_formula,0,0.77458,0.00029,1,,,massA=6.57e-05 massB=0.000226,before,0,0.0
p1,74,7,risk,0,63,98,0.64,0.9956,2,True,B,meta-llama/Llama-3.1-8B-Instruct,chat,riskneutral_formula,0,0.34865,6e-05,1,,,massA=4.04e-05 massB=2.16e-05,before,0,0.0
p1,296,29,risk,0,79,81,0.83,0.851,3,True,B,meta-llama/Llama-3.1-8B-Instruct,chat,riskneutral_formula,0,0.60766,0.01344,1,,,massA=0.00527 massB=0.00817,before,0,0.0
p1,57,5,risk,0,162,381,0.46,1.0819,3,False,A,meta-llama/Llama-3.1-8B-Instruct,chat,riskneutral_formula,0,0.61509,0.00693,1,,,massA=0.00426 massB=0.00267,before,0,0.0
p1,21,2,risk,0,162,661,0.26,1.0609,0,False,A,meta-llama/Llama-3.1-8B-Instruct,chat,riskneutral_formula,0,0.33459,0.00078,1,,,massA=0.000261 massB=0.000519,before,0,0.0
p1,334,33,risk,0,142,446,0.53,1.6646,2,True,B,meta-llama/Llama-3.1-8B-Instruct,chat,riskneutral_formula,0,0.48438,0.0002,1,,,massA=0.000103 massB=9.69e-05,before,0,0.0
p1,169,16,risk,0,139,234,0.6,1.0101,4,False,A,meta-llama/Llama-3.1-8B-Instruct,chat,riskneutral_formula,0,0.70253,0.0,1,,,massA=2.52e-06 massB=1.07e-06,before,0,0.0
p1,346,34,risk,0,52,96,0.63,1.1631,3,True,B,meta-llama/Llama-3.1-8B-Instruct,chat,riskneutral_formula,0,0.53121,0.00631,1,,,massA=0.00296 massB=0.00335,before,0,0.0
p1,18,1,risk,0,58,116,0.66,1.32,4,True,B,meta-llama/Llama-3.1-8B-Instruct,chat,riskneutral_formula,0,0.413,2e-05,1,,,massA=1.26e-05 massB=8.86e-06,before,0,0.0
p1,237,23,risk,0,91,626,0.23,1.5822,3,False,A,meta-llama/Llama-3.1-8B-Instruct,chat,riskneutral_formula,0,0.65135,0.00598,1,,,massA=0.00389 massB=0.00208,before,0,0.0
p1,339,33,risk,0,142,446,0.53,1.6646,4,False,A,meta-llama/Llama-3.1-8B-Instruct,chat,riskneutral_formula,0,0.75201,0.0,1,,,massA=3.44e-06 massB=1.14e-06,before,0,0.0
p1,94,9,risk,0,49,153,0.26,0.8118,2,True,B,meta-llama/Llama-3.1-8B-Instruct,chat,riskneutral_formula,0,0.41111,8e-05,1,,,massA=4.84e-05 massB=3.38e-05,before,0,0.0
p1,158,15,risk,0,82,113,0.74,1.0198,4,True,B,meta-llama/Llama-3.1-8B-Instruct,chat,riskneutral_formula,0,0.49609,2e-05,1,,,massA=1.03e-05 massB=1.01e-05,before,0,0.0
p1,175,17,risk,0,117,362,0.42,1.2995,2,False,A,meta-llama/Llama-3.1-8B-Instruct,chat,riskneutral_formula,0,0.73259,3e-05,1,,,massA=1.9e-05 massB=6.95e-06,before,0,0.0
p1,183,18,risk,0,41,61,0.58,0.8629,1,False,A,meta-llama/Llama-3.1-8B-Instruct,chat,riskneutral_formula,0,0.48048,4e-05,1,,,massA=1.71e-05 massB=1.85e-05,before,0,0.0
p1,207,20,risk,0,186,266,0.63,0.901,3,False,A,meta-llama/Llama-3.1-8B-Instruct,chat,riskneutral_formula,0,0.69925,0.00544,1,,,massA=0.00381 massB=0.00164,before,0,0.0
p1,333,33,risk,0,142,446,0.53,1.6646,1,False,A,meta-llama/Llama-3.1-8B-Instruct,chat,riskneutral_formula,0,0.39234,7e-05,1,,,massA=2.66e-05 massB=4.12e-05,before,0,0.0
p1,316,31,risk,0,51,151,0.29,0.8586,3,True,B,meta-llama/Llama-3.1-8B-Instruct,chat,riskneutral_formula,0,0.49609,0.00789,1,,,massA=0.00398 massB=0.00392,before,0,0.0
p1,79,7,risk,0,63,98,0.64,0.9956,4,False,A,meta-llama/Llama-3.1-8B-Instruct,chat,riskneutral_formula,0,0.7773,0.0,1,,,massA=1.75e-06 massB=5.02e-07,before,0,0.0
p1,150,15,risk,0,82,113,0.74,1.0198,0,True,B,meta-llama/Llama-3.1-8B-Instruct,chat,riskneutral_formula,0,0.60393,0.00205,1,,,massA=0.000812 massB=0.00124,before,0,0.0
p1,322,32,risk,0,131,236,0.57,1.0269,1,True,B,meta-llama/Llama-3.1-8B-Instruct,chat,riskneutral_formula,0,0.82894,0.00057,1,,,massA=9.71e-05 massB=0.000471,before,0,0.0
p1,239,23,risk,0,91,626,0.23,1.5822,4,False,A,meta-llama/Llama-3.1-8B-Instruct,chat,riskneutral_formula,0,0.74317,0.0,1,,,massA=2.48e-06 massB=8.57e-07,before,0,0.0
p1,396,39,risk,0,178,567,0.32,1.0193,3,True,B,meta-llama/Llama-3.1-8B-Instruct,chat,riskneutral_formula,0,0.55833,0.00591,1,,,massA=0.00261 massB=0.0033,before,0,0.0
p1,142,14,risk,0,81,201,0.68,1.6874,1,True,B,meta-llama/Llama-3.1-8B-Instruct,chat,riskneutral_formula,0,0.84797,0.00081,1,,,massA=0.000123 massB=0.000686,before,0,0.0
p1,62,6,risk,0,94,101,0.71,0.7629,1,True,B,meta-llama/Llama-3.1-8B-Instruct,chat,riskneutral_formula,0,0.8439,0.00064,1,,,massA=9.99e-05 massB=0.00054,before,0,0.0
p1,263,26,risk,0,59,151,0.36,0.9214,1,False,A,meta-llama/Llama-3.1-8B-Instruct,chat,riskneutral_formula,0,0.42632,4e-05,1,,,massA=1.85e-05 massB=2.49e-05,before,0,0.0
p1,378,37,risk,0,151,252,0.68,1.1348,4,True,B,meta-llama/Llama-3.1-8B-Instruct,chat,riskneutral_formula,0,0.413,2e-05,1,,,massA=9.29e-06 massB=6.54e-06,before,0,0.0
p1,160,16,risk,0,139,234,0.6,1.0101,0,True,B,meta-llama/Llama-3.1-8B-Instruct,chat,riskneutral_formula,0,0.5351,0.00117,1,,,massA=0.000545 massB=0.000627,before,0,0.0
p1,383,38,risk,0,183,609,0.38,1.2646,1,False,A,meta-llama/Llama-3.1-8B-Instruct,chat,riskneutral_formula,0,0.41111,4e-05,1,,,massA=1.69e-05 massB=2.43e-05,before,0,0.0
p1,112,11,risk,0,54,68,0.81,1.02,1,True,B,meta-llama/Llama-3.1-8B-Instruct,chat,riskneutral_formula,0,0.80563,0.00036,1,,,massA=6.95e-05 massB=0.000288,before,0,0.0
p1,156,15,risk,0,82,113,0.74,1.0198,3,True,B,meta-llama/Llama-3.1-8B-Instruct,chat,riskneutral_formula,0,0.56602,0.0117,1,,,massA=0.00508 massB=0.00662,before,0,0.0
p1,38,3,risk,0,46,158,0.33,1.1335,4,True,B,meta-llama/Llama-3.1-8B-Instruct,chat,riskneutral_formula,0,0.3522,2e-05,1,,,massA=1e-05 massB=5.45e-06,before,0,0.0
p1,128,12,risk,0,164,541,0.38,1.2535,4,True,B,meta-llama/Llama-3.1-8B-Instruct,chat,riskneutral_formula,0,0.52926,2e-05,1,,,massA=9.01e-06 massB=1.01e-05,before,0,0.0
p1,217,21,risk,0,106,206,0.73,1.4187,3,False,A,meta-llama/Llama-3.1-8B-Instruct,chat,riskneutral_formula,0,0.6478,0.00523,1,,,massA=0.00339 massB=0.00184,before,0,0.0
p1,318,31,risk,0,51,151,0.29,0.8586,4,True,B,meta-llama/Llama-3.1-8B-Instruct,chat,riskneutral_formula,0,0.49219,3e-05,1,,,massA=1.45e-05 massB=1.4e-05,before,0,0.0
p1,55,5,risk,0,162,381,0.46,1.0819,2,False,A,meta-llama/Llama-3.1-8B-Instruct,chat,riskneutral_formula,0,0.75201,3e-05,1,,,massA=2.47e-05 massB=8.16e-06,before,0,0.0
p1,96,9,risk,0,49,153,0.26,0.8118,3,True,B,meta-llama/Llama-3.1-8B-Instruct,chat,riskneutral_formula,0,0.49609,0.0061,1,,,massA=0.00308 massB=0.00303,before,0,0.0
p1,8,0,risk,0,186,984,0.26,1.3755,4,True,B,meta-llama/Llama-3.1-8B-Instruct,chat,riskneutral_formula,0,0.46102,3e-05,1,,,massA=1.45e-05 massB=1.24e-05,before,0,0.0
p1,132,13,risk,0,72,88,0.64,0.7822,1,True,B,meta-llama/Llama-3.1-8B-Instruct,chat,riskneutral_formula,0,0.81048,0.00028,1,,,massA=5.4e-05 massB=0.000231,before,0,0.0
p1,340,34,risk,0,52,96,0.63,1.1631,0,True,B,meta-llama/Llama-3.1-8B-Instruct,chat,riskneutral_formula,0,0.55833,0.00156,1,,,massA=0.00069 massB=0.000873,before,0,0.0
p1,28,2,risk,0,162,661,0.26,1.0609,4,True,B,meta-llama/Llama-3.1-8B-Instruct,chat,riskneutral_formula,0,0.51952,2e-05,1,,,massA=8.39e-06 massB=9.07e-06,before,0,0.0
p1,77,7,risk,0,63,98,0.64,0.9956,3,False,A,meta-llama/Llama-3.1-8B-Instruct,chat,riskneutral_formula,0,0.80807,0.00479,1,,,massA=0.00387 massB=0.000919,before,0,0.0
p1,349,34,risk,0,52,96,0.63,1.1631,4,False,A,meta-llama/Llama-3.1-8B-Instruct,chat,riskneutral_formula,0,0.76769,0.0,1,,,massA=1.5e-06 massB=4.52e-07,before,0,0.0
p1,371,37,risk,0,151,252,0.68,1.1348,0,False,A,meta-llama/Llama-3.1-8B-Instruct,chat,riskneutral_formula,0,0.46879,0.00072,1,,,massA=0.00034 massB=0.000385,before,0,0.0
p1,0,0,risk,0,186,984,0.26,1.3755,0,True,B,meta-llama/Llama-3.1-8B-Instruct,chat,riskneutral_formula,0,0.51952,0.00115,1,,,massA=0.000554 massB=0.000599,before,0,0.0
p1,111,11,risk,0,54,68,0.81,1.02,0,False,A,meta-llama/Llama-3.1-8B-Instruct,chat,riskneutral_formula,0,0.47268,0.00091,1,,,massA=0.000429 massB=0.000479,before,0,0.0
p1,238,23,risk,0,91,626,0.23,1.5822,4,True,B,meta-llama/Llama-3.1-8B-Instruct,chat,riskneutral_formula,0,0.44553,1e-05,1,,,massA=8.08e-06 massB=6.49e-06,before,0,0.0
p1,7,0,risk,0,186,984,0.26,1.3755,3,False,A,meta-llama/Llama-3.1-8B-Instruct,chat,riskneutral_formula,0,0.60019,0.00763,1,,,massA=0.00458 massB=0.00305,before,0,0.0
p1,40,4,risk,0,29,71,0.55,1.3466,0,True,B,meta-llama/Llama-3.1-8B-Instruct,chat,riskneutral_formula,0,0.48828,0.00132,1,,,massA=0.000676 massB=0.000645,before,0,0.0
p1,393,39,risk,0,178,567,0.32,1.0193,1,False,A,meta-llama/Llama-3.1-8B-Instruct,chat,riskneutral_formula,0,0.35577,6e-05,1,,,massA=2.23e-05 massB=4.04e-05,before,0,0.0
p1,3,0,risk,0,186,984,0.26,1.3755,1,False,A,meta-llama/Llama-3.1-8B-Instruct,chat,riskneutral_formula,0,0.36297,7e-05,1,,,massA=2.51e-05 massB=4.4e-05,before,0,0.0
p1,154,15,risk,0,82,113,0.74,1.0198,2,True,B,meta-llama/Llama-3.1-8B-Instruct,chat,riskneutral_formula,0,0.51172,0.00015,1,,,massA=7.42e-05 massB=7.78e-05,before,0,0.0
p1,129,12,risk,0,164,541,0.38,1.2535,4,False,A,meta-llama/Llama-3.1-8B-Instruct,chat,riskneutral_formula,0,0.74017,0.0,1,,,massA=2.97e-06 massB=1.04e-06,before,0,0.0
p1,203,20,risk,0,186,266,0.63,0.901,1,False,A,meta-llama/Llama-3.1-8B-Instruct,chat,riskneutral_formula,0,0.38491,6e-05,1,,,massA=2.35e-05 massB=3.75e-05,before,0,0.0
p1,118,11,risk,0,54,68,0.81,1.02,4,True,B,meta-llama/Llama-3.1-8B-Instruct,chat,riskneutral_formula,0,0.4149,3e-05,1,,,massA=1.52e-05 massB=1.08e-05,before,0,0.0
p1,137,13,risk,0,72,88,0.64,0.7822,3,False,A,meta-llama/Llama-3.1-8B-Instruct,chat,riskneutral_formula,0,0.73716,0.00505,1,,,massA=0.00372 massB=0.00133,before,0,0.0
p1,95,9,risk,0,49,153,0.26,0.8118,2,False,A,meta-llama/Llama-3.1-8B-Instruct,chat,riskneutral_formula,0,0.66888,2e-05,1,,,massA=1.35e-05 massB=6.66e-06,before,0,0.0
p1,33,3,risk,0,46,158,0.33,1.1335,1,False,A,meta-llama/Llama-3.1-8B-Instruct,chat,riskneutral_formula,0,0.44939,6e-05,1,,,massA=2.71e-05 massB=3.32e-05,before,0,0.0
p1,321,32,risk,0,131,236,0.57,1.0269,0,False,A,meta-llama/Llama-3.1-8B-Instruct,chat,riskneutral_formula,0,0.43015,0.00098,1,,,massA=0.000422 massB=0.00056,before,0,0.0
p1,91,9,risk,0,49,153,0.26,0.8118,0,False,A,meta-llama/Llama-3.1-8B-Instruct,chat,riskneutral_formula,0,0.37754,0.0008,1,,,massA=0.000301 massB=0.000496,before,0,0.0
p1,73,7,risk,0,63,98,0.64,0.9956,1,False,A,meta-llama/Llama-3.1-8B-Instruct,chat,riskneutral_formula,0,0.44939,4e-05,1,,,massA=1.97e-05 massB=2.41e-05,before,0,0.0
p1,86,8,risk,0,62,263,0.33,1.3998,3,True,B,meta-llama/Llama-3.1-8B-Instruct,chat,riskneutral_formula,0,0.37388,0.00508,1,,,massA=0.00318 massB=0.0019,before,0,0.0
p1,25,2,risk,0,162,661,0.26,1.0609,2,False,A,meta-llama/Llama-3.1-8B-Instruct,chat,riskneutral_formula,0,0.66888,2e-05,1,,,massA=1.49e-05 massB=7.36e-06,before,0,0.0
p1,197,19,risk,0,64,122,0.49,0.9341,3,False,A,meta-llama/Llama-3.1-8B-Instruct,chat,riskneutral_formula,0,0.54286,0.00753,1,,,massA=0.00409 massB=0.00344,before,0,0.0
p1,155,15,risk,0,82,113,0.74,1.0198,2,False,A,meta-llama/Llama-3.1-8B-Instruct,chat,riskneutral_formula,0,0.78399,3e-05,1,,,massA=2.72e-05 massB=7.5e-06,before,0,0.0
p1,135,13,risk,0,72,88,0.64,0.7822,2,False,A,meta-llama/Llama-3.1-8B-Instruct,chat,riskneutral_formula,0,0.79819,2e-05,1,,,massA=1.79e-05 massB=4.53e-06,before,0,0.0
p1,185,18,risk,0,41,61,0.58,0.8629,2,False,A,meta-llama/Llama-3.1-8B-Instruct,chat,riskneutral_formula,0,0.79819,3e-05,1,,,massA=2.37e-05 massB=6e-06,before,0,0.0
p1,92,9,risk,0,49,153,0.26,0.8118,1,True,B,meta-llama/Llama-3.1-8B-Instruct,chat,riskneutral_formula,0,0.78266,0.00037,1,,,massA=8.11e-05 massB=0.000292,before,0,0.0
p1,370,37,risk,0,151,252,0.68,1.1348,0,True,B,meta-llama/Llama-3.1-8B-Instruct,chat,riskneutral_formula,0,0.51172,0.00189,1,,,massA=0.000923 massB=0.000968,before,0,0.0
p1,398,39,risk,0,178,567,0.32,1.0193,4,True,B,meta-llama/Llama-3.1-8B-Instruct,chat,riskneutral_formula,0,0.47463,2e-05,1,,,massA=8.11e-06 massB=7.32e-06,before,0,0.0
p1,140,14,risk,0,81,201,0.68,1.6874,0,True,B,meta-llama/Llama-3.1-8B-Instruct,chat,riskneutral_formula,0,0.5351,0.00186,1,,,massA=0.000864 massB=0.000995,before,0,0.0
p1,243,24,risk,0,168,214,0.76,0.9681,1,False,A,meta-llama/Llama-3.1-8B-Instruct,chat,riskneutral_formula,0,0.32082,7e-05,1,,,massA=2.32e-05 massB=4.9e-05,before,0,0.0
p1,253,25,risk,0,124,207,0.76,1.2687,1,False,A,meta-llama/Llama-3.1-8B-Instruct,chat,riskneutral_formula,0,0.38122,5e-05,1,,,massA=1.78e-05 massB=2.89e-05,before,0,0.0
p1,352,35,risk,0,91,133,0.68,0.9938,1,True,B,meta-llama/Llama-3.1-8B-Instruct,chat,riskneutral_formula,0,0.84183,0.00058,1,,,massA=9.16e-05 massB=0.000487,before,0,0.0
p1,303,30,risk,0,149,447,0.26,0.78,1,False,A,meta-llama/Llama-3.1-8B-Instruct,chat,riskneutral_formula,0,0.30404,9e-05,1,,,massA=2.61e-05 massB=5.97e-05,before,0,0.0
p1,84,8,risk,0,62,263,0.33,1.3998,2,True,B,meta-llama/Llama-3.1-8B-Instruct,chat,riskneutral_formula,0,0.32767,9e-05,1,,,massA=6.36e-05 massB=3.1e-05,before,0,0.0
p1,365,36,risk,0,98,227,0.47,1.0887,2,False,A,meta-llama/Llama-3.1-8B-Instruct,chat,riskneutral_formula,0,0.73106,5e-05,1,,,massA=3.56e-05 massB=1.31e-05,before,0,0.0
p1,369,36,risk,0,98,227,0.47,1.0887,4,False,A,meta-llama/Llama-3.1-8B-Instruct,chat,riskneutral_formula,0,0.72487,0.0,1,,,massA=2.73e-06 massB=1.04e-06,before,0,0.0
p1,113,11,risk,0,54,68,0.81,1.02,1,False,A,meta-llama/Llama-3.1-8B-Instruct,chat,riskneutral_formula,0,0.43015,4e-05,1,,,massA=1.67e-05 massB=2.21e-05,before,0,0.0
p1,186,18,risk,0,41,61,0.58,0.8629,3,True,B,meta-llama/Llama-3.1-8B-Instruct,chat,riskneutral_formula,0,0.48438,0.00639,1,,,massA=0.00329 massB=0.00309,before,0,0.0
p1,341,34,risk,0,52,96,0.63,1.1631,0,False,A,meta-llama/Llama-3.1-8B-Instruct,chat,riskneutral_formula,0,0.45326,0.0006,1,,,massA=0.000271 massB=0.000327,before,0,0.0
p1,313,31,risk,0,51,151,0.29,0.8586,1,False,A,meta-llama/Llama-3.1-8B-Instruct,chat,riskneutral_formula,0,0.36659,8e-05,1,,,massA=2.99e-05 massB=5.16e-05,before,0,0.0
p1,143,14,risk,0,81,201,0.68,1.6874,1,False,A,meta-llama/Llama-3.1-8B-Instruct,chat,riskneutral_formula,0,0.43398,7e-05,1,,,massA=3.16e-05 massB=4.13e-05,before,0,0.0
p1,72,7,risk,0,63,98,0.64,0.9956,1,True,B,meta-llama/Llama-3.1-8B-Instruct,chat,riskneutral_formula,0,0.81757,0.0003,1,,,massA=5.42e-05 massB=0.000243,before,0,0.0
p1,170,17,risk,0,117,362,0.42,1.2995,0,True,B,meta-llama/Llama-3.1-8B-Instruct,chat,riskneutral_formula,0,0.54286,0.00134,1,,,massA=0.000613 massB=0.000728,before,0,0.0
p1,181,18,risk,0,41,61,0.58,0.8629,0,False,A,meta-llama/Llama-3.1-8B-Instruct,chat,riskneutral_formula,0,0.51562,0.00092,1,,,massA=0.000475 massB=0.000446,before,0,0.0
p1,1,0,risk,0,186,984,0.26,1.3755,0,False,A,meta-llama/Llama-3.1-8B-Instruct,chat,riskneutral_formula,0,0.39234,0.00093,1,,,massA=0.000364 massB=0.000564,before,0,0.0
p1,105,10,risk,0,111,278,0.58,1.4526,2,False,A,meta-llama/Llama-3.1-8B-Instruct,chat,riskneutral_formula,0,0.73716,4e-05,1,,,massA=2.59e-05 massB=9.24e-06,before,0,0.0
p1,11,1,risk,0,58,116,0.66,1.32,0,False,A,meta-llama/Llama-3.1-8B-Instruct,chat,riskneutral_formula,0,0.48048,0.00101,1,,,massA=0.000483 massB=0.000522,before,0,0.0
p1,244,24,risk,0,168,214,0.76,0.9681,2,True,B,meta-llama/Llama-3.1-8B-Instruct,chat,riskneutral_formula,0,0.45326,0.00014,1,,,massA=7.66e-05 massB=6.35e-05,before,0,0.0
p1,165,16,risk,0,139,234,0.6,1.0101,2,False,A,meta-llama/Llama-3.1-8B-Instruct,chat,riskneutral_formula,0,0.75201,2e-05,1,,,massA=1.35e-05 massB=4.45e-06,before,0,0.0
p1,361,36,risk,0,98,227,0.47,1.0887,0,False,A,meta-llama/Llama-3.1-8B-Instruct,chat,riskneutral_formula,0,0.43782,0.00163,1,,,massA=0.000713 massB=0.000915,before,0,0.0
p1,233,23,risk,0,91,626,0.23,1.5822,1,False,A,meta-llama/Llama-3.1-8B-Instruct,chat,riskneutral_formula,0,0.39234,5e-05,1,,,massA=1.92e-05 massB=2.97e-05,before,0,0.0
p1,30,3,risk,0,46,158,0.33,1.1335,0,True,B,meta-llama/Llama-3.1-8B-Instruct,chat,riskneutral_formula,0,0.40733,0.00103,1,,,massA=0.000612 massB=0.000421,before,0,0.0
p1,13,1,risk,0,58,116,0.66,1.32,1,False,A,meta-llama/Llama-3.1-8B-Instruct,chat,riskneutral_formula,0,0.38491,7e-05,1,,,massA=2.61e-05 massB=4.18e-05,before,0,0.0
p1,347,34,risk,0,52,96,0.63,1.1631,3,False,A,meta-llama/Llama-3.1-8B-Instruct,chat,riskneutral_formula,0,0.76348,0.00404,1,,,massA=0.00308 massB=0.000955,before,0,0.0
p1,119,11,risk,0,54,68,0.81,1.02,4,False,A,meta-llama/Llama-3.1-8B-Instruct,chat,riskneutral_formula,0,0.76207,0.0,1,,,massA=1.76e-06 massB=5.5e-07,before,0,0.0
p1,257,25,risk,0,124,207,0.76,1.2687,3,False,A,meta-llama/Llama-3.1-8B-Instruct,chat,riskneutral_formula,0,0.71223,0.00525,1,,,massA=0.00374 massB=0.00151,before,0,0.0
p1,255,25,risk,0,124,207,0.76,1.2687,2,False,A,meta-llama/Llama-3.1-8B-Instruct,chat,riskneutral_formula,0,0.76908,3e-05,1,,,massA=1.95e-05 massB=5.84e-06,before,0,0.0
p1,310,31,risk,0,51,151,0.29,0.8586,0,True,B,meta-llama/Llama-3.1-8B-Instruct,chat,riskneutral_formula,0,0.48048,0.00162,1,,,massA=0.000843 massB=0.00078,before,0,0.0
p1,43,4,risk,0,29,71,0.55,1.3466,1,False,A,meta-llama/Llama-3.1-8B-Instruct,chat,riskneutral_formula,0,0.47268,5e-05,1,,,massA=2.56e-05 massB=2.86e-05,before,0,0.0
p1,228,22,risk,0,81,163,0.72,1.4489,4,True,B,meta-llama/Llama-3.1-8B-Instruct,chat,riskneutral_formula,0,0.50976,2e-05,1,,,massA=7.41e-06 massB=7.7e-06,before,0,0.0
p1,103,10,risk,0,111,278,0.58,1.4526,1,False,A,meta-llama/Llama-3.1-8B-Instruct,chat,riskneutral_formula,0,0.37388,7e-05,1,,,massA=2.44e-05 massB=4.09e-05,before,0,0.0
p1,83,8,risk,0,62,263,0.33,1.3998,1,False,A,meta-llama/Llama-3.1-8B-Instruct,chat,riskneutral_formula,0,0.35936,7e-05,1,,,massA=2.48e-05 massB=4.42e-05,before,0,0.0
p1,274,27,risk,0,166,433,0.53,1.3825,2,True,B,meta-llama/Llama-3.1-8B-Instruct,chat,riskneutral_formula,0,0.44939,0.00017,1,,,massA=9.26e-05 massB=7.55e-05,before,0,0.0
p1,4,0,risk,0,186,984,0.26,1.3755,2,True,B,meta-llama/Llama-3.1-8B-Instruct,chat,riskneutral_formula,0,0.47268,0.00012,1,,,massA=6.22e-05 massB=5.58e-05,before,0,0.0
p1,277,27,risk,0,166,433,0.53,1.3825,3,False,A,meta-llama/Llama-3.1-8B-Instruct,chat,riskneutral_formula,0,0.62977,0.0067,1,,,massA=0.00422 massB=0.00248,before,0,0.0
p1,275,27,risk,0,166,433,0.53,1.3825,2,False,A,meta-llama/Llama-3.1-8B-Instruct,chat,riskneutral_formula,0,0.77184,4e-05,1,,,massA=3.1e-05 massB=9.18e-06,before,0,0.0
p1,307,30,risk,0,149,447,0.26,0.78,3,False,A,meta-llama/Llama-3.1-8B-Instruct,chat,riskneutral_formula,0,0.55061,0.01048,1,,,massA=0.00577 massB=0.00471,before,0,0.0
p1,325,32,risk,0,131,236,0.57,1.0269,2,False,A,meta-llama/Llama-3.1-8B-Instruct,chat,riskneutral_formula,0,0.78133,3e-05,1,,,massA=2.66e-05 massB=7.45e-06,before,0,0.0
p1,306,30,risk,0,149,447,0.26,0.78,3,True,B,meta-llama/Llama-3.1-8B-Instruct,chat,riskneutral_formula,0,0.49609,0.00788,1,,,massA=0.00397 massB=0.00391,before,0,0.0
p1,397,39,risk,0,178,567,0.32,1.0193,3,False,A,meta-llama/Llama-3.1-8B-Instruct,chat,riskneutral_formula,0,0.62246,0.0066,1,,,massA=0.00411 massB=0.00249,before,0,0.0
p1,89,8,risk,0,62,263,0.33,1.3998,4,False,A,meta-llama/Llama-3.1-8B-Instruct,chat,riskneutral_formula,0,0.72952,0.0,1,,,massA=2.87e-06 massB=1.06e-06,before,0,0.0
p1,362,36,risk,0,98,227,0.47,1.0887,1,True,B,meta-llama/Llama-3.1-8B-Instruct,chat,riskneutral_formula,0,0.7773,0.00081,1,,,massA=0.000179 massB=0.000626,before,0,0.0
p1,22,2,risk,0,162,661,0.26,1.0609,1,True,B,meta-llama/Llama-3.1-8B-Instruct,chat,riskneutral_formula,0,0.7773,0.00036,1,,,massA=8.02e-05 massB=0.00028,before,0,0.0
p1,324,32,risk,0,131,236,0.57,1.0269,2,True,B,meta-llama/Llama-3.1-8B-Instruct,chat,riskneutral_formula,0,0.45714,0.0002,1,,,massA=0.000108 massB=9.11e-05,before,0,0.0
p1,131,13,risk,0,72,88,0.64,0.7822,0,False,A,meta-llama/Llama-3.1-8B-Instruct,chat,riskneutral_formula,0,0.4649,0.00083,1,,,massA=0.000387 massB=0.000445,before,0,0.0
p1,152,15,risk,0,82,113,0.74,1.0198,1,True,B,meta-llama/Llama-3.1-8B-Instruct,chat,riskneutral_formula,0,0.86339,0.00053,1,,,massA=7.25e-05 massB=0.000458,before,0,0.0
p1,187,18,risk,0,41,61,0.58,0.8629,3,False,A,meta-llama/Llama-3.1-8B-Instruct,chat,riskneutral_formula,0,0.73716,0.00585,1,,,massA=0.00431 massB=0.00154,before,0,0.0
p1,213,21,risk,0,106,206,0.73,1.4187,1,False,A,meta-llama/Llama-3.1-8B-Instruct,chat,riskneutral_formula,0,0.35577,5e-05,1,,,massA=1.96e-05 massB=3.54e-05,before,0,0.0
p1,189,18,risk,0,41,61,0.58,0.8629,4,False,A,meta-llama/Llama-3.1-8B-Instruct,chat,riskneutral_formula,0,0.75347,0.0,1,,,massA=2.04e-06 massB=6.69e-07,before,0,0.0
p1,373,37,risk,0,151,252,0.68,1.1348,1,False,A,meta-llama/Llama-3.1-8B-Instruct,chat,riskneutral_formula,0,0.40733,6e-05,1,,,massA=2.41e-05 massB=3.51e-05,before,0,0.0
p1,285,28,risk,0,132,181,0.76,1.0421,2,False,A,meta-llama/Llama-3.1-8B-Instruct,chat,riskneutral_formula,0,0.74909,2e-05,1,,,massA=1.6e-05 massB=5.36e-06,before,0,0.0
p1,205,20,risk,0,186,266,0.63,0.901,2,False,A,meta-llama/Llama-3.1-8B-Instruct,chat,riskneutral_formula,0,0.78923,3e-05,1,,,massA=2.31e-05 massB=6.17e-06,before,0,0.0
p1,270,27,risk,0,166,433,0.53,1.3825,0,True,B,meta-llama/Llama-3.1-8B-Instruct,chat,riskneutral_formula,0,0.5351,0.00281,1,,,massA=0.00131 massB=0.0015,before,0,0.0
p1,110,11,risk,0,54,68,0.81,1.02,0,True,B,meta-llama/Llama-3.1-8B-Instruct,chat,riskneutral_formula,0,0.54286,0.00212,1,,,massA=0.000971 massB=0.00115,before,0,0.0
p1,50,5,risk,0,162,381,0.46,1.0819,0,True,B,meta-llama/Llama-3.1-8B-Instruct,chat,riskneutral_formula,0,0.49609,0.00113,1,,,massA=0.00057 massB=0.000561,before,0,0.0
p1,390,39,risk,0,178,567,0.32,1.0193,0,True,B,meta-llama/Llama-3.1-8B-Instruct,chat,riskneutral_formula,0,0.54286,0.001,1,,,massA=0.000457 massB=0.000542,before,0,0.0
p1,98,9,risk,0,49,153,0.26,0.8118,4,True,B,meta-llama/Llama-3.1-8B-Instruct,chat,riskneutral_formula,0,0.47074,1e-05,1,,,massA=7.92e-06 massB=7.05e-06,before,0,0.0
p1,379,37,risk,0,151,252,0.68,1.1348,4,False,A,meta-llama/Llama-3.1-8B-Instruct,chat,riskneutral_formula,0,0.72798,0.0,1,,,massA=1.88e-06 massB=7.02e-07,before,0,0.0
p1,106,10,risk,0,111,278,0.58,1.4526,3,True,B,meta-llama/Llama-3.1-8B-Instruct,chat,riskneutral_formula,0,0.51172,0.01027,1,,,massA=0.00502 massB=0.00526,before,0,0.0
p1,24,2,risk,0,162,661,0.26,1.0609,2,True,B,meta-llama/Llama-3.1-8B-Instruct,chat,riskneutral_formula,0,0.4149,9e-05,1,,,massA=5.45e-05 massB=3.86e-05,before,0,0.0
p1,45,4,risk,0,29,71,0.55,1.3466,2,False,A,meta-llama/Llama-3.1-8B-Instruct,chat,riskneutral_formula,0,0.79566,3e-05,1,,,massA=2.77e-05 massB=7.12e-06,before,0,0.0
p1,240,24,risk,0,168,214,0.76,0.9681,0,True,B,meta-llama/Llama-3.1-8B-Instruct,chat,riskneutral_formula,0,0.59267,0.00238,1,,,massA=0.00097 massB=0.00141,before,0,0.0
p1,214,21,risk,0,106,206,0.73,1.4187,2,True,B,meta-llama/Llama-3.1-8B-Instruct,chat,riskneutral_formula,0,0.49609,0.00022,1,,,massA=0.000112 massB=0.00011,before,0,0.0
p1,314,31,risk,0,51,151,0.29,0.8586,2,True,B,meta-llama/Llama-3.1-8B-Instruct,chat,riskneutral_formula,0,0.41111,0.0002,1,,,massA=0.000118 massB=8.25e-05,before,0,0.0
p1,319,31,risk,0,51,151,0.29,0.8586,4,False,A,meta-llama/Llama-3.1-8B-Instruct,chat,riskneutral_formula,0,0.70902,0.0,1,,,massA=3.36e-06 massB=1.38e-06,before,0,0.0
p1,159,15,risk,0,82,113,0.74,1.0198,4,False,A,meta-llama/Llama-3.1-8B-Instruct,chat,riskneutral_formula,0,0.70578,0.0,1,,,massA=2.22e-06 massB=9.26e-07,before,0,0.0
p1,222,22,risk,0,81,163,0.72,1.4489,1,True,B,meta-llama/Llama-3.1-8B-Instruct,chat,riskneutral_formula,0,0.85391,0.00046,1,,,massA=6.68e-05 massB=0.00039,before,0,0.0
p1,329,32,risk,0,131,236,0.57,1.0269,4,False,A,meta-llama/Llama-3.1-8B-Instruct,chat,riskneutral_formula,0,0.74167,0.0,1,,,massA=2.08e-06 massB=7.23e-07,before,0,0.0
p1,191,19,risk,0,64,122,0.49,0.9341,0,False,A,meta-llama/Llama-3.1-8B-Instruct,chat,riskneutral_formula,0,0.40733,0.00115,1,,,massA=0.00047 massB=0.000683,before,0,0.0
p1,180,18,risk,0,41,61,0.58,0.8629,0,True,B,meta-llama/Llama-3.1-8B-Instruct,chat,riskneutral_formula,0,0.50391,0.00157,1,,,massA=0.000778 massB=0.00079,before,0,0.0
p1,215,21,risk,0,106,206,0.73,1.4187,2,False,A,meta-llama/Llama-3.1-8B-Instruct,chat,riskneutral_formula,0,0.76348,3e-05,1,,,massA=2.47e-05 massB=7.67e-06,before,0,0.0
p1,351,35,risk,0,91,133,0.68,0.9938,0,False,A,meta-llama/Llama-3.1-8B-Instruct,chat,riskneutral_formula,0,0.49219,0.00105,1,,,massA=0.000519 massB=0.000535,before,0,0.0
p1,295,29,risk,0,79,81,0.83,0.851,2,False,A,meta-llama/Llama-3.1-8B-Instruct,chat,riskneutral_formula,0,0.84696,3e-05,1,,,massA=2.44e-05 massB=4.42e-06,before,0,0.0
p1,116,11,risk,0,54,68,0.81,1.02,3,True,B,meta-llama/Llama-3.1-8B-Instruct,chat,riskneutral_formula,0,0.52342,0.011,1,,,massA=0.00524 massB=0.00576,before,0,0.0
p1,49,4,risk,0,29,71,0.55,1.3466,4,False,A,meta-llama/Llama-3.1-8B-Instruct,chat,riskneutral_formula,0,0.77322,0.0,1,,,massA=3.42e-06 massB=1e-06,before,0,0.0
p1,394,39,risk,0,178,567,0.32,1.0193,2,True,B,meta-llama/Llama-3.1-8B-Instruct,chat,riskneutral_formula,0,0.43398,0.0001,1,,,massA=5.73e-05 massB=4.39e-05,before,0,0.0
p1,387,38,risk,0,183,609,0.38,1.2646,3,False,A,meta-llama/Llama-3.1-8B-Instruct,chat,riskneutral_formula,0,0.64064,0.00508,1,,,massA=0.00325 massB=0.00182,before,0,0.0
p1,141,14,risk,0,81,201,0.68,1.6874,0,False,A,meta-llama/Llama-3.1-8B-Instruct,chat,riskneutral_formula,0,0.51562,0.0009,1,,,massA=0.000466 massB=0.000438,before,0,0.0
p1,395,39,risk,0,178,567,0.32,1.0193,2,False,A,meta-llama/Llama-3.1-8B-Instruct,chat,riskneutral_formula,0,0.74466,3e-05,1,,,massA=1.88e-05 massB=6.45e-06,before,0,0.0
p1,127,12,risk,0,164,541,0.38,1.2535,3,False,A,meta-llama/Llama-3.1-8B-Instruct,chat,riskneutral_formula,0,0.63703,0.00736,1,,,massA=0.00469 massB=0.00267,before,0,0.0
p1,368,36,risk,0,98,227,0.47,1.0887,4,True,B,meta-llama/Llama-3.1-8B-Instruct,chat,riskneutral_formula,0,0.39234,2e-05,1,,,massA=1.23e-05 massB=7.93e-06,before,0,0.0
p1,359,35,risk,0,91,133,0.68,0.9938,4,False,A,meta-llama/Llama-3.1-8B-Instruct,chat,riskneutral_formula,0,0.74762,0.0,1,,,massA=2.26e-06 massB=7.63e-07,before,0,0.0
p1,338,33,risk,0,142,446,0.53,1.6646,4,True,B,meta-llama/Llama-3.1-8B-Instruct,chat,riskneutral_formula,0,0.42632,2e-05,1,,,massA=1.11e-05 massB=8.28e-06,before,0,0.0
p1,218,21,risk,0,106,206,0.73,1.4187,4,True,B,meta-llama/Llama-3.1-8B-Instruct,chat,riskneutral_formula,0,0.50781,2e-05,1,,,massA=9.93e-06 massB=1.02e-05,before,0,0.0
p1,288,28,risk,0,132,181,0.76,1.0421,4,True,B,meta-llama/Llama-3.1-8B-Instruct,chat,riskneutral_formula,0,0.51367,2e-05,1,,,massA=8.24e-06 massB=8.7e-06,before,0,0.0
p1,67,6,risk,0,94,101,0.71,0.7629,3,False,A,meta-llama/Llama-3.1-8B-Instruct,chat,riskneutral_formula,0,0.72798,0.00396,1,,,massA=0.00288 massB=0.00108,before,0,0.0
p1,121,12,risk,0,164,541,0.38,1.2535,0,False,A,meta-llama/Llama-3.1-8B-Instruct,chat,riskneutral_formula,0,0.4225,0.00092,1,,,massA=0.000389 massB=0.000531,before,0,0.0
p1,363,36,risk,0,98,227,0.47,1.0887,1,False,A,meta-llama/Llama-3.1-8B-Instruct,chat,riskneutral_formula,0,0.36659,7e-05,1,,,massA=2.42e-05 massB=4.19e-05,before,0,0.0
p1,204,20,risk,0,186,266,0.63,0.901,2,True,B,meta-llama/Llama-3.1-8B-Instruct,chat,riskneutral_formula,0,0.47658,0.00011,1,,,massA=5.94e-05 massB=5.41e-05,before,0,0.0
p1,242,24,risk,0,168,214,0.76,0.9681,1,True,B,meta-llama/Llama-3.1-8B-Instruct,chat,riskneutral_formula,0,0.83973,0.00053,1,,,massA=8.42e-05 massB=0.000441,before,0,0.0
p1,16,1,risk,0,58,116,0.66,1.32,3,True,B,meta-llama/Llama-3.1-8B-Instruct,chat,riskneutral_formula,0,0.50781,0.01235,1,,,massA=0.00608 massB=0.00627,before,0,0.0
p1,29,2,risk,0,162,661,0.26,1.0609,4,False,A,meta-llama/Llama-3.1-8B-Instruct,chat,riskneutral_formula,0,0.63884,0.0,1,,,massA=2.34e-06 massB=1.32e-06,before,0,0.0
p1,162,16,risk,0,139,234,0.6,1.0101,1,True,B,meta-llama/Llama-3.1-8B-Instruct,chat,riskneutral_formula,0,0.81523,0.00032,1,,,massA=5.99e-05 massB=0.000264,before,0,0.0
p1,19,1,risk,0,58,116,0.66,1.32,4,False,A,meta-llama/Llama-3.1-8B-Instruct,chat,riskneutral_formula,0,0.73564,0.0,1,,,massA=2.76e-06 massB=9.91e-07,before,0,0.0
p1,199,19,risk,0,64,122,0.49,0.9341,4,False,A,meta-llama/Llama-3.1-8B-Instruct,chat,riskneutral_formula,0,0.71063,0.0,1,,,massA=3.48e-06 massB=1.42e-06,before,0,0.0
p1,5,0,risk,0,186,984,0.26,1.3755,2,False,A,meta-llama/Llama-3.1-8B-Instruct,chat,riskneutral_formula,0,0.70253,2e-05,1,,,massA=1.75e-05 massB=7.39e-06,before,0,0.0
p1,144,14,risk,0,81,201,0.68,1.6874,2,True,B,meta-llama/Llama-3.1-8B-Instruct,chat,riskneutral_formula,0,0.44553,0.00014,1,,,massA=7.81e-05 massB=6.27e-05,before,0,0.0
p1,108,10,risk,0,111,278,0.58,1.4526,4,True,B,meta-llama/Llama-3.1-8B-Instruct,chat,riskneutral_formula,0,0.47268,3e-05,1,,,massA=1.45e-05 massB=1.3e-05,before,0,0.0
p1,301,30,risk,0,149,447,0.26,0.78,0,False,A,meta-llama/Llama-3.1-8B-Instruct,chat,riskneutral_formula,0,0.35577,0.00108,1,,,massA=0.000384 massB=0.000695,before,0,0.0
p1,148,14,risk,0,81,201,0.68,1.6874,4,True,B,meta-llama/Llama-3.1-8B-Instruct,chat,riskneutral_formula,0,0.47853,2e-05,1,,,massA=8.59e-06 massB=7.89e-06,before,0,0.0
p1,15,1,risk,0,58,116,0.66,1.32,2,False,A,meta-llama/Llama-3.1-8B-Instruct,chat,riskneutral_formula,0,0.78399,3e-05,1,,,massA=2.71e-05 massB=7.47e-06,before,0,0.0
p1,20,2,risk,0,162,661,0.26,1.0609,0,True,B,meta-llama/Llama-3.1-8B-Instruct,chat,riskneutral_formula,0,0.47658,0.00097,1,,,massA=0.000509 massB=0.000463,before,0,0.0
p1,193,19,risk,0,64,122,0.49,0.9341,1,False,A,meta-llama/Llama-3.1-8B-Instruct,chat,riskneutral_formula,0,0.36297,6e-05,1,,,massA=2.27e-05 massB=3.99e-05,before,0,0.0
p1,63,6,risk,0,94,101,0.71,0.7629,1,False,A,meta-llama/Llama-3.1-8B-Instruct,chat,riskneutral_formula,0,0.40733,6e-05,1,,,massA=2.6e-05 massB=3.79e-05,before,0,0.0
p1,167,16,risk,0,139,234,0.6,1.0101,3,False,A,meta-llama/Llama-3.1-8B-Instruct,chat,riskneutral_formula,0,0.74614,0.00399,1,,,massA=0.00298 massB=0.00101,before,0,0.0
p1,357,35,risk,0,91,133,0.68,0.9938,3,False,A,meta-llama/Llama-3.1-8B-Instruct,chat,riskneutral_formula,0,0.75201,0.00631,1,,,massA=0.00474 massB=0.00156,before,0,0.0
p1,58,5,risk,0,162,381,0.46,1.0819,4,True,B,meta-llama/Llama-3.1-8B-Instruct,chat,riskneutral_formula,0,0.46685,1e-05,1,,,massA=8e-06 massB=7e-06,before,0,0.0
p1,309,30,risk,0,149,447,0.26,0.78,4,False,A,meta-llama/Llama-3.1-8B-Instruct,chat,riskneutral_formula,0,0.67061,0.0,1,,,massA=2.78e-06 massB=1.36e-06,before,0,0.0
p1,147,14,risk,0,81,201,0.68,1.6874,3,False,A,meta-llama/Llama-3.1-8B-Instruct,chat,riskneutral_formula,0,0.76908,0.00514,1,,,massA=0.00395 massB=0.00119,before,0,0.0
p1,42,4,risk,0,29,71,0.55,1.3466,1,True,B,meta-llama/Llama-3.1-8B-Instruct,chat,riskneutral_formula,0,0.79053,0.00032,1,,,massA=6.81e-05 massB=0.000257,before,0,0.0
p1,249,24,risk,0,168,214,0.76,0.9681,4,False,A,meta-llama/Llama-3.1-8B-Instruct,chat,riskneutral_formula,0,0.70089,0.0,1,,,massA=2.57e-06 massB=1.1e-06,before,0,0.0
p1,311,31,risk,0,51,151,0.29,0.8586,0,False,A,meta-llama/Llama-3.1-8B-Instruct,chat,riskneutral_formula,0,0.41111,0.00108,1,,,massA=0.000444 massB=0.000636,before,0,0.0
p1,163,16,risk,0,139,234,0.6,1.0101,1,False,A,meta-llama/Llama-3.1-8B-Instruct,chat,riskneutral_formula,0,0.41111,5e-05,1,,,massA=2.26e-05 massB=3.23e-05,before,0,0.0
p1,122,12,risk,0,164,541,0.38,1.2535,1,True,B,meta-llama/Llama-3.1-8B-Instruct,chat,riskneutral_formula,0,0.82894,0.00051,1,,,massA=8.68e-05 massB=0.000421,before,0,0.0
p1,388,38,risk,0,183,609,0.38,1.2646,4,True,B,meta-llama/Llama-3.1-8B-Instruct,chat,riskneutral_formula,0,0.48438,1e-05,1,,,massA=6.96e-06 massB=6.54e-06,before,0,0.0
p1,168,16,risk,0,139,234,0.6,1.0101,4,True,B,meta-llama/Llama-3.1-8B-Instruct,chat,riskneutral_formula,0,0.4225,2e-05,1,,,massA=9.49e-06 massB=6.95e-06,before,0,0.0
p1,192,19,risk,0,64,122,0.49,0.9341,1,True,B,meta-llama/Llama-3.1-8B-Instruct,chat,riskneutral_formula,0,0.69264,0.00034,1,,,massA=0.000104 massB=0.000233,before,0,0.0
p1,266,26,risk,0,59,151,0.36,0.9214,3,True,B,meta-llama/Llama-3.1-8B-Instruct,chat,riskneutral_formula,0,0.50391,0.00564,1,,,massA=0.0028 massB=0.00284,before,0,0.0
p1,300,30,risk,0,149,447,0.26,0.78,0,True,B,meta-llama/Llama-3.1-8B-Instruct,chat,riskneutral_formula,0,0.51562,0.0014,1,,,massA=0.00068 massB=0.000724,before,0,0.0
p1,282,28,risk,0,132,181,0.76,1.0421,1,True,B,meta-llama/Llama-3.1-8B-Instruct,chat,riskneutral_formula,0,0.83973,0.00056,1,,,massA=8.93e-05 massB=0.000468,before,0,0.0
p1,219,21,risk,0,106,206,0.73,1.4187,4,False,A,meta-llama/Llama-3.1-8B-Instruct,chat,riskneutral_formula,0,0.71223,0.0,1,,,massA=2.72e-06 massB=1.1e-06,before,0,0.0
p1,101,10,risk,0,111,278,0.58,1.4526,0,False,A,meta-llama/Llama-3.1-8B-Instruct,chat,riskneutral_formula,0,0.45714,0.00097,1,,,massA=0.000445 massB=0.000528,before,0,0.0
p1,123,12,risk,0,164,541,0.38,1.2535,1,False,A,meta-llama/Llama-3.1-8B-Instruct,chat,riskneutral_formula,0,0.37754,6e-05,1,,,massA=2.21e-05 massB=3.65e-05,before,0,0.0
p1,82,8,risk,0,62,263,0.33,1.3998,1,True,B,meta-llama/Llama-3.1-8B-Instruct,chat,riskneutral_formula,0,0.68595,0.00027,1,,,massA=8.51e-05 massB=0.000186,before,0,0.0
p1,268,26,risk,0,59,151,0.36,0.9214,4,True,B,meta-llama/Llama-3.1-8B-Instruct,chat,riskneutral_formula,0,0.47658,1e-05,1,,,massA=7.62e-06 massB=6.94e-06,before,0,0.0
p1,151,15,risk,0,82,113,0.74,1.0198,0,False,A,meta-llama/Llama-3.1-8B-Instruct,chat,riskneutral_formula,0,0.43015,0.00123,1,,,massA=0.000528 massB=0.0007,before,0,0.0
p1,171,17,risk,0,117,362,0.42,1.2995,0,False,A,meta-llama/Llama-3.1-8B-Instruct,chat,riskneutral_formula,0,0.39234,0.001,1,,,massA=0.000392 massB=0.000607,before,0,0.0
p1,375,37,risk,0,151,252,0.68,1.1348,2,False,A,meta-llama/Llama-3.1-8B-Instruct,chat,riskneutral_formula,0,0.77999,2e-05,1,,,massA=1.88e-05 massB=5.3e-06,before,0,0.0
p1,6,0,risk,0,186,984,0.26,1.3755,3,True,B,meta-llama/Llama-3.1-8B-Instruct,chat,riskneutral_formula,0,0.50781,0.00614,1,,,massA=0.00302 massB=0.00312,before,0,0.0
p1,326,32,risk,0,131,236,0.57,1.0269,3,True,B,meta-llama/Llama-3.1-8B-Instruct,chat,riskneutral_formula,0,0.53121,0.00972,1,,,massA=0.00456 massB=0.00516,before,0,0.0
p1,227,22,risk,0,81,163,0.72,1.4489,3,False,A,meta-llama/Llama-3.1-8B-Instruct,chat,riskneutral_formula,0,0.66192,0.00408,1,,,massA=0.0027 massB=0.00138,before,0,0.0
p1,279,27,risk,0,166,433,0.53,1.3825,4,False,A,meta-llama/Llama-3.1-8B-Instruct,chat,riskneutral_formula,0,0.77594,0.0,1,,,massA=3.11e-06 massB=8.98e-07,before,0,0.0
p1,376,37,risk,0,151,252,0.68,1.1348,3,True,B,meta-llama/Llama-3.1-8B-Instruct,chat,riskneutral_formula,0,0.52342,0.01065,1,,,massA=0.00507 massB=0.00557,before,0,0.0
p1,392,39,risk,0,178,567,0.32,1.0193,1,True,B,meta-llama/Llama-3.1-8B-Instruct,chat,riskneutral_formula,0,0.82446,0.00041,1,,,massA=7.13e-05 massB=0.000335,before,0,0.0
p1,331,33,risk,0,142,446,0.53,1.6646,0,False,A,meta-llama/Llama-3.1-8B-Instruct,chat,riskneutral_formula,0,0.4649,0.00131,1,,,massA=0.000608 massB=0.0007,before,0,0.0
p1,93,9,risk,0,49,153,0.26,0.8118,1,False,A,meta-llama/Llama-3.1-8B-Instruct,chat,riskneutral_formula,0,0.34865,5e-05,1,,,massA=1.79e-05 massB=3.34e-05,before,0,0.0
p1,125,12,risk,0,164,541,0.38,1.2535,2,False,A,meta-llama/Llama-3.1-8B-Instruct,chat,riskneutral_formula,0,0.73716,3e-05,1,,,massA=2.25e-05 massB=8.03e-06,before,0,0.0
p1,344,34,risk,0,52,96,0.63,1.1631,2,True,B,meta-llama/Llama-3.1-8B-Instruct,chat,riskneutral_formula,0,0.43782,0.0001,1,,,massA=5.47e-05 massB=4.26e-05,before,0,0.0
p1,9,0,risk,0,186,984,0.26,1.3755,4,False,A,meta-llama/Llama-3.1-8B-Instruct,chat,riskneutral_formula,0,0.73106,0.0,1,,,massA=2.64e-06 massB=9.69e-07,before,0,0.0
p1,297,29,risk,0,79,81,0.83,0.851,3,False,A,meta-llama/Llama-3.1-8B-Instruct,chat,riskneutral_formula,0,0.82671,0.00499,1,,,massA=0.00413 massB=0.000866,before,0,0.0
p1,161,16,risk,0,139,234,0.6,1.0101,0,False,A,meta-llama/Llama-3.1-8B-Instruct,chat,riskneutral_formula,0,0.46102,0.0006,1,,,massA=0.000277 massB=0.000323,before,0,0.0
p1,386,38,risk,0,183,609,0.38,1.2646,3,True,B,meta-llama/Llama-3.1-8B-Instruct,chat,riskneutral_formula,0,0.56218,0.00672,1,,,massA=0.00294 massB=0.00378,before,0,0.0
p1,289,28,risk,0,132,181,0.76,1.0421,4,False,A,meta-llama/Llama-3.1-8B-Instruct,chat,riskneutral_formula,0,0.68088,0.0,1,,,massA=1.57e-06 massB=7.34e-07,before,0,0.0
p1,356,35,risk,0,91,133,0.68,0.9938,3,True,B,meta-llama/Llama-3.1-8B-Instruct,chat,riskneutral_formula,0,0.55447,0.01072,1,,,massA=0.00478 massB=0.00595,before,0,0.0
p1,304,30,risk,0,149,447,0.26,0.78,2,True,B,meta-llama/Llama-3.1-8B-Instruct,chat,riskneutral_formula,0,0.4649,0.00015,1,,,massA=8.16e-05 massB=7.09e-05,before,0,0.0
p1,234,23,risk,0,91,626,0.23,1.5822,2,True,B,meta-llama/Llama-3.1-8B-Instruct,chat,riskneutral_formula,0,0.42632,0.00012,1,,,massA=7.13e-05 massB=5.3e-05,before,0,0.0
p1,320,32,risk,0,131,236,0.57,1.0269,0,True,B,meta-llama/Llama-3.1-8B-Instruct,chat,riskneutral_formula,0,0.56218,0.00206,1,,,massA=0.0009 massB=0.00116,before,0,0.0
p1,76,7,risk,0,63,98,0.64,0.9956,3,True,B,meta-llama/Llama-3.1-8B-Instruct,chat,riskneutral_formula,0,0.50391,0.00452,1,,,massA=0.00224 massB=0.00228,before,0,0.0
p1,202,20,risk,0,186,266,0.63,0.901,1,True,B,meta-llama/Llama-3.1-8B-Instruct,chat,riskneutral_formula,0,0.82894,0.00041,1,,,massA=6.99e-05 massB=0.000339,before,0,0.0
p1,399,39,risk,0,178,567,0.32,1.0193,4,False,A,meta-llama/Llama-3.1-8B-Instruct,chat,riskneutral_formula,0,0.72643,0.0,1,,,massA=2.2e-06 massB=8.27e-07,before,0,0.0
p1,139,13,risk,0,72,88,0.64,0.7822,4,False,A,meta-llama/Llama-3.1-8B-Instruct,chat,riskneutral_formula,0,0.73716,0.0,1,,,massA=1.66e-06 massB=5.94e-07,before,0,0.0
p1,178,17,risk,0,117,362,0.42,1.2995,4,True,B,meta-llama/Llama-3.1-8B-Instruct,chat,riskneutral_formula,0,0.48243,1e-05,1,,,massA=7.36e-06 massB=6.86e-06,before,0,0.0
p1,145,14,risk,0,81,201,0.68,1.6874,2,False,A,meta-llama/Llama-3.1-8B-Instruct,chat,riskneutral_formula,0,0.80563,4e-05,1,,,massA=2.95e-05 massB=7.12e-06,before,0,0.0
p1,212,21,risk,0,106,206,0.73,1.4187,1,True,B,meta-llama/Llama-3.1-8B-Instruct,chat,riskneutral_formula,0,0.83114,0.00058,1,,,massA=9.77e-05 massB=0.000481,before,0,0.0
p1,248,24,risk,0,168,214,0.76,0.9681,4,True,B,meta-llama/Llama-3.1-8B-Instruct,chat,riskneutral_formula,0,0.48633,2e-05,1,,,massA=8.29e-06 massB=7.85e-06,before,0,0.0
p1,65,6,risk,0,94,101,0.71,0.7629,2,False,A,meta-llama/Llama-3.1-8B-Instruct,chat,riskneutral_formula,0,0.81168,4e-05,1,,,massA=3.25e-05 massB=7.54e-06,before,0,0.0
p1,78,7,risk,0,63,98,0.64,0.9956,4,True,B,meta-llama/Llama-3.1-8B-Instruct,chat,riskneutral_formula,0,0.40169,1e-05,1,,,massA=5.72e-06 massB=3.84e-06,before,0,0.0
p1,56,5,risk,0,162,381,0.46,1.0819,3,True,B,meta-llama/Llama-3.1-8B-Instruct,chat,riskneutral_formula,0,0.48828,0.00761,1,,,massA=0.00389 massB=0.00371,before,0,0.0
p1,34,3,risk,0,46,158,0.33,1.1335,2,True,B,meta-llama/Llama-3.1-8B-Instruct,chat,riskneutral_formula,0,0.32424,8e-05,1,,,massA=5.68e-05 massB=2.73e-05,before,0,0.0
p1,302,30,risk,0,149,447,0.26,0.78,1,True,B,meta-llama/Llama-3.1-8B-Instruct,chat,riskneutral_formula,0,0.78266,0.00042,1,,,massA=9.13e-05 massB=0.000329,before,0,0.0
p1,246,24,risk,0,168,214,0.76,0.9681,3,True,B,meta-llama/Llama-3.1-8B-Instruct,chat,riskneutral_formula,0,0.61138,0.01322,1,,,massA=0.00514 massB=0.00808,before,0,0.0
p1,342,34,risk,0,52,96,0.63,1.1631,1,True,B,meta-llama/Llama-3.1-8B-Instruct,chat,riskneutral_formula,0,0.82446,0.00038,1,,,massA=6.71e-05 massB=0.000315,before,0,0.0
p1,41,4,risk,0,29,71,0.55,1.3466,0,False,A,meta-llama/Llama-3.1-8B-Instruct,chat,riskneutral_formula,0,0.51172,0.00105,1,,,massA=0.000535 massB=0.000511,before,0,0.0
p1,372,37,risk,0,151,252,0.68,1.1348,1,True,B,meta-llama/Llama-3.1-8B-Instruct,chat,riskneutral_formula,0,0.81287,0.00059,1,,,massA=0.000111 massB=0.000481,before,0,0.0
p1,345,34,risk,0,52,96,0.63,1.1631,2,False,A,meta-llama/Llama-3.1-8B-Instruct,chat,riskneutral_formula,0,0.77594,2e-05,1,,,massA=1.25e-05 massB=3.62e-06,before,0,0.0
p1,229,22,risk,0,81,163,0.72,1.4489,4,False,A,meta-llama/Llama-3.1-8B-Instruct,chat,riskneutral_formula,0,0.66888,0.0,1,,,massA=1.64e-06 massB=8.1e-07,before,0,0.0
p1,315,31,risk,0,51,151,0.29,0.8586,2,False,A,meta-llama/Llama-3.1-8B-Instruct,chat,riskneutral_formula,0,0.65842,4e-05,1,,,massA=2.79e-05 massB=1.45e-05,before,0,0.0
p1,190,19,risk,0,64,122,0.49,0.9341,0,True,B,meta-llama/Llama-3.1-8B-Instruct,chat,riskneutral_formula,0,0.43015,0.0013,1,,,massA=0.000741 massB=0.000559,before,0,0.0
p1,35,3,risk,0,46,158,0.33,1.1335,2,False,A,meta-llama/Llama-3.1-8B-Instruct,chat,riskneutral_formula,0,0.74909,3e-05,1,,,massA=2.52e-05 massB=8.44e-06,before,0,0.0
p1,184,18,risk,0,41,61,0.58,0.8629,2,True,B,meta-llama/Llama-3.1-8B-Instruct,chat,riskneutral_formula,0,0.39981,0.00013,1,,,massA=8.06e-05 massB=5.37e-05,before,0,0.0
p1,327,32,risk,0,131,236,0.57,1.0269,3,False,A,meta-llama/Llama-3.1-8B-Instruct,chat,riskneutral_formula,0,0.67576,0.00522,1,,,massA=0.00353 massB=0.00169,before,0,0.0
p1,269,26,risk,0,59,151,0.36,0.9214,4,False,A,meta-llama/Llama-3.1-8B-Instruct,chat,riskneutral_formula,0,0.73412,0.0,1,,,massA=2.26e-06 massB=8.17e-07,before,0,0.0
p1,69,6,risk,0,94,101,0.71,0.7629,4,False,A,meta-llama/Llama-3.1-8B-Instruct,chat,riskneutral_formula,0,0.76769,0.0,1,,,massA=3.31e-06 massB=1e-06,before,0,0.0
p1,305,30,risk,0,149,447,0.26,0.78,2,False,A,meta-llama/Llama-3.1-8B-Instruct,chat,riskneutral_formula,0,0.69925,3e-05,1,,,massA=2.15e-05 massB=9.25e-06,before,0,0.0
p1,358,35,risk,0,91,133,0.68,0.9938,4,True,B,meta-llama/Llama-3.1-8B-Instruct,chat,riskneutral_formula,0,0.44746,2e-05,1,,,massA=9.16e-06 massB=7.41e-06,before,0,0.0
p1,366,36,risk,0,98,227,0.47,1.0887,3,True,B,meta-llama/Llama-3.1-8B-Instruct,chat,riskneutral_formula,0,0.48048,0.01106,1,,,massA=0.00575 massB=0.00531,before,0,0.0
p1,278,27,risk,0,166,433,0.53,1.3825,4,True,B,meta-llama/Llama-3.1-8B-Instruct,chat,riskneutral_formula,0,0.4168,2e-05,1,,,massA=1.33e-05 massB=9.51e-06,before,0,0.0
p1,153,15,risk,0,82,113,0.74,1.0198,1,False,A,meta-llama/Llama-3.1-8B-Instruct,chat,riskneutral_formula,0,0.3522,6e-05,1,,,massA=2.26e-05 massB=4.16e-05,before,0,0.0
p1,195,19,risk,0,64,122,0.49,0.9341,2,False,A,meta-llama/Llama-3.1-8B-Instruct,chat,riskneutral_formula,0,0.69264,4e-05,1,,,massA=2.57e-05 massB=1.14e-05,before,0,0.0
p1,47,4,risk,0,29,71,0.55,1.3466,3,False,A,meta-llama/Llama-3.1-8B-Instruct,chat,riskneutral_formula,0,0.76908,0.00955,1,,,massA=0.00734 massB=0.0022,before,0,0.0
p1,85,8,risk,0,62,263,0.33,1.3998,2,False,A,meta-llama/Llama-3.1-8B-Instruct,chat,riskneutral_formula,0,0.73564,4e-05,1,,,massA=2.66e-05 massB=9.56e-06,before,0,0.0
p1,23,2,risk,0,162,661,0.26,1.0609,1,False,A,meta-llama/Llama-3.1-8B-Instruct,chat,riskneutral_formula,0,0.28458,7e-05,1,,,massA=1.91e-05 massB=4.79e-05,before,0,0.0
p1,256,25,risk,0,124,207,0.76,1.2687,3,True,B,meta-llama/Llama-3.1-8B-Instruct,chat,riskneutral_formula,0,0.51172,0.00822,1,,,massA=0.00402 massB=0.00421,before,0,0.0
p1,225,22,risk,0,81,163,0.72,1.4489,2,False,A,meta-llama/Llama-3.1-8B-Instruct,chat,riskneutral_formula,0,0.73716,2e-05,1,,,massA=1.42e-05 massB=5.07e-06,before,0,0.0
p1,293,29,risk,0,79,81,0.83,0.851,1,False,A,meta-llama/Llama-3.1-8B-Instruct,chat,riskneutral_formula,0,0.47268,5e-05,1,,,massA=2.17e-05 massB=2.42e-05,before,0,0.0
p1,88,8,risk,0,62,263,0.33,1.3998,4,True,B,meta-llama/Llama-3.1-8B-Instruct,chat,riskneutral_formula,0,0.35577,1e-05,1,,,massA=8.94e-06 massB=4.94e-06,before,0,0.0
p1,134,13,risk,0,72,88,0.64,0.7822,2,True,B,meta-llama/Llama-3.1-8B-Instruct,chat,riskneutral_formula,0,0.41111,7e-05,1,,,massA=4.2e-05 massB=2.93e-05,before,0,0.0
p1,136,13,risk,0,72,88,0.64,0.7822,3,True,B,meta-llama/Llama-3.1-8B-Instruct,chat,riskneutral_formula,0,0.51952,0.00645,1,,,massA=0.0031 massB=0.00335,before,0,0.0
p1,46,4,risk,0,29,71,0.55,1.3466,3,True,B,meta-llama/Llama-3.1-8B-Instruct,chat,riskneutral_formula,0,0.45326,0.00802,1,,,massA=0.00438 massB=0.00364,before,0,0.0
p1,348,34,risk,0,52,96,0.63,1.1631,4,True,B,meta-llama/Llama-3.1-8B-Instruct,chat,riskneutral_formula,0,0.39234,1e-05,1,,,massA=5.62e-06 massB=3.63e-06,before,0,0.0
p1,14,1,risk,0,58,116,0.66,1.32,2,True,B,meta-llama/Llama-3.1-8B-Instruct,chat,riskneutral_formula,0,0.44939,0.00028,1,,,massA=0.000155 massB=0.000126,before,0,0.0
p1,117,11,risk,0,54,68,0.81,1.02,3,False,A,meta-llama/Llama-3.1-8B-Instruct,chat,riskneutral_formula,0,0.76908,0.00493,1,,,massA=0.00379 massB=0.00114,before,0,0.0
p1,335,33,risk,0,142,446,0.53,1.6646,2,False,A,meta-llama/Llama-3.1-8B-Instruct,chat,riskneutral_formula,0,0.76908,4e-05,1,,,massA=3.43e-05 massB=1.03e-05,before,0,0.0
p1,75,7,risk,0,63,98,0.64,0.9956,2,False,A,meta-llama/Llama-3.1-8B-Instruct,chat,riskneutral_formula,0,0.80807,3e-05,1,,,massA=2.1e-05 massB=4.99e-06,before,0,0.0
p1,130,13,risk,0,72,88,0.64,0.7822,0,True,B,meta-llama/Llama-3.1-8B-Instruct,chat,riskneutral_formula,0,0.54286,0.0014,1,,,massA=0.00064 massB=0.000759,before,0,0.0
p1,172,17,risk,0,117,362,0.42,1.2995,1,True,B,meta-llama/Llama-3.1-8B-Instruct,chat,riskneutral_formula,0,0.80807,0.00038,1,,,massA=7.31e-05 massB=0.000308,before,0,0.0
p1,381,38,risk,0,183,609,0.38,1.2646,0,False,A,meta-llama/Llama-3.1-8B-Instruct,chat,riskneutral_formula,0,0.40733,0.00065,1,,,massA=0.000265 massB=0.000386,before,0,0.0
p1,231,23,risk,0,91,626,0.23,1.5822,0,False,A,meta-llama/Llama-3.1-8B-Instruct,chat,riskneutral_formula,0,0.4149,0.00112,1,,,massA=0.000466 massB=0.000658,before,0,0.0
p1,61,6,risk,0,94,101,0.71,0.7629,0,False,A,meta-llama/Llama-3.1-8B-Instruct,chat,riskneutral_formula,0,0.49609,0.0011,1,,,massA=0.000548 massB=0.000556,before,0,0.0
p1,66,6,risk,0,94,101,0.71,0.7629,3,True,B,meta-llama/Llama-3.1-8B-Instruct,chat,riskneutral_formula,0,0.57368,0.01347,1,,,massA=0.00574 massB=0.00773,before,0,0.0
p1,364,36,risk,0,98,227,0.47,1.0887,2,True,B,meta-llama/Llama-3.1-8B-Instruct,chat,riskneutral_formula,0,0.42632,0.00021,1,,,massA=0.000121 massB=8.98e-05,before,0,0.0
p1,157,15,risk,0,82,113,0.74,1.0198,3,False,A,meta-llama/Llama-3.1-8B-Instruct,chat,riskneutral_formula,0,0.71223,0.00667,1,,,massA=0.00475 massB=0.00192,before,0,0.0
p1,31,3,risk,0,46,158,0.33,1.1335,0,False,A,meta-llama/Llama-3.1-8B-Instruct,chat,riskneutral_formula,0,0.47658,0.00093,1,,,massA=0.000445 massB=0.000489,before,0,0.0
p2,379,12,gain,0,164,541,0.38,1.2535,4,False,A,meta-llama/Llama-3.1-8B-Instruct,chat,riskneutral_formula,0,0.43206,1e-05,1,,,massA=5.05e-06 massB=6.64e-06,before,0,0.0
p2,232,7,mixed,63,63,98,0.64,0.9956,1,True,B,meta-llama/Llama-3.1-8B-Instruct,chat,riskneutral_formula,0,0.86522,0.03567,1,,,massA=0.00481 massB=0.0309,before,0,0.0
p2,430,14,gain,0,81,201,0.68,1.6874,0,True,B,meta-llama/Llama-3.1-8B-Instruct,chat,riskneutral_formula,0,0.61138,0.0068,1,,,massA=0.00264 massB=0.00416,before,0,0.0
p2,153,5,neutral,0,162,381,0.46,1.0819,1,False,A,meta-llama/Llama-3.1-8B-Instruct,chat,riskneutral_formula,0,0.39234,0.00093,1,,,massA=0.000365 massB=0.000565,before,0,0.0
p2,1001,33,gain,0,142,446,0.53,1.6646,0,False,A,meta-llama/Llama-3.1-8B-Instruct,chat,riskneutral_formula,0,0.48438,0.00159,1,,,massA=0.000772 massB=0.000821,before,0,0.0
p2,632,21,neutral,0,106,206,0.73,1.4187,1,True,B,meta-llama/Llama-3.1-8B-Instruct,chat,riskneutral_formula,0,0.93902,0.00477,1,,,massA=0.000291 massB=0.00448,before,0,0.0
p2,546,18,neutral,0,41,61,0.58,0.8629,3,True,B,meta-llama/Llama-3.1-8B-Instruct,chat,riskneutral_formula,0,0.72174,0.01887,1,,,massA=0.00525 massB=0.0136,before,0,0.0
p2,371,12,gain,0,164,541,0.38,1.2535,0,False,A,meta-llama/Llama-3.1-8B-Instruct,chat,riskneutral_formula,0,0.35577,0.00155,1,,,massA=0.000552 massB=0.000999,before,0,0.0
p2,283,9,gain,0,49,153,0.26,0.8118,1,False,A,meta-llama/Llama-3.1-8B-Instruct,chat,riskneutral_formula,0,0.24799,0.00153,1,,,massA=0.00038 massB=0.00115,before,0,0.0
p2,256,8,gain,0,62,263,0.33,1.3998,3,True,B,meta-llama/Llama-3.1-8B-Instruct,chat,riskneutral_formula,0,0.55447,0.01899,1,,,massA=0.00846 massB=0.0105,before,0,0.0
p2,1127,37,gain,0,151,252,0.68,1.1348,3,False,A,meta-llama/Llama-3.1-8B-Instruct,chat,riskneutral_formula,0,0.57368,0.00171,1,,,massA=0.000983 massB=0.00073,before,0,0.0
p2,264,8,mixed,62,62,263,0.33,1.3998,2,True,B,meta-llama/Llama-3.1-8B-Instruct,chat,riskneutral_formula,0,0.67233,0.0079,1,,,massA=0.00259 massB=0.00531,before,0,0.0
p2,1266,33,dominant,0,142,179,1.0,1.2606,0,True,B,meta-llama/Llama-3.1-8B-Instruct,chat,riskneutral_formula,0,0.87915,0.54171,0,,,massA=0.0655 massB=0.476,before,0,0.0
p2,868,28,mixed,132,132,181,0.76,1.0421,4,True,B,meta-llama/Llama-3.1-8B-Instruct,chat,riskneutral_formula,0,0.92192,0.02035,1,,,massA=0.00159 massB=0.0188,before,0,0.0
p2,711,23,mixed,91,91,626,0.23,1.5822,0,False,A,meta-llama/Llama-3.1-8B-Instruct,chat,riskneutral_formula,0,0.18243,0.00257,1,,,massA=0.000469 massB=0.0021,before,0,0.0
p2,152,5,neutral,0,162,381,0.46,1.0819,1,True,B,meta-llama/Llama-3.1-8B-Instruct,chat,riskneutral_formula,0,0.91611,0.00187,1,,,massA=0.000157 massB=0.00172,before,0,0.0
p2,919,30,gain,0,149,447,0.26,0.78,4,False,A,meta-llama/Llama-3.1-8B-Instruct,chat,riskneutral_formula,0,0.40733,1e-05,1,,,massA=5.32e-06 massB=7.73e-06,before,0,0.0
p2,747,24,mixed,168,168,214,0.76,0.9681,3,False,A,meta-llama/Llama-3.1-8B-Instruct,chat,riskneutral_formula,0,0.5351,0.00107,1,,,massA=0.000574 massB=0.000498,before,0,0.0
p2,129,4,neutral,0,29,71,0.55,1.3466,4,False,A,meta-llama/Llama-3.1-8B-Instruct,chat,riskneutral_formula,0,0.60952,0.0,1,,,massA=2.67e-06 massB=1.71e-06,before,0,0.0
p2,560,18,mixed,41,41,61,0.58,0.8629,0,True,B,meta-llama/Llama-3.1-8B-Instruct,chat,riskneutral_formula,0,0.8808,0.06594,1,,,massA=0.00786 massB=0.0581,before,0,0.0
p2,193,6,gain,0,94,101,0.71,0.7629,1,False,A,meta-llama/Llama-3.1-8B-Instruct,chat,riskneutral_formula,0,0.30736,0.00151,1,,,massA=0.000465 massB=0.00105,before,0,0.0
p2,575,19,neutral,0,64,122,0.49,0.9341,2,False,A,meta-llama/Llama-3.1-8B-Instruct,chat,riskneutral_formula,0,0.68257,0.00035,1,,,massA=0.000236 massB=0.00011,before,0,0.0
p2,571,19,neutral,0,64,122,0.49,0.9341,0,False,A,meta-llama/Llama-3.1-8B-Instruct,chat,riskneutral_formula,0,0.34511,0.00191,1,,,massA=0.00066 massB=0.00125,before,0,0.0
p2,54,1,mixed,58,58,116,0.66,1.32,2,True,B,meta-llama/Llama-3.1-8B-Instruct,chat,riskneutral_formula,0,0.67918,0.01675,1,,,massA=0.00537 massB=0.0114,before,0,0.0
p2,1042,34,mixed,52,52,96,0.63,1.1631,1,True,B,meta-llama/Llama-3.1-8B-Instruct,chat,riskneutral_formula,0,0.86522,0.06105,1,,,massA=0.00823 massB=0.0528,before,0,0.0
p2,111,3,mixed,46,46,158,0.33,1.1335,0,False,A,meta-llama/Llama-3.1-8B-Instruct,chat,riskneutral_formula,0,0.23092,0.00296,1,,,massA=0.000684 massB=0.00228,before,0,0.0
p2,1105,36,mixed,98,98,227,0.47,1.0887,2,False,A,meta-llama/Llama-3.1-8B-Instruct,chat,riskneutral_formula,0,0.5813,0.00083,1,,,massA=0.000481 massB=0.000347,before,0,0.0
p2,227,7,gain,0,63,98,0.64,0.9956,3,False,A,meta-llama/Llama-3.1-8B-Instruct,chat,riskneutral_formula,0,0.62246,0.00145,1,,,massA=0.0009 massB=0.000546,before,0,0.0
p2,1089,36,neutral,0,98,227,0.47,1.0887,4,False,A,meta-llama/Llama-3.1-8B-Instruct,chat,riskneutral_formula,0,0.55833,0.0,1,,,massA=1.88e-06 massB=1.48e-06,before,0,0.0
p2,727,24,neutral,0,168,214,0.76,0.9681,3,False,A,meta-llama/Llama-3.1-8B-Instruct,chat,riskneutral_formula,0,0.50781,0.0198,1,,,massA=0.0101 massB=0.00974,before,0,0.0
p2,399,13,neutral,0,72,88,0.64,0.7822,4,False,A,meta-llama/Llama-3.1-8B-Instruct,chat,riskneutral_formula,0,0.53898,0.0,1,,,massA=1.24e-06 massB=1.06e-06,before,0,0.0
p2,1078,35,mixed,91,91,133,0.68,0.9938,4,True,B,meta-llama/Llama-3.1-8B-Instruct,chat,riskneutral_formula,0,0.92841,0.01885,1,,,massA=0.00135 massB=0.0175,before,0,0.0
p2,496,16,gain,0,139,234,0.6,1.0101,3,True,B,meta-llama/Llama-3.1-8B-Instruct,chat,riskneutral_formula,0,0.56985,0.02732,1,,,massA=0.0118 massB=0.0156,before,0,0.0
p2,1014,33,mixed,142,142,446,0.53,1.6646,2,True,B,meta-llama/Llama-3.1-8B-Instruct,chat,riskneutral_formula,0,0.75491,0.02226,1,,,massA=0.00546 massB=0.0168,before,0,0.0
p2,443,14,mixed,81,81,201,0.68,1.6874,1,False,A,meta-llama/Llama-3.1-8B-Instruct,chat,riskneutral_formula,0,0.37023,0.00202,1,,,massA=0.000746 massB=0.00127,before,0,0.0
p2,1224,12,dominant,0,164,181,1.0,1.1037,2,True,B,meta-llama/Llama-3.1-8B-Instruct,chat,riskneutral_formula,0,0.68931,0.07762,1,,,massA=0.0241 massB=0.0535,before,0,0.0
p2,41,1,gain,0,58,116,0.66,1.32,0,False,A,meta-llama/Llama-3.1-8B-Instruct,chat,riskneutral_formula,0,0.49609,0.00057,1,,,massA=0.000285 massB=0.000289,before,0,0.0
p2,69,2,neutral,0,162,661,0.26,1.0609,4,False,A,meta-llama/Llama-3.1-8B-Instruct,chat,riskneutral_formula,0,0.42632,0.0,1,,,massA=9.15e-07 massB=1.23e-06,before,0,0.0
p2,625,20,mixed,186,186,266,0.63,0.901,2,False,A,meta-llama/Llama-3.1-8B-Instruct,chat,riskneutral_formula,0,0.5851,0.00037,1,,,massA=0.000218 massB=0.000155,before,0,0.0
p2,254,8,gain,0,62,263,0.33,1.3998,2,True,B,meta-llama/Llama-3.1-8B-Instruct,chat,riskneutral_formula,0,0.51562,0.00081,1,,,massA=0.000394 massB=0.000419,before,0,0.0
p2,528,17,gain,0,117,362,0.42,1.2995,4,True,B,meta-llama/Llama-3.1-8B-Instruct,chat,riskneutral_formula,0,0.79053,0.00011,1,,,massA=2.21e-05 massB=8.35e-05,before,0,0.0
p2,276,9,neutral,0,49,153,0.26,0.8118,3,True,B,meta-llama/Llama-3.1-8B-Instruct,chat,riskneutral_formula,0,0.55061,0.02869,1,,,massA=0.0129 massB=0.0158,before,0,0.0
p2,929,30,mixed,149,149,447,0.26,0.78,4,False,A,meta-llama/Llama-3.1-8B-Instruct,chat,riskneutral_formula,0,0.28458,0.00011,1,,,massA=3.22e-05 massB=8.09e-05,before,0,0.0
p2,700,23,gain,0,91,626,0.23,1.5822,0,True,B,meta-llama/Llama-3.1-8B-Instruct,chat,riskneutral_formula,0,0.62612,0.00562,1,,,massA=0.0021 massB=0.00352,before,0,0.0
p2,908,30,neutral,0,149,447,0.26,0.78,4,True,B,meta-llama/Llama-3.1-8B-Instruct,chat,riskneutral_formula,0,0.83548,8e-05,1,,,massA=1.39e-05 massB=7.08e-05,before,0,0.0
p2,809,26,mixed,59,59,151,0.36,0.9214,4,False,A,meta-llama/Llama-3.1-8B-Instruct,chat,riskneutral_formula,0,0.33808,8e-05,1,,,massA=2.6e-05 massB=5.08e-05,before,0,0.0
p2,207,6,mixed,94,94,101,0.71,0.7629,3,False,A,meta-llama/Llama-3.1-8B-Instruct,chat,riskneutral_formula,0,0.59267,0.00162,1,,,massA=0.000957 massB=0.000658,before,0,0.0
p2,216,7,neutral,0,63,98,0.64,0.9956,3,True,B,meta-llama/Llama-3.1-8B-Instruct,chat,riskneutral_formula,0,0.66192,0.01787,1,,,massA=0.00604 massB=0.0118,before,0,0.0
p2,601,20,neutral,0,186,266,0.63,0.901,0,False,A,meta-llama/Llama-3.1-8B-Instruct,chat,riskneutral_formula,0,0.45714,0.00127,1,,,massA=0.00058 massB=0.000689,before,0,0.0
p2,317,10,gain,0,111,278,0.58,1.4526,3,False,A,meta-llama/Llama-3.1-8B-Instruct,chat,riskneutral_formula,0,0.52732,0.0034,1,,,massA=0.00179 massB=0.00161,before,0,0.0
p2,1069,35,gain,0,91,133,0.68,0.9938,4,False,A,meta-llama/Llama-3.1-8B-Instruct,chat,riskneutral_formula,0,0.52537,1e-05,1,,,massA=3.16e-06 massB=2.86e-06,before,0,0.0
p2,42,1,gain,0,58,116,0.66,1.32,1,True,B,meta-llama/Llama-3.1-8B-Instruct,chat,riskneutral_formula,0,0.91611,0.00511,1,,,massA=0.000429 massB=0.00468,before,0,0.0
p2,1035,34,gain,0,52,96,0.63,1.1631,2,False,A,meta-llama/Llama-3.1-8B-Instruct,chat,riskneutral_formula,0,0.77458,0.00015,1,,,massA=0.000118 massB=3.45e-05,before,0,0.0
p2,475,15,mixed,82,82,113,0.74,1.0198,2,False,A,meta-llama/Llama-3.1-8B-Instruct,chat,riskneutral_formula,0,0.56985,0.00046,1,,,massA=0.000261 massB=0.000197,before,0,0.0
p2,610,20,gain,0,186,266,0.63,0.901,0,True,B,meta-llama/Llama-3.1-8B-Instruct,chat,riskneutral_formula,0,0.64423,0.0061,1,,,massA=0.00217 massB=0.00393,before,0,0.0
p2,773,25,mixed,124,124,207,0.76,1.2687,1,False,A,meta-llama/Llama-3.1-8B-Instruct,chat,riskneutral_formula,0,0.39607,0.00209,1,,,massA=0.000829 massB=0.00126,before,0,0.0
p2,1269,34,dominant,0,52,110,1.0,2.1154,3,False,A,meta-llama/Llama-3.1-8B-Instruct,chat,riskneutral_formula,0,0.66541,0.24272,0,,,massA=0.162 massB=0.0812,before,0,0.0
p2,243,8,neutral,0,62,263,0.33,1.3998,1,False,A,meta-llama/Llama-3.1-8B-Instruct,chat,riskneutral_formula,0,0.31405,0.00159,1,,,massA=0.000499 massB=0.00109,before,0,0.0
p2,416,13,mixed,72,72,88,0.64,0.7822,3,True,B,meta-llama/Llama-3.1-8B-Instruct,chat,riskneutral_formula,0,0.69925,0.03143,1,,,massA=0.00945 massB=0.022,before,0,0.0
p2,1241,20,dominant,0,186,229,1.0,1.2312,2,False,A,meta-llama/Llama-3.1-8B-Instruct,chat,riskneutral_formula,0,0.73716,0.01093,1,,,massA=0.00805 massB=0.00287,before,0,0.0
p2,580,19,gain,0,64,122,0.49,0.9341,0,True,B,meta-llama/Llama-3.1-8B-Instruct,chat,riskneutral_formula,0,0.43398,0.00416,1,,,massA=0.00235 massB=0.0018,before,0,0.0
p2,754,25,neutral,0,124,207,0.76,1.2687,2,True,B,meta-llama/Llama-3.1-8B-Instruct,chat,riskneutral_formula,0,0.70253,0.00115,1,,,massA=0.000343 massB=0.00081,before,0,0.0
p2,1128,37,gain,0,151,252,0.68,1.1348,4,True,B,meta-llama/Llama-3.1-8B-Instruct,chat,riskneutral_formula,0,0.71859,6e-05,1,,,massA=1.81e-05 massB=4.62e-05,before,0,0.0
p2,612,20,gain,0,186,266,0.63,0.901,1,True,B,meta-llama/Llama-3.1-8B-Instruct,chat,riskneutral_formula,0,0.94251,0.00642,1,,,massA=0.000369 massB=0.00605,before,0,0.0
p2,549,18,neutral,0,41,61,0.58,0.8629,4,False,A,meta-llama/Llama-3.1-8B-Instruct,chat,riskneutral_formula,0,0.5851,0.0,1,,,massA=1.67e-06 massB=1.19e-06,before,0,0.0
p2,478,15,mixed,82,82,113,0.74,1.0198,4,True,B,meta-llama/Llama-3.1-8B-Instruct,chat,riskneutral_formula,0,0.93146,0.01852,1,,,massA=0.00127 massB=0.0173,before,0,0.0
p2,938,31,neutral,0,51,151,0.29,0.8586,4,True,B,meta-llama/Llama-3.1-8B-Instruct,chat,riskneutral_formula,0,0.82446,8e-05,1,,,massA=1.4e-05 massB=6.6e-05,before,0,0.0
p2,162,5,gain,0,162,381,0.46,1.0819,1,True,B,meta-llama/Llama-3.1-8B-Instruct,chat,riskneutral_formula,0,0.93629,0.00612,1,,,massA=0.00039 massB=0.00573,before,0,0.0
p2,343,11,gain,0,54,68,0.81,1.02,1,False,A,meta-llama/Llama-3.1-8B-Instruct,chat,riskneutral_formula,0,0.37023,0.00049,1,,,massA=0.000181 massB=0.000308,before,0,0.0
p2,779,25,mixed,124,124,207,0.76,1.2687,4,False,A,meta-llama/Llama-3.1-8B-Instruct,chat,riskneutral_formula,0,0.33808,8e-05,1,,,massA=2.82e-05 massB=5.51e-05,before,0,0.0
p2,740,24,mixed,168,168,214,0.76,0.9681,0,True,B,meta-llama/Llama-3.1-8B-Instruct,chat,riskneutral_formula,0,0.89029,0.07819,1,,,massA=0.00858 massB=0.0696,before,0,0.0
p2,1256,28,dominant,0,132,158,1.0,1.197,3,True,B,meta-llama/Llama-3.1-8B-Instruct,chat,riskneutral_formula,0,0.76908,0.56039,0,,,massA=0.129 massB=0.431,before,0,0.0
p2,1159,38,gain,0,183,609,0.38,1.2646,4,False,A,meta-llama/Llama-3.1-8B-Instruct,chat,riskneutral_formula,0,0.42632,1e-05,1,,,massA=4.84e-06 massB=6.51e-06,before,0,0.0
p2,229,7,gain,0,63,98,0.64,0.9956,4,False,A,meta-llama/Llama-3.1-8B-Instruct,chat,riskneutral_formula,0,0.61324,0.0,1,,,massA=2.4e-06 massB=1.51e-06,before,0,0.0
p2,12,0,gain,0,186,984,0.26,1.3755,1,True,B,meta-llama/Llama-3.1-8B-Instruct,chat,riskneutral_formula,0,0.93046,0.00842,1,,,massA=0.000585 massB=0.00783,before,0,0.0
p2,8,0,neutral,0,186,984,0.26,1.3755,4,True,B,meta-llama/Llama-3.1-8B-Instruct,chat,riskneutral_formula,0,0.84183,6e-05,1,,,massA=9.75e-06 massB=5.19e-05,before,0,0.0
p2,449,14,mixed,81,81,201,0.68,1.6874,4,False,A,meta-llama/Llama-3.1-8B-Instruct,chat,riskneutral_formula,0,0.36659,9e-05,1,,,massA=3.15e-05 massB=5.45e-05,before,0,0.0
p2,1164,38,mixed,183,183,609,0.38,1.2646,2,True,B,meta-llama/Llama-3.1-8B-Instruct,chat,riskneutral_formula,0,0.75201,0.01371,1,,,massA=0.0034 massB=0.0103,before,0,0.0
p2,780,26,neutral,0,59,151,0.36,0.9214,0,True,B,meta-llama/Llama-3.1-8B-Instruct,chat,riskneutral_formula,0,0.64423,0.00495,1,,,massA=0.00176 massB=0.00319,before,0,0.0
p2,993,33,neutral,0,142,446,0.53,1.6646,1,False,A,meta-llama/Llama-3.1-8B-Instruct,chat,riskneutral_formula,0,0.46102,0.00191,1,,,massA=0.000881 massB=0.00103,before,0,0.0
p2,1086,36,neutral,0,98,227,0.47,1.0887,3,True,B,meta-llama/Llama-3.1-8B-Instruct,chat,riskneutral_formula,0,0.74909,0.04349,1,,,massA=0.0109 massB=0.0326,before,0,0.0
p2,344,11,gain,0,54,68,0.81,1.02,2,True,B,meta-llama/Llama-3.1-8B-Instruct,chat,riskneutral_formula,0,0.50391,0.00109,1,,,massA=0.000542 massB=0.00055,before,0,0.0
p2,266,8,mixed,62,62,263,0.33,1.3998,3,True,B,meta-llama/Llama-3.1-8B-Instruct,chat,riskneutral_formula,0,0.81287,0.02754,1,,,massA=0.00515 massB=0.0224,before,0,0.0
p2,1026,34,neutral,0,52,96,0.63,1.1631,3,True,B,meta-llama/Llama-3.1-8B-Instruct,chat,riskneutral_formula,0,0.73412,0.01984,1,,,massA=0.00528 massB=0.0146,before,0,0.0
p2,812,27,neutral,0,166,433,0.53,1.3825,1,True,B,meta-llama/Llama-3.1-8B-Instruct,chat,riskneutral_formula,0,0.92841,0.00436,1,,,massA=0.000312 massB=0.00404,before,0,0.0
p2,1108,36,mixed,98,98,227,0.47,1.0887,4,True,B,meta-llama/Llama-3.1-8B-Instruct,chat,riskneutral_formula,0,0.93245,0.0196,1,,,massA=0.00132 massB=0.0183,before,0,0.0
p2,1262,31,dominant,0,51,73,1.0,1.4314,1,True,B,meta-llama/Llama-3.1-8B-Instruct,chat,riskneutral_formula,0,0.86883,0.15619,1,,,massA=0.0205 massB=0.136,before,0,0.0
p2,184,6,neutral,0,94,101,0.71,0.7629,2,True,B,meta-llama/Llama-3.1-8B-Instruct,chat,riskneutral_formula,0,0.82219,0.0027,1,,,massA=0.00048 massB=0.00222,before,0,0.0
p2,660,22,neutral,0,81,163,0.72,1.4489,0,True,B,meta-llama/Llama-3.1-8B-Instruct,chat,riskneutral_formula,0,0.73412,0.00714,1,,,massA=0.0019 massB=0.00524,before,0,0.0
p2,586,19,gain,0,64,122,0.49,0.9341,3,True,B,meta-llama/Llama-3.1-8B-Instruct,chat,riskneutral_formula,0,0.44167,0.01234,1,,,massA=0.00689 massB=0.00545,before,0,0.0
p2,1155,38,gain,0,183,609,0.38,1.2646,2,False,A,meta-llama/Llama-3.1-8B-Instruct,chat,riskneutral_formula,0,0.66541,0.00032,1,,,massA=0.000214 massB=0.000107,before,0,0.0
p2,1211,5,dominant,0,162,206,1.0,1.2716,3,False,A,meta-llama/Llama-3.1-8B-Instruct,chat,riskneutral_formula,0,0.52732,0.28437,0,,,massA=0.15 massB=0.134,before,0,0.0
p2,796,26,gain,0,59,151,0.36,0.9214,3,True,B,meta-llama/Llama-3.1-8B-Instruct,chat,riskneutral_formula,0,0.62246,0.02007,1,,,massA=0.00758 massB=0.0125,before,0,0.0
p2,105,3,gain,0,46,158,0.33,1.1335,2,False,A,meta-llama/Llama-3.1-8B-Instruct,chat,riskneutral_formula,0,0.76065,0.00019,1,,,massA=0.000147 massB=4.61e-05,before,0,0.0
p2,485,16,neutral,0,139,234,0.6,1.0101,2,False,A,meta-llama/Llama-3.1-8B-Instruct,chat,riskneutral_formula,0,0.78793,0.00013,1,,,massA=0.000103 massB=2.78e-05,before,0,0.0
p2,127,4,neutral,0,29,71,0.55,1.3466,3,False,A,meta-llama/Llama-3.1-8B-Instruct,chat,riskneutral_formula,0,0.5813,0.01726,1,,,massA=0.01 massB=0.00723,before,0,0.0
p2,365,12,neutral,0,164,541,0.38,1.2535,2,False,A,meta-llama/Llama-3.1-8B-Instruct,chat,riskneutral_formula,0,0.73412,0.00029,1,,,massA=0.000216 massB=7.84e-05,before,0,0.0
p2,1196,39,mixed,178,178,567,0.32,1.0193,3,True,B,meta-llama/Llama-3.1-8B-Instruct,chat,riskneutral_formula,0,0.83332,0.0366,1,,,massA=0.0061 massB=0.0305,before,0,0.0
p2,695,23,neutral,0,91,626,0.23,1.5822,2,False,A,meta-llama/Llama-3.1-8B-Instruct,chat,riskneutral_formula,0,0.74909,0.00024,1,,,massA=0.000183 massB=6.12e-05,before,0,0.0
p2,426,14,neutral,0,81,201,0.68,1.6874,3,True,B,meta-llama/Llama-3.1-8B-Instruct,chat,riskneutral_formula,0,0.76908,0.04091,1,,,massA=0.00945 massB=0.0315,before,0,0.0
p2,251,8,gain,0,62,263,0.33,1.3998,0,False,A,meta-llama/Llama-3.1-8B-Instruct,chat,riskneutral_formula,0,0.50391,0.00059,1,,,massA=0.000298 massB=0.000293,before,0,0.0
p2,420,14,neutral,0,81,201,0.68,1.6874,0,True,B,meta-llama/Llama-3.1-8B-Instruct,chat,riskneutral_formula,0,0.69596,0.00628,1,,,massA=0.00191 massB=0.00437,before,0,0.0
p2,1040,34,mixed,52,52,96,0.63,1.1631,0,True,B,meta-llama/Llama-3.1-8B-Instruct,chat,riskneutral_formula,0,0.87748,0.0797,1,,,massA=0.00977 massB=0.0699,before,0,0.0
p2,822,27,gain,0,166,433,0.53,1.3825,1,True,B,meta-llama/Llama-3.1-8B-Instruct,chat,riskneutral_formula,0,0.92736,0.0101,1,,,massA=0.000733 massB=0.00936,before,0,0.0
p2,714,23,mixed,91,91,626,0.23,1.5822,2,True,B,meta-llama/Llama-3.1-8B-Instruct,chat,riskneutral_formula,0,0.68257,0.0066,1,,,massA=0.0021 massB=0.00451,before,0,0.0
p2,363,12,neutral,0,164,541,0.38,1.2535,1,False,A,meta-llama/Llama-3.1-8B-Instruct,chat,riskneutral_formula,0,0.34865,0.00136,1,,,massA=0.000473 massB=0.000884,before,0,0.0
p2,904,30,neutral,0,149,447,0.26,0.78,2,True,B,meta-llama/Llama-3.1-8B-Instruct,chat,riskneutral_formula,0,0.78531,0.00194,1,,,massA=0.000416 massB=0.00152,before,0,0.0
p2,210,7,neutral,0,63,98,0.64,0.9956,0,True,B,meta-llama/Llama-3.1-8B-Instruct,chat,riskneutral_formula,0,0.62246,0.00502,1,,,massA=0.00189 massB=0.00312,before,0,0.0
p2,911,30,gain,0,149,447,0.26,0.78,0,False,A,meta-llama/Llama-3.1-8B-Instruct,chat,riskneutral_formula,0,0.38491,0.00142,1,,,massA=0.000545 massB=0.000871,before,0,0.0
p2,992,33,neutral,0,142,446,0.53,1.6646,1,True,B,meta-llama/Llama-3.1-8B-Instruct,chat,riskneutral_formula,0,0.92079,0.0041,1,,,massA=0.000324 massB=0.00377,before,0,0.0
p2,124,4,neutral,0,29,71,0.55,1.3466,2,True,B,meta-llama/Llama-3.1-8B-Instruct,chat,riskneutral_formula,0,0.71542,0.00119,1,,,massA=0.000338 massB=0.00085,before,0,0.0
p2,147,4,mixed,29,29,71,0.55,1.3466,3,False,A,meta-llama/Llama-3.1-8B-Instruct,chat,riskneutral_formula,0,0.6478,0.00173,1,,,massA=0.00112 massB=0.000611,before,0,0.0
p2,467,15,gain,0,82,113,0.74,1.0198,3,False,A,meta-llama/Llama-3.1-8B-Instruct,chat,riskneutral_formula,0,0.51952,0.00235,1,,,massA=0.00122 massB=0.00113,before,0,0.0
p2,552,18,gain,0,41,61,0.58,0.8629,1,True,B,meta-llama/Llama-3.1-8B-Instruct,chat,riskneutral_formula,0,0.93629,0.00592,1,,,massA=0.000377 massB=0.00554,before,0,0.0
p2,977,32,gain,0,131,236,0.57,1.0269,3,False,A,meta-llama/Llama-3.1-8B-Instruct,chat,riskneutral_formula,0,0.49219,0.00364,1,,,massA=0.00179 massB=0.00185,before,0,0.0
p2,310,10,gain,0,111,278,0.58,1.4526,0,True,B,meta-llama/Llama-3.1-8B-Instruct,chat,riskneutral_formula,0,0.60766,0.00942,1,,,massA=0.0037 massB=0.00573,before,0,0.0
p2,397,13,neutral,0,72,88,0.64,0.7822,3,False,A,meta-llama/Llama-3.1-8B-Instruct,chat,riskneutral_formula,0,0.57368,0.00861,1,,,massA=0.00494 massB=0.00367,before,0,0.0
p2,1129,37,gain,0,151,252,0.68,1.1348,4,False,A,meta-llama/Llama-3.1-8B-Instruct,chat,riskneutral_formula,0,0.52537,1e-05,1,,,massA=3.13e-06 massB=2.82e-06,before,0,0.0
p2,626,20,mixed,186,186,266,0.63,0.901,3,True,B,meta-llama/Llama-3.1-8B-Instruct,chat,riskneutral_formula,0,0.78266,0.03104,1,,,massA=0.00675 massB=0.0243,before,0,0.0
p2,662,22,neutral,0,81,163,0.72,1.4489,1,True,B,meta-llama/Llama-3.1-8B-Instruct,chat,riskneutral_formula,0,0.93343,0.00284,1,,,massA=0.000189 massB=0.00265,before,0,0.0
p2,943,31,gain,0,51,151,0.29,0.8586,1,False,A,meta-llama/Llama-3.1-8B-Instruct,chat,riskneutral_formula,0,0.23371,0.00175,1,,,massA=0.000409 massB=0.00134,before,0,0.0
p2,186,6,neutral,0,94,101,0.71,0.7629,3,True,B,meta-llama/Llama-3.1-8B-Instruct,chat,riskneutral_formula,0,0.81523,0.04608,1,,,massA=0.00851 massB=0.0376,before,0,0.0
p2,274,9,neutral,0,49,153,0.26,0.8118,2,True,B,meta-llama/Llama-3.1-8B-Instruct,chat,riskneutral_formula,0,0.74614,0.00107,1,,,massA=0.000273 massB=0.000802,before,0,0.0
p2,503,16,mixed,139,139,234,0.6,1.0101,1,False,A,meta-llama/Llama-3.1-8B-Instruct,chat,riskneutral_formula,0,0.38122,0.00156,1,,,massA=0.000594 massB=0.000965,before,0,0.0
p2,983,32,mixed,131,131,236,0.57,1.0269,1,False,A,meta-llama/Llama-3.1-8B-Instruct,chat,riskneutral_formula,0,0.34511,0.00471,1,,,massA=0.00163 massB=0.00308,before,0,0.0
p2,937,31,neutral,0,51,151,0.29,0.8586,3,False,A,meta-llama/Llama-3.1-8B-Instruct,chat,riskneutral_formula,0,0.43782,0.01147,1,,,massA=0.00502 massB=0.00645,before,0,0.0
p2,765,25,gain,0,124,207,0.76,1.2687,2,False,A,meta-llama/Llama-3.1-8B-Instruct,chat,riskneutral_formula,0,0.69925,0.00024,1,,,massA=0.000164 massB=7.07e-05,before,0,0.0
p2,1034,34,gain,0,52,96,0.63,1.1631,2,True,B,meta-llama/Llama-3.1-8B-Instruct,chat,riskneutral_formula,0,0.49609,0.00091,1,,,massA=0.000461 massB=0.000454,before,0,0.0
p2,959,31,mixed,51,51,151,0.29,0.8586,4,False,A,meta-llama/Llama-3.1-8B-Instruct,chat,riskneutral_formula,0,0.32082,0.00016,1,,,massA=5.13e-05 massB=0.000109,before,0,0.0
p2,272,9,neutral,0,49,153,0.26,0.8118,1,True,B,meta-llama/Llama-3.1-8B-Instruct,chat,riskneutral_formula,0,0.8977,0.00235,1,,,massA=0.00024 massB=0.00211,before,0,0.0
p2,368,12,neutral,0,164,541,0.38,1.2535,4,True,B,meta-llama/Llama-3.1-8B-Instruct,chat,riskneutral_formula,0,0.81874,5e-05,1,,,massA=9.05e-06 massB=4.09e-05,before,0,0.0
p2,279,9,neutral,0,49,153,0.26,0.8118,4,False,A,meta-llama/Llama-3.1-8B-Instruct,chat,riskneutral_formula,0,0.48048,0.0,1,,,massA=1.02e-06 massB=1.1e-06,before,0,0.0
p2,522,17,gain,0,117,362,0.42,1.2995,1,True,B,meta-llama/Llama-3.1-8B-Instruct,chat,riskneutral_formula,0,0.94418,0.00827,1,,,massA=0.000462 massB=0.00781,before,0,0.0
p2,1130,37,mixed,151,151,252,0.68,1.1348,0,True,B,meta-llama/Llama-3.1-8B-Instruct,chat,riskneutral_formula,0,0.90599,0.13402,1,,,massA=0.0126 massB=0.121,before,0,0.0
p2,332,11,neutral,0,54,68,0.81,1.02,1,True,B,meta-llama/Llama-3.1-8B-Instruct,chat,riskneutral_formula,0,0.94165,0.0036,1,,,massA=0.00021 massB=0.00339,before,0,0.0
p2,737,24,gain,0,168,214,0.76,0.9681,3,False,A,meta-llama/Llama-3.1-8B-Instruct,chat,riskneutral_formula,0,0.45714,0.0028,1,,,massA=0.00128 massB=0.00152,before,0,0.0
p2,60,2,neutral,0,162,661,0.26,1.0609,0,True,B,meta-llama/Llama-3.1-8B-Instruct,chat,riskneutral_formula,0,0.60393,0.00646,1,,,massA=0.00256 massB=0.0039,before,0,0.0
p2,297,9,mixed,49,49,153,0.26,0.8118,3,False,A,meta-llama/Llama-3.1-8B-Instruct,chat,riskneutral_formula,0,0.53121,0.00117,1,,,massA=0.000623 massB=0.00055,before,0,0.0
p2,35,1,neutral,0,58,116,0.66,1.32,2,False,A,meta-llama/Llama-3.1-8B-Instruct,chat,riskneutral_formula,0,0.77184,0.0003,1,,,massA=0.000234 massB=6.91e-05,before,0,0.0
p2,386,12,mixed,164,164,541,0.38,1.2535,3,True,B,meta-llama/Llama-3.1-8B-Instruct,chat,riskneutral_formula,0,0.85391,0.0471,1,,,massA=0.00688 massB=0.0402,before,0,0.0
p2,280,9,gain,0,49,153,0.26,0.8118,0,True,B,meta-llama/Llama-3.1-8B-Instruct,chat,riskneutral_formula,0,0.5351,0.00443,1,,,massA=0.00206 massB=0.00237,before,0,0.0
p2,1073,35,mixed,91,91,133,0.68,0.9938,1,False,A,meta-llama/Llama-3.1-8B-Instruct,chat,riskneutral_formula,0,0.40733,0.00157,1,,,massA=0.000638 massB=0.000928,before,0,0.0
p2,181,6,neutral,0,94,101,0.71,0.7629,0,False,A,meta-llama/Llama-3.1-8B-Instruct,chat,riskneutral_formula,0,0.4149,0.00181,1,,,massA=0.000749 massB=0.00106,before,0,0.0
p2,925,30,mixed,149,149,447,0.26,0.78,2,False,A,meta-llama/Llama-3.1-8B-Instruct,chat,riskneutral_formula,0,0.52732,0.00057,1,,,massA=0.0003 massB=0.000268,before,0,0.0
p2,493,16,gain,0,139,234,0.6,1.0101,1,False,A,meta-llama/Llama-3.1-8B-Instruct,chat,riskneutral_formula,0,0.35936,0.0006,1,,,massA=0.000217 massB=0.000387,before,0,0.0
p2,723,24,neutral,0,168,214,0.76,0.9681,1,False,A,meta-llama/Llama-3.1-8B-Instruct,chat,riskneutral_formula,0,0.44167,0.0018,1,,,massA=0.000794 massB=0.001,before,0,0.0
p2,1198,39,mixed,178,178,567,0.32,1.0193,4,True,B,meta-llama/Llama-3.1-8B-Instruct,chat,riskneutral_formula,0,0.9344,0.01686,1,,,massA=0.00111 massB=0.0158,before,0,0.0
p2,208,6,mixed,94,94,101,0.71,0.7629,4,True,B,meta-llama/Llama-3.1-8B-Instruct,chat,riskneutral_formula,0,0.91118,0.02663,1,,,massA=0.00237 massB=0.0243,before,0,0.0
p2,406,13,gain,0,72,88,0.64,0.7822,3,True,B,meta-llama/Llama-3.1-8B-Instruct,chat,riskneutral_formula,0,0.52342,0.02044,1,,,massA=0.00974 massB=0.0107,before,0,0.0
p2,697,23,neutral,0,91,626,0.23,1.5822,3,False,A,meta-llama/Llama-3.1-8B-Instruct,chat,riskneutral_formula,0,0.48828,0.01758,1,,,massA=0.00858 massB=0.009,before,0,0.0
p2,761,25,gain,0,124,207,0.76,1.2687,0,False,A,meta-llama/Llama-3.1-8B-Instruct,chat,riskneutral_formula,0,0.38491,0.00071,1,,,massA=0.000275 massB=0.000439,before,0,0.0
p2,1190,39,mixed,178,178,567,0.32,1.0193,0,True,B,meta-llama/Llama-3.1-8B-Instruct,chat,riskneutral_formula,0,0.92304,0.08863,1,,,massA=0.00682 massB=0.0818,before,0,0.0
p2,985,32,mixed,131,131,236,0.57,1.0269,2,False,A,meta-llama/Llama-3.1-8B-Instruct,chat,riskneutral_formula,0,0.56985,0.00064,1,,,massA=0.000362 massB=0.000273,before,0,0.0
p2,7,0,neutral,0,186,984,0.26,1.3755,3,False,A,meta-llama/Llama-3.1-8B-Instruct,chat,riskneutral_formula,0,0.46102,0.01498,1,,,massA=0.0069 massB=0.00807,before,0,0.0
p2,1062,35,gain,0,91,133,0.68,0.9938,1,True,B,meta-llama/Llama-3.1-8B-Instruct,chat,riskneutral_formula,0,0.93902,0.00777,1,,,massA=0.000474 massB=0.00729,before,0,0.0
p2,749,24,mixed,168,168,214,0.76,0.9681,4,False,A,meta-llama/Llama-3.1-8B-Instruct,chat,riskneutral_formula,0,0.31405,9e-05,1,,,massA=2.92e-05 massB=6.37e-05,before,0,0.0
p2,690,23,neutral,0,91,626,0.23,1.5822,0,True,B,meta-llama/Llama-3.1-8B-Instruct,chat,riskneutral_formula,0,0.64423,0.00464,1,,,massA=0.00165 massB=0.00299,before,0,0.0
p2,996,33,neutral,0,142,446,0.53,1.6646,3,True,B,meta-llama/Llama-3.1-8B-Instruct,chat,riskneutral_formula,0,0.70253,0.03343,1,,,massA=0.00995 massB=0.0235,before,0,0.0
p2,846,28,neutral,0,132,181,0.76,1.0421,3,True,B,meta-llama/Llama-3.1-8B-Instruct,chat,riskneutral_formula,0,0.71223,0.03282,1,,,massA=0.00944 massB=0.0234,before,0,0.0
p2,57,1,mixed,58,58,116,0.66,1.32,3,False,A,meta-llama/Llama-3.1-8B-Instruct,chat,riskneutral_formula,0,0.64064,0.00168,1,,,massA=0.00108 massB=0.000604,before,0,0.0
p2,1182,39,gain,0,178,567,0.32,1.0193,1,True,B,meta-llama/Llama-3.1-8B-Instruct,chat,riskneutral_formula,0,0.93629,0.00579,1,,,massA=0.000369 massB=0.00542,before,0,0.0
p2,308,10,neutral,0,111,278,0.58,1.4526,4,True,B,meta-llama/Llama-3.1-8B-Instruct,chat,riskneutral_formula,0,0.75779,5e-05,1,,,massA=1.17e-05 massB=3.66e-05,before,0,0.0
p2,1120,37,gain,0,151,252,0.68,1.1348,0,True,B,meta-llama/Llama-3.1-8B-Instruct,chat,riskneutral_formula,0,0.5851,0.00497,1,,,massA=0.00206 massB=0.00291,before,0,0.0
p2,725,24,neutral,0,168,214,0.76,0.9681,2,False,A,meta-llama/Llama-3.1-8B-Instruct,chat,riskneutral_formula,0,0.79311,0.00033,1,,,massA=0.000258 massB=6.73e-05,before,0,0.0
p2,1206,3,dominant,0,46,58,1.0,1.2609,3,True,B,meta-llama/Llama-3.1-8B-Instruct,chat,riskneutral_formula,0,0.72798,0.47797,0,,,massA=0.13 massB=0.348,before,0,0.0
p2,581,19,gain,0,64,122,0.49,0.9341,0,False,A,meta-llama/Llama-3.1-8B-Instruct,chat,riskneutral_formula,0,0.48438,0.00072,1,,,massA=0.000347 massB=0.000369,before,0,0.0
p2,119,3,mixed,46,46,158,0.33,1.1335,4,False,A,meta-llama/Llama-3.1-8B-Instruct,chat,riskneutral_formula,0,0.41111,0.0001,1,,,massA=4.21e-05 massB=6.03e-05,before,0,0.0
p2,15,0,gain,0,186,984,0.26,1.3755,2,False,A,meta-llama/Llama-3.1-8B-Instruct,chat,riskneutral_formula,0,0.70579,0.00026,1,,,massA=0.000182 massB=7.59e-05,before,0,0.0
p2,1037,34,gain,0,52,96,0.63,1.1631,3,False,A,meta-llama/Llama-3.1-8B-Instruct,chat,riskneutral_formula,0,0.61878,0.00134,1,,,massA=0.000829 massB=0.000511,before,0,0.0
p2,647,21,gain,0,106,206,0.73,1.4187,3,False,A,meta-llama/Llama-3.1-8B-Instruct,chat,riskneutral_formula,0,0.48438,0.00324,1,,,massA=0.00157 massB=0.00167,before,0,0.0
p2,1122,37,gain,0,151,252,0.68,1.1348,1,True,B,meta-llama/Llama-3.1-8B-Instruct,chat,riskneutral_formula,0,0.92523,0.0045,1,,,massA=0.000336 massB=0.00416,before,0,0.0
p2,1252,26,dominant,0,59,73,1.0,1.2373,2,True,B,meta-llama/Llama-3.1-8B-Instruct,chat,riskneutral_formula,0,0.59643,0.03998,1,,,massA=0.0161 massB=0.0238,before,0,0.0
p2,961,32,neutral,0,131,236,0.57,1.0269,0,False,A,meta-llama/Llama-3.1-8B-Instruct,chat,riskneutral_formula,0,0.38862,0.00154,1,,,massA=0.0006 massB=0.000944,before,0,0.0
p2,897,29,mixed,79,79,81,0.83,0.851,3,False,A,meta-llama/Llama-3.1-8B-Instruct,chat,riskneutral_formula,0,0.55061,0.0014,1,,,massA=0.000772 massB=0.00063,before,0,0.0
p2,991,33,neutral,0,142,446,0.53,1.6646,0,False,A,meta-llama/Llama-3.1-8B-Instruct,chat,riskneutral_formula,0,0.40357,0.00233,1,,,massA=0.000939 massB=0.00139,before,0,0.0
p2,680,22,mixed,81,81,163,0.72,1.4489,0,True,B,meta-llama/Llama-3.1-8B-Instruct,chat,riskneutral_formula,0,0.90053,0.11209,1,,,massA=0.0111 massB=0.101,before,0,0.0
p2,651,21,mixed,106,106,206,0.73,1.4187,0,False,A,meta-llama/Llama-3.1-8B-Instruct,chat,riskneutral_formula,0,0.23371,0.00626,1,,,massA=0.00146 massB=0.0048,before,0,0.0
p2,976,32,gain,0,131,236,0.57,1.0269,3,True,B,meta-llama/Llama-3.1-8B-Instruct,chat,riskneutral_formula,0,0.66888,0.03933,1,,,massA=0.013 massB=0.0263,before,0,0.0
p2,807,26,mixed,59,59,151,0.36,0.9214,3,False,A,meta-llama/Llama-3.1-8B-Instruct,chat,riskneutral_formula,0,0.53121,0.00103,1,,,massA=0.000548 massB=0.000484,before,0,0.0
p2,537,17,mixed,117,117,362,0.42,1.2995,3,False,A,meta-llama/Llama-3.1-8B-Instruct,chat,riskneutral_formula,0,0.53898,0.00125,1,,,massA=0.000674 massB=0.000576,before,0,0.0
p2,916,30,gain,0,149,447,0.26,0.78,3,True,B,meta-llama/Llama-3.1-8B-Instruct,chat,riskneutral_formula,0,0.59643,0.02281,1,,,massA=0.00921 massB=0.0136,before,0,0.0
p2,787,26,neutral,0,59,151,0.36,0.9214,3,False,A,meta-llama/Llama-3.1-8B-Instruct,chat,riskneutral_formula,0,0.53121,0.01207,1,,,massA=0.00641 massB=0.00566,before,0,0.0
p2,922,30,mixed,149,149,447,0.26,0.78,1,True,B,meta-llama/Llama-3.1-8B-Instruct,chat,riskneutral_formula,0,0.89331,0.13591,1,,,massA=0.0145 massB=0.121,before,0,0.0
p2,1011,33,mixed,142,142,446,0.53,1.6646,0,False,A,meta-llama/Llama-3.1-8B-Instruct,chat,riskneutral_formula,0,0.22542,0.00935,1,,,massA=0.00211 massB=0.00724,before,0,0.0
p2,314,10,gain,0,111,278,0.58,1.4526,2,True,B,meta-llama/Llama-3.1-8B-Instruct,chat,riskneutral_formula,0,0.55061,0.00191,1,,,massA=0.000857 massB=0.00105,before,0,0.0
p2,268,8,mixed,62,62,263,0.33,1.3998,4,True,B,meta-llama/Llama-3.1-8B-Instruct,chat,riskneutral_formula,0,0.90329,0.01293,1,,,massA=0.00125 massB=0.0117,before,0,0.0
p2,220,7,gain,0,63,98,0.64,0.9956,0,True,B,meta-llama/Llama-3.1-8B-Instruct,chat,riskneutral_formula,0,0.55447,0.00314,1,,,massA=0.0014 massB=0.00174,before,0,0.0
p2,1131,37,mixed,151,151,252,0.68,1.1348,0,False,A,meta-llama/Llama-3.1-8B-Instruct,chat,riskneutral_formula,0,0.19683,0.00539,1,,,massA=0.00106 massB=0.00433,before,0,0.0
p2,454,15,neutral,0,82,113,0.74,1.0198,2,True,B,meta-llama/Llama-3.1-8B-Instruct,chat,riskneutral_formula,0,0.80069,0.00189,1,,,massA=0.000377 massB=0.00152,before,0,0.0
p2,1203,1,dominant,0,58,72,1.0,1.2414,3,False,A,meta-llama/Llama-3.1-8B-Instruct,chat,riskneutral_formula,0,0.51562,0.33467,0,,,massA=0.173 massB=0.162,before,0,0.0
p2,611,20,gain,0,186,266,0.63,0.901,0,False,A,meta-llama/Llama-3.1-8B-Instruct,chat,riskneutral_formula,0,0.44553,0.00058,1,,,massA=0.000259 massB=0.000322,before,0,0.0
p2,1201,0,dominant,0,186,240,1.0,1.2903,4,False,A,meta-llama/Llama-3.1-8B-Instruct,chat,riskneutral_formula,0,0.90329,0.00012,1,,,massA=0.000113 massB=1.21e-05,before,0,0.0
p2,810,27,neutral,0,166,433,0.53,1.3825,0,True,B,meta-llama/Llama-3.1-8B-Instruct,chat,riskneutral_formula,0,0.70579,0.00938,1,,,massA=0.00276 massB=0.00662,before,0,0.0
p2,480,16,neutral,0,139,234,0.6,1.0101,0,True,B,meta-llama/Llama-3.1-8B-Instruct,chat,riskneutral_formula,0,0.61138,0.00584,1,,,massA=0.00227 massB=0.00357,before,0,0.0
p2,629,20,mixed,186,186,266,0.63,0.901,4,False,A,meta-llama/Llama-3.1-8B-Instruct,chat,riskneutral_formula,0,0.39607,7e-05,1,,,massA=2.78e-05 massB=4.24e-05,before,0,0.0
p2,446,14,mixed,81,81,201,0.68,1.6874,3,True,B,meta-llama/Llama-3.1-8B-Instruct,chat,riskneutral_formula,0,0.85966,0.08472,1,,,massA=0.0119 massB=0.0728,before,0,0.0
p2,731,24,gain,0,168,214,0.76,0.9681,0,False,A,meta-llama/Llama-3.1-8B-Instruct,chat,riskneutral_formula,0,0.38122,0.0009,1,,,massA=0.000342 massB=0.000555,before,0,0.0
p2,194,6,gain,0,94,101,0.71,0.7629,2,True,B,meta-llama/Llama-3.1-8B-Instruct,chat,riskneutral_formula,0,0.55447,0.00182,1,,,massA=0.000813 massB=0.00101,before,0,0.0
p2,91,3,neutral,0,46,158,0.33,1.1335,0,False,A,meta-llama/Llama-3.1-8B-Instruct,chat,riskneutral_formula,0,0.41111,0.00138,1,,,massA=0.000567 massB=0.000812,before,0,0.0
p2,529,17,gain,0,117,362,0.42,1.2995,4,False,A,meta-llama/Llama-3.1-8B-Instruct,chat,riskneutral_formula,0,0.47074,1e-05,1,,,massA=4.92e-06 massB=5.53e-06,before,0,0.0
p2,1004,33,gain,0,142,446,0.53,1.6646,2,True,B,meta-llama/Llama-3.1-8B-Instruct,chat,riskneutral_formula,0,0.62612,0.00214,1,,,massA=0.000801 massB=0.00134,before,0,0.0
p2,172,5,mixed,162,162,381,0.46,1.0819,1,True,B,meta-llama/Llama-3.1-8B-Instruct,chat,riskneutral_formula,0,0.91611,0.15457,1,,,massA=0.013 massB=0.142,before,0,0.0
p2,1209,4,dominant,0,29,56,1.0,1.931,1,False,A,meta-llama/Llama-3.1-8B-Instruct,chat,riskneutral_formula,0,0.67576,0.03632,1,,,massA=0.0245 massB=0.0118,before,0,0.0
p2,318,10,gain,0,111,278,0.58,1.4526,4,True,B,meta-llama/Llama-3.1-8B-Instruct,chat,riskneutral_formula,0,0.76065,0.00012,1,,,massA=2.89e-05 massB=9.19e-05,before,0,0.0
p2,967,32,neutral,0,131,236,0.57,1.0269,3,False,A,meta-llama/Llama-3.1-8B-Instruct,chat,riskneutral_formula,0,0.52342,0.01675,1,,,massA=0.00877 massB=0.00798,before,0,0.0
p2,841,28,neutral,0,132,181,0.76,1.0421,0,False,A,meta-llama/Llama-3.1-8B-Instruct,chat,riskneutral_formula,0,0.34511,0.00105,1,,,massA=0.000363 massB=0.000689,before,0,0.0
p2,1160,38,mixed,183,183,609,0.38,1.2646,0,True,B,meta-llama/Llama-3.1-8B-Instruct,chat,riskneutral_formula,0,0.92523,0.11138,1,,,massA=0.00833 massB=0.103,before,0,0.0
p2,384,12,mixed,164,164,541,0.38,1.2535,2,True,B,meta-llama/Llama-3.1-8B-Instruct,chat,riskneutral_formula,0,0.72174,0.01603,1,,,massA=0.00446 massB=0.0116,before,0,0.0
p2,821,27,gain,0,166,433,0.53,1.3825,0,False,A,meta-llama/Llama-3.1-8B-Instruct,chat,riskneutral_formula,0,0.44939,0.00146,1,,,massA=0.000657 massB=0.000805,before,0,0.0
p2,70,2,gain,0,162,661,0.26,1.0609,0,True,B,meta-llama/Llama-3.1-8B-Instruct,chat,riskneutral_formula,0,0.61138,0.00406,1,,,massA=0.00158 massB=0.00248,before,0,0.0
p2,1076,35,mixed,91,91,133,0.68,0.9938,3,True,B,meta-llama/Llama-3.1-8B-Instruct,chat,riskneutral_formula,0,0.81757,0.04212,1,,,massA=0.00768 massB=0.0344,before,0,0.0
p2,177,5,mixed,162,162,381,0.46,1.0819,3,False,A,meta-llama/Llama-3.1-8B-Instruct,chat,riskneutral_formula,0,0.5,0.00136,1,,,massA=0.000681 massB=0.000681,before,0,0.0
p2,688,22,mixed,81,81,163,0.72,1.4489,4,True,B,meta-llama/Llama-3.1-8B-Instruct,chat,riskneutral_formula,0,0.92414,0.01571,1,,,massA=0.00119 massB=0.0145,before,0,0.0
p2,670,22,gain,0,81,163,0.72,1.4489,0,True,B,meta-llama/Llama-3.1-8B-Instruct,chat,riskneutral_formula,0,0.60766,0.00596,1,,,massA=0.00234 massB=0.00362,before,0,0.0
p2,896,29,mixed,79,79,81,0.83,0.851,3,True,B,meta-llama/Llama-3.1-8B-Instruct,chat,riskneutral_formula,0,0.76348,0.0394,1,,,massA=0.00932 massB=0.0301,before,0,0.0
p2,372,12,gain,0,164,541,0.38,1.2535,1,True,B,meta-llama/Llama-3.1-8B-Instruct,chat,riskneutral_formula,0,0.93629,0.00707,1,,,massA=0.00045 massB=0.00662,before,0,0.0
p2,434,14,gain,0,81,201,0.68,1.6874,2,True,B,meta-llama/Llama-3.1-8B-Instruct,chat,riskneutral_formula,0,0.53898,0.00158,1,,,massA=0.000729 massB=0.000853,before,0,0.0
p2,1173,39,neutral,0,178,567,0.32,1.0193,1,False,A,meta-llama/Llama-3.1-8B-Instruct,chat,riskneutral_formula,0,0.37388,0.00099,1,,,massA=0.00037 massB=0.000619,before,0,0.0
p2,928,30,mixed,149,149,447,0.26,0.78,4,True,B,meta-llama/Llama-3.1-8B-Instruct,chat,riskneutral_formula,0,0.92944,0.0214,1,,,massA=0.00151 massB=0.0199,before,0,0.0
p2,191,6,gain,0,94,101,0.71,0.7629,0,False,A,meta-llama/Llama-3.1-8B-Instruct,chat,riskneutral_formula,0,0.45714,0.00104,1,,,massA=0.000475 massB=0.000564,before,0,0.0
p2,133,4,gain,0,29,71,0.55,1.3466,1,False,A,meta-llama/Llama-3.1-8B-Instruct,chat,riskneutral_formula,0,0.37754,0.00128,1,,,massA=0.000485 massB=0.000799,before,0,0.0
p2,635,21,neutral,0,106,206,0.73,1.4187,2,False,A,meta-llama/Llama-3.1-8B-Instruct,chat,riskneutral_formula,0,0.77184,0.00035,1,,,massA=0.000269 massB=7.95e-05,before,0,0.0
p2,990,33,neutral,0,142,446,0.53,1.6646,0,True,B,meta-llama/Llama-3.1-8B-Instruct,chat,riskneutral_formula,0,0.68257,0.00729,1,,,massA=0.00232 massB=0.00498,before,0,0.0
p2,536,17,mixed,117,117,362,0.42,1.2995,3,True,B,meta-llama/Llama-3.1-8B-Instruct,chat,riskneutral_formula,0,0.84594,0.03826,1,,,massA=0.00589 massB=0.0324,before,0,0.0
p2,1245,22,dominant,0,81,109,1.0,1.3457,1,False,A,meta-llama/Llama-3.1-8B-Instruct,chat,riskneutral_formula,0,0.68257,0.03193,1,,,massA=0.0218 massB=0.0101,before,0,0.0
p2,833,27,mixed,166,166,433,0.53,1.3825,1,False,A,meta-llama/Llama-3.1-8B-Instruct,chat,riskneutral_formula,0,0.39234,0.00474,1,,,massA=0.00186 massB=0.00288,before,0,0.0
p2,702,23,gain,0,91,626,0.23,1.5822,1,True,B,meta-llama/Llama-3.1-8B-Instruct,chat,riskneutral_formula,0,0.93245,0.00775,1,,,massA=0.000523 massB=0.00722,before,0,0.0
p2,407,13,gain,0,72,88,0.64,0.7822,3,False,A,meta-llama/Llama-3.1-8B-Instruct,chat,riskneutral_formula,0,0.5813,0.00155,1,,,massA=0.000903 massB=0.00065,before,0,0.0
p2,710,23,mixed,91,91,626,0.23,1.5822,0,True,B,meta-llama/Llama-3.1-8B-Instruct,chat,riskneutral_formula,0,0.90991,0.07422,1,,,massA=0.00669 massB=0.0675,before,0,0.0
p2,253,8,gain,0,62,263,0.33,1.3998,1,False,A,meta-llama/Llama-3.1-8B-Instruct,chat,riskneutral_formula,0,0.30075,0.00092,1,,,massA=0.000275 massB=0.00064,before,0,0.0
p2,234,7,mixed,63,63,98,0.64,0.9956,2,True,B,meta-llama/Llama-3.1-8B-Instruct,chat,riskneutral_formula,0,0.69264,0.00654,1,,,massA=0.00201 massB=0.00453,before,0,0.0
p2,1135,37,mixed,151,151,252,0.68,1.1348,2,False,A,meta-llama/Llama-3.1-8B-Instruct,chat,riskneutral_formula,0,0.57368,0.00061,1,,,massA=0.00035 massB=0.00026,before,0,0.0
p2,1088,36,neutral,0,98,227,0.47,1.0887,4,True,B,meta-llama/Llama-3.1-8B-Instruct,chat,riskneutral_formula,0,0.78793,7e-05,1,,,massA=1.43e-05 massB=5.32e-05,before,0,0.0
p2,906,30,neutral,0,149,447,0.26,0.78,3,True,B,meta-llama/Llama-3.1-8B-Instruct,chat,riskneutral_formula,0,0.56985,0.03492,1,,,massA=0.015 massB=0.0199,before,0,0.0
p2,413,13,mixed,72,72,88,0.64,0.7822,1,False,A,meta-llama/Llama-3.1-8B-Instruct,chat,riskneutral_formula,0,0.47268,0.00127,1,,,massA=0.000601 massB=0.000671,before,0,0.0
p2,385,12,mixed,164,164,541,0.38,1.2535,2,False,A,meta-llama/Llama-3.1-8B-Instruct,chat,riskneutral_formula,0,0.55061,0.00051,1,,,massA=0.000279 massB=0.000228,before,0,0.0
p2,131,4,gain,0,29,71,0.55,1.3466,0,False,A,meta-llama/Llama-3.1-8B-Instruct,chat,riskneutral_formula,0,0.55061,0.00114,1,,,massA=0.000629 massB=0.000513,before,0,0.0
p2,1258,29,dominant,0,79,118,1.0,1.4937,3,True,B,meta-llama/Llama-3.1-8B-Instruct,chat,riskneutral_formula,0,0.79819,0.53612,0,,,massA=0.108 massB=0.428,before,0,0.0
p2,182,6,neutral,0,94,101,0.71,0.7629,1,True,B,meta-llama/Llama-3.1-8B-Instruct,chat,riskneutral_formula,0,0.95728,0.00598,1,,,massA=0.000255 massB=0.00572,before,0,0.0
p2,849,28,neutral,0,132,181,0.76,1.0421,4,False,A,meta-llama/Llama-3.1-8B-Instruct,chat,riskneutral_formula,0,0.51367,0.0,1,,,massA=1.1e-06 massB=1.04e-06,before,0,0.0
p2,987,32,mixed,131,131,236,0.57,1.0269,3,False,A,meta-llama/Llama-3.1-8B-Instruct,chat,riskneutral_formula,0,0.53121,0.00139,1,,,massA=0.000741 massB=0.000654,before,0,0.0
p2,604,20,neutral,0,186,266,0.63,0.901,2,True,B,meta-llama/Llama-3.1-8B-Instruct,chat,riskneutral_formula,0,0.7773,0.00126,1,,,massA=0.00028 massB=0.000979,before,0,0.0
p2,778,25,mixed,124,124,207,0.76,1.2687,4,True,B,meta-llama/Llama-3.1-8B-Instruct,chat,riskneutral_formula,0,0.92736,0.01574,1,,,massA=0.00114 massB=0.0146,before,0,0.0
p2,415,13,mixed,72,72,88,0.64,0.7822,2,False,A,meta-llama/Llama-3.1-8B-Instruct,chat,riskneutral_formula,0,0.65842,0.00036,1,,,massA=0.000235 massB=0.000122,before,0,0.0
p2,1248,24,dominant,0,168,180,1.0,1.0714,1,True,B,meta-llama/Llama-3.1-8B-Instruct,chat,riskneutral_formula,0,0.91611,0.19013,1,,,massA=0.016 massB=0.174,before,0,0.0
p2,593,19,mixed,64,64,122,0.49,0.9341,1,False,A,meta-llama/Llama-3.1-8B-Instruct,chat,riskneutral_formula,0,0.38122,0.00246,1,,,massA=0.000936 massB=0.00152,before,0,0.0
p2,649,21,gain,0,106,206,0.73,1.4187,4,False,A,meta-llama/Llama-3.1-8B-Instruct,chat,riskneutral_formula,0,0.44746,1e-05,1,,,massA=5.58e-06 massB=6.89e-06,before,0,0.0
p2,80,2,mixed,162,162,661,0.26,1.0609,0,True,B,meta-llama/Llama-3.1-8B-Instruct,chat,riskneutral_formula,0,0.9173,0.08383,1,,,massA=0.00693 massB=0.0769,before,0,0.0
p2,490,16,gain,0,139,234,0.6,1.0101,0,True,B,meta-llama/Llama-3.1-8B-Instruct,chat,riskneutral_formula,0,0.52342,0.00587,1,,,massA=0.0028 massB=0.00307,before,0,0.0
p2,867,28,mixed,132,132,181,0.76,1.0421,3,False,A,meta-llama/Llama-3.1-8B-Instruct,chat,riskneutral_formula,0,0.57368,0.00099,1,,,massA=0.000567 massB=0.000422,before,0,0.0
p2,587,19,gain,0,64,122,0.49,0.9341,3,False,A,meta-llama/Llama-3.1-8B-Instruct,chat,riskneutral_formula,0,0.51952,0.00179,1,,,massA=0.000927 massB=0.000858,before,0,0.0
p2,429,14,neutral,0,81,201,0.68,1.6874,4,False,A,meta-llama/Llama-3.1-8B-Instruct,chat,riskneutral_formula,0,0.60393,0.0,1,,,massA=1.88e-06 massB=1.23e-06,before,0,0.0
p2,418,13,mixed,72,72,88,0.64,0.7822,4,True,B,meta-llama/Llama-3.1-8B-Instruct,chat,riskneutral_formula,0,0.89479,0.01196,1,,,massA=0.00126 massB=0.0107,before,0,0.0
p2,492,16,gain,0,139,234,0.6,1.0101,1,True,B,meta-llama/Llama-3.1-8B-Instruct,chat,riskneutral_formula,0,0.90991,0.00525,1,,,massA=0.000473 massB=0.00477,before,0,0.0
p2,1043,34,mixed,52,52,96,0.63,1.1631,1,False,A,meta-llama/Llama-3.1-8B-Instruct,chat,riskneutral_formula,0,0.47268,0.00172,1,,,massA=0.000813 massB=0.000907,before,0,0.0
p2,113,3,mixed,46,46,158,0.33,1.1335,1,False,A,meta-llama/Llama-3.1-8B-Instruct,chat,riskneutral_formula,0,0.33112,0.00243,1,,,massA=0.000804 massB=0.00162,before,0,0.0
p2,296,9,mixed,49,49,153,0.26,0.8118,3,True,B,meta-llama/Llama-3.1-8B-Instruct,chat,riskneutral_formula,0,0.77458,0.03327,1,,,massA=0.0075 massB=0.0258,before,0,0.0
p2,106,3,gain,0,46,158,0.33,1.1335,3,True,B,meta-llama/Llama-3.1-8B-Instruct,chat,riskneutral_formula,0,0.54286,0.0215,1,,,massA=0.00983 massB=0.0117,before,0,0.0
p2,96,3,neutral,0,46,158,0.33,1.1335,3,True,B,meta-llama/Llama-3.1-8B-Instruct,chat,riskneutral_formula,0,0.49609,0.02206,1,,,massA=0.0111 massB=0.0109,before,0,0.0
p2,1168,38,mixed,183,183,609,0.38,1.2646,4,True,B,meta-llama/Llama-3.1-8B-Instruct,chat,riskneutral_formula,0,0.94335,0.02331,1,,,massA=0.00132 massB=0.022,before,0,0.0
p2,678,22,gain,0,81,163,0.72,1.4489,4,True,B,meta-llama/Llama-3.1-8B-Instruct,chat,riskneutral_formula,0,0.74614,6e-05,1,,,massA=1.63e-05 massB=4.8e-05,before,0,0.0
p2,249,8,neutral,0,62,263,0.33,1.3998,4,False,A,meta-llama/Llama-3.1-8B-Instruct,chat,riskneutral_formula,0,0.5775,0.0,1,,,massA=1.85e-06 massB=1.36e-06,before,0,0.0
p2,518,17,neutral,0,117,362,0.42,1.2995,4,True,B,meta-llama/Llama-3.1-8B-Instruct,chat,riskneutral_formula,0,0.83004,5e-05,1,,,massA=7.7e-06 massB=3.76e-05,before,0,0.0
p2,88,2,mixed,162,162,661,0.26,1.0609,4,True,B,meta-llama/Llama-3.1-8B-Instruct,chat,riskneutral_formula,0,0.92944,0.01933,1,,,massA=0.00136 massB=0.018,before,0,0.0
p2,289,9,gain,0,49,153,0.26,0.8118,4,False,A,meta-llama/Llama-3.1-8B-Instruct,chat,riskneutral_formula,0,0.45326,1e-05,1,,,massA=3.59e-06 massB=4.33e-06,before,0,0.0
p2,914,30,gain,0,149,447,0.26,0.78,2,True,B,meta-llama/Llama-3.1-8B-Instruct,chat,riskneutral_formula,0,0.54674,0.00098,1,,,massA=0.000446 massB=0.000538,before,0,0.0
p2,885,29,gain,0,79,81,0.83,0.851,2,False,A,meta-llama/Llama-3.1-8B-Instruct,chat,riskneutral_formula,0,0.80069,0.00036,1,,,massA=0.000287 massB=7.13e-05,before,0,0.0
p2,640,21,gain,0,106,206,0.73,1.4187,0,True,B,meta-llama/Llama-3.1-8B-Instruct,chat,riskneutral_formula,0,0.64423,0.00831,1,,,massA=0.00296 massB=0.00535,before,0,0.0
p2,766,25,gain,0,124,207,0.76,1.2687,3,True,B,meta-llama/Llama-3.1-8B-Instruct,chat,riskneutral_formula,0,0.48048,0.01974,1,,,massA=0.0103 massB=0.00948,before,0,0.0
p2,470,15,mixed,82,82,113,0.74,1.0198,0,True,B,meta-llama/Llama-3.1-8B-Instruct,chat,riskneutral_formula,0,0.8977,0.0867,1,,,massA=0.00887 massB=0.0778,before,0,0.0
p2,463,15,gain,0,82,113,0.74,1.0198,1,False,A,meta-llama/Llama-3.1-8B-Instruct,chat,riskneutral_formula,0,0.28141,0.00127,1,,,massA=0.000356 massB=0.00091,before,0,0.0
p2,163,5,gain,0,162,381,0.46,1.0819,1,False,A,meta-llama/Llama-3.1-8B-Instruct,chat,riskneutral_formula,0,0.24221,0.00204,1,,,massA=0.000493 massB=0.00154,before,0,0.0
p2,175,5,mixed,162,162,381,0.46,1.0819,2,False,A,meta-llama/Llama-3.1-8B-Instruct,chat,riskneutral_formula,0,0.53121,0.00056,1,,,massA=0.000298 massB=0.000263,before,0,0.0
p2,473,15,mixed,82,82,113,0.74,1.0198,1,False,A,meta-llama/Llama-3.1-8B-Instruct,chat,riskneutral_formula,0,0.38122,0.002,1,,,massA=0.000761 massB=0.00124,before,0,0.0
p2,313,10,gain,0,111,278,0.58,1.4526,1,False,A,meta-llama/Llama-3.1-8B-Instruct,chat,riskneutral_formula,0,0.28141,0.0019,1,,,massA=0.000535 massB=0.00137,before,0,0.0
p2,712,23,mixed,91,91,626,0.23,1.5822,1,True,B,meta-llama/Llama-3.1-8B-Instruct,chat,riskneutral_formula,0,0.89479,0.07551,1,,,massA=0.00794 massB=0.0676,before,0,0.0
p2,1257,28,dominant,0,132,158,1.0,1.197,1,False,A,meta-llama/Llama-3.1-8B-Instruct,chat,riskneutral_formula,0,0.5851,0.09306,1,,,massA=0.0544 massB=0.0386,before,0,0.0
p2,790,26,gain,0,59,151,0.36,0.9214,0,True,B,meta-llama/Llama-3.1-8B-Instruct,chat,riskneutral_formula,0,0.56602,0.0046,1,,,massA=0.002 massB=0.0026,before,0,0.0
p2,1253,26,dominant,0,59,73,1.0,1.2373,3,False,A,meta-llama/Llama-3.1-8B-Instruct,chat,riskneutral_formula,0,0.51952,0.37995,0,,,massA=0.197 massB=0.183,before,0,0.0
p2,685,22,mixed,81,81,163,0.72,1.4489,2,False,A,meta-llama/Llama-3.1-8B-Instruct,chat,riskneutral_formula,0,0.57368,0.00043,1,,,massA=0.000249 massB=0.000185,before,0,0.0
p2,1138,37,mixed,151,151,252,0.68,1.1348,4,True,B,meta-llama/Llama-3.1-8B-Instruct,chat,riskneutral_formula,0,0.92414,0.02471,1,,,massA=0.00187 massB=0.0228,before,0,0.0
p2,755,25,neutral,0,124,207,0.76,1.2687,2,False,A,meta-llama/Llama-3.1-8B-Instruct,chat,riskneutral_formula,0,0.79053,0.0003,1,,,massA=0.00024 massB=6.37e-05,before,0,0.0
p2,1028,34,neutral,0,52,96,0.63,1.1631,4,True,B,meta-llama/Llama-3.1-8B-Instruct,chat,riskneutral_formula,0,0.75347,2e-05,1,,,massA=5.78e-06 massB=1.77e-05,before,0,0.0
p2,238,7,mixed,63,63,98,0.64,0.9956,4,True,B,meta-llama/Llama-3.1-8B-Instruct,chat,riskneutral_formula,0,0.89912,0.00934,1,,,massA=0.000942 massB=0.0084,before,0,0.0
p2,16,0,gain,0,186,984,0.26,1.3755,3,True,B,meta-llama/Llama-3.1-8B-Instruct,chat,riskneutral_formula,0,0.62246,0.02556,1,,,massA=0.00965 massB=0.0159,before,0,0.0
p2,804,26,mixed,59,59,151,0.36,0.9214,2,True,B,meta-llama/Llama-3.1-8B-Instruct,chat,riskneutral_formula,0,0.67576,0.00944,1,,,massA=0.00306 massB=0.00638,before,0,0.0
p2,1020,34,neutral,0,52,96,0.63,1.1631,0,True,B,meta-llama/Llama-3.1-8B-Instruct,chat,riskneutral_formula,0,0.69596,0.00516,1,,,massA=0.00157 massB=0.00359,before,0,0.0
p2,607,20,neutral,0,186,266,0.63,0.901,3,False,A,meta-llama/Llama-3.1-8B-Instruct,chat,riskneutral_formula,0,0.55833,0.01331,1,,,massA=0.00743 massB=0.00588,before,0,0.0
p2,47,1,gain,0,58,116,0.66,1.32,3,False,A,meta-llama/Llama-3.1-8B-Instruct,chat,riskneutral_formula,0,0.5851,0.00152,1,,,massA=0.000887 massB=0.000629,before,0,0.0
p2,401,13,gain,0,72,88,0.64,0.7822,0,False,A,meta-llama/Llama-3.1-8B-Instruct,chat,riskneutral_formula,0,0.5,0.00067,1,,,massA=0.000333 massB=0.000333,before,0,0.0
p2,594,19,mixed,64,64,122,0.49,0.9341,2,True,B,meta-llama/Llama-3.1-8B-Instruct,chat,riskneutral_formula,0,0.61878,0.00752,1,,,massA=0.00287 massB=0.00465,before,0,0.0
p2,159,5,neutral,0,162,381,0.46,1.0819,4,False,A,meta-llama/Llama-3.1-8B-Instruct,chat,riskneutral_formula,0,0.54867,0.0,1,,,massA=1.54e-06 massB=1.27e-06,before,0,0.0
p2,1012,33,mixed,142,142,446,0.53,1.6646,1,True,B,meta-llama/Llama-3.1-8B-Instruct,chat,riskneutral_formula,0,0.93991,0.22021,0,,,massA=0.0132 massB=0.207,before,0,0.0
p2,717,23,mixed,91,91,626,0.23,1.5822,3,False,A,meta-llama/Llama-3.1-8B-Instruct,chat,riskneutral_formula,0,0.5,0.00144,1,,,massA=0.00072 massB=0.00072,before,0,0.0
p2,202,6,mixed,94,94,101,0.71,0.7629,1,True,B,meta-llama/Llama-3.1-8B-Instruct,chat,riskneutral_formula,0,0.85966,0.08486,1,,,massA=0.0119 massB=0.073,before,0,0.0
p2,72,2,gain,0,162,661,0.26,1.0609,1,True,B,meta-llama/Llama-3.1-8B-Instruct,chat,riskneutral_formula,0,0.9263,0.00476,1,,,massA=0.000351 massB=0.00441,before,0,0.0
p2,460,15,gain,0,82,113,0.74,1.0198,0,True,B,meta-llama/Llama-3.1-8B-Instruct,chat,riskneutral_formula,0,0.63341,0.0079,1,,,massA=0.0029 massB=0.005,before,0,0.0
p2,542,18,neutral,0,41,61,0.58,0.8629,1,True,B,meta-llama/Llama-3.1-8B-Instruct,chat,riskneutral_formula,0,0.95114,0.00269,1,,,massA=0.000132 massB=0.00256,before,0,0.0
p2,1158,38,gain,0,183,609,0.38,1.2646,4,True,B,meta-llama/Llama-3.1-8B-Instruct,chat,riskneutral_formula,0,0.84797,0.00014,1,,,massA=2.14e-05 massB=0.000119,before,0,0.0
p2,108,3,gain,0,46,158,0.33,1.1335,4,True,B,meta-llama/Llama-3.1-8B-Instruct,chat,riskneutral_formula,0,0.69596,6e-05,1,,,massA=1.7e-05 massB=3.89e-05,before,0,0.0
p2,628,20,mixed,186,186,266,0.63,0.901,4,True,B,meta-llama/Llama-3.1-8B-Instruct,chat,riskneutral_formula,0,0.9173,0.01667,1,,,massA=0.00138 massB=0.0153,before,0,0.0
p2,246,8,neutral,0,62,263,0.33,1.3998,3,True,B,meta-llama/Llama-3.1-8B-Instruct,chat,riskneutral_formula,0,0.51952,0.01549,1,,,massA=0.00744 massB=0.00805,before,0,0.0
p2,865,28,mixed,132,132,181,0.76,1.0421,2,False,A,meta-llama/Llama-3.1-8B-Instruct,chat,riskneutral_formula,0,0.54674,0.00038,1,,,massA=0.000206 massB=0.000171,before,0,0.0
p2,891,29,mixed,79,79,81,0.83,0.851,0,False,A,meta-llama/Llama-3.1-8B-Instruct,chat,riskneutral_formula,0,0.21207,0.0043,1,,,massA=0.000913 massB=0.00339,before,0,0.0
p2,866,28,mixed,132,132,181,0.76,1.0421,3,True,B,meta-llama/Llama-3.1-8B-Instruct,chat,riskneutral_formula,0,0.80069,0.05531,1,,,massA=0.011 massB=0.0443,before,0,0.0
p2,946,31,gain,0,51,151,0.29,0.8586,3,True,B,meta-llama/Llama-3.1-8B-Instruct,chat,riskneutral_formula,0,0.57368,0.02214,1,,,massA=0.00944 massB=0.0127,before,0,0.0
p2,68,2,neutral,0,162,661,0.26,1.0609,4,True,B,meta-llama/Llama-3.1-8B-Instruct,chat,riskneutral_formula,0,0.83224,5e-05,1,,,massA=8.25e-06 massB=4.09e-05,before,0,0.0
p2,203,6,mixed,94,94,101,0.71,0.7629,1,False,A,meta-llama/Llama-3.1-8B-Instruct,chat,riskneutral_formula,0,0.33459,0.00291,1,,,massA=0.000973 massB=0.00193,before,0,0.0
p2,1083,36,neutral,0,98,227,0.47,1.0887,1,False,A,meta-llama/Llama-3.1-8B-Instruct,chat,riskneutral_formula,0,0.35936,0.00185,1,,,massA=0.000663 massB=0.00118,before,0,0.0
p2,732,24,gain,0,168,214,0.76,0.9681,1,True,B,meta-llama/Llama-3.1-8B-Instruct,chat,riskneutral_formula,0,0.9173,0.00646,1,,,massA=0.000534 massB=0.00593,before,0,0.0
p2,656,21,mixed,106,106,206,0.73,1.4187,3,True,B,meta-llama/Llama-3.1-8B-Instruct,chat,riskneutral_formula,0,0.82894,0.06326,1,,,massA=0.0108 massB=0.0524,before,0,0.0
p2,11,0,gain,0,186,984,0.26,1.3755,0,False,A,meta-llama/Llama-3.1-8B-Instruct,chat,riskneutral_formula,0,0.4225,0.00118,1,,,massA=0.000501 massB=0.000684,before,0,0.0
p2,758,25,neutral,0,124,207,0.76,1.2687,4,True,B,meta-llama/Llama-3.1-8B-Instruct,chat,riskneutral_formula,0,0.78793,5e-05,1,,,massA=1.16e-05 massB=4.32e-05,before,0,0.0
p2,56,1,mixed,58,58,116,0.66,1.32,3,True,B,meta-llama/Llama-3.1-8B-Instruct,chat,riskneutral_formula,0,0.77184,0.04504,1,,,massA=0.0103 massB=0.0348,before,0,0.0
p2,1167,38,mixed,183,183,609,0.38,1.2646,3,False,A,meta-llama/Llama-3.1-8B-Instruct,chat,riskneutral_formula,0,0.50391,0.00104,1,,,massA=0.000523 massB=0.000515,before,0,0.0
p2,696,23,neutral,0,91,626,0.23,1.5822,3,True,B,meta-llama/Llama-3.1-8B-Instruct,chat,riskneutral_formula,0,0.62977,0.03721,1,,,massA=0.0138 massB=0.0234,before,0,0.0
p2,306,10,neutral,0,111,278,0.58,1.4526,3,True,B,meta-llama/Llama-3.1-8B-Instruct,chat,riskneutral_formula,0,0.72798,0.0358,1,,,massA=0.00974 massB=0.0261,before,0,0.0
p2,136,4,gain,0,29,71,0.55,1.3466,3,True,B,meta-llama/Llama-3.1-8B-Instruct,chat,riskneutral_formula,0,0.5775,0.02969,1,,,massA=0.0125 massB=0.0171,before,0,0.0
p2,447,14,mixed,81,81,201,0.68,1.6874,3,False,A,meta-llama/Llama-3.1-8B-Instruct,chat,riskneutral_formula,0,0.61509,0.00111,1,,,massA=0.000681 massB=0.000426,before,0,0.0
p2,829,27,gain,0,166,433,0.53,1.3825,4,False,A,meta-llama/Llama-3.1-8B-Instruct,chat,riskneutral_formula,0,0.50781,2e-05,1,,,massA=7.8e-06 massB=7.56e-06,before,0,0.0
p2,777,25,mixed,124,124,207,0.76,1.2687,3,False,A,meta-llama/Llama-3.1-8B-Instruct,chat,riskneutral_formula,0,0.61138,0.00122,1,,,massA=0.000744 massB=0.000473,before,0,0.0
p2,383,12,mixed,164,164,541,0.38,1.2535,1,False,A,meta-llama/Llama-3.1-8B-Instruct,chat,riskneutral_formula,0,0.31743,0.00247,1,,,massA=0.000785 massB=0.00169,before,0,0.0
p2,222,7,gain,0,63,98,0.64,0.9956,1,True,B,meta-llama/Llama-3.1-8B-Instruct,chat,riskneutral_formula,0,0.91118,0.00267,1,,,massA=0.000237 massB=0.00243,before,0,0.0
p2,1087,36,neutral,0,98,227,0.47,1.0887,3,False,A,meta-llama/Llama-3.1-8B-Instruct,chat,riskneutral_formula,0,0.46879,0.01799,1,,,massA=0.00843 massB=0.00956,before,0,0.0
p2,226,7,gain,0,63,98,0.64,0.9956,3,True,B,meta-llama/Llama-3.1-8B-Instruct,chat,riskneutral_formula,0,0.55833,0.0129,1,,,massA=0.0057 massB=0.0072,before,0,0.0
p2,160,5,gain,0,162,381,0.46,1.0819,0,True,B,meta-llama/Llama-3.1-8B-Instruct,chat,riskneutral_formula,0,0.62977,0.00582,1,,,massA=0.00215 massB=0.00366,before,0,0.0
p2,48,1,gain,0,58,116,0.66,1.32,4,True,B,meta-llama/Llama-3.1-8B-Instruct,chat,riskneutral_formula,0,0.69264,9e-05,1,,,massA=2.75e-05 massB=6.21e-05,before,0,0.0
p2,940,31,gain,0,51,151,0.29,0.8586,0,True,B,meta-llama/Llama-3.1-8B-Instruct,chat,riskneutral_formula,0,0.56218,0.00533,1,,,massA=0.00233 massB=0.00299,before,0,0.0
p2,20,0,mixed,186,186,984,0.26,1.3755,0,True,B,meta-llama/Llama-3.1-8B-Instruct,chat,riskneutral_formula,0,0.90991,0.06816,1,,,massA=0.00614 massB=0.062,before,0,0.0
p2,818,27,neutral,0,166,433,0.53,1.3825,4,True,B,meta-llama/Llama-3.1-8B-Instruct,chat,riskneutral_formula,0,0.74909,5e-05,1,,,massA=1.22e-05 massB=3.64e-05,before,0,0.0
p2,576,19,neutral,0,64,122,0.49,0.9341,3,True,B,meta-llama/Llama-3.1-8B-Instruct,chat,riskneutral_formula,0,0.60019,0.01872,1,,,massA=0.00748 massB=0.0112,before,0,0.0
p2,26,0,mixed,186,186,984,0.26,1.3755,3,True,B,meta-llama/Llama-3.1-8B-Instruct,chat,riskneutral_formula,0,0.81757,0.03373,1,,,massA=0.00615 massB=0.0276,before,0,0.0
p2,573,19,neutral,0,64,122,0.49,0.9341,1,False,A,meta-llama/Llama-3.1-8B-Instruct,chat,riskneutral_formula,0,0.26894,0.00218,1,,,massA=0.000588 massB=0.0016,before,0,0.0
p2,781,26,neutral,0,59,151,0.36,0.9214,0,False,A,meta-llama/Llama-3.1-8B-Instruct,chat,riskneutral_formula,0,0.39607,0.00115,1,,,massA=0.000457 massB=0.000696,before,0,0.0
p2,559,18,gain,0,41,61,0.58,0.8629,4,False,A,meta-llama/Llama-3.1-8B-Instruct,chat,riskneutral_formula,0,0.55254,1e-05,1,,,massA=5.15e-06 massB=4.17e-06,before,0,0.0
p2,839,27,mixed,166,166,433,0.53,1.3825,4,False,A,meta-llama/Llama-3.1-8B-Instruct,chat,riskneutral_formula,0,0.40733,0.00014,1,,,massA=5.58e-05 massB=8.12e-05,before,0,0.0
p2,764,25,gain,0,124,207,0.76,1.2687,2,True,B,meta-llama/Llama-3.1-8B-Instruct,chat,riskneutral_formula,0,0.48438,0.00102,1,,,massA=0.000526 massB=0.000494,before,0,0.0
p2,858,28,gain,0,132,181,0.76,1.0421,4,True,B,meta-llama/Llama-3.1-8B-Instruct,chat,riskneutral_formula,0,0.72174,8e-05,1,,,massA=2.32e-05 massB=6.01e-05,before,0,0.0
p2,198,6,gain,0,94,101,0.71,0.7629,4,True,B,meta-llama/Llama-3.1-8B-Instruct,chat,riskneutral_formula,0,0.75201,0.00011,1,,,massA=2.8e-05 massB=8.49e-05,before,0,0.0
p2,899,29,mixed,79,79,81,0.83,0.851,4,False,A,meta-llama/Llama-3.1-8B-Instruct,chat,riskneutral_formula,0,0.32424,0.00013,1,,,massA=4.25e-05 massB=8.86e-05,before,0,0.0
p2,752,25,neutral,0,124,207,0.76,1.2687,1,True,B,meta-llama/Llama-3.1-8B-Instruct,chat,riskneutral_formula,0,0.91244,0.00326,1,,,massA=0.000286 massB=0.00298,before,0,0.0
p2,183,6,neutral,0,94,101,0.71,0.7629,1,False,A,meta-llama/Llama-3.1-8B-Instruct,chat,riskneutral_formula,0,0.4225,0.00247,1,,,massA=0.00104 massB=0.00143,before,0,0.0
p2,277,9,neutral,0,49,153,0.26,0.8118,3,False,A,meta-llama/Llama-3.1-8B-Instruct,chat,riskneutral_formula,0,0.44553,0.01518,1,,,massA=0.00676 massB=0.00842,before,0,0.0
p2,1186,39,gain,0,178,567,0.32,1.0193,3,True,B,meta-llama/Llama-3.1-8B-Instruct,chat,riskneutral_formula,0,0.68595,0.02381,1,,,massA=0.00748 massB=0.0163,before,0,0.0
p2,894,29,mixed,79,79,81,0.83,0.851,2,True,B,meta-llama/Llama-3.1-8B-Instruct,chat,riskneutral_formula,0,0.62977,0.01719,1,,,massA=0.00636 massB=0.0108,before,0,0.0
p2,1141,38,neutral,0,183,609,0.38,1.2646,0,False,A,meta-llama/Llama-3.1-8B-Instruct,chat,riskneutral_formula,0,0.34158,0.00102,1,,,massA=0.000349 massB=0.000673,before,0,0.0
p2,53,1,mixed,58,58,116,0.66,1.32,1,False,A,meta-llama/Llama-3.1-8B-Instruct,chat,riskneutral_formula,0,0.39981,0.00346,1,,,massA=0.00138 massB=0.00208,before,0,0.0
p2,282,9,gain,0,49,153,0.26,0.8118,1,True,B,meta-llama/Llama-3.1-8B-Instruct,chat,riskneutral_formula,0,0.90329,0.0039,1,,,massA=0.000377 massB=0.00352,before,0,0.0
p2,1010,33,mixed,142,142,446,0.53,1.6646,0,True,B,meta-llama/Llama-3.1-8B-Instruct,chat,riskneutral_formula,0,0.93902,0.19314,1,,,massA=0.0118 massB=0.181,before,0,0.0
p2,623,20,mixed,186,186,266,0.63,0.901,1,False,A,meta-llama/Llama-3.1-8B-Instruct,chat,riskneutral_formula,0,0.4149,0.00188,1,,,massA=0.00078 massB=0.0011,before,0,0.0
p2,122,4,neutral,0,29,71,0.55,1.3466,1,True,B,meta-llama/Llama-3.1-8B-Instruct,chat,riskneutral_formula,0,0.92523,0.00225,1,,,massA=0.000168 massB=0.00208,before,0,0.0
p2,452,15,neutral,0,82,113,0.74,1.0198,1,True,B,meta-llama/Llama-3.1-8B-Instruct,chat,riskneutral_formula,0,0.95397,0.00542,1,,,massA=0.000249 massB=0.00517,before,0,0.0
p2,1117,37,neutral,0,151,252,0.68,1.1348,3,False,A,meta-llama/Llama-3.1-8B-Instruct,chat,riskneutral_formula,0,0.57368,0.01161,1,,,massA=0.00666 massB=0.00495,before,0,0.0
p2,190,6,gain,0,94,101,0.71,0.7629,0,True,B,meta-llama/Llama-3.1-8B-Instruct,chat,riskneutral_formula,0,0.57368,0.00876,1,,,massA=0.00374 massB=0.00503,before,0,0.0
p2,464,15,gain,0,82,113,0.74,1.0198,2,True,B,meta-llama/Llama-3.1-8B-Instruct,chat,riskneutral_formula,0,0.63703,0.00163,1,,,massA=0.00059 massB=0.00104,before,0,0.0
p2,881,29,gain,0,79,81,0.83,0.851,0,False,A,meta-llama/Llama-3.1-8B-Instruct,chat,riskneutral_formula,0,0.49219,0.00082,1,,,massA=0.000402 massB=0.000415,before,0,0.0
p2,980,32,mixed,131,131,236,0.57,1.0269,0,True,B,meta-llama/Llama-3.1-8B-Instruct,chat,riskneutral_formula,0,0.93146,0.13436,1,,,massA=0.00921 massB=0.125,before,0,0.0
p2,793,26,gain,0,59,151,0.36,0.9214,1,False,A,meta-llama/Llama-3.1-8B-Instruct,chat,riskneutral_formula,0,0.24221,0.00111,1,,,massA=0.000269 massB=0.000842,before,0,0.0
p2,1197,39,mixed,178,178,567,0.32,1.0193,3,False,A,meta-llama/Llama-3.1-8B-Instruct,chat,riskneutral_formula,0,0.46879,0.00112,1,,,massA=0.000526 massB=0.000596,before,0,0.0
p2,1232,16,dominant,0,139,190,1.0,1.3669,2,True,B,meta-llama/Llama-3.1-8B-Instruct,chat,riskneutral_formula,0,0.62977,0.05398,1,,,massA=0.02 massB=0.034,before,0,0.0
p2,880,29,gain,0,79,81,0.83,0.851,0,True,B,meta-llama/Llama-3.1-8B-Instruct,chat,riskneutral_formula,0,0.59643,0.00751,1,,,massA=0.00303 massB=0.00448,before,0,0.0
p2,595,19,mixed,64,64,122,0.49,0.9341,2,False,A,meta-llama/Llama-3.1-8B-Instruct,chat,riskneutral_formula,0,0.61509,0.00048,1,,,massA=0.000294 massB=0.000184,before,0,0.0
p2,1068,35,gain,0,91,133,0.68,0.9938,4,True,B,meta-llama/Llama-3.1-8B-Instruct,chat,riskneutral_formula,0,0.75491,8e-05,1,,,massA=1.93e-05 massB=5.95e-05,before,0,0.0
p2,1098,36,gain,0,98,227,0.47,1.0887,4,True,B,meta-llama/Llama-3.1-8B-Instruct,chat,riskneutral_formula,0,0.77184,0.00011,1,,,massA=2.51e-05 massB=8.49e-05,before,0,0.0
p2,25,0,mixed,186,186,984,0.26,1.3755,2,False,A,meta-llama/Llama-3.1-8B-Instruct,chat,riskneutral_formula,0,0.53121,0.00044,1,,,massA=0.000234 massB=0.000207,before,0,0.0
p2,620,20,mixed,186,186,266,0.63,0.901,0,True,B,meta-llama/Llama-3.1-8B-Instruct,chat,riskneutral_formula,0,0.88243,0.05868,1,,,massA=0.0069 massB=0.0518,before,0,0.0
p2,622,20,mixed,186,186,266,0.63,0.901,1,True,B,meta-llama/Llama-3.1-8B-Instruct,chat,riskneutral_formula,0,0.86522,0.05536,1,,,massA=0.00746 massB=0.0479,before,0,0.0
p2,66,2,neutral,0,162,661,0.26,1.0609,3,True,B,meta-llama/Llama-3.1-8B-Instruct,chat,riskneutral_formula,0,0.52732,0.02695,1,,,massA=0.0127 massB=0.0142,before,0,0.0
p2,510,17,neutral,0,117,362,0.42,1.2995,0,True,B,meta-llama/Llama-3.1-8B-Instruct,chat,riskneutral_formula,0,0.65842,0.0047,1,,,massA=0.0016 massB=0.00309,before,0,0.0
p2,927,30,mixed,149,149,447,0.26,0.78,3,False,A,meta-llama/Llama-3.1-8B-Instruct,chat,riskneutral_formula,0,0.43782,0.00174,1,,,massA=0.000761 massB=0.000977,before,0,0.0
p2,9,0,neutral,0,186,984,0.26,1.3755,4,False,A,meta-llama/Llama-3.1-8B-Instruct,chat,riskneutral_formula,0,0.52537,0.0,1,,,massA=1.47e-06 massB=1.33e-06,before,0,0.0
p2,1061,35,gain,0,91,133,0.68,0.9938,0,False,A,meta-llama/Llama-3.1-8B-Instruct,chat,riskneutral_formula,0,0.51172,0.0006,1,,,massA=0.000307 massB=0.000293,before,0,0.0
p2,517,17,neutral,0,117,362,0.42,1.2995,3,False,A,meta-llama/Llama-3.1-8B-Instruct,chat,riskneutral_formula,0,0.46102,0.01499,1,,,massA=0.00691 massB=0.00808,before,0,0.0
p2,799,26,gain,0,59,151,0.36,0.9214,4,False,A,meta-llama/Llama-3.1-8B-Instruct,chat,riskneutral_formula,0,0.47074,1e-05,1,,,massA=3.23e-06 massB=3.63e-06,before,0,0.0
p2,1239,19,dominant,0,64,91,1.0,1.4219,4,False,A,meta-llama/Llama-3.1-8B-Instruct,chat,riskneutral_formula,0,0.84183,0.00026,1,,,massA=0.000219 massB=4.12e-05,before,0,0.0
p2,116,3,mixed,46,46,158,0.33,1.1335,3,True,B,meta-llama/Llama-3.1-8B-Instruct,chat,riskneutral_formula,0,0.79819,0.04379,1,,,massA=0.00884 massB=0.035,before,0,0.0
p2,1264,32,dominant,0,131,144,1.0,1.0992,4,True,B,meta-llama/Llama-3.1-8B-Instruct,chat,riskneutral_formula,0,0.32082,0.00053,1,,,massA=0.000359 massB=0.00017,before,0,0.0
p2,870,29,neutral,0,79,81,0.83,0.851,0,True,B,meta-llama/Llama-3.1-8B-Instruct,chat,riskneutral_formula,0,0.74317,0.01222,1,,,massA=0.00314 massB=0.00908,before,0,0.0
p2,104,3,gain,0,46,158,0.33,1.1335,2,True,B,meta-llama/Llama-3.1-8B-Instruct,chat,riskneutral_formula,0,0.48048,0.00078,1,,,massA=0.000404 massB=0.000374,before,0,0.0
p2,76,2,gain,0,162,661,0.26,1.0609,3,True,B,meta-llama/Llama-3.1-8B-Instruct,chat,riskneutral_formula,0,0.60766,0.0174,1,,,massA=0.00683 massB=0.0106,before,0,0.0
p2,46,1,gain,0,58,116,0.66,1.32,3,True,B,meta-llama/Llama-3.1-8B-Instruct,chat,riskneutral_formula,0,0.55447,0.02863,1,,,massA=0.0128 massB=0.0159,before,0,0.0
p2,1205,2,dominant,0,162,174,1.0,1.0741,4,False,A,meta-llama/Llama-3.1-8B-Instruct,chat,riskneutral_formula,0,0.82894,0.0002,1,,,massA=0.000167 massB=3.45e-05,before,0,0.0
p2,1217,8,dominant,0,62,121,1.0,1.9516,4,False,A,meta-llama/Llama-3.1-8B-Instruct,chat,riskneutral_formula,0,0.86704,0.00039,1,,,massA=0.000336 massB=5.15e-05,before,0,0.0
p2,346,11,gain,0,54,68,0.81,1.02,3,True,B,meta-llama/Llama-3.1-8B-Instruct,chat,riskneutral_formula,0,0.55061,0.02247,1,,,massA=0.0101 massB=0.0124,before,0,0.0
p2,1000,33,gain,0,142,446,0.53,1.6646,0,True,B,meta-llama/Llama-3.1-8B-Instruct,chat,riskneutral_formula,0,0.66192,0.01057,1,,,massA=0.00357 massB=0.00699,before,0,0.0
p2,1219,9,dominant,0,49,82,1.0,1.6735,1,False,A,meta-llama/Llama-3.1-8B-Instruct,chat,riskneutral_formula,0,0.65489,0.0251,1,,,massA=0.0164 massB=0.00866,before,0,0.0
p2,999,33,neutral,0,142,446,0.53,1.6646,4,False,A,meta-llama/Llama-3.1-8B-Instruct,chat,riskneutral_formula,0,0.55833,0.0,1,,,massA=2.49e-06 massB=1.97e-06,before,0,0.0
p2,570,19,neutral,0,64,122,0.49,0.9341,0,True,B,meta-llama/Llama-3.1-8B-Instruct,chat,riskneutral_formula,0,0.53898,0.00338,1,,,massA=0.00156 massB=0.00182,before,0,0.0
p2,1178,39,neutral,0,178,567,0.32,1.0193,4,True,B,meta-llama/Llama-3.1-8B-Instruct,chat,riskneutral_formula,0,0.84183,4e-05,1,,,massA=6.37e-06 massB=3.39e-05,before,0,0.0
p2,173,5,mixed,162,162,381,0.46,1.0819,1,False,A,meta-llama/Llama-3.1-8B-Instruct,chat,riskneutral_formula,0,0.31069,0.00355,1,,,massA=0.0011 massB=0.00244,before,0,0.0
p2,51,1,mixed,58,58,116,0.66,1.32,0,False,A,meta-llama/Llama-3.1-8B-Instruct,chat,riskneutral_formula,0,0.25386,0.00521,1,,,massA=0.00132 massB=0.00389,before,0,0.0
p2,62,2,neutral,0,162,661,0.26,1.0609,1,True,B,meta-llama/Llama-3.1-8B-Instruct,chat,riskneutral_formula,0,0.8977,0.00385,1,,,massA=0.000394 massB=0.00346,before,0,0.0
p2,715,23,mixed,91,91,626,0.23,1.5822,2,False,A,meta-llama/Llama-3.1-8B-Instruct,chat,riskneutral_formula,0,0.55061,0.0003,1,,,massA=0.000163 massB=0.000133,before,0,0.0
p2,64,2,neutral,0,162,661,0.26,1.0609,2,True,B,meta-llama/Llama-3.1-8B-Instruct,chat,riskneutral_formula,0,0.76908,0.00159,1,,,massA=0.000366 massB=0.00122,before,0,0.0
p2,588,19,gain,0,64,122,0.49,0.9341,4,True,B,meta-llama/Llama-3.1-8B-Instruct,chat,riskneutral_formula,0,0.62062,3e-05,1,,,massA=1.12e-05 massB=1.84e-05,before,0,0.0
p2,45,1,gain,0,58,116,0.66,1.32,2,False,A,meta-llama/Llama-3.1-8B-Instruct,chat,riskneutral_formula,0,0.74317,0.00026,1,,,massA=0.000195 massB=6.75e-05,before,0,0.0
p2,869,28,mixed,132,132,181,0.76,1.0421,4,False,A,meta-llama/Llama-3.1-8B-Instruct,chat,riskneutral_formula,0,0.33112,9e-05,1,,,massA=2.92e-05 massB=5.9e-05,before,0,0.0
p2,132,4,gain,0,29,71,0.55,1.3466,1,True,B,meta-llama/Llama-3.1-8B-Instruct,chat,riskneutral_formula,0,0.90862,0.00634,1,,,massA=0.00058 massB=0.00576,before,0,0.0
p2,783,26,neutral,0,59,151,0.36,0.9214,1,False,A,meta-llama/Llama-3.1-8B-Instruct,chat,riskneutral_formula,0,0.38862,0.00085,1,,,massA=0.000329 massB=0.000518,before,0,0.0
p2,322,10,mixed,111,111,278,0.58,1.4526,1,True,B,meta-llama/Llama-3.1-8B-Instruct,chat,riskneutral_formula,0,0.93146,0.11789,1,,,massA=0.00808 massB=0.11,before,0,0.0
p2,782,26,neutral,0,59,151,0.36,0.9214,1,True,B,meta-llama/Llama-3.1-8B-Instruct,chat,riskneutral_formula,0,0.92304,0.00225,1,,,massA=0.000173 massB=0.00207,before,0,0.0
p2,951,31,mixed,51,51,151,0.29,0.8586,0,False,A,meta-llama/Llama-3.1-8B-Instruct,chat,riskneutral_formula,0,0.17554,0.00626,1,,,massA=0.0011 massB=0.00516,before,0,0.0
p2,201,6,mixed,94,94,101,0.71,0.7629,0,False,A,meta-llama/Llama-3.1-8B-Instruct,chat,riskneutral_formula,0,0.22542,0.00398,1,,,massA=0.000897 massB=0.00308,before,0,0.0
p2,657,21,mixed,106,106,206,0.73,1.4187,3,False,A,meta-llama/Llama-3.1-8B-Instruct,chat,riskneutral_formula,0,0.59267,0.0018,1,,,massA=0.00107 massB=0.000733,before,0,0.0
p2,1276,38,dominant,0,183,201,1.0,1.0984,2,True,B,meta-llama/Llama-3.1-8B-Instruct,chat,riskneutral_formula,0,0.74909,0.14181,1,,,massA=0.0356 massB=0.106,before,0,0.0
p2,1184,39,gain,0,178,567,0.32,1.0193,2,True,B,meta-llama/Llama-3.1-8B-Instruct,chat,riskneutral_formula,0,0.62977,0.00118,1,,,massA=0.000436 massB=0.000741,before,0,0.0
p2,22,0,mixed,186,186,984,0.26,1.3755,1,True,B,meta-llama/Llama-3.1-8B-Instruct,chat,riskneutral_formula,0,0.8808,0.07495,1,,,massA=0.00893 massB=0.066,before,0,0.0
p2,1153,38,gain,0,183,609,0.38,1.2646,1,False,A,meta-llama/Llama-3.1-8B-Instruct,chat,riskneutral_formula,0,0.19931,0.00396,1,,,massA=0.000788 massB=0.00317,before,0,0.0
p2,509,16,mixed,139,139,234,0.6,1.0101,4,False,A,meta-llama/Llama-3.1-8B-Instruct,chat,riskneutral_formula,0,0.36297,8e-05,1,,,massA=3e-05 massB=5.27e-05,before,0,0.0
p2,1222,11,dominant,0,54,73,1.0,1.3519,4,True,B,meta-llama/Llama-3.1-8B-Instruct,chat,riskneutral_formula,0,0.27202,0.00032,1,,,massA=0.000235 massB=8.77e-05,before,0,0.0
p2,1210,5,dominant,0,162,206,1.0,1.2716,1,True,B,meta-llama/Llama-3.1-8B-Instruct,chat,riskneutral_formula,0,0.93146,0.30317,0,,,massA=0.0208 massB=0.282,before,0,0.0
p2,83,2,mixed,162,162,661,0.26,1.0609,1,False,A,meta-llama/Llama-3.1-8B-Instruct,chat,riskneutral_formula,0,0.29747,0.00231,1,,,massA=0.000686 massB=0.00162,before,0,0.0
p2,212,7,neutral,0,63,98,0.64,0.9956,1,True,B,meta-llama/Llama-3.1-8B-Instruct,chat,riskneutral_formula,0,0.93146,0.00272,1,,,massA=0.000186 massB=0.00253,before,0,0.0
p2,872,29,neutral,0,79,81,0.83,0.851,1,True,B,meta-llama/Llama-3.1-8B-Instruct,chat,riskneutral_formula,0,0.94815,0.00605,1,,,massA=0.000314 massB=0.00573,before,0,0.0
p2,682,22,mixed,81,81,163,0.72,1.4489,1,True,B,meta-llama/Llama-3.1-8B-Instruct,chat,riskneutral_formula,0,0.89625,0.09311,1,,,massA=0.00966 massB=0.0834,before,0,0.0
p2,832,27,mixed,166,166,433,0.53,1.3825,1,True,B,meta-llama/Llama-3.1-8B-Instruct,chat,riskneutral_formula,0,0.93046,0.19065,1,,,massA=0.0133 massB=0.177,before,0,0.0
p2,425,14,neutral,0,81,201,0.68,1.6874,2,False,A,meta-llama/Llama-3.1-8B-Instruct,chat,riskneutral_formula,0,0.81287,0.00033,1,,,massA=0.000268 massB=6.16e-05,before,0,0.0
p2,578,19,neutral,0,64,122,0.49,0.9341,4,True,B,meta-llama/Llama-3.1-8B-Instruct,chat,riskneutral_formula,0,0.72174,6e-05,1,,,massA=1.59e-05 massB=4.13e-05,before,0,0.0
p2,361,12,neutral,0,164,541,0.38,1.2535,0,False,A,meta-llama/Llama-3.1-8B-Instruct,chat,riskneutral_formula,0,0.36659,0.00142,1,,,massA=0.000522 massB=0.000902,before,0,0.0
p2,5,0,neutral,0,186,984,0.26,1.3755,2,False,A,meta-llama/Llama-3.1-8B-Instruct,chat,riskneutral_formula,0,0.68931,0.00024,1,,,massA=0.000168 massB=7.56e-05,before,0,0.0
p2,444,14,mixed,81,81,201,0.68,1.6874,2,True,B,meta-llama/Llama-3.1-8B-Instruct,chat,riskneutral_formula,0,0.74317,0.01165,1,,,massA=0.00299 massB=0.00866,before,0,0.0
p2,556,18,gain,0,41,61,0.58,0.8629,3,True,B,meta-llama/Llama-3.1-8B-Instruct,chat,riskneutral_formula,0,0.5851,0.02095,1,,,massA=0.00869 massB=0.0123,before,0,0.0
p2,350,11,mixed,54,54,68,0.81,1.02,0,True,B,meta-llama/Llama-3.1-8B-Instruct,chat,riskneutral_formula,0,0.88876,0.08077,1,,,massA=0.00899 massB=0.0718,before,0,0.0
p2,1265,32,dominant,0,131,144,1.0,1.0992,2,False,A,meta-llama/Llama-3.1-8B-Instruct,chat,riskneutral_formula,0,0.73106,0.017,1,,,massA=0.0124 massB=0.00457,before,0,0.0
p2,260,8,mixed,62,62,263,0.33,1.3998,0,True,B,meta-llama/Llama-3.1-8B-Instruct,chat,riskneutral_formula,0,0.89912,0.07178,1,,,massA=0.00724 massB=0.0645,before,0,0.0
p2,408,13,gain,0,72,88,0.64,0.7822,4,True,B,meta-llama/Llama-3.1-8B-Instruct,chat,riskneutral_formula,0,0.68595,5e-05,1,,,massA=1.68e-05 massB=3.67e-05,before,0,0.0
p2,90,3,neutral,0,46,158,0.33,1.1335,0,True,B,meta-llama/Llama-3.1-8B-Instruct,chat,riskneutral_formula,0,0.5351,0.00371,1,,,massA=0.00173 massB=0.00199,before,0,0.0
p2,498,16,gain,0,139,234,0.6,1.0101,4,True,B,meta-llama/Llama-3.1-8B-Instruct,chat,riskneutral_formula,0,0.64423,6e-05,1,,,massA=2.28e-05 massB=4.13e-05,before,0,0.0
p2,1147,38,neutral,0,183,609,0.38,1.2646,3,False,A,meta-llama/Llama-3.1-8B-Instruct,chat,riskneutral_formula,0,0.49219,0.0133,1,,,massA=0.00655 massB=0.00675,before,0,0.0
p2,476,15,mixed,82,82,113,0.74,1.0198,3,True,B,meta-llama/Llama-3.1-8B-Instruct,chat,riskneutral_formula,0,0.78531,0.05052,1,,,massA=0.0108 massB=0.0397,before,0,0.0
p2,1185,39,gain,0,178,567,0.32,1.0193,2,False,A,meta-llama/Llama-3.1-8B-Instruct,chat,riskneutral_formula,0,0.66888,0.00023,1,,,massA=0.000156 massB=7.72e-05,before,0,0.0
p2,915,30,gain,0,149,447,0.26,0.78,2,False,A,meta-llama/Llama-3.1-8B-Instruct,chat,riskneutral_formula,0,0.68931,0.00032,1,,,massA=0.000219 massB=9.87e-05,before,0,0.0
p2,989,32,mixed,131,131,236,0.57,1.0269,4,False,A,meta-llama/Llama-3.1-8B-Instruct,chat,riskneutral_formula,0,0.33808,0.00012,1,,,massA=4.14e-05 massB=8.1e-05,before,0,0.0
p2,561,18,mixed,41,41,61,0.58,0.8629,0,False,A,meta-llama/Llama-3.1-8B-Instruct,chat,riskneutral_formula,0,0.22542,0.00336,1,,,massA=0.000756 massB=0.0026,before,0,0.0
p2,824,27,gain,0,166,433,0.53,1.3825,2,True,B,meta-llama/Llama-3.1-8B-Instruct,chat,riskneutral_formula,0,0.5813,0.00202,1,,,massA=0.000846 massB=0.00117,before,0,0.0
p2,666,22,neutral,0,81,163,0.72,1.4489,3,True,B,meta-llama/Llama-3.1-8B-Instruct,chat,riskneutral_formula,0,0.73106,0.03877,1,,,massA=0.0104 massB=0.0283,before,0,0.0
p2,291,9,mixed,49,49,153,0.26,0.8118,0,False,A,meta-llama/Llama-3.1-8B-Instruct,chat,riskneutral_formula,0,0.19931,0.00218,1,,,massA=0.000434 massB=0.00174,before,0,0.0
p2,751,25,neutral,0,124,207,0.76,1.2687,0,False,A,meta-llama/Llama-3.1-8B-Instruct,chat,riskneutral_formula,0,0.36659,0.00162,1,,,massA=0.000594 massB=0.00103,before,0,0.0
p2,982,32,mixed,131,131,236,0.57,1.0269,1,True,B,meta-llama/Llama-3.1-8B-Instruct,chat,riskneutral_formula,0,0.91368,0.13612,1,,,massA=0.0118 massB=0.124,before,0,0.0
p2,114,3,mixed,46,46,158,0.33,1.1335,2,True,B,meta-llama/Llama-3.1-8B-Instruct,chat,riskneutral_formula,0,0.66541,0.00956,1,,,massA=0.0032 massB=0.00636,before,0,0.0
p2,1101,36,mixed,98,98,227,0.47,1.0887,0,False,A,meta-llama/Llama-3.1-8B-Instruct,chat,riskneutral_formula,0,0.19683,0.00709,1,,,massA=0.0014 massB=0.00569,before,0,0.0
p2,1202,1,dominant,0,58,72,1.0,1.2414,0,True,B,meta-llama/Llama-3.1-8B-Instruct,chat,riskneutral_formula,0,0.82894,0.30352,0,,,massA=0.0519 massB=0.252,before,0,0.0
p2,621,20,mixed,186,186,266,0.63,0.901,0,False,A,meta-llama/Llama-3.1-8B-Instruct,chat,riskneutral_formula,0,0.25386,0.00207,1,,,massA=0.000527 massB=0.00155,before,0,0.0
p2,1194,39,mixed,178,178,567,0.32,1.0193,2,True,B,meta-llama/Llama-3.1-8B-Instruct,chat,riskneutral_formula,0,0.71542,0.0101,1,,,massA=0.00287 massB=0.00722,before,0,0.0
p2,687,22,mixed,81,81,163,0.72,1.4489,3,False,A,meta-llama/Llama-3.1-8B-Instruct,chat,riskneutral_formula,0,0.60019,0.00118,1,,,massA=0.000705 massB=0.00047,before,0,0.0
p2,689,22,mixed,81,81,163,0.72,1.4489,4,False,A,meta-llama/Llama-3.1-8B-Instruct,chat,riskneutral_formula,0,0.34158,9e-05,1,,,massA=3.01e-05 massB=5.79e-05,before,0,0.0
p2,600,20,neutral,0,186,266,0.63,0.901,0,True,B,meta-llama/Llama-3.1-8B-Instruct,chat,riskneutral_formula,0,0.71223,0.00546,1,,,massA=0.00157 massB=0.00389,before,0,0.0
p2,1274,37,dominant,0,151,193,1.0,1.2781,0,True,B,meta-llama/Llama-3.1-8B-Instruct,chat,riskneutral_formula,0,0.88243,0.49814,0,,,massA=0.0586 massB=0.44,before,0,0.0
p2,707,23,gain,0,91,626,0.23,1.5822,3,False,A,meta-llama/Llama-3.1-8B-Instruct,chat,riskneutral_formula,0,0.49609,0.00464,1,,,massA=0.0023 massB=0.00234,before,0,0.0
p2,1049,34,mixed,52,52,96,0.63,1.1631,4,False,A,meta-llama/Llama-3.1-8B-Instruct,chat,riskneutral_formula,0,0.44939,7e-05,1,,,massA=3.04e-05 massB=3.73e-05,before,0,0.0
p2,362,12,neutral,0,164,541,0.38,1.2535,1,True,B,meta-llama/Llama-3.1-8B-Instruct,chat,riskneutral_formula,0,0.90862,0.00325,1,,,massA=0.000297 massB=0.00295,before,0,0.0
p2,501,16,mixed,139,139,234,0.6,1.0101,0,False,A,meta-llama/Llama-3.1-8B-Instruct,chat,riskneutral_formula,0,0.23652,0.0022,1,,,massA=0.000521 massB=0.00168,before,0,0.0
p2,513,17,neutral,0,117,362,0.42,1.2995,1,False,A,meta-llama/Llama-3.1-8B-Instruct,chat,riskneutral_formula,0,0.35936,0.00099,1,,,massA=0.000356 massB=0.000634,before,0,0.0
p2,138,4,gain,0,29,71,0.55,1.3466,4,True,B,meta-llama/Llama-3.1-8B-Instruct,chat,riskneutral_formula,0,0.69264,9e-05,1,,,massA=2.78e-05 massB=6.27e-05,before,0,0.0
p2,791,26,gain,0,59,151,0.36,0.9214,0,False,A,meta-llama/Llama-3.1-8B-Instruct,chat,riskneutral_formula,0,0.4187,0.00087,1,,,massA=0.000364 massB=0.000505,before,0,0.0
p2,956,31,mixed,51,51,151,0.29,0.8586,3,True,B,meta-llama/Llama-3.1-8B-Instruct,chat,riskneutral_formula,0,0.78531,0.04145,1,,,massA=0.0089 massB=0.0325,before,0,0.0
p2,909,30,neutral,0,149,447,0.26,0.78,4,False,A,meta-llama/Llama-3.1-8B-Instruct,chat,riskneutral_formula,0,0.45133,0.0,1,,,massA=1.35e-06 massB=1.64e-06,before,0,0.0
p2,639,21,neutral,0,106,206,0.73,1.4187,4,False,A,meta-llama/Llama-3.1-8B-Instruct,chat,riskneutral_formula,0,0.50391,0.0,1,,,massA=2.14e-06 massB=2.1e-06,before,0,0.0
p2,21,0,mixed,186,186,984,0.26,1.3755,0,False,A,meta-llama/Llama-3.1-8B-Instruct,chat,riskneutral_formula,0,0.19931,0.00262,1,,,massA=0.000523 massB=0.0021,before,0,0.0
p2,837,27,mixed,166,166,433,0.53,1.3825,3,False,A,meta-llama/Llama-3.1-8B-Instruct,chat,riskneutral_formula,0,0.58889,0.00174,1,,,massA=0.00102 massB=0.000715,before,0,0.0
p2,942,31,gain,0,51,151,0.29,0.8586,1,True,B,meta-llama/Llama-3.1-8B-Instruct,chat,riskneutral_formula,0,0.90465,0.0043,1,,,massA=0.00041 massB=0.00389,before,0,0.0
p2,412,13,mixed,72,72,88,0.64,0.7822,1,True,B,meta-llama/Llama-3.1-8B-Instruct,chat,riskneutral_formula,0,0.85195,0.0433,1,,,massA=0.00641 massB=0.0369,before,0,0.0
p2,325,10,mixed,111,111,278,0.58,1.4526,2,False,A,meta-llama/Llama-3.1-8B-Instruct,chat,riskneutral_formula,0,0.5851,0.00063,1,,,massA=0.000369 massB=0.000262,before,0,0.0
p2,1003,33,gain,0,142,446,0.53,1.6646,1,False,A,meta-llama/Llama-3.1-8B-Instruct,chat,riskneutral_formula,0,0.30075,0.00237,1,,,massA=0.000714 massB=0.00166,before,0,0.0
p2,847,28,neutral,0,132,181,0.76,1.0421,3,False,A,meta-llama/Llama-3.1-8B-Instruct,chat,riskneutral_formula,0,0.50391,0.01036,1,,,massA=0.00522 massB=0.00514,before,0,0.0
p2,112,3,mixed,46,46,158,0.33,1.1335,1,True,B,meta-llama/Llama-3.1-8B-Instruct,chat,riskneutral_formula,0,0.87915,0.06881,1,,,massA=0.00832 massB=0.0605,before,0,0.0
p2,926,30,mixed,149,149,447,0.26,0.78,3,True,B,meta-llama/Llama-3.1-8B-Instruct,chat,riskneutral_formula,0,0.81989,0.04255,1,,,massA=0.00766 massB=0.0349,before,0,0.0
p2,913,30,gain,0,149,447,0.26,0.78,1,False,A,meta-llama/Llama-3.1-8B-Instruct,chat,riskneutral_formula,0,0.22001,0.0017,1,,,massA=0.000373 massB=0.00132,before,0,0.0
p2,281,9,gain,0,49,153,0.26,0.8118,0,False,A,meta-llama/Llama-3.1-8B-Instruct,chat,riskneutral_formula,0,0.40357,0.00099,1,,,massA=0.0004 massB=0.000591,before,0,0.0
p2,1251,25,dominant,0,124,182,1.0,1.4677,1,False,A,meta-llama/Llama-3.1-8B-Instruct,chat,riskneutral_formula,0,0.58889,0.03672,1,,,massA=0.0216 massB=0.0151,before,0,0.0
p2,523,17,gain,0,117,362,0.42,1.2995,1,False,A,meta-llama/Llama-3.1-8B-Instruct,chat,riskneutral_formula,0,0.22542,0.00252,1,,,massA=0.000568 massB=0.00195,before,0,0.0
p2,196,6,gain,0,94,101,0.71,0.7629,3,True,B,meta-llama/Llama-3.1-8B-Instruct,chat,riskneutral_formula,0,0.56985,0.03163,1,,,massA=0.0136 massB=0.018,before,0,0.0
p2,1121,37,gain,0,151,252,0.68,1.1348,0,False,A,meta-llama/Llama-3.1-8B-Instruct,chat,riskneutral_formula,0,0.46102,0.00062,1,,,massA=0.000284 massB=0.000332,before,0,0.0
p2,673,22,gain,0,81,163,0.72,1.4489,1,False,A,meta-llama/Llama-3.1-8B-Instruct,chat,riskneutral_formula,0,0.25983,0.00112,1,,,massA=0.000292 massB=0.000832,before,0,0.0
p2,775,25,mixed,124,124,207,0.76,1.2687,2,False,A,meta-llama/Llama-3.1-8B-Instruct,chat,riskneutral_formula,0,0.5775,0.00047,1,,,massA=0.00027 massB=0.000198,before,0,0.0
p2,1021,34,neutral,0,52,96,0.63,1.1631,0,False,A,meta-llama/Llama-3.1-8B-Instruct,chat,riskneutral_formula,0,0.4149,0.00085,1,,,massA=0.000353 massB=0.000498,before,0,0.0
p2,903,30,neutral,0,149,447,0.26,0.78,1,False,A,meta-llama/Llama-3.1-8B-Instruct,chat,riskneutral_formula,0,0.26284,0.00191,1,,,massA=0.000502 massB=0.00141,before,0,0.0
p2,1067,35,gain,0,91,133,0.68,0.9938,3,False,A,meta-llama/Llama-3.1-8B-Instruct,chat,riskneutral_formula,0,0.61509,0.00188,1,,,massA=0.00116 massB=0.000724,before,0,0.0
p2,1056,35,neutral,0,91,133,0.68,0.9938,3,True,B,meta-llama/Llama-3.1-8B-Instruct,chat,riskneutral_formula,0,0.74017,0.03324,1,,,massA=0.00864 massB=0.0246,before,0,0.0
p2,820,27,gain,0,166,433,0.53,1.3825,0,True,B,meta-llama/Llama-3.1-8B-Instruct,chat,riskneutral_formula,0,0.63341,0.00958,1,,,massA=0.00351 massB=0.00607,before,0,0.0
p2,86,2,mixed,162,162,661,0.26,1.0609,3,True,B,meta-llama/Llama-3.1-8B-Instruct,chat,riskneutral_formula,0,0.81989,0.0289,1,,,massA=0.0052 massB=0.0237,before,0,0.0
p2,334,11,neutral,0,54,68,0.81,1.02,2,True,B,meta-llama/Llama-3.1-8B-Instruct,chat,riskneutral_formula,0,0.74909,0.00151,1,,,massA=0.000378 massB=0.00113,before,0,0.0
p2,102,3,gain,0,46,158,0.33,1.1335,1,True,B,meta-llama/Llama-3.1-8B-Instruct,chat,riskneutral_formula,0,0.88876,0.0036,1,,,massA=0.0004 massB=0.0032,before,0,0.0
p2,1172,39,neutral,0,178,567,0.32,1.0193,1,True,B,meta-llama/Llama-3.1-8B-Instruct,chat,riskneutral_formula,0,0.94165,0.00372,1,,,massA=0.000217 massB=0.0035,before,0,0.0
p2,205,6,mixed,94,94,101,0.71,0.7629,2,False,A,meta-llama/Llama-3.1-8B-Instruct,chat,riskneutral_formula,0,0.55833,0.00055,1,,,massA=0.000305 massB=0.000241,before,0,0.0
p2,898,29,mixed,79,79,81,0.83,0.851,4,True,B,meta-llama/Llama-3.1-8B-Instruct,chat,riskneutral_formula,0,0.91611,0.02937,1,,,massA=0.00246 massB=0.0269,before,0,0.0
p2,524,17,gain,0,117,362,0.42,1.2995,2,True,B,meta-llama/Llama-3.1-8B-Instruct,chat,riskneutral_formula,0,0.60766,0.00198,1,,,massA=0.000775 massB=0.0012,before,0,0.0
p2,738,24,gain,0,168,214,0.76,0.9681,4,True,B,meta-llama/Llama-3.1-8B-Instruct,chat,riskneutral_formula,0,0.69264,8e-05,1,,,massA=2.48e-05 massB=5.58e-05,before,0,0.0
p2,1099,36,gain,0,98,227,0.47,1.0887,4,False,A,meta-llama/Llama-3.1-8B-Instruct,chat,riskneutral_formula,0,0.45714,1e-05,1,,,massA=5.94e-06 massB=7.05e-06,before,0,0.0
p2,918,30,gain,0,149,447,0.26,0.78,4,True,B,meta-llama/Llama-3.1-8B-Instruct,chat,riskneutral_formula,0,0.75492,9e-05,1,,,massA=2.23e-05 massB=6.86e-05,before,0,0.0
p2,273,9,neutral,0,49,153,0.26,0.8118,1,False,A,meta-llama/Llama-3.1-8B-Instruct,chat,riskneutral_formula,0,0.31069,0.00095,1,,,massA=0.000295 massB=0.000655,before,0,0.0
p2,331,11,neutral,0,54,68,0.81,1.02,0,False,A,meta-llama/Llama-3.1-8B-Instruct,chat,riskneutral_formula,0,0.4149,0.00112,1,,,massA=0.000466 massB=0.000657,before,0,0.0
p2,500,16,mixed,139,139,234,0.6,1.0101,0,True,B,meta-llama/Llama-3.1-8B-Instruct,chat,riskneutral_formula,0,0.87579,0.04965,1,,,massA=0.00617 massB=0.0435,before,0,0.0
p2,28,0,mixed,186,186,984,0.26,1.3755,4,True,B,meta-llama/Llama-3.1-8B-Instruct,chat,riskneutral_formula,0,0.93146,0.01454,1,,,massA=0.000996 massB=0.0135,before,0,0.0
p2,440,14,mixed,81,81,201,0.68,1.6874,0,True,B,meta-llama/Llama-3.1-8B-Instruct,chat,riskneutral_formula,0,0.91368,0.1176,1,,,massA=0.0102 massB=0.107,before,0,0.0
p2,411,13,mixed,72,72,88,0.64,0.7822,0,False,A,meta-llama/Llama-3.1-8B-Instruct,chat,riskneutral_formula,0,0.29421,0.00195,1,,,massA=0.000575 massB=0.00138,before,0,0.0
p2,750,25,neutral,0,124,207,0.76,1.2687,0,True,B,meta-llama/Llama-3.1-8B-Instruct,chat,riskneutral_formula,0,0.61138,0.00429,1,,,massA=0.00167 massB=0.00262,before,0,0.0
p2,642,21,gain,0,106,206,0.73,1.4187,1,True,B,meta-llama/Llama-3.1-8B-Instruct,chat,riskneutral_formula,0,0.92192,0.00857,1,,,massA=0.000669 massB=0.0079,before,0,0.0
p2,1006,33,gain,0,142,446,0.53,1.6646,3,True,B,meta-llama/Llama-3.1-8B-Instruct,chat,riskneutral_formula,0,0.65489,0.0393,1,,,massA=0.0136 massB=0.0257,before,0,0.0
p2,944,31,gain,0,51,151,0.29,0.8586,2,True,B,meta-llama/Llama-3.1-8B-Instruct,chat,riskneutral_formula,0,0.55447,0.00147,1,,,massA=0.000655 massB=0.000816,before,0,0.0
p2,798,26,gain,0,59,151,0.36,0.9214,4,True,B,meta-llama/Llama-3.1-8B-Instruct,chat,riskneutral_formula,0,0.76908,6e-05,1,,,massA=1.38e-05 massB=4.61e-05,before,0,0.0
p2,774,25,mixed,124,124,207,0.76,1.2687,2,True,B,meta-llama/Llama-3.1-8B-Instruct,chat,riskneutral_formula,0,0.68595,0.01108,1,,,massA=0.00348 massB=0.0076,before,0,0.0
p2,955,31,mixed,51,51,151,0.29,0.8586,2,False,A,meta-llama/Llama-3.1-8B-Instruct,chat,riskneutral_formula,0,0.54286,0.00047,1,,,massA=0.000255 massB=0.000215,before,0,0.0
p2,1071,35,mixed,91,91,133,0.68,0.9938,0,False,A,meta-llama/Llama-3.1-8B-Instruct,chat,riskneutral_formula,0,0.23935,0.00259,1,,,massA=0.000619 massB=0.00197,before,0,0.0
p2,972,32,gain,0,131,236,0.57,1.0269,1,True,B,meta-llama/Llama-3.1-8B-Instruct,chat,riskneutral_formula,0,0.94418,0.01228,1,,,massA=0.000685 massB=0.0116,before,0,0.0
p2,638,21,neutral,0,106,206,0.73,1.4187,4,True,B,meta-llama/Llama-3.1-8B-Instruct,chat,riskneutral_formula,0,0.80317,6e-05,1,,,massA=1.1e-05 massB=4.51e-05,before,0,0.0
p2,236,7,mixed,63,63,98,0.64,0.9956,3,True,B,meta-llama/Llama-3.1-8B-Instruct,chat,riskneutral_formula,0,0.77458,0.02338,1,,,massA=0.00527 massB=0.0181,before,0,0.0
p2,336,11,neutral,0,54,68,0.81,1.02,3,True,B,meta-llama/Llama-3.1-8B-Instruct,chat,riskneutral_formula,0,0.76908,0.03966,1,,,massA=0.00916 massB=0.0305,before,0,0.0
p2,768,25,gain,0,124,207,0.76,1.2687,4,True,B,meta-llama/Llama-3.1-8B-Instruct,chat,riskneutral_formula,0,0.67576,6e-05,1,,,massA=2.08e-05 massB=4.34e-05,before,0,0.0
p2,228,7,gain,0,63,98,0.64,0.9956,4,True,B,meta-llama/Llama-3.1-8B-Instruct,chat,riskneutral_formula,0,0.66715,3e-05,1,,,massA=1.12e-05 massB=2.25e-05,before,0,0.0
p2,579,19,neutral,0,64,122,0.49,0.9341,4,False,A,meta-llama/Llama-3.1-8B-Instruct,chat,riskneutral_formula,0,0.53121,0.0,1,,,massA=2.42e-06 massB=2.14e-06,before,0,0.0
p2,145,4,mixed,29,29,71,0.55,1.3466,2,False,A,meta-llama/Llama-3.1-8B-Instruct,chat,riskneutral_formula,0,0.62612,0.00042,1,,,massA=0.000261 massB=0.000156,before,0,0.0
p2,1273,36,dominant,0,98,155,1.0,1.5816,0,False,A,meta-llama/Llama-3.1-8B-Instruct,chat,riskneutral_formula,0,0.5,0.11927,1,,,massA=0.0596 massB=0.0596,before,0,0.0
p2,199,6,gain,0,94,101,0.71,0.7629,4,False,A,meta-llama/Llama-3.1-8B-Instruct,chat,riskneutral_formula,0,0.49805,1e-05,1,,,massA=6.36e-06 massB=6.41e-06,before,0,0.0
p2,907,30,neutral,0,149,447,0.26,0.78,3,False,A,meta-llama/Llama-3.1-8B-Instruct,chat,riskneutral_formula,0,0.38122,0.02572,1,,,massA=0.00981 massB=0.0159,before,0,0.0
p2,369,12,neutral,0,164,541,0.38,1.2535,4,False,A,meta-llama/Llama-3.1-8B-Instruct,chat,riskneutral_formula,0,0.56025,0.0,1,,,massA=1.58e-06 massB=1.24e-06,before,0,0.0
p2,95,3,neutral,0,46,158,0.33,1.1335,2,False,A,meta-llama/Llama-3.1-8B-Instruct,chat,riskneutral_formula,0,0.72174,0.00027,1,,,massA=0.000195 massB=7.51e-05,before,0,0.0
p2,1085,36,neutral,0,98,227,0.47,1.0887,2,False,A,meta-llama/Llama-3.1-8B-Instruct,chat,riskneutral_formula,0,0.74614,0.00039,1,,,massA=0.000294 massB=0.0001,before,0,0.0
p2,842,28,neutral,0,132,181,0.76,1.0421,1,True,B,meta-llama/Llama-3.1-8B-Instruct,chat,riskneutral_formula,0,0.92736,0.00335,1,,,massA=0.000243 massB=0.00311,before,0,0.0
p2,320,10,mixed,111,111,278,0.58,1.4526,0,True,B,meta-llama/Llama-3.1-8B-Instruct,chat,riskneutral_formula,0,0.92523,0.10429,1,,,massA=0.0078 massB=0.0965,before,0,0.0
p2,917,30,gain,0,149,447,0.26,0.78,3,False,A,meta-llama/Llama-3.1-8B-Instruct,chat,riskneutral_formula,0,0.41111,0.00526,1,,,massA=0.00216 massB=0.0031,before,0,0.0
p2,169,5,gain,0,162,381,0.46,1.0819,4,False,A,meta-llama/Llama-3.1-8B-Instruct,chat,riskneutral_formula,0,0.43015,1e-05,1,,,massA=4.28e-06 massB=5.67e-06,before,0,0.0
p2,165,5,gain,0,162,381,0.46,1.0819,2,False,A,meta-llama/Llama-3.1-8B-Instruct,chat,riskneutral_formula,0,0.69596,0.00033,1,,,massA=0.000229 massB=9.99e-05,before,0,0.0
p2,298,9,mixed,49,49,153,0.26,0.8118,4,True,B,meta-llama/Llama-3.1-8B-Instruct,chat,riskneutral_formula,0,0.91368,0.01241,1,,,massA=0.00107 massB=0.0113,before,0,0.0
p2,486,16,neutral,0,139,234,0.6,1.0101,3,True,B,meta-llama/Llama-3.1-8B-Instruct,chat,riskneutral_formula,0,0.63703,0.02988,1,,,massA=0.0108 massB=0.019,before,0,0.0
p2,650,21,mixed,106,106,206,0.73,1.4187,0,True,B,meta-llama/Llama-3.1-8B-Instruct,chat,riskneutral_formula,0,0.9173,0.15486,1,,,massA=0.0128 massB=0.142,before,0,0.0
p2,13,0,gain,0,186,984,0.26,1.3755,1,False,A,meta-llama/Llama-3.1-8B-Instruct,chat,riskneutral_formula,0,0.26894,0.00182,1,,,massA=0.00049 massB=0.00133,before,0,0.0
p2,797,26,gain,0,59,151,0.36,0.9214,3,False,A,meta-llama/Llama-3.1-8B-Instruct,chat,riskneutral_formula,0,0.46879,0.00298,1,,,massA=0.0014 massB=0.00158,before,0,0.0
p2,300,10,neutral,0,111,278,0.58,1.4526,0,True,B,meta-llama/Llama-3.1-8B-Instruct,chat,riskneutral_formula,0,0.65489,0.00777,1,,,massA=0.00268 massB=0.00509,before,0,0.0
p2,179,5,mixed,162,162,381,0.46,1.0819,4,False,A,meta-llama/Llama-3.1-8B-Instruct,chat,riskneutral_formula,0,0.32424,0.00012,1,,,massA=4.03e-05 massB=8.4e-05,before,0,0.0
p2,450,15,neutral,0,82,113,0.74,1.0198,0,True,B,meta-llama/Llama-3.1-8B-Instruct,chat,riskneutral_formula,0,0.74317,0.00716,1,,,massA=0.00184 massB=0.00532,before,0,0.0
p2,99,3,neutral,0,46,158,0.33,1.1335,4,False,A,meta-llama/Llama-3.1-8B-Instruct,chat,riskneutral_formula,0,0.5813,0.0,1,,,massA=2.38e-06 massB=1.72e-06,before,0,0.0
p2,391,13,neutral,0,72,88,0.64,0.7822,0,False,A,meta-llama/Llama-3.1-8B-Instruct,chat,riskneutral_formula,0,0.42632,0.00114,1,,,massA=0.000484 massB=0.000651,before,0,0.0
p2,1066,35,gain,0,91,133,0.68,0.9938,3,True,B,meta-llama/Llama-3.1-8B-Instruct,chat,riskneutral_formula,0,0.66888,0.03372,1,,,massA=0.0112 massB=0.0226,before,0,0.0
p2,472,15,mixed,82,82,113,0.74,1.0198,1,True,B,meta-llama/Llama-3.1-8B-Instruct,chat,riskneutral_formula,0,0.86883,0.07091,1,,,massA=0.0093 massB=0.0616,before,0,0.0
p2,1214,7,dominant,0,63,81,1.0,1.2857,2,True,B,meta-llama/Llama-3.1-8B-Instruct,chat,riskneutral_formula,0,0.55447,0.02102,1,,,massA=0.00937 massB=0.0117,before,0,0.0
p2,248,8,neutral,0,62,263,0.33,1.3998,4,True,B,meta-llama/Llama-3.1-8B-Instruct,chat,riskneutral_formula,0,0.68931,3e-05,1,,,massA=1.06e-05 massB=2.36e-05,before,0,0.0
p2,1271,35,dominant,0,91,107,1.0,1.1758,3,False,A,meta-llama/Llama-3.1-8B-Instruct,chat,riskneutral_formula,0,0.58889,0.3309,0,,,massA=0.195 massB=0.136,before,0,0.0
p2,451,15,neutral,0,82,113,0.74,1.0198,0,False,A,meta-llama/Llama-3.1-8B-Instruct,chat,riskneutral_formula,0,0.3522,0.00187,1,,,massA=0.000659 massB=0.00121,before,0,0.0
p2,174,5,mixed,162,162,381,0.46,1.0819,2,True,B,meta-llama/Llama-3.1-8B-Instruct,chat,riskneutral_formula,0,0.73106,0.01539,1,,,massA=0.00414 massB=0.0113,before,0,0.0
p2,878,29,neutral,0,79,81,0.83,0.851,4,True,B,meta-llama/Llama-3.1-8B-Instruct,chat,riskneutral_formula,0,0.87235,0.00012,1,,,massA=1.59e-05 massB=0.000109,before,0,0.0
p2,373,12,gain,0,164,541,0.38,1.2535,1,False,A,meta-llama/Llama-3.1-8B-Instruct,chat,riskneutral_formula,0,0.20181,0.00295,1,,,massA=0.000596 massB=0.00236,before,0,0.0
p2,508,16,mixed,139,139,234,0.6,1.0101,4,True,B,meta-llama/Llama-3.1-8B-Instruct,chat,riskneutral_formula,0,0.90599,0.01244,1,,,massA=0.00117 massB=0.0113,before,0,0.0
p2,1180,39,gain,0,178,567,0.32,1.0193,0,True,B,meta-llama/Llama-3.1-8B-Instruct,chat,riskneutral_formula,0,0.62246,0.00493,1,,,massA=0.00186 massB=0.00307,before,0,0.0
p2,1249,24,dominant,0,168,180,1.0,1.0714,3,False,A,meta-llama/Llama-3.1-8B-Instruct,chat,riskneutral_formula,0,0.57368,0.32629,0,,,massA=0.187 massB=0.139,before,0,0.0
p2,36,1,neutral,0,58,116,0.66,1.32,3,True,B,meta-llama/Llama-3.1-8B-Instruct,chat,riskneutral_formula,0,0.65489,0.03064,1,,,massA=0.0106 massB=0.0201,before,0,0.0
p2,931,31,neutral,0,51,151,0.29,0.8586,0,False,A,meta-llama/Llama-3.1-8B-Instruct,chat,riskneutral_formula,0,0.34158,0.00146,1,,,massA=0.000498 massB=0.000959,before,0,0.0
p2,134,4,gain,0,29,71,0.55,1.3466,2,True,B,meta-llama/Llama-3.1-8B-Instruct,chat,riskneutral_formula,0,0.48438,0.00121,1,,,massA=0.000621 massB=0.000584,before,0,0.0
p2,543,18,neutral,0,41,61,0.58,0.8629,1,False,A,meta-llama/Llama-3.1-8B-Instruct,chat,riskneutral_formula,0,0.5351,0.00062,1,,,massA=0.000329 massB=0.000286,before,0,0.0
p2,613,20,gain,0,186,266,0.63,0.901,1,False,A,meta-llama/Llama-3.1-8B-Instruct,chat,riskneutral_formula,0,0.30404,0.00098,1,,,massA=0.000299 massB=0.000684,before,0,0.0
p2,1179,39,neutral,0,178,567,0.32,1.0193,4,False,A,meta-llama/Llama-3.1-8B-Instruct,chat,riskneutral_formula,0,0.55447,0.0,1,,,massA=1.27e-06 massB=1.02e-06,before,0,0.0
p2,693,23,neutral,0,91,626,0.23,1.5822,1,False,A,meta-llama/Llama-3.1-8B-Instruct,chat,riskneutral_formula,0,0.3522,0.00177,1,,,massA=0.000623 massB=0.00114,before,0,0.0
p2,1052,35,neutral,0,91,133,0.68,0.9938,1,True,B,meta-llama/Llama-3.1-8B-Instruct,chat,riskneutral_formula,0,0.95041,0.0047,1,,,massA=0.000233 massB=0.00447,before,0,0.0
p2,883,29,gain,0,79,81,0.83,0.851,1,False,A,meta-llama/Llama-3.1-8B-Instruct,chat,riskneutral_formula,0,0.40733,0.00088,1,,,massA=0.000358 massB=0.000521,before,0,0.0
p2,691,23,neutral,0,91,626,0.23,1.5822,0,False,A,meta-llama/Llama-3.1-8B-Instruct,chat,riskneutral_formula,0,0.34511,0.00189,1,,,massA=0.000651 massB=0.00124,before,0,0.0
p2,784,26,neutral,0,59,151,0.36,0.9214,2,True,B,meta-llama/Llama-3.1-8B-Instruct,chat,riskneutral_formula,0,0.74317,0.00108,1,,,massA=0.000277 massB=0.000801,before,0,0.0
p2,164,5,gain,0,162,381,0.46,1.0819,2,True,B,meta-llama/Llama-3.1-8B-Instruct,chat,riskneutral_formula,0,0.66541,0.00147,1,,,massA=0.000493 massB=0.000981,before,0,0.0
p2,176,5,mixed,162,162,381,0.46,1.0819,3,True,B,meta-llama/Llama-3.1-8B-Instruct,chat,riskneutral_formula,0,0.85966,0.05995,1,,,massA=0.00841 massB=0.0515,before,0,0.0
p2,303,10,neutral,0,111,278,0.58,1.4526,1,False,A,meta-llama/Llama-3.1-8B-Instruct,chat,riskneutral_formula,0,0.4187,0.00162,1,,,massA=0.000679 massB=0.000943,before,0,0.0
p2,893,29,mixed,79,79,81,0.83,0.851,1,False,A,meta-llama/Llama-3.1-8B-Instruct,chat,riskneutral_formula,0,0.37023,0.0027,1,,,massA=0.001 massB=0.0017,before,0,0.0
p2,479,15,mixed,82,82,113,0.74,1.0198,4,False,A,meta-llama/Llama-3.1-8B-Instruct,chat,riskneutral_formula,0,0.30736,7e-05,1,,,massA=2.15e-05 massB=4.84e-05,before,0,0.0
p2,125,4,neutral,0,29,71,0.55,1.3466,2,False,A,meta-llama/Llama-3.1-8B-Instruct,chat,riskneutral_formula,0,0.78266,0.00022,1,,,massA=0.000173 massB=4.82e-05,before,0,0.0
p2,161,5,gain,0,162,381,0.46,1.0819,0,False,A,meta-llama/Llama-3.1-8B-Instruct,chat,riskneutral_formula,0,0.38862,0.0014,1,,,massA=0.000546 massB=0.000858,before,0,0.0
p2,107,3,gain,0,46,158,0.33,1.1335,3,False,A,meta-llama/Llama-3.1-8B-Instruct,chat,riskneutral_formula,0,0.58889,0.00177,1,,,massA=0.00104 massB=0.000726,before,0,0.0
p2,1171,39,neutral,0,178,567,0.32,1.0193,0,False,A,meta-llama/Llama-3.1-8B-Instruct,chat,riskneutral_formula,0,0.36659,0.00097,1,,,massA=0.000356 massB=0.000615,before,0,0.0
p2,633,21,neutral,0,106,206,0.73,1.4187,1,False,A,meta-llama/Llama-3.1-8B-Instruct,chat,riskneutral_formula,0,0.43015,0.0018,1,,,massA=0.000775 massB=0.00103,before,0,0.0
p2,619,20,gain,0,186,266,0.63,0.901,4,False,A,meta-llama/Llama-3.1-8B-Instruct,chat,riskneutral_formula,0,0.51562,0.0,1,,,massA=2.52e-06 massB=2.37e-06,before,0,0.0
p2,724,24,neutral,0,168,214,0.76,0.9681,2,True,B,meta-llama/Llama-3.1-8B-Instruct,chat,riskneutral_formula,0,0.77999,0.00167,1,,,massA=0.000368 massB=0.00131,before,0,0.0
p2,964,32,neutral,0,131,236,0.57,1.0269,2,True,B,meta-llama/Llama-3.1-8B-Instruct,chat,riskneutral_formula,0,0.78531,0.00217,1,,,massA=0.000465 massB=0.0017,before,0,0.0
p2,535,17,mixed,117,117,362,0.42,1.2995,2,False,A,meta-llama/Llama-3.1-8B-Instruct,chat,riskneutral_formula,0,0.5775,0.00041,1,,,massA=0.000234 massB=0.000172,before,0,0.0
p2,1247,23,dominant,0,91,132,1.0,1.4505,4,False,A,meta-llama/Llama-3.1-8B-Instruct,chat,riskneutral_formula,0,0.85966,0.00022,1,,,massA=0.000186 massB=3.03e-05,before,0,0.0
p2,1237,18,dominant,0,41,88,1.0,2.1463,0,False,A,meta-llama/Llama-3.1-8B-Instruct,chat,riskneutral_formula,0,0.50391,0.12648,1,,,massA=0.0637 massB=0.0627,before,0,0.0
p2,1015,33,mixed,142,142,446,0.53,1.6646,2,False,A,meta-llama/Llama-3.1-8B-Instruct,chat,riskneutral_formula,0,0.60766,0.00081,1,,,massA=0.000494 massB=0.000319,before,0,0.0
p2,905,30,neutral,0,149,447,0.26,0.78,2,False,A,meta-llama/Llama-3.1-8B-Instruct,chat,riskneutral_formula,0,0.68257,0.00028,1,,,massA=0.000191 massB=8.87e-05,before,0,0.0
p2,261,8,mixed,62,62,263,0.33,1.3998,0,False,A,meta-llama/Llama-3.1-8B-Instruct,chat,riskneutral_formula,0,0.23935,0.00236,1,,,massA=0.000566 massB=0.0018,before,0,0.0
p2,602,20,neutral,0,186,266,0.63,0.901,1,True,B,meta-llama/Llama-3.1-8B-Instruct,chat,riskneutral_formula,0,0.93535,0.00319,1,,,massA=0.000206 massB=0.00298,before,0,0.0
p2,1230,15,dominant,0,82,114,1.0,1.3902,2,True,B,meta-llama/Llama-3.1-8B-Instruct,chat,riskneutral_formula,0,0.64423,0.05519,1,,,massA=0.0196 massB=0.0356,before,0,0.0
p2,965,32,neutral,0,131,236,0.57,1.0269,2,False,A,meta-llama/Llama-3.1-8B-Instruct,chat,riskneutral_formula,0,0.7773,0.00037,1,,,massA=0.000288 massB=8.26e-05,before,0,0.0
p2,808,26,mixed,59,59,151,0.36,0.9214,4,True,B,meta-llama/Llama-3.1-8B-Instruct,chat,riskneutral_formula,0,0.9149,0.01402,1,,,massA=0.00119 massB=0.0128,before,0,0.0
p2,679,22,gain,0,81,163,0.72,1.4489,4,False,A,meta-llama/Llama-3.1-8B-Instruct,chat,riskneutral_formula,0,0.48828,1e-05,1,,,massA=3.63e-06 massB=3.81e-06,before,0,0.0
p2,830,27,mixed,166,166,433,0.53,1.3825,0,True,B,meta-llama/Llama-3.1-8B-Instruct,chat,riskneutral_formula,0,0.93812,0.20509,0,,,massA=0.0127 massB=0.192,before,0,0.0
p2,753,25,neutral,0,124,207,0.76,1.2687,1,False,A,meta-llama/Llama-3.1-8B-Instruct,chat,riskneutral_formula,0,0.43782,0.00122,1,,,massA=0.000533 massB=0.000684,before,0,0.0
p2,655,21,mixed,106,106,206,0.73,1.4187,2,False,A,meta-llama/Llama-3.1-8B-Instruct,chat,riskneutral_formula,0,0.59267,0.0007,1,,,massA=0.000413 massB=0.000284,before,0,0.0
p2,84,2,mixed,162,162,661,0.26,1.0609,2,True,B,meta-llama/Llama-3.1-8B-Instruct,chat,riskneutral_formula,0,0.72798,0.00991,1,,,massA=0.00269 massB=0.00721,before,0,0.0
p2,1234,17,dominant,0,117,129,1.0,1.1026,4,True,B,meta-llama/Llama-3.1-8B-Instruct,chat,riskneutral_formula,0,0.26588,0.00069,1,,,massA=0.000505 massB=0.000183,before,0,0.0
p2,242,8,neutral,0,62,263,0.33,1.3998,1,True,B,meta-llama/Llama-3.1-8B-Instruct,chat,riskneutral_formula,0,0.87408,0.00234,1,,,massA=0.000295 massB=0.00205,before,0,0.0
p2,1228,14,dominant,0,81,135,1.0,1.6667,1,True,B,meta-llama/Llama-3.1-8B-Instruct,chat,riskneutral_formula,0,0.88563,0.13374,1,,,massA=0.0153 massB=0.118,before,0,0.0
p2,78,2,gain,0,162,661,0.26,1.0609,4,True,B,meta-llama/Llama-3.1-8B-Instruct,chat,riskneutral_formula,0,0.79819,0.0001,1,,,massA=1.95e-05 massB=7.7e-05,before,0,0.0
p2,504,16,mixed,139,139,234,0.6,1.0101,2,True,B,meta-llama/Llama-3.1-8B-Instruct,chat,riskneutral_formula,0,0.67576,0.00542,1,,,massA=0.00176 massB=0.00366,before,0,0.0
p2,823,27,gain,0,166,433,0.53,1.3825,1,False,A,meta-llama/Llama-3.1-8B-Instruct,chat,riskneutral_formula,0,0.28777,0.00227,1,,,massA=0.000653 massB=0.00162,before,0,0.0
p2,167,5,gain,0,162,381,0.46,1.0819,3,False,A,meta-llama/Llama-3.1-8B-Instruct,chat,riskneutral_formula,0,0.43015,0.00445,1,,,massA=0.00191 massB=0.00253,before,0,0.0
p2,873,29,neutral,0,79,81,0.83,0.851,1,False,A,meta-llama/Llama-3.1-8B-Instruct,chat,riskneutral_formula,0,0.61509,0.00133,1,,,massA=0.000818 massB=0.000512,before,0,0.0
p2,814,27,neutral,0,166,433,0.53,1.3825,2,True,B,meta-llama/Llama-3.1-8B-Instruct,chat,riskneutral_formula,0,0.75201,0.00237,1,,,massA=0.000588 massB=0.00178,before,0,0.0
p2,729,24,neutral,0,168,214,0.76,0.9681,4,False,A,meta-llama/Llama-3.1-8B-Instruct,chat,riskneutral_formula,0,0.49609,0.0,1,,,massA=1.86e-06 massB=1.89e-06,before,0,0.0
p2,606,20,neutral,0,186,266,0.63,0.901,3,True,B,meta-llama/Llama-3.1-8B-Instruct,chat,riskneutral_formula,0,0.77184,0.03372,1,,,massA=0.00769 massB=0.026,before,0,0.0
p2,562,18,mixed,41,41,61,0.58,0.8629,1,True,B,meta-llama/Llama-3.1-8B-Instruct,chat,riskneutral_formula,0,0.8872,0.06298,1,,,massA=0.0071 massB=0.0559,before,0,0.0
p2,547,18,neutral,0,41,61,0.58,0.8629,3,False,A,meta-llama/Llama-3.1-8B-Instruct,chat,riskneutral_formula,0,0.5813,0.00913,1,,,massA=0.0053 massB=0.00382,before,0,0.0
p2,1029,34,neutral,0,52,96,0.63,1.1631,4,False,A,meta-llama/Llama-3.1-8B-Instruct,chat,riskneutral_formula,0,0.62612,0.0,1,,,massA=1.26e-06 massB=7.51e-07,before,0,0.0
p2,461,15,gain,0,82,113,0.74,1.0198,0,False,A,meta-llama/Llama-3.1-8B-Instruct,chat,riskneutral_formula,0,0.40357,0.00081,1,,,massA=0.000326 massB=0.000481,before,0,0.0
p2,140,4,mixed,29,29,71,0.55,1.3466,0,True,B,meta-llama/Llama-3.1-8B-Instruct,chat,riskneutral_formula,0,0.89331,0.08647,1,,,massA=0.00923 massB=0.0772,before,0,0.0
p2,223,7,gain,0,63,98,0.64,0.9956,1,False,A,meta-llama/Llama-3.1-8B-Instruct,chat,riskneutral_formula,0,0.39607,0.00071,1,,,massA=0.000283 massB=0.000432,before,0,0.0
p2,966,32,neutral,0,131,236,0.57,1.0269,3,True,B,meta-llama/Llama-3.1-8B-Instruct,chat,riskneutral_formula,0,0.72487,0.03704,1,,,massA=0.0102 massB=0.0269,before,0,0.0
p2,614,20,gain,0,186,266,0.63,0.901,2,True,B,meta-llama/Llama-3.1-8B-Instruct,chat,riskneutral_formula,0,0.62612,0.00124,1,,,massA=0.000464 massB=0.000778,before,0,0.0
p2,367,12,neutral,0,164,541,0.38,1.2535,3,False,A,meta-llama/Llama-3.1-8B-Instruct,chat,riskneutral_formula,0,0.49609,0.01704,1,,,massA=0.00845 massB=0.00858,before,0,0.0
p2,439,14,gain,0,81,201,0.68,1.6874,4,False,A,meta-llama/Llama-3.1-8B-Instruct,chat,riskneutral_formula,0,0.53121,1e-05,1,,,massA=3.76e-06 massB=3.32e-06,before,0,0.0
p2,358,11,mixed,54,54,68,0.81,1.02,4,True,B,meta-llama/Llama-3.1-8B-Instruct,chat,riskneutral_formula,0,0.92192,0.02301,1,,,massA=0.0018 massB=0.0212,before,0,0.0
p2,569,18,mixed,41,41,61,0.58,0.8629,4,False,A,meta-llama/Llama-3.1-8B-Instruct,chat,riskneutral_formula,0,0.40357,0.0001,1,,,massA=3.86e-05 massB=5.7e-05,before,0,0.0
p2,1125,37,gain,0,151,252,0.68,1.1348,2,False,A,meta-llama/Llama-3.1-8B-Instruct,chat,riskneutral_formula,0,0.74317,0.00025,1,,,massA=0.000182 massB=6.3e-05,before,0,0.0
p2,874,29,neutral,0,79,81,0.83,0.851,2,True,B,meta-llama/Llama-3.1-8B-Instruct,chat,riskneutral_formula,0,0.80069,0.00251,1,,,massA=0.000501 massB=0.00201,before,0,0.0
p2,157,5,neutral,0,162,381,0.46,1.0819,3,False,A,meta-llama/Llama-3.1-8B-Instruct,chat,riskneutral_formula,0,0.48438,0.01478,1,,,massA=0.00716 massB=0.00762,before,0,0.0
p2,1142,38,neutral,0,183,609,0.38,1.2646,1,True,B,meta-llama/Llama-3.1-8B-Instruct,chat,riskneutral_formula,0,0.9173,0.00265,1,,,massA=0.000219 massB=0.00243,before,0,0.0
p2,188,6,neutral,0,94,101,0.71,0.7629,4,True,B,meta-llama/Llama-3.1-8B-Instruct,chat,riskneutral_formula,0,0.80807,9e-05,1,,,massA=1.64e-05 massB=6.9e-05,before,0,0.0
p2,327,10,mixed,111,111,278,0.58,1.4526,3,False,A,meta-llama/Llama-3.1-8B-Instruct,chat,riskneutral_formula,0,0.60019,0.00173,1,,,massA=0.00104 massB=0.000692,before,0,0.0
p2,838,27,mixed,166,166,433,0.53,1.3825,4,True,B,meta-llama/Llama-3.1-8B-Instruct,chat,riskneutral_formula,0,0.94251,0.03283,1,,,massA=0.00189 massB=0.0309,before,0,0.0
p2,811,27,neutral,0,166,433,0.53,1.3825,0,False,A,meta-llama/Llama-3.1-8B-Instruct,chat,riskneutral_formula,0,0.39234,0.00224,1,,,massA=0.00088 massB=0.00136,before,0,0.0
p2,1060,35,gain,0,91,133,0.68,0.9938,0,True,B,meta-llama/Llama-3.1-8B-Instruct,chat,riskneutral_formula,0,0.62246,0.00815,1,,,massA=0.00308 massB=0.00507,before,0,0.0
p2,185,6,neutral,0,94,101,0.71,0.7629,2,False,A,meta-llama/Llama-3.1-8B-Instruct,chat,riskneutral_formula,0,0.80317,0.00042,1,,,massA=0.000339 massB=8.3e-05,before,0,0.0
p2,155,5,neutral,0,162,381,0.46,1.0819,2,False,A,meta-llama/Llama-3.1-8B-Instruct,chat,riskneutral_formula,0,0.73412,0.0003,1,,,massA=0.000221 massB=7.99e-05,before,0,0.0
p2,533,17,mixed,117,117,362,0.42,1.2995,1,False,A,meta-llama/Llama-3.1-8B-Instruct,chat,riskneutral_formula,0,0.33459,0.00261,1,,,massA=0.000873 massB=0.00174,before,0,0.0
p2,1118,37,neutral,0,151,252,0.68,1.1348,4,True,B,meta-llama/Llama-3.1-8B-Instruct,chat,riskneutral_formula,0,0.75347,3e-05,1,,,massA=7.29e-06 massB=2.23e-05,before,0,0.0
p2,1192,39,mixed,178,178,567,0.32,1.0193,1,True,B,meta-llama/Llama-3.1-8B-Instruct,chat,riskneutral_formula,0,0.90192,0.07698,1,,,massA=0.00755 massB=0.0694,before,0,0.0
p2,692,23,neutral,0,91,626,0.23,1.5822,1,True,B,meta-llama/Llama-3.1-8B-Instruct,chat,riskneutral_formula,0,0.92192,0.00456,1,,,massA=0.000356 massB=0.0042,before,0,0.0
p2,582,19,gain,0,64,122,0.49,0.9341,1,True,B,meta-llama/Llama-3.1-8B-Instruct,chat,riskneutral_formula,0,0.83332,0.0018,1,,,massA=0.0003 massB=0.0015,before,0,0.0
p2,852,28,gain,0,132,181,0.76,1.0421,1,True,B,meta-llama/Llama-3.1-8B-Instruct,chat,riskneutral_formula,0,0.92523,0.00652,1,,,massA=0.000488 massB=0.00604,before,0,0.0
p2,667,22,neutral,0,81,163,0.72,1.4489,3,False,A,meta-llama/Llama-3.1-8B-Instruct,chat,riskneutral_formula,0,0.4649,0.00993,1,,,massA=0.00462 massB=0.00531,before,0,0.0
p2,716,23,mixed,91,91,626,0.23,1.5822,3,True,B,meta-llama/Llama-3.1-8B-Instruct,chat,riskneutral_formula,0,0.82894,0.03194,1,,,massA=0.00546 massB=0.0265,before,0,0.0
p2,1090,36,gain,0,98,227,0.47,1.0887,0,True,B,meta-llama/Llama-3.1-8B-Instruct,chat,riskneutral_formula,0,0.61509,0.01209,1,,,massA=0.00465 massB=0.00743,before,0,0.0
p2,424,14,neutral,0,81,201,0.68,1.6874,2,True,B,meta-llama/Llama-3.1-8B-Instruct,chat,riskneutral_formula,0,0.79311,0.00197,1,,,massA=0.000407 massB=0.00156,before,0,0.0
p2,676,22,gain,0,81,163,0.72,1.4489,3,True,B,meta-llama/Llama-3.1-8B-Instruct,chat,riskneutral_formula,0,0.5775,0.02288,1,,,massA=0.00967 massB=0.0132,before,0,0.0
p2,189,6,neutral,0,94,101,0.71,0.7629,4,False,A,meta-llama/Llama-3.1-8B-Instruct,chat,riskneutral_formula,0,0.60952,0.0,1,,,massA=2.66e-06 massB=1.71e-06,before,0,0.0
p2,151,5,neutral,0,162,381,0.46,1.0819,0,False,A,meta-llama/Llama-3.1-8B-Instruct,chat,riskneutral_formula,0,0.38862,0.00133,1,,,massA=0.000515 massB=0.00081,before,0,0.0
p2,952,31,mixed,51,51,151,0.29,0.8586,1,True,B,meta-llama/Llama-3.1-8B-Instruct,chat,riskneutral_formula,0,0.87915,0.08174,1,,,massA=0.00988 massB=0.0719,before,0,0.0
p2,563,18,mixed,41,41,61,0.58,0.8629,1,False,A,meta-llama/Llama-3.1-8B-Instruct,chat,riskneutral_formula,0,0.37023,0.00177,1,,,massA=0.000656 massB=0.00112,before,0,0.0
p2,178,5,mixed,162,162,381,0.46,1.0819,4,True,B,meta-llama/Llama-3.1-8B-Instruct,chat,riskneutral_formula,0,0.93629,0.0259,1,,,massA=0.00165 massB=0.0242,before,0,0.0
p2,1033,34,gain,0,52,96,0.63,1.1631,1,False,A,meta-llama/Llama-3.1-8B-Instruct,chat,riskneutral_formula,0,0.39234,0.00058,1,,,massA=0.000229 massB=0.000354,before,0,0.0
p2,863,28,mixed,132,132,181,0.76,1.0421,1,False,A,meta-llama/Llama-3.1-8B-Instruct,chat,riskneutral_formula,0,0.37388,0.00234,1,,,massA=0.000877 massB=0.00147,before,0,0.0
p2,402,13,gain,0,72,88,0.64,0.7822,1,True,B,meta-llama/Llama-3.1-8B-Instruct,chat,riskneutral_formula,0,0.90862,0.00346,1,,,massA=0.000317 massB=0.00315,before,0,0.0
p2,675,22,gain,0,81,163,0.72,1.4489,2,False,A,meta-llama/Llama-3.1-8B-Instruct,chat,riskneutral_formula,0,0.69264,0.00018,1,,,massA=0.000127 massB=5.62e-05,before,0,0.0
p2,187,6,neutral,0,94,101,0.71,0.7629,3,False,A,meta-llama/Llama-3.1-8B-Instruct,chat,riskneutral_formula,0,0.55833,0.01209,1,,,massA=0.00675 massB=0.00534,before,0,0.0
p2,805,26,mixed,59,59,151,0.36,0.9214,2,False,A,meta-llama/Llama-3.1-8B-Instruct,chat,riskneutral_formula,0,0.56218,0.00035,1,,,massA=0.000195 massB=0.000152,before,0,0.0
p2,1084,36,neutral,0,98,227,0.47,1.0887,2,True,B,meta-llama/Llama-3.1-8B-Instruct,chat,riskneutral_formula,0,0.76065,0.00255,1,,,massA=0.00061 massB=0.00194,before,0,0.0
p2,825,27,gain,0,166,433,0.53,1.3825,2,False,A,meta-llama/Llama-3.1-8B-Instruct,chat,riskneutral_formula,0,0.71859,0.00038,1,,,massA=0.00027 massB=0.000106,before,0,0.0
p2,1116,37,neutral,0,151,252,0.68,1.1348,3,True,B,meta-llama/Llama-3.1-8B-Instruct,chat,riskneutral_formula,0,0.70902,0.02735,1,,,massA=0.00796 massB=0.0194,before,0,0.0
p2,1132,37,mixed,151,151,252,0.68,1.1348,1,True,B,meta-llama/Llama-3.1-8B-Instruct,chat,riskneutral_formula,0,0.90599,0.14422,1,,,massA=0.0136 massB=0.131,before,0,0.0
p2,512,17,neutral,0,117,362,0.42,1.2995,1,True,B,meta-llama/Llama-3.1-8B-Instruct,chat,riskneutral_formula,0,0.92414,0.00273,1,,,massA=0.000207 massB=0.00252,before,0,0.0
p2,815,27,neutral,0,166,433,0.53,1.3825,2,False,A,meta-llama/Llama-3.1-8B-Instruct,chat,riskneutral_formula,0,0.76065,0.00046,1,,,massA=0.000347 massB=0.000109,before,0,0.0
p2,574,19,neutral,0,64,122,0.49,0.9341,2,True,B,meta-llama/Llama-3.1-8B-Instruct,chat,riskneutral_formula,0,0.64064,0.00126,1,,,massA=0.000454 massB=0.000809,before,0,0.0
p2,698,23,neutral,0,91,626,0.23,1.5822,4,True,B,meta-llama/Llama-3.1-8B-Instruct,chat,riskneutral_formula,0,0.79053,5e-05,1,,,massA=1.02e-05 massB=3.86e-05,before,0,0.0
p2,910,30,gain,0,149,447,0.26,0.78,0,True,B,meta-llama/Llama-3.1-8B-Instruct,chat,riskneutral_formula,0,0.56218,0.00569,1,,,massA=0.00249 massB=0.0032,before,0,0.0
p2,843,28,neutral,0,132,181,0.76,1.0421,1,False,A,meta-llama/Llama-3.1-8B-Instruct,chat,riskneutral_formula,0,0.39981,0.00088,1,,,massA=0.00035 massB=0.000526,before,0,0.0
p2,527,17,gain,0,117,362,0.42,1.2995,3,False,A,meta-llama/Llama-3.1-8B-Instruct,chat,riskneutral_formula,0,0.45326,0.00406,1,,,massA=0.00184 massB=0.00222,before,0,0.0
p2,1187,39,gain,0,178,567,0.32,1.0193,3,False,A,meta-llama/Llama-3.1-8B-Instruct,chat,riskneutral_formula,0,0.45326,0.0041,1,,,massA=0.00186 massB=0.00224,before,0,0.0
p2,1092,36,gain,0,98,227,0.47,1.0887,1,True,B,meta-llama/Llama-3.1-8B-Instruct,chat,riskneutral_formula,0,0.92414,0.00882,1,,,massA=0.000669 massB=0.00815,before,0,0.0
p2,1002,33,gain,0,142,446,0.53,1.6646,1,True,B,meta-llama/Llama-3.1-8B-Instruct,chat,riskneutral_formula,0,0.93629,0.01092,1,,,massA=0.000696 massB=0.0102,before,0,0.0
p2,285,9,gain,0,49,153,0.26,0.8118,2,False,A,meta-llama/Llama-3.1-8B-Instruct,chat,riskneutral_formula,0,0.71542,0.00019,1,,,massA=0.000136 massB=5.42e-05,before,0,0.0
p2,245,8,neutral,0,62,263,0.33,1.3998,2,False,A,meta-llama/Llama-3.1-8B-Instruct,chat,riskneutral_formula,0,0.71542,0.00029,1,,,massA=0.000209 massB=8.31e-05,before,0,0.0
p2,1181,39,gain,0,178,567,0.32,1.0193,0,False,A,meta-llama/Llama-3.1-8B-Instruct,chat,riskneutral_formula,0,0.39234,0.00136,1,,,massA=0.000533 massB=0.000826,before,0,0.0
p2,130,4,gain,0,29,71,0.55,1.3466,0,True,B,meta-llama/Llama-3.1-8B-Instruct,chat,riskneutral_formula,0,0.52342,0.00855,1,,,massA=0.00407 massB=0.00447,before,0,0.0
p2,888,29,gain,0,79,81,0.83,0.851,4,True,B,meta-llama/Llama-3.1-8B-Instruct,chat,riskneutral_formula,0,0.78266,0.00012,1,,,massA=2.71e-05 massB=9.76e-05,before,0,0.0
p2,630,21,neutral,0,106,206,0.73,1.4187,0,True,B,meta-llama/Llama-3.1-8B-Instruct,chat,riskneutral_formula,0,0.70253,0.00725,1,,,massA=0.00216 massB=0.0051,before,0,0.0
p2,85,2,mixed,162,162,661,0.26,1.0609,2,False,A,meta-llama/Llama-3.1-8B-Instruct,chat,riskneutral_formula,0,0.51952,0.00039,1,,,massA=0.000204 massB=0.000189,before,0,0.0
p2,403,13,gain,0,72,88,0.64,0.7822,1,False,A,meta-llama/Llama-3.1-8B-Instruct,chat,riskneutral_formula,0,0.36659,0.00073,1,,,massA=0.000268 massB=0.000463,before,0,0.0
p2,1246,23,dominant,0,91,132,1.0,1.4505,0,True,B,meta-llama/Llama-3.1-8B-Instruct,chat,riskneutral_formula,0,0.85966,0.34638,0,,,massA=0.0486 massB=0.298,before,0,0.0
p2,146,4,mixed,29,29,71,0.55,1.3466,3,True,B,meta-llama/Llama-3.1-8B-Instruct,chat,riskneutral_formula,0,0.76348,0.03131,1,,,massA=0.00741 massB=0.0239,before,0,0.0
p2,433,14,gain,0,81,201,0.68,1.6874,1,False,A,meta-llama/Llama-3.1-8B-Instruct,chat,riskneutral_formula,0,0.30075,0.00107,1,,,massA=0.000322 massB=0.00075,before,0,0.0
p2,1215,7,dominant,0,63,81,1.0,1.2857,2,False,A,meta-llama/Llama-3.1-8B-Instruct,chat,riskneutral_formula,0,0.76065,0.00904,1,,,massA=0.00687 massB=0.00216,before,0,0.0
p2,1100,36,mixed,98,98,227,0.47,1.0887,0,True,B,meta-llama/Llama-3.1-8B-Instruct,chat,riskneutral_formula,0,0.92841,0.19045,1,,,massA=0.0136 massB=0.177,before,0,0.0
p2,850,28,gain,0,132,181,0.76,1.0421,0,True,B,meta-llama/Llama-3.1-8B-Instruct,chat,riskneutral_formula,0,0.56985,0.00523,1,,,massA=0.00225 massB=0.00298,before,0,0.0
p2,197,6,gain,0,94,101,0.71,0.7629,3,False,A,meta-llama/Llama-3.1-8B-Instruct,chat,riskneutral_formula,0,0.53898,0.00286,1,,,massA=0.00154 massB=0.00132,before,0,0.0
p2,565,18,mixed,41,41,61,0.58,0.8629,2,False,A,meta-llama/Llama-3.1-8B-Instruct,chat,riskneutral_formula,0,0.61138,0.00044,1,,,massA=0.000266 massB=0.000169,before,0,0.0
p2,1075,35,mixed,91,91,133,0.68,0.9938,2,False,A,meta-llama/Llama-3.1-8B-Instruct,chat,riskneutral_formula,0,0.59267,0.00031,1,,,massA=0.000186 massB=0.000128,before,0,0.0
p2,895,29,mixed,79,79,81,0.83,0.851,2,False,A,meta-llama/Llama-3.1-8B-Instruct,chat,riskneutral_formula,0,0.56602,0.00083,1,,,massA=0.000471 massB=0.000361,before,0,0.0
p2,1242,21,dominant,0,106,147,1.0,1.3868,4,True,B,meta-llama/Llama-3.1-8B-Instruct,chat,riskneutral_formula,0,0.28458,0.00047,1,,,massA=0.000337 massB=0.000134,before,0,0.0
p2,572,19,neutral,0,64,122,0.49,0.9341,1,True,B,meta-llama/Llama-3.1-8B-Instruct,chat,riskneutral_formula,0,0.83548,0.00139,1,,,massA=0.000228 massB=0.00116,before,0,0.0
p2,441,14,mixed,81,81,201,0.68,1.6874,0,False,A,meta-llama/Llama-3.1-8B-Instruct,chat,riskneutral_formula,0,0.22816,0.00268,1,,,massA=0.000611 massB=0.00207,before,0,0.0
p2,233,7,mixed,63,63,98,0.64,0.9956,1,False,A,meta-llama/Llama-3.1-8B-Instruct,chat,riskneutral_formula,0,0.51952,0.00106,1,,,massA=0.000553 massB=0.000511,before,0,0.0
p2,89,2,mixed,162,162,661,0.26,1.0609,4,False,A,meta-llama/Llama-3.1-8B-Instruct,chat,riskneutral_formula,0,0.27513,0.00012,1,,,massA=3.26e-05 massB=8.59e-05,before,0,0.0
p2,395,13,neutral,0,72,88,0.64,0.7822,2,False,A,meta-llama/Llama-3.1-8B-Instruct,chat,riskneutral_formula,0,0.79311,0.00018,1,,,massA=0.000142 massB=3.71e-05,before,0,0.0
p2,886,29,gain,0,79,81,0.83,0.851,3,True,B,meta-llama/Llama-3.1-8B-Instruct,chat,riskneutral_formula,0,0.55447,0.03456,1,,,massA=0.0154 massB=0.0192,before,0,0.0
p2,1244,22,dominant,0,81,109,1.0,1.3457,0,True,B,meta-llama/Llama-3.1-8B-Instruct,chat,riskneutral_formula,0,0.83548,0.50933,0,,,massA=0.0838 massB=0.426,before,0,0.0
p2,1177,39,neutral,0,178,567,0.32,1.0193,3,False,A,meta-llama/Llama-3.1-8B-Instruct,chat,riskneutral_formula,0,0.4649,0.01408,1,,,massA=0.00655 massB=0.00753,before,0,0.0
p2,337,11,neutral,0,54,68,0.81,1.02,3,False,A,meta-llama/Llama-3.1-8B-Instruct,chat,riskneutral_formula,0,0.55061,0.01039,1,,,massA=0.00572 massB=0.00467,before,0,0.0
p2,156,5,neutral,0,162,381,0.46,1.0819,3,True,B,meta-llama/Llama-3.1-8B-Instruct,chat,riskneutral_formula,0,0.68257,0.03349,1,,,massA=0.0106 massB=0.0229,before,0,0.0
p2,1055,35,neutral,0,91,133,0.68,0.9938,2,False,A,meta-llama/Llama-3.1-8B-Instruct,chat,riskneutral_formula,0,0.81523,0.00031,1,,,massA=0.000251 massB=5.68e-05,before,0,0.0
p2,794,26,gain,0,59,151,0.36,0.9214,2,True,B,meta-llama/Llama-3.1-8B-Instruct,chat,riskneutral_formula,0,0.57368,0.00095,1,,,massA=0.000403 massB=0.000542,before,0,0.0
p2,1174,39,neutral,0,178,567,0.32,1.0193,2,True,B,meta-llama/Llama-3.1-8B-Instruct,chat,riskneutral_formula,0,0.79053,0.00143,1,,,massA=0.0003 massB=0.00113,before,0,0.0
p2,1106,36,mixed,98,98,227,0.47,1.0887,3,True,B,meta-llama/Llama-3.1-8B-Instruct,chat,riskneutral_formula,0,0.84997,0.05066,1,,,massA=0.0076 massB=0.0431,before,0,0.0
p2,739,24,gain,0,168,214,0.76,0.9681,4,False,A,meta-llama/Llama-3.1-8B-Instruct,chat,riskneutral_formula,0,0.43782,1e-05,1,,,massA=3.78e-06 massB=4.85e-06,before,0,0.0
p2,1213,6,dominant,0,94,128,1.0,1.3617,4,False,A,meta-llama/Llama-3.1-8B-Instruct,chat,riskneutral_formula,0,0.88563,0.00024,1,,,massA=0.000217 massB=2.8e-05,before,0,0.0
p2,3,0,neutral,0,186,984,0.26,1.3755,1,False,A,meta-llama/Llama-3.1-8B-Instruct,chat,riskneutral_formula,0,0.31743,0.00135,1,,,massA=0.000429 massB=0.000922,before,0,0.0
p2,681,22,mixed,81,81,163,0.72,1.4489,0,False,A,meta-llama/Llama-3.1-8B-Instruct,chat,riskneutral_formula,0,0.20947,0.00275,1,,,massA=0.000577 massB=0.00218,before,0,0.0
p2,1204,2,dominant,0,162,174,1.0,1.0741,0,True,B,meta-llama/Llama-3.1-8B-Instruct,chat,riskneutral_formula,0,0.86704,0.44958,0,,,massA=0.0598 massB=0.39,before,0,0.0
p2,936,31,neutral,0,51,151,0.29,0.8586,3,True,B,meta-llama/Llama-3.1-8B-Instruct,chat,riskneutral_formula,0,0.59643,0.02354,1,,,massA=0.0095 massB=0.014,before,0,0.0
p2,1152,38,gain,0,183,609,0.38,1.2646,1,True,B,meta-llama/Llama-3.1-8B-Instruct,chat,riskneutral_formula,0,0.95328,0.0128,1,,,massA=0.000598 massB=0.0122,before,0,0.0
p2,354,11,mixed,54,54,68,0.81,1.02,2,True,B,meta-llama/Llama-3.1-8B-Instruct,chat,riskneutral_formula,0,0.66541,0.01157,1,,,massA=0.00387 massB=0.0077,before,0,0.0
p2,1144,38,neutral,0,183,609,0.38,1.2646,2,True,B,meta-llama/Llama-3.1-8B-Instruct,chat,riskneutral_formula,0,0.79566,0.00151,1,,,massA=0.000309 massB=0.0012,before,0,0.0
p2,1050,35,neutral,0,91,133,0.68,0.9938,0,True,B,meta-llama/Llama-3.1-8B-Instruct,chat,riskneutral_formula,0,0.71223,0.00723,1,,,massA=0.00208 massB=0.00515,before,0,0.0
p2,975,32,gain,0,131,236,0.57,1.0269,2,False,A,meta-llama/Llama-3.1-8B-Instruct,chat,riskneutral_formula,0,0.74317,0.00027,1,,,massA=0.000202 massB=6.98e-05,before,0,0.0
p2,1143,38,neutral,0,183,609,0.38,1.2646,1,False,A,meta-llama/Llama-3.1-8B-Instruct,chat,riskneutral_formula,0,0.37023,0.00088,1,,,massA=0.000327 massB=0.000556,before,0,0.0
p2,1119,37,neutral,0,151,252,0.68,1.1348,4,False,A,meta-llama/Llama-3.1-8B-Instruct,chat,riskneutral_formula,0,0.56025,0.0,1,,,massA=1.48e-06 massB=1.16e-06,before,0,0.0
p2,290,9,mixed,49,49,153,0.26,0.8118,0,True,B,meta-llama/Llama-3.1-8B-Instruct,chat,riskneutral_formula,0,0.89331,0.06928,1,,,massA=0.00739 massB=0.0619,before,0,0.0
p2,819,27,neutral,0,166,433,0.53,1.3825,4,False,A,meta-llama/Llama-3.1-8B-Instruct,chat,riskneutral_formula,0,0.59455,0.0,1,,,massA=2.5e-06 massB=1.7e-06,before,0,0.0
p2,627,20,mixed,186,186,266,0.63,0.901,3,False,A,meta-llama/Llama-3.1-8B-Instruct,chat,riskneutral_formula,0,0.60393,0.00087,1,,,massA=0.000522 massB=0.000343,before,0,0.0
p2,1048,34,mixed,52,52,96,0.63,1.1631,4,True,B,meta-llama/Llama-3.1-8B-Instruct,chat,riskneutral_formula,0,0.90991,0.01517,1,,,massA=0.00137 massB=0.0138,before,0,0.0
p2,538,17,mixed,117,117,362,0.42,1.2995,4,True,B,meta-llama/Llama-3.1-8B-Instruct,chat,riskneutral_formula,0,0.93721,0.01823,1,,,massA=0.00114 massB=0.0171,before,0,0.0
p2,495,16,gain,0,139,234,0.6,1.0101,2,False,A,meta-llama/Llama-3.1-8B-Instruct,chat,riskneutral_formula,0,0.74614,0.00012,1,,,massA=9.02e-05 massB=3.07e-05,before,0,0.0
p2,971,32,gain,0,131,236,0.57,1.0269,0,False,A,meta-llama/Llama-3.1-8B-Instruct,chat,riskneutral_formula,0,0.4225,0.00115,1,,,massA=0.000486 massB=0.000664,before,0,0.0
p2,59,1,mixed,58,58,116,0.66,1.32,4,False,A,meta-llama/Llama-3.1-8B-Instruct,chat,riskneutral_formula,0,0.4187,0.00024,1,,,massA=0.000101 massB=0.000141,before,0,0.0
p2,728,24,neutral,0,168,214,0.76,0.9681,4,True,B,meta-llama/Llama-3.1-8B-Instruct,chat,riskneutral_formula,0,0.81048,6e-05,1,,,massA=1.08e-05 massB=4.62e-05,before,0,0.0
p2,892,29,mixed,79,79,81,0.83,0.851,1,True,B,meta-llama/Llama-3.1-8B-Instruct,chat,riskneutral_formula,0,0.84594,0.09499,1,,,massA=0.0146 massB=0.0804,before,0,0.0
p2,221,7,gain,0,63,98,0.64,0.9956,0,False,A,meta-llama/Llama-3.1-8B-Instruct,chat,riskneutral_formula,0,0.49219,0.00054,1,,,massA=0.000268 massB=0.000276,before,0,0.0
p2,200,6,mixed,94,94,101,0.71,0.7629,0,True,B,meta-llama/Llama-3.1-8B-Instruct,chat,riskneutral_formula,0,0.88876,0.10741,1,,,massA=0.0119 massB=0.0955,before,0,0.0
p2,1047,34,mixed,52,52,96,0.63,1.1631,3,False,A,meta-llama/Llama-3.1-8B-Instruct,chat,riskneutral_formula,0,0.65135,0.00139,1,,,massA=0.000906 massB=0.000485,before,0,0.0
p2,497,16,gain,0,139,234,0.6,1.0101,3,False,A,meta-llama/Llama-3.1-8B-Instruct,chat,riskneutral_formula,0,0.63341,0.00137,1,,,massA=0.000865 massB=0.000501,before,0,0.0
p2,653,21,mixed,106,106,206,0.73,1.4187,1,False,A,meta-llama/Llama-3.1-8B-Instruct,chat,riskneutral_formula,0,0.4225,0.00388,1,,,massA=0.00164 massB=0.00224,before,0,0.0
p2,801,26,mixed,59,59,151,0.36,0.9214,0,False,A,meta-llama/Llama-3.1-8B-Instruct,chat,riskneutral_formula,0,0.18011,0.00282,1,,,massA=0.000508 massB=0.00231,before,0,0.0
p2,995,33,neutral,0,142,446,0.53,1.6646,2,False,A,meta-llama/Llama-3.1-8B-Instruct,chat,riskneutral_formula,0,0.7773,0.00046,1,,,massA=0.000359 massB=0.000103,before,0,0.0
p2,718,23,mixed,91,91,626,0.23,1.5822,4,True,B,meta-llama/Llama-3.1-8B-Instruct,chat,riskneutral_formula,0,0.93812,0.01529,1,,,massA=0.000946 massB=0.0143,before,0,0.0
p2,217,7,neutral,0,63,98,0.64,0.9956,3,False,A,meta-llama/Llama-3.1-8B-Instruct,chat,riskneutral_formula,0,0.62612,0.00874,1,,,massA=0.00547 massB=0.00327,before,0,0.0
p2,507,16,mixed,139,139,234,0.6,1.0101,3,False,A,meta-llama/Llama-3.1-8B-Instruct,chat,riskneutral_formula,0,0.58889,0.00111,1,,,massA=0.000654 massB=0.000456,before,0,0.0
p2,1270,35,dominant,0,91,107,1.0,1.1758,0,True,B,meta-llama/Llama-3.1-8B-Instruct,chat,riskneutral_formula,0,0.84997,0.47853,0,,,massA=0.0718 massB=0.407,before,0,0.0
p2,756,25,neutral,0,124,207,0.76,1.2687,3,True,B,meta-llama/Llama-3.1-8B-Instruct,chat,riskneutral_formula,0,0.70253,0.03162,1,,,massA=0.00941 massB=0.0222,before,0,0.0
p2,789,26,neutral,0,59,151,0.36,0.9214,4,False,A,meta-llama/Llama-3.1-8B-Instruct,chat,riskneutral_formula,0,0.52926,0.0,1,,,massA=1.2e-06 massB=1.07e-06,before,0,0.0
p2,405,13,gain,0,72,88,0.64,0.7822,2,False,A,meta-llama/Llama-3.1-8B-Instruct,chat,riskneutral_formula,0,0.76065,0.00017,1,,,massA=0.000126 massB=3.96e-05,before,0,0.0
p2,259,8,gain,0,62,263,0.33,1.3998,4,False,A,meta-llama/Llama-3.1-8B-Instruct,chat,riskneutral_formula,0,0.50586,1e-05,1,,,massA=3.27e-06 massB=3.19e-06,before,0,0.0
p2,598,19,mixed,64,64,122,0.49,0.9341,4,True,B,meta-llama/Llama-3.1-8B-Instruct,chat,riskneutral_formula,0,0.90053,0.01332,1,,,massA=0.00132 massB=0.012,before,0,0.0
p2,658,21,mixed,106,106,206,0.73,1.4187,4,True,B,meta-llama/Llama-3.1-8B-Instruct,chat,riskneutral_formula,0,0.92736,0.03762,1,,,massA=0.00273 massB=0.0349,before,0,0.0
p2,1093,36,gain,0,98,227,0.47,1.0887,1,False,A,meta-llama/Llama-3.1-8B-Instruct,chat,riskneutral_formula,0,0.23371,0.00366,1,,,massA=0.000856 massB=0.00281,before,0,0.0
p2,341,11,gain,0,54,68,0.81,1.02,0,False,A,meta-llama/Llama-3.1-8B-Instruct,chat,riskneutral_formula,0,0.47268,0.00036,1,,,massA=0.000171 massB=0.00019,before,0,0.0
p2,1140,38,neutral,0,183,609,0.38,1.2646,0,True,B,meta-llama/Llama-3.1-8B-Instruct,chat,riskneutral_formula,0,0.69264,0.00473,1,,,massA=0.00145 massB=0.00328,before,0,0.0
p2,1077,35,mixed,91,91,133,0.68,0.9938,3,False,A,meta-llama/Llama-3.1-8B-Instruct,chat,riskneutral_formula,0,0.63341,0.00105,1,,,massA=0.000665 massB=0.000385,before,0,0.0
p2,27,0,mixed,186,186,984,0.26,1.3755,3,False,A,meta-llama/Llama-3.1-8B-Instruct,chat,riskneutral_formula,0,0.52732,0.00114,1,,,massA=0.000599 massB=0.000537,before,0,0.0
p2,1162,38,mixed,183,183,609,0.38,1.2646,1,True,B,meta-llama/Llama-3.1-8B-Instruct,chat,riskneutral_formula,0,0.91964,0.11762,1,,,massA=0.00945 massB=0.108,before,0,0.0
p2,879,29,neutral,0,79,81,0.83,0.851,4,False,A,meta-llama/Llama-3.1-8B-Instruct,chat,riskneutral_formula,0,0.64958,0.0,1,,,massA=1.55e-06 massB=8.37e-07,before,0,0.0
p2,469,15,gain,0,82,113,0.74,1.0198,4,False,A,meta-llama/Llama-3.1-8B-Instruct,chat,riskneutral_formula,0,0.46102,1e-05,1,,,massA=3.42e-06 massB=4e-06,before,0,0.0
p2,857,28,gain,0,132,181,0.76,1.0421,3,False,A,meta-llama/Llama-3.1-8B-Instruct,chat,riskneutral_formula,0,0.4649,0.00184,1,,,massA=0.000857 massB=0.000986,before,0,0.0
p2,347,11,gain,0,54,68,0.81,1.02,3,False,A,meta-llama/Llama-3.1-8B-Instruct,chat,riskneutral_formula,0,0.56218,0.00119,1,,,massA=0.000668 massB=0.00052,before,0,0.0
p2,684,22,mixed,81,81,163,0.72,1.4489,2,True,B,meta-llama/Llama-3.1-8B-Instruct,chat,riskneutral_formula,0,0.69596,0.01098,1,,,massA=0.00334 massB=0.00764,before,0,0.0
p2,370,12,gain,0,164,541,0.38,1.2535,0,True,B,meta-llama/Llama-3.1-8B-Instruct,chat,riskneutral_formula,0,0.63703,0.00711,1,,,massA=0.00258 massB=0.00453,before,0,0.0
p2,541,18,neutral,0,41,61,0.58,0.8629,0,False,A,meta-llama/Llama-3.1-8B-Instruct,chat,riskneutral_formula,0,0.42632,0.00127,1,,,massA=0.000543 massB=0.00073,before,0,0.0
p2,816,27,neutral,0,166,433,0.53,1.3825,3,True,B,meta-llama/Llama-3.1-8B-Instruct,chat,riskneutral_formula,0,0.74909,0.04318,1,,,massA=0.0108 massB=0.0323,before,0,0.0
p2,335,11,neutral,0,54,68,0.81,1.02,2,False,A,meta-llama/Llama-3.1-8B-Instruct,chat,riskneutral_formula,0,0.79819,0.00025,1,,,massA=0.000202 massB=5.11e-05,before,0,0.0
p2,1110,37,neutral,0,151,252,0.68,1.1348,0,True,B,meta-llama/Llama-3.1-8B-Instruct,chat,riskneutral_formula,0,0.65489,0.00551,1,,,massA=0.0019 massB=0.00361,before,0,0.0
p2,398,13,neutral,0,72,88,0.64,0.7822,4,True,B,meta-llama/Llama-3.1-8B-Instruct,chat,riskneutral_formula,0,0.84797,6e-05,1,,,massA=9.49e-06 massB=5.29e-05,before,0,0.0
p2,34,1,neutral,0,58,116,0.66,1.32,2,True,B,meta-llama/Llama-3.1-8B-Instruct,chat,riskneutral_formula,0,0.79819,0.00226,1,,,massA=0.000455 massB=0.0018,before,0,0.0
p2,664,22,neutral,0,81,163,0.72,1.4489,2,True,B,meta-llama/Llama-3.1-8B-Instruct,chat,riskneutral_formula,0,0.83762,0.00162,1,,,massA=0.000263 massB=0.00136,before,0,0.0
p2,342,11,gain,0,54,68,0.81,1.02,1,True,B,meta-llama/Llama-3.1-8B-Instruct,chat,riskneutral_formula,0,0.90192,0.00343,1,,,massA=0.000336 massB=0.00309,before,0,0.0
p2,458,15,neutral,0,82,113,0.74,1.0198,4,True,B,meta-llama/Llama-3.1-8B-Instruct,chat,riskneutral_formula,0,0.86339,9e-05,1,,,massA=1.25e-05 massB=7.92e-05,before,0,0.0
p2,1036,34,gain,0,52,96,0.63,1.1631,3,True,B,meta-llama/Llama-3.1-8B-Instruct,chat,riskneutral_formula,0,0.52732,0.01334,1,,,massA=0.00631 massB=0.00703,before,0,0.0
p2,592,19,mixed,64,64,122,0.49,0.9341,1,True,B,meta-llama/Llama-3.1-8B-Instruct,chat,riskneutral_formula,0,0.86339,0.06628,1,,,massA=0.00905 massB=0.0572,before,0,0.0
p2,380,12,mixed,164,164,541,0.38,1.2535,0,True,B,meta-llama/Llama-3.1-8B-Instruct,chat,riskneutral_formula,0,0.92944,0.13505,1,,,massA=0.00953 massB=0.126,before,0,0.0
p2,953,31,mixed,51,51,151,0.29,0.8586,1,False,A,meta-llama/Llama-3.1-8B-Instruct,chat,riskneutral_formula,0,0.28141,0.00269,1,,,massA=0.000756 massB=0.00193,before,0,0.0
p2,442,14,mixed,81,81,201,0.68,1.6874,1,True,B,meta-llama/Llama-3.1-8B-Instruct,chat,riskneutral_formula,0,0.91611,0.10201,1,,,massA=0.00856 massB=0.0934,before,0,0.0
p2,275,9,neutral,0,49,153,0.26,0.8118,2,False,A,meta-llama/Llama-3.1-8B-Instruct,chat,riskneutral_formula,0,0.66541,0.00018,1,,,massA=0.00012 massB=6.05e-05,before,0,0.0
p2,795,26,gain,0,59,151,0.36,0.9214,2,False,A,meta-llama/Llama-3.1-8B-Instruct,chat,riskneutral_formula,0,0.70902,0.00021,1,,,massA=0.000152 massB=6.26e-05,before,0,0.0
p2,646,21,gain,0,106,206,0.73,1.4187,3,True,B,meta-llama/Llama-3.1-8B-Instruct,chat,riskneutral_formula,0,0.63341,0.04309,1,,,massA=0.0158 massB=0.0273,before,0,0.0
p2,954,31,mixed,51,51,151,0.29,0.8586,2,True,B,meta-llama/Llama-3.1-8B-Instruct,chat,riskneutral_formula,0,0.66192,0.01081,1,,,massA=0.00366 massB=0.00716,before,0,0.0
p2,284,9,gain,0,49,153,0.26,0.8118,2,True,B,meta-llama/Llama-3.1-8B-Instruct,chat,riskneutral_formula,0,0.5351,0.00083,1,,,massA=0.000388 massB=0.000446,before,0,0.0
p2,135,4,gain,0,29,71,0.55,1.3466,2,False,A,meta-llama/Llama-3.1-8B-Instruct,chat,riskneutral_formula,0,0.78793,0.00023,1,,,massA=0.000181 massB=4.87e-05,before,0,0.0
p2,360,12,neutral,0,164,541,0.38,1.2535,0,True,B,meta-llama/Llama-3.1-8B-Instruct,chat,riskneutral_formula,0,0.6478,0.00325,1,,,massA=0.00115 massB=0.00211,before,0,0.0
p2,1038,34,gain,0,52,96,0.63,1.1631,4,True,B,meta-llama/Llama-3.1-8B-Instruct,chat,riskneutral_formula,0,0.66192,4e-05,1,,,massA=1.2e-05 massB=2.35e-05,before,0,0.0
p2,351,11,mixed,54,54,68,0.81,1.02,0,False,A,meta-llama/Llama-3.1-8B-Instruct,chat,riskneutral_formula,0,0.20947,0.00229,1,,,massA=0.000479 massB=0.00181,before,0,0.0
p2,505,16,mixed,139,139,234,0.6,1.0101,2,False,A,meta-llama/Llama-3.1-8B-Instruct,chat,riskneutral_formula,0,0.58889,0.00032,1,,,massA=0.000191 massB=0.000134,before,0,0.0
p2,770,25,mixed,124,124,207,0.76,1.2687,0,True,B,meta-llama/Llama-3.1-8B-Instruct,chat,riskneutral_formula,0,0.90465,0.08272,1,,,massA=0.00789 massB=0.0748,before,0,0.0
p2,315,10,gain,0,111,278,0.58,1.4526,2,False,A,meta-llama/Llama-3.1-8B-Instruct,chat,riskneutral_formula,0,0.73106,0.00031,1,,,massA=0.000228 massB=8.39e-05,before,0,0.0
p2,1051,35,neutral,0,91,133,0.68,0.9938,0,False,A,meta-llama/Llama-3.1-8B-Instruct,chat,riskneutral_formula,0,0.44553,0.00136,1,,,massA=0.000608 massB=0.000757,before,0,0.0
p2,218,7,neutral,0,63,98,0.64,0.9956,4,True,B,meta-llama/Llama-3.1-8B-Instruct,chat,riskneutral_formula,0,0.83973,5e-05,1,,,massA=7.97e-06 massB=4.17e-05,before,0,0.0
p2,1059,35,neutral,0,91,133,0.68,0.9938,4,False,A,meta-llama/Llama-3.1-8B-Instruct,chat,riskneutral_formula,0,0.59267,0.0,1,,,massA=1.88e-06 massB=1.3e-06,before,0,0.0
p2,652,21,mixed,106,106,206,0.73,1.4187,1,True,B,meta-llama/Llama-3.1-8B-Instruct,chat,riskneutral_formula,0,0.89181,0.12625,1,,,massA=0.0137 massB=0.113,before,0,0.0
p2,844,28,neutral,0,132,181,0.76,1.0421,2,True,B,meta-llama/Llama-3.1-8B-Instruct,chat,riskneutral_formula,0,0.76065,0.00133,1,,,massA=0.000318 massB=0.00101,before,0,0.0
p2,644,21,gain,0,106,206,0.73,1.4187,2,True,B,meta-llama/Llama-3.1-8B-Instruct,chat,riskneutral_formula,0,0.59643,0.0026,1,,,massA=0.00105 massB=0.00155,before,0,0.0
p2,1150,38,gain,0,183,609,0.38,1.2646,0,True,B,meta-llama/Llama-3.1-8B-Instruct,chat,riskneutral_formula,0,0.72487,0.01089,1,,,massA=0.003 massB=0.00789,before,0,0.0
p2,352,11,mixed,54,54,68,0.81,1.02,1,True,B,meta-llama/Llama-3.1-8B-Instruct,chat,riskneutral_formula,0,0.85391,0.04847,1,,,massA=0.00708 massB=0.0414,before,0,0.0
p2,884,29,gain,0,79,81,0.83,0.851,2,True,B,meta-llama/Llama-3.1-8B-Instruct,chat,riskneutral_formula,0,0.56218,0.00192,1,,,massA=0.000839 massB=0.00108,before,0,0.0
p2,757,25,neutral,0,124,207,0.76,1.2687,3,False,A,meta-llama/Llama-3.1-8B-Instruct,chat,riskneutral_formula,0,0.51172,0.01518,1,,,massA=0.00777 massB=0.00741,before,0,0.0
p2,271,9,neutral,0,49,153,0.26,0.8118,0,False,A,meta-llama/Llama-3.1-8B-Instruct,chat,riskneutral_formula,0,0.32082,0.00135,1,,,massA=0.000432 massB=0.000914,before,0,0.0
p2,278,9,neutral,0,49,153,0.26,0.8118,4,True,B,meta-llama/Llama-3.1-8B-Instruct,chat,riskneutral_formula,0,0.81757,5e-05,1,,,massA=8.51e-06 massB=3.81e-05,before,0,0.0
p2,419,13,mixed,72,72,88,0.64,0.7822,4,False,A,meta-llama/Llama-3.1-8B-Instruct,chat,riskneutral_formula,0,0.43782,6e-05,1,,,massA=2.56e-05 massB=3.29e-05,before,0,0.0
p2,813,27,neutral,0,166,433,0.53,1.3825,1,False,A,meta-llama/Llama-3.1-8B-Instruct,chat,riskneutral_formula,0,0.37023,0.00209,1,,,massA=0.000773 massB=0.00132,before,0,0.0
p2,641,21,gain,0,106,206,0.73,1.4187,0,False,A,meta-llama/Llama-3.1-8B-Instruct,chat,riskneutral_formula,0,0.40733,0.00103,1,,,massA=0.000418 massB=0.000609,before,0,0.0
p2,1133,37,mixed,151,151,252,0.68,1.1348,1,False,A,meta-llama/Llama-3.1-8B-Instruct,chat,riskneutral_formula,0,0.33112,0.00287,1,,,massA=0.000952 massB=0.00192,before,0,0.0
p2,1243,21,dominant,0,106,147,1.0,1.3868,3,False,A,meta-llama/Llama-3.1-8B-Instruct,chat,riskneutral_formula,0,0.51952,0.31672,0,,,massA=0.165 massB=0.152,before,0,0.0
p2,302,10,neutral,0,111,278,0.58,1.4526,1,True,B,meta-llama/Llama-3.1-8B-Instruct,chat,riskneutral_formula,0,0.93146,0.00772,1,,,massA=0.000529 massB=0.00719,before,0,0.0
p2,531,17,mixed,117,117,362,0.42,1.2995,0,False,A,meta-llama/Llama-3.1-8B-Instruct,chat,riskneutral_formula,0,0.19931,0.00333,1,,,massA=0.000663 massB=0.00266,before,0,0.0
p2,118,3,mixed,46,46,158,0.33,1.1335,4,True,B,meta-llama/Llama-3.1-8B-Instruct,chat,riskneutral_formula,0,0.9173,0.02041,1,,,massA=0.00169 massB=0.0187,before,0,0.0
p2,860,28,mixed,132,132,181,0.76,1.0421,0,True,B,meta-llama/Llama-3.1-8B-Instruct,chat,riskneutral_formula,0,0.89912,0.08048,1,,,massA=0.00812 massB=0.0724,before,0,0.0
p2,631,21,neutral,0,106,206,0.73,1.4187,0,False,A,meta-llama/Llama-3.1-8B-Instruct,chat,riskneutral_formula,0,0.38862,0.0017,1,,,massA=0.000659 massB=0.00104,before,0,0.0
p2,171,5,mixed,162,162,381,0.46,1.0819,0,False,A,meta-llama/Llama-3.1-8B-Instruct,chat,riskneutral_formula,0,0.17554,0.00606,1,,,massA=0.00106 massB=0.005,before,0,0.0
p2,762,25,gain,0,124,207,0.76,1.2687,1,True,B,meta-llama/Llama-3.1-8B-Instruct,chat,riskneutral_formula,0,0.90192,0.00371,1,,,massA=0.000364 massB=0.00335,before,0,0.0
p2,861,28,mixed,132,132,181,0.76,1.0421,0,False,A,meta-llama/Llama-3.1-8B-Instruct,chat,riskneutral_formula,0,0.20434,0.00283,1,,,massA=0.000578 massB=0.00225,before,0,0.0
p2,1103,36,mixed,98,98,227,0.47,1.0887,1,False,A,meta-llama/Llama-3.1-8B-Instruct,chat,riskneutral_formula,0,0.31405,0.00359,1,,,massA=0.00113 massB=0.00247,before,0,0.0
p2,231,7,mixed,63,63,98,0.64,0.9956,0,False,A,meta-llama/Llama-3.1-8B-Instruct,chat,riskneutral_formula,0,0.25683,0.0016,1,,,massA=0.00041 massB=0.00119,before,0,0.0
p2,643,21,gain,0,106,206,0.73,1.4187,1,False,A,meta-llama/Llama-3.1-8B-Instruct,chat,riskneutral_formula,0,0.27202,0.00183,1,,,massA=0.000498 massB=0.00133,before,0,0.0
p2,468,15,gain,0,82,113,0.74,1.0198,4,True,B,meta-llama/Llama-3.1-8B-Instruct,chat,riskneutral_formula,0,0.75201,8e-05,1,,,massA=1.95e-05 massB=5.93e-05,before,0,0.0
p2,806,26,mixed,59,59,151,0.36,0.9214,3,True,B,meta-llama/Llama-3.1-8B-Instruct,chat,riskneutral_formula,0,0.7773,0.02702,1,,,massA=0.00602 massB=0.021,before,0,0.0
p2,409,13,gain,0,72,88,0.64,0.7822,4,False,A,meta-llama/Llama-3.1-8B-Instruct,chat,riskneutral_formula,0,0.5641,0.0,1,,,massA=2.68e-06 massB=2.07e-06,before,0,0.0
p2,624,20,mixed,186,186,266,0.63,0.901,2,True,B,meta-llama/Llama-3.1-8B-Instruct,chat,riskneutral_formula,0,0.71542,0.00974,1,,,massA=0.00277 massB=0.00697,before,0,0.0
p2,465,15,gain,0,82,113,0.74,1.0198,2,False,A,meta-llama/Llama-3.1-8B-Instruct,chat,riskneutral_formula,0,0.70253,0.00023,1,,,massA=0.000164 massB=6.96e-05,before,0,0.0
p2,382,12,mixed,164,164,541,0.38,1.2535,1,True,B,meta-llama/Llama-3.1-8B-Instruct,chat,riskneutral_formula,0,0.91964,0.14371,1,,,massA=0.0115 massB=0.132,before,0,0.0
p2,431,14,gain,0,81,201,0.68,1.6874,0,False,A,meta-llama/Llama-3.1-8B-Instruct,chat,riskneutral_formula,0,0.46879,0.00073,1,,,massA=0.000341 massB=0.000387,before,0,0.0
p2,109,3,gain,0,46,158,0.33,1.1335,4,False,A,meta-llama/Llama-3.1-8B-Instruct,chat,riskneutral_formula,0,0.53315,1e-05,1,,,massA=4.2e-06 massB=3.68e-06,before,0,0.0
p2,1268,34,dominant,0,52,110,1.0,2.1154,3,True,B,meta-llama/Llama-3.1-8B-Instruct,chat,riskneutral_formula,0,0.76908,0.35273,0,,,massA=0.0815 massB=0.271,before,0,0.0
p2,1277,38,dominant,0,183,201,1.0,1.0984,2,False,A,meta-llama/Llama-3.1-8B-Instruct,chat,riskneutral_formula,0,0.75779,0.03355,1,,,massA=0.0254 massB=0.00813,before,0,0.0
p2,1161,38,mixed,183,183,609,0.38,1.2646,0,False,A,meta-llama/Llama-3.1-8B-Instruct,chat,riskneutral_formula,0,0.16668,0.00457,1,,,massA=0.000761 massB=0.00381,before,0,0.0
p2,677,22,gain,0,81,163,0.72,1.4489,3,False,A,meta-llama/Llama-3.1-8B-Instruct,chat,riskneutral_formula,0,0.54286,0.00181,1,,,massA=0.000981 massB=0.000826,before,0,0.0
p2,1136,37,mixed,151,151,252,0.68,1.1348,3,True,B,meta-llama/Llama-3.1-8B-Instruct,chat,riskneutral_formula,0,0.82894,0.05721,1,,,massA=0.00979 massB=0.0474,before,0,0.0
p2,511,17,neutral,0,117,362,0.42,1.2995,0,False,A,meta-llama/Llama-3.1-8B-Instruct,chat,riskneutral_formula,0,0.35577,0.00128,1,,,massA=0.000455 massB=0.000825,before,0,0.0
p2,1212,6,dominant,0,94,128,1.0,1.3617,3,True,B,meta-llama/Llama-3.1-8B-Instruct,chat,riskneutral_formula,0,0.81287,0.47271,0,,,massA=0.0885 massB=0.384,before,0,0.0
p2,1,0,neutral,0,186,984,0.26,1.3755,0,False,A,meta-llama/Llama-3.1-8B-Instruct,chat,riskneutral_formula,0,0.33459,0.00156,1,,,massA=0.000521 massB=0.00104,before,0,0.0
p2,55,1,mixed,58,58,116,0.66,1.32,2,False,A,meta-llama/Llama-3.1-8B-Instruct,chat,riskneutral_formula,0,0.5851,0.00069,1,,,massA=0.000405 massB=0.000287,before,0,0.0
p2,589,19,gain,0,64,122,0.49,0.9341,4,False,A,meta-llama/Llama-3.1-8B-Instruct,chat,riskneutral_formula,0,0.5351,1e-05,1,,,massA=2.81e-06 massB=2.45e-06,before,0,0.0
p2,488,16,neutral,0,139,234,0.6,1.0101,4,True,B,meta-llama/Llama-3.1-8B-Instruct,chat,riskneutral_formula,0,0.81168,5e-05,1,,,massA=9.52e-06 massB=4.1e-05,before,0,0.0
p2,923,30,mixed,149,149,447,0.26,0.78,1,False,A,meta-llama/Llama-3.1-8B-Instruct,chat,riskneutral_formula,0,0.28141,0.00329,1,,,massA=0.000926 massB=0.00236,before,0,0.0
p2,1170,39,neutral,0,178,567,0.32,1.0193,0,True,B,meta-llama/Llama-3.1-8B-Instruct,chat,riskneutral_formula,0,0.71542,0.0052,1,,,massA=0.00148 massB=0.00372,before,0,0.0
p2,267,8,mixed,62,62,263,0.33,1.3998,3,False,A,meta-llama/Llama-3.1-8B-Instruct,chat,riskneutral_formula,0,0.59643,0.00105,1,,,massA=0.000629 massB=0.000425,before,0,0.0
p2,204,6,mixed,94,94,101,0.71,0.7629,2,True,B,meta-llama/Llama-3.1-8B-Instruct,chat,riskneutral_formula,0,0.65135,0.01378,1,,,massA=0.0048 massB=0.00897,before,0,0.0
p2,686,22,mixed,81,81,163,0.72,1.4489,3,True,B,meta-llama/Llama-3.1-8B-Instruct,chat,riskneutral_formula,0,0.80069,0.05446,1,,,massA=0.0109 massB=0.0436,before,0,0.0
p2,453,15,neutral,0,82,113,0.74,1.0198,1,False,A,meta-llama/Llama-3.1-8B-Instruct,chat,riskneutral_formula,0,0.47658,0.00196,1,,,massA=0.000936 massB=0.00103,before,0,0.0
p2,154,5,neutral,0,162,381,0.46,1.0819,2,True,B,meta-llama/Llama-3.1-8B-Instruct,chat,riskneutral_formula,0,0.7773,0.00126,1,,,massA=0.00028 massB=0.000977,before,0,0.0
p2,974,32,gain,0,131,236,0.57,1.0269,2,True,B,meta-llama/Llama-3.1-8B-Instruct,chat,riskneutral_formula,0,0.65489,0.0026,1,,,massA=0.000896 massB=0.0017,before,0,0.0
p2,150,5,neutral,0,162,381,0.46,1.0819,0,True,B,meta-llama/Llama-3.1-8B-Instruct,chat,riskneutral_formula,0,0.65842,0.00451,1,,,massA=0.00154 massB=0.00297,before,0,0.0
p2,244,8,neutral,0,62,263,0.33,1.3998,2,True,B,meta-llama/Llama-3.1-8B-Instruct,chat,riskneutral_formula,0,0.68257,0.00123,1,,,massA=0.000391 massB=0.000841,before,0,0.0
p2,295,9,mixed,49,49,153,0.26,0.8118,2,False,A,meta-llama/Llama-3.1-8B-Instruct,chat,riskneutral_formula,0,0.56985,0.00034,1,,,massA=0.000193 massB=0.000146,before,0,0.0
p2,877,29,neutral,0,79,81,0.83,0.851,3,False,A,meta-llama/Llama-3.1-8B-Instruct,chat,riskneutral_formula,0,0.62977,0.01009,1,,,massA=0.00635 massB=0.00374,before,0,0.0
p2,744,24,mixed,168,168,214,0.76,0.9681,2,True,B,meta-llama/Llama-3.1-8B-Instruct,chat,riskneutral_formula,0,0.67576,0.01277,1,,,massA=0.00414 massB=0.00863,before,0,0.0
p2,704,23,gain,0,91,626,0.23,1.5822,2,True,B,meta-llama/Llama-3.1-8B-Instruct,chat,riskneutral_formula,0,0.62246,0.00166,1,,,massA=0.000626 massB=0.00103,before,0,0.0
p2,100,3,gain,0,46,158,0.33,1.1335,0,True,B,meta-llama/Llama-3.1-8B-Instruct,chat,riskneutral_formula,0,0.47268,0.00456,1,,,massA=0.00241 massB=0.00216,before,0,0.0
p2,17,0,gain,0,186,984,0.26,1.3755,3,False,A,meta-llama/Llama-3.1-8B-Instruct,chat,riskneutral_formula,0,0.49219,0.00383,1,,,massA=0.00189 massB=0.00195,before,0,0.0
p2,1044,34,mixed,52,52,96,0.63,1.1631,2,True,B,meta-llama/Llama-3.1-8B-Instruct,chat,riskneutral_formula,0,0.70902,0.012,1,,,massA=0.00349 massB=0.0085,before,0,0.0
p2,1018,33,mixed,142,142,446,0.53,1.6646,4,True,B,meta-llama/Llama-3.1-8B-Instruct,chat,riskneutral_formula,0,0.94251,0.03599,1,,,massA=0.00207 massB=0.0339,before,0,0.0
p2,292,9,mixed,49,49,153,0.26,0.8118,1,True,B,meta-llama/Llama-3.1-8B-Instruct,chat,riskneutral_formula,0,0.87915,0.06613,1,,,massA=0.00799 massB=0.0581,before,0,0.0
p2,920,30,mixed,149,149,447,0.26,0.78,0,True,B,meta-llama/Llama-3.1-8B-Instruct,chat,riskneutral_formula,0,0.91964,0.14188,1,,,massA=0.0114 massB=0.13,before,0,0.0
p2,491,16,gain,0,139,234,0.6,1.0101,0,False,A,meta-llama/Llama-3.1-8B-Instruct,chat,riskneutral_formula,0,0.56218,0.00052,1,,,massA=0.000293 massB=0.000228,before,0,0.0
p2,110,3,mixed,46,46,158,0.33,1.1335,0,True,B,meta-llama/Llama-3.1-8B-Instruct,chat,riskneutral_formula,0,0.89625,0.09774,1,,,massA=0.0101 massB=0.0876,before,0,0.0
p2,211,7,neutral,0,63,98,0.64,0.9956,0,False,A,meta-llama/Llama-3.1-8B-Instruct,chat,riskneutral_formula,0,0.44553,0.00128,1,,,massA=0.000572 massB=0.000712,before,0,0.0
p2,1022,34,neutral,0,52,96,0.63,1.1631,1,True,B,meta-llama/Llama-3.1-8B-Instruct,chat,riskneutral_formula,0,0.93902,0.00306,1,,,massA=0.000186 massB=0.00287,before,0,0.0
p2,40,1,gain,0,58,116,0.66,1.32,0,True,B,meta-llama/Llama-3.1-8B-Instruct,chat,riskneutral_formula,0,0.55061,0.00743,1,,,massA=0.00334 massB=0.00409,before,0,0.0
p2,484,16,neutral,0,139,234,0.6,1.0101,2,True,B,meta-llama/Llama-3.1-8B-Instruct,chat,riskneutral_formula,0,0.75201,0.00123,1,,,massA=0.000304 massB=0.000922,before,0,0.0
p2,748,24,mixed,168,168,214,0.76,0.9681,4,True,B,meta-llama/Llama-3.1-8B-Instruct,chat,riskneutral_formula,0,0.93146,0.02317,1,,,massA=0.00159 massB=0.0216,before,0,0.0
p2,835,27,mixed,166,166,433,0.53,1.3825,2,False,A,meta-llama/Llama-3.1-8B-Instruct,chat,riskneutral_formula,0,0.60393,0.00085,1,,,massA=0.000511 massB=0.000335,before,0,0.0
p2,263,8,mixed,62,62,263,0.33,1.3998,1,False,A,meta-llama/Llama-3.1-8B-Instruct,chat,riskneutral_formula,0,0.40733,0.00227,1,,,massA=0.000926 massB=0.00135,before,0,0.0
p2,969,32,neutral,0,131,236,0.57,1.0269,4,False,A,meta-llama/Llama-3.1-8B-Instruct,chat,riskneutral_formula,0,0.5564,0.0,1,,,massA=1.91e-06 massB=1.52e-06,before,0,0.0
p2,77,2,gain,0,162,661,0.26,1.0609,3,False,A,meta-llama/Llama-3.1-8B-Instruct,chat,riskneutral_formula,0,0.43398,0.0041,1,,,massA=0.00178 massB=0.00232,before,0,0.0
p2,1189,39,gain,0,178,567,0.32,1.0193,4,False,A,meta-llama/Llama-3.1-8B-Instruct,chat,riskneutral_formula,0,0.47463,1e-05,1,,,massA=3.92e-06 massB=4.34e-06,before,0,0.0
p2,986,32,mixed,131,131,236,0.57,1.0269,3,True,B,meta-llama/Llama-3.1-8B-Instruct,chat,riskneutral_formula,0,0.85391,0.05686,1,,,massA=0.00831 massB=0.0486,before,0,0.0
p2,1137,37,mixed,151,151,252,0.68,1.1348,3,False,A,meta-llama/Llama-3.1-8B-Instruct,chat,riskneutral_formula,0,0.55833,0.00137,1,,,massA=0.000764 massB=0.000605,before,0,0.0
p2,1278,39,dominant,0,178,205,1.0,1.1517,4,True,B,meta-llama/Llama-3.1-8B-Instruct,chat,riskneutral_formula,0,0.32767,0.00079,1,,,massA=0.000528 massB=0.000257,before,0,0.0
p2,871,29,neutral,0,79,81,0.83,0.851,0,False,A,meta-llama/Llama-3.1-8B-Instruct,chat,riskneutral_formula,0,0.44553,0.00114,1,,,massA=0.000508 massB=0.000632,before,0,0.0
p2,708,23,gain,0,91,626,0.23,1.5822,4,True,B,meta-llama/Llama-3.1-8B-Instruct,chat,riskneutral_formula,0,0.81048,0.0001,1,,,massA=1.92e-05 massB=8.22e-05,before,0,0.0
p2,1115,37,neutral,0,151,252,0.68,1.1348,2,False,A,meta-llama/Llama-3.1-8B-Instruct,chat,riskneutral_formula,0,0.78793,0.00028,1,,,massA=0.000219 massB=5.89e-05,before,0,0.0
p2,1032,34,gain,0,52,96,0.63,1.1631,1,True,B,meta-llama/Llama-3.1-8B-Instruct,chat,riskneutral_formula,0,0.8977,0.00382,1,,,massA=0.000391 massB=0.00343,before,0,0.0
p2,435,14,gain,0,81,201,0.68,1.6874,2,False,A,meta-llama/Llama-3.1-8B-Instruct,chat,riskneutral_formula,0,0.72487,0.00023,1,,,massA=0.000168 massB=6.36e-05,before,0,0.0
p2,671,22,gain,0,81,163,0.72,1.4489,0,False,A,meta-llama/Llama-3.1-8B-Instruct,chat,riskneutral_formula,0,0.4149,0.00063,1,,,massA=0.00026 massB=0.000366,before,0,0.0
p2,506,16,mixed,139,139,234,0.6,1.0101,3,True,B,meta-llama/Llama-3.1-8B-Instruct,chat,riskneutral_formula,0,0.79311,0.02648,1,,,massA=0.00548 massB=0.021,before,0,0.0
p2,120,4,neutral,0,29,71,0.55,1.3466,0,True,B,meta-llama/Llama-3.1-8B-Instruct,chat,riskneutral_formula,0,0.5851,0.00423,1,,,massA=0.00175 massB=0.00247,before,0,0.0
p2,1261,30,dominant,0,149,187,1.0,1.255,3,False,A,meta-llama/Llama-3.1-8B-Instruct,chat,riskneutral_formula,0,0.50391,0.34479,0,,,massA=0.174 massB=0.171,before,0,0.0
p2,58,1,mixed,58,58,116,0.66,1.32,4,True,B,meta-llama/Llama-3.1-8B-Instruct,chat,riskneutral_formula,0,0.91848,0.04457,1,,,massA=0.00363 massB=0.0409,before,0,0.0
p2,734,24,gain,0,168,214,0.76,0.9681,2,True,B,meta-llama/Llama-3.1-8B-Instruct,chat,riskneutral_formula,0,0.56985,0.00142,1,,,massA=0.000609 massB=0.000807,before,0,0.0
p2,521,17,gain,0,117,362,0.42,1.2995,0,False,A,meta-llama/Llama-3.1-8B-Instruct,chat,riskneutral_formula,0,0.37754,0.00189,1,,,massA=0.000714 massB=0.00118,before,0,0.0
p2,345,11,gain,0,54,68,0.81,1.02,2,False,A,meta-llama/Llama-3.1-8B-Instruct,chat,riskneutral_formula,0,0.74909,0.00017,1,,,massA=0.00013 massB=4.36e-05,before,0,0.0
p2,49,1,gain,0,58,116,0.66,1.32,4,False,A,meta-llama/Llama-3.1-8B-Instruct,chat,riskneutral_formula,0,0.53121,1e-05,1,,,massA=4.26e-06 massB=3.76e-06,before,0,0.0
p2,1124,37,gain,0,151,252,0.68,1.1348,2,True,B,meta-llama/Llama-3.1-8B-Instruct,chat,riskneutral_formula,0,0.55833,0.00133,1,,,massA=0.000588 massB=0.000744,before,0,0.0
p2,525,17,gain,0,117,362,0.42,1.2995,2,False,A,meta-llama/Llama-3.1-8B-Instruct,chat,riskneutral_formula,0,0.68595,0.00027,1,,,massA=0.000188 massB=8.6e-05,before,0,0.0
p2,1235,17,dominant,0,117,129,1.0,1.1026,4,False,A,meta-llama/Llama-3.1-8B-Instruct,chat,riskneutral_formula,0,0.86522,0.0005,1,,,massA=0.000434 massB=6.77e-05,before,0,0.0
p2,1208,4,dominant,0,29,56,1.0,1.931,1,True,B,meta-llama/Llama-3.1-8B-Instruct,chat,riskneutral_formula,0,0.86704,0.18722,1,,,massA=0.0249 massB=0.162,before,0,0.0
p2,618,20,gain,0,186,266,0.63,0.901,4,True,B,meta-llama/Llama-3.1-8B-Instruct,chat,riskneutral_formula,0,0.75779,8e-05,1,,,massA=1.88e-05 massB=5.87e-05,before,0,0.0
p2,1275,37,dominant,0,151,193,1.0,1.2781,2,False,A,meta-llama/Llama-3.1-8B-Instruct,chat,riskneutral_formula,0,0.71223,0.01093,1,,,massA=0.00779 massB=0.00315,before,0,0.0
p2,694,23,neutral,0,91,626,0.23,1.5822,2,True,B,meta-llama/Llama-3.1-8B-Instruct,chat,riskneutral_formula,0,0.79311,0.00189,1,,,massA=0.000391 massB=0.0015,before,0,0.0
p2,1013,33,mixed,142,142,446,0.53,1.6646,1,False,A,meta-llama/Llama-3.1-8B-Instruct,chat,riskneutral_formula,0,0.36659,0.00642,1,,,massA=0.00236 massB=0.00407,before,0,0.0
p2,356,11,mixed,54,54,68,0.81,1.02,3,True,B,meta-llama/Llama-3.1-8B-Instruct,chat,riskneutral_formula,0,0.77999,0.04843,1,,,massA=0.0107 massB=0.0378,before,0,0.0
p2,539,17,mixed,117,117,362,0.42,1.2995,4,False,A,meta-llama/Llama-3.1-8B-Instruct,chat,riskneutral_formula,0,0.35577,8e-05,1,,,massA=2.71e-05 massB=4.91e-05,before,0,0.0
p2,1260,30,dominant,0,149,187,1.0,1.255,1,True,B,meta-llama/Llama-3.1-8B-Instruct,chat,riskneutral_formula,0,0.9149,0.29511,0,,,massA=0.0251 massB=0.27,before,0,0.0
p2,121,4,neutral,0,29,71,0.55,1.3466,0,False,A,meta-llama/Llama-3.1-8B-Instruct,chat,riskneutral_formula,0,0.43015,0.00152,1,,,massA=0.000655 massB=0.000868,before,0,0.0
p2,663,22,neutral,0,81,163,0.72,1.4489,1,False,A,meta-llama/Llama-3.1-8B-Instruct,chat,riskneutral_formula,0,0.34511,0.00109,1,,,massA=0.000377 massB=0.000716,before,0,0.0
p2,1079,35,mixed,91,91,133,0.68,0.9938,4,False,A,meta-llama/Llama-3.1-8B-Instruct,chat,riskneutral_formula,0,0.4149,6e-05,1,,,massA=2.69e-05 massB=3.79e-05,before,0,0.0
p2,269,8,mixed,62,62,263,0.33,1.3998,4,False,A,meta-llama/Llama-3.1-8B-Instruct,chat,riskneutral_formula,0,0.43015,0.0001,1,,,massA=4.36e-05 massB=5.78e-05,before,0,0.0
p2,10,0,gain,0,186,984,0.26,1.3755,0,True,B,meta-llama/Llama-3.1-8B-Instruct,chat,riskneutral_formula,0,0.61878,0.00672,1,,,massA=0.00256 massB=0.00416,before,0,0.0
p2,115,3,mixed,46,46,158,0.33,1.1335,2,False,A,meta-llama/Llama-3.1-8B-Instruct,chat,riskneutral_formula,0,0.60393,0.00039,1,,,massA=0.000236 massB=0.000155,before,0,0.0
p2,143,4,mixed,29,29,71,0.55,1.3466,1,False,A,meta-llama/Llama-3.1-8B-Instruct,chat,riskneutral_formula,0,0.42632,0.00244,1,,,massA=0.00104 massB=0.0014,before,0,0.0
p2,270,9,neutral,0,49,153,0.26,0.8118,0,True,B,meta-llama/Llama-3.1-8B-Instruct,chat,riskneutral_formula,0,0.58889,0.00603,1,,,massA=0.00248 massB=0.00355,before,0,0.0
p2,255,8,gain,0,62,263,0.33,1.3998,2,False,A,meta-llama/Llama-3.1-8B-Instruct,chat,riskneutral_formula,0,0.69925,0.0002,1,,,massA=0.000143 massB=6.17e-05,before,0,0.0
p2,31,1,neutral,0,58,116,0.66,1.32,0,False,A,meta-llama/Llama-3.1-8B-Instruct,chat,riskneutral_formula,0,0.41111,0.00127,1,,,massA=0.000524 massB=0.00075,before,0,0.0
p2,887,29,gain,0,79,81,0.83,0.851,3,False,A,meta-llama/Llama-3.1-8B-Instruct,chat,riskneutral_formula,0,0.60766,0.00191,1,,,massA=0.00116 massB=0.000748,before,0,0.0
p2,608,20,neutral,0,186,266,0.63,0.901,4,True,B,meta-llama/Llama-3.1-8B-Instruct,chat,riskneutral_formula,0,0.75923,3e-05,1,,,massA=6.8e-06 massB=2.14e-05,before,0,0.0
p2,722,24,neutral,0,168,214,0.76,0.9681,1,True,B,meta-llama/Llama-3.1-8B-Instruct,chat,riskneutral_formula,0,0.94165,0.00411,1,,,massA=0.00024 massB=0.00387,before,0,0.0
p2,889,29,gain,0,79,81,0.83,0.851,4,False,A,meta-llama/Llama-3.1-8B-Instruct,chat,riskneutral_formula,0,0.55254,1e-05,1,,,massA=4.31e-06 massB=3.49e-06,before,0,0.0
p2,792,26,gain,0,59,151,0.36,0.9214,1,True,B,meta-llama/Llama-3.1-8B-Instruct,chat,riskneutral_formula,0,0.9263,0.00422,1,,,massA=0.000311 massB=0.00391,before,0,0.0
p2,445,14,mixed,81,81,201,0.68,1.6874,2,False,A,meta-llama/Llama-3.1-8B-Instruct,chat,riskneutral_formula,0,0.59643,0.00035,1,,,massA=0.000211 massB=0.000143,before,0,0.0
p2,477,15,mixed,82,82,113,0.74,1.0198,3,False,A,meta-llama/Llama-3.1-8B-Instruct,chat,riskneutral_formula,0,0.5851,0.00117,1,,,massA=0.000686 massB=0.000487,before,0,0.0
p2,1166,38,mixed,183,183,609,0.38,1.2646,3,True,B,meta-llama/Llama-3.1-8B-Instruct,chat,riskneutral_formula,0,0.87235,0.05059,1,,,massA=0.00646 massB=0.0441,before,0,0.0
p2,18,0,gain,0,186,984,0.26,1.3755,4,True,B,meta-llama/Llama-3.1-8B-Instruct,chat,riskneutral_formula,0,0.78531,0.00012,1,,,massA=2.52e-05 massB=9.23e-05,before,0,0.0
p2,195,6,gain,0,94,101,0.71,0.7629,2,False,A,meta-llama/Llama-3.1-8B-Instruct,chat,riskneutral_formula,0,0.73716,0.00032,1,,,massA=0.000233 massB=8.31e-05,before,0,0.0
p2,890,29,mixed,79,79,81,0.83,0.851,0,True,B,meta-llama/Llama-3.1-8B-Instruct,chat,riskneutral_formula,0,0.88563,0.09866,1,,,massA=0.0113 massB=0.0874,before,0,0.0
p2,24,0,mixed,186,186,984,0.26,1.3755,2,True,B,meta-llama/Llama-3.1-8B-Instruct,chat,riskneutral_formula,0,0.72487,0.00932,1,,,massA=0.00257 massB=0.00676,before,0,0.0
p2,1114,37,neutral,0,151,252,0.68,1.1348,2,True,B,meta-llama/Llama-3.1-8B-Instruct,chat,riskneutral_formula,0,0.73412,0.00144,1,,,massA=0.000382 massB=0.00106,before,0,0.0
p2,763,25,gain,0,124,207,0.76,1.2687,1,False,A,meta-llama/Llama-3.1-8B-Instruct,chat,riskneutral_formula,0,0.25091,0.00129,1,,,massA=0.000323 massB=0.000963,before,0,0.0
p2,319,10,gain,0,111,278,0.58,1.4526,4,False,A,meta-llama/Llama-3.1-8B-Instruct,chat,riskneutral_formula,0,0.50586,1e-05,1,,,massA=5.6e-06 massB=5.47e-06,before,0,0.0
p2,166,5,gain,0,162,381,0.46,1.0819,3,True,B,meta-llama/Llama-3.1-8B-Instruct,chat,riskneutral_formula,0,0.66888,0.02262,1,,,massA=0.00749 massB=0.0151,before,0,0.0
p2,788,26,neutral,0,59,151,0.36,0.9214,4,True,B,meta-llama/Llama-3.1-8B-Instruct,chat,riskneutral_formula,0,0.83762,5e-05,1,,,massA=8.76e-06 massB=4.52e-05,before,0,0.0
p2,82,2,mixed,162,162,661,0.26,1.0609,1,True,B,meta-llama/Llama-3.1-8B-Instruct,chat,riskneutral_formula,0,0.90053,0.10706,1,,,massA=0.0106 massB=0.0964,before,0,0.0
p2,577,19,neutral,0,64,122,0.49,0.9341,3,False,A,meta-llama/Llama-3.1-8B-Instruct,chat,riskneutral_formula,0,0.4149,0.01734,1,,,massA=0.00719 massB=0.0101,before,0,0.0
p2,63,2,neutral,0,162,661,0.26,1.0609,1,False,A,meta-llama/Llama-3.1-8B-Instruct,chat,riskneutral_formula,0,0.25983,0.00106,1,,,massA=0.000275 massB=0.000784,before,0,0.0
p2,487,16,neutral,0,139,234,0.6,1.0101,3,False,A,meta-llama/Llama-3.1-8B-Instruct,chat,riskneutral_formula,0,0.5851,0.00901,1,,,massA=0.00527 massB=0.00374,before,0,0.0
p2,609,20,neutral,0,186,266,0.63,0.901,4,False,A,meta-llama/Llama-3.1-8B-Instruct,chat,riskneutral_formula,0,0.5641,0.0,1,,,massA=1.4e-06 massB=1.08e-06,before,0,0.0
p2,981,32,mixed,131,131,236,0.57,1.0269,0,False,A,meta-llama/Llama-3.1-8B-Instruct,chat,riskneutral_formula,0,0.19193,0.00659,1,,,massA=0.00127 massB=0.00533,before,0,0.0
p2,856,28,gain,0,132,181,0.76,1.0421,3,True,B,meta-llama/Llama-3.1-8B-Instruct,chat,riskneutral_formula,0,0.56602,0.02716,1,,,massA=0.0118 massB=0.0154,before,0,0.0
p2,1227,13,dominant,0,72,119,1.0,1.6528,3,False,A,meta-llama/Llama-3.1-8B-Instruct,chat,riskneutral_formula,0,0.56218,0.35564,0,,,massA=0.2 massB=0.156,before,0,0.0
p2,1195,39,mixed,178,178,567,0.32,1.0193,2,False,A,meta-llama/Llama-3.1-8B-Instruct,chat,riskneutral_formula,0,0.51562,0.0004,1,,,massA=0.000206 massB=0.000193,before,0,0.0
p2,309,10,neutral,0,111,278,0.58,1.4526,4,False,A,meta-llama/Llama-3.1-8B-Instruct,chat,riskneutral_formula,0,0.54867,0.0,1,,,massA=2.2e-06 massB=1.81e-06,before,0,0.0
p2,772,25,mixed,124,124,207,0.76,1.2687,1,True,B,meta-llama/Llama-3.1-8B-Instruct,chat,riskneutral_formula,0,0.89479,0.07877,1,,,massA=0.00829 massB=0.0705,before,0,0.0
p2,52,1,mixed,58,58,116,0.66,1.32,1,True,B,meta-llama/Llama-3.1-8B-Instruct,chat,riskneutral_formula,0,0.88563,0.11119,1,,,massA=0.0127 massB=0.0985,before,0,0.0
p2,1097,36,gain,0,98,227,0.47,1.0887,3,False,A,meta-llama/Llama-3.1-8B-Instruct,chat,riskneutral_formula,0,0.45326,0.00637,1,,,massA=0.00289 massB=0.00348,before,0,0.0
p2,39,1,neutral,0,58,116,0.66,1.32,4,False,A,meta-llama/Llama-3.1-8B-Instruct,chat,riskneutral_formula,0,0.56602,1e-05,1,,,massA=2.98e-06 massB=2.28e-06,before,0,0.0
p2,661,22,neutral,0,81,163,0.72,1.4489,0,False,A,meta-llama/Llama-3.1-8B-Instruct,chat,riskneutral_formula,0,0.33112,0.00087,1,,,massA=0.000289 massB=0.000585,before,0,0.0
p2,516,17,neutral,0,117,362,0.42,1.2995,3,True,B,meta-llama/Llama-3.1-8B-Instruct,chat,riskneutral_formula,0,0.72487,0.03255,1,,,massA=0.00896 massB=0.0236,before,0,0.0
p2,432,14,gain,0,81,201,0.68,1.6874,1,True,B,meta-llama/Llama-3.1-8B-Instruct,chat,riskneutral_formula,0,0.92944,0.00539,1,,,massA=0.00038 massB=0.00501,before,0,0.0
p2,1126,37,gain,0,151,252,0.68,1.1348,3,True,B,meta-llama/Llama-3.1-8B-Instruct,chat,riskneutral_formula,0,0.62977,0.02262,1,,,massA=0.00837 massB=0.0142,before,0,0.0
p2,1231,15,dominant,0,82,114,1.0,1.3902,4,False,A,meta-llama/Llama-3.1-8B-Instruct,chat,riskneutral_formula,0,0.85585,0.00028,1,,,massA=0.000244 massB=4.1e-05,before,0,0.0
p2,845,28,neutral,0,132,181,0.76,1.0421,2,False,A,meta-llama/Llama-3.1-8B-Instruct,chat,riskneutral_formula,0,0.76629,0.00018,1,,,massA=0.00014 massB=4.27e-05,before,0,0.0
p2,305,10,neutral,0,111,278,0.58,1.4526,2,False,A,meta-llama/Llama-3.1-8B-Instruct,chat,riskneutral_formula,0,0.76629,0.0003,1,,,massA=0.000227 massB=6.92e-05,before,0,0.0
p2,636,21,neutral,0,106,206,0.73,1.4187,3,True,B,meta-llama/Llama-3.1-8B-Instruct,chat,riskneutral_formula,0,0.78531,0.04101,1,,,massA=0.0088 massB=0.0322,before,0,0.0
p2,94,3,neutral,0,46,158,0.33,1.1335,2,True,B,meta-llama/Llama-3.1-8B-Instruct,chat,riskneutral_formula,0,0.68257,0.00102,1,,,massA=0.000324 massB=0.000697,before,0,0.0
p2,1223,11,dominant,0,54,73,1.0,1.3519,3,False,A,meta-llama/Llama-3.1-8B-Instruct,chat,riskneutral_formula,0,0.52732,0.3036,0,,,massA=0.16 massB=0.144,before,0,0.0
p2,1102,36,mixed,98,98,227,0.47,1.0887,1,True,B,meta-llama/Llama-3.1-8B-Instruct,chat,riskneutral_formula,0,0.91118,0.11909,1,,,massA=0.0106 massB=0.109,before,0,0.0
p2,1095,36,gain,0,98,227,0.47,1.0887,2,False,A,meta-llama/Llama-3.1-8B-Instruct,chat,riskneutral_formula,0,0.71223,0.0005,1,,,massA=0.000356 massB=0.000144,before,0,0.0
p2,137,4,gain,0,29,71,0.55,1.3466,3,False,A,meta-llama/Llama-3.1-8B-Instruct,chat,riskneutral_formula,0,0.62977,0.00305,1,,,massA=0.00192 massB=0.00113,before,0,0.0
p2,393,13,neutral,0,72,88,0.64,0.7822,1,False,A,meta-llama/Llama-3.1-8B-Instruct,chat,riskneutral_formula,0,0.49609,0.00068,1,,,massA=0.00034 massB=0.000345,before,0,0.0
p2,709,23,gain,0,91,626,0.23,1.5822,4,False,A,meta-llama/Llama-3.1-8B-Instruct,chat,riskneutral_formula,0,0.48633,1e-05,1,,,massA=4.71e-06 massB=4.97e-06,before,0,0.0
p2,557,18,gain,0,41,61,0.58,0.8629,3,False,A,meta-llama/Llama-3.1-8B-Instruct,chat,riskneutral_formula,0,0.55833,0.00258,1,,,massA=0.00144 massB=0.00114,before,0,0.0
p2,859,28,gain,0,132,181,0.76,1.0421,4,False,A,meta-llama/Llama-3.1-8B-Instruct,chat,riskneutral_formula,0,0.43782,1e-05,1,,,massA=2.73e-06 massB=3.5e-06,before,0,0.0
p2,1233,16,dominant,0,139,190,1.0,1.3669,2,False,A,meta-llama/Llama-3.1-8B-Instruct,chat,riskneutral_formula,0,0.75779,0.00633,1,,,massA=0.0048 massB=0.00153,before,0,0.0
p2,1254,27,dominant,0,166,204,1.0,1.2289,0,True,B,meta-llama/Llama-3.1-8B-Instruct,chat,riskneutral_formula,0,0.90465,0.53716,0,,,massA=0.0512 massB=0.486,before,0,0.0
p2,941,31,gain,0,51,151,0.29,0.8586,0,False,A,meta-llama/Llama-3.1-8B-Instruct,chat,riskneutral_formula,0,0.36297,0.00177,1,,,massA=0.000642 massB=0.00113,before,0,0.0
p2,92,3,neutral,0,46,158,0.33,1.1335,1,True,B,meta-llama/Llama-3.1-8B-Instruct,chat,riskneutral_formula,0,0.8808,0.00214,1,,,massA=0.000255 massB=0.00189,before,0,0.0
p2,126,4,neutral,0,29,71,0.55,1.3466,3,True,B,meta-llama/Llama-3.1-8B-Instruct,chat,riskneutral_formula,0,0.66541,0.02343,1,,,massA=0.00784 massB=0.0156,before,0,0.0
p2,876,29,neutral,0,79,81,0.83,0.851,3,True,B,meta-llama/Llama-3.1-8B-Instruct,chat,riskneutral_formula,0,0.81287,0.05492,1,,,massA=0.0103 massB=0.0446,before,0,0.0
p2,672,22,gain,0,81,163,0.72,1.4489,1,True,B,meta-llama/Llama-3.1-8B-Instruct,chat,riskneutral_formula,0,0.93046,0.00523,1,,,massA=0.000364 massB=0.00487,before,0,0.0
p2,357,11,mixed,54,54,68,0.81,1.02,3,False,A,meta-llama/Llama-3.1-8B-Instruct,chat,riskneutral_formula,0,0.57368,0.00111,1,,,massA=0.000638 massB=0.000474,before,0,0.0
p2,1163,38,mixed,183,183,609,0.38,1.2646,1,False,A,meta-llama/Llama-3.1-8B-Instruct,chat,riskneutral_formula,0,0.31743,0.00281,1,,,massA=0.000893 massB=0.00192,before,0,0.0
p2,1263,31,dominant,0,51,73,1.0,1.4314,0,False,A,meta-llama/Llama-3.1-8B-Instruct,chat,riskneutral_formula,0,0.5,0.1372,1,,,massA=0.0686 massB=0.0686,before,0,0.0
p2,1145,38,neutral,0,183,609,0.38,1.2646,2,False,A,meta-llama/Llama-3.1-8B-Instruct,chat,riskneutral_formula,0,0.73412,0.00021,1,,,massA=0.000151 massB=5.45e-05,before,0,0.0
p2,978,32,gain,0,131,236,0.57,1.0269,4,True,B,meta-llama/Llama-3.1-8B-Instruct,chat,riskneutral_formula,0,0.78531,0.00013,1,,,massA=2.7e-05 massB=9.86e-05,before,0,0.0
p2,427,14,neutral,0,81,201,0.68,1.6874,3,False,A,meta-llama/Llama-3.1-8B-Instruct,chat,riskneutral_formula,0,0.62612,0.01118,1,,,massA=0.007 massB=0.00418,before,0,0.0
p2,301,10,neutral,0,111,278,0.58,1.4526,0,False,A,meta-llama/Llama-3.1-8B-Instruct,chat,riskneutral_formula,0,0.39607,0.00146,1,,,massA=0.000577 massB=0.00088,before,0,0.0
p2,1030,34,gain,0,52,96,0.63,1.1631,0,True,B,meta-llama/Llama-3.1-8B-Instruct,chat,riskneutral_formula,0,0.5775,0.00551,1,,,massA=0.00233 massB=0.00318,before,0,0.0
p2,831,27,mixed,166,166,433,0.53,1.3825,0,False,A,meta-llama/Llama-3.1-8B-Instruct,chat,riskneutral_formula,0,0.23652,0.00756,1,,,massA=0.00179 massB=0.00577,before,0,0.0
p2,615,20,gain,0,186,266,0.63,0.901,2,False,A,meta-llama/Llama-3.1-8B-Instruct,chat,riskneutral_formula,0,0.72798,0.00021,1,,,massA=0.000151 massB=5.64e-05,before,0,0.0
p2,4,0,neutral,0,186,984,0.26,1.3755,2,True,B,meta-llama/Llama-3.1-8B-Instruct,chat,riskneutral_formula,0,0.78531,0.00159,1,,,massA=0.000342 massB=0.00125,before,0,0.0
p2,730,24,gain,0,168,214,0.76,0.9681,0,True,B,meta-llama/Llama-3.1-8B-Instruct,chat,riskneutral_formula,0,0.5813,0.00642,1,,,massA=0.00269 massB=0.00373,before,0,0.0
p2,348,11,gain,0,54,68,0.81,1.02,4,True,B,meta-llama/Llama-3.1-8B-Instruct,chat,riskneutral_formula,0,0.71223,6e-05,1,,,massA=1.72e-05 massB=4.26e-05,before,0,0.0
p2,1200,0,dominant,0,186,240,1.0,1.2903,0,True,B,meta-llama/Llama-3.1-8B-Instruct,chat,riskneutral_formula,0,0.88404,0.3483,0,,,massA=0.0404 massB=0.308,before,0,0.0
p2,215,7,neutral,0,63,98,0.64,0.9956,2,False,A,meta-llama/Llama-3.1-8B-Instruct,chat,riskneutral_formula,0,0.81048,0.00021,1,,,massA=0.000173 massB=4.05e-05,before,0,0.0
p2,933,31,neutral,0,51,151,0.29,0.8586,1,False,A,meta-llama/Llama-3.1-8B-Instruct,chat,riskneutral_formula,0,0.27826,0.00152,1,,,massA=0.000424 massB=0.0011,before,0,0.0
p2,550,18,gain,0,41,61,0.58,0.8629,0,True,B,meta-llama/Llama-3.1-8B-Instruct,chat,riskneutral_formula,0,0.5851,0.00551,1,,,massA=0.00229 massB=0.00322,before,0,0.0
p2,87,2,mixed,162,162,661,0.26,1.0609,3,False,A,meta-llama/Llama-3.1-8B-Instruct,chat,riskneutral_formula,0,0.4649,0.00103,1,,,massA=0.000478 massB=0.00055,before,0,0.0
p2,733,24,gain,0,168,214,0.76,0.9681,1,False,A,meta-llama/Llama-3.1-8B-Instruct,chat,riskneutral_formula,0,0.26588,0.00139,1,,,massA=0.00037 massB=0.00102,before,0,0.0
p2,1225,12,dominant,0,164,181,1.0,1.1037,0,False,A,meta-llama/Llama-3.1-8B-Instruct,chat,riskneutral_formula,0,0.47268,0.17166,1,,,massA=0.0811 massB=0.0905,before,0,0.0
p2,526,17,gain,0,117,362,0.42,1.2995,3,True,B,meta-llama/Llama-3.1-8B-Instruct,chat,riskneutral_formula,0,0.68595,0.04108,1,,,massA=0.0129 massB=0.0282,before,0,0.0
p2,307,10,neutral,0,111,278,0.58,1.4526,3,False,A,meta-llama/Llama-3.1-8B-Instruct,chat,riskneutral_formula,0,0.50781,0.01357,1,,,massA=0.00689 massB=0.00668,before,0,0.0
p2,29,0,mixed,186,186,984,0.26,1.3755,4,False,A,meta-llama/Llama-3.1-8B-Instruct,chat,riskneutral_formula,0,0.33808,7e-05,1,,,massA=2.47e-05 massB=4.83e-05,before,0,0.0
p2,1027,34,neutral,0,52,96,0.63,1.1631,3,False,A,meta-llama/Llama-3.1-8B-Instruct,chat,riskneutral_formula,0,0.56985,0.00726,1,,,massA=0.00414 massB=0.00312,before,0,0.0
p2,1236,18,dominant,0,41,88,1.0,2.1463,2,True,B,meta-llama/Llama-3.1-8B-Instruct,chat,riskneutral_formula,0,0.60019,0.05806,1,,,massA=0.0232 massB=0.0348,before,0,0.0
p2,294,9,mixed,49,49,153,0.26,0.8118,2,True,B,meta-llama/Llama-3.1-8B-Instruct,chat,riskneutral_formula,0,0.66192,0.00936,1,,,massA=0.00317 massB=0.0062,before,0,0.0
p2,65,2,neutral,0,162,661,0.26,1.0609,2,False,A,meta-llama/Llama-3.1-8B-Instruct,chat,riskneutral_formula,0,0.65842,0.00021,1,,,massA=0.000141 massB=7.34e-05,before,0,0.0
p2,436,14,gain,0,81,201,0.68,1.6874,3,True,B,meta-llama/Llama-3.1-8B-Instruct,chat,riskneutral_formula,0,0.65842,0.03044,1,,,massA=0.0104 massB=0.02,before,0,0.0
p2,645,21,gain,0,106,206,0.73,1.4187,2,False,A,meta-llama/Llama-3.1-8B-Instruct,chat,riskneutral_formula,0,0.69596,0.00032,1,,,massA=0.000222 massB=9.71e-05,before,0,0.0
p2,1008,33,gain,0,142,446,0.53,1.6646,4,True,B,meta-llama/Llama-3.1-8B-Instruct,chat,riskneutral_formula,0,0.75201,0.0001,1,,,massA=2.44e-05 massB=7.4e-05,before,0,0.0
p2,258,8,gain,0,62,263,0.33,1.3998,4,True,B,meta-llama/Llama-3.1-8B-Instruct,chat,riskneutral_formula,0,0.72487,6e-05,1,,,massA=1.61e-05 massB=4.23e-05,before,0,0.0
p2,339,11,neutral,0,54,68,0.81,1.02,4,False,A,meta-llama/Llama-3.1-8B-Instruct,chat,riskneutral_formula,0,0.60206,0.0,1,,,massA=1.71e-06 massB=1.13e-06,before,0,0.0
p2,378,12,gain,0,164,541,0.38,1.2535,4,True,B,meta-llama/Llama-3.1-8B-Instruct,chat,riskneutral_formula,0,0.81523,0.0001,1,,,massA=1.86e-05 massB=8.2e-05,before,0,0.0
p2,901,30,neutral,0,149,447,0.26,0.78,0,False,A,meta-llama/Llama-3.1-8B-Instruct,chat,riskneutral_formula,0,0.30404,0.00192,1,,,massA=0.000585 massB=0.00134,before,0,0.0
p2,957,31,mixed,51,51,151,0.29,0.8586,3,False,A,meta-llama/Llama-3.1-8B-Instruct,chat,riskneutral_formula,0,0.48438,0.00174,1,,,massA=0.000843 massB=0.000898,before,0,0.0
p2,583,19,gain,0,64,122,0.49,0.9341,1,False,A,meta-llama/Llama-3.1-8B-Instruct,chat,riskneutral_formula,0,0.31743,0.00084,1,,,massA=0.000267 massB=0.000575,before,0,0.0
p2,43,1,gain,0,58,116,0.66,1.32,1,False,A,meta-llama/Llama-3.1-8B-Instruct,chat,riskneutral_formula,0,0.32082,0.0009,1,,,massA=0.000288 massB=0.000609,before,0,0.0
p2,617,20,gain,0,186,266,0.63,0.901,3,False,A,meta-llama/Llama-3.1-8B-Instruct,chat,riskneutral_formula,0,0.50391,0.00197,1,,,massA=0.000995 massB=0.00098,before,0,0.0
p2,1031,34,gain,0,52,96,0.63,1.1631,0,False,A,meta-llama/Llama-3.1-8B-Instruct,chat,riskneutral_formula,0,0.52342,0.00045,1,,,massA=0.000235 massB=0.000214,before,0,0.0
p2,1065,35,gain,0,91,133,0.68,0.9938,2,False,A,meta-llama/Llama-3.1-8B-Instruct,chat,riskneutral_formula,0,0.74614,0.00023,1,,,massA=0.000172 massB=5.84e-05,before,0,0.0
p2,213,7,neutral,0,63,98,0.64,0.9956,1,False,A,meta-llama/Llama-3.1-8B-Instruct,chat,riskneutral_formula,0,0.55833,0.00104,1,,,massA=0.00058 massB=0.000459,before,0,0.0
p2,326,10,mixed,111,111,278,0.58,1.4526,3,True,B,meta-llama/Llama-3.1-8B-Instruct,chat,riskneutral_formula,0,0.86339,0.058,1,,,massA=0.00792 massB=0.0501,before,0,0.0
p2,554,18,gain,0,41,61,0.58,0.8629,2,True,B,meta-llama/Llama-3.1-8B-Instruct,chat,riskneutral_formula,0,0.55447,0.00148,1,,,massA=0.000659 massB=0.000821,before,0,0.0
p2,457,15,neutral,0,82,113,0.74,1.0198,3,False,A,meta-llama/Llama-3.1-8B-Instruct,chat,riskneutral_formula,0,0.5,0.01773,1,,,massA=0.00887 massB=0.00887,before,0,0.0
p2,1157,38,gain,0,183,609,0.38,1.2646,3,False,A,meta-llama/Llama-3.1-8B-Instruct,chat,riskneutral_formula,0,0.40357,0.00519,1,,,massA=0.0021 massB=0.0031,before,0,0.0
p2,585,19,gain,0,64,122,0.49,0.9341,2,False,A,meta-llama/Llama-3.1-8B-Instruct,chat,riskneutral_formula,0,0.72487,0.0002,1,,,massA=0.000142 massB=5.41e-05,before,0,0.0
p2,1149,38,neutral,0,183,609,0.38,1.2646,4,False,A,meta-llama/Llama-3.1-8B-Instruct,chat,riskneutral_formula,0,0.57559,0.0,1,,,massA=1.37e-06 massB=1.01e-06,before,0,0.0
p2,1154,38,gain,0,183,609,0.38,1.2646,2,True,B,meta-llama/Llama-3.1-8B-Instruct,chat,riskneutral_formula,0,0.68595,0.00232,1,,,massA=0.000729 massB=0.00159,before,0,0.0
p2,483,16,neutral,0,139,234,0.6,1.0101,1,False,A,meta-llama/Llama-3.1-8B-Instruct,chat,riskneutral_formula,0,0.4649,0.00091,1,,,massA=0.000423 massB=0.000487,before,0,0.0
p2,962,32,neutral,0,131,236,0.57,1.0269,1,True,B,meta-llama/Llama-3.1-8B-Instruct,chat,riskneutral_formula,0,0.94165,0.00439,1,,,massA=0.000256 massB=0.00413,before,0,0.0
p2,603,20,neutral,0,186,266,0.63,0.901,1,False,A,meta-llama/Llama-3.1-8B-Instruct,chat,riskneutral_formula,0,0.52342,0.00144,1,,,massA=0.000752 massB=0.000684,before,0,0.0
p2,741,24,mixed,168,168,214,0.76,0.9681,0,False,A,meta-llama/Llama-3.1-8B-Instruct,chat,riskneutral_formula,0,0.19683,0.00317,1,,,massA=0.000624 massB=0.00255,before,0,0.0
p2,674,22,gain,0,81,163,0.72,1.4489,2,True,B,meta-llama/Llama-3.1-8B-Instruct,chat,riskneutral_formula,0,0.5851,0.00137,1,,,massA=0.00057 massB=0.000804,before,0,0.0
p2,471,15,mixed,82,82,113,0.74,1.0198,0,False,A,meta-llama/Llama-3.1-8B-Instruct,chat,riskneutral_formula,0,0.19683,0.00244,1,,,massA=0.00048 massB=0.00196,before,0,0.0
p2,1046,34,mixed,52,52,96,0.63,1.1631,3,True,B,meta-llama/Llama-3.1-8B-Instruct,chat,riskneutral_formula,0,0.7773,0.04299,1,,,massA=0.00957 massB=0.0334,before,0,0.0
p2,286,9,gain,0,49,153,0.26,0.8118,3,True,B,meta-llama/Llama-3.1-8B-Instruct,chat,riskneutral_formula,0,0.60393,0.01711,1,,,massA=0.00678 massB=0.0103,before,0,0.0
p2,1207,3,dominant,0,46,58,1.0,1.2609,0,False,A,meta-llama/Llama-3.1-8B-Instruct,chat,riskneutral_formula,0,0.52732,0.16702,1,,,massA=0.0881 massB=0.0789,before,0,0.0
p2,1139,37,mixed,151,151,252,0.68,1.1348,4,False,A,meta-llama/Llama-3.1-8B-Instruct,chat,riskneutral_formula,0,0.34511,0.00011,1,,,massA=3.79e-05 massB=7.19e-05,before,0,0.0
p2,1188,39,gain,0,178,567,0.32,1.0193,4,True,B,meta-llama/Llama-3.1-8B-Instruct,chat,riskneutral_formula,0,0.77999,8e-05,1,,,massA=1.74e-05 massB=6.16e-05,before,0,0.0
p2,1111,37,neutral,0,151,252,0.68,1.1348,0,False,A,meta-llama/Llama-3.1-8B-Instruct,chat,riskneutral_formula,0,0.43782,0.00093,1,,,massA=0.000406 massB=0.000522,before,0,0.0
p2,1151,38,gain,0,183,609,0.38,1.2646,0,False,A,meta-llama/Llama-3.1-8B-Instruct,chat,riskneutral_formula,0,0.30736,0.00181,1,,,massA=0.000555 massB=0.00125,before,0,0.0
p2,1255,27,dominant,0,166,204,1.0,1.2289,2,False,A,meta-llama/Llama-3.1-8B-Instruct,chat,riskneutral_formula,0,0.72487,0.01894,1,,,massA=0.0137 massB=0.00521,before,0,0.0
p2,848,28,neutral,0,132,181,0.76,1.0421,4,True,B,meta-llama/Llama-3.1-8B-Instruct,chat,riskneutral_formula,0,0.85777,7e-05,1,,,massA=1.03e-05 massB=6.24e-05,before,0,0.0
p2,875,29,neutral,0,79,81,0.83,0.851,2,False,A,meta-llama/Llama-3.1-8B-Instruct,chat,riskneutral_formula,0,0.83548,0.00028,1,,,massA=0.000232 massB=4.57e-05,before,0,0.0
p2,544,18,neutral,0,41,61,0.58,0.8629,2,True,B,meta-llama/Llama-3.1-8B-Instruct,chat,riskneutral_formula,0,0.73716,0.00128,1,,,massA=0.000338 massB=0.000947,before,0,0.0
p2,584,19,gain,0,64,122,0.49,0.9341,2,True,B,meta-llama/Llama-3.1-8B-Instruct,chat,riskneutral_formula,0,0.36297,0.00086,1,,,massA=0.000545 massB=0.00031,before,0,0.0
p2,0,0,neutral,0,186,984,0.26,1.3755,0,True,B,meta-llama/Llama-3.1-8B-Instruct,chat,riskneutral_formula,0,0.65135,0.00812,1,,,massA=0.00283 massB=0.00529,before,0,0.0
p2,23,0,mixed,186,186,984,0.26,1.3755,1,False,A,meta-llama/Llama-3.1-8B-Instruct,chat,riskneutral_formula,0,0.35936,0.00228,1,,,massA=0.000821 massB=0.00146,before,0,0.0
p2,1081,36,neutral,0,98,227,0.47,1.0887,0,False,A,meta-llama/Llama-3.1-8B-Instruct,chat,riskneutral_formula,0,0.38491,0.00205,1,,,massA=0.000789 massB=0.00126,before,0,0.0
p2,1016,33,mixed,142,142,446,0.53,1.6646,3,True,B,meta-llama/Llama-3.1-8B-Instruct,chat,riskneutral_formula,0,0.87915,0.07543,1,,,massA=0.00912 massB=0.0663,before,0,0.0
p2,776,25,mixed,124,124,207,0.76,1.2687,3,True,B,meta-llama/Llama-3.1-8B-Instruct,chat,riskneutral_formula,0,0.81989,0.05539,1,,,massA=0.00998 massB=0.0454,before,0,0.0
p2,1019,33,mixed,142,142,446,0.53,1.6646,4,False,A,meta-llama/Llama-3.1-8B-Instruct,chat,riskneutral_formula,0,0.37023,0.00018,1,,,massA=6.69e-05 massB=0.000114,before,0,0.0
p2,659,21,mixed,106,106,206,0.73,1.4187,4,False,A,meta-llama/Llama-3.1-8B-Instruct,chat,riskneutral_formula,0,0.33808,0.00022,1,,,massA=7.49e-05 massB=0.000147,before,0,0.0
p2,735,24,gain,0,168,214,0.76,0.9681,2,False,A,meta-llama/Llama-3.1-8B-Instruct,chat,riskneutral_formula,0,0.69264,0.00027,1,,,massA=0.000184 massB=8.16e-05,before,0,0.0
p2,736,24,gain,0,168,214,0.76,0.9681,3,True,B,meta-llama/Llama-3.1-8B-Instruct,chat,riskneutral_formula,0,0.60019,0.03327,1,,,massA=0.0133 massB=0.02,before,0,0.0
p2,329,10,mixed,111,111,278,0.58,1.4526,4,False,A,meta-llama/Llama-3.1-8B-Instruct,chat,riskneutral_formula,0,0.35936,0.0001,1,,,massA=3.43e-05 massB=6.11e-05,before,0,0.0
p2,786,26,neutral,0,59,151,0.36,0.9214,3,True,B,meta-llama/Llama-3.1-8B-Instruct,chat,riskneutral_formula,0,0.62246,0.02379,1,,,massA=0.00898 massB=0.0148,before,0,0.0
p2,743,24,mixed,168,168,214,0.76,0.9681,1,False,A,meta-llama/Llama-3.1-8B-Instruct,chat,riskneutral_formula,0,0.3522,0.00238,1,,,massA=0.00084 massB=0.00154,before,0,0.0
p2,548,18,neutral,0,41,61,0.58,0.8629,4,True,B,meta-llama/Llama-3.1-8B-Instruct,chat,riskneutral_formula,0,0.76769,3e-05,1,,,massA=6.76e-06 massB=2.23e-05,before,0,0.0
p2,81,2,mixed,162,162,661,0.26,1.0609,0,False,A,meta-llama/Llama-3.1-8B-Instruct,chat,riskneutral_formula,0,0.16668,0.00341,1,,,massA=0.000568 massB=0.00284,before,0,0.0
p2,404,13,gain,0,72,88,0.64,0.7822,2,True,B,meta-llama/Llama-3.1-8B-Instruct,chat,riskneutral_formula,0,0.48828,0.00083,1,,,massA=0.000422 massB=0.000403,before,0,0.0
p2,312,10,gain,0,111,278,0.58,1.4526,1,True,B,meta-llama/Llama-3.1-8B-Instruct,chat,riskneutral_formula,0,0.92079,0.0097,1,,,massA=0.000768 massB=0.00893,before,0,0.0
p2,1007,33,gain,0,142,446,0.53,1.6646,3,False,A,meta-llama/Llama-3.1-8B-Instruct,chat,riskneutral_formula,0,0.54286,0.00341,1,,,massA=0.00185 massB=0.00156,before,0,0.0
p2,769,25,gain,0,124,207,0.76,1.2687,4,False,A,meta-llama/Llama-3.1-8B-Instruct,chat,riskneutral_formula,0,0.44167,1e-05,1,,,massA=3.69e-06 massB=4.67e-06,before,0,0.0
p2,1191,39,mixed,178,178,567,0.32,1.0193,0,False,A,meta-llama/Llama-3.1-8B-Instruct,chat,riskneutral_formula,0,0.16452,0.00333,1,,,massA=0.000547 massB=0.00278,before,0,0.0
p2,170,5,mixed,162,162,381,0.46,1.0819,0,True,B,meta-llama/Llama-3.1-8B-Instruct,chat,riskneutral_formula,0,0.92414,0.13804,1,,,massA=0.0105 massB=0.128,before,0,0.0
p2,590,19,mixed,64,64,122,0.49,0.9341,0,True,B,meta-llama/Llama-3.1-8B-Instruct,chat,riskneutral_formula,0,0.86154,0.07478,1,,,massA=0.0104 massB=0.0644,before,0,0.0
p2,481,16,neutral,0,139,234,0.6,1.0101,0,False,A,meta-llama/Llama-3.1-8B-Instruct,chat,riskneutral_formula,0,0.43398,0.00081,1,,,massA=0.00035 massB=0.000457,before,0,0.0
p2,1216,8,dominant,0,62,121,1.0,1.9516,2,True,B,meta-llama/Llama-3.1-8B-Instruct,chat,riskneutral_formula,0,0.5813,0.04281,1,,,massA=0.0179 massB=0.0249,before,0,0.0
p2,438,14,gain,0,81,201,0.68,1.6874,4,True,B,meta-llama/Llama-3.1-8B-Instruct,chat,riskneutral_formula,0,0.73716,6e-05,1,,,massA=1.68e-05 massB=4.72e-05,before,0,0.0
p2,149,4,mixed,29,29,71,0.55,1.3466,4,False,A,meta-llama/Llama-3.1-8B-Instruct,chat,riskneutral_formula,0,0.44167,0.00011,1,,,massA=4.91e-05 massB=6.21e-05,before,0,0.0
p2,1259,29,dominant,0,79,118,1.0,1.4937,1,False,A,meta-llama/Llama-3.1-8B-Instruct,chat,riskneutral_formula,0,0.65489,0.04173,1,,,massA=0.0273 massB=0.0144,before,0,0.0
p2,250,8,gain,0,62,263,0.33,1.3998,0,True,B,meta-llama/Llama-3.1-8B-Instruct,chat,riskneutral_formula,0,0.52342,0.00385,1,,,massA=0.00184 massB=0.00202,before,0,0.0
p2,366,12,neutral,0,164,541,0.38,1.2535,3,True,B,meta-llama/Llama-3.1-8B-Instruct,chat,riskneutral_formula,0,0.64064,0.03027,1,,,massA=0.0109 massB=0.0194,before,0,0.0
p2,1104,36,mixed,98,98,227,0.47,1.0887,2,True,B,meta-llama/Llama-3.1-8B-Instruct,chat,riskneutral_formula,0,0.70579,0.01852,1,,,massA=0.00545 massB=0.0131,before,0,0.0
p2,958,31,mixed,51,51,151,0.29,0.8586,4,True,B,meta-llama/Llama-3.1-8B-Instruct,chat,riskneutral_formula,0,0.90599,0.02817,1,,,massA=0.00265 massB=0.0255,before,0,0.0
p2,225,7,gain,0,63,98,0.64,0.9956,2,False,A,meta-llama/Llama-3.1-8B-Instruct,chat,riskneutral_formula,0,0.77999,0.00015,1,,,massA=0.000119 massB=3.36e-05,before,0,0.0
p2,1063,35,gain,0,91,133,0.68,0.9938,1,False,A,meta-llama/Llama-3.1-8B-Instruct,chat,riskneutral_formula,0,0.34511,0.00079,1,,,massA=0.000272 massB=0.000516,before,0,0.0
p2,1054,35,neutral,0,91,133,0.68,0.9938,2,True,B,meta-llama/Llama-3.1-8B-Instruct,chat,riskneutral_formula,0,0.80069,0.00194,1,,,massA=0.000387 massB=0.00155,before,0,0.0
p2,551,18,gain,0,41,61,0.58,0.8629,0,False,A,meta-llama/Llama-3.1-8B-Instruct,chat,riskneutral_formula,0,0.46879,0.00098,1,,,massA=0.000458 massB=0.000519,before,0,0.0
p2,706,23,gain,0,91,626,0.23,1.5822,3,True,B,meta-llama/Llama-3.1-8B-Instruct,chat,riskneutral_formula,0,0.67918,0.03548,1,,,massA=0.0114 massB=0.0241,before,0,0.0
p2,1226,13,dominant,0,72,119,1.0,1.6528,4,True,B,meta-llama/Llama-3.1-8B-Instruct,chat,riskneutral_formula,0,0.25983,0.00047,1,,,massA=0.000348 massB=0.000122,before,0,0.0
p2,1238,19,dominant,0,64,91,1.0,1.4219,3,True,B,meta-llama/Llama-3.1-8B-Instruct,chat,riskneutral_formula,0,0.67576,0.26064,0,,,massA=0.0845 massB=0.176,before,0,0.0
p2,1024,34,neutral,0,52,96,0.63,1.1631,2,True,B,meta-llama/Llama-3.1-8B-Instruct,chat,riskneutral_formula,0,0.76348,0.00125,1,,,massA=0.000296 massB=0.000955,before,0,0.0
p2,948,31,gain,0,51,151,0.29,0.8586,4,True,B,meta-llama/Llama-3.1-8B-Instruct,chat,riskneutral_formula,0,0.76629,8e-05,1,,,massA=1.78e-05 massB=5.85e-05,before,0,0.0
p2,180,6,neutral,0,94,101,0.71,0.7629,0,True,B,meta-llama/Llama-3.1-8B-Instruct,chat,riskneutral_formula,0,0.72798,0.00763,1,,,massA=0.00208 massB=0.00556,before,0,0.0
p2,1070,35,mixed,91,91,133,0.68,0.9938,0,True,B,meta-llama/Llama-3.1-8B-Instruct,chat,riskneutral_formula,0,0.89625,0.08786,1,,,massA=0.00912 massB=0.0787,before,0,0.0
p2,1123,37,gain,0,151,252,0.68,1.1348,1,False,A,meta-llama/Llama-3.1-8B-Instruct,chat,riskneutral_formula,0,0.34511,0.00076,1,,,massA=0.000263 massB=0.0005,before,0,0.0
p2,668,22,neutral,0,81,163,0.72,1.4489,4,True,B,meta-llama/Llama-3.1-8B-Instruct,chat,riskneutral_formula,0,0.89331,0.0001,1,,,massA=1.02e-05 massB=8.55e-05,before,0,0.0
p2,1112,37,neutral,0,151,252,0.68,1.1348,1,True,B,meta-llama/Llama-3.1-8B-Instruct,chat,riskneutral_formula,0,0.91848,0.00303,1,,,massA=0.000247 massB=0.00278,before,0,0.0
p2,1272,36,dominant,0,98,155,1.0,1.5816,1,True,B,meta-llama/Llama-3.1-8B-Instruct,chat,riskneutral_formula,0,0.90329,0.28807,0,,,massA=0.0279 massB=0.26,before,0,0.0
p2,567,18,mixed,41,41,61,0.58,0.8629,3,False,A,meta-llama/Llama-3.1-8B-Instruct,chat,riskneutral_formula,0,0.59643,0.00107,1,,,massA=0.000637 massB=0.000431,before,0,0.0
p2,1109,36,mixed,98,98,227,0.47,1.0887,4,False,A,meta-llama/Llama-3.1-8B-Instruct,chat,riskneutral_formula,0,0.36659,0.00011,1,,,massA=3.96e-05 massB=6.84e-05,before,0,0.0
p2,826,27,gain,0,166,433,0.53,1.3825,3,True,B,meta-llama/Llama-3.1-8B-Instruct,chat,riskneutral_formula,0,0.66192,0.02969,1,,,massA=0.01 massB=0.0197,before,0,0.0
p2,37,1,neutral,0,58,116,0.66,1.32,3,False,A,meta-llama/Llama-3.1-8B-Instruct,chat,riskneutral_formula,0,0.52342,0.01236,1,,,massA=0.00647 massB=0.00589,before,0,0.0
p2,192,6,gain,0,94,101,0.71,0.7629,1,True,B,meta-llama/Llama-3.1-8B-Instruct,chat,riskneutral_formula,0,0.91368,0.00645,1,,,massA=0.000557 massB=0.0059,before,0,0.0
p2,1009,33,gain,0,142,446,0.53,1.6646,4,False,A,meta-llama/Llama-3.1-8B-Instruct,chat,riskneutral_formula,0,0.52732,1e-05,1,,,massA=7.38e-06 massB=6.62e-06,before,0,0.0
p2,1229,14,dominant,0,81,135,1.0,1.6667,1,False,A,meta-llama/Llama-3.1-8B-Instruct,chat,riskneutral_formula,0,0.6478,0.00972,1,,,massA=0.00629 massB=0.00342,before,0,0.0
p2,6,0,neutral,0,186,984,0.26,1.3755,3,True,B,meta-llama/Llama-3.1-8B-Instruct,chat,riskneutral_formula,0,0.55447,0.03485,1,,,massA=0.0155 massB=0.0193,before,0,0.0
p2,1183,39,gain,0,178,567,0.32,1.0193,1,False,A,meta-llama/Llama-3.1-8B-Instruct,chat,riskneutral_formula,0,0.25091,0.00165,1,,,massA=0.000415 massB=0.00124,before,0,0.0
p2,61,2,neutral,0,162,661,0.26,1.0609,0,False,A,meta-llama/Llama-3.1-8B-Instruct,chat,riskneutral_formula,0,0.29421,0.00114,1,,,massA=0.000334 massB=0.000802,before,0,0.0
p2,555,18,gain,0,41,61,0.58,0.8629,2,False,A,meta-llama/Llama-3.1-8B-Instruct,chat,riskneutral_formula,0,0.78793,0.00029,1,,,massA=0.000228 massB=6.14e-05,before,0,0.0
p2,979,32,gain,0,131,236,0.57,1.0269,4,False,A,meta-llama/Llama-3.1-8B-Instruct,chat,riskneutral_formula,0,0.50391,1e-05,1,,,massA=4.18e-06 massB=4.12e-06,before,0,0.0
p2,530,17,mixed,117,117,362,0.42,1.2995,0,True,B,meta-llama/Llama-3.1-8B-Instruct,chat,riskneutral_formula,0,0.93046,0.11054,1,,,massA=0.00769 massB=0.103,before,0,0.0
p2,1091,36,gain,0,98,227,0.47,1.0887,0,False,A,meta-llama/Llama-3.1-8B-Instruct,chat,riskneutral_formula,0,0.40357,0.00277,1,,,massA=0.00112 massB=0.00165,before,0,0.0
p2,414,13,mixed,72,72,88,0.64,0.7822,2,True,B,meta-llama/Llama-3.1-8B-Instruct,chat,riskneutral_formula,0,0.66192,0.00761,1,,,massA=0.00257 massB=0.00504,before,0,0.0
p2,1165,38,mixed,183,183,609,0.38,1.2646,2,False,A,meta-llama/Llama-3.1-8B-Instruct,chat,riskneutral_formula,0,0.53121,0.00041,1,,,massA=0.000218 massB=0.000193,before,0,0.0
p2,311,10,gain,0,111,278,0.58,1.4526,0,False,A,meta-llama/Llama-3.1-8B-Instruct,chat,riskneutral_formula,0,0.44167,0.0013,1,,,massA=0.000574 massB=0.000725,before,0,0.0
p2,665,22,neutral,0,81,163,0.72,1.4489,2,False,A,meta-llama/Llama-3.1-8B-Instruct,chat,riskneutral_formula,0,0.71859,0.00016,1,,,massA=0.000114 massB=4.45e-05,before,0,0.0
p2,963,32,neutral,0,131,236,0.57,1.0269,1,False,A,meta-llama/Llama-3.1-8B-Instruct,chat,riskneutral_formula,0,0.5,0.00139,1,,,massA=0.000693 massB=0.000693,before,0,0.0
p2,396,13,neutral,0,72,88,0.64,0.7822,3,True,B,meta-llama/Llama-3.1-8B-Instruct,chat,riskneutral_formula,0,0.66888,0.02262,1,,,massA=0.00749 massB=0.0151,before,0,0.0
p2,462,15,gain,0,82,113,0.74,1.0198,1,True,B,meta-llama/Llama-3.1-8B-Instruct,chat,riskneutral_formula,0,0.93046,0.00656,1,,,massA=0.000456 massB=0.0061,before,0,0.0
p2,719,23,mixed,91,91,626,0.23,1.5822,4,False,A,meta-llama/Llama-3.1-8B-Instruct,chat,riskneutral_formula,0,0.32082,7e-05,1,,,massA=2.35e-05 massB=4.97e-05,before,0,0.0
p2,219,7,neutral,0,63,98,0.64,0.9956,4,False,A,meta-llama/Llama-3.1-8B-Instruct,chat,riskneutral_formula,0,0.64958,0.0,1,,,massA=1.31e-06 massB=7.08e-07,before,0,0.0
p2,30,1,neutral,0,58,116,0.66,1.32,0,True,B,meta-llama/Llama-3.1-8B-Instruct,chat,riskneutral_formula,0,0.67233,0.00781,1,,,massA=0.00256 massB=0.00525,before,0,0.0
p2,767,25,gain,0,124,207,0.76,1.2687,3,False,A,meta-llama/Llama-3.1-8B-Instruct,chat,riskneutral_formula,0,0.48048,0.00211,1,,,massA=0.00101 massB=0.0011,before,0,0.0
p2,359,11,mixed,54,54,68,0.81,1.02,4,False,A,meta-llama/Llama-3.1-8B-Instruct,chat,riskneutral_formula,0,0.33808,0.0001,1,,,massA=3.51e-05 massB=6.88e-05,before,0,0.0
p2,101,3,gain,0,46,158,0.33,1.1335,0,False,A,meta-llama/Llama-3.1-8B-Instruct,chat,riskneutral_formula,0,0.56985,0.00061,1,,,massA=0.000345 massB=0.000261,before,0,0.0
p2,364,12,neutral,0,164,541,0.38,1.2535,2,True,B,meta-llama/Llama-3.1-8B-Instruct,chat,riskneutral_formula,0,0.77999,0.00167,1,,,massA=0.000367 massB=0.0013,before,0,0.0
p2,558,18,gain,0,41,61,0.58,0.8629,4,True,B,meta-llama/Llama-3.1-8B-Instruct,chat,riskneutral_formula,0,0.75491,7e-05,1,,,massA=1.65e-05 massB=5.08e-05,before,0,0.0
p2,1096,36,gain,0,98,227,0.47,1.0887,3,True,B,meta-llama/Llama-3.1-8B-Instruct,chat,riskneutral_formula,0,0.66192,0.04341,1,,,massA=0.0147 massB=0.0287,before,0,0.0
p2,502,16,mixed,139,139,234,0.6,1.0101,1,True,B,meta-llama/Llama-3.1-8B-Instruct,chat,riskneutral_formula,0,0.87408,0.04205,1,,,massA=0.00529 massB=0.0368,before,0,0.0
p2,862,28,mixed,132,132,181,0.76,1.0421,1,True,B,meta-llama/Llama-3.1-8B-Instruct,chat,riskneutral_formula,0,0.88404,0.10528,1,,,massA=0.0122 massB=0.0931,before,0,0.0
p2,422,14,neutral,0,81,201,0.68,1.6874,1,True,B,meta-llama/Llama-3.1-8B-Instruct,chat,riskneutral_formula,0,0.93245,0.00416,1,,,massA=0.000281 massB=0.00388,before,0,0.0
p2,713,23,mixed,91,91,626,0.23,1.5822,1,False,A,meta-llama/Llama-3.1-8B-Instruct,chat,riskneutral_formula,0,0.32082,0.00238,1,,,massA=0.000763 massB=0.00162,before,0,0.0
p2,1058,35,neutral,0,91,133,0.68,0.9938,4,True,B,meta-llama/Llama-3.1-8B-Instruct,chat,riskneutral_formula,0,0.86522,0.00011,1,,,massA=1.42e-05 massB=9.13e-05,before,0,0.0
p2,840,28,neutral,0,132,181,0.76,1.0421,0,True,B,meta-llama/Llama-3.1-8B-Instruct,chat,riskneutral_formula,0,0.68595,0.00499,1,,,massA=0.00157 massB=0.00342,before,0,0.0
p2,648,21,gain,0,106,206,0.73,1.4187,4,True,B,meta-llama/Llama-3.1-8B-Instruct,chat,riskneutral_formula,0,0.77999,0.00014,1,,,massA=2.98e-05 massB=0.000106,before,0,0.0
p2,75,2,gain,0,162,661,0.26,1.0609,2,False,A,meta-llama/Llama-3.1-8B-Instruct,chat,riskneutral_formula,0,0.67233,0.00023,1,,,massA=0.000153 massB=7.48e-05,before,0,0.0
p2,1176,39,neutral,0,178,567,0.32,1.0193,3,True,B,meta-llama/Llama-3.1-8B-Instruct,chat,riskneutral_formula,0,0.66541,0.02615,1,,,massA=0.00875 massB=0.0174,before,0,0.0
p2,494,16,gain,0,139,234,0.6,1.0101,2,True,B,meta-llama/Llama-3.1-8B-Instruct,chat,riskneutral_formula,0,0.48048,0.00087,1,,,massA=0.000451 massB=0.000417,before,0,0.0
p2,239,7,mixed,63,63,98,0.64,0.9956,4,False,A,meta-llama/Llama-3.1-8B-Instruct,chat,riskneutral_formula,0,0.44553,6e-05,1,,,massA=2.73e-05 massB=3.4e-05,before,0,0.0
p2,375,12,gain,0,164,541,0.38,1.2535,2,False,A,meta-llama/Llama-3.1-8B-Instruct,chat,riskneutral_formula,0,0.68257,0.00032,1,,,massA=0.000222 massB=0.000103,before,0,0.0
p2,669,22,neutral,0,81,163,0.72,1.4489,4,False,A,meta-llama/Llama-3.1-8B-Instruct,chat,riskneutral_formula,0,0.50391,0.0,1,,,massA=1.1e-06 massB=1.08e-06,before,0,0.0
p2,935,31,neutral,0,51,151,0.29,0.8586,2,False,A,meta-llama/Llama-3.1-8B-Instruct,chat,riskneutral_formula,0,0.66541,0.00033,1,,,massA=0.000217 massB=0.000109,before,0,0.0
p2,456,15,neutral,0,82,113,0.74,1.0198,3,True,B,meta-llama/Llama-3.1-8B-Instruct,chat,riskneutral_formula,0,0.77458,0.04816,1,,,massA=0.0109 massB=0.0373,before,0,0.0
p2,128,4,neutral,0,29,71,0.55,1.3466,4,True,B,meta-llama/Llama-3.1-8B-Instruct,chat,riskneutral_formula,0,0.76908,6e-05,1,,,massA=1.33e-05 massB=4.44e-05,before,0,0.0
p2,599,19,mixed,64,64,122,0.49,0.9341,4,False,A,meta-llama/Llama-3.1-8B-Instruct,chat,riskneutral_formula,0,0.4225,9e-05,1,,,massA=3.7e-05 massB=5.05e-05,before,0,0.0
p2,597,19,mixed,64,64,122,0.49,0.9341,3,False,A,meta-llama/Llama-3.1-8B-Instruct,chat,riskneutral_formula,0,0.5775,0.00138,1,,,massA=0.000797 massB=0.000583,before,0,0.0
p2,515,17,neutral,0,117,362,0.42,1.2995,2,False,A,meta-llama/Llama-3.1-8B-Instruct,chat,riskneutral_formula,0,0.72798,0.00021,1,,,massA=0.000155 massB=5.8e-05,before,0,0.0
p2,240,8,neutral,0,62,263,0.33,1.3998,0,True,B,meta-llama/Llama-3.1-8B-Instruct,chat,riskneutral_formula,0,0.53121,0.00286,1,,,massA=0.00134 massB=0.00152,before,0,0.0
p2,2,0,neutral,0,186,984,0.26,1.3755,1,True,B,meta-llama/Llama-3.1-8B-Instruct,chat,riskneutral_formula,0,0.89479,0.00342,1,,,massA=0.00036 massB=0.00306,before,0,0.0
p2,1039,34,gain,0,52,96,0.63,1.1631,4,False,A,meta-llama/Llama-3.1-8B-Instruct,chat,riskneutral_formula,0,0.5794,0.0,1,,,massA=2.42e-06 massB=1.76e-06,before,0,0.0
p2,930,31,neutral,0,51,151,0.29,0.8586,0,True,B,meta-llama/Llama-3.1-8B-Instruct,chat,riskneutral_formula,0,0.59643,0.00558,1,,,massA=0.00225 massB=0.00333,before,0,0.0
p2,703,23,gain,0,91,626,0.23,1.5822,1,False,A,meta-llama/Llama-3.1-8B-Instruct,chat,riskneutral_formula,0,0.27202,0.00224,1,,,massA=0.00061 massB=0.00163,before,0,0.0
p2,988,32,mixed,131,131,236,0.57,1.0269,4,True,B,meta-llama/Llama-3.1-8B-Instruct,chat,riskneutral_formula,0,0.92944,0.02306,1,,,massA=0.00163 massB=0.0214,before,0,0.0
p2,428,14,neutral,0,81,201,0.68,1.6874,4,True,B,meta-llama/Llama-3.1-8B-Instruct,chat,riskneutral_formula,0,0.82671,6e-05,1,,,massA=1.05e-05 massB=4.99e-05,before,0,0.0
p2,237,7,mixed,63,63,98,0.64,0.9956,3,False,A,meta-llama/Llama-3.1-8B-Instruct,chat,riskneutral_formula,0,0.62612,0.00095,1,,,massA=0.000594 massB=0.000355,before,0,0.0
p2,455,15,neutral,0,82,113,0.74,1.0198,2,False,A,meta-llama/Llama-3.1-8B-Instruct,chat,riskneutral_formula,0,0.78266,0.00033,1,,,massA=0.000262 massB=7.28e-05,before,0,0.0
p2,158,5,neutral,0,162,381,0.46,1.0819,4,True,B,meta-llama/Llama-3.1-8B-Instruct,chat,riskneutral_formula,0,0.83973,6e-05,1,,,massA=8.82e-06 massB=4.62e-05,before,0,0.0
p2,1080,36,neutral,0,98,227,0.47,1.0887,0,True,B,meta-llama/Llama-3.1-8B-Instruct,chat,riskneutral_formula,0,0.66192,0.00895,1,,,massA=0.00302 massB=0.00592,before,0,0.0
p2,759,25,neutral,0,124,207,0.76,1.2687,4,False,A,meta-llama/Llama-3.1-8B-Instruct,chat,riskneutral_formula,0,0.50586,0.0,1,,,massA=1.4e-06 massB=1.37e-06,before,0,0.0
p2,745,24,mixed,168,168,214,0.76,0.9681,2,False,A,meta-llama/Llama-3.1-8B-Instruct,chat,riskneutral_formula,0,0.55061,0.00044,1,,,massA=0.000244 massB=0.000199,before,0,0.0
p2,1113,37,neutral,0,151,252,0.68,1.1348,1,False,A,meta-llama/Llama-3.1-8B-Instruct,chat,riskneutral_formula,0,0.55061,0.00126,1,,,massA=0.000696 massB=0.000568,before,0,0.0
p2,564,18,mixed,41,41,61,0.58,0.8629,2,True,B,meta-llama/Llama-3.1-8B-Instruct,chat,riskneutral_formula,0,0.68595,0.00897,1,,,massA=0.00282 massB=0.00615,before,0,0.0
p2,616,20,gain,0,186,266,0.63,0.901,3,True,B,meta-llama/Llama-3.1-8B-Instruct,chat,riskneutral_formula,0,0.66541,0.02196,1,,,massA=0.00735 massB=0.0146,before,0,0.0
p2,168,5,gain,0,162,381,0.46,1.0819,4,True,B,meta-llama/Llama-3.1-8B-Instruct,chat,riskneutral_formula,0,0.79311,8e-05,1,,,massA=1.57e-05 massB=6.02e-05,before,0,0.0
p2,771,25,mixed,124,124,207,0.76,1.2687,0,False,A,meta-llama/Llama-3.1-8B-Instruct,chat,riskneutral_formula,0,0.21469,0.00244,1,,,massA=0.000524 massB=0.00192,before,0,0.0
p2,950,31,mixed,51,51,151,0.29,0.8586,0,True,B,meta-llama/Llama-3.1-8B-Instruct,chat,riskneutral_formula,0,0.8977,0.10959,1,,,massA=0.0112 massB=0.0984,before,0,0.0
p2,389,12,mixed,164,164,541,0.38,1.2535,4,False,A,meta-llama/Llama-3.1-8B-Instruct,chat,riskneutral_formula,0,0.31405,8e-05,1,,,massA=2.5e-05 massB=5.46e-05,before,0,0.0
p2,834,27,mixed,166,166,433,0.53,1.3825,2,True,B,meta-llama/Llama-3.1-8B-Instruct,chat,riskneutral_formula,0,0.74909,0.02111,1,,,massA=0.0053 massB=0.0158,before,0,0.0
p2,800,26,mixed,59,59,151,0.36,0.9214,0,True,B,meta-llama/Llama-3.1-8B-Instruct,chat,riskneutral_formula,0,0.90192,0.08146,1,,,massA=0.00799 massB=0.0735,before,0,0.0
p2,566,18,mixed,41,41,61,0.58,0.8629,3,True,B,meta-llama/Llama-3.1-8B-Instruct,chat,riskneutral_formula,0,0.76908,0.03046,1,,,massA=0.00703 massB=0.0234,before,0,0.0
p2,803,26,mixed,59,59,151,0.36,0.9214,1,False,A,meta-llama/Llama-3.1-8B-Instruct,chat,riskneutral_formula,0,0.34158,0.00154,1,,,massA=0.000526 massB=0.00101,before,0,0.0
p2,1045,34,mixed,52,52,96,0.63,1.1631,2,False,A,meta-llama/Llama-3.1-8B-Instruct,chat,riskneutral_formula,0,0.66888,0.00047,1,,,massA=0.000315 massB=0.000156,before,0,0.0
p2,637,21,neutral,0,106,206,0.73,1.4187,3,False,A,meta-llama/Llama-3.1-8B-Instruct,chat,riskneutral_formula,0,0.49219,0.01512,1,,,massA=0.00744 massB=0.00768,before,0,0.0
p2,934,31,neutral,0,51,151,0.29,0.8586,2,True,B,meta-llama/Llama-3.1-8B-Instruct,chat,riskneutral_formula,0,0.68931,0.00194,1,,,massA=0.000602 massB=0.00134,before,0,0.0
p2,1267,33,dominant,0,142,179,1.0,1.2606,2,False,A,meta-llama/Llama-3.1-8B-Instruct,chat,riskneutral_formula,0,0.72174,0.01163,1,,,massA=0.00839 massB=0.00324,before,0,0.0
p2,93,3,neutral,0,46,158,0.33,1.1335,1,False,A,meta-llama/Llama-3.1-8B-Instruct,chat,riskneutral_formula,0,0.38122,0.00115,1,,,massA=0.000439 massB=0.000712,before,0,0.0
p2,1240,20,dominant,0,186,229,1.0,1.2312,0,True,B,meta-llama/Llama-3.1-8B-Instruct,chat,riskneutral_formula,0,0.89625,0.56586,0,,,massA=0.0587 massB=0.507,before,0,0.0
p2,97,3,neutral,0,46,158,0.33,1.1335,3,False,A,meta-llama/Llama-3.1-8B-Instruct,chat,riskneutral_formula,0,0.51562,0.01442,1,,,massA=0.00743 massB=0.00698,before,0,0.0
p2,1218,9,dominant,0,49,82,1.0,1.6735,1,True,B,meta-llama/Llama-3.1-8B-Instruct,chat,riskneutral_formula,0,0.87408,0.12487,1,,,massA=0.0157 massB=0.109,before,0,0.0
p2,699,23,neutral,0,91,626,0.23,1.5822,4,False,A,meta-llama/Llama-3.1-8B-Instruct,chat,riskneutral_formula,0,0.5794,0.0,1,,,massA=1.58e-06 massB=1.15e-06,before,0,0.0
p2,864,28,mixed,132,132,181,0.76,1.0421,2,True,B,meta-llama/Llama-3.1-8B-Instruct,chat,riskneutral_formula,0,0.69264,0.01277,1,,,massA=0.00393 massB=0.00885,before,0,0.0
p2,293,9,mixed,49,49,153,0.26,0.8118,1,False,A,meta-llama/Llama-3.1-8B-Instruct,chat,riskneutral_formula,0,0.31405,0.00207,1,,,massA=0.000651 massB=0.00142,before,0,0.0
p2,973,32,gain,0,131,236,0.57,1.0269,1,False,A,meta-llama/Llama-3.1-8B-Instruct,chat,riskneutral_formula,0,0.29421,0.00166,1,,,massA=0.000488 massB=0.00117,before,0,0.0
p2,720,24,neutral,0,168,214,0.76,0.9681,0,True,B,meta-llama/Llama-3.1-8B-Instruct,chat,riskneutral_formula,0,0.71542,0.00694,1,,,massA=0.00198 massB=0.00497,before,0,0.0
p2,851,28,gain,0,132,181,0.76,1.0421,0,False,A,meta-llama/Llama-3.1-8B-Instruct,chat,riskneutral_formula,0,0.38862,0.00051,1,,,massA=0.000196 massB=0.000309,before,0,0.0
p2,340,11,gain,0,54,68,0.81,1.02,0,True,B,meta-llama/Llama-3.1-8B-Instruct,chat,riskneutral_formula,0,0.51172,0.0041,1,,,massA=0.002 massB=0.0021,before,0,0.0
p2,1250,25,dominant,0,124,182,1.0,1.4677,0,True,B,meta-llama/Llama-3.1-8B-Instruct,chat,riskneutral_formula,0,0.85585,0.37051,0,,,massA=0.0534 massB=0.317,before,0,0.0
p2,142,4,mixed,29,29,71,0.55,1.3466,1,True,B,meta-llama/Llama-3.1-8B-Instruct,chat,riskneutral_formula,0,0.86883,0.04968,1,,,massA=0.00652 massB=0.0432,before,0,0.0
p2,421,14,neutral,0,81,201,0.68,1.6874,0,False,A,meta-llama/Llama-3.1-8B-Instruct,chat,riskneutral_formula,0,0.4649,0.00117,1,,,massA=0.000544 massB=0.000627,before,0,0.0
p2,73,2,gain,0,162,661,0.26,1.0609,1,False,A,meta-llama/Llama-3.1-8B-Instruct,chat,riskneutral_formula,0,0.24508,0.00157,1,,,massA=0.000385 massB=0.00119,before,0,0.0
p2,882,29,gain,0,79,81,0.83,0.851,1,True,B,meta-llama/Llama-3.1-8B-Instruct,chat,riskneutral_formula,0,0.90862,0.00531,1,,,massA=0.000486 massB=0.00483,before,0,0.0
p2,532,17,mixed,117,117,362,0.42,1.2995,1,True,B,meta-llama/Llama-3.1-8B-Instruct,chat,riskneutral_formula,0,0.92944,0.11679,1,,,massA=0.00824 massB=0.109,before,0,0.0
p2,947,31,gain,0,51,151,0.29,0.8586,3,False,A,meta-llama/Llama-3.1-8B-Instruct,chat,riskneutral_formula,0,0.4149,0.00488,1,,,massA=0.00202 massB=0.00285,before,0,0.0
p2,1017,33,mixed,142,142,446,0.53,1.6646,3,False,A,meta-llama/Llama-3.1-8B-Instruct,chat,riskneutral_formula,0,0.56602,0.00219,1,,,massA=0.00124 massB=0.000949,before,0,0.0
p2,324,10,mixed,111,111,278,0.58,1.4526,2,True,B,meta-llama/Llama-3.1-8B-Instruct,chat,riskneutral_formula,0,0.74017,0.01471,1,,,massA=0.00382 massB=0.0109,before,0,0.0
p2,828,27,gain,0,166,433,0.53,1.3825,4,True,B,meta-llama/Llama-3.1-8B-Instruct,chat,riskneutral_formula,0,0.76908,0.00012,1,,,massA=2.74e-05 massB=9.11e-05,before,0,0.0
p2,760,25,gain,0,124,207,0.76,1.2687,0,True,B,meta-llama/Llama-3.1-8B-Instruct,chat,riskneutral_formula,0,0.52342,0.00466,1,,,massA=0.00222 massB=0.00244,before,0,0.0
p2,355,11,mixed,54,54,68,0.81,1.02,2,False,A,meta-llama/Llama-3.1-8B-Instruct,chat,riskneutral_formula,0,0.56985,0.00044,1,,,massA=0.000252 massB=0.00019,before,0,0.0
p2,448,14,mixed,81,81,201,0.68,1.6874,4,True,B,meta-llama/Llama-3.1-8B-Instruct,chat,riskneutral_formula,0,0.94335,0.02214,1,,,massA=0.00125 massB=0.0209,before,0,0.0
p2,299,9,mixed,49,49,153,0.26,0.8118,4,False,A,meta-llama/Llama-3.1-8B-Instruct,chat,riskneutral_formula,0,0.35577,7e-05,1,,,massA=2.62e-05 massB=4.75e-05,before,0,0.0
p2,1279,39,dominant,0,178,205,1.0,1.1517,2,False,A,meta-llama/Llama-3.1-8B-Instruct,chat,riskneutral_formula,0,0.76348,0.01505,1,,,massA=0.0115 massB=0.00356,before,0,0.0
p2,520,17,gain,0,117,362,0.42,1.2995,0,True,B,meta-llama/Llama-3.1-8B-Instruct,chat,riskneutral_formula,0,0.63341,0.00826,1,,,massA=0.00303 massB=0.00523,before,0,0.0
p2,123,4,neutral,0,29,71,0.55,1.3466,1,False,A,meta-llama/Llama-3.1-8B-Instruct,chat,riskneutral_formula,0,0.49219,0.00097,1,,,massA=0.000479 massB=0.000495,before,0,0.0
p2,785,26,neutral,0,59,151,0.36,0.9214,2,False,A,meta-llama/Llama-3.1-8B-Instruct,chat,riskneutral_formula,0,0.71859,0.00025,1,,,massA=0.000179 massB=6.99e-05,before,0,0.0
p2,1005,33,gain,0,142,446,0.53,1.6646,2,False,A,meta-llama/Llama-3.1-8B-Instruct,chat,riskneutral_formula,0,0.74909,0.00046,1,,,massA=0.000348 massB=0.000117,before,0,0.0
p2,316,10,gain,0,111,278,0.58,1.4526,3,True,B,meta-llama/Llama-3.1-8B-Instruct,chat,riskneutral_formula,0,0.65489,0.03447,1,,,massA=0.0119 massB=0.0226,before,0,0.0
p2,553,18,gain,0,41,61,0.58,0.8629,1,False,A,meta-llama/Llama-3.1-8B-Instruct,chat,riskneutral_formula,0,0.37388,0.00084,1,,,massA=0.000313 massB=0.000524,before,0,0.0
p2,1146,38,neutral,0,183,609,0.38,1.2646,3,True,B,meta-llama/Llama-3.1-8B-Instruct,chat,riskneutral_formula,0,0.73716,0.03453,1,,,massA=0.00908 massB=0.0255,before,0,0.0
p2,534,17,mixed,117,117,362,0.42,1.2995,2,True,B,meta-llama/Llama-3.1-8B-Instruct,chat,riskneutral_formula,0,0.71859,0.01127,1,,,massA=0.00317 massB=0.0081,before,0,0.0
p2,924,30,mixed,149,149,447,0.26,0.78,2,True,B,meta-llama/Llama-3.1-8B-Instruct,chat,riskneutral_formula,0,0.71542,0.01542,1,,,massA=0.00439 massB=0.011,before,0,0.0
p2,921,30,mixed,149,149,447,0.26,0.78,0,False,A,meta-llama/Llama-3.1-8B-Instruct,chat,riskneutral_formula,0,0.15406,0.00523,1,,,massA=0.000805 massB=0.00442,before,0,0.0
p2,437,14,gain,0,81,201,0.68,1.6874,3,False,A,meta-llama/Llama-3.1-8B-Instruct,chat,riskneutral_formula,0,0.59267,0.0019,1,,,massA=0.00112 massB=0.000772,before,0,0.0
p2,74,2,gain,0,162,661,0.26,1.0609,2,True,B,meta-llama/Llama-3.1-8B-Instruct,chat,riskneutral_formula,0,0.63341,0.00094,1,,,massA=0.000343 massB=0.000593,before,0,0.0
p2,853,28,gain,0,132,181,0.76,1.0421,1,False,A,meta-llama/Llama-3.1-8B-Instruct,chat,riskneutral_formula,0,0.26284,0.00105,1,,,massA=0.000277 massB=0.000777,before,0,0.0
p2,1199,39,mixed,178,178,567,0.32,1.0193,4,False,A,meta-llama/Llama-3.1-8B-Instruct,chat,riskneutral_formula,0,0.28458,8e-05,1,,,massA=2.21e-05 massB=5.56e-05,before,0,0.0
p2,854,28,gain,0,132,181,0.76,1.0421,2,True,B,meta-llama/Llama-3.1-8B-Instruct,chat,riskneutral_formula,0,0.56602,0.00136,1,,,massA=0.000591 massB=0.000771,before,0,0.0
p2,1107,36,mixed,98,98,227,0.47,1.0887,3,False,A,meta-llama/Llama-3.1-8B-Instruct,chat,riskneutral_formula,0,0.55447,0.00173,1,,,massA=0.000958 massB=0.00077,before,0,0.0
p2,304,10,neutral,0,111,278,0.58,1.4526,2,True,B,meta-llama/Llama-3.1-8B-Instruct,chat,riskneutral_formula,0,0.72798,0.00208,1,,,massA=0.000565 massB=0.00151,before,0,0.0
p2,423,14,neutral,0,81,201,0.68,1.6874,1,False,A,meta-llama/Llama-3.1-8B-Instruct,chat,riskneutral_formula,0,0.49609,0.00228,1,,,massA=0.00113 massB=0.00115,before,0,0.0
p2,519,17,neutral,0,117,362,0.42,1.2995,4,False,A,meta-llama/Llama-3.1-8B-Instruct,chat,riskneutral_formula,0,0.54867,0.0,1,,,massA=1.21e-06 massB=9.98e-07,before,0,0.0
p2,466,15,gain,0,82,113,0.74,1.0198,3,True,B,meta-llama/Llama-3.1-8B-Instruct,chat,riskneutral_formula,0,0.5775,0.0321,1,,,massA=0.0136 massB=0.0185,before,0,0.0
p2,287,9,gain,0,49,153,0.26,0.8118,3,False,A,meta-llama/Llama-3.1-8B-Instruct,chat,riskneutral_formula,0,0.47268,0.00355,1,,,massA=0.00168 massB=0.00187,before,0,0.0
p2,970,32,gain,0,131,236,0.57,1.0269,0,True,B,meta-llama/Llama-3.1-8B-Instruct,chat,riskneutral_formula,0,0.67918,0.01149,1,,,massA=0.00369 massB=0.00781,before,0,0.0
p2,968,32,neutral,0,131,236,0.57,1.0269,4,True,B,meta-llama/Llama-3.1-8B-Instruct,chat,riskneutral_formula,0,0.85195,9e-05,1,,,massA=1.29e-05 massB=7.41e-05,before,0,0.0
p2,705,23,gain,0,91,626,0.23,1.5822,2,False,A,meta-llama/Llama-3.1-8B-Instruct,chat,riskneutral_formula,0,0.69596,0.00022,1,,,massA=0.000156 massB=6.83e-05,before,0,0.0
p2,1220,10,dominant,0,111,138,1.0,1.2432,3,True,B,meta-llama/Llama-3.1-8B-Instruct,chat,riskneutral_formula,0,0.80069,0.32398,0,,,massA=0.0646 massB=0.259,before,0,0.0
p2,374,12,gain,0,164,541,0.38,1.2535,2,True,B,meta-llama/Llama-3.1-8B-Instruct,chat,riskneutral_formula,0,0.60393,0.00158,1,,,massA=0.000625 massB=0.000953,before,0,0.0
p2,139,4,gain,0,29,71,0.55,1.3466,4,False,A,meta-llama/Llama-3.1-8B-Instruct,chat,riskneutral_formula,0,0.56985,1e-05,1,,,massA=5.08e-06 massB=3.83e-06,before,0,0.0
p2,141,4,mixed,29,29,71,0.55,1.3466,0,False,A,meta-llama/Llama-3.1-8B-Instruct,chat,riskneutral_formula,0,0.27202,0.00392,1,,,massA=0.00107 massB=0.00286,before,0,0.0
p2,482,16,neutral,0,139,234,0.6,1.0101,1,True,B,meta-llama/Llama-3.1-8B-Instruct,chat,riskneutral_formula,0,0.90465,0.00291,1,,,massA=0.000278 massB=0.00264,before,0,0.0
p2,1148,38,neutral,0,183,609,0.38,1.2646,4,True,B,meta-llama/Llama-3.1-8B-Instruct,chat,riskneutral_formula,0,0.79053,4e-05,1,,,massA=7.7e-06 massB=2.91e-05,before,0,0.0
p2,394,13,neutral,0,72,88,0.64,0.7822,2,True,B,meta-llama/Llama-3.1-8B-Instruct,chat,riskneutral_formula,0,0.77458,0.00101,1,,,massA=0.000228 massB=0.000782,before,0,0.0
p2,654,21,mixed,106,106,206,0.73,1.4187,2,True,B,meta-llama/Llama-3.1-8B-Instruct,chat,riskneutral_formula,0,0.70253,0.01804,1,,,massA=0.00537 massB=0.0127,before,0,0.0
p2,38,1,neutral,0,58,116,0.66,1.32,4,True,B,meta-llama/Llama-3.1-8B-Instruct,chat,riskneutral_formula,0,0.85391,0.00018,1,,,massA=2.67e-05 massB=0.000156,before,0,0.0
p2,683,22,mixed,81,81,163,0.72,1.4489,1,False,A,meta-llama/Llama-3.1-8B-Instruct,chat,riskneutral_formula,0,0.39234,0.00236,1,,,massA=0.000924 massB=0.00143,before,0,0.0
p2,902,30,neutral,0,149,447,0.26,0.78,1,True,B,meta-llama/Llama-3.1-8B-Instruct,chat,riskneutral_formula,0,0.88876,0.00432,1,,,massA=0.000481 massB=0.00384,before,0,0.0
p2,44,1,gain,0,58,116,0.66,1.32,2,True,B,meta-llama/Llama-3.1-8B-Instruct,chat,riskneutral_formula,0,0.53121,0.00158,1,,,massA=0.000739 massB=0.000837,before,0,0.0
p2,33,1,neutral,0,58,116,0.66,1.32,1,False,A,meta-llama/Llama-3.1-8B-Instruct,chat,riskneutral_formula,0,0.36297,0.00169,1,,,massA=0.000613 massB=0.00108,before,0,0.0
p2,330,11,neutral,0,54,68,0.81,1.02,0,True,B,meta-llama/Llama-3.1-8B-Instruct,chat,riskneutral_formula,0,0.69596,0.0063,1,,,massA=0.00192 massB=0.00438,before,0,0.0
p2,939,31,neutral,0,51,151,0.29,0.8586,4,False,A,meta-llama/Llama-3.1-8B-Instruct,chat,riskneutral_formula,0,0.51172,0.0,1,,,massA=2e-06 massB=1.91e-06,before,0,0.0
p2,855,28,gain,0,132,181,0.76,1.0421,2,False,A,meta-llama/Llama-3.1-8B-Instruct,chat,riskneutral_formula,0,0.69925,0.0002,1,,,massA=0.000138 massB=5.93e-05,before,0,0.0
p2,1156,38,gain,0,183,609,0.38,1.2646,3,True,B,meta-llama/Llama-3.1-8B-Instruct,chat,riskneutral_formula,0,0.74017,0.03728,1,,,massA=0.00969 massB=0.0276,before,0,0.0
p2,214,7,neutral,0,63,98,0.64,0.9956,2,True,B,meta-llama/Llama-3.1-8B-Instruct,chat,riskneutral_formula,0,0.71859,0.00093,1,,,massA=0.000262 massB=0.00067,before,0,0.0
p2,377,12,gain,0,164,541,0.38,1.2535,3,False,A,meta-llama/Llama-3.1-8B-Instruct,chat,riskneutral_formula,0,0.43015,0.00462,1,,,massA=0.00199 massB=0.00263,before,0,0.0
p2,545,18,neutral,0,41,61,0.58,0.8629,2,False,A,meta-llama/Llama-3.1-8B-Instruct,chat,riskneutral_formula,0,0.79053,0.00023,1,,,massA=0.000181 massB=4.79e-05,before,0,0.0
p2,1175,39,neutral,0,178,567,0.32,1.0193,2,False,A,meta-llama/Llama-3.1-8B-Instruct,chat,riskneutral_formula,0,0.72798,0.00019,1,,,massA=0.000136 massB=5.07e-05,before,0,0.0
p2,262,8,mixed,62,62,263,0.33,1.3998,1,True,B,meta-llama/Llama-3.1-8B-Instruct,chat,riskneutral_formula,0,0.88243,0.06076,1,,,massA=0.00714 massB=0.0536,before,0,0.0
p2,726,24,neutral,0,168,214,0.76,0.9681,3,True,B,meta-llama/Llama-3.1-8B-Instruct,chat,riskneutral_formula,0,0.77999,0.05032,1,,,massA=0.0111 massB=0.0392,before,0,0.0
p2,568,18,mixed,41,41,61,0.58,0.8629,4,True,B,meta-llama/Llama-3.1-8B-Instruct,chat,riskneutral_formula,0,0.91118,0.01961,1,,,massA=0.00174 massB=0.0179,before,0,0.0
p2,321,10,mixed,111,111,278,0.58,1.4526,0,False,A,meta-llama/Llama-3.1-8B-Instruct,chat,riskneutral_formula,0,0.22001,0.00565,1,,,massA=0.00124 massB=0.00441,before,0,0.0
p2,591,19,mixed,64,64,122,0.49,0.9341,0,False,A,meta-llama/Llama-3.1-8B-Instruct,chat,riskneutral_formula,0,0.26284,0.00283,1,,,massA=0.000745 massB=0.00209,before,0,0.0
p2,994,33,neutral,0,142,446,0.53,1.6646,2,True,B,meta-llama/Llama-3.1-8B-Instruct,chat,riskneutral_formula,0,0.75779,0.00238,1,,,massA=0.000578 massB=0.00181,before,0,0.0
p2,1041,34,mixed,52,52,96,0.63,1.1631,0,False,A,meta-llama/Llama-3.1-8B-Instruct,chat,riskneutral_formula,0,0.29098,0.00208,1,,,massA=0.000604 massB=0.00147,before,0,0.0
p2,1057,35,neutral,0,91,133,0.68,0.9938,3,False,A,meta-llama/Llama-3.1-8B-Instruct,chat,riskneutral_formula,0,0.5813,0.01072,1,,,massA=0.00623 massB=0.00449,before,0,0.0
p2,701,23,gain,0,91,626,0.23,1.5822,0,False,A,meta-llama/Llama-3.1-8B-Instruct,chat,riskneutral_formula,0,0.4187,0.00129,1,,,massA=0.00054 massB=0.00075,before,0,0.0
p2,390,13,neutral,0,72,88,0.64,0.7822,0,True,B,meta-llama/Llama-3.1-8B-Instruct,chat,riskneutral_formula,0,0.66888,0.00589,1,,,massA=0.00195 massB=0.00394,before,0,0.0
p2,1193,39,mixed,178,178,567,0.32,1.0193,1,False,A,meta-llama/Llama-3.1-8B-Instruct,chat,riskneutral_formula,0,0.30736,0.00217,1,,,massA=0.000667 massB=0.0015,before,0,0.0
p2,1023,34,neutral,0,52,96,0.63,1.1631,1,False,A,meta-llama/Llama-3.1-8B-Instruct,chat,riskneutral_formula,0,0.48438,0.0005,1,,,massA=0.000241 massB=0.000256,before,0,0.0
p2,742,24,mixed,168,168,214,0.76,0.9681,1,True,B,meta-llama/Llama-3.1-8B-Instruct,chat,riskneutral_formula,0,0.87408,0.07565,1,,,massA=0.00953 massB=0.0661,before,0,0.0
p2,224,7,gain,0,63,98,0.64,0.9956,2,True,B,meta-llama/Llama-3.1-8B-Instruct,chat,riskneutral_formula,0,0.53898,0.00067,1,,,massA=0.00031 massB=0.000362,before,0,0.0
p2,79,2,gain,0,162,661,0.26,1.0609,4,False,A,meta-llama/Llama-3.1-8B-Instruct,chat,riskneutral_formula,0,0.41111,1e-05,1,,,massA=3.32e-06 massB=4.75e-06,before,0,0.0
p2,746,24,mixed,168,168,214,0.76,0.9681,3,True,B,meta-llama/Llama-3.1-8B-Instruct,chat,riskneutral_formula,0,0.79819,0.05124,1,,,massA=0.0103 massB=0.0409,before,0,0.0
p2,257,8,gain,0,62,263,0.33,1.3998,3,False,A,meta-llama/Llama-3.1-8B-Instruct,chat,riskneutral_formula,0,0.54286,0.00179,1,,,massA=0.00097 massB=0.000816,before,0,0.0
p2,1072,35,mixed,91,91,133,0.68,0.9938,1,True,B,meta-llama/Llama-3.1-8B-Instruct,chat,riskneutral_formula,0,0.88404,0.0631,1,,,massA=0.00732 massB=0.0558,before,0,0.0
p2,14,0,gain,0,186,984,0.26,1.3755,2,True,B,meta-llama/Llama-3.1-8B-Instruct,chat,riskneutral_formula,0,0.61509,0.00149,1,,,massA=0.000574 massB=0.000918,before,0,0.0
p2,241,8,neutral,0,62,263,0.33,1.3998,0,False,A,meta-llama/Llama-3.1-8B-Instruct,chat,riskneutral_formula,0,0.37023,0.00127,1,,,massA=0.000471 massB=0.000802,before,0,0.0
p2,288,9,gain,0,49,153,0.26,0.8118,4,True,B,meta-llama/Llama-3.1-8B-Instruct,chat,riskneutral_formula,0,0.71859,5e-05,1,,,massA=1.44e-05 massB=3.67e-05,before,0,0.0
p2,387,12,mixed,164,164,541,0.38,1.2535,3,False,A,meta-llama/Llama-3.1-8B-Instruct,chat,riskneutral_formula,0,0.49609,0.00114,1,,,massA=0.000563 massB=0.000572,before,0,0.0
p2,410,13,mixed,72,72,88,0.64,0.7822,0,True,B,meta-llama/Llama-3.1-8B-Instruct,chat,riskneutral_formula,0,0.85391,0.05049,1,,,massA=0.00738 massB=0.0431,before,0,0.0
p2,984,32,mixed,131,131,236,0.57,1.0269,2,True,B,meta-llama/Llama-3.1-8B-Instruct,chat,riskneutral_formula,0,0.74017,0.01842,1,,,massA=0.00479 massB=0.0136,before,0,0.0
p2,1053,35,neutral,0,91,133,0.68,0.9938,1,False,A,meta-llama/Llama-3.1-8B-Instruct,chat,riskneutral_formula,0,0.54674,0.00101,1,,,massA=0.000552 massB=0.000458,before,0,0.0
p2,1025,34,neutral,0,52,96,0.63,1.1631,2,False,A,meta-llama/Llama-3.1-8B-Instruct,chat,riskneutral_formula,0,0.76629,0.00012,1,,,massA=9.09e-05 massB=2.77e-05,before,0,0.0
p2,459,15,neutral,0,82,113,0.74,1.0198,4,False,A,meta-llama/Llama-3.1-8B-Instruct,chat,riskneutral_formula,0,0.50195,0.0,1,,,massA=1.84e-06 massB=1.82e-06,before,0,0.0
p2,827,27,gain,0,166,433,0.53,1.3825,3,False,A,meta-llama/Llama-3.1-8B-Instruct,chat,riskneutral_formula,0,0.51952,0.00328,1,,,massA=0.0017 massB=0.00158,before,0,0.0
p2,634,21,neutral,0,106,206,0.73,1.4187,2,True,B,meta-llama/Llama-3.1-8B-Instruct,chat,riskneutral_formula,0,0.74909,0.00196,1,,,massA=0.000491 massB=0.00147,before,0,0.0
p2,328,10,mixed,111,111,278,0.58,1.4526,4,True,B,meta-llama/Llama-3.1-8B-Instruct,chat,riskneutral_formula,0,0.93146,0.01758,1,,,massA=0.00121 massB=0.0164,before,0,0.0
p2,144,4,mixed,29,29,71,0.55,1.3466,2,True,B,meta-llama/Llama-3.1-8B-Instruct,chat,riskneutral_formula,0,0.67918,0.00887,1,,,massA=0.00285 massB=0.00602,before,0,0.0
p2,98,3,neutral,0,46,158,0.33,1.1335,4,True,B,meta-llama/Llama-3.1-8B-Instruct,chat,riskneutral_formula,0,0.74017,5e-05,1,,,massA=1.34e-05 massB=3.81e-05,before,0,0.0
p2,596,19,mixed,64,64,122,0.49,0.9341,3,True,B,meta-llama/Llama-3.1-8B-Instruct,chat,riskneutral_formula,0,0.76348,0.03005,1,,,massA=0.00711 massB=0.0229,before,0,0.0
p2,900,30,neutral,0,149,447,0.26,0.78,0,True,B,meta-llama/Llama-3.1-8B-Instruct,chat,riskneutral_formula,0,0.63341,0.00849,1,,,massA=0.00311 massB=0.00538,before,0,0.0
p2,388,12,mixed,164,164,541,0.38,1.2535,4,True,B,meta-llama/Llama-3.1-8B-Instruct,chat,riskneutral_formula,0,0.93629,0.02273,1,,,massA=0.00145 massB=0.0213,before,0,0.0
p2,338,11,neutral,0,54,68,0.81,1.02,4,True,B,meta-llama/Llama-3.1-8B-Instruct,chat,riskneutral_formula,0,0.73564,3e-05,1,,,massA=8.49e-06 massB=2.36e-05,before,0,0.0
p2,945,31,gain,0,51,151,0.29,0.8586,2,False,A,meta-llama/Llama-3.1-8B-Instruct,chat,riskneutral_formula,0,0.67576,0.00034,1,,,massA=0.000231 massB=0.000111,before,0,0.0
p2,1082,36,neutral,0,98,227,0.47,1.0887,1,True,B,meta-llama/Llama-3.1-8B-Instruct,chat,riskneutral_formula,0,0.93991,0.00572,1,,,massA=0.000344 massB=0.00538,before,0,0.0
p2,117,3,mixed,46,46,158,0.33,1.1335,3,False,A,meta-llama/Llama-3.1-8B-Instruct,chat,riskneutral_formula,0,0.5813,0.00135,1,,,massA=0.000784 massB=0.000564,before,0,0.0
p2,323,10,mixed,111,111,278,0.58,1.4526,1,False,A,meta-llama/Llama-3.1-8B-Instruct,chat,riskneutral_formula,0,0.30736,0.00437,1,,,massA=0.00134 massB=0.00303,before,0,0.0
p2,912,30,gain,0,149,447,0.26,0.78,1,True,B,meta-llama/Llama-3.1-8B-Instruct,chat,riskneutral_formula,0,0.90599,0.00507,1,,,massA=0.000477 massB=0.0046,before,0,0.0
p2,514,17,neutral,0,117,362,0.42,1.2995,2,True,B,meta-llama/Llama-3.1-8B-Instruct,chat,riskneutral_formula,0,0.76348,0.0014,1,,,massA=0.000332 massB=0.00107,before,0,0.0
p2,949,31,gain,0,51,151,0.29,0.8586,4,False,A,meta-llama/Llama-3.1-8B-Instruct,chat,riskneutral_formula,0,0.43975,1e-05,1,,,massA=5.89e-06 massB=7.5e-06,before,0,0.0
p2,148,4,mixed,29,29,71,0.55,1.3466,4,True,B,meta-llama/Llama-3.1-8B-Instruct,chat,riskneutral_formula,0,0.90599,0.01555,1,,,massA=0.00146 massB=0.0141,before,0,0.0
p2,381,12,mixed,164,164,541,0.38,1.2535,0,False,A,meta-llama/Llama-3.1-8B-Instruct,chat,riskneutral_formula,0,0.17329,0.00497,1,,,massA=0.000862 massB=0.00411,before,0,0.0
p2,1074,35,mixed,91,91,133,0.68,0.9938,2,True,B,meta-llama/Llama-3.1-8B-Instruct,chat,riskneutral_formula,0,0.69264,0.00869,1,,,massA=0.00267 massB=0.00602,before,0,0.0
p2,206,6,mixed,94,94,101,0.71,0.7629,3,True,B,meta-llama/Llama-3.1-8B-Instruct,chat,riskneutral_formula,0,0.79311,0.05425,1,,,massA=0.0112 massB=0.043,before,0,0.0
p2,1169,38,mixed,183,183,609,0.38,1.2646,4,False,A,meta-llama/Llama-3.1-8B-Instruct,chat,riskneutral_formula,0,0.30404,7e-05,1,,,massA=2.27e-05 massB=5.2e-05,before,0,0.0
p2,605,20,neutral,0,186,266,0.63,0.901,2,False,A,meta-llama/Llama-3.1-8B-Instruct,chat,riskneutral_formula,0,0.80069,0.00028,1,,,massA=0.000221 massB=5.5e-05,before,0,0.0
p2,489,16,neutral,0,139,234,0.6,1.0101,4,False,A,meta-llama/Llama-3.1-8B-Instruct,chat,riskneutral_formula,0,0.52732,0.0,1,,,massA=1.32e-06 massB=1.18e-06,before,0,0.0
p2,50,1,mixed,58,58,116,0.66,1.32,0,True,B,meta-llama/Llama-3.1-8B-Instruct,chat,riskneutral_formula,0,0.90329,0.22806,0,,,massA=0.0221 massB=0.206,before,0,0.0
p2,721,24,neutral,0,168,214,0.76,0.9681,0,False,A,meta-llama/Llama-3.1-8B-Instruct,chat,riskneutral_formula,0,0.34511,0.00237,1,,,massA=0.000818 massB=0.00155,before,0,0.0
p2,252,8,gain,0,62,263,0.33,1.3998,1,True,B,meta-llama/Llama-3.1-8B-Instruct,chat,riskneutral_formula,0,0.90599,0.0034,1,,,massA=0.00032 massB=0.00308,before,0,0.0
p2,400,13,gain,0,72,88,0.64,0.7822,0,True,B,meta-llama/Llama-3.1-8B-Instruct,chat,riskneutral_formula,0,0.52342,0.00432,1,,,massA=0.00206 massB=0.00226,before,0,0.0
p2,417,13,mixed,72,72,88,0.64,0.7822,3,False,A,meta-llama/Llama-3.1-8B-Instruct,chat,riskneutral_formula,0,0.68257,0.00121,1,,,massA=0.000823 massB=0.000383,before,0,0.0
p2,71,2,gain,0,162,661,0.26,1.0609,0,False,A,meta-llama/Llama-3.1-8B-Instruct,chat,riskneutral_formula,0,0.35936,0.00124,1,,,massA=0.000447 massB=0.000797,before,0,0.0
p2,1064,35,gain,0,91,133,0.68,0.9938,2,True,B,meta-llama/Llama-3.1-8B-Instruct,chat,riskneutral_formula,0,0.57368,0.00184,1,,,massA=0.000784 massB=0.00105,before,0,0.0
p2,32,1,neutral,0,58,116,0.66,1.32,1,True,B,meta-llama/Llama-3.1-8B-Instruct,chat,riskneutral_formula,0,0.93812,0.00468,1,,,massA=0.00029 massB=0.00439,before,0,0.0
p2,247,8,neutral,0,62,263,0.33,1.3998,3,False,A,meta-llama/Llama-3.1-8B-Instruct,chat,riskneutral_formula,0,0.46102,0.01603,1,,,massA=0.00739 massB=0.00864,before,0,0.0
p2,1094,36,gain,0,98,227,0.47,1.0887,2,True,B,meta-llama/Llama-3.1-8B-Instruct,chat,riskneutral_formula,0,0.54286,0.00212,1,,,massA=0.000967 massB=0.00115,before,0,0.0
p2,836,27,mixed,166,166,433,0.53,1.3825,3,True,B,meta-llama/Llama-3.1-8B-Instruct,chat,riskneutral_formula,0,0.86883,0.06221,1,,,massA=0.00816 massB=0.0541,before,0,0.0
p2,817,27,neutral,0,166,433,0.53,1.3825,3,False,A,meta-llama/Llama-3.1-8B-Instruct,chat,riskneutral_formula,0,0.47268,0.02174,1,,,massA=0.0103 massB=0.0115,before,0,0.0
p2,540,18,neutral,0,41,61,0.58,0.8629,0,True,B,meta-llama/Llama-3.1-8B-Instruct,chat,riskneutral_formula,0,0.67918,0.0051,1,,,massA=0.00163 massB=0.00346,before,0,0.0
p2,230,7,mixed,63,63,98,0.64,0.9956,0,True,B,meta-llama/Llama-3.1-8B-Instruct,chat,riskneutral_formula,0,0.86522,0.03218,1,,,massA=0.00434 massB=0.0278,before,0,0.0
p2,960,32,neutral,0,131,236,0.57,1.0269,0,True,B,meta-llama/Llama-3.1-8B-Instruct,chat,riskneutral_formula,0,0.69925,0.00649,1,,,massA=0.00195 massB=0.00454,before,0,0.0
p2,353,11,mixed,54,54,68,0.81,1.02,1,False,A,meta-llama/Llama-3.1-8B-Instruct,chat,riskneutral_formula,0,0.39234,0.00161,1,,,massA=0.000632 massB=0.000979,before,0,0.0
p2,376,12,gain,0,164,541,0.38,1.2535,3,True,B,meta-llama/Llama-3.1-8B-Instruct,chat,riskneutral_formula,0,0.66541,0.02921,1,,,massA=0.00977 massB=0.0194,before,0,0.0
p2,1221,10,dominant,0,111,138,1.0,1.2432,4,False,A,meta-llama/Llama-3.1-8B-Instruct,chat,riskneutral_formula,0,0.85966,0.00029,1,,,massA=0.000247 massB=4.03e-05,before,0,0.0
p2,349,11,gain,0,54,68,0.81,1.02,4,False,A,meta-llama/Llama-3.1-8B-Instruct,chat,riskneutral_formula,0,0.49609,1e-05,1,,,massA=2.93e-06 massB=2.98e-06,before,0,0.0
p2,103,3,gain,0,46,158,0.33,1.1335,1,False,A,meta-llama/Llama-3.1-8B-Instruct,chat,riskneutral_formula,0,0.33459,0.00095,1,,,massA=0.000319 massB=0.000634,before,0,0.0
p2,474,15,mixed,82,82,113,0.74,1.0198,2,True,B,meta-llama/Llama-3.1-8B-Instruct,chat,riskneutral_formula,0,0.68595,0.01415,1,,,massA=0.00445 massB=0.00971,before,0,0.0
p2,499,16,gain,0,139,234,0.6,1.0101,4,False,A,meta-llama/Llama-3.1-8B-Instruct,chat,riskneutral_formula,0,0.5564,1e-05,1,,,massA=3.18e-06 massB=2.53e-06,before,0,0.0
p2,333,11,neutral,0,54,68,0.81,1.02,1,False,A,meta-llama/Llama-3.1-8B-Instruct,chat,riskneutral_formula,0,0.48828,0.00088,1,,,massA=0.00043 massB=0.00045,before,0,0.0
p2,1134,37,mixed,151,151,252,0.68,1.1348,2,True,B,meta-llama/Llama-3.1-8B-Instruct,chat,riskneutral_formula,0,0.70253,0.01437,1,,,massA=0.00428 massB=0.0101,before,0,0.0
p2,392,13,neutral,0,72,88,0.64,0.7822,1,True,B,meta-llama/Llama-3.1-8B-Instruct,chat,riskneutral_formula,0,0.93991,0.00254,1,,,massA=0.000153 massB=0.00239,before,0,0.0
p2,67,2,neutral,0,162,661,0.26,1.0609,3,False,A,meta-llama/Llama-3.1-8B-Instruct,chat,riskneutral_formula,0,0.39981,0.01547,1,,,massA=0.00618 massB=0.00928,before,0,0.0
p2,265,8,mixed,62,62,263,0.33,1.3998,2,False,A,meta-llama/Llama-3.1-8B-Instruct,chat,riskneutral_formula,0,0.62977,0.00042,1,,,massA=0.000264 massB=0.000155,before,0,0.0
p2,235,7,mixed,63,63,98,0.64,0.9956,2,False,A,meta-llama/Llama-3.1-8B-Instruct,chat,riskneutral_formula,0,0.66541,0.00036,1,,,massA=0.000241 massB=0.000121,before,0,0.0
p2,998,33,neutral,0,142,446,0.53,1.6646,4,True,B,meta-llama/Llama-3.1-8B-Instruct,chat,riskneutral_formula,0,0.78531,5e-05,1,,,massA=1.14e-05 massB=4.16e-05,before,0,0.0
p2,802,26,mixed,59,59,151,0.36,0.9214,1,True,B,meta-llama/Llama-3.1-8B-Instruct,chat,riskneutral_formula,0,0.88563,0.06473,1,,,massA=0.0074 massB=0.0573,before,0,0.0
p2,932,31,neutral,0,51,151,0.29,0.8586,1,True,B,meta-llama/Llama-3.1-8B-Instruct,chat,riskneutral_formula,0,0.92079,0.00446,1,,,massA=0.000353 massB=0.00411,before,0,0.0
p2,19,0,gain,0,186,984,0.26,1.3755,4,False,A,meta-llama/Llama-3.1-8B-Instruct,chat,riskneutral_formula,0,0.44746,1e-05,1,,,massA=4.2e-06 massB=5.19e-06,before,0,0.0
p2,209,6,mixed,94,94,101,0.71,0.7629,4,False,A,meta-llama/Llama-3.1-8B-Instruct,chat,riskneutral_formula,0,0.3522,0.00012,1,,,massA=4.31e-05 massB=7.94e-05,before,0,0.0
p2,997,33,neutral,0,142,446,0.53,1.6646,3,False,A,meta-llama/Llama-3.1-8B-Instruct,chat,riskneutral_formula,0,0.52342,0.01877,1,,,massA=0.00983 massB=0.00895,before,0,0.0
