instrument,trial_id,gamble_id,frame,anchor,sure,hi,p,ev_ratio,template_id,safe_first,gamble_letter,model,fmt,induce,reason,p_gamble,ab_mass,excluded,reason_ended,reasoning,note,induce_position,sample,temperature
p1,247,24,risk,0,168,214,0.76,0.9681,3,False,A,meta-llama/Llama-3.1-8B-Instruct,chat,riskneutral_terse,1,0.00039,0.99987,0,answer,"To determine the expected value of each payout, we need to multiply the probability of each outcome by its respective value and then sum these products.

For Payout A:
Expected Value = ($214 * 0.76) + ($0 * 0.24)
Expected Value = $162.44 + $0
Expected Value = $162.44

For Payout B:
Expected Value = ($168 * 1)
Expected Value = $168

Since $162.44 is less than $168, the payout with the higher expected value is Payout B.",massA=0.000386 massB=0.999,before,0,0.0
p1,283,28,risk,0,132,181,0.76,1.0421,1,False,A,meta-llama/Llama-3.1-8B-Instruct,chat,riskneutral_terse,1,0.99972,0.99996,0,answer,"To determine the expected value of each offer, we multiply the probability of each outcome by its value and then sum these products.

For Offer A:
Expected value = ($181 * 0.76) + ($0 * 0.24)
Expected value = $137.16 + $0
Expected value = $137.16

For Offer B:
Expected value = ($132 * 1)
Expected value = $132

Since $137.16 is greater than $132, the option with the higher expected value is Offer A.",massA=1 massB=0.000278,before,0,0.0
p1,267,26,risk,0,59,151,0.36,0.9214,3,False,A,meta-llama/Llama-3.1-8B-Instruct,chat,riskneutral_terse,1,0.00022,0.9999,0,answer,"To determine the expected value of each payout, we need to multiply the probability of each outcome by its respective value and then sum these products.

For Payout A:
Expected Value = ($151 * 0.36) + ($0 * 0.64)
Expected Value = $54.36 + $0
Expected Value = $54.36

For Payout B:
Expected Value = ($59 * 1)
Expected Value = $59

Since $59 is greater than $54.36, the payout with the higher expected value is Payout B.",massA=0.00022 massB=1,before,0,0.0
p1,80,8,risk,0,62,263,0.33,1.3998,0,True,B,meta-llama/Llama-3.1-8B-Instruct,chat,riskneutral_terse,1,0.99961,0.99997,0,answer,"To determine the preferred option, we need to calculate the expected value of each option.

For Option A, the expected value is $62 with certainty, so the expected value is $62.

For Option B, the expected value is calculated as follows:
Expected Value = (Probability of $263) * ($263) + (Probability of $0) * ($0)
Expected Value = (0.33) * ($263) + (0.67) * ($0)
Expected Value = $86.59

Since $86.59 is greater than $62, the option with the higher expected value is Option B.",massA=0.000392 massB=1,before,0,0.0
p1,97,9,risk,0,49,153,0.26,0.8118,3,False,A,meta-llama/Llama-3.1-8B-Instruct,chat,riskneutral_terse,1,0.00023,0.99989,0,answer,"To determine the expected value of each payout, we need to multiply the probability of each outcome by its respective value and then sum these products.

For Payout A:
Expected Value = ($153 * 0.26) + ($0 * 0.74)
Expected Value = $39.78 + $0
Expected Value = $39.78

For Payout B:
Expected Value = ($49 * 1)
Expected Value = $49

Since $39.78 is less than $49, the payout with the higher expected value is Payout B.",massA=0.00023 massB=1,before,0,0.0
p1,265,26,risk,0,59,151,0.36,0.9214,2,False,A,meta-llama/Llama-3.1-8B-Instruct,chat,riskneutral_terse,1,0.00011,0.99991,0,answer,"To determine the expected value of each alternative, we multiply the probability of each outcome by its value and then sum these products.

For Alternative A:
Expected value = ($151 * 0.36) + ($0 * 0.64)
Expected value = $54.36 + $0
Expected value = $54.36

For Alternative B:
Expected value = ($59 * 1)
Expected value = $59

Since $59 is greater than $54.36, the alternative with the higher expected value is Alternative B.",massA=0.000111 massB=1,before,0,0.0
p1,259,25,risk,0,124,207,0.76,1.2687,4,False,A,meta-llama/Llama-3.1-8B-Instruct,chat,riskneutral_terse,1,0.99972,0.99996,0,answer,"To determine the expected value of each deal, we multiply the probability of each outcome by its value and then sum the results.

For Deal A:
Expected value = ($207 * 0.76) + ($0 * 0.24)
Expected value = $156.92 + $0
Expected value = $156.92

For Deal B:
Expected value = ($124 * 1)
Expected value = $124

Since $156.92 is greater than $124, the option with the higher expected value is Deal A.",massA=1 massB=0.000278,before,0,0.0
p1,87,8,risk,0,62,263,0.33,1.3998,3,False,A,meta-llama/Llama-3.1-8B-Instruct,chat,riskneutral_terse,1,0.99939,0.99992,0,answer,"To determine the expected value of each payout, we multiply the probability of each outcome by its respective value and then sum these products.

For Payout A:
Expected Value = ($263 * 0.33) + ($0 * 0.67)
Expected Value = $86.59 + $0
Expected Value = $86.59

For Payout B:
Expected Value = ($62 * 1)
Expected Value = $62

Since $86.59 is greater than $62, the payout with the higher expected value is Payout A.",massA=0.999 massB=0.000607,before,0,0.0
p1,32,3,risk,0,46,158,0.33,1.1335,1,True,B,meta-llama/Llama-3.1-8B-Instruct,chat,riskneutral_terse,1,0.99968,0.99996,0,answer,"To determine the expected value of each offer, we multiply the probability of each outcome by its value and then sum the results.

For Offer A, the value is $46 with certainty, so the expected value is $46.

For Offer B, the probability of receiving $158 is 33%, or 0.33, and the probability of receiving $0 is 67%, or 0.67. The expected value of Offer B is:
(0.33 * $158) + (0.67 * $0)
= $52.34 + $0
= $52.34

Since $46 (Offer A) is less than $52.34 (Offer B), the option with the higher expected value is Offer B.",massA=0.000315 massB=1,before,0,0.0
p1,287,28,risk,0,132,181,0.76,1.0421,3,False,A,meta-llama/Llama-3.1-8B-Instruct,chat,riskneutral_terse,1,0.99967,0.99992,0,answer,"To determine the expected value of each payout, we need to multiply the probability of each outcome by its respective value and then sum these products.

For Payout A:
Expected Value = ($181 * 0.76) + ($0 * 0.24)
Expected Value = $137.36 + $0
Expected Value = $137.36

For Payout B:
Expected Value = ($132 * 1)
Expected Value = $132

Since $137.36 is greater than $132, the payout with the higher expected value is Payout A.",massA=1 massB=0.00033,before,0,0.0
p1,367,36,risk,0,98,227,0.47,1.0887,3,False,A,meta-llama/Llama-3.1-8B-Instruct,chat,riskneutral_terse,1,0.99948,0.99992,0,answer,"To determine the expected value of each payout, we multiply the probability of each outcome by its value and then sum these products.

For Payout A:
Expected Value = ($227 * 0.47) + ($0 * 0.53)
Expected Value = $106.29 + $0
Expected Value = $106.29

For Payout B:
Expected Value = ($98 * 1)
Expected Value = $98

Since $106.29 is greater than $98, the payout with the higher expected value is Payout A.",massA=0.999 massB=0.000519,before,0,0.0
p1,355,35,risk,0,91,133,0.68,0.9938,2,False,A,meta-llama/Llama-3.1-8B-Instruct,chat,riskneutral_terse,1,0.00013,0.99991,0,answer,"To determine the expected value of each alternative, we multiply the probability of each outcome by its value and then sum these products.

For Alternative A:
Expected value = ($133 * 0.68) + ($0 * 0.32)
Expected value = $90.04 + $0
Expected value = $90.04

For Alternative B:
Expected value = ($91 * 1)
Expected value = $91

Since $91 is greater than $90.04, the option with the higher expected value is Alternative B.",massA=0.000133 massB=1,before,0,0.0
p1,36,3,risk,0,46,158,0.33,1.1335,3,True,B,meta-llama/Llama-3.1-8B-Instruct,chat,riskneutral_terse,1,0.9998,0.99994,0,answer,"To determine the expected value of each payout, we need to multiply the probability of each outcome by its value and then sum these products.

For Payout A, the value is $46 with certainty, so the expected value is $46.

For Payout B, the value is $158 with 33% probability, and $0 with 67% probability. 
Expected value of Payout B = (0.33 * $158) + (0.67 * $0)
Expected value of Payout B = $52.04 + $0
Expected value of Payout B = $52.04

Since $46 (Payout A) is less than $52.04 (Payout B), the payout with the higher expected value is Payout B.",massA=0.000203 massB=1,before,0,0.0
p1,245,24,risk,0,168,214,0.76,0.9681,2,False,A,meta-llama/Llama-3.1-8B-Instruct,chat,riskneutral_terse,1,0.0013,0.99995,0,answer,"To determine the expected value of each alternative, we multiply the probability of each outcome by its value and then sum these products.

For Alternative A:
Expected value = ($214 * 0.76) + ($0 * 0.24)
Expected value = $162.44 + $0
Expected value = $162.44

For Alternative B:
Expected value = ($168 * 1)
Expected value = $168

Since $162.44 is less than $168, we should choose the alternative with the higher expected value.",massA=0.0013 massB=0.999,before,0,0.0
p1,312,31,risk,0,51,151,0.29,0.8586,1,True,B,meta-llama/Llama-3.1-8B-Instruct,chat,riskneutral_terse,1,0.00042,0.99995,0,answer,"To determine the expected value of each offer, we need to multiply the probability of each outcome by its value and then sum these products.

For Offer A, the value is $51 with certainty, so the expected value is $51.

For Offer B, the value is $151 with 29% probability and $0 with 71% probability. 
Expected value of Offer B = ($151 * 0.29) + ($0 * 0.71)
Expected value of Offer B = $44.09

Since $51 is greater than $44.09, the option with the higher expected value is Offer A.",massA=1 massB=0.000417,before,0,0.0
p1,280,28,risk,0,132,181,0.76,1.0421,0,True,B,meta-llama/Llama-3.1-8B-Instruct,chat,riskneutral_terse,1,0.99986,0.99998,0,answer,"To determine the preferred option, we need to calculate the expected value of each option.

For Option A, the expected value is the payment amount itself, which is $132.

For Option B, the expected value is calculated as follows:
Expected Value = (Probability of $181) * ($181) + (Probability of $0) * ($0)
Expected Value = (0.76) * ($181) + (0.24) * ($0)
Expected Value = $137.76

Since $137.76 is greater than $132, the option with the higher expected value is Option B.",massA=0.000138 massB=1,before,0,0.0
p1,164,16,risk,0,139,234,0.6,1.0101,2,True,B,meta-llama/Llama-3.1-8B-Instruct,chat,riskneutral_terse,1,0.99973,0.99996,0,answer,"To determine the expected value of each alternative, we need to multiply the probability of each outcome by its value and then sum these products.

For Alternative A, the value is $139 with certainty, so the expected value is $139.

For Alternative B, the value is $234 with 60% probability and $0 with 40% probability. The expected value is calculated as follows:
Expected Value = (Probability of $234) * ($234) + (Probability of $0) * ($0)
Expected Value = 0.6 * $234 + 0.4 * $0
Expected Value = $140.40

Since $139 is less than $140.40, the alternative with the higher expected value is Alternative B.",massA=0.000265 massB=1,before,0,0.0
p1,332,33,risk,0,142,446,0.53,1.6646,1,True,B,meta-llama/Llama-3.1-8B-Instruct,chat,riskneutral_terse,1,0.97737,0.99992,0,answer,"To determine the expected value of Offer B, we need to multiply the probability of each outcome by its value and then sum these products.

Expected value of Offer B = (0.53 * $446) + (0.47 * $0)
Expected value of Offer B = $236.18 + $0
Expected value of Offer B = $236.18

Now, let's compare the expected value of Offer B with the value of Offer A. Offer A has a value of $142, which is less than the expected value of Offer B ($236.18).",massA=0.0226 massB=0.977,before,0,0.0
p1,81,8,risk,0,62,263,0.33,1.3998,0,False,A,meta-llama/Llama-3.1-8B-Instruct,chat,riskneutral_terse,1,0.9995,0.9999,0,answer,"To determine the preferred option, we need to calculate the expected value of each option.

For Option A:
Expected value = (probability of receiving $263) * ($263) + (probability of receiving $0) * ($0)
Expected value = 0.33 * $263 + 0.67 * $0
Expected value = $86.59

For Option B:
Expected value = (probability of receiving $62) * ($62)
Expected value = 1 * $62
Expected value = $62

Since $86.59 is greater than $62, the option with the higher expected value is Option A.",massA=0.999 massB=0.000503,before,0,0.0
p1,68,6,risk,0,94,101,0.71,0.7629,4,True,B,meta-llama/Llama-3.1-8B-Instruct,chat,riskneutral_terse,1,0.01224,0.99983,0,answer,"To determine the expected value of Deal B, we need to multiply the probability of each outcome by its value and then sum these products.

Expected value of Deal B = (0.71 * $101) + (0.29 * $0)
Expected value of Deal B = $71.1 + $0
Expected value of Deal B = $71.1

Now, let's compare the expected value of Deal B with the value of Deal A. Deal A offers $94 with certainty, which is higher than the expected value of Deal B ($71.1).",massA=0.988 massB=0.0122,before,0,0.0
p1,337,33,risk,0,142,446,0.53,1.6646,3,False,A,meta-llama/Llama-3.1-8B-Instruct,chat,riskneutral_terse,1,0.99961,0.99991,0,answer,"To determine the expected value of each payout, we multiply the probability of each outcome by its respective value and then sum these products.

For Payout A:
Expected Value = ($446 * 0.53) + ($0 * 0.47)
Expected Value = $236.18 + $0
Expected Value = $236.18

For Payout B:
Expected Value = ($142 * 1)
Expected Value = $142

Since $236.18 is greater than $142, the payout with the higher expected value is Payout A.",massA=1 massB=0.000386,before,0,0.0
p1,44,4,risk,0,29,71,0.55,1.3466,2,True,B,meta-llama/Llama-3.1-8B-Instruct,chat,riskneutral_terse,1,0.99987,0.99994,0,answer,"To determine the expected value of each alternative, we need to multiply the probability of each outcome by its value and then sum these products.

For Alternative A, the value is $29 with certainty, so the expected value is $29.

For Alternative B, the value is $71 with 55% probability and $0 with 45% probability. The expected value is calculated as follows:
Expected Value = (Probability of $71) * ($71) + (Probability of $0) * ($0)
Expected Value = 0.55 * $71 + 0.45 * $0
Expected Value = $38.85 + $0
Expected Value = $38.85

Since $29 is less than $38.85, the alternative with the higher expected value is Alternative B.",massA=0.000127 massB=1,before,0,0.0
p1,188,18,risk,0,41,61,0.58,0.8629,4,True,B,meta-llama/Llama-3.1-8B-Instruct,chat,riskneutral_terse,1,0.00322,0.99984,0,answer,"To determine the expected value of Deal B, we need to multiply the probability of each outcome by its value and then sum these products.

Expected value of Deal B = (0.58 * $61) + (0.42 * $0)
Expected value of Deal B = $35.58 + $0
Expected value of Deal B = $35.58

Now, let's compare the expected values of Deal A and Deal B. Deal A has a value of $41, which is higher than the expected value of Deal B ($35.58).",massA=0.997 massB=0.00322,before,0,0.0
p1,354,35,risk,0,91,133,0.68,0.9938,2,True,B,meta-llama/Llama-3.1-8B-Instruct,chat,riskneutral_terse,1,0.0003,0.99992,0,answer,"To determine the expected value of each alternative, we need to multiply the probability of each outcome by its value and then sum these products.

For Alternative A, the value is $91 with certainty, so the expected value is $91.

For Alternative B, the value is $133 with 68% probability and $0 with 32% probability. To calculate the expected value, we multiply the probabilities by the respective values and sum them:

Expected value of Alternative B = (0.68 * $133) + (0.32 * $0)
Expected value of Alternative B = $90.44 + $0
Expected value of Alternative B = $90.44

Since $91 is greater than $90.44, the alternative with the higher expected value is Alternative A.",massA=1 massB=0.000301,before,0,0.0
p1,60,6,risk,0,94,101,0.71,0.7629,0,True,B,meta-llama/Llama-3.1-8B-Instruct,chat,riskneutral_terse,1,0.00054,0.99997,0,answer,"To determine the preferred option, we need to calculate the expected value of each option.

For Option A, the expected value is $94 with certainty, so the expected value is $94.

For Option B, the expected value is calculated as follows:
Expected Value = (Probability of $101) * ($101) + (Probability of $0) * ($0)
Expected Value = (0.71) * ($101) + (0.29) * ($0)
Expected Value = $71.31

Since $94 is greater than $71.31, the preferred option is the one with the higher expected value.",massA=0.999 massB=0.000544,before,0,0.0
p1,64,6,risk,0,94,101,0.71,0.7629,2,True,B,meta-llama/Llama-3.1-8B-Instruct,chat,riskneutral_terse,1,0.00063,0.99968,0,answer,"To determine the expected value of each alternative, we need to multiply the probability of each outcome by its value and then sum these products.

For Alternative A, the value is $94 with certainty, so the expected value is $94.

For Alternative B, the value is $101 with 71% probability and $0 with 29% probability. To calculate the expected value, we multiply the probabilities by the respective values and sum them:

Expected value of Alternative B = (0.71 * $101) + (0.29 * $0)
Expected value of Alternative B = $71.11 + $0
Expected value of Alternative B = $71.11

Now, we compare the expected values of the two alternatives. The expected value of Alternative A ($94) is higher than the expected value of Alternative B ($71.11).",massA=0.999 massB=0.000626,before,0,0.0
p1,241,24,risk,0,168,214,0.76,0.9681,0,False,A,meta-llama/Llama-3.1-8B-Instruct,chat,riskneutral_terse,1,0.9987,0.99987,0,answer,"To determine the preferred option, we need to calculate the expected value of each option.

For Option A:
Expected value = (Probability of $214) * ($214) + (Probability of $0) * ($0)
Expected value = 0.76 * $214 + 0.24 * $0
Expected value = $162.24

For Option B:
Expected value = (Probability of $168) * ($168)
Expected value = 1 * $168
Expected value = $168

Since $162.24 is greater than $168, the option with the higher expected value is Option A.",massA=0.999 massB=0.0013,before,0,0.0
p1,37,3,risk,0,46,158,0.33,1.1335,3,False,A,meta-llama/Llama-3.1-8B-Instruct,chat,riskneutral_terse,1,0.99941,0.99991,0,answer,"To determine the expected value of each payout, we multiply the probability of each outcome by its respective value and then sum these products.

For Payout A:
Expected Value = ($158 * 0.33) + ($0 * 0.67)
Expected Value = $52.34 + $0
Expected Value = $52.34

For Payout B:
Expected Value = ($46 * 1)
Expected Value = $46

Since $52.34 is greater than $46, the payout with the higher expected value is Payout A.",massA=0.999 massB=0.000588,before,0,0.0
p1,198,19,risk,0,64,122,0.49,0.9341,4,True,B,meta-llama/Llama-3.1-8B-Instruct,chat,riskneutral_terse,1,0.00037,0.99995,0,answer,"To determine which deal has a higher expected value, we need to calculate the expected value of each deal.

For Deal A, the expected value is simply the certain amount:
Expected Value of Deal A = $64

For Deal B, we need to calculate the expected value using the probabilities:
Expected Value of Deal B = ($122 * 0.49) + ($0 * 0.51)
Expected Value of Deal B = $59.58

Since $64 is greater than $59.58, the deal with the higher expected value is Deal A.",massA=1 massB=0.000374,before,0,0.0
p1,360,36,risk,0,98,227,0.47,1.0887,0,True,B,meta-llama/Llama-3.1-8B-Instruct,chat,riskneutral_terse,1,0.99953,0.99999,0,answer,"To determine the preferred option, we need to calculate the expected value of each option.

For Option A, the expected value is $98 with certainty, so the expected value is $98.

For Option B, the expected value is calculated as follows:
Expected Value = (Probability of $227) * ($227) + (Probability of $0) * ($0)
Expected Value = (0.47) * ($227) + (0.53) * ($0)
Expected Value = $106.49

Since $106.49 is higher than $98, the preferred option is the one with the higher expected value.",massA=0.000473 massB=1,before,0,0.0
p1,254,25,risk,0,124,207,0.76,1.2687,2,True,B,meta-llama/Llama-3.1-8B-Instruct,chat,riskneutral_terse,1,0.99989,0.99995,0,answer,"To determine the expected value of each alternative, we need to multiply the probability of each outcome by its value and then sum these products.

For Alternative A, the value is $124 with certainty, so the expected value is $124.

For Alternative B, the value is $207 with 76% probability and $0 with 24% probability. To calculate the expected value, we multiply the probabilities by the respective values and sum them:
Expected Value = (0.76 * $207) + (0.24 * $0)
Expected Value = $156.72 + $0
Expected Value = $156.72

Since $124 is less than $156.72, Alternative B has a higher expected value.",massA=0.000111 massB=1,before,0,0.0
p1,258,25,risk,0,124,207,0.76,1.2687,4,True,B,meta-llama/Llama-3.1-8B-Instruct,chat,riskneutral_terse,1,0.99962,0.99996,0,answer,"To decide between the two deals, we need to calculate their expected values. The expected value (EV) is the sum of the product of each outcome and its probability.

For Deal A, the expected value is:
EV = $124 (certainty) = $124

For Deal B, the expected value is:
EV = ($207 * 0.76) + ($0 * 0.24)
EV = $156.72 + $0
EV = $156.72

Since Deal A has an expected value of $124 and Deal B has an expected value of $156.72, the option with the higher expected value is Deal B.",massA=0.00038 massB=1,before,0,0.0
p1,281,28,risk,0,132,181,0.76,1.0421,0,False,A,meta-llama/Llama-3.1-8B-Instruct,chat,riskneutral_terse,1,0.9998,0.99998,0,answer,"To determine the preferred option, we need to calculate the expected value of each option.

For Option A:
Expected value = (Probability of $181) * ($181) + (Probability of $0) * ($0)
Expected value = 0.76 * $181 + 0.24 * $0
Expected value = $137.36

For Option B:
Expected value = (Certainty) * ($132)
Expected value = $132

Since $137.36 is greater than $132, the preferred option is the one with the higher expected value.",massA=1 massB=0.0002,before,0,0.0
p1,260,26,risk,0,59,151,0.36,0.9214,0,True,B,meta-llama/Llama-3.1-8B-Instruct,chat,riskneutral_terse,1,0.0005,0.99997,0,answer,"To determine the preferred option, we need to calculate the expected value of each option.

For Option A, the expected value is the payment amount itself, which is $59.

For Option B, the expected value is calculated as follows:
Expected Value = (Probability of $151) * ($151) + (Probability of $0) * ($0)
Expected Value = (0.36) * ($151) + (0.64) * ($0)
Expected Value = $54.36

Since $59 is greater than $54.36, the preferred option is the one with certainty.",massA=0.999 massB=0.000496,before,0,0.0
p1,264,26,risk,0,59,151,0.36,0.9214,2,True,B,meta-llama/Llama-3.1-8B-Instruct,chat,riskneutral_terse,1,0.00056,0.99961,0,answer,"To determine the expected value of each alternative, we need to multiply the probability of each outcome by its value and then sum these products.

For Alternative A, the value is $59 with certainty, so the expected value is $59.

For Alternative B, the value is $151 with 36% probability and $0 with 64% probability. To calculate the expected value, we multiply the probabilities by the respective values and sum them:

Expected value of Alternative B = ($151 * 0.36) + ($0 * 0.64)
Expected value of Alternative B = $54.36 + $0
Expected value of Alternative B = $54.36

Now, we compare the expected values of the two alternatives. The expected value of Alternative A ($59) is higher than the expected value of Alternative B ($54.36).",massA=0.999 massB=0.000561,before,0,0.0
p1,286,28,risk,0,132,181,0.76,1.0421,3,True,B,meta-llama/Llama-3.1-8B-Instruct,chat,riskneutral_terse,1,0.99918,0.99993,0,answer,"To determine the expected value of Payout B, we need to multiply the probability of each outcome by its value and then sum these products.

Expected value of Payout B = (0.76 * $181) + (0.24 * $0)
Expected value of Payout B = $137.36 + $0
Expected value of Payout B = $137.36

Now, let's compare the expected value of Payout B ($137.36) with the value of Payout A ($132). Since $137.36 is greater than $132, the option with the higher expected value is Payout B.",massA=0.000817 massB=0.999,before,0,0.0
p1,252,25,risk,0,124,207,0.76,1.2687,1,True,B,meta-llama/Llama-3.1-8B-Instruct,chat,riskneutral_terse,1,0.99974,0.99993,0,answer,"To determine the expected value of Offer B, we need to multiply the probability of each outcome by its value and then sum these products.

Expected value of Offer B = (0.76 * $207) + (0.24 * $0)
Expected value of Offer B = $156.72 + $0
Expected value of Offer B = $156.72

Now, let's compare the expected values of both offers. Offer A has a value of $124, while Offer B has an expected value of $156.72.

Since $156.72 is greater than $124, the option with the higher expected value is Offer B.",massA=0.000261 massB=1,before,0,0.0
p1,330,33,risk,0,142,446,0.53,1.6646,0,True,B,meta-llama/Llama-3.1-8B-Instruct,chat,riskneutral_terse,1,0.99973,0.99998,0,answer,"To determine the preferred option, we need to calculate the expected value of each option.

For Option A, the expected value is $142 with certainty, so the expected value is $142.

For Option B, the expected value is calculated as follows:
Expected Value = (Probability of $446) * ($446) + (Probability of $0) * ($0)
Expected Value = (0.53) * ($446) + (0.47) * ($0)
Expected Value = $236.58

Since $236.58 is greater than $142, the option with the higher expected value is Option B.",massA=0.000265 massB=1,before,0,0.0
p1,317,31,risk,0,51,151,0.29,0.8586,3,False,A,meta-llama/Llama-3.1-8B-Instruct,chat,riskneutral_terse,1,0.00031,0.99986,0,answer,"To determine the expected value of each payout, we need to multiply the probability of each outcome by its respective value and then sum these products.

For Payout A:
Expected Value = ($151 * 0.29) + ($0 * 0.71)
Expected Value = $44.19 + $0
Expected Value = $44.19

For Payout B:
Expected Value = ($51 * 1)
Expected Value = $51

Since $44.19 is less than $51, the payout with the higher expected value is Payout B.",massA=0.00031 massB=1,before,0,0.0
p1,99,9,risk,0,49,153,0.26,0.8118,4,False,A,meta-llama/Llama-3.1-8B-Instruct,chat,riskneutral_terse,1,0.00045,0.99992,0,answer,"To make a decision, we need to calculate the expected value of each deal. The expected value is the sum of the product of each outcome and its probability.

For Deal A:
Expected value = ($153 * 0.26) + ($0 * 0.74)
Expected value = $39.58 + $0
Expected value = $39.58

For Deal B:
Expected value = ($49 * 1)
Expected value = $49

Since $39.58 is less than $49, Deal B has a higher expected value.",massA=0.000451 massB=0.999,before,0,0.0
p1,308,30,risk,0,149,447,0.26,0.78,4,True,B,meta-llama/Llama-3.1-8B-Instruct,chat,riskneutral_terse,1,0.00289,0.99985,0,answer,"To determine the expected value of Deal B, we need to multiply the probability of each outcome by its value and then sum these products.

Expected value of Deal B = (0.26 * $447) + (0.74 * $0)
Expected value of Deal B = $115.82 + $0
Expected value of Deal B = $115.82

Now, let's compare the expected values of Deal A and Deal B. Deal A has a value of $149, which is higher than the expected value of Deal B ($115.82).",massA=0.997 massB=0.00289,before,0,0.0
p1,350,35,risk,0,91,133,0.68,0.9938,0,True,B,meta-llama/Llama-3.1-8B-Instruct,chat,riskneutral_terse,1,0.0004,0.99994,0,answer,"To determine the preferred option, we need to calculate the expected value of each option.

For Option A, the expected value is the payment amount itself since it's received with certainty:
Expected Value of Option A = $91

For Option B, we need to calculate the expected value by multiplying the payment amount by its probability and summing the results:
Expected Value of Option B = ($133 * 0.68) + ($0 * 0.32)
Expected Value of Option B = $90.24 + $0
Expected Value of Option B = $90.24

Since $91 (Option A) is greater than $90.24 (Option B), the preferred option is the one with certainty.",massA=1 massB=0.000398,before,0,0.0
p1,194,19,risk,0,64,122,0.49,0.9341,2,True,B,meta-llama/Llama-3.1-8B-Instruct,chat,riskneutral_terse,1,0.0004,0.99994,0,answer,"To determine the expected value of each alternative, we need to multiply the probability of each outcome by its value and then sum these products.

For Alternative A, the value is $64 with certainty, so the expected value is $64.

For Alternative B, the value is $122 with 49% probability and $0 with 51% probability. The expected value is calculated as follows:
Expected Value = (0.49 * $122) + (0.51 * $0)
Expected Value = $59.78 + $0
Expected Value = $59.78

Since $64 is greater than $59.78, the alternative with the higher expected value is Alternative A.",massA=1 massB=0.000398,before,0,0.0
p1,39,3,risk,0,46,158,0.33,1.1335,4,False,A,meta-llama/Llama-3.1-8B-Instruct,chat,riskneutral_terse,1,0.99969,0.99997,0,answer,"To make a decision, we need to calculate the expected value of each deal. The expected value is the sum of the product of each outcome and its probability.

For Deal A:
Expected value = ($158 * 0.33) + ($0 * 0.67)
Expected value = $52.04 + $0
Expected value = $52.04

For Deal B:
Expected value = ($46 * 1)
Expected value = $46

Since $52.04 is greater than $46, the option with the higher expected value is Deal A.",massA=1 massB=0.00031,before,0,0.0
p1,250,25,risk,0,124,207,0.76,1.2687,0,True,B,meta-llama/Llama-3.1-8B-Instruct,chat,riskneutral_terse,1,0.9998,0.99997,0,answer,"To determine the preferred option, we need to calculate the expected value of each option.

For Option A, the expected value is the payment amount itself, which is $124.

For Option B, the expected value is calculated as follows:
Expected Value = (Probability of $207) * ($207) + (Probability of $0) * ($0)
Expected Value = (0.76) * ($207) + (0.24) * ($0)
Expected Value = $157.32

Since $157.32 is greater than $124, the option with the higher expected value is Option B.",massA=0.000197 massB=1,before,0,0.0
p1,90,9,risk,0,49,153,0.26,0.8118,0,True,B,meta-llama/Llama-3.1-8B-Instruct,chat,riskneutral_terse,1,0.00043,0.99997,0,answer,"To determine the preferred option, we need to calculate the expected value of each option.

For Option A, the expected value is $49 with certainty, so the expected value is $49.

For Option B, the expected value is calculated as follows:
Expected Value = (Probability of $153) * ($153) + (Probability of $0) * ($0)
Expected Value = (0.26) * ($153) + (0.74) * ($0)
Expected Value = $39.78 + $0
Expected Value = $39.78

Since $49 is greater than $39.78, the preferred option is the one with the higher expected value.",massA=1 massB=0.000431,before,0,0.0
p1,48,4,risk,0,29,71,0.55,1.3466,4,True,B,meta-llama/Llama-3.1-8B-Instruct,chat,riskneutral_terse,1,0.99979,0.99998,0,answer,"To determine which deal has a higher expected value, we need to calculate the expected value of each deal.

For Deal A, the expected value is simply the certain amount:
Expected Value of Deal A = $29

For Deal B, we need to calculate the expected value using the probabilities:
Expected Value of Deal B = ($71 * 0.55) + ($0 * 0.45)
Expected Value of Deal B = $38.95 + $0
Expected Value of Deal B = $38.95

Since $29 is less than $38.95, Deal B has a higher expected value.",massA=0.000213 massB=1,before,0,0.0
p1,251,25,risk,0,124,207,0.76,1.2687,0,False,A,meta-llama/Llama-3.1-8B-Instruct,chat,riskneutral_terse,1,0.99963,0.99997,0,answer,"To determine the preferred option, we need to calculate the expected value of each option.

For Option A:
Expected value = (Probability of $207) * ($207) + (Probability of $0) * ($0)
Expected value = 0.76 * $207 + 0.24 * $0
Expected value = $156.72 + $0
Expected value = $156.72

For Option B:
Expected value = (Probability of $124) * ($124)
Expected value = 1 * $124
Expected value = $124

Since $156.72 is greater than $124, the preferred option is the one with the higher expected value.",massA=1 massB=0.000374,before,0,0.0
p1,328,32,risk,0,131,236,0.57,1.0269,4,True,B,meta-llama/Llama-3.1-8B-Instruct,chat,riskneutral_terse,1,0.99546,0.9999,0,answer,"To determine the expected value of Deal B, we need to multiply the probability of each outcome by its value and then sum these products.

Expected value of Deal B = (0.57 * $236) + (0.43 * $0)
Expected value of Deal B = $134.52 + $0
Expected value of Deal B = $134.52

Now, let's compare the expected values of Deal A and Deal B. Deal A has a value of $131, which is lower than the expected value of Deal B ($134.52).",massA=0.00454 massB=0.995,before,0,0.0
p1,261,26,risk,0,59,151,0.36,0.9214,0,False,A,meta-llama/Llama-3.1-8B-Instruct,chat,riskneutral_terse,1,0.00018,0.9999,0,answer,"To determine the preferred option, we need to calculate the expected value of each option.

For Option A:
Expected value = (Probability of $151) * ($151) + (Probability of $0) * ($0)
Expected value = 0.36 * $151 + 0.64 * $0
Expected value = $54.36

For Option B:
Expected value = (Probability of $59) * ($59)
Expected value = 1 * $59
Expected value = $59

Since $54.36 is less than $59, the option with the higher expected value is Option B.",massA=0.00018 massB=1,before,0,0.0
p1,323,32,risk,0,131,236,0.57,1.0269,1,False,A,meta-llama/Llama-3.1-8B-Instruct,chat,riskneutral_terse,1,0.99971,0.99997,0,answer,"To determine the expected value of each offer, we multiply the probability of each outcome by its value and then sum these products.

For Offer A:
Expected value = ($236 * 0.57) + ($0 * 0.43)
Expected value = $134.52 + $0
Expected value = $134.52

For Offer B:
Expected value = ($131 * 1)
Expected value = $131

Since $134.52 is greater than $131, the option with the higher expected value is Offer A.",massA=1 massB=0.000287,before,0,0.0
p1,284,28,risk,0,132,181,0.76,1.0421,2,True,B,meta-llama/Llama-3.1-8B-Instruct,chat,riskneutral_terse,1,0.99992,0.99993,0,answer,"To determine the expected value of each alternative, we need to multiply the probability of each outcome by its value and then sum these products.

For Alternative A, the value is $132 with certainty, so the expected value is $132.

For Alternative B, the value is $181 with 76% probability and $0 with 24% probability. To calculate the expected value, we multiply the probabilities by the respective values and sum them:

Expected value of Alternative B = (0.76 * $181) + (0.24 * $0)
Expected value of Alternative B = $137.36 + $0
Expected value of Alternative B = $137.36

Since $132 is less than $137.36, the alternative with the higher expected value is Alternative B.",massA=8.22e-05 massB=1,before,0,0.0
p1,182,18,risk,0,41,61,0.58,0.8629,1,True,B,meta-llama/Llama-3.1-8B-Instruct,chat,riskneutral_terse,1,0.00401,0.99983,0,answer,"To determine the expected value of Offer B, we need to multiply the probability of each outcome by its value and then sum these products.

Expected value of Offer B = (0.58 * $61) + (0.42 * $0)
Expected value of Offer B = $35.58 + $0
Expected value of Offer B = $35.58

Now, let's compare the expected value of Offer B with the value of Offer A. Offer A has a value of $41, which is higher than the expected value of Offer B ($35.58).",massA=0.996 massB=0.00401,before,0,0.0
p1,196,19,risk,0,64,122,0.49,0.9341,3,True,B,meta-llama/Llama-3.1-8B-Instruct,chat,riskneutral_terse,1,0.00051,0.99982,0,answer,"To determine the expected value of each payout, we need to multiply the probability of each outcome by its value and then sum these products.

For Payout A, the value is $64 with certainty, so the expected value is:
Expected Value A = $64

For Payout B, the probabilities and values are:
- $122 with 49% probability: 0.49 * $122 = $59.78
- $0 with 51% probability: 0.51 * $0 = $0
The expected value of Payout B is the sum of these products:
Expected Value B = $59.78 + $0 = $59.78

Since $64 (Expected Value A) is greater than $59.78 (Expected Value B), the payout with the higher expected value is Payout A.",massA=0.999 massB=0.000511,before,0,0.0
p1,353,35,risk,0,91,133,0.68,0.9938,1,False,A,meta-llama/Llama-3.1-8B-Instruct,chat,riskneutral_terse,1,0.00074,0.99985,0,answer,"To determine the expected value of each offer, we multiply the probability of each outcome by its value and then sum these products.

For Offer A:
Expected value = ($133 * 0.68) + ($0 * 0.32)
Expected value = $90.04

For Offer B:
Expected value = ($91 * 1)
Expected value = $91

Since $90.04 is less than $91, Offer B has a higher expected value.",massA=0.000744 massB=0.999,before,0,0.0
p1,166,16,risk,0,139,234,0.6,1.0101,3,True,B,meta-llama/Llama-3.1-8B-Instruct,chat,riskneutral_terse,1,0.99964,0.99992,0,answer,"To determine the expected value of Payout B, we need to multiply the probability of each outcome by its value and then sum these products.

Expected value of Payout B = (0.6 * $234) + (0.4 * $0)
Expected value of Payout B = $140.40 + $0
Expected value of Payout B = $140.40

Since the expected value of Payout B ($140.40) is higher than the certain payout of Payout A ($139), the option with the higher expected value is Payout B.",massA=0.000363 massB=1,before,0,0.0
p1,27,2,risk,0,162,661,0.26,1.0609,3,False,A,meta-llama/Llama-3.1-8B-Instruct,chat,riskneutral_terse,1,0.99946,0.99992,0,answer,"To determine the expected value of each payout, we need to multiply the probability of each outcome by its respective value and then sum these products.

For Payout A:
Expected Value = ($661 * 0.26) + ($0 * 0.74)
Expected Value = $170.66 + $0
Expected Value = $170.66

For Payout B:
Expected Value = ($162 * 1)
Expected Value = $162

Since $170.66 is greater than $162, the payout with the higher expected value is Payout A.",massA=0.999 massB=0.000544,before,0,0.0
p1,114,11,risk,0,54,68,0.81,1.02,2,True,B,meta-llama/Llama-3.1-8B-Instruct,chat,riskneutral_terse,1,0.99987,0.99988,0,answer,"To determine the expected value of each alternative, we need to multiply the probability of each outcome by its value and then sum these products.

For Alternative A, the value is $54 with certainty, so the expected value is $54.

For Alternative B, the value is $68 with 81% probability and $0 with 19% probability. To calculate the expected value, we multiply the probabilities by the respective values and sum them:
Expected Value = (0.81 * $68) + (0.19 * $0)
Expected Value = $54.88 + $0
Expected Value = $54.88

Since Alternative A has an expected value of $54 and Alternative B has an expected value of $54.88, the option with the higher expected value is Alternative B.",massA=0.000133 massB=1,before,0,0.0
p1,336,33,risk,0,142,446,0.53,1.6646,3,True,B,meta-llama/Llama-3.1-8B-Instruct,chat,riskneutral_terse,1,0.99987,0.99996,0,answer,"To determine the expected value of Payout B, we need to multiply the probability of each outcome by its value and then sum these products.

Expected value of Payout B = (0.53 * $446) + (0.47 * $0)
Expected value of Payout B = $236.18 + $0
Expected value of Payout B = $236.18

Now, let's compare the expected value of Payout B with the value of Payout A. 

Payout A: $142
Payout B: $236.18

Since $236.18 is greater than $142, the option with the higher expected value is Payout B.",massA=0.000131 massB=1,before,0,0.0
p1,115,11,risk,0,54,68,0.81,1.02,2,False,A,meta-llama/Llama-3.1-8B-Instruct,chat,riskneutral_terse,1,0.99953,0.99995,0,answer,"To determine the expected value of each alternative, we multiply the probability of each outcome by its value and then sum these products.

For Alternative A:
Expected value = ($68 * 0.81) + ($0 * 0.19)
Expected value = $54.78 + $0
Expected value = $54.78

For Alternative B:
Expected value = ($54 * 1)
Expected value = $54

Since $54.78 is greater than $54, the alternative with the higher expected value is Alternative A.",massA=0.999 massB=0.000466,before,0,0.0
p1,26,2,risk,0,162,661,0.26,1.0609,3,True,B,meta-llama/Llama-3.1-8B-Instruct,chat,riskneutral_terse,1,0.99938,0.99996,0,answer,"To choose the payout with the higher expected value, we need to calculate the expected value of each option.

For Payout A, the expected value is the amount received with certainty, which is $162.

For Payout B, the expected value is calculated as follows:
Expected Value = (Probability of $661) * ($661) + (Probability of $0) * ($0)
Expected Value = (0.26) * ($661) + (0.74) * ($0)
Expected Value = $170.86

Since $162 is less than $170.86, the payout with the higher expected value is Payout B.",massA=0.000617 massB=0.999,before,0,0.0
p1,262,26,risk,0,59,151,0.36,0.9214,1,True,B,meta-llama/Llama-3.1-8B-Instruct,chat,riskneutral_terse,1,0.01718,0.99986,0,answer,"To determine the expected value of Offer B, we need to multiply the probability of each outcome by its value and then sum these products.

Expected value of Offer B = (0.36 * $151) + (0.64 * $0)
Expected value of Offer B = $54.06 + $0
Expected value of Offer B = $54.06

Now, let's compare the expected value of Offer B ($54.06) with the value of Offer A ($59). Since $59 is greater than $54.06, we should choose the option with the higher expected value.",massA=0.983 massB=0.0172,before,0,0.0
p1,21,2,risk,0,162,661,0.26,1.0609,0,False,A,meta-llama/Llama-3.1-8B-Instruct,chat,riskneutral_terse,1,0.99945,0.99989,0,answer,"To determine the preferred option, we need to calculate the expected value of each option.

For Option A:
Expected value = (Probability of receiving $661) * ($661) + (Probability of receiving $0) * ($0)
Expected value = 0.26 * $661 + 0.74 * $0
Expected value = $171.66

For Option B:
Expected value = (Probability of receiving $162) * ($162)
Expected value = 1 * $162
Expected value = $162

Since $171.66 is greater than $162, the option with the higher expected value is Option A.",massA=0.999 massB=0.000553,before,0,0.0
p1,334,33,risk,0,142,446,0.53,1.6646,2,True,B,meta-llama/Llama-3.1-8B-Instruct,chat,riskneutral_terse,1,0.99984,0.99997,0,answer,"To determine the expected value of each alternative, we need to multiply the probability of each outcome by its value and then sum these products.

For Alternative A, the value is $142 with certainty, so the expected value is $142.

For Alternative B, the value is $446 with 53% probability and $0 with 47% probability. The expected value is calculated as follows:
Expected Value = (0.53 * $446) + (0.47 * $0)
Expected Value = $236.18 + $0
Expected Value = $236.18

Since $142 is less than $236.18, Alternative B has a higher expected value.",massA=0.000156 massB=1,before,0,0.0
p1,169,16,risk,0,139,234,0.6,1.0101,4,False,A,meta-llama/Llama-3.1-8B-Instruct,chat,riskneutral_terse,1,0.99967,0.99995,0,answer,"To determine the expected value of each deal, we multiply the possible outcomes by their respective probabilities and then sum them up.

For Deal A:
Expected value = ($234 * 0.6) + ($0 * 0.4)
Expected value = $140.4 + $0
Expected value = $140.4

For Deal B:
Expected value = ($139 * 1)
Expected value = $139

Since $140.4 is greater than $139, the option with the higher expected value is Deal A.",massA=1 massB=0.000325,before,0,0.0
p1,339,33,risk,0,142,446,0.53,1.6646,4,False,A,meta-llama/Llama-3.1-8B-Instruct,chat,riskneutral_terse,1,0.99973,0.99996,0,answer,"To determine the expected value of each deal, we multiply the probability of each outcome by its value and then sum the results.

For Deal A:
Expected value = ($446 * 0.53) + ($0 * 0.47)
Expected value = $236.18 + $0
Expected value = $236.18

For Deal B:
Expected value = ($142 * 1)
Expected value = $142

Since $236.18 is greater than $142, the option with the higher expected value is Deal A.",massA=1 massB=0.000274,before,0,0.0
p1,94,9,risk,0,49,153,0.26,0.8118,2,True,B,meta-llama/Llama-3.1-8B-Instruct,chat,riskneutral_terse,1,0.00044,0.99988,0,answer,"To determine the expected value of each alternative, we need to multiply the probability of each outcome by its value and then sum these products.

For Alternative A, the value is $49 with certainty, so the expected value is $49.

For Alternative B, the value is $153 with 26% probability and $0 with 74% probability. To calculate the expected value, we multiply the probabilities by the respective values and sum them:
Expected value = ($153 * 0.26) + ($0 * 0.74)
Expected value = $39.78 + $0
Expected value = $39.78

Now, comparing the expected values of Alternative A ($49) and Alternative B ($39.78), we can see that Alternative A has a higher expected value.",massA=0.999 massB=0.000437,before,0,0.0
p1,183,18,risk,0,41,61,0.58,0.8629,1,False,A,meta-llama/Llama-3.1-8B-Instruct,chat,riskneutral_terse,1,0.00012,0.99987,0,answer,"To determine the expected value of each offer, we multiply the probability of each outcome by its value and then sum these products.

For Offer A:
Expected value = ($61 * 0.58) + ($0 * 0.42)
Expected value = $35.58 + $0
Expected value = $35.58

For Offer B:
Expected value = ($41 * 1)
Expected value = $41

Since $41 is greater than $35.58, we should accept Offer B.",massA=0.00012 massB=1,before,0,0.0
p1,333,33,risk,0,142,446,0.53,1.6646,1,False,A,meta-llama/Llama-3.1-8B-Instruct,chat,riskneutral_terse,1,0.99968,0.99997,0,answer,"To determine the expected value of each offer, we multiply the probability of each outcome by its value and then sum these products.

For Offer A:
Expected value = ($446 * 0.53) + ($0 * 0.47)
Expected value = $235.98 + $0
Expected value = $235.98

For Offer B:
Expected value = ($142 * 1)
Expected value = $142

Since $235.98 is greater than $142, the option with the higher expected value is Offer A.",massA=1 massB=0.00032,before,0,0.0
p1,316,31,risk,0,51,151,0.29,0.8586,3,True,B,meta-llama/Llama-3.1-8B-Instruct,chat,riskneutral_terse,1,0.00037,0.99988,0,answer,"To choose the option with the higher expected value, we need to calculate the expected value of each payout.

For Payout A, the expected value is $51 with certainty, so the expected value is $51.

For Payout B, the expected value is calculated as follows:
Expected Value = (Probability of $151) * ($151) + (Probability of $0) * ($0)
Expected Value = (0.29) * ($151) + (0.71) * ($0)
Expected Value = $43.89

Since $51 is greater than $43.89, the option with the higher expected value is Payout A.",massA=1 massB=0.000368,before,0,0.0
p1,322,32,risk,0,131,236,0.57,1.0269,1,True,B,meta-llama/Llama-3.1-8B-Instruct,chat,riskneutral_terse,1,0.9976,0.99995,0,answer,"To determine the expected value of Offer B, we need to multiply the probability of each outcome by its value and then sum these products.

Expected value of Offer B = (0.57 * $236) + (0.43 * $0)
Expected value of Offer B = $134.52 + $0
Expected value of Offer B = $134.52

Now, let's compare the expected values of both offers. Offer A has a value of $131, while Offer B has an expected value of $134.52. Since $134.52 is greater than $131, we should choose the option with the higher expected value.",massA=0.0024 massB=0.998,before,0,0.0
p1,62,6,risk,0,94,101,0.71,0.7629,1,True,B,meta-llama/Llama-3.1-8B-Instruct,chat,riskneutral_terse,1,0.01099,0.99987,0,answer,"To determine the expected value of Offer B, we need to multiply the probability of each outcome by its value and then sum these products.

Expected value of Offer B = (0.71 * $101) + (0.29 * $0)
Expected value of Offer B = $71.1 + $0
Expected value of Offer B = $71.1

Now, let's compare the expected value of Offer B ($71.1) with the value of Offer A ($94). Since $94 is greater than $71.1, we should choose the option with the higher expected value.",massA=0.989 massB=0.011,before,0,0.0
p1,263,26,risk,0,59,151,0.36,0.9214,1,False,A,meta-llama/Llama-3.1-8B-Instruct,chat,riskneutral_terse,1,9e-05,0.99986,0,answer,"To determine the expected value of each offer, we multiply the probability of each outcome by its value and then sum these products.

For Offer A:
Expected value = ($151 * 0.36) + ($0 * 0.64)
Expected value = $54.36 + $0
Expected value = $54.36

For Offer B:
Expected value = ($59 * 1)
Expected value = $59

Since $59 is greater than $54.36, we should accept Offer B.",massA=8.89e-05 massB=1,before,0,0.0
p1,160,16,risk,0,139,234,0.6,1.0101,0,True,B,meta-llama/Llama-3.1-8B-Instruct,chat,riskneutral_terse,1,0.99979,0.99998,0,answer,"To determine the preferred option, we need to calculate the expected value of each option.

For Option A, the expected value is the payment amount itself since it's received with certainty: $139.

For Option B, the expected value is calculated by multiplying the payment amount by its probability and summing the results:
Expected Value = ($234 * 0.6) + ($0 * 0.4)
Expected Value = $140.4 + $0
Expected Value = $140.4

Since $140.4 is greater than $139, the option with the higher expected value is Option B.",massA=0.000207 massB=1,before,0,0.0
p1,112,11,risk,0,54,68,0.81,1.02,1,True,B,meta-llama/Llama-3.1-8B-Instruct,chat,riskneutral_terse,1,0.00128,0.99988,0,answer,"To determine the expected value of Offer B, we need to multiply the probability of each outcome by its value and then sum these products.

Expected value of Offer B = (81% * $68) + (19% * $0)
Expected value of Offer B = (0.81 * $68) + (0.19 * $0)
Expected value of Offer B = $54.88 + $0
Expected value of Offer B = $54.88

Since Offer A has a value of $54 with certainty, which is higher than the expected value of Offer B ($54.88), we should choose Offer A.",massA=0.999 massB=0.00128,before,0,0.0
p1,38,3,risk,0,46,158,0.33,1.1335,4,True,B,meta-llama/Llama-3.1-8B-Instruct,chat,riskneutral_terse,1,0.99984,0.99997,0,answer,"To determine the expected value of each deal, we need to multiply the probability of each outcome by its value and then sum these products.

For Deal A, the value is $46 with certainty, so the expected value is $46.

For Deal B, the probability of receiving $158 is 33%, or 0.33, and the probability of receiving $0 is 67%, or 0.67. The expected value of Deal B is:
(0.33 * $158) + (0.67 * $0)
= $52.34 + $0
= $52.34

Since $46 is less than $52.34, the deal with the higher expected value is Deal B.",massA=0.000163 massB=1,before,0,0.0
p1,318,31,risk,0,51,151,0.29,0.8586,4,True,B,meta-llama/Llama-3.1-8B-Instruct,chat,riskneutral_terse,1,0.00047,0.99995,0,answer,"To determine which deal has a higher expected value, we need to calculate the expected value of each deal.

For Deal A, the expected value is simply the certain amount:
Expected Value of Deal A = $51

For Deal B, we need to calculate the expected value using the probabilities:
Expected Value of Deal B = ($151 * 0.29) + ($0 * 0.71)
Expected Value of Deal B = $44.09

Since $51 is greater than $44.09, the deal with the higher expected value is Deal A.",massA=0.999 massB=0.000473,before,0,0.0
p1,96,9,risk,0,49,153,0.26,0.8118,3,True,B,meta-llama/Llama-3.1-8B-Instruct,chat,riskneutral_terse,1,0.00061,0.99984,0,answer,"To determine the expected value of each payout, we need to multiply the probability of each outcome by its value and then sum these products.

For Payout A, the value is $49 with certainty, so the expected value is:
Expected Value A = $49

For Payout B, the probabilities and values are:
- 26% chance of $153: 0.26 * $153 = $39.78
- 74% chance of $0: 0.74 * $0 = $0
The expected value of Payout B is:
Expected Value B = $39.78 + $0 = $39.78

Since $49 (Expected Value A) is greater than $39.78 (Expected Value B), the payout with the higher expected value is Payout A.",massA=0.999 massB=0.000607,before,0,0.0
p1,28,2,risk,0,162,661,0.26,1.0609,4,True,B,meta-llama/Llama-3.1-8B-Instruct,chat,riskneutral_terse,1,0.99966,0.99996,0,answer,"To determine the expected value of Deal B, we need to multiply the probability of each outcome by its value and then sum these products.

Expected value of Deal B = (0.26 * $661) + (0.74 * $0)
Expected value of Deal B = $170.66 + $0
Expected value of Deal B = $170.66

Now, let's compare the expected value of Deal B with the value of Deal A. 

Deal A: $162
Deal B: $170.66

Since $170.66 is greater than $162, the option with the higher expected value is Deal B.",massA=0.000335 massB=1,before,0,0.0
p1,111,11,risk,0,54,68,0.81,1.02,0,False,A,meta-llama/Llama-3.1-8B-Instruct,chat,riskneutral_terse,1,0.99958,0.99991,0,answer,"To determine the preferred option, we need to calculate the expected value of each option.

For Option A:
Expected value = (Probability of $68) * ($68) + (Probability of $0) * ($0)
Expected value = 0.81 * $68 + 0.19 * $0
Expected value = $54.88

For Option B:
Expected value = (Probability of $54) * ($54)
Expected value = 1 * $54
Expected value = $54

Since $54.88 is greater than $54, the option with the higher expected value is Option A.",massA=0.999 massB=0.000424,before,0,0.0
p1,40,4,risk,0,29,71,0.55,1.3466,0,True,B,meta-llama/Llama-3.1-8B-Instruct,chat,riskneutral_terse,1,0.99979,0.99997,0,answer,"To determine the preferred option, we need to calculate the expected value of each option.

For Option A, the expected value is $29 with certainty, so the expected value is $29.

For Option B, the expected value is calculated as follows:
Expected Value = (Probability of $71) * ($71) + (Probability of $0) * ($0)
Expected Value = (0.55) * ($71) + (0.45) * ($0)
Expected Value = $39.05

Since $39.05 is greater than $29, the option with the higher expected value is Option B.",massA=0.000213 massB=1,before,0,0.0
p1,118,11,risk,0,54,68,0.81,1.02,4,True,B,meta-llama/Llama-3.1-8B-Instruct,chat,riskneutral_terse,1,0.99914,0.99994,0,answer,"To determine the expected value of Deal B, we need to multiply the probability of each outcome by its value and then sum these products.

Expected value of Deal B = (Probability of $68) * ($68) + (Probability of $0) * ($0)
Expected value of Deal B = (0.81) * ($68) + (0.19) * ($0)
Expected value of Deal B = $54.88

Since the expected value of Deal B ($54.88) is higher than the value of Deal A ($54), we should choose Deal B.",massA=0.000856 massB=0.999,before,0,0.0
p1,95,9,risk,0,49,153,0.26,0.8118,2,False,A,meta-llama/Llama-3.1-8B-Instruct,chat,riskneutral_terse,1,0.00022,0.99986,0,answer,"To determine the expected value of each alternative, we multiply the probability of each outcome by its value and then sum these products.

For Alternative A:
Expected value = ($153 * 0.26) + ($0 * 0.74)
Expected value = $39.58 + $0
Expected value = $39.58

For Alternative B:
Expected value = ($49 * 1)
Expected value = $49

Since $49 is greater than $39.58, we would rather have Alternative B.",massA=0.000223 massB=1,before,0,0.0
p1,33,3,risk,0,46,158,0.33,1.1335,1,False,A,meta-llama/Llama-3.1-8B-Instruct,chat,riskneutral_terse,1,0.99961,0.99997,0,answer,"To determine the expected value of each offer, we multiply the value of each outcome by its probability and then sum the results.

For Offer A:
Expected value = ($158 * 0.33) + ($0 * 0.67)
Expected value = $52.04 + $0
Expected value = $52.04

For Offer B:
Expected value = ($46 * 1)
Expected value = $46

Since $52.04 is greater than $46, the option with the higher expected value is Offer A.",massA=1 massB=0.000392,before,0,0.0
p1,321,32,risk,0,131,236,0.57,1.0269,0,False,A,meta-llama/Llama-3.1-8B-Instruct,chat,riskneutral_terse,1,0.99984,0.99998,0,answer,"To determine the preferred option, we need to calculate the expected value of each option.

For Option A:
Expected value = (Probability of $236) * ($236) + (Probability of $0) * ($0)
Expected value = 0.57 * $236 + 0.43 * $0
Expected value = $134.92

For Option B:
Expected value = (Certainty) * ($131)
Expected value = $131

Since $134.92 is greater than $131, the preferred option is the one with the higher expected value.",massA=1 massB=0.000163,before,0,0.0
p1,91,9,risk,0,49,153,0.26,0.8118,0,False,A,meta-llama/Llama-3.1-8B-Instruct,chat,riskneutral_terse,1,0.00023,0.99992,0,answer,"To determine the preferred option, we need to calculate the expected value of each option.

For Option A:
Expected value = (Probability of $153) * ($153) + (Probability of $0) * ($0)
Expected value = (0.26) * ($153) + (0.74) * ($0)
Expected value = $39.78 + $0
Expected value = $39.78

For Option B:
Expected value = (Certainty) * ($49)
Expected value = $49

Since $39.78 is less than $49, we should choose the option with the higher expected value, which is Option B.",massA=0.000234 massB=1,before,0,0.0
p1,86,8,risk,0,62,263,0.33,1.3998,3,True,B,meta-llama/Llama-3.1-8B-Instruct,chat,riskneutral_terse,1,0.99991,0.99994,0,answer,"To determine the expected value of each payout, we need to multiply the probability of each outcome by its value and then sum these products.

For Payout A, the value is $62 with certainty, so the expected value is $62.

For Payout B, the value is $263 with 33% probability, and $0 with 67% probability. 
Expected value of Payout B = (0.33 * $263) + (0.67 * $0)
Expected value of Payout B = $86.79 + $0
Expected value of Payout B = $86.79

Since $62 is less than $86.79, the payout with the higher expected value is Payout B.",massA=9.03e-05 massB=1,before,0,0.0
p1,25,2,risk,0,162,661,0.26,1.0609,2,False,A,meta-llama/Llama-3.1-8B-Instruct,chat,riskneutral_terse,1,0.9994,0.99996,0,answer,"To determine the expected value of each alternative, we multiply the probability of each outcome by its value and then sum these products.

For Alternative A:
Expected value = ($661 * 0.26) + ($0 * 0.74)
Expected value = $170.66 + $0
Expected value = $170.66

For Alternative B:
Expected value = ($162 * 1)
Expected value = $162

Since $170.66 is greater than $162, the alternative with the higher expected value is Alternative A.",massA=0.999 massB=0.000598,before,0,0.0
p1,197,19,risk,0,64,122,0.49,0.9341,3,False,A,meta-llama/Llama-3.1-8B-Instruct,chat,riskneutral_terse,1,0.00025,0.99988,0,answer,"To determine the expected value of each payout, we multiply the probability of each outcome by its value and then sum these products.

For Payout A:
Expected value = (0.49 * $122) + (0.51 * $0)
Expected value = $59.78 + $0
Expected value = $59.78

For Payout B:
Expected value = $64 (since it's received with certainty)

Since $64 is greater than $59.78, the payout with the higher expected value is Payout B.",massA=0.000249 massB=1,before,0,0.0
p1,185,18,risk,0,41,61,0.58,0.8629,2,False,A,meta-llama/Llama-3.1-8B-Instruct,chat,riskneutral_terse,1,0.0001,0.99989,0,answer,"To determine the expected value of each alternative, we multiply the probability of each outcome by its value and then sum these products.

For Alternative A:
Expected value = ($61 * 0.58) + ($0 * 0.42)
Expected value = $35.58 + $0
Expected value = $35.58

For Alternative B:
Expected value = ($41 * 1)
Expected value = $41

Since $35.58 is less than $41, the alternative with the higher expected value is Alternative B.",massA=0.000104 massB=1,before,0,0.0
p1,92,9,risk,0,49,153,0.26,0.8118,1,True,B,meta-llama/Llama-3.1-8B-Instruct,chat,riskneutral_terse,1,0.00033,0.99992,0,answer,"To determine the expected value of each offer, we need to multiply the probability of each outcome by its value and then sum these products.

For Offer A, the value is $49 with certainty, so the expected value is $49.

For Offer B, the value is $153 with 26% probability and $0 with 74% probability. 
Expected value of Offer B = ($153 * 0.26) + ($0 * 0.74)
Expected value of Offer B = $39.78 + $0
Expected value of Offer B = $39.78

Since $49 is greater than $39.78, the option with the higher expected value is Offer A.",massA=1 massB=0.00033,before,0,0.0
p1,243,24,risk,0,168,214,0.76,0.9681,1,False,A,meta-llama/Llama-3.1-8B-Instruct,chat,riskneutral_terse,1,0.00062,0.99988,0,answer,"To determine the expected value of each offer, we multiply the probability of each outcome by its value and then sum these products.

For Offer A:
Expected value = ($214 * 0.76) + ($0 * 0.24)
Expected value = $162.44 + $0
Expected value = $162.44

For Offer B:
Expected value = ($168 * 1)
Expected value = $168

Since $162.44 is less than $168, Offer B has a higher expected value.",massA=0.000617 massB=0.999,before,0,0.0
p1,253,25,risk,0,124,207,0.76,1.2687,1,False,A,meta-llama/Llama-3.1-8B-Instruct,chat,riskneutral_terse,1,0.99967,0.99997,0,answer,"To determine the expected value of each offer, we multiply the probability of each outcome by its value and then sum these products.

For Offer A:
Expected value = ($207 * 0.76) + ($0 * 0.24)
Expected value = $156.92 + $0
Expected value = $156.92

For Offer B:
Expected value = ($124 * 1)
Expected value = $124

Since $156.92 is greater than $124, the option with the higher expected value is Offer A.",massA=1 massB=0.00033,before,0,0.0
p1,352,35,risk,0,91,133,0.68,0.9938,1,True,B,meta-llama/Llama-3.1-8B-Instruct,chat,riskneutral_terse,1,0.00259,0.99988,0,answer,"To determine the expected value of Offer B, we need to multiply the probability of each outcome by its value and then sum these products.

Expected value of Offer B = (0.68 * $133) + (0.32 * $0)
Expected value of Offer B = $90.44 + $0
Expected value of Offer B = $90.44

Now, let's compare the expected values of both offers. Offer A has a value of $91, which is higher than the expected value of Offer B ($90.44).",massA=0.997 massB=0.00259,before,0,0.0
p1,303,30,risk,0,149,447,0.26,0.78,1,False,A,meta-llama/Llama-3.1-8B-Instruct,chat,riskneutral_terse,1,0.0001,0.99989,0,answer,"To determine the expected value of each offer, we multiply the probability of each outcome by its value and then sum these products.

For Offer A:
Expected value = ($447 * 0.26) + ($0 * 0.74)
Expected value = $115.82 + $0
Expected value = $115.82

For Offer B:
Expected value = ($149 * 1)
Expected value = $149

Since $149 is greater than $115.82, we should accept Offer B.",massA=0.000102 massB=1,before,0,0.0
p1,84,8,risk,0,62,263,0.33,1.3998,2,True,B,meta-llama/Llama-3.1-8B-Instruct,chat,riskneutral_terse,1,0.9998,0.99996,0,answer,"To determine the expected value of each alternative, we need to multiply the probability of each outcome by its value and then sum these products.

For Alternative A, the value is $62 with certainty, so the expected value is $62.

For Alternative B, the value is $263 with 33% probability and $0 with 67% probability. To calculate the expected value, we multiply the probabilities by the respective values and sum them:
Expected value = (0.33 * $263) + (0.67 * $0)
Expected value = $86.79 + $0
Expected value = $86.79

Since $62 is less than $86.79, Alternative B has a higher expected value.",massA=0.000197 massB=1,before,0,0.0
p1,365,36,risk,0,98,227,0.47,1.0887,2,False,A,meta-llama/Llama-3.1-8B-Instruct,chat,riskneutral_terse,1,0.9994,0.99997,0,answer,"To determine the expected value of each alternative, we multiply the probability of each outcome by its value and then sum these products.

For Alternative A:
Expected value = ($227 * 0.47) + ($0 * 0.53)
Expected value = $106.09 + $0
Expected value = $106.09

For Alternative B:
Expected value = ($98 * 1)
Expected value = $98

Since $106.09 is greater than $98, the alternative with the higher expected value is Alternative A.",massA=0.999 massB=0.000598,before,0,0.0
p1,369,36,risk,0,98,227,0.47,1.0887,4,False,A,meta-llama/Llama-3.1-8B-Instruct,chat,riskneutral_terse,1,0.99965,0.99997,0,answer,"To make a decision, we need to calculate the expected value of each deal. The expected value is the sum of the product of each possible outcome and its probability.

For Deal A:
Expected value = ($227 * 0.47) + ($0 * 0.53)
Expected value = $106.49 + $0
Expected value = $106.49

For Deal B:
Expected value = ($98 * 1)
Expected value = $98

Since $106.49 is greater than $98, the option with the higher expected value is Deal A.",massA=1 massB=0.000351,before,0,0.0
p1,113,11,risk,0,54,68,0.81,1.02,1,False,A,meta-llama/Llama-3.1-8B-Instruct,chat,riskneutral_terse,1,0.99958,0.99995,0,answer,"To determine the expected value of each offer, we multiply the probability of each outcome by its value and then sum these products.

For Offer A:
Expected value = ($68 * 0.81) + ($0 * 0.19)
Expected value = $54.78 + $0
Expected value = $54.78

For Offer B:
Expected value = ($54 * 1)
Expected value = $54

Since $54.78 is greater than $54, the option with the higher expected value is Offer A.",massA=1 massB=0.000417,before,0,0.0
p1,186,18,risk,0,41,61,0.58,0.8629,3,True,B,meta-llama/Llama-3.1-8B-Instruct,chat,riskneutral_terse,1,0.00034,0.99989,0,answer,"To choose the option with the higher expected value, we need to calculate the expected value of each payout.

For Payout A, the expected value is $41 with certainty, so the expected value is $41.

For Payout B, the expected value is calculated as follows:
Expected Value = (Probability of $61) * ($61) + (Probability of $0) * ($0)
Expected Value = (0.58) * ($61) + (0.42) * ($0)
Expected Value = $35.58

Since $41 is greater than $35.58, the option with the higher expected value is Payout A.",massA=1 massB=0.000341,before,0,0.0
p1,313,31,risk,0,51,151,0.29,0.8586,1,False,A,meta-llama/Llama-3.1-8B-Instruct,chat,riskneutral_terse,1,0.00062,0.99987,0,answer,"To determine the expected value of each offer, we multiply the probability of each outcome by its value and then sum these products.

For Offer A:
Expected value = ($151 * 0.29) + ($0 * 0.71)
Expected value = $44.19 + $0
Expected value = $44.19

For Offer B:
Expected value = ($51 * 1)
Expected value = $51

Since $44.19 is less than $51, Offer B has a higher expected value.",massA=0.000617 massB=0.999,before,0,0.0
p1,181,18,risk,0,41,61,0.58,0.8629,0,False,A,meta-llama/Llama-3.1-8B-Instruct,chat,riskneutral_terse,1,0.00045,0.9999,0,answer,"To determine the preferred option, we need to calculate the expected value of each option.

For Option A:
Expected value = (Probability of $61) * ($61) + (Probability of $0) * ($0)
Expected value = 0.58 * $61 + 0.42 * $0
Expected value = $35.38

For Option B:
Expected value = (Probability of $41) * ($41)
Expected value = 1 * $41
Expected value = $41

Since $35.38 is less than $41, we should choose the option with the higher expected value, which is Option B.",massA=0.000451 massB=0.999,before,0,0.0
p1,244,24,risk,0,168,214,0.76,0.9681,2,True,B,meta-llama/Llama-3.1-8B-Instruct,chat,riskneutral_terse,1,0.00053,0.9999,0,answer,"To determine the expected value of each alternative, we need to multiply the probability of each outcome by its value and then sum these products.

For Alternative A, the value is $168 with certainty, so the expected value is $168.

For Alternative B, the value is $214 with 76% probability and $0 with 24% probability. To calculate the expected value, we multiply the probabilities by the respective values and sum them:
Expected Value = (0.76 * $214) + (0.24 * $0)
Expected Value = $162.64 + $0
Expected Value = $162.64

Now, comparing the expected values of Alternative A ($168) and Alternative B ($162.64), we can see that Alternative A has a higher expected value.",massA=0.999 massB=0.000527,before,0,0.0
p1,165,16,risk,0,139,234,0.6,1.0101,2,False,A,meta-llama/Llama-3.1-8B-Instruct,chat,riskneutral_terse,1,0.9994,0.99995,0,answer,"To determine the expected value of each alternative, we multiply the probability of each outcome by its value and then sum these products.

For Alternative A:
Expected value = ($234 * 0.6) + ($0 * 0.4)
Expected value = $140.4 + $0
Expected value = $140.4

For Alternative B:
Expected value = ($139 * 1)
Expected value = $139

Since $140.4 is greater than $139, the alternative with the higher expected value is Alternative A.",massA=0.999 massB=0.000598,before,0,0.0
p1,361,36,risk,0,98,227,0.47,1.0887,0,False,A,meta-llama/Llama-3.1-8B-Instruct,chat,riskneutral_terse,1,0.99979,0.99998,0,answer,"To determine the preferred option, we need to calculate the expected value of each option.

For Option A:
Expected value = (Probability of $227) * ($227) + (Probability of $0) * ($0)
Expected value = 0.47 * $227 + 0.53 * $0
Expected value = $106.49

For Option B:
Expected value = (Certainty) * ($98)
Expected value = $98

Since $106.49 is greater than $98, the preferred option is the one with the higher expected value.",massA=1 massB=0.00021,before,0,0.0
p1,30,3,risk,0,46,158,0.33,1.1335,0,True,B,meta-llama/Llama-3.1-8B-Instruct,chat,riskneutral_terse,1,0.99964,0.99997,0,answer,"To determine the preferred option, we need to calculate the expected value of each option.

For Option A, the expected value is $46 with certainty, so the expected value is $46.

For Option B, the expected value is calculated as follows:
Expected Value = (Probability of $158) * ($158) + (Probability of $0) * ($0)
Expected Value = (0.33) * ($158) + (0.67) * ($0)
Expected Value = $52.14

Since $52.14 is greater than $46, the option with the higher expected value is Option B.",massA=0.000363 massB=1,before,0,0.0
p1,119,11,risk,0,54,68,0.81,1.02,4,False,A,meta-llama/Llama-3.1-8B-Instruct,chat,riskneutral_terse,1,0.9995,0.99993,0,answer,"To determine the expected value of each deal, we multiply the probability of each outcome by its value and then sum these products.

For Deal A:
Expected value = (81% * $68) + (19% * $0)
Expected value = (0.81 * $68) + (0.19 * $0)
Expected value = $54.88 + $0
Expected value = $54.88

For Deal B:
Expected value = $54 (certainty, so 100% probability)

Since $54.88 is greater than $54, the option with the higher expected value is Deal A.",massA=0.999 massB=0.000503,before,0,0.0
p1,257,25,risk,0,124,207,0.76,1.2687,3,False,A,meta-llama/Llama-3.1-8B-Instruct,chat,riskneutral_terse,1,0.99964,0.99991,0,answer,"To determine the expected value of each payout, we need to multiply the probability of each outcome by its respective value and then sum these products.

For Payout A:
Expected Value = ($207 * 0.76) + ($0 * 0.24)
Expected Value = $156.92 + $0
Expected Value = $156.92

For Payout B:
Expected Value = ($124 * 1)
Expected Value = $124

Since $156.92 is greater than $124, the payout with the higher expected value is Payout A.",massA=1 massB=0.000363,before,0,0.0
p1,255,25,risk,0,124,207,0.76,1.2687,2,False,A,meta-llama/Llama-3.1-8B-Instruct,chat,riskneutral_terse,1,0.99957,0.99996,0,answer,"To determine the expected value of each alternative, we multiply the probability of each outcome by its value and then sum these products.

For Alternative A:
Expected value = ($207 * 0.76) + ($0 * 0.24)
Expected value = $156.92 + $0
Expected value = $156.92

For Alternative B:
Expected value = ($124 * 1)
Expected value = $124

Since $156.92 is greater than $124, the alternative with the higher expected value is Alternative A.",massA=1 massB=0.000431,before,0,0.0
p1,310,31,risk,0,51,151,0.29,0.8586,0,True,B,meta-llama/Llama-3.1-8B-Instruct,chat,riskneutral_terse,1,0.00063,0.99997,0,answer,"To determine the preferred option, we need to calculate the expected value of each option.

For Option A, the expected value is $51 with certainty, so the expected value is $51.

For Option B, the expected value is calculated as follows:
Expected Value = (Probability of $151) * ($151) + (Probability of $0) * ($0)
Expected Value = (0.29) * ($151) + (0.71) * ($0)
Expected Value = $43.89 + $0
Expected Value = $43.89

Since $51 is greater than $43.89, the preferred option is the one with the higher expected value.",massA=0.999 massB=0.000626,before,0,0.0
p1,43,4,risk,0,29,71,0.55,1.3466,1,False,A,meta-llama/Llama-3.1-8B-Instruct,chat,riskneutral_terse,1,0.99969,0.99996,0,answer,"To determine the expected value of each offer, we multiply the probability of each outcome by its value and then sum these products.

For Offer A:
Expected value = (55% * $71) + (45% * $0)
Expected value = (0.55 * $71) + (0.45 * $0)
Expected value = $38.85 + $0
Expected value = $38.85

For Offer B:
Expected value = $29 (since it's received with certainty)

Since $38.85 is greater than $29, the option with the higher expected value is Offer A.",massA=1 massB=0.000305,before,0,0.0
p1,83,8,risk,0,62,263,0.33,1.3998,1,False,A,meta-llama/Llama-3.1-8B-Instruct,chat,riskneutral_terse,1,0.99963,0.99997,0,answer,"To determine the expected value of each offer, we multiply the value of each outcome by its probability and then sum the results.

For Offer A:
Expected value = ($263 * 0.33) + ($0 * 0.67)
Expected value = $86.59 + $0
Expected value = $86.59

For Offer B:
Expected value = ($62 * 1)
Expected value = $62

Since $86.59 is greater than $62, the option with the higher expected value is Offer A.",massA=1 massB=0.000374,before,0,0.0
p1,307,30,risk,0,149,447,0.26,0.78,3,False,A,meta-llama/Llama-3.1-8B-Instruct,chat,riskneutral_terse,1,0.00024,0.9999,0,answer,"To determine the expected value of each payout, we need to multiply the probability of each outcome by its respective value and then sum these products.

For Payout A:
Expected Value = ($447 * 0.26) + ($0 * 0.74)
Expected Value = $116.22 + $0
Expected Value = $116.22

For Payout B:
Expected Value = ($149 * 1)
Expected Value = $149

Since $149 is greater than $116.22, the payout with the higher expected value is Payout B.",massA=0.000242 massB=1,before,0,0.0
p1,325,32,risk,0,131,236,0.57,1.0269,2,False,A,meta-llama/Llama-3.1-8B-Instruct,chat,riskneutral_terse,1,0.9997,0.99996,0,answer,"To determine the expected value of each alternative, we multiply the probability of each outcome by its value and then sum these products.

For Alternative A:
Expected value = ($236 * 0.57) + ($0 * 0.43)
Expected value = $134.52 + $0
Expected value = $134.52

For Alternative B:
Expected value = ($131 * 1)
Expected value = $131

Since $134.52 is greater than $131, the option with the higher expected value is Alternative A.",massA=1 massB=0.000296,before,0,0.0
p1,306,30,risk,0,149,447,0.26,0.78,3,True,B,meta-llama/Llama-3.1-8B-Instruct,chat,riskneutral_terse,1,0.00247,0.99994,0,answer,"To determine the expected value of Payout B, we need to multiply the probability of each outcome by its value and then sum these products.

Expected value of Payout B = (0.26 * $447) + (0.74 * $0)
Expected value of Payout B = $115.82 + $0
Expected value of Payout B = $115.82

Now, let's compare the expected value of Payout B ($115.82) with the value of Payout A ($149). Since $149 is higher than $115.82, we should choose the payout with certainty.",massA=0.997 massB=0.00247,before,0,0.0
p1,89,8,risk,0,62,263,0.33,1.3998,4,False,A,meta-llama/Llama-3.1-8B-Instruct,chat,riskneutral_terse,1,0.99965,0.99997,0,answer,"To make a decision, we need to calculate the expected value of each deal. The expected value is the sum of the product of each outcome and its probability.

For Deal A:
Expected value = ($263 * 0.33) + ($0 * 0.67)
Expected value = $86.59 + $0
Expected value = $86.59

For Deal B:
Expected value = ($62 * 1)
Expected value = $62

Since $86.59 is greater than $62, the option with the higher expected value is Deal A.",massA=1 massB=0.000351,before,0,0.0
p1,362,36,risk,0,98,227,0.47,1.0887,1,True,B,meta-llama/Llama-3.1-8B-Instruct,chat,riskneutral_terse,1,0.98174,0.99989,0,answer,"To determine the expected value of Offer B, we need to multiply the probability of each outcome by its value and then sum these products.

Expected value of Offer B = (0.47 * $227) + (0.53 * $0)
Expected value of Offer B = $106.69 + $0
Expected value of Offer B = $106.69

Now, let's compare the expected value of Offer B with the value of Offer A. Offer A has a value of $98, which is less than the expected value of Offer B ($106.69).",massA=0.0183 massB=0.982,before,0,0.0
p1,22,2,risk,0,162,661,0.26,1.0609,1,True,B,meta-llama/Llama-3.1-8B-Instruct,chat,riskneutral_terse,1,0.99971,0.99994,0,answer,"To determine the expected value of Offer B, we need to multiply the probability of each outcome by its value and then sum these products.

Expected value of Offer B = (26% * $661) + (74% * $0)
Expected value of Offer B = (0.26 * $661) + (0.74 * $0)
Expected value of Offer B = $171.26 + $0
Expected value of Offer B = $171.26

Now, let's compare the expected values of both offers. Offer A has a value of $162, while Offer B has an expected value of $171.26. 

Since $171.26 is greater than $162, the option with the higher expected value is Offer B.",massA=0.000287 massB=1,before,0,0.0
p1,324,32,risk,0,131,236,0.57,1.0269,2,True,B,meta-llama/Llama-3.1-8B-Instruct,chat,riskneutral_terse,1,0.99979,0.99992,0,answer,"To determine the expected value of each alternative, we need to multiply the probability of each outcome by its value and then sum these products.

For Alternative A, the value is $131 with certainty, so the expected value is $131.

For Alternative B, the value is $236 with 57% probability and $0 with 43% probability. To calculate the expected value, we multiply the probabilities by the respective values and sum them:

Expected value of Alternative B = (0.57 * $236) + (0.43 * $0)
Expected value of Alternative B = $134.72 + $0
Expected value of Alternative B = $134.72

Since $134.72 is greater than $131, the alternative with the higher expected value is Alternative B.",massA=0.000207 massB=1,before,0,0.0
p1,187,18,risk,0,41,61,0.58,0.8629,3,False,A,meta-llama/Llama-3.1-8B-Instruct,chat,riskneutral_terse,1,0.00026,0.99988,0,answer,"To determine the expected value of each payout, we multiply the probability of each outcome by its value and then sum these products.

For Payout A:
Expected value = ($61 * 0.58) + ($0 * 0.42)
Expected value = $35.58 + $0
Expected value = $35.58

For Payout B:
Expected value = ($41 * 1)
Expected value = $41

Since $41 is greater than $35.58, the payout with the higher expected value is Payout B.",massA=0.000261 massB=1,before,0,0.0
p1,189,18,risk,0,41,61,0.58,0.8629,4,False,A,meta-llama/Llama-3.1-8B-Instruct,chat,riskneutral_terse,1,8e-05,0.99989,0,answer,"To determine the expected value of each deal, we multiply the probability of each outcome by its value and then sum these products.

For Deal A:
Expected value = (0.58 * $61) + (0.42 * $0)
Expected value = $35.58 + $0
Expected value = $35.58

For Deal B:
Expected value = $41 (since it's received with certainty)

Since $41 is greater than $35.58, the option with the higher expected value is Deal B.",massA=7.6e-05 massB=1,before,0,0.0
p1,285,28,risk,0,132,181,0.76,1.0421,2,False,A,meta-llama/Llama-3.1-8B-Instruct,chat,riskneutral_terse,1,0.99967,0.99996,0,answer,"To determine the expected value of each alternative, we multiply the probability of each outcome by its value and then sum these products.

For Alternative A:
Expected value = ($181 * 0.76) + ($0 * 0.24)
Expected value = $137.36 + $0
Expected value = $137.36

For Alternative B:
Expected value = ($132 * 1)
Expected value = $132

Since $137.36 is greater than $132, the alternative with the higher expected value is Alternative A.",massA=1 massB=0.000325,before,0,0.0
p1,110,11,risk,0,54,68,0.81,1.02,0,True,B,meta-llama/Llama-3.1-8B-Instruct,chat,riskneutral_terse,1,0.99974,0.99997,0,answer,"To determine the preferred option, we need to calculate the expected value of each option.

For Option A, the expected value is the payment amount itself, which is $54.

For Option B, the expected value is calculated as follows:
Expected Value = (Probability of $68) * ($68) + (Probability of $0) * ($0)
Expected Value = (0.81) * ($68) + (0.19) * ($0)
Expected Value = $54.88

Since $54.88 is greater than $54, the option with the higher expected value is Option B.",massA=0.000257 massB=1,before,0,0.0
p1,98,9,risk,0,49,153,0.26,0.8118,4,True,B,meta-llama/Llama-3.1-8B-Instruct,chat,riskneutral_terse,1,0.00023,0.99994,0,answer,"To determine which deal has a higher expected value, we need to calculate the expected value of each deal.

For Deal A, the expected value is simply the certain amount:
Expected Value of Deal A = $49

For Deal B, we need to calculate the expected value by multiplying the probability of each outcome by the outcome itself and then summing these products:
Expected Value of Deal B = ($153 * 0.26) + ($0 * 0.74)
Expected Value of Deal B = $39.58 + $0
Expected Value of Deal B = $39.58

Since $49 (Deal A) is greater than $39.58 (Deal B), the option with the higher expected value is Deal A.",massA=1 massB=0.000227,before,0,0.0
p1,24,2,risk,0,162,661,0.26,1.0609,2,True,B,meta-llama/Llama-3.1-8B-Instruct,chat,riskneutral_terse,1,0.99988,0.99996,0,answer,"To determine the expected value of each alternative, we need to multiply the probability of each outcome by its value and then sum these products.

For Alternative A, the value is $162 with certainty, so the expected value is $162.

For Alternative B, the value is $661 with 26% probability and $0 with 74% probability. To calculate the expected value, we multiply the probabilities by the respective values and sum them:
Expected value = (0.26 * $661) + (0.74 * $0)
Expected value = $170.66 + $0
Expected value = $170.66

Since $162 is less than $170.66, the alternative with the higher expected value is Alternative B.",massA=0.000118 massB=1,before,0,0.0
p1,45,4,risk,0,29,71,0.55,1.3466,2,False,A,meta-llama/Llama-3.1-8B-Instruct,chat,riskneutral_terse,1,0.99964,0.99996,0,answer,"To determine the expected value of each alternative, we multiply the probability of each outcome by its value and then sum these products.

For Alternative A:
Expected value = ($71 * 0.55) + ($0 * 0.45)
Expected value = $38.95 + $0
Expected value = $38.95

For Alternative B:
Expected value = ($29 * 1)
Expected value = $29

Since $38.95 is greater than $29, the alternative with the higher expected value is Alternative A.",massA=1 massB=0.000363,before,0,0.0
p1,240,24,risk,0,168,214,0.76,0.9681,0,True,B,meta-llama/Llama-3.1-8B-Instruct,chat,riskneutral_terse,1,0.00162,0.99997,0,answer,"To determine the preferred option, we need to calculate the expected value of each option.

For Option A, the expected value is the payment amount itself since it's certain: $168.

For Option B, we calculate the expected value by multiplying the payment amount by its probability and summing the results:
Expected Value = ($214 * 0.76) + ($0 * 0.24)
Expected Value = $162.44 + $0
Expected Value = $162.44

Now, comparing the expected values:
Option A: $168
Option B: $162.44

Since $168 is greater than $162.44, the preferred option is the one with the higher expected value.",massA=0.998 massB=0.00162,before,0,0.0
p1,314,31,risk,0,51,151,0.29,0.8586,2,True,B,meta-llama/Llama-3.1-8B-Instruct,chat,riskneutral_terse,1,0.00049,0.9999,0,answer,"To determine the expected value of each alternative, we need to multiply the probability of each outcome by its value and then sum these products.

For Alternative A, the value is $51 with certainty, so the expected value is $51.

For Alternative B, the value is $151 with 29% probability and $0 with 71% probability. To calculate the expected value, we multiply the probabilities by the respective values and sum them:
Expected value = (0.29 * $151) + (0.71 * $0)
Expected value = $43.89 + $0
Expected value = $43.89

Now, comparing the expected values of Alternative A ($51) and Alternative B ($43.89), we can see that Alternative A has a higher expected value.",massA=0.999 massB=0.000488,before,0,0.0
p1,319,31,risk,0,51,151,0.29,0.8586,4,False,A,meta-llama/Llama-3.1-8B-Instruct,chat,riskneutral_terse,1,0.99907,0.99994,0,answer,"To make a decision, we need to calculate the expected value of each deal. The expected value is the sum of the product of each outcome and its probability.

For Deal A:
Expected value = ($151 * 0.29) + ($0 * 0.71)
Expected value = $44.09 + $0
Expected value = $44.09

For Deal B:
Expected value = ($51 * 1)
Expected value = $51

Since $44.09 is greater than $51, the option with the higher expected value is Deal A.",massA=0.999 massB=0.000925,before,0,0.0
p1,329,32,risk,0,131,236,0.57,1.0269,4,False,A,meta-llama/Llama-3.1-8B-Instruct,chat,riskneutral_terse,1,0.99976,0.99997,0,answer,"To determine the expected value of each deal, we multiply the probability of each outcome by its value and then sum the results.

For Deal A:
Expected value = ($236 * 0.57) + ($0 * 0.43)
Expected value = $134.52 + $0
Expected value = $134.52

For Deal B:
Expected value = ($131 * 1)
Expected value = $131

Since $134.52 is greater than $131, the option with the higher expected value is Deal A.",massA=1 massB=0.000238,before,0,0.0
p1,191,19,risk,0,64,122,0.49,0.9341,0,False,A,meta-llama/Llama-3.1-8B-Instruct,chat,riskneutral_terse,1,0.00067,0.99991,0,answer,"To determine the preferred option, we need to calculate the expected value of each option.

For Option A:
Expected value = (probability of $122) * ($122) + (probability of $0) * ($0)
Expected value = 0.49 * $122 + 0.51 * $0
Expected value = $59.78

For Option B:
Expected value = (probability of $64) * ($64)
Expected value = 1 * $64
Expected value = $64

Since $59.78 is less than $64, we should choose the option with the higher expected value, which is Option B.",massA=0.000667 massB=0.999,before,0,0.0
p1,180,18,risk,0,41,61,0.58,0.8629,0,True,B,meta-llama/Llama-3.1-8B-Instruct,chat,riskneutral_terse,1,0.00055,0.99997,0,answer,"To determine the preferred option, we need to calculate the expected value of each option.

For Option A, the expected value is $41 with certainty, so the expected value is $41.

For Option B, the expected value is calculated as follows:
Expected Value = (Probability of $61) * ($61) + (Probability of $0) * ($0)
Expected Value = (0.58) * ($61) + (0.42) * ($0)
Expected Value = $35.58

Since $41 is greater than $35.58, the preferred option is the one with certainty.",massA=0.999 massB=0.000553,before,0,0.0
p1,351,35,risk,0,91,133,0.68,0.9938,0,False,A,meta-llama/Llama-3.1-8B-Instruct,chat,riskneutral_terse,1,0.00066,0.9999,0,answer,"To determine the preferred option, we need to calculate the expected value of each option.

For Option A:
Expected value = (probability of $133) * ($133) + (probability of $0) * ($0)
Expected value = 0.68 * $133 + 0.32 * $0
Expected value = $90.44

For Option B:
Expected value = (probability of $91) * ($91)
Expected value = 1 * $91
Expected value = $91

Since $90.44 is less than $91, we should choose the option with the higher expected value, which is Option B.",massA=0.000656 massB=0.999,before,0,0.0
p1,116,11,risk,0,54,68,0.81,1.02,3,True,B,meta-llama/Llama-3.1-8B-Instruct,chat,riskneutral_terse,1,0.99975,0.99993,0,answer,"To determine the expected value of Payout B, we need to multiply the probability of each outcome by its value and then sum these products.

Expected value of Payout B = (81% * $68) + (19% * $0)
Expected value of Payout B = (0.81 * $68) + (0.19 * $0)
Expected value of Payout B = $54.88 + $0
Expected value of Payout B = $54.88

Since Payout A offers $54 with certainty, which is less than the expected value of Payout B ($54.88), the option with the higher expected value is Payout B.",massA=0.000245 massB=1,before,0,0.0
p1,49,4,risk,0,29,71,0.55,1.3466,4,False,A,meta-llama/Llama-3.1-8B-Instruct,chat,riskneutral_terse,1,0.99978,0.99997,0,answer,"To make a decision, we need to calculate the expected value of each deal. The expected value is the sum of the product of each possible outcome and its probability.

For Deal A:
Expected value = ($71 * 0.55) + ($0 * 0.45)
Expected value = $38.95 + $0
Expected value = $38.95

For Deal B:
Expected value = ($29 * 1)
Expected value = $29

Since $38.95 is greater than $29, the option with the higher expected value is Deal A.",massA=1 massB=0.000217,before,0,0.0
p1,368,36,risk,0,98,227,0.47,1.0887,4,True,B,meta-llama/Llama-3.1-8B-Instruct,chat,riskneutral_terse,1,0.99952,0.99996,0,answer,"To determine the expected value of Deal B, we need to multiply the probability of each outcome by its value and then sum these products.

Expected value of Deal B = (0.47 * $227) + (0.53 * $0)
Expected value of Deal B = $106.69 + $0
Expected value of Deal B = $106.69

Now, let's compare the expected value of Deal B with the value of Deal A. 

Deal A: $98
Deal B: $106.69

Since $106.69 is greater than $98, the option with the higher expected value is Deal B.",massA=0.00048 massB=0.999,before,0,0.0
p1,359,35,risk,0,91,133,0.68,0.9938,4,False,A,meta-llama/Llama-3.1-8B-Instruct,chat,riskneutral_terse,1,0.00011,0.9999,0,answer,"To determine the expected value of each deal, we multiply the probability of each outcome by its value and then sum the results.

For Deal A:
Expected value = (0.68 * $133) + (0.32 * $0)
Expected value = $90.44 + $0
Expected value = $90.44

For Deal B:
Expected value = $91 (since it's received with certainty)

Since $91 is greater than $90.44, the option with the higher expected value is Deal B.",massA=0.000114 massB=1,before,0,0.0
p1,338,33,risk,0,142,446,0.53,1.6646,4,True,B,meta-llama/Llama-3.1-8B-Instruct,chat,riskneutral_terse,1,0.99418,0.99992,0,answer,"To determine the expected value of Deal B, we need to multiply the probability of each outcome by its value and then sum these products.

Expected value of Deal B = (0.53 * $446) + (0.47 * $0)
Expected value of Deal B = $236.18 + $0
Expected value of Deal B = $236.18

Now, let's compare the expected value of Deal B with the value of Deal A. Deal A offers $142 with certainty, which is less than the expected value of Deal B ($236.18).",massA=0.00582 massB=0.994,before,0,0.0
p1,288,28,risk,0,132,181,0.76,1.0421,4,True,B,meta-llama/Llama-3.1-8B-Instruct,chat,riskneutral_terse,1,0.99987,0.99997,0,answer,"To decide between the two deals, we need to calculate their expected values. The expected value (EV) is the sum of the product of each possible outcome and its probability.

For Deal A, the expected value is simply the certain amount:
EV(A) = $132

For Deal B, we have two possible outcomes with their respective probabilities:
EV(B) = ($181 * 0.76) + ($0 * 0.24)
EV(B) = $137.16

Since $137.16 is greater than $132, the expected value of Deal B is higher.",massA=0.000133 massB=1,before,0,0.0
p1,67,6,risk,0,94,101,0.71,0.7629,3,False,A,meta-llama/Llama-3.1-8B-Instruct,chat,riskneutral_terse,1,0.00022,0.9999,0,answer,"To determine the expected value of each payout, we multiply the probability of each outcome by its respective value and then sum these products.

For Payout A:
Expected Value = ($101 * 0.71) + ($0 * 0.29)
Expected Value = $71.21 + $0
Expected Value = $71.21

For Payout B:
Expected Value = ($94 * 1)
Expected Value = $94

Since $94 is greater than $71.21, the payout with the higher expected value is Payout B.",massA=0.000223 massB=1,before,0,0.0
p1,363,36,risk,0,98,227,0.47,1.0887,1,False,A,meta-llama/Llama-3.1-8B-Instruct,chat,riskneutral_terse,1,0.99961,0.99997,0,answer,"To determine the expected value of each offer, we multiply the value of each outcome by its probability and then sum the results.

For Offer A:
Expected value = ($227 * 0.47) + ($0 * 0.53)
Expected value = $106.09 + $0
Expected value = $106.09

For Offer B:
Expected value = ($98 * 1)
Expected value = $98

Since $106.09 is greater than $98, the option with the higher expected value is Offer A.",massA=1 massB=0.000392,before,0,0.0
p1,242,24,risk,0,168,214,0.76,0.9681,1,True,B,meta-llama/Llama-3.1-8B-Instruct,chat,riskneutral_terse,1,0.00064,0.99988,0,answer,"To determine the expected value of Offer B, we need to multiply the probability of each outcome by its value and then sum these products.

Expected value of Offer B = (Probability of $214) * ($214) + (Probability of $0) * ($0)
Expected value of Offer B = 0.76 * $214 + 0.24 * $0
Expected value of Offer B = $162.64 + $0
Expected value of Offer B = $162.64

Since Offer A has a value of $168, which is higher than the expected value of Offer B ($162.64), we should accept Offer A.",massA=0.999 massB=0.000636,before,0,0.0
p1,29,2,risk,0,162,661,0.26,1.0609,4,False,A,meta-llama/Llama-3.1-8B-Instruct,chat,riskneutral_terse,1,0.99961,0.99997,0,answer,"To make a decision, we need to calculate the expected value of each deal. The expected value is the sum of the product of each outcome and its probability.

For Deal A:
Expected value = ($661 * 0.26) + ($0 * 0.74)
Expected value = $170.66 + $0
Expected value = $170.66

For Deal B:
Expected value = ($162 * 1)
Expected value = $162

Since $170.66 is greater than $162, the option with the higher expected value is Deal A.",massA=1 massB=0.000392,before,0,0.0
p1,162,16,risk,0,139,234,0.6,1.0101,1,True,B,meta-llama/Llama-3.1-8B-Instruct,chat,riskneutral_terse,1,0.99971,0.99995,0,answer,"To determine the expected value of Offer B, we need to multiply the probability of each outcome by its value and then sum these products.

Expected value of Offer B = (0.6 * $234) + (0.4 * $0)
Expected value of Offer B = $140.4 + $0
Expected value of Offer B = $140.4

Now, let's compare the expected values of both offers. Offer A has a value of $139, while Offer B has an expected value of $140.4. Since $140.4 is greater than $139, we should choose Offer B.",massA=0.000287 massB=1,before,0,0.0
p1,199,19,risk,0,64,122,0.49,0.9341,4,False,A,meta-llama/Llama-3.1-8B-Instruct,chat,riskneutral_terse,1,0.99903,0.99991,0,answer,"To make a decision, we need to calculate the expected value of each deal. The expected value is the sum of the product of each possible outcome and its probability.

For Deal A:
Expected value = ($122 * 0.49) + ($0 * 0.51)
Expected value = $59.78

For Deal B:
Expected value = ($64 * 1)
Expected value = $64

Since $59.78 is greater than $64, the option with the higher expected value is Deal A.",massA=0.999 massB=0.00097,before,0,0.0
p1,301,30,risk,0,149,447,0.26,0.78,0,False,A,meta-llama/Llama-3.1-8B-Instruct,chat,riskneutral_terse,1,0.00032,0.99993,0,answer,"To determine the preferred option, we need to calculate the expected value of each option.

For Option A:
Expected value = (Probability of $447) * ($447) + (Probability of $0) * ($0)
Expected value = 0.26 * $447 + 0.74 * $0
Expected value = $116.22

For Option B:
Expected value = (Certainty) * ($149)
Expected value = $149

Since $116.22 is less than $149, we should choose the option with the higher expected value.",massA=0.00032 massB=1,before,0,0.0
p1,20,2,risk,0,162,661,0.26,1.0609,0,True,B,meta-llama/Llama-3.1-8B-Instruct,chat,riskneutral_terse,1,0.99992,0.99998,0,answer,"To determine the preferred option, we need to calculate the expected value of each option.

For Option A, the expected value is the payment amount itself since it's received with certainty:
Expected Value of Option A = $162

For Option B, we need to calculate the expected value by multiplying the payment amount by its probability and summing the results:
Expected Value of Option B = ($661 * 0.26) + ($0 * 0.74)
Expected Value of Option B = $170.66 + $0
Expected Value of Option B = $170.66

Since $162 is less than $170.66, the option with the higher expected value is Option B.",massA=8.09e-05 massB=1,before,0,0.0
p1,193,19,risk,0,64,122,0.49,0.9341,1,False,A,meta-llama/Llama-3.1-8B-Instruct,chat,riskneutral_terse,1,0.00014,0.99988,0,answer,"To determine the expected value of each offer, we multiply the value of each outcome by its probability and then sum the results.

For Offer A:
Expected value = ($122 * 0.49) + ($0 * 0.51)
Expected value = $59.78

For Offer B:
Expected value = ($64 * 1)
Expected value = $64

Since $64 is greater than $59.78, the option with the higher expected value is Offer B.",massA=0.000144 massB=1,before,0,0.0
p1,63,6,risk,0,94,101,0.71,0.7629,1,False,A,meta-llama/Llama-3.1-8B-Instruct,chat,riskneutral_terse,1,0.00011,0.99988,0,answer,"To determine the expected value of each offer, we multiply the probability of each outcome by its value and then sum these products.

For Offer A:
Expected value = (0.71 * $101) + (0.29 * $0)
Expected value = $71.1 + $0
Expected value = $71.1

For Offer B:
Expected value = $94 (since it's received with certainty)

Since $94 is greater than $71.1, the option with the higher expected value is Offer B.",massA=0.000107 massB=1,before,0,0.0
p1,167,16,risk,0,139,234,0.6,1.0101,3,False,A,meta-llama/Llama-3.1-8B-Instruct,chat,riskneutral_terse,1,0.99946,0.9999,0,answer,"To determine the expected value of each payout, we multiply the probability of each outcome by its respective value and then sum these products.

For Payout A:
Expected Value = ($234 * 0.6) + ($0 * 0.4)
Expected Value = $140.4 + $0
Expected Value = $140.4

For Payout B:
Expected Value = ($139 * 1)
Expected Value = $139

Since $140.4 is greater than $139, the payout with the higher expected value is Payout A.",massA=0.999 massB=0.000544,before,0,0.0
p1,357,35,risk,0,91,133,0.68,0.9938,3,False,A,meta-llama/Llama-3.1-8B-Instruct,chat,riskneutral_terse,1,0.0003,0.99989,0,answer,"To determine the expected value of each payout, we multiply the probability of each outcome by its respective value and then sum these products.

For Payout A:
Expected Value = ($133 * 0.68) + ($0 * 0.32)
Expected Value = $90.04 + $0
Expected Value = $90.04

For Payout B:
Expected Value = ($91 * 1)
Expected Value = $91

Since $91 is greater than $90.04, the payout with the higher expected value is Payout B.",massA=0.000296 massB=1,before,0,0.0
p1,309,30,risk,0,149,447,0.26,0.78,4,False,A,meta-llama/Llama-3.1-8B-Instruct,chat,riskneutral_terse,1,0.0005,0.99993,0,answer,"To make a decision, we need to calculate the expected value of each deal. The expected value is the sum of the product of each outcome and its probability.

For Deal A:
Expected value = ($447 * 0.26) + ($0 * 0.74)
Expected value = $115.82 + $0
Expected value = $115.82

For Deal B:
Expected value = ($149 * 1)
Expected value = $149

Since $115.82 is less than $149, Deal B has a higher expected value.",massA=0.000495 massB=0.999,before,0,0.0
p1,42,4,risk,0,29,71,0.55,1.3466,1,True,B,meta-llama/Llama-3.1-8B-Instruct,chat,riskneutral_terse,1,0.99946,0.99995,0,answer,"To determine the expected value of Offer B, we need to multiply the probability of each outcome by its value and then sum these products.

Expected value of Offer B = (0.55 * $71) + (0.45 * $0)
Expected value of Offer B = $39.05 + $0
Expected value of Offer B = $39.05

Now, let's compare the expected value of Offer B ($39.05) with the value of Offer A ($29). Since $39.05 is greater than $29, we should accept Offer B.",massA=0.000536 massB=0.999,before,0,0.0
p1,249,24,risk,0,168,214,0.76,0.9681,4,False,A,meta-llama/Llama-3.1-8B-Instruct,chat,riskneutral_terse,1,0.99953,0.99989,0,answer,"To determine the expected value of each deal, we multiply the probability of each outcome by its value and then sum these products.

For Deal A:
Expected value = (Probability of $214) * ($214) + (Probability of $0) * ($0)
Expected value = 0.76 * $214 + 0.24 * $0
Expected value = $162.24

For Deal B:
Expected value = (Probability of $168) * ($168)
Expected value = 1 * $168
Expected value = $168

Since $162.24 is greater than $168, the deal with the higher expected value is Deal A.",massA=0.999 massB=0.000465,before,0,0.0
p1,311,31,risk,0,51,151,0.29,0.8586,0,False,A,meta-llama/Llama-3.1-8B-Instruct,chat,riskneutral_terse,1,0.00017,0.99989,0,answer,"To determine the preferred option, we need to calculate the expected value of each option.

For Option A:
Expected value = (Probability of $151) * ($151) + (Probability of $0) * ($0)
Expected value = (0.29) * ($151) + (0.71) * ($0)
Expected value = $43.89

For Option B:
Expected value = (Certainty) * ($51)
Expected value = $51

Since $43.89 is less than $51, we should choose the option with the higher expected value.",massA=0.000169 massB=1,before,0,0.0
p1,163,16,risk,0,139,234,0.6,1.0101,1,False,A,meta-llama/Llama-3.1-8B-Instruct,chat,riskneutral_terse,1,0.99959,0.99995,0,answer,"To determine the expected value of each offer, we multiply the probability of each outcome by its value and then sum these products.

For Offer A:
Expected value = (0.6 * $234) + (0.4 * $0)
Expected value = $140.4 + $0
Expected value = $140.4

For Offer B:
Expected value = $139 (since it's received with certainty)

Since $140.4 is greater than $139, the option with the higher expected value is Offer A.",massA=1 massB=0.000411,before,0,0.0
p1,168,16,risk,0,139,234,0.6,1.0101,4,True,B,meta-llama/Llama-3.1-8B-Instruct,chat,riskneutral_terse,1,0.99532,0.9999,0,answer,"To determine the expected value of Deal B, we need to multiply the probability of each outcome by its value and then sum these products.

Expected value of Deal B = (0.6 * $234) + (0.4 * $0)
Expected value of Deal B = $140.4 + $0
Expected value of Deal B = $140.4

Now, let's compare the expected values of Deal A and Deal B. Deal A has a value of $139, which is lower than the expected value of Deal B ($140.4).",massA=0.00468 massB=0.995,before,0,0.0
p1,192,19,risk,0,64,122,0.49,0.9341,1,True,B,meta-llama/Llama-3.1-8B-Instruct,chat,riskneutral_terse,1,0.00018,0.99994,0,answer,"To determine the expected value of each offer, we need to multiply the probability of each outcome by its value and then sum these products.

For Offer A, the value is $64 with certainty, so the expected value is $64.

For Offer B, the value is $122 with 49% probability and $0 with 51% probability. 
Expected value of Offer B = (0.49 * $122) + (0.51 * $0)
Expected value of Offer B = $59.78 + $0
Expected value of Offer B = $59.78

Since $64 (Offer A) is greater than $59.78 (Offer B), the option with the higher expected value is Offer A.",massA=1 massB=0.00018,before,0,0.0
p1,266,26,risk,0,59,151,0.36,0.9214,3,True,B,meta-llama/Llama-3.1-8B-Instruct,chat,riskneutral_terse,1,0.00029,0.99989,0,answer,"To choose the option with the higher expected value, we need to calculate the expected value of each payout.

For Payout A, the expected value is $59 with certainty, so the expected value is $59.

For Payout B, the expected value is calculated as follows:
Expected Value = (Probability of $151) * ($151) + (Probability of $0) * ($0)
Expected Value = (0.36) * ($151) + (0.64) * ($0)
Expected Value = $54.36

Since $59 is greater than $54.36, the option with the higher expected value is Payout A.",massA=1 massB=0.000291,before,0,0.0
p1,300,30,risk,0,149,447,0.26,0.78,0,True,B,meta-llama/Llama-3.1-8B-Instruct,chat,riskneutral_terse,1,0.00047,0.99997,0,answer,"To determine the preferred option, we need to calculate the expected value of each option.

For Option A, the expected value is the payment amount itself since it's received with certainty:
Expected Value of Option A = $149

For Option B, we need to calculate the expected value by multiplying the payment amount by its probability and summing the results:
Expected Value of Option B = ($447 * 0.26) + ($0 * 0.74)
Expected Value of Option B = $115.82 + $0
Expected Value of Option B = $115.82

Since $149 is greater than $115.82, the preferred option is the one with the higher expected value.",massA=1 massB=0.000466,before,0,0.0
p1,282,28,risk,0,132,181,0.76,1.0421,1,True,B,meta-llama/Llama-3.1-8B-Instruct,chat,riskneutral_terse,1,0.99967,0.99992,0,answer,"To determine the expected value of Offer B, we need to multiply the probability of each outcome by its value and then sum these products.

Expected value of Offer B = (Probability of $181) * ($181) + (Probability of $0) * ($0)
Expected value of Offer B = 0.76 * $181 + 0.24 * $0
Expected value of Offer B = $137.36 + $0
Expected value of Offer B = $137.36

Since Offer A has a value of $132 and Offer B has an expected value of $137.36, the option with the higher expected value is Offer B.",massA=0.00033 massB=1,before,0,0.0
p1,82,8,risk,0,62,263,0.33,1.3998,1,True,B,meta-llama/Llama-3.1-8B-Instruct,chat,riskneutral_terse,1,0.99976,0.99992,0,answer,"To determine the expected value of each offer, we need to multiply the probability of each outcome by its value and then sum these products.

For Offer A, the value is $62 with certainty, so the expected value is $62.

For Offer B, the value is $263 with 33% probability and $0 with 67% probability. 
Expected value of Offer B = (0.33 * $263) + (0.67 * $0)
Expected value of Offer B = $86.90 + $0
Expected value of Offer B = $86.90

Since $62 is less than $86.90, the offer with the higher expected value is Offer B.",massA=0.000242 massB=1,before,0,0.0
p1,268,26,risk,0,59,151,0.36,0.9214,4,True,B,meta-llama/Llama-3.1-8B-Instruct,chat,riskneutral_terse,1,0.00243,0.99986,0,answer,"To determine the expected value of Deal B, we need to multiply the probability of each outcome by its value and then sum these products.

Expected value of Deal B = (0.36 * $151) + (0.64 * $0)
Expected value of Deal B = $54.36 + $0
Expected value of Deal B = $54.36

Now, let's compare the expected values of Deal A and Deal B. Deal A has a value of $59, which is higher than the expected value of Deal B ($54.36).",massA=0.997 massB=0.00243,before,0,0.0
p1,326,32,risk,0,131,236,0.57,1.0269,3,True,B,meta-llama/Llama-3.1-8B-Instruct,chat,riskneutral_terse,1,0.99928,0.99996,0,answer,"To choose the payout with the higher expected value, we need to calculate the expected value of each option.

For Payout A, the expected value is the certain amount: $131.

For Payout B, the expected value is calculated as the sum of the products of each possible outcome and its probability:
Expected Value B = ($236 * 0.57) + ($0 * 0.43)
Expected Value B = $135.12 + $0
Expected Value B = $135.12

Since $131 (Payout A) is less than $135.12 (Payout B), the payout with the higher expected value is Payout B.",massA=0.000721 massB=0.999,before,0,0.0
p1,331,33,risk,0,142,446,0.53,1.6646,0,False,A,meta-llama/Llama-3.1-8B-Instruct,chat,riskneutral_terse,1,0.99977,0.99998,0,answer,"To determine the preferred option, we need to calculate the expected value of each option.

For Option A:
Expected value = (Probability of $446) * ($446) + (Probability of $0) * ($0)
Expected value = 0.53 * $446 + 0.47 * $0
Expected value = $236.58

For Option B:
Expected value = (Certainty) * ($142)
Expected value = $142

Since $236.58 is greater than $142, the preferred option is the one with the higher expected value.",massA=1 massB=0.000231,before,0,0.0
p1,93,9,risk,0,49,153,0.26,0.8118,1,False,A,meta-llama/Llama-3.1-8B-Instruct,chat,riskneutral_terse,1,0.0004,0.99989,0,answer,"To determine the expected value of each offer, we multiply the probability of each outcome by its value and then sum these products.

For Offer A:
Expected value = ($153 * 0.26) + ($0 * 0.74)
Expected value = $39.78 + $0
Expected value = $39.78

For Offer B:
Expected value = ($49 * 1)
Expected value = $49

Since $39.78 is less than $49, Offer B has a higher expected value.",massA=0.000398 massB=0.999,before,0,0.0
p1,161,16,risk,0,139,234,0.6,1.0101,0,False,A,meta-llama/Llama-3.1-8B-Instruct,chat,riskneutral_terse,1,0.99974,0.99997,0,answer,"To determine the preferred option, we need to calculate the expected value of each option.

For Option A:
Expected value = (probability of $234) * ($234) + (probability of $0) * ($0)
Expected value = 0.6 * $234 + 0.4 * $0
Expected value = $140.40

For Option B:
Expected value = (probability of $139) * ($139)
Expected value = 1 * $139
Expected value = $139

Since $140.40 is greater than $139, the preferred option is the one with the higher expected value.",massA=1 massB=0.000261,before,0,0.0
p1,289,28,risk,0,132,181,0.76,1.0421,4,False,A,meta-llama/Llama-3.1-8B-Instruct,chat,riskneutral_terse,1,0.99984,0.99996,0,answer,"To determine the expected value of each deal, we multiply the probability of each outcome by its value and then sum these products.

For Deal A:
Expected value = (76% * $181) + (24% * $0)
Expected value = (0.76 * $181) + (0.24 * $0)
Expected value = $137.56 + $0
Expected value = $137.56

For Deal B:
Expected value = $132 (since it's certain)

Since $137.56 is greater than $132, the option with the higher expected value is Deal A.",massA=1 massB=0.000158,before,0,0.0
p1,356,35,risk,0,91,133,0.68,0.9938,3,True,B,meta-llama/Llama-3.1-8B-Instruct,chat,riskneutral_terse,1,0.0003,0.9999,0,answer,"To choose the option with the higher expected value, we need to calculate the expected value of each payout.

For Payout A, the expected value is $91 with certainty, so the expected value is $91.

For Payout B, the expected value is calculated as follows:
Expected Value = (Probability of $133) * ($133) + (Probability of $0) * ($0)
Expected Value = (0.68) * ($133) + (0.32) * ($0)
Expected Value = $90.44

Since $91 is greater than $90.44, the option with the higher expected value is Payout A.",massA=1 massB=0.000296,before,0,0.0
p1,304,30,risk,0,149,447,0.26,0.78,2,True,B,meta-llama/Llama-3.1-8B-Instruct,chat,riskneutral_terse,1,0.00054,0.99989,0,answer,"To determine the expected value of each alternative, we need to multiply the probability of each outcome by its value and then sum these products.

For Alternative A, the value is $149 with certainty, so the expected value is $149.

For Alternative B, the value is $447 with 26% probability and $0 with 74% probability. To calculate the expected value, we multiply the probabilities by the respective values and sum them:
Expected value = ($447 * 0.26) + ($0 * 0.74)
Expected value = $116.22 + $0
Expected value = $116.22

Now, comparing the expected values of Alternative A ($149) and Alternative B ($116.22), we can see that Alternative A has a higher expected value.",massA=0.999 massB=0.000536,before,0,0.0
p1,320,32,risk,0,131,236,0.57,1.0269,0,True,B,meta-llama/Llama-3.1-8B-Instruct,chat,riskneutral_terse,1,0.99922,0.99999,0,answer,"To determine the preferred option, we need to calculate the expected value of each option.

For Option A, the expected value is the payment amount itself since it's certain: $131.

For Option B, the expected value is calculated by multiplying the payment amount by its probability and summing the results:
Expected Value = ($236 * 0.57) + ($0 * 0.43)
Expected Value = $134.72 + $0
Expected Value = $134.72

Since $134.72 is greater than $131, the preferred option is the one with the higher expected value.",massA=0.000779 massB=0.999,before,0,0.0
p1,248,24,risk,0,168,214,0.76,0.9681,4,True,B,meta-llama/Llama-3.1-8B-Instruct,chat,riskneutral_terse,1,0.00413,0.99983,0,answer,"To determine the expected value of Deal B, we need to multiply the probability of each outcome by its value and then sum these products.

Expected value of Deal B = (0.76 * $214) + (0.24 * $0)
Expected value of Deal B = $162.44 + $0
Expected value of Deal B = $162.44

Now, let's compare the expected values of Deal A and Deal B. Deal A has a value of $168, which is higher than the expected value of Deal B ($162.44).",massA=0.996 massB=0.00413,before,0,0.0
p1,65,6,risk,0,94,101,0.71,0.7629,2,False,A,meta-llama/Llama-3.1-8B-Instruct,chat,riskneutral_terse,1,0.00024,0.99987,0,answer,"To determine the expected value of each alternative, we multiply the probability of each outcome by its value and then sum these products.

For Alternative A:
Expected value = ($101 * 0.71) + ($0 * 0.29)
Expected value = $71.21 + $0
Expected value = $71.21

For Alternative B:
Expected value = ($94 * 1)
Expected value = $94

Since $94 is greater than $71.21, we would rather have Alternative B.",massA=0.000238 massB=1,before,0,0.0
p1,34,3,risk,0,46,158,0.33,1.1335,2,True,B,meta-llama/Llama-3.1-8B-Instruct,chat,riskneutral_terse,1,0.99993,0.99996,0,answer,"To determine the expected value of each alternative, we need to multiply the probability of each outcome by its value and then sum these products.

For Alternative A, the value is $46 with certainty, so the expected value is $46.

For Alternative B, the value is $158 with 33% probability and $0 with 67% probability. To calculate the expected value, we multiply the probabilities by the respective values and sum them:
Expected value = (0.33 * $158) + (0.67 * $0)
Expected value = $52.04 + $0
Expected value = $52.04

Since $46 is less than $52.04, the alternative with the higher expected value is Alternative B.",massA=6.92e-05 massB=1,before,0,0.0
p1,302,30,risk,0,149,447,0.26,0.78,1,True,B,meta-llama/Llama-3.1-8B-Instruct,chat,riskneutral_terse,1,0.00013,0.99996,0,answer,"To determine the expected value of each offer, we need to multiply the probability of each outcome by its value and then sum these products.

For Offer A, the value is $149 with certainty, so the expected value is $149.

For Offer B, the probability of receiving $447 is 26%, or 0.26, and the probability of receiving $0 is 74%, or 0.74. The expected value of Offer B is:
(0.26 * $447) + (0.74 * $0)
= $116.22 + $0
= $116.22

Since $149 is greater than $116.22, the option with the higher expected value is Offer A.",massA=1 massB=0.000127,before,0,0.0
p1,246,24,risk,0,168,214,0.76,0.9681,3,True,B,meta-llama/Llama-3.1-8B-Instruct,chat,riskneutral_terse,1,0.0011,0.99987,0,answer,"To determine the expected value of Payout B, we need to multiply the probability of each outcome by its value and then sum these products.

Expected value of Payout B = (0.76 * $214) + (0.24 * $0)
Expected value of Payout B = $162.44 + $0
Expected value of Payout B = $162.44

Since the expected value of Payout B ($162.44) is less than the certain payout of Payout A ($168), the option with the higher expected value is Payout A.",massA=0.999 massB=0.0011,before,0,0.0
p1,41,4,risk,0,29,71,0.55,1.3466,0,False,A,meta-llama/Llama-3.1-8B-Instruct,chat,riskneutral_terse,1,0.99972,0.99997,0,answer,"To determine the preferred option, we need to calculate the expected value of each option.

For Option A:
Expected value = (Probability of $71) * ($71) + (Probability of $0) * ($0)
Expected value = 0.55 * $71 + 0.45 * $0
Expected value = $38.95 + $0
Expected value = $38.95

For Option B:
Expected value = (Probability of $29) * ($29)
Expected value = 1 * $29
Expected value = $29

Since $38.95 is greater than $29, the preferred option is the one with the higher expected value.",massA=1 massB=0.000282,before,0,0.0
p1,315,31,risk,0,51,151,0.29,0.8586,2,False,A,meta-llama/Llama-3.1-8B-Instruct,chat,riskneutral_terse,1,0.00012,0.99989,0,answer,"To determine the expected value of each alternative, we multiply the probability of each outcome by its value and then sum these products.

For Alternative A:
Expected value = ($151 * 0.29) + ($0 * 0.71)
Expected value = $44.09 + $0
Expected value = $44.09

For Alternative B:
Expected value = ($51 * 1)
Expected value = $51

Since $44.09 is less than $51, the alternative with the higher expected value is Alternative B.",massA=0.000116 massB=1,before,0,0.0
p1,190,19,risk,0,64,122,0.49,0.9341,0,True,B,meta-llama/Llama-3.1-8B-Instruct,chat,riskneutral_terse,1,0.00043,0.99997,0,answer,"To determine the preferred option, we need to calculate the expected value of each option.

For Option A, the expected value is $64 with certainty, so the expected value is $64.

For Option B, the expected value is calculated as follows:
Expected Value = (Probability of $122) * ($122) + (Probability of $0) * ($0)
Expected Value = (0.49) * ($122) + (0.51) * ($0)
Expected Value = $59.58

Since $64 is greater than $59.58, the preferred option is the one with the higher expected value.",massA=1 massB=0.000431,before,0,0.0
p1,35,3,risk,0,46,158,0.33,1.1335,2,False,A,meta-llama/Llama-3.1-8B-Instruct,chat,riskneutral_terse,1,0.99932,0.99992,0,answer,"To determine the expected value of each alternative, we multiply the probability of each outcome by its value and then sum these products.

For Alternative A:
Expected value = (0.33 * $158) + (0.67 * $0)
Expected value = $52 + $0
Expected value = $52

For Alternative B:
Expected value = $46 (certainty implies a probability of 1)

Since $52 is greater than $46, the alternative with the higher expected value is Alternative A.",massA=0.999 massB=0.000677,before,0,0.0
p1,184,18,risk,0,41,61,0.58,0.8629,2,True,B,meta-llama/Llama-3.1-8B-Instruct,chat,riskneutral_terse,1,0.00038,0.99987,0,answer,"To determine the expected value of each alternative, we need to multiply the probability of each outcome by its value and then sum these products.

For Alternative A, the value is $41 with certainty, so the expected value is $41.

For Alternative B, the value is $61 with 58% probability and $0 with 42% probability. The expected value is calculated as follows:
Expected Value = (Probability of $61 * Value of $61) + (Probability of $0 * Value of $0)
Expected Value = (0.58 * $61) + (0.42 * $0)
Expected Value = $35.58 + $0
Expected Value = $35.58

Now, comparing the expected values of Alternative A ($41) and Alternative B ($35.58), we can see that Alternative A has a higher expected value.",massA=0.999 massB=0.00038,before,0,0.0
p1,327,32,risk,0,131,236,0.57,1.0269,3,False,A,meta-llama/Llama-3.1-8B-Instruct,chat,riskneutral_terse,1,0.99964,0.99992,0,answer,"To determine the expected value of each payout, we need to multiply the probability of each outcome by its respective value and then sum these products.

For Payout A:
Expected Value = ($236 * 0.57) + ($0 * 0.43)
Expected Value = $134.52 + $0
Expected Value = $134.52

For Payout B:
Expected Value = ($131 * 1)
Expected Value = $131

Since $134.52 is greater than $131, the payout with the higher expected value is Payout A.",massA=1 massB=0.000357,before,0,0.0
p1,269,26,risk,0,59,151,0.36,0.9214,4,False,A,meta-llama/Llama-3.1-8B-Instruct,chat,riskneutral_terse,1,0.99929,0.99995,0,answer,"To make a decision, we need to calculate the expected value of each deal. The expected value is the sum of the product of each outcome and its probability.

For Deal A:
Expected value = ($151 * 0.36) + ($0 * 0.64)
Expected value = $54.36 + $0
Expected value = $54.36

For Deal B:
Expected value = ($59 * 1)
Expected value = $59

Since $54.36 is greater than $59, the option with the higher expected value is Deal A.",massA=0.999 massB=0.00071,before,0,0.0
p1,69,6,risk,0,94,101,0.71,0.7629,4,False,A,meta-llama/Llama-3.1-8B-Instruct,chat,riskneutral_terse,1,0.0001,0.9999,0,answer,"To determine the expected value of each deal, we multiply the probability of each outcome by its value and then sum these products.

For Deal A:
Expected value = (0.71 * $101) + (0.29 * $0)
Expected value = $71.1 + $0
Expected value = $71.1

For Deal B:
Expected value = $94 (since it's certain)

Since $94 is greater than $71.1, the option with the higher expected value is Deal B.",massA=0.000101 massB=1,before,0,0.0
p1,305,30,risk,0,149,447,0.26,0.78,2,False,A,meta-llama/Llama-3.1-8B-Instruct,chat,riskneutral_terse,1,0.00025,0.99988,0,answer,"To determine the expected value of each alternative, we multiply the probability of each outcome by its value and then sum these products.

For Alternative A:
Expected value = ($447 * 0.26) + ($0 * 0.74)
Expected value = $115.82 + $0
Expected value = $115.82

For Alternative B:
Expected value = ($149 * 1)
Expected value = $149

Since $149 is greater than $115.82, we would rather have Alternative B.",massA=0.000245 massB=1,before,0,0.0
p1,358,35,risk,0,91,133,0.68,0.9938,4,True,B,meta-llama/Llama-3.1-8B-Instruct,chat,riskneutral_terse,1,0.00162,0.99984,0,answer,"To determine the expected value of Deal B, we need to multiply the probability of each outcome by its value and then sum these products.

Expected value of Deal B = (0.68 * $133) + (0.32 * $0)
Expected value of Deal B = $90.44 + $0
Expected value of Deal B = $90.44

Now, let's compare the expected values of Deal A and Deal B. Deal A has a value of $91, which is higher than the expected value of Deal B ($90.44).",massA=0.998 massB=0.00162,before,0,0.0
p1,366,36,risk,0,98,227,0.47,1.0887,3,True,B,meta-llama/Llama-3.1-8B-Instruct,chat,riskneutral_terse,1,0.99903,0.99994,0,answer,"To determine the expected value of Payout B, we need to multiply the probability of each outcome by its value and then sum these products.

Expected value of Payout B = (0.47 * $227) + (0.53 * $0)
Expected value of Payout B = $106.69 + $0
Expected value of Payout B = $106.69

Now, let's compare the expected value of Payout B ($106.69) with the value of Payout A ($98). Since $106.69 is greater than $98, the option with the higher expected value is Payout B.",massA=0.00097 massB=0.999,before,0,0.0
p1,195,19,risk,0,64,122,0.49,0.9341,2,False,A,meta-llama/Llama-3.1-8B-Instruct,chat,riskneutral_terse,1,0.00014,0.99984,0,answer,"To determine the expected value of each alternative, we multiply the value of each outcome by its probability and then sum these products.

For Alternative A:
Expected value = ($122 * 0.49) + ($0 * 0.51)
Expected value = $59.78

For Alternative B:
Expected value = ($64 * 1)
Expected value = $64

Since $59.78 is less than $64, the alternative with the higher expected value is Alternative B.",massA=0.00014 massB=1,before,0,0.0
p1,47,4,risk,0,29,71,0.55,1.3466,3,False,A,meta-llama/Llama-3.1-8B-Instruct,chat,riskneutral_terse,1,0.99956,0.99991,0,answer,"To determine the expected value of each payout, we multiply the probability of each outcome by its respective value and then sum these products.

For Payout A:
Expected Value = ($71 * 0.55) + ($0 * 0.45)
Expected Value = $38.95 + $0
Expected Value = $38.95

For Payout B:
Expected Value = ($29 * 1)
Expected Value = $29

Since $38.95 is greater than $29, the payout with the higher expected value is Payout A.",massA=0.999 massB=0.000444,before,0,0.0
p1,85,8,risk,0,62,263,0.33,1.3998,2,False,A,meta-llama/Llama-3.1-8B-Instruct,chat,riskneutral_terse,1,0.99951,0.99995,0,answer,"To determine the expected value of each alternative, we multiply the probability of each outcome by its value and then sum these products.

For Alternative A:
Expected value = (0.33 * $263) + (0.67 * $0)
Expected value = $86.59 + $0
Expected value = $86.59

For Alternative B:
Expected value = $62 (since it's received with certainty)

Since $86.59 is greater than $62, the alternative with the higher expected value is Alternative A.",massA=0.999 massB=0.000488,before,0,0.0
p1,23,2,risk,0,162,661,0.26,1.0609,1,False,A,meta-llama/Llama-3.1-8B-Instruct,chat,riskneutral_terse,1,0.9996,0.99997,0,answer,"To determine the expected value of each offer, we multiply the probability of each outcome by its value and then sum these products.

For Offer A:
Expected value = ($661 * 0.26) + ($0 * 0.74)
Expected value = $170.66 + $0
Expected value = $170.66

For Offer B:
Expected value = ($162 * 1)
Expected value = $162

Since $170.66 is greater than $162, the option with the higher expected value is Offer A.",massA=1 massB=0.000404,before,0,0.0
p1,256,25,risk,0,124,207,0.76,1.2687,3,True,B,meta-llama/Llama-3.1-8B-Instruct,chat,riskneutral_terse,1,0.99992,0.99996,0,answer,"To determine the expected value of Payout B, we need to multiply the probability of each outcome by its value and then sum these products.

Expected value of Payout B = (0.76 * $207) + (0.24 * $0)
Expected value of Payout B = $156.72 + $0
Expected value of Payout B = $156.72

Now, let's compare the expected value of Payout B with the value of Payout A. 

Payout A: $124
Payout B: $156.72

Since $156.72 is greater than $124, the option with the higher expected value is Payout B.",massA=8.22e-05 massB=1,before,0,0.0
p1,88,8,risk,0,62,263,0.33,1.3998,4,True,B,meta-llama/Llama-3.1-8B-Instruct,chat,riskneutral_terse,1,0.05835,0.99984,0,answer,"To determine the expected value of Deal B, we need to multiply the probability of each outcome by its value and then sum these products.

Expected value of Deal B = (0.33 * $263) + (0.67 * $0)
Expected value of Deal B = $86.59 + $0
Expected value of Deal B = $86.59

Now, let's compare the expected value of Deal B with the value of Deal A. Deal A offers $62 with certainty, which is higher than the expected value of Deal B ($86.59).",massA=0.942 massB=0.0583,before,0,0.0
p1,46,4,risk,0,29,71,0.55,1.3466,3,True,B,meta-llama/Llama-3.1-8B-Instruct,chat,riskneutral_terse,1,0.99867,0.99994,0,answer,"To determine the expected value of Payout B, we need to multiply the probability of each outcome by its value and then sum these products.

Expected value of Payout B = (0.55 * $71) + (0.45 * $0)
Expected value of Payout B = $39.05 + $0
Expected value of Payout B = $39.05

Now, let's compare the expected value of Payout B ($39.05) with the value of Payout A ($29). Since $39.05 is greater than $29, the option with the higher expected value is Payout B.",massA=0.00132 massB=0.999,before,0,0.0
p1,117,11,risk,0,54,68,0.81,1.02,3,False,A,meta-llama/Llama-3.1-8B-Instruct,chat,riskneutral_terse,1,0.99957,0.99989,0,answer,"To determine the expected value of each payout, we multiply the probability of each outcome by its respective value and then sum these products.

For Payout A:
Expected Value = ($68 * 0.81) + ($0 * 0.19)
Expected Value = $54.78 + $0
Expected Value = $54.78

For Payout B:
Expected Value = ($54 * 1)
Expected Value = $54

Since $54.78 is greater than $54, the payout with the higher expected value is Payout A.",massA=0.999 massB=0.000431,before,0,0.0
p1,335,33,risk,0,142,446,0.53,1.6646,2,False,A,meta-llama/Llama-3.1-8B-Instruct,chat,riskneutral_terse,1,0.99962,0.99996,0,answer,"To determine the expected value of each alternative, we multiply the probability of each outcome by its value and then sum these products.

For Alternative A:
Expected value = ($446 * 0.53) + ($0 * 0.47)
Expected value = $236.18 + $0
Expected value = $236.18

For Alternative B:
Expected value = ($142 * 1)
Expected value = $142

Since $236.18 is greater than $142, the alternative with the higher expected value is Alternative A.",massA=1 massB=0.00038,before,0,0.0
p1,61,6,risk,0,94,101,0.71,0.7629,0,False,A,meta-llama/Llama-3.1-8B-Instruct,chat,riskneutral_terse,1,0.00043,0.99994,0,answer,"To determine the preferred option, we need to calculate the expected value of each option.

For Option A:
Expected value = (Probability of $101) * ($101) + (Probability of $0) * ($0)
Expected value = 0.71 * $101 + 0.29 * $0
Expected value = $71.21

For Option B:
Expected value = (Certainty) * ($94)
Expected value = $94

Since $71.21 is less than $94, we should choose the option with the higher expected value.",massA=0.000431 massB=1,before,0,0.0
p1,66,6,risk,0,94,101,0.71,0.7629,3,True,B,meta-llama/Llama-3.1-8B-Instruct,chat,riskneutral_terse,1,0.00103,0.99987,0,answer,"To determine the expected value of Payout B, we need to multiply the probability of each outcome by its value and then sum these products.

Expected value of Payout B = (0.71 * $101) + (0.29 * $0)
Expected value of Payout B = $71.01 + $0
Expected value of Payout B = $71.01

Since the expected value of Payout B ($71.01) is less than the certain payout of Payout A ($94), the option with the higher expected value is Payout A.",massA=0.999 massB=0.00103,before,0,0.0
p1,364,36,risk,0,98,227,0.47,1.0887,2,True,B,meta-llama/Llama-3.1-8B-Instruct,chat,riskneutral_terse,1,0.99988,0.99992,0,answer,"To determine the expected value of each alternative, we need to multiply the probability of each outcome by its value and then sum these products.

For Alternative A, the value is $98 with certainty, so the expected value is $98.

For Alternative B, the value is $227 with 47% probability and $0 with 53% probability. To calculate the expected value, we multiply the probabilities by the respective values and sum them:

Expected value of Alternative B = (0.47 * $227) + (0.53 * $0)
Expected value of Alternative B = $106.29 + $0
Expected value of Alternative B = $106.29

Since $98 is less than $106.29, the alternative with the higher expected value is Alternative B.",massA=0.00012 massB=1,before,0,0.0
p1,31,3,risk,0,46,158,0.33,1.1335,0,False,A,meta-llama/Llama-3.1-8B-Instruct,chat,riskneutral_terse,1,0.99951,0.99993,0,answer,"To determine the preferred option, we need to calculate the expected value of each option.

For Option A:
Expected value = (probability of $158) * ($158) + (probability of $0) * ($0)
Expected value = 0.33 * $158 + 0.67 * $0
Expected value = $52.14

For Option B:
Expected value = (probability of $46) * ($46)
Expected value = 1 * $46
Expected value = $46

Since $52.14 is greater than $46, the option with the higher expected value is Option A.",massA=0.999 massB=0.000488,before,0,0.0
p2,430,14,gain,0,81,201,0.68,1.6874,0,True,B,meta-llama/Llama-3.1-8B-Instruct,chat,riskneutral_terse,1,0.99996,0.99998,0,answer,"To determine the preferred option, we need to calculate the expected value of each option.

For Option A, the expected value is simply the certain gain:
Expected Value of Option A = $81

For Option B, we need to calculate the expected value by multiplying the probability of each outcome by the outcome itself and then summing these products:
Expected Value of Option B = (0.68 * $201) + (0.32 * $0)
Expected Value of Option B = $136.80 + $0
Expected Value of Option B = $136.80

Since $136.80 is greater than $81, the preferred option is the one with the higher expected value.",massA=3.94e-05 massB=1,before,0,0.0
p2,632,21,neutral,0,106,206,0.73,1.4187,1,True,B,meta-llama/Llama-3.1-8B-Instruct,chat,riskneutral_terse,1,0.99955,0.99997,0,answer,"To determine the expected value of each arrangement, we need to calculate the weighted average of the possible outcomes.

For Arrangement A, the expected value is simply the certain amount:
Expected Value A = $106

For Arrangement B, we need to calculate the weighted average of the two possible outcomes:
Expected Value B = ($206 * 0.73) + ($0 * 0.27)
Expected Value B = $150.18

Since $150.18 is greater than $106, the option with the higher expected value is Arrangement B.",massA=0.000451 massB=1,before,0,0.0
p2,283,9,gain,0,49,153,0.26,0.8118,1,False,A,meta-llama/Llama-3.1-8B-Instruct,chat,riskneutral_terse,1,4e-05,0.9999,0,answer,"To determine the expected value of each arrangement, we need to multiply the probability of each outcome by its value and then sum these products.

For Arrangement A:
- 26% chance to gain $153: 0.26 * $153 = $39.78
- 74% chance to gain nothing: 0.74 * $0 = $0
Expected value of Arrangement A: $39.78 + $0 = $39.78

For Arrangement B:
- Certain gain of $49: 1 * $49 = $49
Expected value of Arrangement B: $49

Since $49 is greater than $39.78, the option with the higher expected value is Arrangement B.",massA=3.88e-05 massB=1,before,0,0.0
p2,256,8,gain,0,62,263,0.33,1.3998,3,True,B,meta-llama/Llama-3.1-8B-Instruct,chat,riskneutral_terse,1,0.99993,0.99994,0,answer,"To determine the expected value of each outcome, we need to calculate the average gain by multiplying the probability of each gain by the gain itself and then summing these products.

For Outcome A, the expected value is simply the certain gain:
Expected Value A = $62

For Outcome B, we have two possible gains with their respective probabilities:
Expected Value B = (0.33 * $263) + (0.67 * $0)
Expected Value B = $86.90 + $0
Expected Value B = $86.90

Since Outcome A has an expected value of $62 and Outcome B has an expected value of $86.90, the option with the higher expected value is Outcome B.",massA=6.71e-05 massB=1,before,0,0.0
p2,264,8,mixed,62,62,263,0.33,1.3998,2,True,B,meta-llama/Llama-3.1-8B-Instruct,chat,riskneutral_terse,1,0.99996,0.99992,0,answer,"To determine the expected value of each alternative, we need to calculate the weighted average of the possible outcomes.

For Alternative A, the expected value is simply the initial amount:
Expected Value A = $62

For Alternative B, we have two possible outcomes with their respective probabilities:
Outcome 1: $263 (33% chance)
Outcome 2: $0 (67% chance)

Expected Value B = ($263 * 0.33) + ($0 * 0.67)
Expected Value B = $86.59 + $0
Expected Value B = $86.59

Since $86.59 is greater than $62, the expected value of Alternative B is higher.",massA=4.01e-05 massB=1,before,0,0.0
p2,919,30,gain,0,149,447,0.26,0.78,4,False,A,meta-llama/Llama-3.1-8B-Instruct,chat,riskneutral_terse,1,4e-05,0.99993,0,answer,"To determine the expected value of each term, we need to multiply the probability of each outcome by its value and then sum these products.

For Term A:
- 26% chance to gain $447: 0.26 * $447 = $116.22
- 74% chance to gain nothing: 0.74 * $0 = $0
Expected value of Term A: $116.22

For Term B:
- Certain gain of $149: 1 * $149 = $149
Expected value of Term B: $149

Since $116.22 is less than $149, the term with the higher expected value is Term B.",massA=4.4e-05 massB=1,before,0,0.0
p2,129,4,neutral,0,29,71,0.55,1.3466,4,False,A,meta-llama/Llama-3.1-8B-Instruct,chat,riskneutral_terse,1,0.99974,0.99997,0,answer,"To make a decision, we need to calculate the expected value of each term. The expected value is the sum of the product of each outcome and its probability.

For Term A:
Expected value = ($71 * 0.55) + ($0 * 0.45)
Expected value = $38.95 + $0
Expected value = $38.95

For Term B:
Expected value = ($29 * 1)
Expected value = $29

Since $38.95 is greater than $29, the option with the higher expected value is Term A.",massA=1 massB=0.000261,before,0,0.0
p2,193,6,gain,0,94,101,0.71,0.7629,1,False,A,meta-llama/Llama-3.1-8B-Instruct,chat,riskneutral_terse,1,0.00056,0.99997,0,answer,"To determine the expected value of each arrangement, we need to multiply the probability of each outcome by its value and then sum these products.

For Arrangement A:
- 71% chance to gain $101: 0.71 * $101 = $71.11
- 29% chance to gain nothing: 0.29 * $0 = $0
Expected value of Arrangement A: $71.11 + $0 = $71.11

For Arrangement B:
- Certain gain of $94: 1 * $94 = $94

Now, we compare the expected values:
$71.11 (Arrangement A) vs $94 (Arrangement B)

Since $94 is higher than $71.11, we should choose the arrangement with the higher expected value.",massA=0.000561 massB=0.999,before,0,0.0
p2,575,19,neutral,0,64,122,0.49,0.9341,2,False,A,meta-llama/Llama-3.1-8B-Instruct,chat,riskneutral_terse,1,0.00027,0.99989,0,answer,"To determine the expected value of each alternative, we multiply the value of each outcome by its probability and then sum the results.

For Alternative A:
Expected value = ($122 * 0.49) + ($0 * 0.51)
Expected value = $59.58 + $0
Expected value = $59.58

For Alternative B:
Expected value = ($64 * 1)
Expected value = $64

Since $64 is greater than $59.58, the alternative with the higher expected value is Alternative B.",massA=0.000269 massB=1,before,0,0.0
p2,571,19,neutral,0,64,122,0.49,0.9341,0,False,A,meta-llama/Llama-3.1-8B-Instruct,chat,riskneutral_terse,1,0.00047,0.99991,0,answer,"To determine the preferred option, we need to calculate the expected value of each option.

For Option A:
Expected value = (probability of receiving $122) * ($122) + (probability of receiving $0) * ($0)
Expected value = 0.49 * $122 + 0.51 * $0
Expected value = $59.78

For Option B:
Expected value = (probability of receiving $64) * ($64)
Expected value = 1 * $64
Expected value = $64

Since $59.78 is less than $64, the option with the higher expected value is Option B.",massA=0.000465 massB=0.999,before,0,0.0
p2,1042,34,mixed,52,52,96,0.63,1.1631,1,True,B,meta-llama/Llama-3.1-8B-Instruct,chat,riskneutral_terse,1,0.99996,0.99992,0,answer,"To determine the expected value of each arrangement, we need to calculate the weighted average of the possible outcomes.

For Arrangement A, the expected value is simply the upfront amount:
Expected Value A = $52

For Arrangement B, we need to calculate the weighted average of the possible outcomes:
Expected Value B = (63% chance to rise to $96) * ($96) + (37% chance to drop to $0) * ($0)
Expected Value B = 0.63 * $96 + 0.37 * $0
Expected Value B = $60.48

Since $60.48 is greater than $52, the expected value of Arrangement B is higher.",massA=3.82e-05 massB=1,before,0,0.0
p2,1105,36,mixed,98,98,227,0.47,1.0887,2,False,A,meta-llama/Llama-3.1-8B-Instruct,chat,riskneutral_terse,1,0.99974,0.99987,0,answer,"To determine the better option, we need to calculate the expected value of each alternative.

For Alternative A:
- The probability of gaining $129 is 47% or 0.47.
- The probability of losing $98 is 53% or 0.53.
- The expected value (EV) is calculated as: EV = (probability of gain * amount gained) + (probability of loss * amount lost)
- EV = (0.47 * $129) + (0.53 * -$98)
- EV = $60.58 - $51.94
- EV = $8.64

For Alternative B:
- The expected value is $0 since there's no change.

Comparing the expected values, Alternative A has a higher expected value of $8.64.",massA=1 massB=0.000257,before,0,0.0
p2,1089,36,neutral,0,98,227,0.47,1.0887,4,False,A,meta-llama/Llama-3.1-8B-Instruct,chat,riskneutral_terse,1,0.99964,0.99998,0,answer,"To make a decision, we need to calculate the expected value of each term. The expected value is the sum of the product of each outcome and its probability.

For Term A:
Expected value = ($227 * 0.47) + ($0 * 0.53)
Expected value = $106.49 + $0
Expected value = $106.49

For Term B:
Expected value = ($98 * 1)
Expected value = $98

Since $106.49 is greater than $98, the option with the higher expected value is Term A.",massA=1 massB=0.000363,before,0,0.0
p2,399,13,neutral,0,72,88,0.64,0.7822,4,False,A,meta-llama/Llama-3.1-8B-Instruct,chat,riskneutral_terse,1,0.00011,0.99991,0,answer,"To determine the expected value of each term, we multiply the possible outcomes by their respective probabilities and then sum them up.

For Term A:
Expected value = ($88 * 0.64) + ($0 * 0.36)
Expected value = $56.16 + $0
Expected value = $56.16

For Term B:
Expected value = ($72 * 1)
Expected value = $72

Since $56.16 is less than $72, Term A has a lower expected value. However, we are asked to pick the option with the higher expected value. In this case, Term B has the higher expected value.",massA=0.000106 massB=1,before,0,0.0
p2,1078,35,mixed,91,91,133,0.68,0.9938,4,True,B,meta-llama/Llama-3.1-8B-Instruct,chat,riskneutral_terse,1,0.00048,0.99981,0,answer,"To make a decision, we need to calculate the expected value of each term.

For Term A, the expected value is simply the amount we have upfront: $91.

For Term B, we need to calculate the expected value by multiplying the probability of each outcome by its value and summing them up:

Expected value of Term B = (0.68 * $133) + (0.32 * -$0)
Expected value of Term B = $90.44 + $0
Expected value of Term B = $90.44

Since $91 (Term A) is greater than $90.44 (Term B), we should choose Term A.",massA=0.999 massB=0.00048,before,0,0.0
p2,496,16,gain,0,139,234,0.6,1.0101,3,True,B,meta-llama/Llama-3.1-8B-Instruct,chat,riskneutral_terse,1,0.99999,0.99996,0,answer,"To determine the expected value of each outcome, we need to calculate the weighted average of the possible gains.

For Outcome A, the gain is certain, so the expected value is simply $139.

For Outcome B, we have a 60% chance to gain $234 and a 40% chance to gain nothing. To calculate the expected value, we multiply each possible gain by its probability and then add the results:

Expected value of Outcome B = (0.6 * $234) + (0.4 * $0)
Expected value of Outcome B = $140.40 + $0
Expected value of Outcome B = $140.40

Now, let's compare the expected values of the two outcomes:

Outcome A: $139
Outcome B: $140.40

Since Outcome B has a higher expected value, the answer is",massA=1.47e-05 massB=1,before,0,0.0
p2,443,14,mixed,81,81,201,0.68,1.6874,1,False,A,meta-llama/Llama-3.1-8B-Instruct,chat,riskneutral_terse,1,0.99985,0.99994,0,answer,"To determine the expected value of each arrangement, we need to calculate the weighted sum of the possible outcomes.

For Arrangement A:
- The probability of rising to $201 is 0.68, and the gain is $120.
- The probability of dropping to $0 is 0.32, and the loss is $81.

Expected value of Arrangement A = (0.68 * $201) + (0.32 * -$81)
Expected value of Arrangement A = $136.68 - $25.92
Expected value of Arrangement A = $110.76

For Arrangement B:
- The probability of keeping the $81 is 1 (or 100%), and the gain is $0.

Expected value of Arrangement B = 1 * $81
Expected value of Arrangement B = $81

Since the expected value of Arrangement A ($110.76) is higher than the expected value of Arrangement B ($81), the option with the higher expected value is Arrangement A.",massA=1 massB=0.000149,before,0,0.0
p2,625,20,mixed,186,186,266,0.63,0.901,2,False,A,meta-llama/Llama-3.1-8B-Instruct,chat,riskneutral_terse,1,0.99646,0.99787,0,length_or_eos,"To determine the better option, we need to calculate the expected value of each alternative.

For Alternative A:
Expected value = (Probability of gain * Amount gained) + (Probability of loss * Amount lost)
Expected value = (0.63 * $266) + (0.37 * -$186)
Expected value = $167.38 - $68.82
Expected value = $98.56

For Alternative B:
Expected value = $186 (since there's no change)

Comparing the expected values, Alternative A has a higher expected value ($98.56 vs $186). However, this is not the correct answer because the expected value of Alternative A is less than the expected value of Alternative B.

Upon reevaluation, it's clear that the expected value of Alternative A ($98.56) is indeed higher than the expected value of Alternative B ($186).",massA=0.994 massB=0.00353,before,0,0.0
p2,254,8,gain,0,62,263,0.33,1.3998,2,True,B,meta-llama/Llama-3.1-8B-Instruct,chat,riskneutral_terse,1,0.99976,0.99978,0,answer,"To determine the expected value of each alternative, we need to calculate the average gain.

For Alternative A, the gain is certain, so the expected value is $62.

For Alternative B, we have a 33% chance to gain $263 and a 67% chance to gain nothing. To calculate the expected value, we multiply the gain by the probability and sum the results:

Expected value = ($263 * 0.33) + ($0 * 0.67)
Expected value = $86.79 + $0
Expected value = $86.79

Now, let's compare the expected values of the two alternatives. Alternative A has an expected value of $62, while Alternative B has an expected value of $86.79. Since $86.79 is greater than $62, we should choose Alternative B.",massA=0.000238 massB=1,before,0,0.0
p2,528,17,gain,0,117,362,0.42,1.2995,4,True,B,meta-llama/Llama-3.1-8B-Instruct,chat,riskneutral_terse,1,0.99996,0.99996,0,answer,"To decide which term has a higher expected value, we need to calculate the expected value of each term.

For Term A, the expected value is simply the certain gain:
Expected Value A = $117

For Term B, we need to calculate the expected value by multiplying the probability of each outcome by the outcome itself and then summing these products:
Expected Value B = (0.42 * $362) + (0.58 * $0)
Expected Value B = $152.44 + $0
Expected Value B = $152.44

Since $152.44 is greater than $117, the term with the higher expected value is Term B.",massA=3.71e-05 massB=1,before,0,0.0
p2,276,9,neutral,0,49,153,0.26,0.8118,3,True,B,meta-llama/Llama-3.1-8B-Instruct,chat,riskneutral_terse,1,0.00187,0.9998,0,answer,"To determine the expected value of Outcome B, we need to calculate the weighted average of its possible outcomes. 

Expected value of Outcome B = ($153 * 0.26) + ($0 * 0.74)
Expected value of Outcome B = $39.48 + $0
Expected value of Outcome B = $39.48

Now, let's compare the expected values of Outcome A and Outcome B. 

Expected value of Outcome A = $49 (for certain)
Expected value of Outcome B = $39.48

Since $49 is greater than $39.48, the option with the higher expected value is Outcome A.",massA=0.998 massB=0.00187,before,0,0.0
p2,929,30,mixed,149,149,447,0.26,0.78,4,False,A,meta-llama/Llama-3.1-8B-Instruct,chat,riskneutral_terse,1,0.00051,0.99636,0,length_or_eos,"To make a decision, we need to calculate the expected value of each term.

For Term A:
Expected value = (probability of gain * amount gained) + (probability of loss * amount lost)
Expected value = (0.26 * $298) + (0.74 * -$149)
Expected value = $77.48 - $110.06
Expected value = -$32.58

For Term B:
Expected value = $149 (since there's no change)

Since the expected value of Term A is negative, it's a riskier option. However, we need to compare it with Term B. 

Term A has a higher potential gain ($298) but also a higher potential loss ($149). The expected value of Term A is negative, but the potential gain is higher than the potential loss. 

To make a decision, we need to consider the trade-off between the potential gain and the potential loss. In this case, the potential gain is higher than the potential loss, but the expected value is negative.

However, since we are asked to pick the option with the higher expected value, we should choose the option with the higher expected value. Since Term B has a higher expected value ($149), we should choose Term B.

However, the question asks us to pick the option with the higher expected value, but in this case, Term B has a higher expected value.",massA=0.000509 massB=0.996,before,0,0.0
p2,908,30,neutral,0,149,447,0.26,0.78,4,True,B,meta-llama/Llama-3.1-8B-Instruct,chat,riskneutral_terse,1,0.00061,0.99997,0,answer,"To decide which term to take, we need to calculate the expected value of each term.

For Term A, the expected value is the certain amount: $149.

For Term B, the expected value is the sum of the products of each possible outcome and its probability:
Expected Value = ($447 * 0.26) + ($0 * 0.74)
Expected Value = $115.82 + $0
Expected Value = $115.82

Since $149 is greater than $115.82, the option with the higher expected value is Term A.",massA=0.999 massB=0.000607,before,0,0.0
p2,207,6,mixed,94,94,101,0.71,0.7629,3,False,A,meta-llama/Llama-3.1-8B-Instruct,chat,riskneutral_terse,1,9e-05,0.99993,0,answer,"To determine the expected value of each outcome, we need to calculate the weighted sum of the possible outcomes.

For Outcome A:
- 71% chance to rise to $101: 0.71 * $101 = $71.21
- 29% chance to drop to $0: 0.29 * $0 = $0
Expected value of Outcome A: $71.21 + $0 = $71.21

For Outcome B:
- 100% chance to keep $94: 1 * $94 = $94

Now, let's compare the expected values:
Outcome A: $71.21
Outcome B: $94

Outcome B has a higher expected value, so the choice is",massA=9.17e-05 massB=1,before,0,0.0
p2,601,20,neutral,0,186,266,0.63,0.901,0,False,A,meta-llama/Llama-3.1-8B-Instruct,chat,riskneutral_terse,1,0.00024,0.99988,0,answer,"To determine the preferred option, we need to calculate the expected value of each option.

For Option A:
Expected value = (Probability of receiving $266) * ($266) + (Probability of receiving $0) * ($0)
Expected value = 0.63 * $266 + 0.37 * $0
Expected value = $167.18

For Option B:
Expected value = $186 (since it's a certain payment)

Since $167.18 is less than $186, the option with the higher expected value is Option B.",massA=0.000238 massB=1,before,0,0.0
p2,317,10,gain,0,111,278,0.58,1.4526,3,False,A,meta-llama/Llama-3.1-8B-Instruct,chat,riskneutral_terse,1,0.99988,0.99991,0,answer,"To determine the expected value of each outcome, we need to multiply the probability of each gain by the gain itself and then sum these products.

For Outcome A:
Expected value = (0.58 * $278) + (0.42 * $0)
Expected value = $161.24 + $0
Expected value = $161.24

For Outcome B:
Expected value = $111

Outcome A has a higher expected value ($161.24) compared to Outcome B ($111).",massA=1 massB=0.000118,before,0,0.0
p2,1069,35,gain,0,91,133,0.68,0.9938,4,False,A,meta-llama/Llama-3.1-8B-Instruct,chat,riskneutral_terse,1,2e-05,0.99995,0,answer,"To determine the expected value of each term, we need to multiply the probability of each outcome by its value and then sum these products.

For Term A:
Expected value = (0.68 * $133) + (0.32 * $0)
Expected value = $90.44 + $0
Expected value = $90.44

For Term B:
Expected value = $91 (since it's a certain gain)

Since $91 is greater than $90.44, the option with the higher expected value is Term B.",massA=1.59e-05 massB=1,before,0,0.0
p2,1035,34,gain,0,52,96,0.63,1.1631,2,False,A,meta-llama/Llama-3.1-8B-Instruct,chat,riskneutral_terse,1,0.99906,0.99993,0,answer,"To determine the expected value of each alternative, we need to multiply the probability of each outcome by its value and then sum these products.

For Alternative A:
Expected value = (0.63 * $96) + (0.37 * $0)
Expected value = $60.80 + $0
Expected value = $60.80

For Alternative B:
Expected value = $52

Since $60.80 is greater than $52, the alternative with the higher expected value is Alternative A.",massA=0.999 massB=0.00094,before,0,0.0
p2,475,15,mixed,82,82,113,0.74,1.0198,2,False,A,meta-llama/Llama-3.1-8B-Instruct,chat,riskneutral_terse,1,0.99912,0.9999,0,answer,"To determine the better option, we need to calculate the expected value of each alternative.

For Alternative A:
Expected value = (probability of gain * amount gained) + (probability of loss * amount lost)
Expected value = (0.74 * $31) + (0.26 * -$82)
Expected value = $22.94 - $21.32
Expected value = $1.62

For Alternative B:
Expected value = $82 (since there's no change)

Since $1.62 is greater than $82, Alternative A has a higher expected value.",massA=0.999 massB=0.000883,before,0,0.0
p2,610,20,gain,0,186,266,0.63,0.901,0,True,B,meta-llama/Llama-3.1-8B-Instruct,chat,riskneutral_terse,1,0.00023,0.99992,0,answer,"To determine the expected value of each option, we need to calculate the weighted average of the possible outcomes.

For Option A, the expected value is simply the certain gain:
Expected Value of A = $186

For Option B, we need to calculate the weighted average of the possible outcomes:
Expected Value of B = (63% * $266) + (37% * $0)
Expected Value of B = (0.63 * $266) + (0.37 * $0)
Expected Value of B = $167.18 + $0
Expected Value of B = $167.18

Since $186 is greater than $167.18, the option with the higher expected value is Option A.",massA=1 massB=0.000234,before,0,0.0
p2,1269,34,dominant,0,52,110,1.0,2.1154,3,False,A,meta-llama/Llama-3.1-8B-Instruct,chat,riskneutral_terse,1,0.99982,0.99986,0,answer,"To make a decision, we need to compare the expected values of the two outcomes. 

Outcome A: $110 for certain (no uncertainty or risk involved)
Outcome B: $52 for certain (no uncertainty or risk involved)

Since both outcomes are certain, we can directly compare the values. Outcome A has a higher value of $110 compared to Outcome B's value of $52.",massA=1 massB=0.00018,before,0,0.0
p2,243,8,neutral,0,62,263,0.33,1.3998,1,False,A,meta-llama/Llama-3.1-8B-Instruct,chat,riskneutral_terse,1,0.99924,0.99991,0,answer,"To determine which arrangement has a higher expected value, we need to calculate the expected value for each arrangement.

For Arrangement A:
Expected value = (probability of receiving $263) * ($263) + (probability of receiving $0) * ($0)
Expected value = 0.33 * $263 + 0.67 * $0
Expected value = $86.59

For Arrangement B:
Expected value = (probability of receiving $62) * ($62)
Expected value = 1 * $62
Expected value = $62

Since $86.59 is greater than $62, the arrangement with the higher expected value is Arrangement A.",massA=0.999 massB=0.000755,before,0,0.0
p2,416,13,mixed,72,72,88,0.64,0.7822,3,True,B,meta-llama/Llama-3.1-8B-Instruct,chat,riskneutral_terse,1,0.00048,0.99983,0,answer,"To determine the expected value of each outcome, we need to calculate the weighted average of the possible outcomes.

For Outcome A, the expected value is simply the amount we have: $72.

For Outcome B, we have a 64% chance to gain $16 and a 36% chance to lose $72. 

Expected value of Outcome B = (0.64 * $88) + (0.36 * -$72)
Expected value of Outcome B = $56.32 - $25.92
Expected value of Outcome B = $30.40

Since $72 (Outcome A) is greater than $30.40 (Outcome B), we should choose Outcome A.",massA=0.999 massB=0.00048,before,0,0.0
p2,1241,20,dominant,0,186,229,1.0,1.2312,2,False,A,meta-llama/Llama-3.1-8B-Instruct,chat,riskneutral_terse,1,0.9995,0.99993,0,answer,"To determine the better option, we need to compare the two alternatives. 

Alternative A offers a certain amount of $229. 
Alternative B offers a certain amount of $186.

Since $229 is greater than $186, the option with the higher expected value is Alternative A.",massA=0.999 massB=0.000495,before,0,0.0
p2,580,19,gain,0,64,122,0.49,0.9341,0,True,B,meta-llama/Llama-3.1-8B-Instruct,chat,riskneutral_terse,1,0.00023,0.99997,0,answer,"To determine the preferred option, we need to calculate the expected value of each option.

For Option A, the expected value is simply the certain gain:
Expected Value A = $64

For Option B, we need to calculate the expected value by multiplying the probability of each outcome by its value and summing the results:
Expected Value B = (0.49 * $122) + (0.51 * $0)
Expected Value B = $59.58 + $0
Expected Value B = $59.58

Since $64 (Expected Value A) is greater than $59.58 (Expected Value B), the preferred option is",massA=1 massB=0.000234,before,0,0.0
p2,612,20,gain,0,186,266,0.63,0.901,1,True,B,meta-llama/Llama-3.1-8B-Instruct,chat,riskneutral_terse,1,0.00038,0.99995,0,answer,"To determine the expected value of each arrangement, we need to calculate the weighted average of the possible outcomes.

For Arrangement A, the expected value is simply the certain gain:
Expected Value A = $186

For Arrangement B, we need to calculate the weighted average of the possible outcomes:
Expected Value B = ($266 * 0.63) + ($0 * 0.37)
Expected Value B = $167.58 + $0
Expected Value B = $167.58

Since $186 is greater than $167.58, the arrangement with the higher expected value is Arrangement A.",massA=1 massB=0.00038,before,0,0.0
p2,478,15,mixed,82,82,113,0.74,1.0198,4,True,B,meta-llama/Llama-3.1-8B-Instruct,chat,riskneutral_terse,1,0.99984,0.99982,0,answer,"To make a decision, we need to calculate the expected value of each term.

For Term A, the expected value is simply the amount we have upfront: $82.

For Term B, we need to calculate the expected value by multiplying the probability of each outcome by its value and then summing these products.

Expected value of Term B = (0.74 * $113) + (0.26 * -$82)
Expected value of Term B = $83.62 - $21.32
Expected value of Term B = $62.30

Since the expected value of Term B ($62.30) is higher than the expected value of Term A ($82), we should choose Term B.",massA=0.000158 massB=1,before,0,0.0
p2,938,31,neutral,0,51,151,0.29,0.8586,4,True,B,meta-llama/Llama-3.1-8B-Instruct,chat,riskneutral_terse,1,0.00087,0.99994,0,answer,"To make a decision, we need to calculate the expected value of each term. The expected value is the sum of the product of each outcome and its probability.

For Term A, the expected value is $51 (since it's a certain outcome).

For Term B, the expected value is:
($151 * 0.29) + ($0 * 0.71) = $44.09 + $0 = $44.09

Since $51 (Term A) is greater than $44.09 (Term B), the option with the higher expected value is Term A.",massA=0.999 massB=0.000869,before,0,0.0
p2,343,11,gain,0,54,68,0.81,1.02,1,False,A,meta-llama/Llama-3.1-8B-Instruct,chat,riskneutral_terse,1,0.99913,0.99991,0,answer,"To determine the expected value of each arrangement, we need to multiply the probability of each outcome by its value and then sum these products.

For Arrangement A:
- 81% chance to gain $68: 0.81 * $68 = $54.88
- 19% chance to gain nothing: 0.19 * $0 = $0
Expected value of Arrangement A: $54.88 + $0 = $54.88

For Arrangement B:
- Certain gain of $54: $54

Since $54.88 is greater than $54, the arrangement with the higher expected value is Arrangement A.",massA=0.999 massB=0.000869,before,0,0.0
p2,1159,38,gain,0,183,609,0.38,1.2646,4,False,A,meta-llama/Llama-3.1-8B-Instruct,chat,riskneutral_terse,1,0.99963,0.99997,0,answer,"To determine the expected value of each term, we need to multiply the probability of each outcome by its value and then sum these products.

For Term A:
Expected value = (0.38 * $609) + (0.62 * $0)
Expected value = $231.42 + $0
Expected value = $231.42

For Term B:
Expected value = $183

Since $231.42 is greater than $183, the option with the higher expected value is Term A.",massA=1 massB=0.000374,before,0,0.0
p2,449,14,mixed,81,81,201,0.68,1.6874,4,False,A,meta-llama/Llama-3.1-8B-Instruct,chat,riskneutral_terse,1,0.99992,0.99993,0,answer,"To make a decision, we need to calculate the expected value of each term.

For Term A:
Expected value = (probability of rising to $201) * (amount if rising) + (probability of dropping to $0) * (amount if dropping)
Expected value = (0.68) * ($201) + (0.32) * ($0)
Expected value = $136.80 + $0
Expected value = $136.80

For Term B:
Expected value = (probability of keeping the amount) * (amount if keeping)
Expected value = (1) * ($81)
Expected value = $81

Since $136.80 is greater than $81, the option with the higher expected value is Term A.",massA=1 massB=7.72e-05,before,0,0.0
p2,1164,38,mixed,183,183,609,0.38,1.2646,2,True,B,meta-llama/Llama-3.1-8B-Instruct,chat,riskneutral_terse,1,0.99988,0.99991,0,answer,"To determine the expected value of each alternative, we need to calculate the weighted sum of the possible outcomes.

For Alternative A, the expected value is simply the initial amount:
Expected Value A = $183

For Alternative B, we have two possible outcomes with their respective probabilities:
Outcome 1: $609 with 38% probability
Outcome 2: $0 with 62% probability

Expected Value B = ($609 * 0.38) + ($0 * 0.62)
Expected Value B = $231.22 + $0
Expected Value B = $231.22

Since $231.22 is greater than $183, the expected value of Alternative B is higher.",massA=0.00012 massB=1,before,0,0.0
p2,1086,36,neutral,0,98,227,0.47,1.0887,3,True,B,meta-llama/Llama-3.1-8B-Instruct,chat,riskneutral_terse,1,0.99983,0.99994,0,answer,"To determine the expected value of Outcome B, we need to multiply the probability of each outcome by its value and then sum these products.

Expected value of Outcome B = (0.47 * $227) + (0.53 * $0)
Expected value of Outcome B = $106.69 + $0
Expected value of Outcome B = $106.69

Now, let's compare the expected value of Outcome B with the certain value of Outcome A.

Outcome A: $98 (certain)
Outcome B: $106.69 (expected value)

Since $106.69 is greater than $98, the option with the higher expected value is Outcome B.",massA=0.000174 massB=1,before,0,0.0
p2,344,11,gain,0,54,68,0.81,1.02,2,True,B,meta-llama/Llama-3.1-8B-Instruct,chat,riskneutral_terse,1,0.99977,0.99995,0,answer,"To determine the expected value of each alternative, we need to calculate the weighted sum of the possible outcomes.

For Alternative A, the expected value is simply the certain gain:
Expected Value A = $54

For Alternative B, we need to calculate the weighted sum of the possible outcomes:
Expected Value B = (81% * $68) + (19% * $0)
Expected Value B = (0.81 * $68) + (0.19 * $0)
Expected Value B = $54.88

Since $54.88 is greater than $54, the alternative with the higher expected value is Alternative B.",massA=0.000234 massB=1,before,0,0.0
p2,266,8,mixed,62,62,263,0.33,1.3998,3,True,B,meta-llama/Llama-3.1-8B-Instruct,chat,riskneutral_terse,1,0.99987,0.99983,0,answer,"To make a decision, we need to calculate the expected value of each outcome. 

Expected value (EV) is calculated by multiplying the probability of each outcome by its value and then summing these products.

For Outcome A, the value is $62 and the probability is 100% (or 1). So, the expected value is:
EV_A = $62 * 1 = $62

For Outcome B, the value is either $263 with a 33% chance or $0 with a 67% chance. So, the expected value is:
EV_B = ($263 * 0.33) + ($0 * 0.67)
EV_B = $86.59 + $0
EV_B = $86.59

Since $86.59 is greater than $62, the expected value of Outcome B is higher.",massA=0.000127 massB=1,before,0,0.0
p2,1026,34,neutral,0,52,96,0.63,1.1631,3,True,B,meta-llama/Llama-3.1-8B-Instruct,chat,riskneutral_terse,1,0.97998,0.99986,0,answer,"To determine the expected value of Outcome B, we need to multiply the probability of each outcome by its value and then sum these products.

Expected value of Outcome B = (63% * $96) + (37% * $0)
Expected value of Outcome B = (0.63 * $96) + (0.37 * $0)
Expected value of Outcome B = $60.48 + $0
Expected value of Outcome B = $60.48

Now, let's compare the expected value of Outcome B with the value of Outcome A. Outcome A is $52 for certain, which is less than the expected value of Outcome B ($60.48).",massA=0.02 massB=0.98,before,0,0.0
p2,1108,36,mixed,98,98,227,0.47,1.0887,4,True,B,meta-llama/Llama-3.1-8B-Instruct,chat,riskneutral_terse,1,0.99997,0.99983,0,answer,"To make a decision, we need to calculate the expected value of each term.

For Term A, the expected value is simply the amount we have upfront: $98.

For Term B, we need to calculate the expected value of the two possible outcomes and then take a weighted average based on their probabilities.

Outcome 1: 47% chance to rise to $227
Expected value of outcome 1 = (0.47) * ($227) = $106.49

Outcome 2: 53% chance to drop to $0
Expected value of outcome 2 = (0.53) * ($0) = $0

Expected value of Term B = Expected value of outcome 1 + Expected value of outcome 2
= $106.49 + $0
= $106.49

Now, let's compare the expected values of Term A and Term B. The expected value of Term A is $98, while the expected value of Term B is $106.49. Since $106.49 is higher than $98, we should choose Term B.",massA=3.17e-05 massB=1,before,0,0.0
p2,1262,31,dominant,0,51,73,1.0,1.4314,1,True,B,meta-llama/Llama-3.1-8B-Instruct,chat,riskneutral_terse,1,0.99994,0.99987,0,answer,"In this scenario, both arrangements are certain, meaning there's no risk involved. 

Since Arrangement A offers $51 for certain and Arrangement B offers $73 for certain, the higher expected value is $73. 

Therefore, the option with the higher expected value is Arrangement B.",massA=6.11e-05 massB=1,before,0,0.0
p2,184,6,neutral,0,94,101,0.71,0.7629,2,True,B,meta-llama/Llama-3.1-8B-Instruct,chat,riskneutral_terse,1,0.00173,0.9999,0,answer,"To determine the expected value of Alternative B, we need to multiply the probability of each outcome by its value and then sum these products.

Expected value of Alternative B = (0.71 * $101) + (0.29 * $0)
Expected value of Alternative B = $71.01 + $0
Expected value of Alternative B = $71.01

Now, let's compare the expected values of Alternative A and Alternative B. 

Expected value of Alternative A = $94
Expected value of Alternative B = $71.01

Since $94 is greater than $71.01, the alternative with the higher expected value is Alternative A.",massA=0.998 massB=0.00173,before,0,0.0
p2,586,19,gain,0,64,122,0.49,0.9341,3,True,B,meta-llama/Llama-3.1-8B-Instruct,chat,riskneutral_terse,1,0.0002,0.99984,0,answer,"To determine the expected value of each outcome, we need to calculate the average gain for each scenario.

For Outcome A, the gain is certain, so the expected value is simply $64.

For Outcome B, we have a 49% chance to gain $122 and a 51% chance to gain nothing. To calculate the expected value, we multiply the probability of each outcome by its gain and then add the results:

Expected value of Outcome B = (0.49 * $122) + (0.51 * $0)
Expected value of Outcome B = $59.78 + $0
Expected value of Outcome B = $59.78

Now, let's compare the expected values of the two outcomes:

Outcome A: $64
Outcome B: $59.78

Since $64 is greater than $59.78, the option with the higher expected value is Outcome A.",massA=1 massB=0.000203,before,0,0.0
p2,1155,38,gain,0,183,609,0.38,1.2646,2,False,A,meta-llama/Llama-3.1-8B-Instruct,chat,riskneutral_terse,1,0.99909,0.99994,0,answer,"To determine the expected value of each alternative, we need to multiply the probability of each outcome by its value and then sum these products.

For Alternative A:
Expected value = (0.38 * $609) + (0.62 * $0)
Expected value = $231.42 + $0
Expected value = $231.42

For Alternative B:
Expected value = $183

Since $231.42 is greater than $183, the alternative with the higher expected value is Alternative A.",massA=0.999 massB=0.000911,before,0,0.0
p2,485,16,neutral,0,139,234,0.6,1.0101,2,False,A,meta-llama/Llama-3.1-8B-Instruct,chat,riskneutral_terse,1,0.99931,0.99991,0,answer,"To determine the expected value of each alternative, we multiply the probability of each outcome by its value and then sum these products.

For Alternative A:
Expected value = ($234 * 0.6) + ($0 * 0.4)
Expected value = $140.4 + $0
Expected value = $140.4

For Alternative B:
Expected value = $139 (since it's certain)

Since $140.4 is greater than $139, the alternative with the higher expected value is Alternative A.",massA=0.999 massB=0.000688,before,0,0.0
p2,127,4,neutral,0,29,71,0.55,1.3466,3,False,A,meta-llama/Llama-3.1-8B-Instruct,chat,riskneutral_terse,1,0.99956,0.99989,0,answer,"To determine the expected value of each outcome, we multiply the probability of each outcome by its respective value and then sum these products.

For Outcome A:
Expected Value = ($71 * 0.55) + ($0 * 0.45)
Expected Value = $38.95 + $0
Expected Value = $38.95

For Outcome B:
Expected Value = ($29 * 1)
Expected Value = $29

Since $38.95 is greater than $29, the option with the higher expected value is Outcome A.",massA=0.999 massB=0.000444,before,0,0.0
p2,426,14,neutral,0,81,201,0.68,1.6874,3,True,B,meta-llama/Llama-3.1-8B-Instruct,chat,riskneutral_terse,1,0.99988,0.99995,0,answer,"To determine the expected value of Outcome B, we need to multiply the probability of each outcome by its value and then sum these products.

Expected value of Outcome B = (0.68 * $201) + (0.32 * $0)
Expected value of Outcome B = $136.80 + $0
Expected value of Outcome B = $136.80

Now, let's compare the expected value of Outcome B with the certain value of Outcome A.

Expected value of Outcome A = $81
Expected value of Outcome B = $136.80

Since $136.80 is greater than $81, the option with the higher expected value is Outcome B.",massA=0.000118 massB=1,before,0,0.0
p2,251,8,gain,0,62,263,0.33,1.3998,0,False,A,meta-llama/Llama-3.1-8B-Instruct,chat,riskneutral_terse,1,0.99983,0.99995,0,answer,"To determine the preferred option, we need to calculate the expected value of each option.

For Option A:
Expected value = (probability of gaining $263) * ($263) + (probability of gaining nothing) * ($0)
Expected value = (0.33) * ($263) + (0.67) * ($0)
Expected value = $86.59

For Option B:
Expected value = (probability of gaining $62) * ($62)
Expected value = (1) * ($62)
Expected value = $62

Since $86.59 is greater than $62, the preferred option is the one with the higher expected value.",massA=1 massB=0.000169,before,0,0.0
p2,420,14,neutral,0,81,201,0.68,1.6874,0,True,B,meta-llama/Llama-3.1-8B-Instruct,chat,riskneutral_terse,1,0.99985,0.99998,0,answer,"To determine the preferred option, we need to calculate the expected value of each option.

For Option A, the expected value is the payment amount itself, which is $81.

For Option B, the expected value is calculated as follows:
Expected Value = (Probability of $201) * ($201) + (Probability of $0) * ($0)
Expected Value = (0.68) * ($201) + (0.32) * ($0)
Expected Value = $136.80 + $0
Expected Value = $136.80

Since $136.80 is greater than $81, the option with the higher expected value is Option B.",massA=0.000149 massB=1,before,0,0.0
p2,1040,34,mixed,52,52,96,0.63,1.1631,0,True,B,meta-llama/Llama-3.1-8B-Instruct,chat,riskneutral_terse,1,0.99997,0.99993,0,answer,"To determine the preferred option, we need to calculate the expected value of each option.

For Option A, the expected value is simply the amount we have upfront, which is $52.

For Option B, we need to calculate the expected value based on the probabilities and outcomes:

Expected value of Option B = (63% chance to rise to $96) * ($96) + (37% chance to drop to $0) * ($0)
Expected value of Option B = 0.63 * $96 + 0.37 * $0
Expected value of Option B = $60.48

Since $60.48 is higher than $52, we should choose Option B.",massA=3.27e-05 massB=1,before,0,0.0
p2,904,30,neutral,0,149,447,0.26,0.78,2,True,B,meta-llama/Llama-3.1-8B-Instruct,chat,riskneutral_terse,1,0.00165,0.99993,0,answer,"To determine the expected value of each alternative, we need to multiply the probability of each outcome by its value and then sum these products.

For Alternative A, the value is $149 for certain, so the expected value is $149.

For Alternative B, the value is $447 with 26% probability and $0 with 74% probability. To calculate the expected value, we multiply the value by the probability and sum these products:
($447 * 0.26) + ($0 * 0.74) = $116.12 + $0 = $116.12

Now, let's compare the expected values of the two alternatives:
Alternative A: $149
Alternative B: $116.12

Since $149 is greater than $116.12, the alternative with the higher expected value is Alternative A.",massA=0.998 massB=0.00165,before,0,0.0
p2,911,30,gain,0,149,447,0.26,0.78,0,False,A,meta-llama/Llama-3.1-8B-Instruct,chat,riskneutral_terse,1,0.00033,0.99987,0,answer,"To determine the preferred option, we need to calculate the expected value of each option.

For Option A:
Expected value = (probability of gaining $447) * ($447) + (probability of gaining nothing) * ($0)
Expected value = (0.26) * ($447) + (0.74) * ($0)
Expected value = $116.22

For Option B:
Expected value = (probability of gaining $149) * ($149)
Expected value = (1) * ($149)
Expected value = $149

Since $116.22 is less than $149, we should choose the option with the higher expected value, which is Option B.",massA=0.00033 massB=1,before,0,0.0
p2,124,4,neutral,0,29,71,0.55,1.3466,2,True,B,meta-llama/Llama-3.1-8B-Instruct,chat,riskneutral_terse,1,0.99978,0.99995,0,answer,"To determine the expected value of each alternative, we need to calculate the weighted sum of the possible outcomes.

For Alternative A, the outcome is certain, so the expected value is simply $29.

For Alternative B, the expected value is calculated as follows:
Expected Value = (Probability of $71) * ($71) + (Probability of $0) * ($0)
Expected Value = 0.55 * $71 + 0.45 * $0
Expected Value = $38.85 + $0
Expected Value = $38.85

Now, let's compare the expected values of the two alternatives:
Alternative A: $29
Alternative B: $38.85

Since $38.85 is greater than $29, the alternative with the higher expected value is Alternative B.",massA=0.000217 massB=1,before,0,0.0
p2,147,4,mixed,29,29,71,0.55,1.3466,3,False,A,meta-llama/Llama-3.1-8B-Instruct,chat,riskneutral_terse,1,0.99985,0.99993,0,answer,"To determine the expected value of each outcome, we need to calculate the weighted sum of the possible outcomes.

For Outcome A:
- 55% chance to rise to $71: 0.55 * $71 = $38.85
- 45% chance to drop to $0: 0.45 * $0 = $0
Expected value of Outcome A: $38.85 + $0 = $38.85

For Outcome B:
- 100% chance to keep $29: 1 * $29 = $29
Expected value of Outcome B: $29

Outcome A has a higher expected value ($38.85 vs $29), so the choice is",massA=1 massB=0.000154,before,0,0.0
p2,467,15,gain,0,82,113,0.74,1.0198,3,False,A,meta-llama/Llama-3.1-8B-Instruct,chat,riskneutral_terse,1,0.99991,0.99986,0,answer,"To determine the expected value of each outcome, we need to multiply the probability of each gain by the gain itself and then sum these products.

For Outcome A:
- 74% chance to gain $113: 0.74 * $113 = $83.62
- 26% chance to gain nothing: 0.26 * $0 = $0
Expected value of Outcome A: $83.62 + $0 = $83.62

For Outcome B:
- Certain gain of $82: 1 * $82 = $82

Outcome A has a higher expected value ($83.62 vs $82).",massA=1 massB=9.03e-05,before,0,0.0
p2,310,10,gain,0,111,278,0.58,1.4526,0,True,B,meta-llama/Llama-3.1-8B-Instruct,chat,riskneutral_terse,1,0.99981,0.99999,0,answer,"To determine the preferred option, we need to calculate the expected value of each option.

For Option A, the expected value is simply the certain gain:
Expected Value A = $111

For Option B, we need to calculate the expected value by multiplying the probability of each outcome by its value and summing the results:
Expected Value B = (0.58 * $278) + (0.42 * $0)
Expected Value B = $161.24 + $0
Expected Value B = $161.24

Since $161.24 is greater than $111, the preferred option is",massA=0.000194 massB=1,before,0,0.0
p2,397,13,neutral,0,72,88,0.64,0.7822,3,False,A,meta-llama/Llama-3.1-8B-Instruct,chat,riskneutral_terse,1,0.00066,0.99983,0,answer,"To determine the expected value of each outcome, we multiply the probability of each outcome by its respective value and then sum these products.

For Outcome A:
Expected Value = ($88 * 0.64) + ($0 * 0.36)
Expected Value = $56.16 + $0
Expected Value = $56.16

For Outcome B:
Expected Value = ($72 * 1)
Expected Value = $72

Since $56.16 is less than $72, Outcome B has a higher expected value.",massA=0.000656 massB=0.999,before,0,0.0
p2,626,20,mixed,186,186,266,0.63,0.901,3,True,B,meta-llama/Llama-3.1-8B-Instruct,chat,riskneutral_terse,1,0.00044,0.99982,0,answer,"To determine the expected value of each outcome, we need to calculate the weighted average of the possible outcomes.

For Outcome A, the expected value is simply the amount we have: $186.

For Outcome B, we have a 63% chance to gain $80 and a 37% chance to lose $186. 

Expected value of Outcome B = (0.63 * $266) + (0.37 * -$186)
Expected value of Outcome B = $167.38 - $68.82
Expected value of Outcome B = $98.56

Since $186 (Outcome A) is greater than $98.56 (Outcome B), we should choose Outcome A.",massA=0.999 massB=0.000444,before,0,0.0
p2,943,31,gain,0,51,151,0.29,0.8586,1,False,A,meta-llama/Llama-3.1-8B-Instruct,chat,riskneutral_terse,1,0.00036,0.99966,0,answer,"To determine the expected value of each arrangement, we need to multiply the probability of each outcome by its value and then sum these products.

For Arrangement A:
- 29% chance to gain $151: 0.29 * $151 = $43.99
- 71% chance to gain nothing: 0.71 * $0 = $0
Expected value of Arrangement A: $43.99

For Arrangement B:
- Certain gain of $51: 1 * $51 = $51
Expected value of Arrangement B: $51

Since $43.99 is less than $51, the expected value of Arrangement A is lower than that of Arrangement B. Therefore, we should choose the arrangement with the higher expected value.",massA=0.000362 massB=0.999,before,0,0.0
p2,186,6,neutral,0,94,101,0.71,0.7629,3,True,B,meta-llama/Llama-3.1-8B-Instruct,chat,riskneutral_terse,1,0.00212,0.99986,0,answer,"To determine the expected value of Outcome B, we need to multiply the probabilities by the respective outcomes and then sum them up.

Expected value of Outcome B = ($101 * 0.71) + ($0 * 0.29)
Expected value of Outcome B = $71.21 + $0
Expected value of Outcome B = $71.21

Now, let's compare the expected values of both outcomes. Outcome A has a certain value of $94, while Outcome B has an expected value of $71.21.

Since $94 is greater than $71.21, the option with the higher expected value is Outcome A.",massA=0.998 massB=0.00212,before,0,0.0
p2,274,9,neutral,0,49,153,0.26,0.8118,2,True,B,meta-llama/Llama-3.1-8B-Instruct,chat,riskneutral_terse,1,0.00121,0.99991,0,answer,"To determine the expected value of each alternative, we need to multiply the probability of each outcome by its value and then sum these products.

For Alternative A, the value is $49 for certain, so the expected value is $49.

For Alternative B, the value is $153 with 26% probability and $0 with 74% probability. 
Expected value of Alternative B = ($153 * 0.26) + ($0 * 0.74)
Expected value of Alternative B = $39.78 + $0
Expected value of Alternative B = $39.78

Since $49 is greater than $39.78, the alternative with the higher expected value is Alternative A.",massA=0.999 massB=0.00121,before,0,0.0
p2,503,16,mixed,139,139,234,0.6,1.0101,1,False,A,meta-llama/Llama-3.1-8B-Instruct,chat,riskneutral_terse,1,0.99981,0.9999,0,answer,"To determine the expected value of each arrangement, we need to calculate the weighted sum of the possible outcomes.

For Arrangement A:
- 60% chance to rise to $234: 0.6 * ($234 - $139) = 0.6 * $95 = $57
- 40% chance to drop to $0: 0.4 * ($139 - $139) = 0.4 * $0 = $0
Expected value of Arrangement A: $57 + $0 = $57

For Arrangement B:
- 100% chance to keep $139: 1 * ($139 - $139) = 1 * $0 = $0
Expected value of Arrangement B: $0

Since $57 is greater than $0, the option with the higher expected value is Arrangement A.",massA=1 massB=0.000185,before,0,0.0
p2,937,31,neutral,0,51,151,0.29,0.8586,3,False,A,meta-llama/Llama-3.1-8B-Instruct,chat,riskneutral_terse,1,9e-05,0.99987,0,answer,"To determine the expected value of each outcome, we multiply the value of each outcome by its probability and then sum the results.

For Outcome A:
Expected value = ($151 * 0.29) + ($0 * 0.71)
Expected value = $44.09 + $0
Expected value = $44.09

For Outcome B:
Expected value = ($51 * 1)
Expected value = $51

Since $44.09 is less than $51, the option with the higher expected value is Outcome B.",massA=8.61e-05 massB=1,before,0,0.0
p2,1034,34,gain,0,52,96,0.63,1.1631,2,True,B,meta-llama/Llama-3.1-8B-Instruct,chat,riskneutral_terse,1,0.99982,0.99996,0,answer,"To determine the expected value of each alternative, we need to calculate the weighted sum of the possible outcomes.

For Alternative A, the expected value is simply the certain gain:
Expected Value A = $52

For Alternative B, we need to calculate the weighted sum of the possible outcomes:
Expected Value B = (63% * $96) + (37% * $0)
Expected Value B = 0.63 * $96 + 0.37 * $0
Expected Value B = $60.48

Since $60.48 is greater than $52, we would rather have Alternative B.",massA=0.000182 massB=1,before,0,0.0
p2,959,31,mixed,51,51,151,0.29,0.8586,4,False,A,meta-llama/Llama-3.1-8B-Instruct,chat,riskneutral_terse,1,0.99913,0.99983,0,answer,"To make a decision, we need to calculate the expected value of each term.

For Term A:
Expected value = (probability of rising to $151) * (amount if rising) + (probability of dropping to $0) * (amount if dropping)
Expected value = (0.29) * ($151) + (0.71) * ($0)
Expected value = $43.99 + $0
Expected value = $43.99

For Term B:
Expected value = (probability of keeping the amount) * (amount if keeping)
Expected value = (1) * ($51)
Expected value = $51

Since $43.99 is less than $51, the expected value of Term A is lower than Term B. However, we need to consider the potential for a significant gain in Term A.

To make a decision, we need to weigh the potential gain against the risk of losing everything. In this case, the potential gain of $100 is significant, and the expected value of Term A is still higher than the expected value of Term B.

However, the expected value calculation doesn't account for the risk aversion. If you are risk-averse, you might prefer Term B. But if you are willing to take some risk for a potential high reward, Term A might be a better choice.

Considering the potential for a significant gain, I would choose Term A.",massA=0.999 massB=0.000869,before,0,0.0
p2,272,9,neutral,0,49,153,0.26,0.8118,1,True,B,meta-llama/Llama-3.1-8B-Instruct,chat,riskneutral_terse,1,0.00051,0.99994,0,answer,"To determine the expected value of each arrangement, we need to calculate the weighted average of the possible outcomes.

For Arrangement A, the expected value is $49 since it's a certain outcome.

For Arrangement B, the expected value is calculated as follows:
Expected Value = (Probability of $153) * ($153) + (Probability of $0) * ($0)
Expected Value = (0.26) * ($153) + (0.74) * ($0)
Expected Value = $39.78

Now, let's compare the expected values of both arrangements:
Arrangement A: $49
Arrangement B: $39.78

Since $49 is greater than $39.78, the option with the higher expected value is Arrangement A.",massA=0.999 massB=0.000511,before,0,0.0
p2,279,9,neutral,0,49,153,0.26,0.8118,4,False,A,meta-llama/Llama-3.1-8B-Instruct,chat,riskneutral_terse,1,0.00063,0.99992,0,answer,"To make a decision, we need to calculate the expected value of each term. The expected value is the sum of the product of each outcome and its probability.

For Term A:
Expected value = ($153 * 0.26) + ($0 * 0.74)
Expected value = $39.58 + $0
Expected value = $39.58

For Term B:
Expected value = ($49 * 1)
Expected value = $49

Since $39.58 is less than $49, Term B has a higher expected value.",massA=0.000626 massB=0.999,before,0,0.0
p2,522,17,gain,0,117,362,0.42,1.2995,1,True,B,meta-llama/Llama-3.1-8B-Instruct,chat,riskneutral_terse,1,0.99996,0.99996,0,answer,"To determine the expected value of each arrangement, we need to calculate the average gain by multiplying the probability of each outcome by its value and summing them up.

For Arrangement A, the expected value is simply the certain gain:
Expected Value A = $117

For Arrangement B, the expected value is the sum of the products of the probabilities and the gains:
Expected Value B = (0.42 * $362) + (0.58 * $0)
Expected Value B = $152.44 + $0
Expected Value B = $152.44

Since $152.44 is greater than $117, the option with the higher expected value is Arrangement B.",massA=3.71e-05 massB=1,before,0,0.0
p2,332,11,neutral,0,54,68,0.81,1.02,1,True,B,meta-llama/Llama-3.1-8B-Instruct,chat,riskneutral_terse,1,0.99948,0.99993,0,answer,"To determine the expected value of each arrangement, we need to calculate the weighted average of the possible outcomes.

For Arrangement A, the expected value is the certain amount: $54.

For Arrangement B, the expected value is the sum of the products of each outcome and its probability:
($68 * 0.81) + ($0 * 0.19) = $54.88 + $0 = $54.88

Since $54.88 is greater than $54, the arrangement with the higher expected value is Arrangement B.",massA=0.000519 massB=0.999,before,0,0.0
p2,297,9,mixed,49,49,153,0.26,0.8118,3,False,A,meta-llama/Llama-3.1-8B-Instruct,chat,riskneutral_terse,1,0.99965,0.99989,0,answer,"To make a decision, we need to calculate the expected value of each outcome. 

Expected value (EV) is calculated by multiplying the probability of each outcome by its value and then summing these products.

For Outcome A:
- Probability of rising to $153: 26%
- Value if rising to $153: $153
- Probability of dropping to $0: 74%
- Value if dropping to $0: -$49 (loss of $49)

Expected value of Outcome A = (0.26 * $153) + (0.74 * -$49)
Expected value of Outcome A = $39.78 - $36.26
Expected value of Outcome A = $3.52

For Outcome B:
- Value: $49

Expected value of Outcome B = $49

Outcome A has a higher expected value ($3.52 vs $49), so we should choose Outcome A.",massA=1 massB=0.000351,before,0,0.0
p2,280,9,gain,0,49,153,0.26,0.8118,0,True,B,meta-llama/Llama-3.1-8B-Instruct,chat,riskneutral_terse,1,0.0004,0.99986,0,answer,"To determine the expected value of each option, we need to calculate the average payment for each option.

For Option A, the payment is certain, so the expected value is simply $49.

For Option B, we need to calculate the expected value by multiplying the probability of each outcome by the payment and then summing these products. 

Expected value of Option B = (0.26 * $153) + (0.74 * $0)
Expected value of Option B = $39.78 + $0
Expected value of Option B = $39.78

Now, let's compare the expected values of the two options. Option A has an expected value of $49, which is higher than the expected value of Option B ($39.78).",massA=0.999 massB=0.000404,before,0,0.0
p2,1073,35,mixed,91,91,133,0.68,0.9938,1,False,A,meta-llama/Llama-3.1-8B-Instruct,chat,riskneutral_terse,1,0.9998,0.99994,0,answer,"To determine the expected value of each arrangement, we need to calculate the weighted sum of the possible outcomes.

For Arrangement A:
- The probability of rising to $133 is 0.68, and the gain is $42.
- The probability of dropping to $0 is 0.32, and the loss is $91.

Expected value of Arrangement A = (0.68 * $133) + (0.32 * -$91)
Expected value of Arrangement A = $90.44 - $29.12
Expected value of Arrangement A = $61.32

For Arrangement B:
- The probability of keeping the $91 is 1 (or 100%), and the gain is $0.

Expected value of Arrangement B = 1 * $91
Expected value of Arrangement B = $91

Since $61.32 is greater than $91, the expected value of Arrangement A is higher.",massA=1 massB=0.0002,before,0,0.0
p2,181,6,neutral,0,94,101,0.71,0.7629,0,False,A,meta-llama/Llama-3.1-8B-Instruct,chat,riskneutral_terse,1,0.91848,0.99914,0,length_or_eos,"To determine the preferred option, we need to calculate the expected value of each option.

For Option A:
Expected value = (Probability of receiving $101) * ($101) + (Probability of receiving $0) * ($0)
Expected value = 0.71 * $101 + 0.29 * $0
Expected value = $71.21

For Option B:
Expected value = $94 (since it's a certain payment)

Comparing the expected values, $71.21 (Option A) is less than $94 (Option B). However, we must consider the probability of receiving $101 in Option A, which is 71%. This higher probability increases the expected value of Option A.

Since the expected value of Option A ($71.21) is still less than Option B ($94), but the probability of receiving $101 in Option A is higher, we need to calculate the expected value of Option A with the $101 payment included.

Expected value of Option A with $101 payment = 0.71 * $101 = $71.21
Expected value of Option A without $101 payment = 0.29 * $0 = $0
Total expected value of Option A = $71.21 + $0 = $71.21

Now, let's compare the total expected value of Option A ($71.21) with the expected value of Option B ($94). Since $71.21 is less than $94, we need to consider the probability of receiving $101 in Option A.

The probability of receiving $101 in Option",massA=0.918 massB=0.0814,before,0,0.0
p2,925,30,mixed,149,149,447,0.26,0.78,2,False,A,meta-llama/Llama-3.1-8B-Instruct,chat,riskneutral_terse,1,7e-05,0.99965,0,answer,"To determine the expected value of each alternative, we need to calculate the weighted sum of the possible outcomes.

For Alternative A:
- 26% chance to rise to $447: 0.26 * $447 = $116.42
- 74% chance to drop to $0: 0.74 * $0 = $0
Expected value of Alternative A: $116.42 - $149 = -$32.58

For Alternative B:
- 100% chance to keep $149: 1 * $149 = $149
Expected value of Alternative B: $149

Since the expected value of Alternative A ($-32.58) is lower than that of Alternative B ($149), the option with the higher expected value is Alternative B.",massA=6.6e-05 massB=1,before,0,0.0
p2,493,16,gain,0,139,234,0.6,1.0101,1,False,A,meta-llama/Llama-3.1-8B-Instruct,chat,riskneutral_terse,1,0.99938,0.99997,0,answer,"To determine the expected value of each arrangement, we need to multiply the probability of each outcome by its value and then sum these products.

For Arrangement A:
Expected value = (0.6 * $234) + (0.4 * $0)
Expected value = $140.4 + $0
Expected value = $140.4

For Arrangement B:
Expected value = $139 (since it's a certain gain)

Since $140.4 is greater than $139, the arrangement with the higher expected value is Arrangement A.",massA=0.999 massB=0.000617,before,0,0.0
p2,208,6,mixed,94,94,101,0.71,0.7629,4,True,B,meta-llama/Llama-3.1-8B-Instruct,chat,riskneutral_terse,1,0.00053,0.99988,0,answer,"To make a decision, we need to calculate the expected value of each term.

For Term A, the expected value is simply the amount we have upfront: $94.

For Term B, we need to calculate the expected value by multiplying the probability of each outcome by its value and then summing these products.

Expected value of Term B = (0.71 * $101) + (0.29 * -$94)
Expected value of Term B = $71.1 - $27.16
Expected value of Term B = $43.94

Since $94 (Term A) is greater than $43.94 (Term B), we should choose Term A.",massA=0.999 massB=0.000527,before,0,0.0
p2,406,13,gain,0,72,88,0.64,0.7822,3,True,B,meta-llama/Llama-3.1-8B-Instruct,chat,riskneutral_terse,1,0.00042,0.99957,0,answer,"To determine the expected value of each outcome, we need to calculate the weighted average of the possible gains.

For Outcome A, the gain is certain, so the expected value is simply $72.

For Outcome B, we have a 64% chance to gain $88 and a 36% chance to gain nothing. To calculate the expected value, we multiply the probability of each outcome by its gain and then add the results:

Expected value of Outcome B = (0.64 * $88) + (0.36 * $0)
Expected value of Outcome B = $56.32 + $0
Expected value of Outcome B = $56.32

Now, let's compare the expected values of the two outcomes. Outcome A has an expected value of $72, while Outcome B has an expected value of $56.32. Since $72 is greater than $56.32, we should choose Outcome A.",massA=0.999 massB=0.000424,before,0,0.0
p2,1062,35,gain,0,91,133,0.68,0.9938,1,True,B,meta-llama/Llama-3.1-8B-Instruct,chat,riskneutral_terse,1,0.00017,0.9999,0,answer,"To determine the expected value of each arrangement, we need to calculate the average gain by multiplying the probability of each outcome by its value and summing them up.

For Arrangement A, the expected value is simply the certain gain:
Expected Value A = $91

For Arrangement B, we have two possible outcomes:
Expected Value B = (68% * $133) + (32% * $0)
Expected Value B = (0.68 * $133) + (0.32 * $0)
Expected Value B = $90.44 + $0
Expected Value B = $90.44

Since $91 (Arrangement A) is greater than $90.44 (Arrangement B), we should choose Arrangement A.",massA=1 massB=0.000171,before,0,0.0
p2,308,10,neutral,0,111,278,0.58,1.4526,4,True,B,meta-llama/Llama-3.1-8B-Instruct,chat,riskneutral_terse,1,0.00506,0.99987,0,answer,"To determine the expected value of Term B, we need to multiply the probability of each outcome by its value and then sum these products.

Expected value of Term B = (0.58 * $278) + (0.42 * $0)
Expected value of Term B = $161.24 + $0
Expected value of Term B = $161.24

Now, let's compare the expected value of Term B with the certain value of Term A.

Expected value of Term B ($161.24) is less than the certain value of Term A ($111).",massA=0.995 massB=0.00506,before,0,0.0
p2,581,19,gain,0,64,122,0.49,0.9341,0,False,A,meta-llama/Llama-3.1-8B-Instruct,chat,riskneutral_terse,1,0.00052,0.99988,0,answer,"To determine the preferred option, we need to calculate the expected value of each option.

For Option A:
Expected value = (probability of gaining $122) * (amount gained) + (probability of gaining nothing) * (amount gained)
Expected value = (0.49) * ($122) + (0.51) * ($0)
Expected value = $59.78

For Option B:
Expected value = (probability of gaining $64) * (amount gained)
Expected value = (1) * ($64)
Expected value = $64

Since $64 is greater than $59.78, the preferred option is the one with the higher expected value.",massA=0.000519 massB=0.999,before,0,0.0
p2,1037,34,gain,0,52,96,0.63,1.1631,3,False,A,meta-llama/Llama-3.1-8B-Instruct,chat,riskneutral_terse,1,0.99964,0.99993,0,answer,"To determine the expected value of each outcome, we need to multiply the probability of each gain by the gain itself and then sum these products.

For Outcome A:
Expected value = (0.63 * $96) + (0.37 * $0)
Expected value = $60.80 + $0
Expected value = $60.80

For Outcome B:
Expected value = $52 (since it's a certain gain)

Since $60.80 is greater than $52, the option with the higher expected value is Outcome A.",massA=1 massB=0.000363,before,0,0.0
p2,647,21,gain,0,106,206,0.73,1.4187,3,False,A,meta-llama/Llama-3.1-8B-Instruct,chat,riskneutral_terse,1,0.9997,0.99984,0,answer,"To determine the expected value of each outcome, we need to multiply the probability of each gain by the gain itself and then sum these products.

For Outcome A:
Expected value = (73% * $206) + (27% * $0)
Expected value = (0.73 * $206) + (0.27 * $0)
Expected value = $150.18 + $0
Expected value = $150.18

For Outcome B:
Expected value = 100% * $106
Expected value = $106

Since $150.18 is greater than $106, the option with the higher expected value is Outcome A.",massA=1 massB=0.000296,before,0,0.0
p2,651,21,mixed,106,106,206,0.73,1.4187,0,False,A,meta-llama/Llama-3.1-8B-Instruct,chat,riskneutral_terse,1,0.9999,0.9999,0,answer,"To determine the preferred option, we need to calculate the expected value of each option.

For Option A:
Expected value = (probability of rising to $206) * (amount if rising) + (probability of dropping to $0) * (amount if dropping)
Expected value = (0.73) * ($206) + (0.27) * ($0)
Expected value = $150.18 + $0
Expected value = $150.18

For Option B:
Expected value = (probability of keeping $106) * (amount if keeping) + (probability of changing) * (amount if changing)
Since there's no change in Option B, the expected value is simply the amount itself.
Expected value = $106

Comparing the expected values, Option A has a higher expected value ($150.18) than Option B ($106).",massA=1 massB=0.000101,before,0,0.0
p2,537,17,mixed,117,117,362,0.42,1.2995,3,False,A,meta-llama/Llama-3.1-8B-Instruct,chat,riskneutral_terse,1,0.99181,0.9997,0,length_or_eos,"To make a decision, we need to calculate the expected value of each outcome. 

Expected value (EV) is calculated by multiplying the probability of each outcome by its value and then summing these products.

For Outcome A:
- Probability of rising to $362: 42%
- Value if rising to $362: $362
- Probability of dropping to $0: 58%
- Value if dropping to $0: -$117 (loss of $117)

Expected value of Outcome A = (0.42 * $362) + (0.58 * -$117)
Expected value of Outcome A = $152.44 - $68.06
Expected value of Outcome A = $84.38

For Outcome B:
- Value: $117 (no change)

Expected value of Outcome B = $117

Outcome A has a higher expected value ($84.38 vs $117).",massA=0.992 massB=0.00819,before,0,0.0
p2,916,30,gain,0,149,447,0.26,0.78,3,True,B,meta-llama/Llama-3.1-8B-Instruct,chat,riskneutral_terse,1,0.00022,0.99985,0,answer,"To determine the expected value of each outcome, we need to calculate the weighted average of the possible gains.

For Outcome A, the gain is certain, so the expected value is simply $149.

For Outcome B, we have a 26% chance to gain $447 and a 74% chance to gain nothing. To calculate the expected value, we multiply the probability of each outcome by its gain and then add the results:

Expected value of Outcome B = (0.26 * $447) + (0.74 * $0)
Expected value of Outcome B = $116.22 + $0
Expected value of Outcome B = $116.22

Now, let's compare the expected values of the two outcomes:

Outcome A: $149
Outcome B: $116.22

Since $149 is greater than $116.22, the option with the higher expected value is Outcome A.",massA=1 massB=0.000223,before,0,0.0
p2,922,30,mixed,149,149,447,0.26,0.78,1,True,B,meta-llama/Llama-3.1-8B-Instruct,chat,riskneutral_terse,1,0.00032,0.99988,0,answer,"To determine the expected value of each arrangement, we need to calculate the weighted average of the possible outcomes.

For Arrangement A, the expected value is simply the upfront payment: $149.

For Arrangement B, the expected value is calculated as follows:

Expected value = (probability of rising to $447) * (amount if rising) + (probability of dropping to $0) * (amount if dropping)
Expected value = (0.26) * ($447) + (0.74) * ($0)
Expected value = $116.22 + $0
Expected value = $116.22

Now, let's compare the expected values of the two arrangements:

Arrangement A: $149
Arrangement B: $116.22

Since $149 is greater than $116.22, the option with the higher expected value is Arrangement A.",massA=1 massB=0.000315,before,0,0.0
p2,314,10,gain,0,111,278,0.58,1.4526,2,True,B,meta-llama/Llama-3.1-8B-Instruct,chat,riskneutral_terse,1,0.99989,0.99997,0,answer,"To determine the expected value of each alternative, we need to calculate the weighted sum of the possible outcomes.

For Alternative A, the expected value is simply the certain gain:
Expected Value A = $111

For Alternative B, we need to calculate the weighted sum of the possible outcomes:
Expected Value B = ($278 * 0.58) + ($0 * 0.42)
Expected Value B = $161.24 + $0
Expected Value B = $161.24

Since $161.24 is greater than $111, we would rather have Alternative B.",massA=0.000111 massB=1,before,0,0.0
p2,268,8,mixed,62,62,263,0.33,1.3998,4,True,B,meta-llama/Llama-3.1-8B-Instruct,chat,riskneutral_terse,1,0.99998,0.99992,0,answer,"To make a decision, we need to calculate the expected value of each term.

For Term A, the expected value is simply the amount we have upfront: $62.

For Term B, we need to calculate the expected value by multiplying the probability of each outcome by its value and summing them up:

Expected value of Term B = (0.33 * $263) + (0.67 * -$0)
Expected value of Term B = $86.89 + $0
Expected value of Term B = $86.89

Since $86.89 is greater than $62, the expected value of Term B is higher.",massA=1.62e-05 massB=1,before,0,0.0
p2,454,15,neutral,0,82,113,0.74,1.0198,2,True,B,meta-llama/Llama-3.1-8B-Instruct,chat,riskneutral_terse,1,0.9998,0.99994,0,answer,"To determine the expected value of Alternative B, we need to multiply the probability of each outcome by its value and then sum these products.

Expected value of Alternative B = (0.74 * $113) + (0.26 * $0)
Expected value of Alternative B = $83.62 + $0
Expected value of Alternative B = $83.62

Now, let's compare the expected values of Alternative A and Alternative B. 

Expected value of Alternative A = $82
Expected value of Alternative B = $83.62

Since the expected value of Alternative B ($83.62) is higher than the expected value of Alternative A ($82), we should choose Alternative B.",massA=0.000203 massB=1,before,0,0.0
p2,611,20,gain,0,186,266,0.63,0.901,0,False,A,meta-llama/Llama-3.1-8B-Instruct,chat,riskneutral_terse,1,0.00039,0.99985,0,answer,"To determine the preferred option, we need to calculate the expected value of each option.

For Option A:
Expected value = (probability of gaining $266) * ($266) + (probability of gaining nothing) * ($0)
Expected value = 0.63 * $266 + 0.37 * $0
Expected value = $167.18

For Option B:
Expected value = (probability of gaining $186) * ($186)
Expected value = 1 * $186
Expected value = $186

Since $167.18 is less than $186, we should choose the option with the higher expected value, which is Option B.",massA=0.000386 massB=0.999,before,0,0.0
p2,480,16,neutral,0,139,234,0.6,1.0101,0,True,B,meta-llama/Llama-3.1-8B-Instruct,chat,riskneutral_terse,1,0.9997,0.99998,0,answer,"To determine the preferred option, we need to calculate the expected value of each option.

For Option A, the expected value is the payment amount itself, which is $139.

For Option B, the expected value is calculated as follows:
Expected Value = (Probability of $234) * ($234) + (Probability of $0) * ($0)
Expected Value = (0.6) * ($234) + (0.4) * ($0)
Expected Value = $140.40

Since $140.40 is greater than $139, the option with the higher expected value is Option B.",massA=0.000301 massB=1,before,0,0.0
p2,629,20,mixed,186,186,266,0.63,0.901,4,False,A,meta-llama/Llama-3.1-8B-Instruct,chat,riskneutral_terse,1,0.99978,0.9999,0,answer,"To make a decision, we need to calculate the expected value of each term.

For Term A:
Expected value = (probability of rising) * (amount if rising) + (probability of dropping) * (amount if dropping)
Expected value = (0.63) * ($266) + (0.37) * ($0)
Expected value = $167.58 + $0
Expected value = $167.58

For Term B:
Expected value = (probability of no change) * (amount if no change)
Expected value = (1) * ($186)
Expected value = $186

Since $167.58 is greater than $186, the expected value of Term A is higher.",massA=1 massB=0.000223,before,0,0.0
p2,446,14,mixed,81,81,201,0.68,1.6874,3,True,B,meta-llama/Llama-3.1-8B-Instruct,chat,riskneutral_terse,1,0.99997,0.99984,0,answer,"To determine the expected value of each outcome, we need to calculate the weighted average of the possible outcomes.

For Outcome A, the expected value is simply the amount we have upfront: $81.

For Outcome B, we have a 68% chance to gain $120 and a 32% chance to lose $81. 

Expected value of Outcome B = (0.68 * $201) + (0.32 * -$81)
Expected value of Outcome B = $136.8 + -$25.92
Expected value of Outcome B = $110.88

Since $110.88 is higher than $81, the option with the higher expected value is Outcome B.",massA=2.71e-05 massB=1,before,0,0.0
p2,194,6,gain,0,94,101,0.71,0.7629,2,True,B,meta-llama/Llama-3.1-8B-Instruct,chat,riskneutral_terse,1,0.00068,0.99996,0,answer,"To determine the expected value of each alternative, we need to calculate the weighted average of the possible outcomes.

For Alternative A, the expected value is simply the certain gain:
Expected Value A = $94

For Alternative B, we need to calculate the weighted average of the possible outcomes:
Expected Value B = (71% * $101) + (29% * $0)
Expected Value B = 0.71 * $101 + 0 * 0.29
Expected Value B = $71.31

Since $94 is greater than $71.31, the alternative with the higher expected value is Alternative A.",massA=0.999 massB=0.000677,before,0,0.0
p2,529,17,gain,0,117,362,0.42,1.2995,4,False,A,meta-llama/Llama-3.1-8B-Instruct,chat,riskneutral_terse,1,0.99961,0.99997,0,answer,"To determine the expected value of each term, we need to multiply the probability of each outcome by its value and then sum these products.

For Term A:
Expected value = (0.42 * $362) + (0.58 * $0)
Expected value = $152.44 + $0
Expected value = $152.44

For Term B:
Expected value = $117

Since $152.44 is greater than $117, the option with the higher expected value is Term A.",massA=1 massB=0.000386,before,0,0.0
p2,1209,4,dominant,0,29,56,1.0,1.931,1,False,A,meta-llama/Llama-3.1-8B-Instruct,chat,riskneutral_terse,1,0.99977,0.99985,0,answer,"In this scenario, both arrangements are certain, meaning there's no risk involved. 

Since Arrangement A offers a higher amount ($56) compared to Arrangement B ($29), the option with the higher expected value is Arrangement A.",massA=1 massB=0.000227,before,0,0.0
p2,318,10,gain,0,111,278,0.58,1.4526,4,True,B,meta-llama/Llama-3.1-8B-Instruct,chat,riskneutral_terse,1,0.99996,0.99997,0,answer,"To decide which term has a higher expected value, we need to calculate the expected value of each term.

For Term A, the expected value is simply the certain gain:
Expected Value A = $111

For Term B, we need to calculate the expected value by multiplying the probability of each outcome by the value of the outcome and then summing these products:
Expected Value B = (0.58 * $278) + (0.42 * $0)
Expected Value B = $161.24 + $0
Expected Value B = $161.24

Since $161.24 is greater than $111, the term with the higher expected value is Term B.",massA=4.26e-05 massB=1,before,0,0.0
p2,1160,38,mixed,183,183,609,0.38,1.2646,0,True,B,meta-llama/Llama-3.1-8B-Instruct,chat,riskneutral_terse,1,0.99984,0.99994,0,answer,"To determine the expected value of each option, we need to calculate the weighted average of the possible outcomes.

For Option A, the expected value is simply the upfront payment:
Expected Value of Option A = $183

For Option B, we need to calculate the weighted average of the possible outcomes:
Expected Value of Option B = (38% * $609) + (62% * -$0)
Expected Value of Option B = (0.38 * $609) + (0.62 * -$0)
Expected Value of Option B = $231.42 + $0
Expected Value of Option B = $231.42

Now, let's compare the expected values of the two options:
Expected Value of Option A = $183
Expected Value of Option B = $231.42

Since the expected value of Option B ($231.42) is higher than the expected value of Option A ($183), we should choose Option B.",massA=0.000156 massB=1,before,0,0.0
p2,1076,35,mixed,91,91,133,0.68,0.9938,3,True,B,meta-llama/Llama-3.1-8B-Instruct,chat,riskneutral_terse,1,0.00056,0.99986,0,answer,"To determine the expected value of each outcome, we need to calculate the weighted average of the possible outcomes.

For Outcome A, the expected value is simply the amount we have upfront: $91.

For Outcome B, we have a 68% chance to gain $42 and a 32% chance to lose $91. 

Expected value of Outcome B = (0.68 * $133) + (0.32 * -$91)
Expected value of Outcome B = $90.44 - $29.12
Expected value of Outcome B = $61.32

Since $61.32 is less than $91, we should choose Outcome A.",massA=0.999 massB=0.000561,before,0,0.0
p2,434,14,gain,0,81,201,0.68,1.6874,2,True,B,meta-llama/Llama-3.1-8B-Instruct,chat,riskneutral_terse,1,0.99992,0.99997,0,answer,"To determine the expected value of each alternative, we need to calculate the weighted sum of the possible outcomes.

For Alternative A, the expected value is simply the certain gain:
Expected Value A = $81

For Alternative B, we need to calculate the weighted sum of the possible outcomes:
Expected Value B = ($201 * 0.68) + ($0 * 0.32)
Expected Value B = $137.08 + $0
Expected Value B = $137.08

Since $137.08 is greater than $81, we would rather have Alternative B.",massA=7.6e-05 massB=1,before,0,0.0
p2,928,30,mixed,149,149,447,0.26,0.78,4,True,B,meta-llama/Llama-3.1-8B-Instruct,chat,riskneutral_terse,1,0.00119,0.99976,0,answer,"To make a decision, we need to calculate the expected value of each term.

For Term A, the expected value is simply the amount we have upfront: $149.

For Term B, we need to calculate the expected value by multiplying the probability of each outcome by its value and summing them up:

Expected value of Term B = (26% chance to rise to $447) + (74% chance to drop to $0)
Expected value of Term B = (0.26 * $447) + (0.74 * $0)
Expected value of Term B = $116.22 + $0
Expected value of Term B = $116.22

Since $116.22 is less than $149, the expected value of Term B is lower than the expected value of Term A.",massA=0.999 massB=0.00119,before,0,0.0
p2,191,6,gain,0,94,101,0.71,0.7629,0,False,A,meta-llama/Llama-3.1-8B-Instruct,chat,riskneutral_terse,1,0.00031,0.99992,0,answer,"To determine the preferred option, we need to calculate the expected value of each option.

For Option A:
Expected value = (probability of gaining $101) * (amount gained) + (probability of gaining nothing) * (amount gained)
Expected value = (0.71) * ($101) + (0.29) * ($0)
Expected value = $71.21

For Option B:
Expected value = (probability of gaining $94) * (amount gained)
Expected value = (1) * ($94)
Expected value = $94

Since $71.21 is less than $94, we should choose the option with the higher expected value, which is Option B.",massA=0.00031 massB=1,before,0,0.0
p2,133,4,gain,0,29,71,0.55,1.3466,1,False,A,meta-llama/Llama-3.1-8B-Instruct,chat,riskneutral_terse,1,0.99924,0.99996,0,answer,"To determine the expected value of each arrangement, we need to multiply the probability of each outcome by its value and then sum these products.

For Arrangement A:
Expected value = (0.55 * $71) + (0.45 * $0)
Expected value = $38.85 + $0
Expected value = $38.85

For Arrangement B:
Expected value = $29

Since $38.85 is greater than $29, the arrangement with the higher expected value is Arrangement A.",massA=0.999 massB=0.000755,before,0,0.0
p2,635,21,neutral,0,106,206,0.73,1.4187,2,False,A,meta-llama/Llama-3.1-8B-Instruct,chat,riskneutral_terse,1,0.99939,0.99994,0,answer,"To determine the expected value of each alternative, we multiply the probability of each outcome by its value and then sum these products.

For Alternative A:
Expected value = ($206 * 0.73) + ($0 * 0.27)
Expected value = $150.18 + $0
Expected value = $150.18

For Alternative B:
Expected value = ($106 * 1)
Expected value = $106

Since $150.18 is greater than $106, the alternative with the higher expected value is Alternative A.",massA=0.999 massB=0.000607,before,0,0.0
p2,536,17,mixed,117,117,362,0.42,1.2995,3,True,B,meta-llama/Llama-3.1-8B-Instruct,chat,riskneutral_terse,1,0.00047,0.99982,0,answer,"To determine the expected value of each outcome, we need to calculate the weighted average of the possible outcomes.

For Outcome A, the expected value is simply the amount we have upfront: $117.

For Outcome B, we have a 42% chance to gain $245 and a 58% chance to lose $117. 

Expected value of Outcome B = (0.42 * $362) + (0.58 * -$117)
Expected value of Outcome B = $152.44 - $67.86
Expected value of Outcome B = $84.58

Since $117 is higher than $84.58, the option with the higher expected value is Outcome A.",massA=0.999 massB=0.000473,before,0,0.0
p2,407,13,gain,0,72,88,0.64,0.7822,3,False,A,meta-llama/Llama-3.1-8B-Instruct,chat,riskneutral_terse,1,6e-05,0.99993,0,answer,"To determine the expected value of each outcome, we need to multiply the probability of each gain by the gain itself and then sum these products.

For Outcome A:
Expected value = (0.64 * $88) + (0.36 * $0)
Expected value = $56.32 + $0
Expected value = $56.32

For Outcome B:
Expected value = $72 (since it's a certain gain)

Since $72 is greater than $56.32, the option with the higher expected value is Outcome B.",massA=5.65e-05 massB=1,before,0,0.0
p2,253,8,gain,0,62,263,0.33,1.3998,1,False,A,meta-llama/Llama-3.1-8B-Instruct,chat,riskneutral_terse,1,0.99969,0.99993,0,answer,"To determine the expected value of each arrangement, we need to multiply the probability of each outcome by its value and then sum these products.

For Arrangement A:
- 33% chance to gain $263: 0.33 * $263 = $86.59
- 67% chance to gain nothing: 0.67 * $0 = $0
Expected value of Arrangement A: $86.59

For Arrangement B:
- Certain gain of $62: 1 * $62 = $62
Expected value of Arrangement B: $62

Since $86.59 is greater than $62, the arrangement with the higher expected value is Arrangement A.",massA=1 massB=0.000305,before,0,0.0
p2,1088,36,neutral,0,98,227,0.47,1.0887,4,True,B,meta-llama/Llama-3.1-8B-Instruct,chat,riskneutral_terse,1,0.99972,0.99998,0,answer,"To decide between the two terms, we need to calculate the expected value of each term.

For Term A, the expected value is $98 for certain, so it's $98.

For Term B, the expected value is calculated as follows:
Expected Value = (Probability of receiving $227) * ($227) + (Probability of receiving $0) * ($0)
Expected Value = (0.47) * ($227) + (0.53) * ($0)
Expected Value = $106.49

Since $106.49 is higher than $98, the option with the higher expected value is Term B.",massA=0.000278 massB=1,before,0,0.0
p2,906,30,neutral,0,149,447,0.26,0.78,3,True,B,meta-llama/Llama-3.1-8B-Instruct,chat,riskneutral_terse,1,0.00157,0.99984,0,answer,"To determine the expected value of Outcome B, we need to calculate the weighted average of its possible outcomes. 

Expected value of Outcome B = ($447 * 0.26) + ($0 * 0.74)
Expected value of Outcome B = $115.82 + $0
Expected value of Outcome B = $115.82

Now, let's compare the expected values of Outcome A and Outcome B. 

Expected value of Outcome A = $149 (certain)
Expected value of Outcome B = $115.82

Since $149 is greater than $115.82, the option with the higher expected value is Outcome A.",massA=0.998 massB=0.00157,before,0,0.0
p2,413,13,mixed,72,72,88,0.64,0.7822,1,False,A,meta-llama/Llama-3.1-8B-Instruct,chat,riskneutral_terse,1,0.0001,0.9997,0,answer,"To determine the expected value of each arrangement, we need to calculate the weighted sum of the possible outcomes.

For Arrangement A:
- The probability of rising to $88 is 64%, or 0.64. The gain is $16, so the weighted gain is 0.64 * $16 = $10.24.
- The probability of dropping to $0 is 36%, or 0.36. The loss is $72, so the weighted loss is 0.36 * -$72 = -$25.92.
- The expected value of Arrangement A is $10.24 - $25.92 = -$15.68.

For Arrangement B:
- The probability of keeping the $72 is 100%, or 1. The gain is $0, so the weighted gain is 1 * $0 = $0.
- The expected value of Arrangement B is $0.

Since the expected value of Arrangement A is -$15.68 and the expected value of Arrangement B is $0, the option with the higher expected value is Arrangement B.",massA=0.000104 massB=1,before,0,0.0
p2,131,4,gain,0,29,71,0.55,1.3466,0,False,A,meta-llama/Llama-3.1-8B-Instruct,chat,riskneutral_terse,1,0.99983,0.99996,0,answer,"To determine the preferred option, we need to calculate the expected value of each option.

For Option A:
Expected value = (probability of gaining $71) * ($71) + (probability of gaining nothing) * ($0)
Expected value = 0.55 * $71 + 0.45 * $0
Expected value = $38.85 + $0
Expected value = $38.85

For Option B:
Expected value = (probability of gaining $29) * ($29)
Expected value = 1 * $29
Expected value = $29

Since $38.85 is greater than $29, the preferred option is the one with the higher expected value.",massA=1 massB=0.000171,before,0,0.0
p2,182,6,neutral,0,94,101,0.71,0.7629,1,True,B,meta-llama/Llama-3.1-8B-Instruct,chat,riskneutral_terse,1,0.00126,0.99998,0,answer,"To determine the expected value of each arrangement, we need to calculate the weighted average of the possible outcomes.

For Arrangement A, the expected value is simply the certain amount:
Expected Value A = $94

For Arrangement B, we multiply each outcome by its probability and add them together:
Expected Value B = ($101 * 0.71) + ($0 * 0.29)
Expected Value B = $71.21 + $0
Expected Value B = $71.21

Now, we compare the expected values:
Expected Value A = $94
Expected Value B = $71.21

Since $94 is greater than $71.21, we should choose the arrangement with the higher expected value.",massA=0.999 massB=0.00126,before,0,0.0
p2,604,20,neutral,0,186,266,0.63,0.901,2,True,B,meta-llama/Llama-3.1-8B-Instruct,chat,riskneutral_terse,1,0.00433,0.99988,0,answer,"To determine the expected value of Alternative B, we need to multiply the probability of each outcome by its value and then sum these products.

Expected value of Alternative B = (0.63 * $266) + (0.37 * $0)
Expected value of Alternative B = $168.18 + $0
Expected value of Alternative B = $168.18

Now, let's compare the expected value of Alternative B with the certain value of Alternative A.

The expected value of Alternative B ($168.18) is less than the certain value of Alternative A ($186).",massA=0.996 massB=0.00433,before,0,0.0
p2,415,13,mixed,72,72,88,0.64,0.7822,2,False,A,meta-llama/Llama-3.1-8B-Instruct,chat,riskneutral_terse,1,0.00046,0.9992,0,answer,"To determine the better option, we need to calculate the expected value of each alternative.

For Alternative A:
Expected value = (probability of rising to $88) * (gain of $16) + (probability of dropping to $0) * (loss of $72)
Expected value = (0.64) * ($16) + (0.36) * (-$72)
Expected value = $10.24 - $25.92
Expected value = -$15.68

For Alternative B:
Expected value = (probability of no change) * (gain of $0)
Expected value = (1) * ($0)
Expected value = $0

Since the expected value of Alternative A is -$15.68 and the expected value of Alternative B is $0, the better option is the one with the higher expected value, which is Alternative B.",massA=0.000458 massB=0.999,before,0,0.0
p2,593,19,mixed,64,64,122,0.49,0.9341,1,False,A,meta-llama/Llama-3.1-8B-Instruct,chat,riskneutral_terse,1,6e-05,0.99958,0,answer,"To determine the expected value of each arrangement, we need to calculate the weighted sum of the possible outcomes.

For Arrangement A:
- The probability of rising to $122 is 49% or 0.49.
- The probability of dropping to $0 is 51% or 0.51.
- The expected value of rising to $122 is 0.49 * $122 = $59.98.
- The expected value of dropping to $0 is 0.51 * $0 = $0.
- The overall expected value of Arrangement A is $59.98 - $64 = -$4.02.

For Arrangement B:
- The expected value is simply the initial amount, which is $64.

Since Arrangement A has a negative expected value (-$4.02), it is lower than Arrangement B ($64). Therefore, the option with the higher expected value is Arrangement B.",massA=5.83e-05 massB=1,before,0,0.0
p2,649,21,gain,0,106,206,0.73,1.4187,4,False,A,meta-llama/Llama-3.1-8B-Instruct,chat,riskneutral_terse,1,0.99964,0.99996,0,answer,"To determine the expected value of each term, we need to multiply the probability of each outcome by its value and then sum these products.

For Term A:
Expected value = (73% * $206) + (27% * $0)
Expected value = (0.73 * $206) + (0.27 * $0)
Expected value = $150.18 + $0
Expected value = $150.18

For Term B:
Expected value = $106

Since $150.18 is greater than $106, the option with the higher expected value is Term A.",massA=1 massB=0.000357,before,0,0.0
p2,490,16,gain,0,139,234,0.6,1.0101,0,True,B,meta-llama/Llama-3.1-8B-Instruct,chat,riskneutral_terse,1,0.99982,0.99996,0,answer,"To determine the preferred option, we need to calculate the expected value of each option.

For Option A, the expected value is simply the certain gain:
Expected Value of Option A = $139

For Option B, we need to calculate the expected value by multiplying the probability of each outcome by its value and summing them up:
Expected Value of Option B = (0.6 * $234) + (0.4 * $0)
Expected Value of Option B = $140.4 + $0
Expected Value of Option B = $140.4

Since $140.4 is greater than $139, the preferred option is the one with the higher expected value.",massA=0.000177 massB=1,before,0,0.0
p2,587,19,gain,0,64,122,0.49,0.9341,3,False,A,meta-llama/Llama-3.1-8B-Instruct,chat,riskneutral_terse,1,0.49219,0.99931,0,answer,"To determine the expected value of each outcome, we need to multiply the probability of each gain by the gain itself and then sum these products.

For Outcome A:
- 49% chance to gain $122: 0.49 * $122 = $59.78
- 51% chance to gain nothing: 0.51 * $0 = $0
Expected value of Outcome A: $59.78 + $0 = $59.78

For Outcome B:
- Certain gain of $64: 1 * $64 = $64
Expected value of Outcome B: $64

Outcome A has a higher expected value ($59.78 vs $64), but since we are choosing the option with the higher expected value, we should choose the option with the higher expected value.",massA=0.492 massB=0.507,before,0,0.0
p2,429,14,neutral,0,81,201,0.68,1.6874,4,False,A,meta-llama/Llama-3.1-8B-Instruct,chat,riskneutral_terse,1,0.99979,0.99998,0,answer,"To make a decision, we need to calculate the expected value of each term. The expected value is the sum of the product of each outcome and its probability.

For Term A:
Expected value = ($201 * 0.68) + ($0 * 0.32)
Expected value = $136.80 + $0
Expected value = $136.80

For Term B:
Expected value = ($81 * 1)
Expected value = $81

Since $136.80 is greater than $81, the option with the higher expected value is Term A.",massA=1 massB=0.00021,before,0,0.0
p2,418,13,mixed,72,72,88,0.64,0.7822,4,True,B,meta-llama/Llama-3.1-8B-Instruct,chat,riskneutral_terse,1,0.99996,0.99991,0,answer,"To make a decision, we need to calculate the expected value of each term.

For Term A, the expected value is simply the amount we have upfront: $72.

For Term B, we need to calculate the expected value by multiplying the probability of each outcome by its value and summing them up:

Expected value of Term B = (0.64 * $88) + (0.36 * -$0)
Expected value of Term B = $56.32 + $0
Expected value of Term B = $56.32

Since $56.32 is greater than $72, we should choose Term B.",massA=3.76e-05 massB=1,before,0,0.0
p2,492,16,gain,0,139,234,0.6,1.0101,1,True,B,meta-llama/Llama-3.1-8B-Instruct,chat,riskneutral_terse,1,0.99994,0.99995,0,answer,"To determine the expected value of each arrangement, we need to calculate the average gain by multiplying the probability of each outcome by its value and summing them up.

For Arrangement A, the expected value is simply the certain gain:
Expected Value A = $139

For Arrangement B, the expected value is the sum of the products of the probabilities and the gains:
Expected Value B = (0.6 * $234) + (0.4 * $0)
Expected Value B = $140.40 + $0
Expected Value B = $140.40

Since $139 is less than $140.40, the arrangement with the higher expected value is Arrangement B.",massA=5.83e-05 massB=1,before,0,0.0
p2,1043,34,mixed,52,52,96,0.63,1.1631,1,False,A,meta-llama/Llama-3.1-8B-Instruct,chat,riskneutral_terse,1,0.99963,0.99989,0,answer,"To determine the expected value of each arrangement, we need to calculate the weighted sum of the possible outcomes.

For Arrangement A:
- The probability of rising to $96 is 63% or 0.63.
- The probability of dropping to $0 is 37% or 0.37.
- The expected value of rising to $96 is $96 * 0.63 = $60.48.
- The expected value of dropping to $0 is $0 * 0.37 = $0.
- The overall expected value of Arrangement A is $60.48 - $52 = $8.48.

For Arrangement B:
- The expected value is simply the initial amount, which is $52.

Since $8.48 is greater than $52, the option with the higher expected value is Arrangement A.",massA=1 massB=0.000368,before,0,0.0
p2,296,9,mixed,49,49,153,0.26,0.8118,3,True,B,meta-llama/Llama-3.1-8B-Instruct,chat,riskneutral_terse,1,0.0005,0.99968,0,answer,"To determine the expected value of each outcome, we need to calculate the weighted average of the possible outcomes.

For Outcome A, the expected value is simply the amount we have upfront: $49.

For Outcome B, we have a 26% chance to gain $104 and a 74% chance to lose $49. 

Expected value of Outcome B = (0.26 * $153) + (0.74 * -$49)
Expected value of Outcome B = $39.78 - $36.26
Expected value of Outcome B = $3.52

Since Outcome A has an expected value of $49 and Outcome B has an expected value of $3.52, Outcome A has a higher expected value.",massA=0.999 massB=0.000495,before,0,0.0
p2,1168,38,mixed,183,183,609,0.38,1.2646,4,True,B,meta-llama/Llama-3.1-8B-Instruct,chat,riskneutral_terse,1,0.00056,0.99988,0,answer,"To make a decision, we need to calculate the expected value of each term.

For Term A, the expected value is simply the amount we have upfront: $183.

For Term B, we need to calculate the expected value by multiplying the probability of each outcome by its value and summing them up:

Expected value of Term B = (0.38 * $609) + (0.62 * -$183)
Expected value of Term B = $231.42 - $113.26
Expected value of Term B = $118.16

Since $183 (Term A) is greater than $118.16 (Term B), we should choose Term A.",massA=0.999 massB=0.000561,before,0,0.0
p2,249,8,neutral,0,62,263,0.33,1.3998,4,False,A,meta-llama/Llama-3.1-8B-Instruct,chat,riskneutral_terse,1,0.99961,0.99997,0,answer,"To make a decision, we need to calculate the expected value of each term. The expected value is the sum of the product of each outcome and its probability.

For Term A:
Expected value = ($263 * 0.33) + ($0 * 0.67)
Expected value = $86.59 + $0
Expected value = $86.59

For Term B:
Expected value = ($62 * 1)
Expected value = $62

Since $86.59 is greater than $62, the option with the higher expected value is Term A.",massA=1 massB=0.000392,before,0,0.0
p2,518,17,neutral,0,117,362,0.42,1.2995,4,True,B,meta-llama/Llama-3.1-8B-Instruct,chat,riskneutral_terse,1,0.99973,0.99998,0,answer,"To decide which term to take, we need to calculate the expected value of each term.

For Term A, the expected value is the certain amount: $117.

For Term B, the expected value is calculated as follows:
Expected Value = (Probability of receiving $362) * ($362) + (Probability of receiving $0) * ($0)
Expected Value = (0.42) * ($362) + (0.58) * ($0)
Expected Value = $152.44

Since $152.44 is higher than $117, the option with the higher expected value is Term B.",massA=0.000274 massB=1,before,0,0.0
p2,289,9,gain,0,49,153,0.26,0.8118,4,False,A,meta-llama/Llama-3.1-8B-Instruct,chat,riskneutral_terse,1,0.00011,0.99987,0,answer,"To determine the expected value of each term, we need to multiply the probability of each outcome by its value and then sum these products.

For Term A:
- 26% chance to gain $153: 0.26 * $153 = $39.78
- 74% chance to gain nothing: 0.74 * $0 = $0
Expected value of Term A: $39.78 + $0 = $39.78

For Term B:
- Certain gain of $49: 1 * $49 = $49

Since $49 is greater than $39.78, Term B has a higher expected value.",massA=0.000114 massB=1,before,0,0.0
p2,914,30,gain,0,149,447,0.26,0.78,2,True,B,meta-llama/Llama-3.1-8B-Instruct,chat,riskneutral_terse,1,0.00037,0.99995,0,answer,"To determine the expected value of each alternative, we need to calculate the weighted sum of the possible outcomes.

For Alternative A, the expected value is simply the certain gain:
Expected Value A = $149

For Alternative B, we need to calculate the weighted sum of the possible outcomes:
Expected Value B = (26% chance to gain $447) + (74% chance to gain nothing)
Expected Value B = (0.26 * $447) + (0.74 * $0)
Expected Value B = $116.22 + $0
Expected Value B = $116.22

Since $149 (Alternative A) is greater than $116.22 (Alternative B), the alternative with the higher expected value is Alternative A.",massA=1 massB=0.000374,before,0,0.0
p2,640,21,gain,0,106,206,0.73,1.4187,0,True,B,meta-llama/Llama-3.1-8B-Instruct,chat,riskneutral_terse,1,0.99985,0.99993,0,answer,"To determine the expected value of each option, we need to calculate the weighted average of the possible outcomes.

For Option A, the expected value is simply the certain gain:
Expected Value of A = $106

For Option B, we need to calculate the weighted average of the possible outcomes:
Expected Value of B = (73% * $206) + (27% * $0)
Expected Value of B = 0.73 * $206 + 0.27 * $0
Expected Value of B = $150.02

Since $150.02 is greater than $106, the expected value of Option B is higher.",massA=0.000149 massB=1,before,0,0.0
p2,470,15,mixed,82,82,113,0.74,1.0198,0,True,B,meta-llama/Llama-3.1-8B-Instruct,chat,riskneutral_terse,1,0.99997,0.99991,0,answer,"To determine the preferred option, we need to calculate the expected value of each option.

For Option A, the expected value is simply the amount we have upfront, which is $82.

For Option B, we need to calculate the expected value based on the probabilities and outcomes:

Expected value of Option B = (Probability of rising to $113) * (Amount if we rise to $113) + (Probability of dropping to $0) * (Amount if we drop to $0)
Expected value of Option B = (0.74) * ($113) + (0.26) * ($0)
Expected value of Option B = $83.62 + $0
Expected value of Option B = $83.62

Since $83.62 is greater than $82, we should choose Option B.",massA=2.59e-05 massB=1,before,0,0.0
p2,463,15,gain,0,82,113,0.74,1.0198,1,False,A,meta-llama/Llama-3.1-8B-Instruct,chat,riskneutral_terse,1,0.99964,0.99994,0,answer,"To determine the expected value of each arrangement, we need to multiply the probability of each outcome by its value and then sum these products.

For Arrangement A:
- 74% chance to gain $113: 0.74 * $113 = $83.62
- 26% chance to gain nothing: 0.26 * $0 = $0
Expected value of Arrangement A: $83.62 + $0 = $83.62

For Arrangement B:
- Certain gain of $82: 1 * $82 = $82

Since $83.62 is greater than $82, the arrangement with the higher expected value is Arrangement A.",massA=1 massB=0.000357,before,0,0.0
p2,473,15,mixed,82,82,113,0.74,1.0198,1,False,A,meta-llama/Llama-3.1-8B-Instruct,chat,riskneutral_terse,1,0.99966,0.99988,0,answer,"To determine the expected value of each arrangement, we need to calculate the weighted sum of the possible outcomes.

For Arrangement A:
- The probability of rising to $113 is 74%, or 0.74.
- The probability of dropping to $0 is 26%, or 0.26.
- The expected value of rising to $113 is $113 * 0.74 = $83.42.
- The expected value of dropping to $0 is $0 * 0.26 = $0.
- The overall expected value of Arrangement A is $83.42 - $82 = $1.42.

For Arrangement B:
- The expected value is $82, since there's no change.

Since $1.42 is greater than $82, the option with the higher expected value is Arrangement A.",massA=1 massB=0.000335,before,0,0.0
p2,313,10,gain,0,111,278,0.58,1.4526,1,False,A,meta-llama/Llama-3.1-8B-Instruct,chat,riskneutral_terse,1,0.99939,0.99996,0,answer,"To determine the expected value of each arrangement, we need to multiply the probability of each outcome by its value and then sum these products.

For Arrangement A:
Expected value = (0.58 * $278) + (0.42 * $0)
Expected value = $161.24 + $0
Expected value = $161.24

For Arrangement B:
Expected value = $111

Since $161.24 is greater than $111, the arrangement with the higher expected value is Arrangement A.",massA=0.999 massB=0.000607,before,0,0.0
p2,1028,34,neutral,0,52,96,0.63,1.1631,4,True,B,meta-llama/Llama-3.1-8B-Instruct,chat,riskneutral_terse,1,0.99984,0.99998,0,answer,"To decide which term to take, we need to calculate the expected value of each term.

For Term A, the expected value is $52 since it's a certain amount.

For Term B, the expected value is calculated as follows:
Expected Value = (Probability of receiving $96) * ($96) + (Probability of receiving $0) * ($0)
Expected Value = (0.63) * ($96) + (0.37) * ($0)
Expected Value = $60.48

Since $60.48 is greater than $52, the expected value of Term B is higher.",massA=0.000163 massB=1,before,0,0.0
p2,1020,34,neutral,0,52,96,0.63,1.1631,0,True,B,meta-llama/Llama-3.1-8B-Instruct,chat,riskneutral_terse,1,0.9997,0.99998,0,answer,"To determine the preferred option, we need to calculate the expected value of each option.

For Option A, the expected value is the payment amount itself, which is $52.

For Option B, the expected value is calculated as follows:
Expected Value = (Probability of $96) * ($96) + (Probability of $0) * ($0)
Expected Value = (0.63) * ($96) + (0.37) * ($0)
Expected Value = $60.48

Since $60.48 is greater than $52, the option with the higher expected value is Option B.",massA=0.000296 massB=1,before,0,0.0
p2,607,20,neutral,0,186,266,0.63,0.901,3,False,A,meta-llama/Llama-3.1-8B-Instruct,chat,riskneutral_terse,1,0.00014,0.99988,0,answer,"To determine the expected value of each outcome, we multiply the probability of each outcome by its respective value and then sum the results.

For Outcome A:
Expected Value = ($266 * 0.63) + ($0 * 0.37)
Expected Value = $167.18 + $0
Expected Value = $167.18

For Outcome B:
Expected Value = ($186 * 1)
Expected Value = $186

Since $167.18 is less than $186, the option with the higher expected value is Outcome B.",massA=0.000144 massB=1,before,0,0.0
p2,401,13,gain,0,72,88,0.64,0.7822,0,False,A,meta-llama/Llama-3.1-8B-Instruct,chat,riskneutral_terse,1,0.00021,0.99986,0,answer,"To determine the preferred option, we need to calculate the expected value of each option.

For Option A:
Expected value = (probability of gaining $88) * ($88) + (probability of gaining nothing) * ($0)
Expected value = (0.64) * ($88) + (0.36) * ($0)
Expected value = $56.32

For Option B:
Expected value = (probability of gaining $72) * ($72)
Expected value = (1) * ($72)
Expected value = $72

Since $56.32 is less than $72, we should choose the option with the higher expected value, which is Option B.",massA=0.000213 massB=1,before,0,0.0
p2,594,19,mixed,64,64,122,0.49,0.9341,2,True,B,meta-llama/Llama-3.1-8B-Instruct,chat,riskneutral_terse,1,0.9999,0.99986,0,answer,"To determine the expected value of each alternative, we need to calculate the weighted sum of the possible outcomes.

For Alternative A, the expected value is simply the initial amount:
Expected Value A = $64

For Alternative B, we have two possible outcomes with their respective probabilities:
Outcome 1: $122 with 49% probability
Outcome 2: $0 with 51% probability

Expected Value B = ($122 * 0.49) + ($0 * 0.51)
Expected Value B = $59.58 - $0
Expected Value B = $59.58

Since $59.58 is greater than $64, the expected value of Alternative B is higher.",massA=0.000102 massB=1,before,0,0.0
p2,202,6,mixed,94,94,101,0.71,0.7629,1,True,B,meta-llama/Llama-3.1-8B-Instruct,chat,riskneutral_terse,1,0.00027,0.99988,0,answer,"To determine the expected value of each arrangement, we need to calculate the weighted average of the possible outcomes.

For Arrangement A, the expected value is simply the upfront payment: $94.

For Arrangement B, the expected value is calculated as follows:

Expected value = (probability of rising to $101) * (amount if rising) + (probability of dropping to $0) * (amount if dropping)
Expected value = (0.71) * ($101) + (0.29) * ($0)
Expected value = $71.21 + $0
Expected value = $71.21

Now, let's compare the expected values of both arrangements:

Arrangement A: $94
Arrangement B: $71.21

Since $94 is greater than $71.21, the option with the higher expected value is Arrangement A.",massA=1 massB=0.000265,before,0,0.0
p2,460,15,gain,0,82,113,0.74,1.0198,0,True,B,meta-llama/Llama-3.1-8B-Instruct,chat,riskneutral_terse,1,0.99989,0.99979,0,answer,"To determine the expected value of each option, we need to calculate the average payment for each option.

For Option A, the payment is certain, so the expected value is simply $82.

For Option B, we need to calculate the weighted average of the two possible payments. The 74% chance to gain $113 has a weight of 0.74, and the 26% chance to gain nothing has a weight of 0.26. 

Expected value of Option B = (0.74 * $113) + (0.26 * $0)
Expected value of Option B = $83.62 + $0
Expected value of Option B = $83.62

Since $83.62 is greater than $82, the expected value of Option B is higher.",massA=0.000111 massB=1,before,0,0.0
p2,1158,38,gain,0,183,609,0.38,1.2646,4,True,B,meta-llama/Llama-3.1-8B-Instruct,chat,riskneutral_terse,1,0.99999,0.99995,0,answer,"To determine the expected value of each term, we need to multiply the probability of each outcome by its value and then sum these products.

For Term A, the value is $183 with a 100% chance, so the expected value is $183.

For Term B, there are two possible outcomes: a gain of $609 with a 38% chance, and a gain of $0 with a 62% chance. The expected value of Term B is:
(0.38 * $609) + (0.62 * $0)
= $231.42 + $0
= $231.42

Since $183 is less than $231.42, the term with the higher expected value is Term B.",massA=1.45e-05 massB=1,before,0,0.0
p2,628,20,mixed,186,186,266,0.63,0.901,4,True,B,meta-llama/Llama-3.1-8B-Instruct,chat,riskneutral_terse,1,0.00062,0.99973,0,answer,"To make a decision, we need to calculate the expected value of each term.

For Term A, the expected value is simply the amount we have upfront: $186.

For Term B, we need to calculate the expected value of the two possible outcomes and then take a weighted average based on their probabilities.

Outcome 1: 63% chance to rise to $266
Expected value of this outcome: $266 * 0.63 = $167.18

Outcome 2: 37% chance to drop to $0
Expected value of this outcome: $0 * 0.37 = $0

Weighted average of the two outcomes: ($167.18 * 0.63) + ($0 * 0.37) = $105.51

However, this is not the expected value of Term B. We need to consider the fact that if we drop to $0, we lose our initial $186. So, the expected value of Term B should be calculated as follows:

Expected value of Term B = ($266 * 0.63) + (-$186 * 0.37)
Expected value of Term B = $167.18 - $68.22
Expected value of Term B = $98.96

Now, let's compare the expected values of Term A and Term B. The expected value of Term A is $186, while the expected value of Term B is $98.96. Since $186 is greater than $98.96, we should choose Term A.",massA=0.999 massB=0.000616,before,0,0.0
p2,246,8,neutral,0,62,263,0.33,1.3998,3,True,B,meta-llama/Llama-3.1-8B-Instruct,chat,riskneutral_terse,1,0.99984,0.99993,0,answer,"To determine the expected value of each outcome, we need to multiply the probability of each outcome by its value and then sum these products.

For Outcome A, the value is $62 for certain, so the expected value is $62.

For Outcome B, the value is $263 with 33% probability and $0 with 67% probability. 
Expected value of Outcome B = ($263 * 0.33) + ($0 * 0.67)
Expected value of Outcome B = $86.59 + $0
Expected value of Outcome B = $86.59

Since $62 is less than $86.59, the outcome with the higher expected value is Outcome B.",massA=0.000161 massB=1,before,0,0.0
p2,946,31,gain,0,51,151,0.29,0.8586,3,True,B,meta-llama/Llama-3.1-8B-Instruct,chat,riskneutral_terse,1,0.0002,0.9999,0,answer,"To determine the expected value of each outcome, we need to calculate the weighted average of the possible gains.

For Outcome A, the gain is $51 with a 100% chance. So, the expected value is $51.

For Outcome B, there's a 29% chance to gain $151 and a 71% chance to gain nothing. The expected value is calculated as follows:
(0.29 * $151) + (0.71 * $0) = $43.99 + $0 = $43.99

Now, let's compare the expected values:
Outcome A: $51
Outcome B: $43.99

Since $51 is higher than $43.99, the option with the higher expected value is Outcome A.",massA=1 massB=0.000197,before,0,0.0
p2,203,6,mixed,94,94,101,0.71,0.7629,1,False,A,meta-llama/Llama-3.1-8B-Instruct,chat,riskneutral_terse,1,0.99206,0.99982,0,answer,"To determine the expected value of each arrangement, we need to calculate the weighted sum of the possible outcomes.

For Arrangement A:
- The probability of rising to $101 is 71%, or 0.71.
- The probability of dropping to $0 is 29%, or 0.29.
- The expected value of rising to $101 is $101 * 0.71 = $71.21.
- The expected value of dropping to $0 is $0 * 0.29 = $0.
- The overall expected value of Arrangement A is $71.21 - $94 * 0.29 = $71.21 - $27.26 = $43.95.

For Arrangement B:
- The expected value is $94, since there's no change.

Comparing the expected values, Arrangement A has a higher expected value ($43.95 vs $94).",massA=0.992 massB=0.00794,before,0,0.0
p2,1083,36,neutral,0,98,227,0.47,1.0887,1,False,A,meta-llama/Llama-3.1-8B-Instruct,chat,riskneutral_terse,1,0.99926,0.99996,0,answer,"To determine the expected value of each arrangement, we multiply the possible outcomes by their respective probabilities and then sum them up.

For Arrangement A:
Expected value = ($227 * 0.47) + ($0 * 0.53)
Expected value = $106.09 + $0
Expected value = $106.09

For Arrangement B:
Expected value = ($98 * 1)
Expected value = $98

Since $106.09 is greater than $98, the arrangement with the higher expected value is Arrangement A.",massA=0.999 massB=0.000744,before,0,0.0
p2,656,21,mixed,106,106,206,0.73,1.4187,3,True,B,meta-llama/Llama-3.1-8B-Instruct,chat,riskneutral_terse,1,0.99992,0.99989,0,answer,"To determine the expected value of each outcome, we need to calculate the weighted average of the possible outcomes.

For Outcome A, the expected value is simply the amount we have: $106.

For Outcome B, we have a 73% chance to gain $100 and a 27% chance to lose $106. 

Expected value of Outcome B = (0.73 * $206) + (0.27 * -$106)
Expected value of Outcome B = $150.18 - $28.52
Expected value of Outcome B = $121.66

Since $106 (Outcome A) is less than $121.66 (Outcome B), the option with the higher expected value is Outcome B.",massA=8.22e-05 massB=1,before,0,0.0
p2,1167,38,mixed,183,183,609,0.38,1.2646,3,False,A,meta-llama/Llama-3.1-8B-Instruct,chat,riskneutral_terse,1,0.00018,0.99858,0,answer,"To make a decision, we need to calculate the expected value of each outcome. 

Expected value (EV) is calculated by multiplying the probability of each outcome by its value and then summing these products.

For Outcome A:
- Probability of rising to $609: 38%
- Value if rising to $609: $609
- Probability of dropping to $0: 62%
- Value if dropping to $0: -$183 (loss of $183)

Expected value of Outcome A = (0.38 * $609) + (0.62 * -$183)
Expected value of Outcome A = $232.22 - $113.66
Expected value of Outcome A = $118.56

For Outcome B:
- Value: $183

Expected value of Outcome B = $183

Since the expected value of Outcome A ($118.56) is higher than the expected value of Outcome B ($183), we need to reevaluate the calculation for Outcome A.

Expected value of Outcome A = (0.38 * $609) + (0.62 * -$183)
Expected value of Outcome A = $232.22 - $113.66
Expected value of Outcome A = $118.56

However, the calculation for Outcome A is correct. The expected value of Outcome A ($118.56) is indeed lower than the expected value of Outcome B ($183). 

Since the expected value of Outcome A ($118.56) is lower than the expected value of Outcome B ($183), we should choose the outcome with the higher expected value.",massA=0.000182 massB=0.998,before,0,0.0
p2,306,10,neutral,0,111,278,0.58,1.4526,3,True,B,meta-llama/Llama-3.1-8B-Instruct,chat,riskneutral_terse,1,0.99968,0.99994,0,answer,"To determine the expected value of Outcome B, we need to multiply the probability of each outcome by its value and then sum these products.

Expected value of Outcome B = (0.58 * $278) + (0.42 * $0)
Expected value of Outcome B = $161.24 + $0
Expected value of Outcome B = $161.24

Now, let's compare the expected values of Outcome A and Outcome B. Outcome A has a certain value of $111, while Outcome B has an expected value of $161.24.

Since $161.24 is greater than $111, the option with the higher expected value is Outcome B.",massA=0.00032 massB=1,before,0,0.0
p2,136,4,gain,0,29,71,0.55,1.3466,3,True,B,meta-llama/Llama-3.1-8B-Instruct,chat,riskneutral_terse,1,0.99957,0.99971,0,answer,"To determine the expected value of each outcome, we need to calculate the weighted average of the possible gains.

For Outcome A, the gain is certain, so the expected value is simply $29.

For Outcome B, we have a 55% chance to gain $71 and a 45% chance to gain nothing. To calculate the expected value, we multiply each possible gain by its probability and then add the results:

Expected value of Outcome B = (0.55 * $71) + (0.45 * $0)
Expected value of Outcome B = $38.85 + $0
Expected value of Outcome B = $38.85

Now, let's compare the expected values of the two outcomes. Outcome A has an expected value of $29, while Outcome B has an expected value of $38.85. Since $38.85 is greater than $29, we should choose Outcome B.",massA=0.00043 massB=0.999,before,0,0.0
p2,447,14,mixed,81,81,201,0.68,1.6874,3,False,A,meta-llama/Llama-3.1-8B-Instruct,chat,riskneutral_terse,1,0.99988,0.99993,0,answer,"To determine the expected value of each outcome, we need to calculate the weighted sum of the possible outcomes.

For Outcome A:
- 68% chance to rise to $201: 0.68 * $201 = $136.68
- 32% chance to drop to $0: 0.32 * $0 = $0
Expected value of Outcome A: $136.68 + $0 = $136.68

For Outcome B:
- 100% chance to keep $81: 1 * $81 = $81
Expected value of Outcome B: $81

Outcome A has a higher expected value ($136.68 vs $81), so the choice is",massA=1 massB=0.000121,before,0,0.0
p2,1087,36,neutral,0,98,227,0.47,1.0887,3,False,A,meta-llama/Llama-3.1-8B-Instruct,chat,riskneutral_terse,1,0.99938,0.9999,0,answer,"To determine the expected value of each outcome, we multiply the probability of each outcome by its respective value and then sum the results.

For Outcome A:
Expected Value = ($227 * 0.47) + ($0 * 0.53)
Expected Value = $106.09 + $0
Expected Value = $106.09

For Outcome B:
Expected Value = ($98 * 1)
Expected Value = $98

Since $106.09 is greater than $98, the option with the higher expected value is Outcome A.",massA=0.999 massB=0.000617,before,0,0.0
p2,940,31,gain,0,51,151,0.29,0.8586,0,True,B,meta-llama/Llama-3.1-8B-Instruct,chat,riskneutral_terse,1,0.00048,0.99986,0,answer,"To determine the expected value of each option, we need to calculate the average payment for each option.

For Option A, the payment is certain, so the expected value is simply $51.

For Option B, we need to calculate the expected value by multiplying the probability of each outcome by the payment and then summing these products. 

Expected value of Option B = (0.29 * $151) + (0.71 * $0)
Expected value of Option B = $43.99 + $0
Expected value of Option B = $43.99

Now, let's compare the expected values of the two options. Option A has an expected value of $51, which is higher than the expected value of Option B ($43.99).",massA=0.999 massB=0.00048,before,0,0.0
p2,576,19,neutral,0,64,122,0.49,0.9341,3,True,B,meta-llama/Llama-3.1-8B-Instruct,chat,riskneutral_terse,1,0.0016,0.99984,0,answer,"To determine the expected value of Outcome B, we need to calculate the weighted average of its possible outcomes. 

Expected value of Outcome B = ($122 * 0.49) + ($0 * 0.51)
Expected value of Outcome B = $59.58

Now, let's compare the expected values of Outcome A and Outcome B. 

Outcome A: $64 (for certain)
Outcome B: $59.58 (expected value)

Outcome A has a higher expected value than Outcome B.",massA=0.998 massB=0.0016,before,0,0.0
p2,573,19,neutral,0,64,122,0.49,0.9341,1,False,A,meta-llama/Llama-3.1-8B-Instruct,chat,riskneutral_terse,1,0.00099,0.99995,0,answer,"To determine the expected value of each arrangement, we multiply the probability of each outcome by its value and then sum these products.

For Arrangement A:
Expected value = (0.49 * $122) + (0.51 * $0)
Expected value = $59.78 + $0
Expected value = $59.78

For Arrangement B:
Expected value = $64 (since it's certain)

Since $59.78 is less than $64, we should choose the arrangement with the higher expected value.",massA=0.000985 massB=0.999,before,0,0.0
p2,198,6,gain,0,94,101,0.71,0.7629,4,True,B,meta-llama/Llama-3.1-8B-Instruct,chat,riskneutral_terse,1,0.00029,0.99995,0,answer,"To determine the expected value of each term, we need to calculate the weighted average of the possible outcomes.

For Term A, the expected value is simply the certain gain:
Expected Value A = $94

For Term B, we need to calculate the weighted average of the possible outcomes:
Expected Value B = (71% chance to gain $101) * ($101) + (29% chance to gain nothing) * ($0)
Expected Value B = 0.71 * $101 + 0.29 * $0
Expected Value B = $71.31

Since $94 is greater than $71.31, the option with the higher expected value is Term A.",massA=1 massB=0.000291,before,0,0.0
p2,183,6,neutral,0,94,101,0.71,0.7629,1,False,A,meta-llama/Llama-3.1-8B-Instruct,chat,riskneutral_terse,1,0.00012,0.9999,0,answer,"To determine the expected value of each arrangement, we multiply the probability of each outcome by its value and then sum these products.

For Arrangement A:
Expected value = (0.71 * $101) + (0.29 * $0)
Expected value = $71.1 + $0
Expected value = $71.1

For Arrangement B:
Expected value = $94 (since it's certain)

Since $71.1 is less than $94, the arrangement with the higher expected value is Arrangement B.",massA=0.000116 massB=1,before,0,0.0
p2,277,9,neutral,0,49,153,0.26,0.8118,3,False,A,meta-llama/Llama-3.1-8B-Instruct,chat,riskneutral_terse,1,0.00019,0.99985,0,answer,"To determine the expected value of each outcome, we multiply the probability of each outcome by its respective value and then sum these products.

For Outcome A:
Expected Value = ($153 * 0.26) + ($0 * 0.74)
Expected Value = $39.78 + $0
Expected Value = $39.78

For Outcome B:
Expected Value = ($49 * 1)
Expected Value = $49

Since $39.78 is less than $49, Outcome B has a higher expected value.",massA=0.000191 massB=1,before,0,0.0
p2,1141,38,neutral,0,183,609,0.38,1.2646,0,False,A,meta-llama/Llama-3.1-8B-Instruct,chat,riskneutral_terse,1,0.99971,0.99997,0,answer,"To determine the preferred option, we need to calculate the expected value of each option.

For Option A:
Expected value = (Probability of receiving $609) * ($609) + (Probability of receiving $0) * ($0)
Expected value = 0.38 * $609 + 0.62 * $0
Expected value = $231.22

For Option B:
Expected value = $183 (since it's a certain amount)

Comparing the expected values, $231.22 is higher than $183.",massA=1 massB=0.000287,before,0,0.0
p2,282,9,gain,0,49,153,0.26,0.8118,1,True,B,meta-llama/Llama-3.1-8B-Instruct,chat,riskneutral_terse,1,0.00019,0.99993,0,answer,"To determine the expected value of each arrangement, we need to calculate the average gain by multiplying the probability of each outcome by its value and summing them up.

For Arrangement A, the expected value is simply the certain gain:
Expected value of A = $49

For Arrangement B, the expected value is the sum of the products of the probabilities and their respective gains:
Expected value of B = (0.26 * $153) + (0.74 * $0)
Expected value of B = $39.78 + $0
Expected value of B = $39.78

Since $49 (expected value of A) is greater than $39.78 (expected value of B), we should choose Arrangement A.",massA=1 massB=0.000191,before,0,0.0
p2,623,20,mixed,186,186,266,0.63,0.901,1,False,A,meta-llama/Llama-3.1-8B-Instruct,chat,riskneutral_terse,1,5e-05,0.99967,0,answer,"To determine the expected value of each arrangement, we need to calculate the weighted sum of the possible outcomes.

For Arrangement A:
- The probability of rising to $266 is 63% or 0.63.
- The probability of dropping to $0 is 37% or 0.37.
- The expected value of rising to $266 is $266 * 0.63 = $166.98.
- The expected value of dropping to $0 is $0 * 0.37 = $0.
- The overall expected value of Arrangement A is $166.98 - $186 = -$19.02.

For Arrangement B:
- The expected value is $186 * 1 = $186.

Since the expected value of Arrangement A ($-19.02) is lower than the expected value of Arrangement B ($186), we should choose Arrangement B.",massA=4.54e-05 massB=1,before,0,0.0
p2,122,4,neutral,0,29,71,0.55,1.3466,1,True,B,meta-llama/Llama-3.1-8B-Instruct,chat,riskneutral_terse,1,0.00078,0.99995,0,answer,"To determine the expected value of each arrangement, we need to calculate the weighted average of the possible outcomes.

For Arrangement A, the expected value is simply the certain amount:
Expected Value A = $29

For Arrangement B, we multiply each outcome by its probability and add them together:
Expected Value B = ($71 * 0.55) + ($0 * 0.45)
Expected Value B = $38.95 + $0
Expected Value B = $38.95

Since $38.95 is less than $29, the arrangement with the higher expected value is Arrangement A.",massA=0.999 massB=0.000779,before,0,0.0
p2,452,15,neutral,0,82,113,0.74,1.0198,1,True,B,meta-llama/Llama-3.1-8B-Instruct,chat,riskneutral_terse,1,0.99975,0.99996,0,answer,"To determine the expected value of each arrangement, we need to calculate the weighted average of the possible outcomes.

For Arrangement A, the expected value is simply the certain amount:
Expected Value A = $82

For Arrangement B, we need to calculate the weighted average of the two possible outcomes:
Expected Value B = ($113 * 0.74) + ($0 * 0.26)
Expected Value B = $83.42 + $0
Expected Value B = $83.42

Since $83.42 is greater than $82, the option with the higher expected value is Arrangement B.",massA=0.000245 massB=1,before,0,0.0
p2,190,6,gain,0,94,101,0.71,0.7629,0,True,B,meta-llama/Llama-3.1-8B-Instruct,chat,riskneutral_terse,1,0.00028,0.99997,0,answer,"To determine the preferred option, we need to calculate the expected value of each option.

For Option A, the expected value is simply the certain gain:
Expected Value A = $94

For Option B, we need to calculate the expected value by multiplying the probability of each outcome by its value and summing the results:
Expected Value B = (0.71 * $101) + (0.29 * $0)
Expected Value B = $71.21 + $0
Expected Value B = $71.21

Since $94 is greater than $71.21, the preferred option is the one with the higher expected value.",massA=1 massB=0.000282,before,0,0.0
p2,464,15,gain,0,82,113,0.74,1.0198,2,True,B,meta-llama/Llama-3.1-8B-Instruct,chat,riskneutral_terse,1,0.99989,0.99997,0,answer,"To determine the expected value of each alternative, we need to calculate the weighted average of the possible outcomes.

For Alternative A, the expected value is simply the certain gain:
Expected Value A = $82

For Alternative B, we need to calculate the weighted average of the possible outcomes:
Expected Value B = ($113 * 0.74) + ($0 * 0.26)
Expected Value B = $83.42 + $0
Expected Value B = $83.42

Since $83.42 is greater than $82, we would rather have Alternative B.",massA=0.000111 massB=1,before,0,0.0
p2,1232,16,dominant,0,139,190,1.0,1.3669,2,True,B,meta-llama/Llama-3.1-8B-Instruct,chat,riskneutral_terse,1,0.99988,0.99977,0,answer,"To determine the better option, we need to compare the two alternatives. 

Alternative A offers a certain amount of $139. 
Alternative B offers a certain amount of $190.

Since Alternative B offers a higher amount ($190) compared to Alternative A ($139), the option with the higher expected value is Alternative B.",massA=0.000121 massB=1,before,0,0.0
p2,595,19,mixed,64,64,122,0.49,0.9341,2,False,A,meta-llama/Llama-3.1-8B-Instruct,chat,riskneutral_terse,1,0.00013,0.99992,0,answer,"To determine the better option, we need to calculate the expected value of each alternative.

For Alternative A:
- The probability of gaining $58 is 49% or 0.49.
- The probability of losing $64 is 51% or 0.51.
- The expected value (EV) is calculated as: EV = (probability of gain * amount gained) + (probability of loss * amount lost)
- EV = (0.49 * $58) + (0.51 * -$64)
- EV = $28.42 - $32.64
- EV = -$4.22

For Alternative B:
- The expected value is simply the initial amount, as there's no change.
- EV = $64

Since the expected value of Alternative A is negative (-$4.22), it's not the better option. The expected value of Alternative B is positive ($64), making it the better choice.",massA=0.000129 massB=1,before,0,0.0
p2,1068,35,gain,0,91,133,0.68,0.9938,4,True,B,meta-llama/Llama-3.1-8B-Instruct,chat,riskneutral_terse,1,9e-05,0.99995,0,answer,"To decide which term has a higher expected value, we need to calculate the expected value of each term.

For Term A, the expected value is simply the certain gain: $91.

For Term B, we need to calculate the expected value by multiplying the probability of each outcome by the value of the outcome and then summing these products. 

Expected value of Term B = (0.68 * $133) + (0.32 * $0)
Expected value of Term B = $90.44 + $0
Expected value of Term B = $90.44

Since $91 (Term A) is greater than $90.44 (Term B),",massA=1 massB=9.17e-05,before,0,0.0
p2,1098,36,gain,0,98,227,0.47,1.0887,4,True,B,meta-llama/Llama-3.1-8B-Instruct,chat,riskneutral_terse,1,0.99998,0.99997,0,answer,"To determine the expected value of each term, we need to calculate the average gain by multiplying the probability of each outcome by its value and then summing these products.

For Term A, the expected value is simply the certain gain:
Expected Value A = $98

For Term B, the expected value is the sum of the products of the probabilities and the gains:
Expected Value B = (0.47 * $227) + (0.53 * $0)
Expected Value B = $106.49 + $0
Expected Value B = $106.49

Since $106.49 is greater than $98, the option with the higher expected value is Term B.",massA=1.67e-05 massB=1,before,0,0.0
p2,620,20,mixed,186,186,266,0.63,0.901,0,True,B,meta-llama/Llama-3.1-8B-Instruct,chat,riskneutral_terse,1,0.00062,0.99995,0,answer,"To determine the preferred option, we need to calculate the expected value of each option.

For Option A, the expected value is simply the amount we have upfront: $186.

For Option B, we need to calculate the expected value based on the probabilities and outcomes:
- 63% chance to rise to $266: 0.63 * $266 = $167.38
- 37% chance to drop to $0: 0.37 * $0 = $0
The expected value of Option B is the sum of these two outcomes: $167.38 + $0 = $167.38

Now, let's compare the expected values:
- Option A: $186
- Option B: $167.38

Since $186 is greater than $167.38, the preferred option is the one with the higher expected value.",massA=0.999 massB=0.000617,before,0,0.0
p2,622,20,mixed,186,186,266,0.63,0.901,1,True,B,meta-llama/Llama-3.1-8B-Instruct,chat,riskneutral_terse,1,0.00036,0.99986,0,answer,"To determine the expected value of each arrangement, we need to calculate the weighted average of the possible outcomes.

For Arrangement A, the expected value is simply the upfront payment: $186.

For Arrangement B, the expected value is calculated as follows:

- 63% chance to rise to $266: 0.63 * $266 = $167.38
- 37% chance to drop to $0: 0.37 * $0 = $0
- Expected value: $167.38 + $0 = $167.38

Now, let's compare the expected values of both arrangements:

Arrangement A: $186
Arrangement B: $167.38

Since $186 is greater than $167.38, the option with the higher expected value is Arrangement A.",massA=1 massB=0.000357,before,0,0.0
p2,510,17,neutral,0,117,362,0.42,1.2995,0,True,B,meta-llama/Llama-3.1-8B-Instruct,chat,riskneutral_terse,1,0.99975,0.99998,0,answer,"To determine the preferred option, we need to calculate the expected value of each option.

For Option A, the expected value is the payment amount itself, which is $117.

For Option B, the expected value is calculated as follows:
Expected Value = (Probability of $362) * ($362) + (Probability of $0) * ($0)
Expected Value = (0.42) * ($362) + (0.58) * ($0)
Expected Value = $152.44

Since $152.44 is greater than $117, the option with the higher expected value is Option B.",massA=0.000245 massB=1,before,0,0.0
p2,927,30,mixed,149,149,447,0.26,0.78,3,False,A,meta-llama/Llama-3.1-8B-Instruct,chat,riskneutral_terse,1,0.99958,0.99986,0,answer,"To make a decision, we need to calculate the expected value of each outcome. 

Expected value (EV) is calculated by multiplying the probability of each outcome by its value and then summing these products.

For Outcome A:
- Probability of rising to $447: 26%
- Value if rising to $447: $447
- Probability of dropping to $0: 74%
- Value if dropping to $0: -$149

Expected value of Outcome A = (0.26 * $447) + (0.74 * -$149)
Expected value of Outcome A = $116.22 - $110.26
Expected value of Outcome A = $6.96

For Outcome B:
- Value: $149

Expected value of Outcome B = $149

Outcome A has a higher expected value ($6.96 vs $149), so we should choose Outcome A.",massA=0.999 massB=0.000417,before,0,0.0
p2,1061,35,gain,0,91,133,0.68,0.9938,0,False,A,meta-llama/Llama-3.1-8B-Instruct,chat,riskneutral_terse,1,0.00038,0.99985,0,answer,"To determine the preferred option, we need to calculate the expected value of each option.

For Option A:
Expected value = (probability of gaining $133) * ($133) + (probability of gaining nothing) * ($0)
Expected value = 0.68 * $133 + 0.32 * $0
Expected value = $90.44

For Option B:
Expected value = (probability of gaining $91) * ($91)
Expected value = 1 * $91
Expected value = $91

Since $90.44 is less than $91, we should choose the option with the higher expected value, which is Option B.",massA=0.00038 massB=0.999,before,0,0.0
p2,517,17,neutral,0,117,362,0.42,1.2995,3,False,A,meta-llama/Llama-3.1-8B-Instruct,chat,riskneutral_terse,1,0.99936,0.99989,0,answer,"To determine the expected value of each outcome, we multiply the probability of each outcome by its respective value and then sum these products.

For Outcome A:
Expected Value = ($362 * 0.42) + ($0 * 0.58)
Expected Value = $151.64 + $0
Expected Value = $151.64

For Outcome B:
Expected Value = ($117 * 1)
Expected Value = $117

Since $151.64 is greater than $117, the option with the higher expected value is Outcome A.",massA=0.999 massB=0.000636,before,0,0.0
p2,1239,19,dominant,0,64,91,1.0,1.4219,4,False,A,meta-llama/Llama-3.1-8B-Instruct,chat,riskneutral_terse,1,0.99916,0.99993,0,answer,"To make a decision, we need to compare the expected values of both terms. Since both terms are for certain, their expected values are equal to the amount received.

Term A: $91
Term B: $64

Since $91 is greater than $64, the option with the higher expected value is Term A.",massA=0.999 massB=0.000843,before,0,0.0
p2,1217,8,dominant,0,62,121,1.0,1.9516,4,False,A,meta-llama/Llama-3.1-8B-Instruct,chat,riskneutral_terse,1,0.9996,0.99994,0,answer,"To make a decision, we need to compare the expected values of both terms. 

Expected value is calculated by multiplying the value of each outcome by its probability and then summing these products. Since both terms are for certain, their probabilities are 1.

For Term A: Expected value = $121 * 1 = $121
For Term B: Expected value = $62 * 1 = $62

Since $121 is greater than $62, the option with the higher expected value is Term A.",massA=1 massB=0.000404,before,0,0.0
p2,346,11,gain,0,54,68,0.81,1.02,3,True,B,meta-llama/Llama-3.1-8B-Instruct,chat,riskneutral_terse,1,0.99963,0.99961,0,answer,"To determine the expected value of each outcome, we need to calculate the weighted average of the possible gains.

For Outcome A, the gain is certain, so the expected value is simply $54.

For Outcome B, we have a 81% chance to gain $68 and a 19% chance to gain nothing. To calculate the expected value, we multiply the probability of each outcome by its gain and then add the results:

Expected value of Outcome B = (0.81 * $68) + (0.19 * $0)
Expected value of Outcome B = $54.88 + $0
Expected value of Outcome B = $54.88

Now, let's compare the expected values of the two outcomes. Outcome A has an expected value of $54, while Outcome B has an expected value of $54.88. Since $54.88 is higher than $54, we should choose Outcome B.",massA=0.000374 massB=0.999,before,0,0.0
p2,1219,9,dominant,0,49,82,1.0,1.6735,1,False,A,meta-llama/Llama-3.1-8B-Instruct,chat,riskneutral_terse,1,0.99969,0.99984,0,answer,"In this scenario, both arrangements are certain, meaning there's no risk involved. 

Since Arrangement A offers a higher amount ($82) compared to Arrangement B ($49), the option with the higher expected value is Arrangement A.",massA=1 massB=0.000305,before,0,0.0
p2,570,19,neutral,0,64,122,0.49,0.9341,0,True,B,meta-llama/Llama-3.1-8B-Instruct,chat,riskneutral_terse,1,0.00076,0.99997,0,answer,"To determine the preferred option, we need to calculate the expected value of each option.

For Option A, the expected value is $64 since it's a certain payment.

For Option B, the expected value is calculated as follows:
Expected Value = (Probability of $122) * ($122) + (Probability of $0) * ($0)
Expected Value = (0.49) * ($122) + (0.51) * ($0)
Expected Value = $59.58

Since $64 is greater than $59.58, the preferred option is the one with the higher expected value.",massA=0.999 massB=0.000755,before,0,0.0
p2,588,19,gain,0,64,122,0.49,0.9341,4,True,B,meta-llama/Llama-3.1-8B-Instruct,chat,riskneutral_terse,1,0.00025,0.99996,0,answer,"To determine the expected value of each term, we need to calculate the average gain by multiplying the probability of each outcome by its value and then summing these products.

For Term A, the expected value is simply the certain gain:
Expected Value A = $64

For Term B, the expected value is the sum of the products of the probabilities and the gains:
Expected Value B = (0.49 * $122) + (0.51 * $0)
Expected Value B = $59.58 + $0
Expected Value B = $59.58

Since $64 is greater than $59.58, the option with the higher expected value is Term A.",massA=1 massB=0.000253,before,0,0.0
p2,132,4,gain,0,29,71,0.55,1.3466,1,True,B,meta-llama/Llama-3.1-8B-Instruct,chat,riskneutral_terse,1,0.99985,0.99995,0,answer,"To determine the expected value of each arrangement, we need to calculate the average gain by multiplying the probability of each outcome by its value and then summing these products.

For Arrangement A, the expected value is simply the certain gain:
Expected Value A = $29

For Arrangement B, the expected value is the sum of the products of the probabilities and the gains:
Expected Value B = (0.55 * $71) + (0.45 * $0)
Expected Value B = $38.85 + $0
Expected Value B = $38.85

Since $29 (Arrangement A) is less than $38.85 (Arrangement B), the option with the higher expected value is Arrangement B.",massA=0.000147 massB=1,before,0,0.0
p2,322,10,mixed,111,111,278,0.58,1.4526,1,True,B,meta-llama/Llama-3.1-8B-Instruct,chat,riskneutral_terse,1,0.99978,0.99977,0,answer,"To determine the expected value of each arrangement, we need to calculate the weighted average of the possible outcomes.

For Arrangement A, the expected value is simply the upfront payment: $111.

For Arrangement B, the expected value is calculated as follows:

Expected value = (Probability of rising to $278) * (Outcome value) + (Probability of dropping to $0) * (Outcome value)
Expected value = (0.58) * ($278) + (0.42) * ($0)
Expected value = $161.24 + $0
Expected value = $161.24

Now, let's compare the expected values of both arrangements:

Arrangement A: $111
Arrangement B: $161.24

Since the expected value of Arrangement B ($161.24) is higher than that of Arrangement A ($111), the option with the higher expected value is Arrangement B.",massA=0.00022 massB=1,before,0,0.0
p2,951,31,mixed,51,51,151,0.29,0.8586,0,False,A,meta-llama/Llama-3.1-8B-Instruct,chat,riskneutral_terse,1,0.9998,0.99995,0,answer,"To determine the preferred option, we need to calculate the expected value of each option.

For Option A:
- The probability of gaining $100 is 29% or 0.29.
- The probability of losing $51 is 71% or 0.71.
- The expected value of Option A is calculated as follows:
  (0.29 * $151) + (0.71 * -$51)
  = $43.99 - $36.21
  = $7.78

For Option B:
- The expected value is simply the initial amount, which is $51.

Since $7.78 is greater than $51, the expected value of Option A is higher.",massA=1 massB=0.000203,before,0,0.0
p2,201,6,mixed,94,94,101,0.71,0.7629,0,False,A,meta-llama/Llama-3.1-8B-Instruct,chat,riskneutral_terse,1,0.99567,0.99973,0,answer,"To determine the preferred option, we need to calculate the expected value of each option.

For Option A:
Expected value = (probability of rising to $101) * (amount if rising) + (probability of dropping to $0) * (amount if dropping)
Expected value = (0.71) * ($101) + (0.29) * ($0)
Expected value = $71.21 + $0
Expected value = $71.21

For Option B:
Expected value = (probability of keeping $94) * (amount if keeping) + (probability of changing) * (amount if changing)
Since there's no change in Option B, the expected value is simply the amount itself.
Expected value = $94

Comparing the expected values, Option A has a higher expected value ($71.21) than Option B ($94).",massA=0.995 massB=0.00433,before,0,0.0
p2,657,21,mixed,106,106,206,0.73,1.4187,3,False,A,meta-llama/Llama-3.1-8B-Instruct,chat,riskneutral_terse,1,0.99945,0.99973,0,answer,"To determine the expected value of each outcome, we need to calculate the weighted sum of the possible outcomes.

For Outcome A:
- 73% chance to rise to $206: 0.73 * $206 = $150.18
- 27% chance to drop to $0: 0.27 * $0 = $0
Expected value of Outcome A: $150.18 - $106 = $44.18

For Outcome B:
- 100% chance to keep $106: 1 * $106 = $106

Since Outcome A has a higher expected value ($44.18 vs $106), the option with the higher expected value is Outcome A.",massA=0.999 massB=0.000553,before,0,0.0
p2,1276,38,dominant,0,183,201,1.0,1.0984,2,True,B,meta-llama/Llama-3.1-8B-Instruct,chat,riskneutral_terse,1,0.99974,0.99991,0,answer,"To determine the better option, we need to compare the two alternatives. 

Alternative A offers $183 for certain, which means it's a guaranteed amount. 
Alternative B offers $201 for certain, which is also a guaranteed amount.

Since both alternatives are for certain and there's no risk involved, the option with the higher expected value is the one with the higher amount.",massA=0.000261 massB=1,before,0,0.0
p2,1153,38,gain,0,183,609,0.38,1.2646,1,False,A,meta-llama/Llama-3.1-8B-Instruct,chat,riskneutral_terse,1,0.9997,0.99991,0,answer,"To determine the expected value of each arrangement, we need to multiply the probability of each outcome by its value and then sum these products.

For Arrangement A:
- 38% chance to gain $609: 0.38 * $609 = $231.42
- 62% chance to gain nothing: 0.62 * $0 = $0
Expected value of Arrangement A: $231.42

For Arrangement B:
- Certain gain of $183: 1 * $183 = $183
Expected value of Arrangement B: $183

Since $231.42 is greater than $183, the arrangement with the higher expected value is Arrangement A.",massA=1 massB=0.000301,before,0,0.0
p2,509,16,mixed,139,139,234,0.6,1.0101,4,False,A,meta-llama/Llama-3.1-8B-Instruct,chat,riskneutral_terse,1,0.99986,0.99995,0,answer,"To make a decision, we need to calculate the expected value of each term.

For Term A:
Expected value = (probability of rising) * (amount if rising) + (probability of dropping) * (amount if dropping)
Expected value = (0.6) * ($234) + (0.4) * ($0)
Expected value = $140.4 + $0
Expected value = $140.4

For Term B:
Expected value = $139 (since there's no change)

Since $140.4 is greater than $139, the expected value of Term A is higher.",massA=1 massB=0.000136,before,0,0.0
p2,1222,11,dominant,0,54,73,1.0,1.3519,4,True,B,meta-llama/Llama-3.1-8B-Instruct,chat,riskneutral_terse,1,0.99984,0.99994,0,answer,"To make a decision, we need to compare the expected values of both terms. Since both terms are for certain, their expected values are equal to the amounts received.

Term A: $54
Term B: $73

Since $73 is greater than $54, the option with the higher expected value is Term B.",massA=0.000161 massB=1,before,0,0.0
p2,425,14,neutral,0,81,201,0.68,1.6874,2,False,A,meta-llama/Llama-3.1-8B-Instruct,chat,riskneutral_terse,1,0.99957,0.99995,0,answer,"To determine the expected value of each alternative, we multiply the probability of each outcome by its value and then sum these products.

For Alternative A:
Expected value = ($201 * 0.68) + ($0 * 0.32)
Expected value = $136.56 + $0
Expected value = $136.56

For Alternative B:
Expected value = ($81 * 1)
Expected value = $81

Since $136.56 is greater than $81, the alternative with the higher expected value is Alternative A.",massA=1 massB=0.000431,before,0,0.0
p2,578,19,neutral,0,64,122,0.49,0.9341,4,True,B,meta-llama/Llama-3.1-8B-Instruct,chat,riskneutral_terse,1,0.00053,0.99997,0,answer,"To decide which term to take, we need to calculate the expected value of each term.

For Term A, the expected value is $64 since it's a certain amount.

For Term B, the expected value is calculated as follows:
Expected Value = (Probability of receiving $122) * ($122) + (Probability of receiving $0) * ($0)
Expected Value = (0.49) * ($122) + (0.51) * ($0)
Expected Value = $59.58

Since $64 is greater than $59.58, the term with the higher expected value is Term A.",massA=0.999 massB=0.000527,before,0,0.0
p2,444,14,mixed,81,81,201,0.68,1.6874,2,True,B,meta-llama/Llama-3.1-8B-Instruct,chat,riskneutral_terse,1,0.99997,0.99992,0,answer,"To determine the expected value of each alternative, we need to calculate the weighted sum of the possible outcomes.

For Alternative A, the expected value is simply the initial amount:
Expected Value A = $81

For Alternative B, we have two possible outcomes with their respective probabilities:
Outcome 1: $201 with 68% probability
Outcome 2: $0 with 32% probability

Expected Value B = ($201 * 0.68) + ($0 * 0.32)
Expected Value B = $137.08 - $0
Expected Value B = $137.08

Since $137.08 is greater than $81, the alternative with the higher expected value is Alternative B.",massA=2.98e-05 massB=1,before,0,0.0
p2,350,11,mixed,54,54,68,0.81,1.02,0,True,B,meta-llama/Llama-3.1-8B-Instruct,chat,riskneutral_terse,1,0.99996,0.99991,0,answer,"To determine the preferred option, we need to calculate the expected value of each option.

For Option A, the expected value is simply the amount we have upfront, which is $54.

For Option B, we need to calculate the expected value based on the probabilities and outcomes:

Expected value of Option B = (81% chance to rise to $68) * ($68) + (19% chance to drop to $0) * ($0)
Expected value of Option B = 0.81 * $68 + 0.19 * $0
Expected value of Option B = $54.88 + $0
Expected value of Option B = $54.88

Since $54.88 is greater than $54, the expected value of Option B is higher.",massA=3.7e-05 massB=1,before,0,0.0
p2,260,8,mixed,62,62,263,0.33,1.3998,0,True,B,meta-llama/Llama-3.1-8B-Instruct,chat,riskneutral_terse,1,0.99978,0.99997,0,answer,"To determine the preferred option, we need to calculate the expected value of each option.

For Option A, the expected value is simply the amount we have upfront: $62.

For Option B, we need to calculate the expected value based on the probabilities and outcomes:
- 33% chance to rise to $263: 0.33 * $263 = $86.59
- 67% chance to drop to $0: 0.67 * $0 = $0
The expected value of Option B is the sum of these two: $86.59 + $0 = $86.59

Now, let's compare the expected values:
- Option A: $62
- Option B: $86.59

Since $86.59 is greater than $62, the preferred option is the one with the higher expected value.",massA=0.000223 massB=1,before,0,0.0
p2,408,13,gain,0,72,88,0.64,0.7822,4,True,B,meta-llama/Llama-3.1-8B-Instruct,chat,riskneutral_terse,1,0.00027,0.99996,0,answer,"To determine the expected value of each term, we need to calculate the average gain by multiplying the probability of each outcome by its value and then summing these products.

For Term A, the expected value is simply the certain gain:
Expected Value A = $72

For Term B, the expected value is the sum of the products of the probabilities and the gains:
Expected Value B = (0.64 * $88) + (0.36 * $0)
Expected Value B = $56.32 + $0
Expected Value B = $56.32

Since $72 is greater than $56.32, the option with the higher expected value is Term A.",massA=1 massB=0.000265,before,0,0.0
p2,498,16,gain,0,139,234,0.6,1.0101,4,True,B,meta-llama/Llama-3.1-8B-Instruct,chat,riskneutral_terse,1,0.99998,0.99996,0,answer,"To determine the expected value of each term, we need to calculate the average gain by multiplying the probability of each outcome by its value and then summing these products.

For Term A, the expected value is simply the certain gain:
Expected Value A = $139

For Term B, the expected value is the sum of the products of the probabilities and the gains:
Expected Value B = (0.6 * $234) + (0.4 * $0)
Expected Value B = $140.40 + $0
Expected Value B = $140.40

Since $140.40 is greater than $139, the option with the higher expected value is Term B.",massA=2.32e-05 massB=1,before,0,0.0
p2,1147,38,neutral,0,183,609,0.38,1.2646,3,False,A,meta-llama/Llama-3.1-8B-Instruct,chat,riskneutral_terse,1,0.99944,0.9999,0,answer,"To determine the expected value of each outcome, we multiply the probability of each outcome by its respective value and then sum these products.

For Outcome A:
Expected Value = ($609 * 0.38) + ($0 * 0.62)
Expected Value = $232.22 + $0
Expected Value = $232.22

For Outcome B:
Expected Value = ($183 * 1)
Expected Value = $183

Since $232.22 is greater than $183, the option with the higher expected value is Outcome A.",massA=0.999 massB=0.000561,before,0,0.0
p2,476,15,mixed,82,82,113,0.74,1.0198,3,True,B,meta-llama/Llama-3.1-8B-Instruct,chat,riskneutral_terse,1,0.00041,0.99982,0,answer,"To determine the expected value of each outcome, we need to calculate the weighted average of the possible outcomes.

For Outcome A, the expected value is simply the amount we have: $82.

For Outcome B, we have a 74% chance to gain $31 and a 26% chance to lose $82. 

Expected value of Outcome B = (0.74 * $113) + (0.26 * -$82)
Expected value of Outcome B = $83.62 - $21.32
Expected value of Outcome B = $62.30

Since $82 (Outcome A) is greater than $62.30 (Outcome B), the option with the higher expected value is Outcome A.",massA=0.999 massB=0.000411,before,0,0.0
p2,915,30,gain,0,149,447,0.26,0.78,2,False,A,meta-llama/Llama-3.1-8B-Instruct,chat,riskneutral_terse,1,0.00024,0.99988,0,answer,"To determine the expected value of each alternative, we need to multiply the probability of each outcome by its value and then sum these products.

For Alternative A:
- 26% chance to gain $447: 0.26 * $447 = $116.22
- 74% chance to gain nothing: 0.74 * $0 = $0
Expected value of Alternative A: $116.22

For Alternative B:
- Certain gain of $149: 1 * $149 = $149
Expected value of Alternative B: $149

Since $149 is greater than $116.22, the alternative with the higher expected value is Alternative B.",massA=0.000242 massB=1,before,0,0.0
p2,291,9,mixed,49,49,153,0.26,0.8118,0,False,A,meta-llama/Llama-3.1-8B-Instruct,chat,riskneutral_terse,1,0.99956,0.9997,0,length_or_eos,"To determine the preferred option, we need to calculate the expected value of each option.

For Option A:
- The probability of gaining $104 is 26% or 0.26.
- The probability of losing $49 is 74% or 0.74.
- The expected value of Option A is calculated as follows:
  (0.26 * $153) + (0.74 * -$49)
  = $39.78 - $36.26
  = $3.52

For Option B:
- The expected value is simply the initial amount, which is $49.

Since the expected value of Option A ($3.52) is higher than the expected value of Option B ($49), we need to reconsider the calculation. 

The expected value of Option A is actually higher than the initial amount of Option B.",massA=0.999 massB=0.000437,before,0,0.0
p2,1101,36,mixed,98,98,227,0.47,1.0887,0,False,A,meta-llama/Llama-3.1-8B-Instruct,chat,riskneutral_terse,1,0.00012,0.99886,0,length_or_eos,"To determine the preferred option, we need to calculate the expected value of each option.

For Option A:
- The probability of gaining $129 is 47% or 0.47.
- The probability of losing $98 is 53% or 0.53.
- The expected value of Option A is calculated as follows:
  (0.47 * $227) + (0.53 * -$98)
  = $106.49 - $51.94
  = $54.55

For Option B:
- The expected value is simply the initial amount, which is $98.

Comparing the expected values, Option A has a higher expected value ($54.55) than Option B ($98). However, this is a trick question. The expected value of Option A is actually lower than Option B. 

The correct answer is the option with the higher expected value, which is not Option A.",massA=0.000123 massB=0.999,before,0,0.0
p2,621,20,mixed,186,186,266,0.63,0.901,0,False,A,meta-llama/Llama-3.1-8B-Instruct,chat,riskneutral_terse,1,0.99605,0.9998,0,answer,"To determine the preferred option, we need to calculate the expected value of each option.

For Option A:
Expected value = (probability of gain) * (amount gained) + (probability of loss) * (amount lost)
Expected value = (0.63) * ($266 - $186) + (0.37) * ($186 - $0)
Expected value = (0.63) * $80 + (0.37) * $186
Expected value = $50.40 + $68.82
Expected value = $119.22

For Option B:
Expected value = $186 (since there's no change)

Comparing the expected values, Option A has a higher expected value ($119.22) than Option B ($186).",massA=0.996 massB=0.00394,before,0,0.0
p2,600,20,neutral,0,186,266,0.63,0.901,0,True,B,meta-llama/Llama-3.1-8B-Instruct,chat,riskneutral_terse,1,0.00097,0.99998,0,answer,"To determine the preferred option, we need to calculate the expected value of each option.

For Option A, the expected value is the payment amount itself, which is $186.

For Option B, the expected value is calculated as follows:
Expected Value = (Probability of $266) * ($266) + (Probability of $0) * ($0)
Expected Value = (0.63) * ($266) + (0.37) * ($0)
Expected Value = $167.18

Since $186 is greater than $167.18, the preferred option is the one with the higher expected value.",massA=0.999 massB=0.00097,before,0,0.0
p2,1049,34,mixed,52,52,96,0.63,1.1631,4,False,A,meta-llama/Llama-3.1-8B-Instruct,chat,riskneutral_terse,1,0.99991,0.99991,0,answer,"To make a decision, we need to calculate the expected value of each term.

For Term A:
Expected value = (probability of rising to $96) * (amount if rising) + (probability of dropping to $0) * (amount if dropping)
Expected value = (0.63) * ($96) + (0.37) * ($0)
Expected value = $60.48 + $0
Expected value = $60.48

For Term B:
Expected value = (probability of no change) * (amount if no change)
Expected value = (1) * ($52)
Expected value = $52

Since $60.48 is greater than $52, the option with the higher expected value is Term A.",massA=1 massB=8.75e-05,before,0,0.0
p2,501,16,mixed,139,139,234,0.6,1.0101,0,False,A,meta-llama/Llama-3.1-8B-Instruct,chat,riskneutral_terse,1,0.9998,0.99997,0,answer,"To determine the preferred option, we need to calculate the expected value of each option.

For Option A:
Expected value = (probability of rising) * (amount after rising) + (probability of dropping) * (amount after dropping)
Expected value = (0.6) * ($234) + (0.4) * ($0)
Expected value = $140.4 + $0
Expected value = $140.4

For Option B:
Expected value = $139 (since there's no change)

Since $140.4 is greater than $139, the preferred option is the one with the higher expected value.",massA=1 massB=0.000197,before,0,0.0
p2,513,17,neutral,0,117,362,0.42,1.2995,1,False,A,meta-llama/Llama-3.1-8B-Instruct,chat,riskneutral_terse,1,0.99927,0.99995,0,answer,"To determine the expected value of each arrangement, we multiply the probability of each outcome by its value and then sum these products.

For Arrangement A:
Expected value = ($362 * 0.42) + ($0 * 0.58)
Expected value = $151.64 + $0
Expected value = $151.64

For Arrangement B:
Expected value = ($117 * 1)
Expected value = $117

Since $151.64 is greater than $117, the arrangement with the higher expected value is Arrangement A.",massA=0.999 massB=0.000732,before,0,0.0
p2,138,4,gain,0,29,71,0.55,1.3466,4,True,B,meta-llama/Llama-3.1-8B-Instruct,chat,riskneutral_terse,1,0.99996,0.99995,0,answer,"To determine the expected value of each term, we need to calculate the average gain by multiplying the probability of each outcome by its value and then summing these products.

For Term A, the expected value is simply the certain gain:
Expected Value A = $29

For Term B, the expected value is the sum of the products of the probabilities and the gains:
Expected Value B = (0.55 * $71) + (0.45 * $0)
Expected Value B = $38.85 + $0
Expected Value B = $38.85

Since $38.85 is greater than $29, the option with the higher expected value is Term B.",massA=3.82e-05 massB=1,before,0,0.0
p2,956,31,mixed,51,51,151,0.29,0.8586,3,True,B,meta-llama/Llama-3.1-8B-Instruct,chat,riskneutral_terse,1,0.00012,0.99993,0,answer,"To make a decision, we need to calculate the expected value of each outcome. 

Expected value (EV) is calculated by multiplying the probability of each outcome by its value and then summing these products.

For Outcome A, the value is $51 and the probability is 100% (or 1). So, the expected value is:
EV_A = $51 * 1 = $51

For Outcome B, there are two possible outcomes with their respective probabilities:
- A gain of $100 with a 29% chance: $100 * 0.29 = $29
- A loss of $51 with a 71% chance: -$51 * 0.71 = -$36.21
The expected value for Outcome B is the sum of these products:
EV_B = $29 - $36.21 = -$7.21

Since the expected value of Outcome A ($51) is higher than that of Outcome B (-$7.21), the better choice is to keep the $51 with no change.",massA=1 massB=0.000123,before,0,0.0
p2,909,30,neutral,0,149,447,0.26,0.78,4,False,A,meta-llama/Llama-3.1-8B-Instruct,chat,riskneutral_terse,1,0.00062,0.99993,0,answer,"To make a decision, we need to calculate the expected value of each term. The expected value is the sum of the product of each outcome and its probability.

For Term A:
Expected value = ($447 * 0.26) + ($0 * 0.74)
Expected value = $115.82 + $0
Expected value = $115.82

For Term B:
Expected value = ($149 * 1)
Expected value = $149

Since $115.82 is less than $149, Term B has a higher expected value.",massA=0.000617 massB=0.999,before,0,0.0
p2,639,21,neutral,0,106,206,0.73,1.4187,4,False,A,meta-llama/Llama-3.1-8B-Instruct,chat,riskneutral_terse,1,0.99972,0.99997,0,answer,"To make a decision, we need to calculate the expected value of each term. The expected value is the sum of the product of each outcome and its probability.

For Term A:
Expected value = ($206 * 0.73) + ($0 * 0.27)
Expected value = $150.18 + $0
Expected value = $150.18

For Term B:
Expected value = ($106 * 1)
Expected value = $106

Since $150.18 is greater than $106, the option with the higher expected value is Term A.",massA=1 massB=0.000278,before,0,0.0
p2,942,31,gain,0,51,151,0.29,0.8586,1,True,B,meta-llama/Llama-3.1-8B-Instruct,chat,riskneutral_terse,1,0.00019,0.99995,0,answer,"To determine the expected value of each arrangement, we need to calculate the average gain by multiplying the probability of each outcome by its value and summing them up.

For Arrangement A, the expected value is simply the certain gain:
Expected Value A = $51

For Arrangement B, the expected value is the sum of the products of the probabilities and their respective gains:
Expected Value B = (0.29 * $151) + (0.71 * $0)
Expected Value B = $43.99 + $0
Expected Value B = $43.99

Since $51 is greater than $43.99, the arrangement with the higher expected value is Arrangement A.",massA=1 massB=0.000188,before,0,0.0
p2,412,13,mixed,72,72,88,0.64,0.7822,1,True,B,meta-llama/Llama-3.1-8B-Instruct,chat,riskneutral_terse,1,0.00064,0.99985,0,answer,"To determine the expected value of each arrangement, we need to calculate the weighted average of the possible outcomes.

For Arrangement A, the outcome is $72 with a 100% chance, so the expected value is $72.

For Arrangement B, the possible outcomes are $88 with a 64% chance and $0 with a 36% chance. To calculate the expected value, we multiply each outcome by its probability and add them together:

Expected value = ($88 * 0.64) + ($0 * 0.36)
Expected value = $56.32 + $0
Expected value = $56.32

Now, let's compare the expected values of the two arrangements. Arrangement A has an expected value of $72, while Arrangement B has an expected value of $56.32. Since $72 is greater than $56.32, the option with the higher expected value is Arrangement A.",massA=0.999 massB=0.000636,before,0,0.0
p2,325,10,mixed,111,111,278,0.58,1.4526,2,False,A,meta-llama/Llama-3.1-8B-Instruct,chat,riskneutral_terse,1,0.99985,0.99991,0,answer,"To determine the better option, we need to calculate the expected value of each alternative.

For Alternative A:
Expected value = (probability of rising) * (amount after rising) + (probability of dropping) * (amount after dropping)
Expected value = (0.58) * ($278) + (0.42) * ($0)
Expected value = $161.24 + $0
Expected value = $161.24

For Alternative B:
Expected value = (probability of no change) * (amount after no change)
Expected value = (1) * ($111)
Expected value = $111

Since $161.24 is greater than $111, the alternative with the higher expected value is Alternative A.",massA=1 massB=0.000151,before,0,0.0
p2,926,30,mixed,149,149,447,0.26,0.78,3,True,B,meta-llama/Llama-3.1-8B-Instruct,chat,riskneutral_terse,1,0.00017,0.99994,0,answer,"To make a decision, we need to calculate the expected value of each outcome. 

Expected value (EV) is calculated by multiplying the probability of each outcome by its value and then summing these products.

For Outcome A, the value is $149 and the probability is 100% (or 1). So, the expected value is:
EV_A = $149 * 1 = $149

For Outcome B, there are two possible outcomes with their respective probabilities:
- A gain of $298 with a 26% chance: $298 * 0.26 = $77.48
- A loss of $149 with a 74% chance: -$149 * 0.74 = -$110.26

The expected value for Outcome B is the sum of these two products:
EV_B = $77.48 - $110.26 = -$32.78

Since the expected value of Outcome A ($149) is higher than the expected value of Outcome B (-$32.78), the better option is to keep the $149 with no change.",massA=1 massB=0.000169,before,0,0.0
p2,913,30,gain,0,149,447,0.26,0.78,1,False,A,meta-llama/Llama-3.1-8B-Instruct,chat,riskneutral_terse,1,3e-05,0.99992,0,answer,"To determine the expected value of each arrangement, we need to multiply the probability of each outcome by its value and then sum these products.

For Arrangement A:
- 26% chance to gain $447: 0.26 * $447 = $116.22
- 74% chance to gain nothing: 0.74 * $0 = $0
Expected value of Arrangement A: $116.22

For Arrangement B:
- Certain gain of $149: 1 * $149 = $149
Expected value of Arrangement B: $149

Since $149 is greater than $116.22, the arrangement with the higher expected value is Arrangement B.",massA=3.27e-05 massB=1,before,0,0.0
p2,281,9,gain,0,49,153,0.26,0.8118,0,False,A,meta-llama/Llama-3.1-8B-Instruct,chat,riskneutral_terse,1,0.00019,0.99988,0,answer,"To determine the preferred option, we need to calculate the expected value of each option.

For Option A:
Expected value = (probability of gaining $153) * ($153) + (probability of gaining nothing) * ($0)
Expected value = (0.26) * ($153) + (0.74) * ($0)
Expected value = $39.78

For Option B:
Expected value = (probability of gaining $49) * ($49)
Expected value = (1) * ($49)
Expected value = $49

Since $39.78 is less than $49, we should choose the option with the higher expected value, which is Option B.",massA=0.000188 massB=1,before,0,0.0
p2,523,17,gain,0,117,362,0.42,1.2995,1,False,A,meta-llama/Llama-3.1-8B-Instruct,chat,riskneutral_terse,1,0.99971,0.99992,0,answer,"To determine the expected value of each arrangement, we need to multiply the probability of each outcome by its value and then sum these products.

For Arrangement A:
- 42% chance to gain $362: 0.42 * $362 = $151.64
- 58% chance to gain nothing: 0.58 * $0 = $0
Expected value of Arrangement A: $151.64

For Arrangement B:
- Certain gain of $117: 1 * $117 = $117
Expected value of Arrangement B: $117

Since $151.64 is greater than $117, the arrangement with the higher expected value is Arrangement A.",massA=1 massB=0.000291,before,0,0.0
p2,196,6,gain,0,94,101,0.71,0.7629,3,True,B,meta-llama/Llama-3.1-8B-Instruct,chat,riskneutral_terse,1,0.00023,0.99983,0,answer,"To determine the expected value of each outcome, we need to calculate the weighted average of the possible gains.

For Outcome A, the gain is certain, so the expected value is simply $94.

For Outcome B, we have a 71% chance to gain $101 and a 29% chance to gain nothing. To calculate the expected value, we multiply each possible gain by its probability and then add the results:

Expected value of Outcome B = ($101 * 0.71) + ($0 * 0.29)
Expected value of Outcome B = $71.71 + $0
Expected value of Outcome B = $71.71

Now, let's compare the expected values of the two outcomes:

Outcome A: $94
Outcome B: $71.71

Since $94 is greater than $71.71, the option with the higher expected value is Outcome A.",massA=1 massB=0.000227,before,0,0.0
p2,1021,34,neutral,0,52,96,0.63,1.1631,0,False,A,meta-llama/Llama-3.1-8B-Instruct,chat,riskneutral_terse,1,0.99968,0.99996,0,answer,"To determine the preferred option, we need to calculate the expected value of each option.

For Option A:
Expected value = (Probability of receiving $96) * ($96) + (Probability of receiving $0) * ($0)
Expected value = 0.63 * $96 + 0.37 * $0
Expected value = $60.48

For Option B:
Expected value = (Probability of receiving $52) * ($52)
Expected value = 1 * $52
Expected value = $52

Since $60.48 is greater than $52, the preferred option is the one with the higher expected value.",massA=1 massB=0.00032,before,0,0.0
p2,903,30,neutral,0,149,447,0.26,0.78,1,False,A,meta-llama/Llama-3.1-8B-Instruct,chat,riskneutral_terse,1,0.00013,0.99993,0,answer,"To determine the expected value of each arrangement, we multiply the probability of each outcome by its value and then sum these products.

For Arrangement A:
Expected value = ($447 * 0.26) + ($0 * 0.74)
Expected value = $116.22 + $0
Expected value = $116.22

For Arrangement B:
Expected value = ($149 * 1)
Expected value = $149

Since $149 is greater than $116.22, the option with the higher expected value is Arrangement B.",massA=0.000129 massB=1,before,0,0.0
p2,1067,35,gain,0,91,133,0.68,0.9938,3,False,A,meta-llama/Llama-3.1-8B-Instruct,chat,riskneutral_terse,1,0.00832,0.99952,0,answer,"To determine the expected value of each outcome, we need to multiply the probability of each gain by the gain itself and then sum these products.

For Outcome A:
Expected value = (0.68 * $133) + (0.32 * $0)
Expected value = $90.44 + $0
Expected value = $90.44

For Outcome B:
Expected value = $91 (since it's a certain gain)

Outcome A has a higher expected value ($90.44 vs $91), but since $91 is a certain gain, it's actually the better option.",massA=0.00831 massB=0.991,before,0,0.0
p2,1056,35,neutral,0,91,133,0.68,0.9938,3,True,B,meta-llama/Llama-3.1-8B-Instruct,chat,riskneutral_terse,1,0.00498,0.99971,0,answer,"To determine the expected value of Outcome B, we need to multiply the probability of each outcome by its value and then sum these products.

Expected value of Outcome B = (0.68 * $133) + (0.32 * $0)
Expected value of Outcome B = $90.44 + $0
Expected value of Outcome B = $90.44

Outcome A has a certain value of $91, which is higher than the expected value of Outcome B ($90.44).",massA=0.995 massB=0.00498,before,0,0.0
p2,334,11,neutral,0,54,68,0.81,1.02,2,True,B,meta-llama/Llama-3.1-8B-Instruct,chat,riskneutral_terse,1,0.99989,0.99995,0,answer,"To determine the expected value of Alternative B, we need to multiply the probability of each outcome by its value and then sum these products.

Expected value of Alternative B = (Probability of $68) * ($68) + (Probability of $0) * ($0)
Expected value of Alternative B = 0.81 * $68 + 0.19 * $0
Expected value of Alternative B = $55.08 + $0
Expected value of Alternative B = $55.08

Now, let's compare the expected values of Alternative A and Alternative B. 

Alternative A: $54
Alternative B: $55.08

Since $55.08 is greater than $54, the option with the higher expected value is Alternative B.",massA=0.000112 massB=1,before,0,0.0
p2,205,6,mixed,94,94,101,0.71,0.7629,2,False,A,meta-llama/Llama-3.1-8B-Instruct,chat,riskneutral_terse,1,5e-05,0.99936,0,answer,"To determine the better option, we need to calculate the expected value of each alternative.

For Alternative A:
Expected value = (probability of rising to $101) * (amount after rising) + (probability of dropping to $0) * (amount after dropping)
Expected value = (0.71) * ($101) + (0.29) * ($0)
Expected value = $71.21 + $0
Expected value = $71.21

For Alternative B:
Expected value = (probability of no change) * (amount after no change)
Expected value = (1) * ($94)
Expected value = $94

Since $71.21 is less than $94, Alternative B has a higher expected value.",massA=4.91e-05 massB=0.999,before,0,0.0
p2,524,17,gain,0,117,362,0.42,1.2995,2,True,B,meta-llama/Llama-3.1-8B-Instruct,chat,riskneutral_terse,1,0.9999,0.99997,0,answer,"To determine the expected value of each alternative, we need to calculate the weighted sum of the possible outcomes.

For Alternative A, the expected value is simply the certain gain:
Expected Value A = $117

For Alternative B, we need to calculate the weighted sum of the possible outcomes:
Expected Value B = ($362 * 0.42) + ($0 * 0.58)
Expected Value B = $151.64 + $0
Expected Value B = $151.64

Since $151.64 is greater than $117, we would rather have Alternative B.",massA=0.000102 massB=1,before,0,0.0
p2,1099,36,gain,0,98,227,0.47,1.0887,4,False,A,meta-llama/Llama-3.1-8B-Instruct,chat,riskneutral_terse,1,0.99963,0.99997,0,answer,"To determine the expected value of each term, we need to multiply the probability of each outcome by its value and then sum these products.

For Term A:
Expected value = (0.47 * $227) + (0.53 * $0)
Expected value = $106.49 + $0
Expected value = $106.49

For Term B:
Expected value = $98

Since $106.49 is greater than $98, the option with the higher expected value is Term A.",massA=1 massB=0.000368,before,0,0.0
p2,918,30,gain,0,149,447,0.26,0.78,4,True,B,meta-llama/Llama-3.1-8B-Instruct,chat,riskneutral_terse,1,0.00019,0.99997,0,answer,"To determine the expected value of each term, we need to multiply the probability of each outcome by its value and then sum these products.

For Term A, the value is $149 with a 100% chance, so the expected value is $149.

For Term B, there's a 26% chance to gain $447 and a 74% chance to gain nothing (which is $0). So, the expected value of Term B is:
(0.26 * $447) + (0.74 * $0)
= $116.22 + $0
= $116.22

Since $149 is greater than $116.22, the option with the higher expected value is Term A.",massA=1 massB=0.000191,before,0,0.0
p2,273,9,neutral,0,49,153,0.26,0.8118,1,False,A,meta-llama/Llama-3.1-8B-Instruct,chat,riskneutral_terse,1,0.0008,0.99989,0,answer,"To determine which arrangement has a higher expected value, we need to calculate the expected value for each arrangement.

For Arrangement A:
Expected value = (probability of receiving $153) * ($153) + (probability of receiving $0) * ($0)
Expected value = 0.26 * $153 + 0.74 * $0
Expected value = $39.78

For Arrangement B:
Expected value = (probability of receiving $49) * ($49)
Expected value = 1 * $49
Expected value = $49

Since $39.78 is less than $49, Arrangement B has a higher expected value.",massA=0.000804 massB=0.999,before,0,0.0
p2,331,11,neutral,0,54,68,0.81,1.02,0,False,A,meta-llama/Llama-3.1-8B-Instruct,chat,riskneutral_terse,1,0.99942,0.99998,0,answer,"To determine the preferred option, we need to calculate the expected value of each option.

For Option A:
Expected value = (Probability of receiving $68) * ($68) + (Probability of receiving $0) * ($0)
Expected value = 0.81 * $68 + 0.19 * $0
Expected value = $54.88

For Option B:
Expected value = $54 (since it's a certain payment)

Since $54.88 is greater than $54, the preferred option is the one with the higher expected value.",massA=0.999 massB=0.000579,before,0,0.0
p2,500,16,mixed,139,139,234,0.6,1.0101,0,True,B,meta-llama/Llama-3.1-8B-Instruct,chat,riskneutral_terse,1,0.99992,0.99997,0,answer,"To determine the preferred option, we need to calculate the expected value of each option.

For Option A, the expected value is simply the amount we have upfront: $139.

For Option B, we need to calculate the expected value based on the probabilities and outcomes:
- 60% chance to rise to $234: 0.6 * $234 = $140.40
- 40% chance to drop to $0: 0.4 * $0 = $0
The expected value of Option B is the sum of these two outcomes: $140.40 + $0 = $140.40

Now, let's compare the expected values:
- Option A: $139
- Option B: $140.40

Since $140.40 is greater than $139, the preferred option is the one with the higher expected value.",massA=8.09e-05 massB=1,before,0,0.0
p2,440,14,mixed,81,81,201,0.68,1.6874,0,True,B,meta-llama/Llama-3.1-8B-Instruct,chat,riskneutral_terse,1,0.99998,0.99992,0,answer,"To determine the preferred option, we need to calculate the expected value of each option.

For Option A, the expected value is simply the amount we have upfront, which is $81.

For Option B, we need to calculate the expected value based on the probabilities and outcomes:

Expected value of Option B = (Probability of rising to $201) * (Amount if we rise to $201) + (Probability of dropping to $0) * (Amount if we drop to $0)
Expected value of Option B = (0.68) * ($201) + (0.32) * ($0)
Expected value of Option B = $136.80 + $0
Expected value of Option B = $136.80

Since $136.80 is greater than $81, we should choose Option B.",massA=1.72e-05 massB=1,before,0,0.0
p2,411,13,mixed,72,72,88,0.64,0.7822,0,False,A,meta-llama/Llama-3.1-8B-Instruct,chat,riskneutral_terse,1,0.99539,0.9997,0,answer,"To determine the preferred option, we need to calculate the expected value of each option.

For Option A:
Expected value = (probability of rising to $88) * (amount if rising) + (probability of dropping to $0) * (amount if dropping)
Expected value = (0.64) * ($88) + (0.36) * ($0)
Expected value = $56.32 + $0
Expected value = $56.32

For Option B:
Expected value = (probability of keeping $72) * (amount if keeping) + (probability of changing) * (amount if changing)
Since there's no change in Option B, the expected value is simply the amount itself.
Expected value = $72

Comparing the expected values, Option A has a higher expected value ($56.32) than Option B ($72).",massA=0.995 massB=0.00461,before,0,0.0
p2,642,21,gain,0,106,206,0.73,1.4187,1,True,B,meta-llama/Llama-3.1-8B-Instruct,chat,riskneutral_terse,1,0.99987,0.99995,0,answer,"To determine the expected value of each arrangement, we need to calculate the weighted average of the possible outcomes.

For Arrangement A, the expected value is simply the certain gain:
Expected Value A = $106

For Arrangement B, we need to calculate the weighted average of the possible outcomes:
Expected Value B = ($206 * 0.73) + ($0 * 0.27)
Expected Value B = $150.18

Since $150.18 is greater than $106, the option with the higher expected value is Arrangement B.",massA=0.000125 massB=1,before,0,0.0
p2,944,31,gain,0,51,151,0.29,0.8586,2,True,B,meta-llama/Llama-3.1-8B-Instruct,chat,riskneutral_terse,1,0.00047,0.99992,0,answer,"To determine the expected value of each alternative, we need to calculate the weighted sum of the possible outcomes.

For Alternative A, the expected value is simply the certain gain:
Expected Value A = $51

For Alternative B, we need to calculate the weighted sum of the possible outcomes:
Expected Value B = (29% * $151) + (71% * $0)
Expected Value B = (0.29 * $151) + (0.71 * $0)
Expected Value B = $43.91 + $0
Expected Value B = $43.91

Now, let's compare the expected values:
Expected Value A = $51
Expected Value B = $43.91

Since $51 is greater than $43.91, we would rather have Alternative A.",massA=0.999 massB=0.000465,before,0,0.0
p2,955,31,mixed,51,51,151,0.29,0.8586,2,False,A,meta-llama/Llama-3.1-8B-Instruct,chat,riskneutral_terse,1,3e-05,0.99983,0,answer,"To determine the expected value of each alternative, we need to calculate the weighted sum of the possible outcomes.

For Alternative A:
- 29% chance to rise to $151: 0.29 * $151 = $43.99
- 71% chance to drop to $0: 0.71 * $0 = $0
Expected value of Alternative A: $43.99 - $51 = -$7.01

For Alternative B:
- 100% chance to keep $51: 1 * $51 = $51
Expected value of Alternative B: $51

Since the expected value of Alternative A is negative, it has a lower expected value compared to Alternative B. Therefore, the option with the higher expected value is Alternative B.",massA=3.32e-05 massB=1,before,0,0.0
p2,1071,35,mixed,91,91,133,0.68,0.9938,0,False,A,meta-llama/Llama-3.1-8B-Instruct,chat,riskneutral_terse,1,0.99883,0.99993,0,answer,"To determine the preferred option, we need to calculate the expected value of each option.

For Option A:
Expected value = (probability of rising) * (amount if rising) + (probability of dropping) * (amount if dropping)
Expected value = 0.68 * $133 + 0.32 * $0
Expected value = $90.44 + $0
Expected value = $90.44

For Option B:
Expected value = $91 (since there's no change)

Since $90.44 is greater than $91, the expected value of Option A is higher.",massA=0.999 massB=0.00117,before,0,0.0
p2,638,21,neutral,0,106,206,0.73,1.4187,4,True,B,meta-llama/Llama-3.1-8B-Instruct,chat,riskneutral_terse,1,0.99936,0.99998,0,answer,"To decide between the two terms, we need to calculate their expected values. The expected value (EV) is the sum of the product of each outcome and its probability.

For Term A, the expected value is simply the certain amount:
EV(A) = $106

For Term B, the expected value is calculated as follows:
EV(B) = ($206 * 0.73) + ($0 * 0.27)
EV(B) = $150.18

Since $150.18 is greater than $106, the term with the higher expected value is Term B.",massA=0.000636 massB=0.999,before,0,0.0
p2,336,11,neutral,0,54,68,0.81,1.02,3,True,B,meta-llama/Llama-3.1-8B-Instruct,chat,riskneutral_terse,1,0.99843,0.99991,0,answer,"To determine the expected value of Outcome B, we need to multiply the probability of each outcome by its value and then sum these products.

Expected value of Outcome B = (Probability of $68) * ($68) + (Probability of $0) * ($0)
Expected value of Outcome B = (0.81) * ($68) + (0.19) * ($0)
Expected value of Outcome B = $54.88

Since the expected value of Outcome B ($54.88) is higher than the value of Outcome A ($54), we should choose Outcome B.",massA=0.00157 massB=0.998,before,0,0.0
p2,579,19,neutral,0,64,122,0.49,0.9341,4,False,A,meta-llama/Llama-3.1-8B-Instruct,chat,riskneutral_terse,1,0.99894,0.99993,0,answer,"To make a decision, we need to calculate the expected value of each term. The expected value is the sum of the product of each outcome and its probability.

For Term A:
Expected value = ($122 * 0.49) + ($0 * 0.51)
Expected value = $59.78

For Term B:
Expected value = ($64 * 1)
Expected value = $64

Since $59.78 is greater than $64, we should choose Term A.",massA=0.999 massB=0.00106,before,0,0.0
p2,145,4,mixed,29,29,71,0.55,1.3466,2,False,A,meta-llama/Llama-3.1-8B-Instruct,chat,riskneutral_terse,1,0.9836,0.99727,0,length_or_eos,"To determine the better option, we need to calculate the expected value of each alternative.

For Alternative A:
Expected value = (probability of gain * amount gained) + (probability of loss * amount lost)
Expected value = (0.55 * $42) + (0.45 * -$29)
Expected value = $23.10 - $13.05
Expected value = $10.05

For Alternative B:
Expected value = $29 (since there's no change)

Comparing the expected values, Alternative A has a higher expected value ($10.05) than Alternative B ($29). However, this is not the correct answer because the expected value of Alternative B is higher than Alternative A.

The expected value of Alternative A is higher than the expected value of Alternative B, but the expected value of Alternative B is higher than the actual value of Alternative A. This is because the expected value of Alternative A is negative due to the possibility of losing $29.

The correct answer is the one with the higher expected value, but in this case, the expected value of Alternative A is higher than the expected value of Alternative B.",massA=0.981 massB=0.0164,before,0,0.0
p2,1273,36,dominant,0,98,155,1.0,1.5816,0,False,A,meta-llama/Llama-3.1-8B-Instruct,chat,riskneutral_terse,1,0.99949,0.9998,0,answer,"To determine the preferred option, we need to compare the expected values of both options. Since both options are certain, their expected values are equal to the amount of money we receive.

Option A: $155 (certain)
Option B: $98 (certain)

Since $155 is greater than $98, the option with the higher expected value is Option A.",massA=0.999 massB=0.000511,before,0,0.0
p2,199,6,gain,0,94,101,0.71,0.7629,4,False,A,meta-llama/Llama-3.1-8B-Instruct,chat,riskneutral_terse,1,1e-05,0.99996,0,answer,"To determine the expected value of each term, we need to multiply the probability of each outcome by its value and then sum these products.

For Term A:
Expected value = (0.71 * $101) + (0.29 * $0)
Expected value = $71.11 + $0
Expected value = $71.11

For Term B:
Expected value = $94 (since it's a certain gain)

Since $94 is greater than $71.11, the option with the higher expected value is Term B.",massA=1.3e-05 massB=1,before,0,0.0
p2,907,30,neutral,0,149,447,0.26,0.78,3,False,A,meta-llama/Llama-3.1-8B-Instruct,chat,riskneutral_terse,1,0.00018,0.99991,0,answer,"To determine the expected value of each outcome, we multiply the probability of each outcome by its respective value and then sum the results.

For Outcome A:
Expected Value = ($447 * 0.26) + ($0 * 0.74)
Expected Value = $116.22 + $0
Expected Value = $116.22

For Outcome B:
Expected Value = ($149 * 1)
Expected Value = $149

Since $149 is greater than $116.22, the option with the higher expected value is Outcome B.",massA=0.00018 massB=1,before,0,0.0
p2,1085,36,neutral,0,98,227,0.47,1.0887,2,False,A,meta-llama/Llama-3.1-8B-Instruct,chat,riskneutral_terse,1,0.99926,0.99995,0,answer,"To determine the expected value of each alternative, we multiply the probability of each outcome by its value and then sum the results.

For Alternative A:
Expected value = ($227 * 0.47) + ($0 * 0.53)
Expected value = $106.09 + $0
Expected value = $106.09

For Alternative B:
Expected value = ($98 * 1)
Expected value = $98

Since $106.09 is greater than $98, the alternative with the higher expected value is Alternative A.",massA=0.999 massB=0.000744,before,0,0.0
p2,320,10,mixed,111,111,278,0.58,1.4526,0,True,B,meta-llama/Llama-3.1-8B-Instruct,chat,riskneutral_terse,1,0.99997,0.99991,0,answer,"To determine the preferred option, we need to calculate the expected value of each option.

For Option A, the expected value is simply the amount we have upfront, which is $111.

For Option B, we need to calculate the expected value based on the probabilities and outcomes:

Expected value of Option B = (Probability of rising to $278) * (Amount if we rise to $278) + (Probability of dropping to $0) * (Amount if we drop to $0)
Expected value of Option B = (0.58) * ($278) + (0.42) * ($0)
Expected value of Option B = $161.24 + $0
Expected value of Option B = $161.24

Since $161.24 is greater than $111, we should choose Option B.",massA=2.8e-05 massB=1,before,0,0.0
p2,917,30,gain,0,149,447,0.26,0.78,3,False,A,meta-llama/Llama-3.1-8B-Instruct,chat,riskneutral_terse,1,8e-05,0.9999,0,answer,"To determine the expected value of each outcome, we need to multiply the probability of each gain by the gain itself and then sum these products.

For Outcome A:
- 26% chance to gain $447: 0.26 * $447 = $116.22
- 74% chance to gain nothing: 0.74 * $0 = $0
Expected value of Outcome A: $116.22

For Outcome B:
- Certain gain of $149: 1 * $149 = $149
Expected value of Outcome B: $149

Since $149 is greater than $116.22, the option with the higher expected value is Outcome B.",massA=7.72e-05 massB=1,before,0,0.0
p2,298,9,mixed,49,49,153,0.26,0.8118,4,True,B,meta-llama/Llama-3.1-8B-Instruct,chat,riskneutral_terse,1,0.00135,0.99974,0,answer,"To make a decision, we need to calculate the expected value of each term.

For Term A, the expected value is simply the amount we have upfront: $49.

For Term B, we need to calculate the expected value by multiplying the probability of each outcome by its value and summing them up:

Expected value of Term B = (26% chance to rise to $153) + (74% chance to drop to $0)
Expected value of Term B = (0.26 * $153) + (0.74 * $0)
Expected value of Term B = $39.78 + $0
Expected value of Term B = $39.78

Since $39.78 is less than $49, the expected value of Term B is lower than the expected value of Term A.",massA=0.998 massB=0.00135,before,0,0.0
p2,486,16,neutral,0,139,234,0.6,1.0101,3,True,B,meta-llama/Llama-3.1-8B-Instruct,chat,riskneutral_terse,1,0.99299,0.99991,0,answer,"To determine the expected value of Outcome B, we need to multiply the probability of each outcome by its value and then sum these products.

Expected value of Outcome B = (0.6 * $234) + (0.4 * $0)
Expected value of Outcome B = $140.4 + $0
Expected value of Outcome B = $140.4

Now, let's compare the expected values of Outcome A and Outcome B. Outcome A has a certain value of $139, which is lower than the expected value of Outcome B ($140.4).",massA=0.00701 massB=0.993,before,0,0.0
p2,650,21,mixed,106,106,206,0.73,1.4187,0,True,B,meta-llama/Llama-3.1-8B-Instruct,chat,riskneutral_terse,1,0.99997,0.99993,0,answer,"To determine the preferred option, we need to calculate the expected value of each option.

For Option A, the expected value is simply the amount we have upfront, which is $106.

For Option B, we need to calculate the expected value based on the probabilities and outcomes:

Expected value of Option B = (73% chance to rise to $206) * ($206) + (27% chance to drop to $0) * ($0)
Expected value of Option B = 0.73 * $206 + 0.27 * $0
Expected value of Option B = $150.18

Since $150.18 is greater than $106, we should choose Option B.",massA=3.43e-05 massB=1,before,0,0.0
p2,300,10,neutral,0,111,278,0.58,1.4526,0,True,B,meta-llama/Llama-3.1-8B-Instruct,chat,riskneutral_terse,1,0.99956,0.99998,0,answer,"To determine the preferred option, we need to calculate the expected value of each option.

For Option A, the expected value is the payment amount itself, which is $111.

For Option B, the expected value is calculated as follows:
Expected Value = (Probability of $278) * ($278) + (Probability of $0) * ($0)
Expected Value = (0.58) * ($278) + (0.42) * ($0)
Expected Value = $161.24

Since $161.24 is greater than $111, the option with the higher expected value is Option B.",massA=0.000437 massB=1,before,0,0.0
p2,450,15,neutral,0,82,113,0.74,1.0198,0,True,B,meta-llama/Llama-3.1-8B-Instruct,chat,riskneutral_terse,1,0.99981,0.99998,0,answer,"To determine the preferred option, we need to calculate the expected value of each option.

For Option A, the expected value is the payment amount itself, which is $82.

For Option B, the expected value is calculated as follows:
Expected Value = (Probability of $113) * ($113) + (Probability of $0) * ($0)
Expected Value = (0.74) * ($113) + (0.26) * ($0)
Expected Value = $83.62

Since $83.62 is greater than $82, the option with the higher expected value is Option B.",massA=0.000191 massB=1,before,0,0.0
p2,391,13,neutral,0,72,88,0.64,0.7822,0,False,A,meta-llama/Llama-3.1-8B-Instruct,chat,riskneutral_terse,1,0.99181,0.99925,0,answer,"To determine the preferred option, we need to calculate the expected value of each option.

For Option A:
Expected value = (Probability of receiving $88) * ($88) + (Probability of receiving $0) * ($0)
Expected value = 0.64 * $88 + 0.36 * $0
Expected value = $56.32

For Option B:
Expected value = $72 (since it's a certain payment)

Comparing the expected values, $56.32 is less than $72. However, since we are looking for the option with the higher expected value, we need to consider the probabilities and the payments.

Option A has a higher expected value ($56.32) than Option B ($72), but this is because the payment in Option A is higher ($88) with a higher probability (64%). Although the expected value of Option A is lower, the potential gain is higher, making it a riskier but potentially more rewarding option.

However, since the question asks to pick the option with the higher expected value, we should choose the option with the higher expected value, which is Option A.",massA=0.991 massB=0.00818,before,0,0.0
p2,1066,35,gain,0,91,133,0.68,0.9938,3,True,B,meta-llama/Llama-3.1-8B-Instruct,chat,riskneutral_terse,1,0.00011,0.99994,0,answer,"To determine the expected value of each outcome, we need to calculate the weighted average of the possible gains.

For Outcome A, the expected value is simply the certain gain:
Expected Value A = $91

For Outcome B, we need to calculate the weighted average of the possible gains:
Expected Value B = (68% * $133) + (32% * $0)
Expected Value B = (0.68 * $133) + (0.32 * $0)
Expected Value B = $90.44 + $0
Expected Value B = $90.44

Now, let's compare the expected values:
Expected Value A = $91
Expected Value B = $90.44

Since Outcome A has a higher expected value, the answer is",massA=1 massB=0.000111,before,0,0.0
p2,472,15,mixed,82,82,113,0.74,1.0198,1,True,B,meta-llama/Llama-3.1-8B-Instruct,chat,riskneutral_terse,1,0.99995,0.99985,0,answer,"To determine the expected value of each arrangement, we need to calculate the weighted average of the possible outcomes.

For Arrangement A, the expected value is simply the upfront payment: $82.

For Arrangement B, the expected value is calculated as follows:

Expected value = (probability of rising to $113) * (amount if rising) + (probability of dropping to $0) * (amount if dropping)
Expected value = (0.74) * ($113) + (0.26) * ($0)
Expected value = $83.62

Since $83.62 is greater than $82, the expected value of Arrangement B is higher.",massA=4.99e-05 massB=1,before,0,0.0
p2,248,8,neutral,0,62,263,0.33,1.3998,4,True,B,meta-llama/Llama-3.1-8B-Instruct,chat,riskneutral_terse,1,0.99976,0.99998,0,answer,"To decide which term to take, we need to calculate the expected value of each term.

For Term A, the expected value is $62 since it's a certain amount.

For Term B, the expected value is calculated as follows:
Expected Value = (Probability of receiving $263) * ($263) + (Probability of receiving $0) * ($0)
Expected Value = (0.33) * ($263) + (0.67) * ($0)
Expected Value = $86.59

Since $86.59 is greater than $62, the expected value of Term B is higher.",massA=0.000238 massB=1,before,0,0.0
p2,1271,35,dominant,0,91,107,1.0,1.1758,3,False,A,meta-llama/Llama-3.1-8B-Instruct,chat,riskneutral_terse,1,0.99961,0.99969,0,answer,"In this scenario, both outcomes are certain, meaning there's no risk involved. 

Outcome A offers a guaranteed $107, while Outcome B offers a guaranteed $91. 

Since both outcomes are certain, the expected value is the same as the guaranteed amount. Therefore, the option with the higher expected value is Outcome A.",massA=0.999 massB=0.000386,before,0,0.0
p2,451,15,neutral,0,82,113,0.74,1.0198,0,False,A,meta-llama/Llama-3.1-8B-Instruct,chat,riskneutral_terse,1,0.99962,0.99998,0,answer,"To determine the preferred option, we need to calculate the expected value of each option.

For Option A:
Expected value = (Probability of receiving $113) * ($113) + (Probability of receiving $0) * ($0)
Expected value = 0.74 * $113 + 0.26 * $0
Expected value = $83.82

For Option B:
Expected value = $82 (since it's a certain payment)

Since $83.82 is greater than $82, the preferred option is the one with the higher expected value.",massA=1 massB=0.00038,before,0,0.0
p2,508,16,mixed,139,139,234,0.6,1.0101,4,True,B,meta-llama/Llama-3.1-8B-Instruct,chat,riskneutral_terse,1,0.0013,0.99982,0,answer,"To make a decision, we need to calculate the expected value of each term.

For Term A, the expected value is simply the amount we have upfront: $139.

For Term B, we need to calculate the expected value of the two possible outcomes and then take their weighted average. 

The expected value of the gain is $95 (the amount we gain) with a probability of 60% (the chance of gaining). So, the expected value of the gain is $95 * 0.6 = $57.
The expected value of the loss is -$139 (the amount we lose) with a probability of 40% (the chance of losing). So, the expected value of the loss is -$139 * 0.4 = -$55.56.
The overall expected value of Term B is the sum of the expected value of the gain and the expected value of the loss: $57 + (-$55.56) = $1.44.

Now, we compare the expected values of Term A and Term B. The expected value of Term A is $139, while the expected value of Term B is $1.44. Since $139 is higher than $1.44, we should choose Term A.",massA=0.999 massB=0.0013,before,0,0.0
p2,931,31,neutral,0,51,151,0.29,0.8586,0,False,A,meta-llama/Llama-3.1-8B-Instruct,chat,riskneutral_terse,1,0.00014,0.99989,0,answer,"To determine the preferred option, we need to calculate the expected value of each option.

For Option A:
Expected value = (Probability of receiving $151) * ($151) + (Probability of receiving $0) * ($0)
Expected value = 0.29 * $151 + 0.71 * $0
Expected value = $43.89

For Option B:
Expected value = $51 (since it's a certain payment)

Since $43.89 is less than $51, the option with the higher expected value is Option B.",massA=0.00014 massB=1,before,0,0.0
p2,134,4,gain,0,29,71,0.55,1.3466,2,True,B,meta-llama/Llama-3.1-8B-Instruct,chat,riskneutral_terse,1,0.99982,0.99995,0,answer,"To determine the expected value of each alternative, we need to calculate the average gain.

For Alternative A, the expected value is simply the certain gain: $29.

For Alternative B, we need to calculate the weighted average of the two possible gains. The weights are the probabilities of each gain (55% and 45%).
Expected value of Alternative B = (55% * $71) + (45% * $0)
Expected value of Alternative B = 0.55 * $71 + 0.45 * $0
Expected value of Alternative B = $39.05

Since $39.05 is greater than $29, the alternative with the higher expected value is Alternative B.",massA=0.000177 massB=1,before,0,0.0
p2,613,20,gain,0,186,266,0.63,0.901,1,False,A,meta-llama/Llama-3.1-8B-Instruct,chat,riskneutral_terse,1,0.0004,0.99997,0,answer,"To determine the expected value of each arrangement, we need to multiply the probability of each outcome by its value and then sum these products.

For Arrangement A:
Expected value = (0.63 * $266) + (0.37 * $0)
Expected value = $167.06 + $0
Expected value = $167.06

For Arrangement B:
Expected value = $186 (since it's a certain gain)

Since $167.06 is less than $186, we should choose the arrangement with the higher expected value.",massA=0.000404 massB=1,before,0,0.0
p2,1052,35,neutral,0,91,133,0.68,0.9938,1,True,B,meta-llama/Llama-3.1-8B-Instruct,chat,riskneutral_terse,1,0.00042,0.99995,0,answer,"To determine the expected value of each arrangement, we need to calculate the weighted average of the possible outcomes.

For Arrangement A, the expected value is the certain amount:
Expected Value A = $91

For Arrangement B, the expected value is the sum of the products of each outcome and its probability:
Expected Value B = ($133 * 0.68) + ($0 * 0.32)
Expected Value B = $90.44 + $0
Expected Value B = $90.44

Since $91 (Arrangement A) is greater than $90.44 (Arrangement B), the option with the higher expected value is Arrangement A.",massA=1 massB=0.000424,before,0,0.0
p2,303,10,neutral,0,111,278,0.58,1.4526,1,False,A,meta-llama/Llama-3.1-8B-Instruct,chat,riskneutral_terse,1,0.99943,0.99988,0,answer,"To determine which arrangement has a higher expected value, we need to calculate the expected value for each arrangement.

For Arrangement A:
Expected value = (Probability of receiving $278) * ($278) + (Probability of receiving $0) * ($0)
Expected value = 0.58 * $278 + 0.42 * $0
Expected value = $161.24

For Arrangement B:
Expected value = (Probability of receiving $111) * ($111)
Expected value = 1 * $111
Expected value = $111

Since $161.24 is greater than $111, the arrangement with the higher expected value is Arrangement A.",massA=0.999 massB=0.00057,before,0,0.0
p2,479,15,mixed,82,82,113,0.74,1.0198,4,False,A,meta-llama/Llama-3.1-8B-Instruct,chat,riskneutral_terse,1,0.99985,0.99994,0,answer,"To make a decision, we need to calculate the expected value of each term. 

For Term A, the expected value is calculated as follows:
Expected value = (probability of rising) * (amount after rising) + (probability of dropping) * (amount after dropping)
Expected value = (0.74) * ($113) + (0.26) * ($0)
Expected value = $83.62 + $0
Expected value = $83.62

For Term B, the expected value is:
Expected value = $82 (since there's no change)

Since $83.62 is greater than $82, the option with the higher expected value is Term A.",massA=1 massB=0.000147,before,0,0.0
p2,125,4,neutral,0,29,71,0.55,1.3466,2,False,A,meta-llama/Llama-3.1-8B-Instruct,chat,riskneutral_terse,1,0.99953,0.99995,0,answer,"To determine the expected value of each alternative, we multiply the probability of each outcome by its value and then sum these products.

For Alternative A:
Expected value = ($71 * 0.55) + ($0 * 0.45)
Expected value = $38.95 + $0
Expected value = $38.95

For Alternative B:
Expected value = ($29 * 1)
Expected value = $29

Since $38.95 is greater than $29, the alternative with the higher expected value is Alternative A.",massA=0.999 massB=0.000466,before,0,0.0
p2,633,21,neutral,0,106,206,0.73,1.4187,1,False,A,meta-llama/Llama-3.1-8B-Instruct,chat,riskneutral_terse,1,0.99926,0.99995,0,answer,"To determine the expected value of each arrangement, we multiply the probability of each outcome by its value and then sum these products.

For Arrangement A:
Expected value = ($206 * 0.73) + ($0 * 0.27)
Expected value = $150.18 + $0
Expected value = $150.18

For Arrangement B:
Expected value = ($106 * 1)
Expected value = $106

Since $150.18 is greater than $106, the arrangement with the higher expected value is Arrangement A.",massA=0.999 massB=0.000744,before,0,0.0
p2,619,20,gain,0,186,266,0.63,0.901,4,False,A,meta-llama/Llama-3.1-8B-Instruct,chat,riskneutral_terse,1,2e-05,0.99995,0,answer,"To determine the expected value of each term, we need to multiply the probability of each outcome by its value and then sum these products.

For Term A:
Expected value = (0.63 * $266) + (0.37 * $0)
Expected value = $167.58 + $0
Expected value = $167.58

For Term B:
Expected value = $186 (since it's a certain gain)

Since $167.58 is less than $186, the option with the higher expected value is Term B.",massA=1.62e-05 massB=1,before,0,0.0
p2,535,17,mixed,117,117,362,0.42,1.2995,2,False,A,meta-llama/Llama-3.1-8B-Instruct,chat,riskneutral_terse,1,0.99985,0.99991,0,answer,"To determine the better option, we need to calculate the expected value of each alternative.

For Alternative A:
Expected value = (probability of rising) * (amount after rising) + (probability of dropping) * (amount after dropping)
Expected value = (0.42) * ($362) + (0.58) * ($0)
Expected value = $152.44 + $0
Expected value = $152.44

For Alternative B:
Expected value = (probability of no change) * (amount after no change)
Expected value = (1) * ($117)
Expected value = $117

Since $152.44 is greater than $117, the alternative with the higher expected value is Alternative A.",massA=1 massB=0.000151,before,0,0.0
p2,905,30,neutral,0,149,447,0.26,0.78,2,False,A,meta-llama/Llama-3.1-8B-Instruct,chat,riskneutral_terse,1,0.00175,0.99998,0,answer,"To determine the expected value of each alternative, we need to multiply the probability of each outcome by its value and then sum these products.

For Alternative A:
Expected value = ($447 * 0.26) + ($0 * 0.74)
Expected value = $115.82 + $0
Expected value = $115.82

For Alternative B:
Expected value = ($149 * 1)
Expected value = $149

Since $149 is greater than $115.82, we should choose the alternative with the higher expected value.",massA=0.00175 massB=0.998,before,0,0.0
p2,261,8,mixed,62,62,263,0.33,1.3998,0,False,A,meta-llama/Llama-3.1-8B-Instruct,chat,riskneutral_terse,1,0.99995,0.99996,0,answer,"To determine the preferred option, we need to calculate the expected value of each option.

For Option A:
Expected value = (probability of gain) * (amount gained) + (probability of loss) * (amount lost)
Expected value = (0.33) * ($263 - $62) + (0.67) * ($62 - $62)
Expected value = (0.33) * $201 + (0.67) * $0
Expected value = $66.33 + $0
Expected value = $66.33

For Option B:
Expected value = (probability of gain) * (amount gained) + (probability of loss) * (amount lost)
Expected value = (1) * ($62 - $62) + (0) * ($62 - $62)
Expected value = $0 + $0
Expected value = $0

Since the expected value of Option A ($66.33) is higher than that of Option B ($0), the preferred option is",massA=1 massB=4.83e-05,before,0,0.0
p2,602,20,neutral,0,186,266,0.63,0.901,1,True,B,meta-llama/Llama-3.1-8B-Instruct,chat,riskneutral_terse,1,0.00039,0.99995,0,answer,"To determine the expected value of each arrangement, we need to calculate the weighted sum of the possible outcomes.

For Arrangement A, the expected value is simply the certain amount:
Expected Value A = $186

For Arrangement B, we multiply each outcome by its probability and sum them up:
Expected Value B = ($266 * 0.63) + ($0 * 0.37)
Expected Value B = $167.18 + $0
Expected Value B = $167.18

Since $186 (Arrangement A) is greater than $167.18 (Arrangement B), the option with the higher expected value is Arrangement A.",massA=1 massB=0.000392,before,0,0.0
p2,1230,15,dominant,0,82,114,1.0,1.3902,2,True,B,meta-llama/Llama-3.1-8B-Instruct,chat,riskneutral_terse,1,0.99988,0.99993,0,answer,"To determine the better option, we need to compare the two alternatives. 

Alternative A offers a certain amount of $82. 
Alternative B also offers a certain amount, but it's higher at $114.

Since both alternatives are for certain, there's no risk involved. The decision comes down to the amount of money each option provides.

The higher expected value is $114, which is offered by Alternative B.",massA=0.00012 massB=1,before,0,0.0
p2,655,21,mixed,106,106,206,0.73,1.4187,2,False,A,meta-llama/Llama-3.1-8B-Instruct,chat,riskneutral_terse,1,0.99983,0.99991,0,answer,"To determine the better option, we need to calculate the expected value of each alternative.

For Alternative A:
Expected value = (probability of rising to $206) * (amount if rising) + (probability of dropping to $0) * (amount if dropping)
Expected value = (0.73) * ($206) + (0.27) * ($0)
Expected value = $150.18 + $0
Expected value = $150.18

For Alternative B:
Expected value = (probability of no change) * (amount if no change)
Expected value = (1) * ($106)
Expected value = $106

Since $150.18 is greater than $106, the alternative with the higher expected value is Alternative A.",massA=1 massB=0.000169,before,0,0.0
p2,1234,17,dominant,0,117,129,1.0,1.1026,4,True,B,meta-llama/Llama-3.1-8B-Instruct,chat,riskneutral_terse,1,0.99979,0.99994,0,answer,"To make a decision, we need to compare the expected values of both terms. Since both terms are for certain, their expected values are equal to the amounts received.

Term A: $117
Term B: $129

Since $129 is greater than $117, the option with the higher expected value is Term B.",massA=0.000207 massB=1,before,0,0.0
p2,242,8,neutral,0,62,263,0.33,1.3998,1,True,B,meta-llama/Llama-3.1-8B-Instruct,chat,riskneutral_terse,1,0.99946,0.99992,0,answer,"To determine the expected value of each arrangement, we need to calculate the weighted average of the possible outcomes.

For Arrangement A, the outcome is certain, so the expected value is simply $62.

For Arrangement B, the expected value is calculated as follows:
Expected Value = (Probability of outcome 1) * (Outcome 1) + (Probability of outcome 2) * (Outcome 2)
Expected Value = (0.33) * ($263) + (0.67) * ($0)
Expected Value = $86.59 + $0
Expected Value = $86.59

Now, let's compare the expected values of the two arrangements:
Arrangement A: $62
Arrangement B: $86.59

Since $86.59 is greater than $62, the option with the higher expected value is Arrangement B.",massA=0.000536 massB=0.999,before,0,0.0
p2,1228,14,dominant,0,81,135,1.0,1.6667,1,True,B,meta-llama/Llama-3.1-8B-Instruct,chat,riskneutral_terse,1,0.99994,0.99976,0,answer,"To determine which arrangement has a higher expected value, we need to compare the two options. 

In this case, both arrangements are certain, meaning there is no risk involved. The expected value is simply the amount of money we will receive.

Arrangement A offers $81 for certain, and Arrangement B offers $135 for certain.

Since $135 is greater than $81, the arrangement with the higher expected value is Arrangement B.",massA=5.65e-05 massB=1,before,0,0.0
p2,504,16,mixed,139,139,234,0.6,1.0101,2,True,B,meta-llama/Llama-3.1-8B-Instruct,chat,riskneutral_terse,1,0.99997,0.99992,0,answer,"To determine the expected value of each alternative, we need to calculate the weighted sum of the possible outcomes.

For Alternative A, the expected value is simply the initial amount:
Expected Value A = $139

For Alternative B, we have two possible outcomes with their respective probabilities:
Outcome 1: $234 with 60% probability
Outcome 2: $0 with 40% probability

Expected Value B = ($234 * 0.6) + ($0 * 0.4)
Expected Value B = $140.4 + $0
Expected Value B = $140.4

Since $140.4 is greater than $139, the expected value of Alternative B is higher.",massA=3.12e-05 massB=1,before,0,0.0
p2,606,20,neutral,0,186,266,0.63,0.901,3,True,B,meta-llama/Llama-3.1-8B-Instruct,chat,riskneutral_terse,1,0.00468,0.99974,0,answer,"To determine the expected value of Outcome B, we need to multiply the probability of each outcome by its value and then sum these products.

Expected value of Outcome B = ($266 * 0.63) + ($0 * 0.37)
Expected value of Outcome B = $166.98 + $0
Expected value of Outcome B = $166.98

Now, let's compare the expected values of Outcome A and Outcome B. Outcome A has a value of $186, which is higher than the expected value of Outcome B ($166.98).",massA=0.995 massB=0.00468,before,0,0.0
p2,1029,34,neutral,0,52,96,0.63,1.1631,4,False,A,meta-llama/Llama-3.1-8B-Instruct,chat,riskneutral_terse,1,0.99965,0.99997,0,answer,"To make a decision, we need to calculate the expected value of each term. The expected value is the sum of the product of each outcome and its probability.

For Term A:
Expected value = ($96 * 0.63) + ($0 * 0.37)
Expected value = $60.48 + $0
Expected value = $60.48

For Term B:
Expected value = ($52 * 1)
Expected value = $52

Since $60.48 is greater than $52, the option with the higher expected value is Term A.",massA=1 massB=0.000346,before,0,0.0
p2,461,15,gain,0,82,113,0.74,1.0198,0,False,A,meta-llama/Llama-3.1-8B-Instruct,chat,riskneutral_terse,1,0.99986,0.99997,0,answer,"To determine the preferred option, we need to calculate the expected value of each option.

For Option A:
Expected value = (probability of gaining $113) * (amount gained) + (probability of gaining nothing) * (amount gained)
Expected value = (0.74) * ($113) + (0.26) * ($0)
Expected value = $83.72

For Option B:
Expected value = (probability of gaining $82) * (amount gained)
Expected value = (1) * ($82)
Expected value = $82

Since $83.72 is greater than $82, the preferred option is the one with the higher expected value.",massA=1 massB=0.00014,before,0,0.0
p2,140,4,mixed,29,29,71,0.55,1.3466,0,True,B,meta-llama/Llama-3.1-8B-Instruct,chat,riskneutral_terse,1,0.99994,0.99993,0,answer,"To determine the preferred option, we need to calculate the expected value of each option.

For Option A, the expected value is simply the amount we have upfront, which is $29.

For Option B, we need to calculate the expected value based on the probabilities and outcomes:

Expected value of Option B = (55% chance to rise to $71) * ($71) + (45% chance to drop to $0) * ($0)
Expected value of Option B = 0.55 * $71 + 0.45 * $0
Expected value of Option B = $39.05 + $0
Expected value of Option B = $39.05

Now, let's compare the expected values of both options:

Option A: $29
Option B: $39.05

Since $39.05 is greater than $29, we should choose Option B.",massA=6.4e-05 massB=1,before,0,0.0
p2,614,20,gain,0,186,266,0.63,0.901,2,True,B,meta-llama/Llama-3.1-8B-Instruct,chat,riskneutral_terse,1,0.00061,0.99996,0,answer,"To determine the expected value of each alternative, we need to calculate the weighted sum of the possible outcomes.

For Alternative A, the expected value is simply the certain gain:
Expected Value A = $186

For Alternative B, we need to calculate the weighted sum of the possible outcomes:
Expected Value B = ($266 * 0.63) + ($0 * 0.37)
Expected Value B = $167.58 + $0
Expected Value B = $167.58

Since $186 is greater than $167.58, the alternative with the higher expected value is Alternative A.",massA=0.999 massB=0.000607,before,0,0.0
p2,439,14,gain,0,81,201,0.68,1.6874,4,False,A,meta-llama/Llama-3.1-8B-Instruct,chat,riskneutral_terse,1,0.99965,0.99997,0,answer,"To determine the expected value of each term, we need to multiply the probability of each outcome by its value and then sum these products.

For Term A:
Expected value = (0.68 * $201) + (0.32 * $0)
Expected value = $136.80 + $0
Expected value = $136.80

For Term B:
Expected value = $81

Since $136.80 is greater than $81, the option with the higher expected value is Term A.",massA=1 massB=0.000351,before,0,0.0
p2,358,11,mixed,54,54,68,0.81,1.02,4,True,B,meta-llama/Llama-3.1-8B-Instruct,chat,riskneutral_terse,1,0.99995,0.99981,0,answer,"To make a decision, we need to calculate the expected value of each term.

For Term A, the expected value is simply the amount we have upfront: $54.

For Term B, we need to calculate the expected value by multiplying the probability of each outcome by its value and summing them up:

Expected value of Term B = (81% chance to rise to $68) + (19% chance to drop to $0)
Expected value of Term B = (0.81 * $68) + (0.19 * $0)
Expected value of Term B = $54.88 + $0
Expected value of Term B = $54.88

Since $54.88 is higher than $54, the expected value of Term B is higher.

However, we need to pick the option with the higher expected value. Since Term B has a higher expected value, we should choose Term B.",massA=5.31e-05 massB=1,before,0,0.0
p2,1142,38,neutral,0,183,609,0.38,1.2646,1,True,B,meta-llama/Llama-3.1-8B-Instruct,chat,riskneutral_terse,1,0.99922,0.99997,0,answer,"To determine the expected value of each arrangement, we need to calculate the weighted average of the possible outcomes.

For Arrangement A, the expected value is the certain amount:
Expected Value A = $183

For Arrangement B, the expected value is the sum of the products of each outcome and its probability:
Expected Value B = ($609 * 0.38) + ($0 * 0.62)
Expected Value B = $231.22 + $0
Expected Value B = $231.22

Since $183 (Arrangement A) is less than $231.22 (Arrangement B), the option with the higher expected value is Arrangement B.",massA=0.000779 massB=0.999,before,0,0.0
p2,188,6,neutral,0,94,101,0.71,0.7629,4,True,B,meta-llama/Llama-3.1-8B-Instruct,chat,riskneutral_terse,1,0.00052,0.99997,0,answer,"To decide between Term A and Term B, we need to calculate the expected value of each term.

For Term A, the expected value is $94 since it's a certain outcome.

For Term B, the expected value is calculated as follows:
Expected Value = (Probability of $101) * ($101) + (Probability of $0) * ($0)
Expected Value = (0.71) * ($101) + (0.29) * ($0)
Expected Value = $71.31

Since $94 is greater than $71.31, the option with the higher expected value is Term A.",massA=0.999 massB=0.000519,before,0,0.0
p2,327,10,mixed,111,111,278,0.58,1.4526,3,False,A,meta-llama/Llama-3.1-8B-Instruct,chat,riskneutral_terse,1,0.00057,0.99957,0,answer,"To determine the expected value of each outcome, we need to calculate the weighted sum of the possible outcomes.

For Outcome A:
- 58% chance to rise to $278: 0.58 * $278 = $161.24
- 42% chance to drop to $0: 0.42 * $0 = $0
Expected value of Outcome A: $161.24 - $111 = $50.24

For Outcome B:
- 100% chance to keep $111: 1 * $111 = $111

Now, let's compare the expected values:
Outcome A has an expected value of $50.24, while Outcome B has an expected value of $111.

Since $111 is higher than $50.24, the option with the higher expected value is Outcome B.",massA=0.00057 massB=0.999,before,0,0.0
p2,1060,35,gain,0,91,133,0.68,0.9938,0,True,B,meta-llama/Llama-3.1-8B-Instruct,chat,riskneutral_terse,1,0.00027,0.99997,0,answer,"To determine the preferred option, we need to calculate the expected value of each option.

For Option A, the expected value is simply the certain gain:
Expected Value of Option A = $91

For Option B, we need to calculate the expected value by multiplying the probability of each outcome by the outcome itself and then summing these products:
Expected Value of Option B = (0.68 * $133) + (0.32 * $0)
Expected Value of Option B = $90.44 + $0
Expected Value of Option B = $90.44

Since $91 (Option A) is greater than $90.44 (Option B), the preferred option is",massA=1 massB=0.000274,before,0,0.0
p2,185,6,neutral,0,94,101,0.71,0.7629,2,False,A,meta-llama/Llama-3.1-8B-Instruct,chat,riskneutral_terse,1,0.00034,0.9999,0,answer,"To determine the expected value of each alternative, we multiply the probability of each outcome by its value and then sum these products.

For Alternative A:
Expected value = ($101 * 0.71) + ($0 * 0.29)
Expected value = $71.21 + $0
Expected value = $71.21

For Alternative B:
Expected value = ($94 * 1)
Expected value = $94

Since $94 is greater than $71.21, the alternative with the higher expected value is Alternative B.",massA=0.000341 massB=1,before,0,0.0
p2,533,17,mixed,117,117,362,0.42,1.2995,1,False,A,meta-llama/Llama-3.1-8B-Instruct,chat,riskneutral_terse,1,0.99618,0.99975,0,answer,"To determine the expected value of each arrangement, we need to calculate the weighted sum of the possible outcomes.

For Arrangement A:
- The probability of rising to $362 is 42% or 0.42.
- The probability of dropping to $0 is 58% or 0.58.
- The expected value of rising to $362 is $362 * 0.42 = $151.64.
- The expected value of dropping to $0 is $0 * 0.58 = $0.
- The overall expected value of Arrangement A is $151.64 - $117 = $34.64.

For Arrangement B:
- The expected value is $117, since there's no change.

Comparing the expected values, Arrangement A has a higher expected value ($34.64 vs $117).",massA=0.996 massB=0.00382,before,0,0.0
p2,582,19,gain,0,64,122,0.49,0.9341,1,True,B,meta-llama/Llama-3.1-8B-Instruct,chat,riskneutral_terse,1,0.00021,0.99994,0,answer,"To determine the expected value of each arrangement, we need to calculate the average gain by multiplying the probability of each outcome by its value and then summing these products.

For Arrangement A, the expected value is simply the certain gain:
Expected Value A = $64

For Arrangement B, the expected value is the sum of the products of the probabilities and the gains:
Expected Value B = (0.49 * $122) + (0.51 * $0)
Expected Value B = $59.58 + $0
Expected Value B = $59.58

Since $64 is greater than $59.58, the arrangement with the higher expected value is Arrangement A.",massA=1 massB=0.000207,before,0,0.0
p2,1090,36,gain,0,98,227,0.47,1.0887,0,True,B,meta-llama/Llama-3.1-8B-Instruct,chat,riskneutral_terse,1,0.99995,0.99989,0,answer,"To determine the expected value of each option, we need to calculate the average payment for each option.

For Option A, the payment is certain, so the expected value is simply $98.

For Option B, we need to calculate the weighted average of the two possible payments. The 47% chance to gain $227 has a weight of 0.47, and the 53% chance to gain nothing has a weight of 0.53. 

Expected value of Option B = (0.47 * $227) + (0.53 * $0)
Expected value of Option B = $106.49 + $0
Expected value of Option B = $106.49

Since $106.49 is greater than $98, the option with the higher expected value is Option B.",massA=5.39e-05 massB=1,before,0,0.0
p2,424,14,neutral,0,81,201,0.68,1.6874,2,True,B,meta-llama/Llama-3.1-8B-Instruct,chat,riskneutral_terse,1,0.99983,0.99994,0,answer,"To determine the expected value of Alternative B, we need to multiply the probability of each outcome by its value and then sum these products.

Expected value of Alternative B = (0.68 * $201) + (0.32 * $0)
Expected value of Alternative B = $136.08 + $0
Expected value of Alternative B = $136.08

Now, let's compare the expected values of Alternative A and Alternative B. 

Expected value of Alternative A = $81
Expected value of Alternative B = $136.08

Since $136.08 is greater than $81, the alternative with the higher expected value is Alternative B.",massA=0.000174 massB=1,before,0,0.0
p2,189,6,neutral,0,94,101,0.71,0.7629,4,False,A,meta-llama/Llama-3.1-8B-Instruct,chat,riskneutral_terse,1,0.00088,0.99993,0,answer,"To make a decision, we need to calculate the expected value of each term. The expected value is the sum of the product of each outcome and its probability.

For Term A:
Expected value = ($101 * 0.71) + ($0 * 0.29)
Expected value = $71.21 + $0
Expected value = $71.21

For Term B:
Expected value = ($94 * 1)
Expected value = $94

Since $71.21 is less than $94, Term B has a higher expected value.",massA=0.000883 massB=0.999,before,0,0.0
p2,952,31,mixed,51,51,151,0.29,0.8586,1,True,B,meta-llama/Llama-3.1-8B-Instruct,chat,riskneutral_terse,1,0.00066,0.99988,0,answer,"To determine the expected value of each arrangement, we need to calculate the weighted average of the possible outcomes.

For Arrangement A, the outcome is $51 with a 100% chance, so the expected value is $51.

For Arrangement B, the possible outcomes are $151 with a 29% chance and $0 with a 71% chance. To calculate the expected value, we multiply each outcome by its probability and add them together:

Expected value = ($151 * 0.29) + ($0 * 0.71)
Expected value = $43.99 + $0
Expected value = $43.99

Now, let's compare the expected values of the two arrangements. Arrangement A has an expected value of $51, while Arrangement B has an expected value of $43.99. Since $51 is higher than $43.99, the option with the higher expected value is Arrangement A.",massA=0.999 massB=0.000656,before,0,0.0
p2,1033,34,gain,0,52,96,0.63,1.1631,1,False,A,meta-llama/Llama-3.1-8B-Instruct,chat,riskneutral_terse,1,0.99929,0.99996,0,answer,"To determine the expected value of each arrangement, we need to multiply the probability of each outcome by its value and then sum these products.

For Arrangement A:
Expected value = (0.63 * $96) + (0.37 * $0)
Expected value = $60.80 + $0
Expected value = $60.80

For Arrangement B:
Expected value = $52 (since it's a certain gain)

Since $60.80 is greater than $52, the arrangement with the higher expected value is Arrangement A.",massA=0.999 massB=0.00071,before,0,0.0
p2,402,13,gain,0,72,88,0.64,0.7822,1,True,B,meta-llama/Llama-3.1-8B-Instruct,chat,riskneutral_terse,1,0.00014,0.99993,0,answer,"To determine the expected value of each arrangement, we need to calculate the average gain by multiplying the probability of each outcome by its value and summing them up.

For Arrangement A, the expected value is simply the certain gain:
Expected Value A = $72

For Arrangement B, we have two possible outcomes:
Expected Value B = (64% * $88) + (36% * $0)
Expected Value B = (0.64 * $88) + (0.36 * $0)
Expected Value B = $56.32 + $0
Expected Value B = $56.32

Since $72 is greater than $56.32, the arrangement with the higher expected value is Arrangement A.",massA=1 massB=0.000144,before,0,0.0
p2,187,6,neutral,0,94,101,0.71,0.7629,3,False,A,meta-llama/Llama-3.1-8B-Instruct,chat,riskneutral_terse,1,0.00016,0.99989,0,answer,"To determine the expected value of each outcome, we multiply the probability of each outcome by its respective value and then sum these products.

For Outcome A:
Expected Value = ($101 * 0.71) + ($0 * 0.29)
Expected Value = $71.21 + $0
Expected Value = $71.21

For Outcome B:
Expected Value = ($94 * 1)
Expected Value = $94

Since $94 is greater than $71.21, the option with the higher expected value is Outcome B.",massA=0.000163 massB=1,before,0,0.0
p2,1084,36,neutral,0,98,227,0.47,1.0887,2,True,B,meta-llama/Llama-3.1-8B-Instruct,chat,riskneutral_terse,1,0.99952,0.99995,0,answer,"To determine the expected value of each alternative, we need to multiply the probability of each outcome by its value and then sum these products.

For Alternative A, the value is $98 for certain, so the expected value is $98.

For Alternative B, the value is $227 with 47% probability and $0 with 53% probability. 
Expected value = (0.47 * $227) + (0.53 * $0)
Expected value = $106.49 + $0
Expected value = $106.49

Since $98 is less than $106.49, the alternative with the higher expected value is Alternative B.",massA=0.00048 massB=0.999,before,0,0.0
p2,512,17,neutral,0,117,362,0.42,1.2995,1,True,B,meta-llama/Llama-3.1-8B-Instruct,chat,riskneutral_terse,1,0.99977,0.99996,0,answer,"To determine the expected value of each arrangement, we need to calculate the weighted average of the possible outcomes.

For Arrangement A, the expected value is the certain amount: $117.

For Arrangement B, the expected value is the sum of the products of each outcome and its probability:
($362 * 0.42) + ($0 * 0.58) = $152.04 + $0 = $152.04

Since $152.04 is greater than $117, the option with the higher expected value is Arrangement B.",massA=0.000234 massB=1,before,0,0.0
p2,574,19,neutral,0,64,122,0.49,0.9341,2,True,B,meta-llama/Llama-3.1-8B-Instruct,chat,riskneutral_terse,1,0.00071,0.99993,0,answer,"To determine the expected value of each alternative, we need to calculate the weighted sum of the possible outcomes.

For Alternative A, the outcome is certain, so the expected value is simply $64.

For Alternative B, the expected value is calculated as follows:
Expected Value = (Probability of $122) * ($122) + (Probability of $0) * ($0)
Expected Value = (0.49) * ($122) + (0.51) * ($0)
Expected Value = $59.58

Now, let's compare the expected values:
Alternative A: $64
Alternative B: $59.58

Since $64 is greater than $59.58, the alternative with the higher expected value is Alternative A.",massA=0.999 massB=0.00071,before,0,0.0
p2,910,30,gain,0,149,447,0.26,0.78,0,True,B,meta-llama/Llama-3.1-8B-Instruct,chat,riskneutral_terse,1,0.00044,0.99985,0,answer,"To determine the expected value of each option, we need to calculate the average payment for each option.

For Option A, the payment is certain, so the expected value is simply $149.

For Option B, we need to calculate the expected value by multiplying the probability of each outcome by the payment and then summing these products. 

Expected value of Option B = (0.26 * $447) + (0.74 * $0)
Expected value of Option B = $116.22 + $0
Expected value of Option B = $116.22

Now, let's compare the expected values of the two options. Option A has an expected value of $149, which is higher than the expected value of Option B ($116.22).",massA=0.999 massB=0.000437,before,0,0.0
p2,527,17,gain,0,117,362,0.42,1.2995,3,False,A,meta-llama/Llama-3.1-8B-Instruct,chat,riskneutral_terse,1,0.99986,0.99991,0,answer,"To determine the expected value of each outcome, we need to multiply the probability of each gain by the gain itself and then sum these products.

For Outcome A:
Expected value = (0.42 * $362) + (0.58 * $0)
Expected value = $152.44 + $0
Expected value = $152.44

For Outcome B:
Expected value = $117

Outcome A has a higher expected value ($152.44) compared to Outcome B ($117).",massA=1 massB=0.00014,before,0,0.0
p2,1092,36,gain,0,98,227,0.47,1.0887,1,True,B,meta-llama/Llama-3.1-8B-Instruct,chat,riskneutral_terse,1,0.99997,0.99996,0,answer,"To determine the expected value of each arrangement, we need to calculate the average gain by multiplying the probability of each outcome by its value and summing them up.

For Arrangement A, the expected value is simply the certain gain:
Expected Value A = $98

For Arrangement B, the expected value is the sum of the products of the probabilities and the gains:
Expected Value B = (0.47 * $227) + (0.53 * $0)
Expected Value B = $106.49 + $0
Expected Value B = $106.49

Since $106.49 is greater than $98, the option with the higher expected value is Arrangement B.",massA=3.37e-05 massB=1,before,0,0.0
p2,285,9,gain,0,49,153,0.26,0.8118,2,False,A,meta-llama/Llama-3.1-8B-Instruct,chat,riskneutral_terse,1,0.0006,0.99991,0,answer,"To determine the expected value of each alternative, we need to multiply the probability of each outcome by its value and then sum these products.

For Alternative A:
- 26% chance to gain $153: 0.26 * $153 = $39.78
- 74% chance to gain nothing: 0.74 * $0 = $0
Expected value of Alternative A: $39.78 + $0 = $39.78

For Alternative B:
- Certain gain of $49: 1 * $49 = $49

Since $49 is greater than $39.78, we should choose Alternative B.",massA=0.000598 massB=0.999,before,0,0.0
p2,245,8,neutral,0,62,263,0.33,1.3998,2,False,A,meta-llama/Llama-3.1-8B-Instruct,chat,riskneutral_terse,1,0.99914,0.99995,0,answer,"To determine the expected value of each alternative, we multiply the value of each outcome by its probability and then sum the results.

For Alternative A:
Expected value = ($263 * 0.33) + ($0 * 0.67)
Expected value = $86.59 + $0
Expected value = $86.59

For Alternative B:
Expected value = ($62 * 1)
Expected value = $62

Since $86.59 is greater than $62, the alternative with the higher expected value is Alternative A.",massA=0.999 massB=0.000856,before,0,0.0
p2,130,4,gain,0,29,71,0.55,1.3466,0,True,B,meta-llama/Llama-3.1-8B-Instruct,chat,riskneutral_terse,1,0.99977,0.99976,0,answer,"To determine the expected value of each option, we need to calculate the average payment for each option.

For Option A, the payment is certain, so the expected value is simply $29.

For Option B, we need to calculate the weighted average of the two possible payments. The 55% chance to gain $71 contributes 0.55 * $71 = $38.85 to the expected value, and the 45% chance to gain nothing contributes 0.45 * $0 = $0. The total expected value for Option B is $38.85.

Now, let's compare the expected values of the two options. Option A has an expected value of $29, while Option B has an expected value of $38.85. Since $38.85 is greater than $29, the option with the higher expected value is Option B.",massA=0.000234 massB=1,before,0,0.0
p2,630,21,neutral,0,106,206,0.73,1.4187,0,True,B,meta-llama/Llama-3.1-8B-Instruct,chat,riskneutral_terse,1,0.99982,0.99998,0,answer,"To determine the preferred option, we need to calculate the expected value of each option.

For Option A, the expected value is the payment amount itself, which is $106.

For Option B, the expected value is calculated as follows:
Expected Value = (Probability of $206) * ($206) + (Probability of $0) * ($0)
Expected Value = (0.73) * ($206) + (0.27) * ($0)
Expected Value = $150.18

Since $106 is less than $150.18, the option with the higher expected value is Option B.",massA=0.000182 massB=1,before,0,0.0
p2,403,13,gain,0,72,88,0.64,0.7822,1,False,A,meta-llama/Llama-3.1-8B-Instruct,chat,riskneutral_terse,1,0.00015,0.99984,0,answer,"To determine the expected value of each arrangement, we need to multiply the probability of each outcome by its value and then sum these products.

For Arrangement A:
- 64% chance to gain $88: 0.64 * $88 = $56.32
- 36% chance to gain nothing: 0.36 * $0 = $0
Expected value of Arrangement A: $56.32 + $0 = $56.32

For Arrangement B:
- Certain gain of $72: 1 * $72 = $72

Since $72 is greater than $56.32, Arrangement B has a higher expected value.",massA=0.000147 massB=1,before,0,0.0
p2,146,4,mixed,29,29,71,0.55,1.3466,3,True,B,meta-llama/Llama-3.1-8B-Instruct,chat,riskneutral_terse,1,0.00065,0.99977,0,answer,"To determine the expected value of each outcome, we need to calculate the weighted average of the possible outcomes.

For Outcome A, the expected value is simply the amount we have: $29.

For Outcome B, we have a 55% chance to gain $42 and a 45% chance to lose $29. 

Expected value of Outcome B = (55% * $71) + (45% * -$29)
Expected value of Outcome B = (0.55 * $71) + (0.45 * -$29)
Expected value of Outcome B = $39.05 - $13.05
Expected value of Outcome B = $26.00

Since $29 (Outcome A) is greater than $26.00 (Outcome B), the option with the higher expected value is Outcome A.",massA=0.999 massB=0.000646,before,0,0.0
p2,433,14,gain,0,81,201,0.68,1.6874,1,False,A,meta-llama/Llama-3.1-8B-Instruct,chat,riskneutral_terse,1,0.99976,0.99992,0,answer,"To determine the expected value of each arrangement, we need to multiply the probability of each outcome by its value and then sum these products.

For Arrangement A:
- 68% chance to gain $201: 0.68 * $201 = $136.68
- 32% chance to gain nothing: 0.32 * $0 = $0
Expected value of Arrangement A: $136.68 + $0 = $136.68

For Arrangement B:
- Certain gain of $81: 1 * $81 = $81
Expected value of Arrangement B: $81

Since $136.68 is greater than $81, the arrangement with the higher expected value is Arrangement A.",massA=1 massB=0.000238,before,0,0.0
p2,1100,36,mixed,98,98,227,0.47,1.0887,0,True,B,meta-llama/Llama-3.1-8B-Instruct,chat,riskneutral_terse,1,0.99998,0.99991,0,answer,"To determine the preferred option, we need to calculate the expected value of each option.

For Option A, the expected value is simply the amount we have upfront, which is $98.

For Option B, we need to calculate the expected value based on the probabilities and outcomes:

Expected value of Option B = (Probability of rising to $227) * (Amount if we rise to $227) + (Probability of dropping to $0) * (Amount if we drop to $0)
Expected value of Option B = (0.47) * ($227) + (0.53) * ($0)
Expected value of Option B = $106.49 + $0
Expected value of Option B = $106.49

Since $106.49 is greater than $98, we should choose Option B.",massA=1.83e-05 massB=1,before,0,0.0
p2,197,6,gain,0,94,101,0.71,0.7629,3,False,A,meta-llama/Llama-3.1-8B-Instruct,chat,riskneutral_terse,1,0.99494,0.99954,0,length_or_eos,"To determine the expected value of each outcome, we need to multiply the probability of each gain by the gain itself and then sum these products.

For Outcome A:
Expected value = (0.71 * $101) + (0.29 * $0)
Expected value = $71.11 + $0
Expected value = $71.11

For Outcome B:
Expected value = $94 (since it's a certain gain)

Outcome A has a higher expected value ($71.11 vs $94).",massA=0.994 massB=0.00506,before,0,0.0
p2,1075,35,mixed,91,91,133,0.68,0.9938,2,False,A,meta-llama/Llama-3.1-8B-Instruct,chat,riskneutral_terse,1,0.99932,0.99991,0,answer,"To determine the better option, we need to calculate the expected value of each alternative.

For Alternative A:
Expected value = (Probability of gain * Amount gained) + (Probability of loss * Amount lost)
Expected value = (0.68 * $133) + (0.32 * -$91)
Expected value = $90.44 - $29.12
Expected value = $61.32

For Alternative B:
Expected value = $91 (since there's no change)

Since $61.32 is greater than $91, Alternative A has a higher expected value.",massA=0.999 massB=0.000677,before,0,0.0
p2,1242,21,dominant,0,106,147,1.0,1.3868,4,True,B,meta-llama/Llama-3.1-8B-Instruct,chat,riskneutral_terse,1,0.99983,0.99994,0,answer,"To make a decision, we need to compare the expected values of both terms. Since both terms are for certain, their expected values are equal to the amounts received.

Term A: $106
Term B: $147

Since $147 is greater than $106, the option with the higher expected value is Term B.",massA=0.000174 massB=1,before,0,0.0
p2,572,19,neutral,0,64,122,0.49,0.9341,1,True,B,meta-llama/Llama-3.1-8B-Instruct,chat,riskneutral_terse,1,0.00034,0.99994,0,answer,"To determine the expected value of each arrangement, we need to calculate the weighted average of the possible outcomes.

For Arrangement A, the expected value is $64 since it's a certain outcome.

For Arrangement B, the expected value is calculated as follows:
Expected Value = (Probability of $122) * ($122) + (Probability of $0) * ($0)
Expected Value = (0.49) * ($122) + (0.51) * ($0)
Expected Value = $59.58

Now, let's compare the expected values:
Arrangement A: $64
Arrangement B: $59.58

Since $64 is greater than $59.58, the option with the higher expected value is Arrangement A.",massA=1 massB=0.000335,before,0,0.0
p2,441,14,mixed,81,81,201,0.68,1.6874,0,False,A,meta-llama/Llama-3.1-8B-Instruct,chat,riskneutral_terse,1,0.99955,0.99993,0,answer,"To determine the preferred option, we need to calculate the expected value of each option.

For Option A:
Expected value = (probability of gain * amount gained) + (probability of loss * amount lost)
Expected value = (0.68 * $120) + (0.32 * -$81)
Expected value = $82.40 - $26.08
Expected value = $56.32

For Option B:
Expected value = $81 (since there's no change)

Since $56.32 is greater than $81, the expected value of Option A is higher.",massA=0.999 massB=0.000451,before,0,0.0
p2,395,13,neutral,0,72,88,0.64,0.7822,2,False,A,meta-llama/Llama-3.1-8B-Instruct,chat,riskneutral_terse,1,0.00087,0.99987,0,answer,"To determine the expected value of each alternative, we multiply the probability of each outcome by its value and then sum these products.

For Alternative A:
Expected value = ($88 * 0.64) + ($0 * 0.36)
Expected value = $56.16 + $0
Expected value = $56.16

For Alternative B:
Expected value = ($72 * 1)
Expected value = $72

Since $56.16 is less than $72, Alternative B has a higher expected value.",massA=0.000869 massB=0.999,before,0,0.0
p2,337,11,neutral,0,54,68,0.81,1.02,3,False,A,meta-llama/Llama-3.1-8B-Instruct,chat,riskneutral_terse,1,0.99947,0.99987,0,answer,"To determine the expected value of each outcome, we multiply the probability of each outcome by its respective value and then sum these products.

For Outcome A:
Expected Value = ($68 * 0.81) + ($0 * 0.19)
Expected Value = $54.78 + $0
Expected Value = $54.78

For Outcome B:
Expected Value = ($54 * 1)
Expected Value = $54

Since $54.78 is greater than $54, the option with the higher expected value is Outcome A.",massA=0.999 massB=0.000527,before,0,0.0
p2,1055,35,neutral,0,91,133,0.68,0.9938,2,False,A,meta-llama/Llama-3.1-8B-Instruct,chat,riskneutral_terse,1,0.00032,0.99989,0,answer,"To determine the expected value of each alternative, we multiply the probability of each outcome by its value and then sum these products.

For Alternative A:
Expected value = ($133 * 0.68) + ($0 * 0.32)
Expected value = $90.04 + $0
Expected value = $90.04

For Alternative B:
Expected value = ($91 * 1)
Expected value = $91

Since $91 is greater than $90.04, the alternative with the higher expected value is Alternative B.",massA=0.000315 massB=1,before,0,0.0
p2,1106,36,mixed,98,98,227,0.47,1.0887,3,True,B,meta-llama/Llama-3.1-8B-Instruct,chat,riskneutral_terse,1,0.99967,0.99979,0,answer,"To determine the expected value of each outcome, we need to calculate the weighted average of the possible outcomes.

For Outcome A, the expected value is simply the amount we have: $98.

For Outcome B, we have a 47% chance to gain $129 and a 53% chance to lose $98. 

Expected value of Outcome B = (0.47 * $129) + (0.53 * -$98)
Expected value of Outcome B = $60.33 - $51.94
Expected value of Outcome B = $8.39

Since the expected value of Outcome B ($8.39) is higher than the expected value of Outcome A ($98), we should choose Outcome B.",massA=0.000325 massB=0.999,before,0,0.0
p2,1213,6,dominant,0,94,128,1.0,1.3617,4,False,A,meta-llama/Llama-3.1-8B-Instruct,chat,riskneutral_terse,1,0.99924,0.99994,0,answer,"To make a decision, we need to compare the expected values of both terms. Since both terms are for certain, their expected values are equal to the amount received.

Term A: $128
Term B: $94

Since $128 is greater than $94, the option with the higher expected value is Term A.",massA=0.999 massB=0.000755,before,0,0.0
p2,936,31,neutral,0,51,151,0.29,0.8586,3,True,B,meta-llama/Llama-3.1-8B-Instruct,chat,riskneutral_terse,1,0.00181,0.99988,0,answer,"To determine the expected value of Outcome B, we need to calculate the weighted average of its possible outcomes. 

Expected value of Outcome B = ($151 * 0.29) + ($0 * 0.71)
Expected value of Outcome B = $44.19 + $0
Expected value of Outcome B = $44.19

Now, let's compare the expected values of Outcome A and Outcome B. 

Expected value of Outcome A = $51
Expected value of Outcome B = $44.19

Since $51 is greater than $44.19, the option with the higher expected value is Outcome A.",massA=0.998 massB=0.00181,before,0,0.0
p2,1152,38,gain,0,183,609,0.38,1.2646,1,True,B,meta-llama/Llama-3.1-8B-Instruct,chat,riskneutral_terse,1,0.99994,0.99996,0,answer,"To determine the expected value of each arrangement, we need to calculate the average gain by multiplying the probability of each outcome by its value and summing the results.

For Arrangement A, the expected value is simply the certain gain:
Expected Value A = $183

For Arrangement B, the expected value is the sum of the products of the probabilities and the gains:
Expected Value B = (0.38 * $609) + (0.62 * $0)
Expected Value B = $231.22 + $0
Expected Value B = $231.22

Since $231.22 is greater than $183, the option with the higher expected value is Arrangement B.",massA=6.01e-05 massB=1,before,0,0.0
p2,354,11,mixed,54,54,68,0.81,1.02,2,True,B,meta-llama/Llama-3.1-8B-Instruct,chat,riskneutral_terse,1,0.99988,0.9999,0,answer,"To determine the expected value of each alternative, we need to calculate the weighted sum of the possible outcomes.

For Alternative A, the expected value is simply the initial amount:
Expected Value A = $54

For Alternative B, we have two possible outcomes with their respective probabilities:
Outcome 1: $68 with 81% probability
Outcome 2: $0 with 19% probability

Expected Value B = ($68 * 0.81) + ($0 * 0.19)
Expected Value B = $54.48 + $0
Expected Value B = $54.48

Since $54.48 is greater than $54, the alternative with the higher expected value is Alternative B.",massA=0.000118 massB=1,before,0,0.0
p2,1144,38,neutral,0,183,609,0.38,1.2646,2,True,B,meta-llama/Llama-3.1-8B-Instruct,chat,riskneutral_terse,1,0.99916,0.99997,0,answer,"To determine the expected value of each alternative, we need to calculate the weighted sum of the possible outcomes.

For Alternative A, the expected value is simply the certain amount:
Expected Value A = $183

For Alternative B, we need to calculate the weighted sum of the possible outcomes:
Expected Value B = ($609 * 0.38) + ($0 * 0.62)
Expected Value B = $232.22 + $0
Expected Value B = $232.22

Since $232.22 is greater than $183, the alternative with the higher expected value is Alternative B.",massA=0.000843 massB=0.999,before,0,0.0
p2,1050,35,neutral,0,91,133,0.68,0.9938,0,True,B,meta-llama/Llama-3.1-8B-Instruct,chat,riskneutral_terse,1,0.0013,0.99997,0,answer,"To determine the preferred option, we need to calculate the expected value of each option.

For Option A, the expected value is the payment amount itself, which is $91.

For Option B, the expected value is calculated as follows:
Expected Value = (Probability of $133) * ($133) + (Probability of $0) * ($0)
Expected Value = (0.68) * ($133) + (0.32) * ($0)
Expected Value = $90.44

Since $91 is greater than $90.44, the preferred option is the one with the higher expected value.",massA=0.999 massB=0.0013,before,0,0.0
p2,1143,38,neutral,0,183,609,0.38,1.2646,1,False,A,meta-llama/Llama-3.1-8B-Instruct,chat,riskneutral_terse,1,0.99928,0.99995,0,answer,"To determine the expected value of each arrangement, we multiply the probability of each outcome by its value and then sum these products.

For Arrangement A:
Expected value = ($609 * 0.38) + ($0 * 0.62)
Expected value = $232.22 + $0
Expected value = $232.22

For Arrangement B:
Expected value = ($183 * 1)
Expected value = $183

Since $232.22 is greater than $183, the arrangement with the higher expected value is Arrangement A.",massA=0.999 massB=0.000721,before,0,0.0
p2,290,9,mixed,49,49,153,0.26,0.8118,0,True,B,meta-llama/Llama-3.1-8B-Instruct,chat,riskneutral_terse,1,0.00052,0.99988,0,answer,"To determine the expected value of each option, we need to calculate the weighted average of the possible outcomes.

For Option A, the expected value is simply the upfront payment:
Expected Value of Option A = $49

For Option B, we need to calculate the weighted average of the possible outcomes:
Expected Value of Option B = (26% chance to rise to $153) * ($153) + (74% chance to drop to $0) * ($0)
Expected Value of Option B = 0.26 * $153 + 0.74 * $0
Expected Value of Option B = $39.78 + $0
Expected Value of Option B = $39.78

Since $49 (Option A) is greater than $39.78 (Option B), the preferred option is the one with the higher expected value.",massA=0.999 massB=0.000519,before,0,0.0
p2,627,20,mixed,186,186,266,0.63,0.901,3,False,A,meta-llama/Llama-3.1-8B-Instruct,chat,riskneutral_terse,1,0.00057,0.99966,0,answer,"To determine the expected value of each outcome, we need to calculate the weighted sum of the possible outcomes.

For Outcome A:
- 63% chance to rise to $266: 0.63 * $266 = $167.38
- 37% chance to drop to $0: 0.37 * $0 = $0
Expected value of Outcome A: $167.38 + $0 = $167.38

For Outcome B:
- 100% chance to keep $186: 1 * $186 = $186

Now, let's compare the expected values:
Expected value of Outcome A: $167.38
Expected value of Outcome B: $186

Since the expected value of Outcome B ($186) is higher than the expected value of Outcome A ($167.38), the option with the higher expected value is Outcome B.",massA=0.00057 massB=0.999,before,0,0.0
p2,1048,34,mixed,52,52,96,0.63,1.1631,4,True,B,meta-llama/Llama-3.1-8B-Instruct,chat,riskneutral_terse,1,0.99998,0.99991,0,answer,"To make a decision, we need to calculate the expected value of each term.

For Term A, the expected value is simply the amount we have upfront: $52.

For Term B, we need to calculate the expected value by multiplying the probability of each outcome by its value and summing them up:

Expected value of Term B = (63% chance to rise to $96) + (37% chance to drop to $0)
Expected value of Term B = (0.63 * $96) + (0.37 * -$0)
Expected value of Term B = $60.48 + $0
Expected value of Term B = $60.48

Since $60.48 is higher than $52, we should choose Term B.",massA=1.7e-05 massB=1,before,0,0.0
p2,538,17,mixed,117,117,362,0.42,1.2995,4,True,B,meta-llama/Llama-3.1-8B-Instruct,chat,riskneutral_terse,1,0.99997,0.99987,0,answer,"To make a decision, we need to calculate the expected value of each term.

For Term A, the expected value is simply the amount we have upfront: $117.

For Term B, we need to calculate the expected value of the two possible outcomes and then take a weighted average based on their probabilities.

Outcome 1: 42% chance to rise to $362
Expected value of outcome 1 = ($362) * (0.42) = $152.44

Outcome 2: 58% chance to drop to $0
Expected value of outcome 2 = ($0) * (0.58) = $0

Expected value of Term B = Expected value of outcome 1 + Expected value of outcome 2
= $152.44 + $0
= $152.44

Now, let's compare the expected values of Term A and Term B. The expected value of Term A is $117, while the expected value of Term B is $152.44. Since $152.44 is higher than $117, we should choose Term B.",massA=2.75e-05 massB=1,before,0,0.0
p2,495,16,gain,0,139,234,0.6,1.0101,2,False,A,meta-llama/Llama-3.1-8B-Instruct,chat,riskneutral_terse,1,0.99903,0.99993,0,answer,"To determine the expected value of each alternative, we need to multiply the probability of each outcome by its value and then sum these products.

For Alternative A:
Expected value = (0.60 * $234) + (0.40 * $0)
Expected value = $140.40 + $0
Expected value = $140.40

For Alternative B:
Expected value = $139

Since $140.40 is greater than $139, the alternative with the higher expected value is Alternative A.",massA=0.999 massB=0.00097,before,0,0.0
p2,200,6,mixed,94,94,101,0.71,0.7629,0,True,B,meta-llama/Llama-3.1-8B-Instruct,chat,riskneutral_terse,1,0.00076,0.99993,0,answer,"To determine the preferred option, we need to calculate the expected value of each option.

For Option A, the expected value is simply the amount we have upfront, which is $94.

For Option B, we need to calculate the expected value based on the probabilities and outcomes:

Expected value of Option B = (71% chance to rise to $101) * ($101) + (29% chance to drop to $0) * ($0)
Expected value of Option B = 0.71 * $101 + 0.29 * $0
Expected value of Option B = $71.31 + $0
Expected value of Option B = $71.31

Now, let's compare the expected values of both options:

Option A: $94
Option B: $71.31

Since $94 is greater than $71.31, we should choose the option with the higher expected value.",massA=0.999 massB=0.000755,before,0,0.0
p2,1047,34,mixed,52,52,96,0.63,1.1631,3,False,A,meta-llama/Llama-3.1-8B-Instruct,chat,riskneutral_terse,1,0.99986,0.9998,0,answer,"To make a decision, we need to calculate the expected value of each outcome. 

Expected value (EV) is calculated by multiplying the probability of each outcome by its value and then summing these products.

For Outcome A:
- 63% chance to rise to $96: 0.63 * $96 = $60.48
- 37% chance to drop to $0: 0.37 * $0 = $0
Expected value of Outcome A: $60.48 + $0 = $60.48

For Outcome B:
- Keep $52 with no change: 1 * $52 = $52
Expected value of Outcome B: $52

Outcome A has a higher expected value ($60.48 vs $52), so we should choose Outcome A.",massA=1 massB=0.000142,before,0,0.0
p2,497,16,gain,0,139,234,0.6,1.0101,3,False,A,meta-llama/Llama-3.1-8B-Instruct,chat,riskneutral_terse,1,0.99958,0.99993,0,answer,"To determine the expected value of each outcome, we need to multiply the probability of each gain by the gain itself and then sum these products.

For Outcome A:
Expected value = (0.6 * $234) + (0.4 * $0)
Expected value = $140.4 + $0
Expected value = $140.4

For Outcome B:
Expected value = $139 (since it's a certain gain)

Since $140.4 is greater than $139, the option with the higher expected value is Outcome A.",massA=1 massB=0.000424,before,0,0.0
p2,653,21,mixed,106,106,206,0.73,1.4187,1,False,A,meta-llama/Llama-3.1-8B-Instruct,chat,riskneutral_terse,1,0.99888,0.99983,0,answer,"To determine the expected value of each arrangement, we need to calculate the weighted sum of the possible outcomes.

For Arrangement A:
- The probability of rising to $206 is 73% or 0.73.
- The probability of dropping to $0 is 27% or 0.27.
- The expected value of rising to $206 is $206 * 0.73 = $150.18.
- The expected value of dropping to $0 is $0 * 0.27 = $0.
- The overall expected value of Arrangement A is $150.18 - $106 = $44.18.

For Arrangement B:
- The expected value is $106, since there's no change.

Comparing the expected values, Arrangement A has a higher expected value of $44.18 compared to $106 from Arrangement B.",massA=0.999 massB=0.00112,before,0,0.0
p2,507,16,mixed,139,139,234,0.6,1.0101,3,False,A,meta-llama/Llama-3.1-8B-Instruct,chat,riskneutral_terse,1,0.99983,0.99977,0,answer,"To determine the expected value of each outcome, we need to calculate the weighted sum of the possible outcomes.

For Outcome A:
- 60% chance to rise to $234: 0.6 * $234 = $140.40
- 40% chance to drop to $0: 0.4 * $0 = $0
Expected value of Outcome A: $140.40 - $0 = $140.40

For Outcome B:
- 100% chance to keep $139: 1 * $139 = $139

Now, let's compare the expected values:
Expected value of Outcome A: $140.40
Expected value of Outcome B: $139

Since the expected value of Outcome A ($140.40) is higher than the expected value of Outcome B ($139), the option with the higher expected value is Outcome A.",massA=1 massB=0.000166,before,0,0.0
p2,1270,35,dominant,0,91,107,1.0,1.1758,0,True,B,meta-llama/Llama-3.1-8B-Instruct,chat,riskneutral_terse,1,0.99975,0.99992,0,answer,"To determine the preferred option, we need to compare the expected values of both options. Since both options are for certain, their expected values are equal to the amount of money they offer.

Option A: $91
Option B: $107

Since $107 is greater than $91, the option with the higher expected value is Option B.",massA=0.000245 massB=1,before,0,0.0
p2,405,13,gain,0,72,88,0.64,0.7822,2,False,A,meta-llama/Llama-3.1-8B-Instruct,chat,riskneutral_terse,1,0.00015,0.99992,0,answer,"To determine the expected value of each alternative, we need to multiply the probability of each outcome by its value and then sum these products.

For Alternative A:
Expected value = (0.64 * $88) + (0.36 * $0)
Expected value = $56.32 + $0
Expected value = $56.32

For Alternative B:
Expected value = $72 (since it's a certain gain)

Since $72 is greater than $56.32, we should choose Alternative B.",massA=0.000154 massB=1,before,0,0.0
p2,259,8,gain,0,62,263,0.33,1.3998,4,False,A,meta-llama/Llama-3.1-8B-Instruct,chat,riskneutral_terse,1,0.99961,0.99997,0,answer,"To determine the expected value of each term, we need to multiply the probability of each outcome by its value and then sum these products.

For Term A:
Expected value = (0.33 * $263) + (0.67 * $0)
Expected value = $86.79 + $0
Expected value = $86.79

For Term B:
Expected value = $62

Since $86.79 is greater than $62, the option with the higher expected value is Term A.",massA=1 massB=0.000386,before,0,0.0
p2,598,19,mixed,64,64,122,0.49,0.9341,4,True,B,meta-llama/Llama-3.1-8B-Instruct,chat,riskneutral_terse,1,0.00069,0.99993,0,answer,"To make a decision, we need to calculate the expected value of each term.

For Term A, the expected value is simply the amount we have upfront: $64.

For Term B, we need to calculate the expected value of the two possible outcomes and then take their weighted average. 

The expected value of rising to $122 is $122 * 0.49 = $59.78.
The expected value of dropping to $0 is $0 * 0.51 = $0.
The overall expected value of Term B is $59.78 + $0 = $59.78.

Now, let's compare the expected values of Term A and Term B. 
Term A has an expected value of $64, while Term B has an expected value of $59.78. 

Since $64 is greater than $59.78, the option with the higher expected value is Term A.",massA=0.999 massB=0.000688,before,0,0.0
p2,658,21,mixed,106,106,206,0.73,1.4187,4,True,B,meta-llama/Llama-3.1-8B-Instruct,chat,riskneutral_terse,1,0.99999,0.99989,0,answer,"To make a decision, we need to calculate the expected value of each term. 

Expected value is calculated by multiplying the probability of each outcome by its value and then summing these products.

For Term A, the expected value is simply the initial amount since there's no change:
Expected value of Term A = $106

For Term B, we have two possible outcomes:
- A 73% chance to rise to $206: 0.73 * $206 = $150.18
- A 27% chance to drop to $0: 0.27 * $0 = $0

Expected value of Term B = $150.18 + $0 = $150.18

Since $150.18 is greater than $106, the expected value of Term B is higher.",massA=1.06e-05 massB=1,before,0,0.0
p2,1093,36,gain,0,98,227,0.47,1.0887,1,False,A,meta-llama/Llama-3.1-8B-Instruct,chat,riskneutral_terse,1,0.99975,0.99992,0,answer,"To determine the expected value of each arrangement, we need to multiply the probability of each outcome by its value and then sum these products.

For Arrangement A:
- 47% chance to gain $227: 0.47 * $227 = $106.49
- 53% chance to gain nothing: 0.53 * $0 = $0
Expected value of Arrangement A: $106.49

For Arrangement B:
- Certain gain of $98: 1 * $98 = $98
Expected value of Arrangement B: $98

Since $106.49 is greater than $98, the arrangement with the higher expected value is Arrangement A.",massA=1 massB=0.000249,before,0,0.0
p2,341,11,gain,0,54,68,0.81,1.02,0,False,A,meta-llama/Llama-3.1-8B-Instruct,chat,riskneutral_terse,1,0.99967,0.99975,0,answer,"To determine the preferred option, we need to calculate the expected value of each option.

For Option A:
Expected value = (probability of gaining $68) * ($68) + (probability of gaining nothing) * ($0)
Expected value = (0.81) * ($68) + (0.19) * ($0)
Expected value = $54.88

For Option B:
Expected value = (probability of gaining $54) * ($54)
Expected value = (1) * ($54)
Expected value = $54

Since $54.88 is greater than $54, the option with the higher expected value is Option A.",massA=0.999 massB=0.000325,before,0,0.0
p2,1140,38,neutral,0,183,609,0.38,1.2646,0,True,B,meta-llama/Llama-3.1-8B-Instruct,chat,riskneutral_terse,1,0.99959,0.99998,0,answer,"To determine the preferred option, we need to calculate the expected value of each option.

For Option A, the expected value is the payment amount itself, which is $183.

For Option B, the expected value is calculated as follows:
Expected Value = (Probability of $609) * ($609) + (Probability of $0) * ($0)
Expected Value = (0.38) * ($609) + (0.62) * ($0)
Expected Value = $232.22

Since $232.22 is greater than $183, the option with the higher expected value is Option B.",massA=0.000411 massB=1,before,0,0.0
p2,1077,35,mixed,91,91,133,0.68,0.9938,3,False,A,meta-llama/Llama-3.1-8B-Instruct,chat,riskneutral_terse,1,7e-05,0.99972,0,answer,"To make a decision, we need to calculate the expected value of each outcome. 

Expected value (EV) is calculated by multiplying the probability of each outcome by its value and then summing these products.

For Outcome A:
- 68% chance to rise to $133: 0.68 * $133 = $90.34
- 32% chance to drop to $0: 0.32 * $0 = $0
Expected value of Outcome A: $90.34 + $0 = $90.34

For Outcome B:
- Keep $91 with no change: 1 * $91 = $91

Now, let's compare the expected values:
Outcome A: $90.34
Outcome B: $91

Outcome B has a higher expected value, so the decision is to choose Outcome B.",massA=6.81e-05 massB=1,before,0,0.0
p2,1162,38,mixed,183,183,609,0.38,1.2646,1,True,B,meta-llama/Llama-3.1-8B-Instruct,chat,riskneutral_terse,1,0.99978,0.9998,0,answer,"To determine the expected value of each arrangement, we need to calculate the weighted average of the possible outcomes.

For Arrangement A, the expected value is simply the upfront payment: $183.

For Arrangement B, the expected value is calculated as follows:

Expected value = (Probability of rising to $609) * (Outcome value) + (Probability of dropping to $0) * (Outcome value)
Expected value = (0.38) * ($609) + (0.62) * ($0)
Expected value = $231.42 + $0
Expected value = $231.42

Now, let's compare the expected values of both arrangements:

Arrangement A: $183
Arrangement B: $231.42

Since the expected value of Arrangement B ($231.42) is higher than that of Arrangement A ($183), the option with the higher expected value is Arrangement B.",massA=0.000216 massB=1,before,0,0.0
p2,469,15,gain,0,82,113,0.74,1.0198,4,False,A,meta-llama/Llama-3.1-8B-Instruct,chat,riskneutral_terse,1,0.99956,0.99997,0,answer,"To determine the expected value of each term, we need to multiply the probability of each outcome by its value and then sum these products.

For Term A:
Expected value = (0.74 * $113) + (0.26 * $0)
Expected value = $83.82 + $0
Expected value = $83.82

For Term B:
Expected value = $82

Since $83.82 is greater than $82, the option with the higher expected value is Term A.",massA=1 massB=0.000437,before,0,0.0
p2,347,11,gain,0,54,68,0.81,1.02,3,False,A,meta-llama/Llama-3.1-8B-Instruct,chat,riskneutral_terse,1,0.99986,0.99984,0,answer,"To determine the expected value of each outcome, we need to multiply the probability of each gain by the gain itself and then sum these products.

For Outcome A:
- 81% chance to gain $68: 0.81 * $68 = $54.88
- 19% chance to gain nothing: 0.19 * $0 = $0
Expected value of Outcome A: $54.88 + $0 = $54.88

For Outcome B:
- Certain gain of $54: $54

Outcome A has a higher expected value ($54.88 vs $54).",massA=1 massB=0.000144,before,0,0.0
p2,335,11,neutral,0,54,68,0.81,1.02,2,False,A,meta-llama/Llama-3.1-8B-Instruct,chat,riskneutral_terse,1,0.99933,0.99993,0,answer,"To determine the expected value of each alternative, we multiply the probability of each outcome by its value and then sum these products.

For Alternative A:
Expected value = ($68 * 0.81) + ($0 * 0.19)
Expected value = $54.78 + $0
Expected value = $54.78

For Alternative B:
Expected value = ($54 * 1)
Expected value = $54

Since $54.78 is greater than $54, the alternative with the higher expected value is Alternative A.",massA=0.999 massB=0.000667,before,0,0.0
p2,398,13,neutral,0,72,88,0.64,0.7822,4,True,B,meta-llama/Llama-3.1-8B-Instruct,chat,riskneutral_terse,1,0.00066,0.99997,0,answer,"To decide between the two terms, we need to calculate the expected value of each term.

For Term A, the expected value is $72 since it's a certain amount.

For Term B, the expected value is calculated as follows:
Expected Value = (Probability of receiving $88) * ($88) + (Probability of receiving $0) * ($0)
Expected Value = (0.64) * ($88) + (0.36) * ($0)
Expected Value = $56.32

Since $72 is greater than $56.32, the term with the higher expected value is Term A.",massA=0.999 massB=0.000656,before,0,0.0
p2,342,11,gain,0,54,68,0.81,1.02,1,True,B,meta-llama/Llama-3.1-8B-Instruct,chat,riskneutral_terse,1,0.99995,0.99991,0,answer,"To determine the expected value of each arrangement, we need to calculate the average gain by multiplying the probability of each outcome by its value and summing them up.

For Arrangement A, the expected value is simply the certain gain:
Expected Value A = $54

For Arrangement B, we have two possible outcomes:
Expected Value B = (81% chance to gain $68) + (19% chance to gain nothing)
Expected Value B = (0.81 * $68) + (0.19 * $0)
Expected Value B = $54.88 + $0
Expected Value B = $54.88

Since $54.88 is greater than $54, the expected value of Arrangement B is higher.",massA=4.91e-05 massB=1,before,0,0.0
p2,458,15,neutral,0,82,113,0.74,1.0198,4,True,B,meta-llama/Llama-3.1-8B-Instruct,chat,riskneutral_terse,1,0.99987,0.99998,0,answer,"To decide between the two terms, we need to calculate the expected value of each term.

For Term A, the expected value is $82, since it's a certain amount.

For Term B, the expected value is calculated as follows:
Expected Value = (Probability of receiving $113) * ($113) + (Probability of receiving $0) * ($0)
Expected Value = (0.74) * ($113) + (0.26) * ($0)
Expected Value = $83.62

Since $83.62 is greater than $82, the expected value of Term B is higher.",massA=0.000127 massB=1,before,0,0.0
p2,1036,34,gain,0,52,96,0.63,1.1631,3,True,B,meta-llama/Llama-3.1-8B-Instruct,chat,riskneutral_terse,1,0.99983,0.99991,0,answer,"To determine the expected value of each outcome, we need to calculate the weighted average of the possible gains.

For Outcome A, the expected value is simply the certain gain:
Expected Value A = $52

For Outcome B, we need to calculate the weighted average of the possible gains:
Expected Value B = (63% * $96) + (37% * $0)
Expected Value B = (0.63 * $96) + (0.37 * $0)
Expected Value B = $60.48

Since Outcome A has an expected value of $52 and Outcome B has an expected value of $60.48, the option with the higher expected value is Outcome B.",massA=0.000174 massB=1,before,0,0.0
p2,592,19,mixed,64,64,122,0.49,0.9341,1,True,B,meta-llama/Llama-3.1-8B-Instruct,chat,riskneutral_terse,1,0.00027,0.99989,0,answer,"To determine the expected value of each arrangement, we need to calculate the weighted average of the possible outcomes.

For Arrangement A, the expected value is simply the upfront payment: $64.

For Arrangement B, the expected value is calculated as follows:

- 49% chance to rise to $122: 0.49 * $122 = $59.78
- 51% chance to drop to $0: 0.51 * $0 = $0
- Total expected value: $59.78 + $0 = $59.78

Now, let's compare the expected values of the two arrangements:

Arrangement A: $64
Arrangement B: $59.78

Since $64 is greater than $59.78, the option with the higher expected value is Arrangement A.",massA=1 massB=0.000265,before,0,0.0
p2,953,31,mixed,51,51,151,0.29,0.8586,1,False,A,meta-llama/Llama-3.1-8B-Instruct,chat,riskneutral_terse,1,1e-05,0.99982,0,answer,"To determine the expected value of each arrangement, we need to calculate the weighted sum of the possible outcomes.

For Arrangement A:
- The probability of rising to $151 is 29%, or 0.29.
- The probability of dropping to $0 is 71%, or 0.71.
- The expected value of rising to $151 is $151 * 0.29 = $43.99.
- The expected value of dropping to $0 is $0 * 0.71 = $0.
- The overall expected value of Arrangement A is $43.99 - $51 = -$7.01.

For Arrangement B:
- The expected value is $51 * 1 = $51.

Since the expected value of Arrangement A is negative, it has a lower expected value than Arrangement B. Therefore, the option with the higher expected value is Arrangement B.",massA=1.17e-05 massB=1,before,0,0.0
p2,442,14,mixed,81,81,201,0.68,1.6874,1,True,B,meta-llama/Llama-3.1-8B-Instruct,chat,riskneutral_terse,1,0.99944,0.99979,0,answer,"To determine the expected value of each arrangement, we need to calculate the weighted average of the possible outcomes.

For Arrangement A, the outcome is $81 with a 100% chance, so the expected value is $81.

For Arrangement B, the possible outcomes are $201 with a 68% chance and $0 with a 32% chance. To calculate the expected value, we multiply each outcome by its probability and add them together:

Expected value = ($201 * 0.68) + ($0 * 0.32)
Expected value = $137.08 + $0
Expected value = $137.08

Now, let's compare the expected values of the two arrangements. Arrangement A has an expected value of $81, while Arrangement B has an expected value of $137.08. Since $137.08 is higher than $81, we should choose Arrangement B.",massA=0.000561 massB=0.999,before,0,0.0
p2,275,9,neutral,0,49,153,0.26,0.8118,2,False,A,meta-llama/Llama-3.1-8B-Instruct,chat,riskneutral_terse,1,0.00338,0.99998,0,answer,"To determine the expected value of each alternative, we need to multiply the probability of each outcome by its value and then sum these products.

For Alternative A:
Expected value = ($153 * 0.26) + ($0 * 0.74)
Expected value = $39.58 + $0
Expected value = $39.58

For Alternative B:
Expected value = ($49 * 1)
Expected value = $49

Since $49 is greater than $39.58, we should choose the alternative with the higher expected value.",massA=0.00338 massB=0.997,before,0,0.0
p2,646,21,gain,0,106,206,0.73,1.4187,3,True,B,meta-llama/Llama-3.1-8B-Instruct,chat,riskneutral_terse,1,0.99997,0.99997,0,answer,"To determine the expected value of each outcome, we need to calculate the weighted average of the possible gains.

For Outcome A, the gain is certain, so the expected value is simply $106.

For Outcome B, we have a 73% chance to gain $206 and a 27% chance to gain nothing. To calculate the expected value, we multiply each possible gain by its probability and then add the results:

Expected value of Outcome B = ($206 * 0.73) + ($0 * 0.27)
Expected value of Outcome B = $150.18 + $0
Expected value of Outcome B = $150.18

Now, let's compare the expected values of the two outcomes:

Outcome A: $106
Outcome B: $150.18

Since Outcome B has a higher expected value, the answer is",massA=2.71e-05 massB=1,before,0,0.0
p2,954,31,mixed,51,51,151,0.29,0.8586,2,True,B,meta-llama/Llama-3.1-8B-Instruct,chat,riskneutral_terse,1,0.00077,0.99989,0,answer,"To determine the expected value of each alternative, we need to calculate the weighted sum of the possible outcomes.

For Alternative A, the expected value is simply the initial amount:
Expected Value A = $51

For Alternative B, we have two possible outcomes with their respective probabilities:
Outcome 1: $151 with 29% probability
Outcome 2: $0 with 71% probability

Expected Value B = ($151 * 0.29) + ($0 * 0.71)
Expected Value B = $43.99 + $0
Expected Value B = $43.99

Now, let's compare the expected values:
Expected Value A = $51
Expected Value B = $43.99

Since $51 is greater than $43.99, the alternative with the higher expected value is Alternative A.",massA=0.999 massB=0.000767,before,0,0.0
p2,284,9,gain,0,49,153,0.26,0.8118,2,True,B,meta-llama/Llama-3.1-8B-Instruct,chat,riskneutral_terse,1,0.00034,0.99997,0,answer,"To determine the expected value of each alternative, we need to calculate the weighted sum of the possible outcomes.

For Alternative A, the expected value is simply the certain gain:
Expected Value A = $49

For Alternative B, we need to calculate the weighted sum of the possible outcomes:
Expected Value B = ($153 * 0.26) + ($0 * 0.74)
Expected Value B = $39.48 + $0
Expected Value B = $39.48

Since $49 is greater than $39.48, we would rather have Alternative A.",massA=1 massB=0.000335,before,0,0.0
p2,135,4,gain,0,29,71,0.55,1.3466,2,False,A,meta-llama/Llama-3.1-8B-Instruct,chat,riskneutral_terse,1,0.9991,0.99994,0,answer,"To determine the expected value of each alternative, we need to multiply the probability of each outcome by its value and then sum these products.

For Alternative A:
Expected value = (0.55 * $71) + (0.45 * $0)
Expected value = $38.85 + $0
Expected value = $38.85

For Alternative B:
Expected value = $29

Since $38.85 is greater than $29, the alternative with the higher expected value is Alternative A.",massA=0.999 massB=0.000897,before,0,0.0
p2,1038,34,gain,0,52,96,0.63,1.1631,4,True,B,meta-llama/Llama-3.1-8B-Instruct,chat,riskneutral_terse,1,0.99998,0.99996,0,answer,"To determine the expected value of each term, we need to calculate the average gain by multiplying the probability of each outcome by its value and then summing these products.

For Term A, the expected value is simply the certain gain:
Expected Value A = $52

For Term B, the expected value is the sum of the products of the probabilities and the gains:
Expected Value B = (0.63 * $96) + (0.37 * $0)
Expected Value B = $60.48 + $0
Expected Value B = $60.48

Since $60.48 is greater than $52, the option with the higher expected value is Term B.",massA=2.14e-05 massB=1,before,0,0.0
p2,351,11,mixed,54,54,68,0.81,1.02,0,False,A,meta-llama/Llama-3.1-8B-Instruct,chat,riskneutral_terse,1,0.99947,0.99996,0,answer,"To determine the preferred option, we need to calculate the expected value of each option.

For Option A:
Expected value = (probability of rising) * (amount after rising) + (probability of dropping) * (amount after dropping)
Expected value = (0.81) * ($68) + (0.19) * ($0)
Expected value = $54.68 + $0
Expected value = $54.68

For Option B:
Expected value = $54 (since there's no change)

Since $54.68 is greater than $54, the preferred option is the one with the higher expected value.",massA=0.999 massB=0.000527,before,0,0.0
p2,505,16,mixed,139,139,234,0.6,1.0101,2,False,A,meta-llama/Llama-3.1-8B-Instruct,chat,riskneutral_terse,1,0.99985,0.99994,0,answer,"To determine the better option, we need to calculate the expected value of each alternative.

For Alternative A:
Expected value = (probability of rising) * (amount after rising) + (probability of dropping) * (amount after dropping)
Expected value = (0.6) * ($234) + (0.4) * ($0)
Expected value = $140.4 + $0
Expected value = $140.4

For Alternative B:
Expected value = $139 (since there's no change)

Since $140.4 is greater than $139, the expected value of Alternative A is higher.",massA=1 massB=0.000154,before,0,0.0
p2,315,10,gain,0,111,278,0.58,1.4526,2,False,A,meta-llama/Llama-3.1-8B-Instruct,chat,riskneutral_terse,1,0.99912,0.99994,0,answer,"To determine the expected value of each alternative, we need to multiply the probability of each outcome by its value and then sum these products.

For Alternative A:
Expected value = (0.58 * $278) + (0.42 * $0)
Expected value = $161.24 + $0
Expected value = $161.24

For Alternative B:
Expected value = $111

Since $161.24 is greater than $111, the alternative with the higher expected value is Alternative A.",massA=0.999 massB=0.000883,before,0,0.0
p2,1051,35,neutral,0,91,133,0.68,0.9938,0,False,A,meta-llama/Llama-3.1-8B-Instruct,chat,riskneutral_terse,1,0.99716,0.99989,0,answer,"To determine the preferred option, we need to calculate the expected value of each option.

For Option A:
Expected value = (probability of receiving $133) * ($133) + (probability of receiving $0) * ($0)
Expected value = 0.68 * $133 + 0.32 * $0
Expected value = $90.44

For Option B:
Expected value = $91 (since it's a certain payment)

Since $90.44 is less than $91, the expected value of Option A is lower than Option B. 

However, we need to consider the probability of receiving $133 in Option A, which is 68%. This is higher than the probability of receiving $91 in Option B, which is 100%. 

In this case, the higher probability of receiving a higher amount in Option A makes it the preferred choice.",massA=0.997 massB=0.00284,before,0,0.0
p2,1059,35,neutral,0,91,133,0.68,0.9938,4,False,A,meta-llama/Llama-3.1-8B-Instruct,chat,riskneutral_terse,1,0.99859,0.99991,0,answer,"To make a decision, we need to calculate the expected value of each term. The expected value is the sum of the product of each outcome and its probability.

For Term A:
Expected value = ($133 * 0.68) + ($0 * 0.32)
Expected value = $90.04

For Term B:
Expected value = ($91 * 1)
Expected value = $91

Since $90.04 is greater than $91, we should choose Term A.",massA=0.999 massB=0.00141,before,0,0.0
p2,652,21,mixed,106,106,206,0.73,1.4187,1,True,B,meta-llama/Llama-3.1-8B-Instruct,chat,riskneutral_terse,1,0.00035,0.99987,0,answer,"To determine the expected value of each arrangement, we need to calculate the weighted average of the possible outcomes.

For Arrangement A, the expected value is simply the upfront payment: $106.

For Arrangement B, the expected value is calculated as follows:

- 73% chance to rise to $206: 0.73 * $206 = $150.18
- 27% chance to drop to $0: 0.27 * $0 = $0
- Expected value: $150.18 - $106 = $44.18

Now, let's compare the expected values of the two arrangements:

Arrangement A: $106
Arrangement B: $44.18

Since $106 is greater than $44.18, the option with the higher expected value is Arrangement A.",massA=1 massB=0.000351,before,0,0.0
p2,644,21,gain,0,106,206,0.73,1.4187,2,True,B,meta-llama/Llama-3.1-8B-Instruct,chat,riskneutral_terse,1,0.99989,0.99997,0,answer,"To determine the expected value of each alternative, we need to calculate the weighted sum of the possible outcomes.

For Alternative A, the expected value is simply the certain gain:
Expected Value A = $106

For Alternative B, we need to calculate the weighted sum of the possible outcomes:
Expected Value B = ($206 * 0.73) + ($0 * 0.27)
Expected Value B = $150.18 + $0
Expected Value B = $150.18

Since $150.18 is greater than $106, we would rather have Alternative B.",massA=0.000106 massB=1,before,0,0.0
p2,1150,38,gain,0,183,609,0.38,1.2646,0,True,B,meta-llama/Llama-3.1-8B-Instruct,chat,riskneutral_terse,1,0.99987,0.99996,0,answer,"To determine the expected value of each option, we need to calculate the weighted average of the possible outcomes.

For Option A, the expected value is simply the certain gain:
Expected Value of A = $183

For Option B, we need to calculate the weighted average of the possible outcomes:
Expected Value of B = (38% * $609) + (62% * $0)
Expected Value of B = (0.38 * $609) + (0.62 * $0)
Expected Value of B = $231.42 + $0
Expected Value of B = $231.42

Since $231.42 is greater than $183, the option with the higher expected value is Option B.",massA=0.000127 massB=1,before,0,0.0
p2,352,11,mixed,54,54,68,0.81,1.02,1,True,B,meta-llama/Llama-3.1-8B-Instruct,chat,riskneutral_terse,1,0.99963,0.99962,0,answer,"To determine the expected value of each arrangement, we need to calculate the weighted average of the possible outcomes.

For Arrangement A, the expected value is simply the upfront payment: $54.

For Arrangement B, the expected value is calculated as follows:

- 81% chance to rise to $68: 0.81 * $68 = $54.88
- 19% chance to drop to $0: 0.19 * $0 = $0
- Total expected value: $54.88 + $0 = $54.88

Now, let's compare the expected values of both arrangements. Arrangement A has an expected value of $54, while Arrangement B has an expected value of $54.88. Since $54.88 is higher than $54, the option with the higher expected value is Arrangement B.",massA=0.000368 massB=0.999,before,0,0.0
p2,271,9,neutral,0,49,153,0.26,0.8118,0,False,A,meta-llama/Llama-3.1-8B-Instruct,chat,riskneutral_terse,1,0.99265,0.99969,0,answer,"To determine the preferred option, we need to calculate the expected value of each option.

For Option A:
Expected value = (Probability of receiving $153) * ($153) + (Probability of receiving $0) * ($0)
Expected value = 0.26 * $153 + 0.74 * $0
Expected value = $39.78

For Option B:
Expected value = $49 (since it's a certain payment)

Comparing the expected values, $39.78 is less than $49. However, we need to consider the probability of receiving $153 in Option A, which is 26%. This is a relatively high probability compared to the certain payment in Option B.

Since the expected value of Option A ($39.78) is higher than the expected value of Option B ($49), we should reconsider our calculation. The expected value of Option A is actually lower than Option B. 

However, the probability of receiving $153 in Option A is higher than the probability of receiving $0. This means that even though the expected value of Option A is lower, the potential reward is higher.

In this case, we should consider the potential reward and the probability of receiving it. The potential reward of Option A ($153) is higher than the potential reward of Option B ($49).

Since the potential reward of Option A is higher, we should choose the option with the higher potential reward.",massA=0.992 massB=0.00734,before,0,0.0
p2,278,9,neutral,0,49,153,0.26,0.8118,4,True,B,meta-llama/Llama-3.1-8B-Instruct,chat,riskneutral_terse,1,0.0005,0.99995,0,answer,"To make a decision, we need to calculate the expected value of each term.

For Term A, the expected value is $49 since it's a certain amount.

For Term B, the expected value is calculated as follows:
Expected Value = (Probability of $153) * ($153) + (Probability of $0) * ($0)
Expected Value = (0.26) * ($153) + (0.74) * ($0)
Expected Value = $39.78

Now, let's compare the expected values:
Term A: $49
Term B: $39.78

Since $49 is greater than $39.78, the option with the higher expected value is Term A.",massA=0.999 massB=0.000503,before,0,0.0
p2,419,13,mixed,72,72,88,0.64,0.7822,4,False,A,meta-llama/Llama-3.1-8B-Instruct,chat,riskneutral_terse,1,0.99436,0.99925,0,answer,"To make a decision, we need to calculate the expected value of each term.

For Term A:
Expected value = (probability of rising) * (amount if rising) + (probability of dropping) * (amount if dropping)
Expected value = (0.64) * ($88) + (0.36) * ($0)
Expected value = $56.48 + $0
Expected value = $56.48

For Term B:
Expected value = (probability of no change) * (amount if no change)
Expected value = (1) * ($72)
Expected value = $72

Since $56.48 is less than $72, the expected value of Term A is lower than Term B. However, we need to consider the potential for a higher gain in Term A.

The expected value of Term A ($56.48) is lower than Term B ($72), but the potential gain in Term A ($16) is higher than the potential gain in Term B ($0). We need to weigh the higher potential gain against the lower expected value.

In this case, the higher potential gain in Term A outweighs the lower expected value. Therefore, the option with the higher expected value is not the correct answer. The correct answer is the option with the higher potential gain.",massA=0.994 massB=0.00564,before,0,0.0
p2,641,21,gain,0,106,206,0.73,1.4187,0,False,A,meta-llama/Llama-3.1-8B-Instruct,chat,riskneutral_terse,1,0.99977,0.99997,0,answer,"To determine the preferred option, we need to calculate the expected value of each option.

For Option A:
Expected value = (73% chance to gain $206) + (27% chance to gain $0)
Expected value = (0.73 * $206) + (0.27 * $0)
Expected value = $150.18 + $0
Expected value = $150.18

For Option B:
Expected value = (100% chance to gain $106)
Expected value = $106

Since $150.18 is greater than $106, the preferred option is the one with the higher expected value.",massA=1 massB=0.000234,before,0,0.0
p2,1243,21,dominant,0,106,147,1.0,1.3868,3,False,A,meta-llama/Llama-3.1-8B-Instruct,chat,riskneutral_terse,1,0.99928,0.99982,0,answer,"To make a decision, we need to compare the expected values of the two outcomes. Since both outcomes are certain, their expected values are equal to the outcomes themselves.

Outcome A: $147
Outcome B: $106

Outcome A has a higher value, so the option with the higher expected value is Outcome A.",massA=0.999 massB=0.000721,before,0,0.0
p2,302,10,neutral,0,111,278,0.58,1.4526,1,True,B,meta-llama/Llama-3.1-8B-Instruct,chat,riskneutral_terse,1,0.99968,0.99997,0,answer,"To determine the expected value of each arrangement, we need to calculate the weighted average of the possible outcomes.

For Arrangement A, the expected value is the certain amount:
Expected Value A = $111

For Arrangement B, the expected value is the sum of the products of each outcome and its probability:
Expected Value B = ($278 * 0.58) + ($0 * 0.42)
Expected Value B = $160.84 + $0
Expected Value B = $160.84

Since $160.84 is greater than $111, the option with the higher expected value is Arrangement B.",massA=0.000315 massB=1,before,0,0.0
p2,531,17,mixed,117,117,362,0.42,1.2995,0,False,A,meta-llama/Llama-3.1-8B-Instruct,chat,riskneutral_terse,1,0.99989,0.99994,0,answer,"To determine the preferred option, we need to calculate the expected value of each option.

For Option A:
Expected value = (probability of rising) * (amount if rising) + (probability of dropping) * (amount if dropping)
Expected value = 0.42 * $362 + 0.58 * $0
Expected value = $151.64 + $0
Expected value = $151.64

For Option B:
Expected value = $117 (since there's no change)

Comparing the expected values, Option A has a higher expected value ($151.64) than Option B ($117).",massA=1 massB=0.000112,before,0,0.0
p2,631,21,neutral,0,106,206,0.73,1.4187,0,False,A,meta-llama/Llama-3.1-8B-Instruct,chat,riskneutral_terse,1,0.99967,0.99998,0,answer,"To determine the preferred option, we need to calculate the expected value of each option.

For Option A:
Expected value = (Probability of receiving $206) * ($206) + (Probability of receiving $0) * ($0)
Expected value = 0.73 * $206 + 0.27 * $0
Expected value = $150.18

For Option B:
Expected value = $106 (since it's a certain payment)

Since $150.18 is greater than $106, the preferred option is the one with the higher expected value.",massA=1 massB=0.00033,before,0,0.0
p2,1103,36,mixed,98,98,227,0.47,1.0887,1,False,A,meta-llama/Llama-3.1-8B-Instruct,chat,riskneutral_terse,1,0.99949,0.9999,0,answer,"To determine the expected value of each arrangement, we need to calculate the weighted sum of the possible outcomes.

For Arrangement A:
- The probability of rising to $227 is 47% or 0.47.
- The probability of dropping to $0 is 53% or 0.53.
- The expected value of rising to $227 is 0.47 * $227 = $106.49.
- The expected value of dropping to $0 is 0.53 * $0 = $0.
- The overall expected value of Arrangement A is $106.49 - $98 = $8.49.

For Arrangement B:
- The expected value is simply the initial amount, which is $98.

Since $8.49 is greater than $98, the option with the higher expected value is Arrangement A.",massA=0.999 massB=0.000511,before,0,0.0
p2,643,21,gain,0,106,206,0.73,1.4187,1,False,A,meta-llama/Llama-3.1-8B-Instruct,chat,riskneutral_terse,1,0.99966,0.99992,0,answer,"To determine the expected value of each arrangement, we need to multiply the probability of each outcome by its value and then sum these products.

For Arrangement A:
- 73% chance to gain $206: 0.73 * $206 = $150.18
- 27% chance to gain nothing: 0.27 * $0 = $0
Expected value of Arrangement A: $150.18 + $0 = $150.18

For Arrangement B:
- Certain gain of $106: 1 * $106 = $106

Since $150.18 is greater than $106, the arrangement with the higher expected value is Arrangement A.",massA=1 massB=0.000335,before,0,0.0
p2,468,15,gain,0,82,113,0.74,1.0198,4,True,B,meta-llama/Llama-3.1-8B-Instruct,chat,riskneutral_terse,1,0.99998,0.99993,0,answer,"To decide which term has a higher expected value, we need to calculate the expected value of each term.

For Term A, the expected value is simply the certain gain: $82.

For Term B, we need to calculate the expected value by multiplying the probability of each outcome by the value of that outcome and then summing these products. 

Expected value of Term B = (0.74 * $113) + (0.26 * $0)
Expected value of Term B = $83.82 + $0
Expected value of Term B = $83.82

Since $83.82 is greater than $82, Term B has a higher expected value.",massA=2.21e-05 massB=1,before,0,0.0
p2,409,13,gain,0,72,88,0.64,0.7822,4,False,A,meta-llama/Llama-3.1-8B-Instruct,chat,riskneutral_terse,1,2e-05,0.99996,0,answer,"To determine the expected value of each term, we need to multiply the probability of each outcome by its value and then sum these products.

For Term A:
Expected value = (0.64 * $88) + (0.36 * $0)
Expected value = $56.32 + $0
Expected value = $56.32

For Term B:
Expected value = $72 (since it's a certain gain)

Since $72 is greater than $56.32, the option with the higher expected value is Term B.",massA=1.75e-05 massB=1,before,0,0.0
p2,624,20,mixed,186,186,266,0.63,0.901,2,True,B,meta-llama/Llama-3.1-8B-Instruct,chat,riskneutral_terse,1,0.00058,0.99989,0,answer,"To determine the expected value of each alternative, we need to calculate the weighted sum of the possible outcomes.

For Alternative A, the expected value is simply the initial amount:
Expected Value A = $186

For Alternative B, we have two possible outcomes with their respective probabilities:
Outcome 1: $266 with 63% probability
Outcome 2: $0 with 37% probability

Expected Value B = ($266 * 0.63) + ($0 * 0.37)
Expected Value B = $166.98 + $0
Expected Value B = $166.98

Now, let's compare the expected values:
Expected Value A = $186
Expected Value B = $166.98

Since $186 is greater than $166.98, the alternative with the higher expected value is Alternative A.",massA=0.999 massB=0.000579,before,0,0.0
p2,465,15,gain,0,82,113,0.74,1.0198,2,False,A,meta-llama/Llama-3.1-8B-Instruct,chat,riskneutral_terse,1,0.99906,0.99994,0,answer,"To determine the expected value of each alternative, we need to multiply the probability of each outcome by its value and then sum these products.

For Alternative A:
Expected value = (0.74 * $113) + (0.26 * $0)
Expected value = $83.82 + $0
Expected value = $83.82

For Alternative B:
Expected value = $82

Since $83.82 is greater than $82, the alternative with the higher expected value is Alternative A.",massA=0.999 massB=0.00094,before,0,0.0
p2,431,14,gain,0,81,201,0.68,1.6874,0,False,A,meta-llama/Llama-3.1-8B-Instruct,chat,riskneutral_terse,1,0.99983,0.99997,0,answer,"To determine the preferred option, we need to calculate the expected value of each option.

For Option A:
Expected value = (probability of gaining $201) * ($201) + (probability of gaining nothing) * ($0)
Expected value = 0.68 * $201 + 0.32 * $0
Expected value = $136.80 + $0
Expected value = $136.80

For Option B:
Expected value = (probability of gaining $81) * ($81)
Expected value = 1 * $81
Expected value = $81

Since $136.80 is greater than $81, the preferred option is the one with the higher expected value.",massA=1 massB=0.000169,before,0,0.0
p2,1268,34,dominant,0,52,110,1.0,2.1154,3,True,B,meta-llama/Llama-3.1-8B-Instruct,chat,riskneutral_terse,1,0.99987,0.99986,0,answer,"In this scenario, both outcomes are certain, meaning they have no uncertainty or risk associated with them. 

Outcome A offers $52 for certain, and Outcome B offers $110 for certain. 

Since both outcomes are certain, the expected value of each outcome is the same as the outcome itself. 

Therefore, the option with the higher expected value is Outcome B, which offers $110 for certain.",massA=0.000129 massB=1,before,0,0.0
p2,1277,38,dominant,0,183,201,1.0,1.0984,2,False,A,meta-llama/Llama-3.1-8B-Instruct,chat,riskneutral_terse,1,0.99969,0.99992,0,answer,"To determine the better option, we need to compare the two alternatives. 

Alternative A offers a certain amount of $201. 
Alternative B offers a certain amount of $183.

Since Alternative A offers a higher amount ($201) compared to Alternative B ($183), the expected value of Alternative A is higher.",massA=1 massB=0.00031,before,0,0.0
p2,1161,38,mixed,183,183,609,0.38,1.2646,0,False,A,meta-llama/Llama-3.1-8B-Instruct,chat,riskneutral_terse,1,0.99987,0.99996,0,answer,"To determine the preferred option, we need to calculate the expected value of each option.

For Option A:
Expected value = (probability of rising) * (amount if rising) + (probability of dropping) * (amount if dropping)
Expected value = (0.38) * ($609) + (0.62) * ($0)
Expected value = $231.42 + $0
Expected value = $231.42

For Option B:
Expected value = (probability of keeping) * (amount if keeping)
Expected value = (1) * ($183)
Expected value = $183

Since $231.42 is greater than $183, the preferred option is the one with the higher expected value.",massA=1 massB=0.000125,before,0,0.0
p2,511,17,neutral,0,117,362,0.42,1.2995,0,False,A,meta-llama/Llama-3.1-8B-Instruct,chat,riskneutral_terse,1,0.99969,0.99997,0,answer,"To determine the preferred option, we need to calculate the expected value of each option.

For Option A:
Expected value = (probability of receiving $362) * ($362) + (probability of receiving $0) * ($0)
Expected value = 0.42 * $362 + 0.58 * $0
Expected value = $151.64

For Option B:
Expected value = (probability of receiving $117) * ($117)
Expected value = 1 * $117
Expected value = $117

Since $151.64 is greater than $117, the preferred option is the one with the higher expected value.",massA=1 massB=0.00031,before,0,0.0
p2,1212,6,dominant,0,94,128,1.0,1.3617,3,True,B,meta-llama/Llama-3.1-8B-Instruct,chat,riskneutral_terse,1,0.99982,0.99997,0,answer,"To make a decision, we need to compare the expected values of the two outcomes. Since both outcomes are certain, their expected values are equal to the outcomes themselves.

Outcome A: $94
Outcome B: $128

Outcome B has a higher value, so it's the better choice.",massA=0.000182 massB=1,before,0,0.0
p2,589,19,gain,0,64,122,0.49,0.9341,4,False,A,meta-llama/Llama-3.1-8B-Instruct,chat,riskneutral_terse,1,6e-05,0.99992,0,answer,"To determine the expected value of each term, we need to multiply the probability of each outcome by its value and then sum these products.

For Term A:
Expected value = (0.49 * $122) + (0.51 * $0)
Expected value = $59.78 + $0
Expected value = $59.78

For Term B:
Expected value = $64

Since $59.78 is less than $64, Term B has a higher expected value.",massA=6.01e-05 massB=1,before,0,0.0
p2,488,16,neutral,0,139,234,0.6,1.0101,4,True,B,meta-llama/Llama-3.1-8B-Instruct,chat,riskneutral_terse,1,0.99985,0.99998,0,answer,"To decide between the two terms, we need to calculate the expected value of each term.

For Term A, the expected value is the certain amount: $139.

For Term B, the expected value is calculated as follows:
Expected Value = (Probability of $234) * ($234) + (Probability of $0) * ($0)
Expected Value = (0.6) * ($234) + (0.4) * ($0)
Expected Value = $140.40

Since $140.40 is greater than $139, the expected value of Term B is higher.",massA=0.000149 massB=1,before,0,0.0
p2,923,30,mixed,149,149,447,0.26,0.78,1,False,A,meta-llama/Llama-3.1-8B-Instruct,chat,riskneutral_terse,1,2e-05,0.99984,0,answer,"To determine the expected value of each arrangement, we need to calculate the weighted sum of the possible outcomes.

For Arrangement A:
- The probability of rising to $447 is 26% or 0.26.
- The probability of dropping to $0 is 74% or 0.74.
- The expected value of rising to $447 is 0.26 * $447 = $116.42.
- The expected value of dropping to $0 is 0.74 * $0 = $0.
- The overall expected value of Arrangement A is $116.42 - $149 = -$32.58.

For Arrangement B:
- The expected value is simply the initial amount, which is $149.

Since the expected value of Arrangement A is negative, it has a lower expected value compared to Arrangement B. Therefore, the option with the higher expected value is Arrangement B.",massA=1.72e-05 massB=1,before,0,0.0
p2,267,8,mixed,62,62,263,0.33,1.3998,3,False,A,meta-llama/Llama-3.1-8B-Instruct,chat,riskneutral_terse,1,0.99952,0.9997,0,answer,"To determine the expected value of each outcome, we need to calculate the weighted sum of the possible outcomes.

For Outcome A:
- 33% chance to rise to $263: 0.33 * $263 = $86.59
- 67% chance to drop to $0: 0.67 * $0 = $0
Expected value of Outcome A: $86.59 - $62 = $24.59

For Outcome B:
- 100% chance to keep $62: 1 * $62 = $62
Expected value of Outcome B: $62

Outcome A has a higher expected value ($24.59 vs $62), so the option with the higher expected value is Outcome A.",massA=0.999 massB=0.00048,before,0,0.0
p2,204,6,mixed,94,94,101,0.71,0.7629,2,True,B,meta-llama/Llama-3.1-8B-Instruct,chat,riskneutral_terse,1,0.00017,0.99992,0,answer,"To determine the expected value of each alternative, we need to calculate the weighted sum of the possible outcomes.

For Alternative A, the expected value is simply the initial amount:
Expected Value A = $94

For Alternative B, we have two possible outcomes with their respective probabilities:
Outcome 1: $101 with 71% probability
Outcome 2: $0 with 29% probability

Expected Value B = ($101 * 0.71) + ($0 * 0.29)
Expected Value B = $71.21 - $0
Expected Value B = $71.21

Since $94 (Alternative A) is greater than $71.21 (Alternative B), the option with the higher expected value is",massA=1 massB=0.000166,before,0,0.0
p2,453,15,neutral,0,82,113,0.74,1.0198,1,False,A,meta-llama/Llama-3.1-8B-Instruct,chat,riskneutral_terse,1,0.99931,0.99995,0,answer,"To determine the expected value of each arrangement, we multiply the probability of each outcome by its value and then sum these products.

For Arrangement A:
Expected value = ($113 * 0.74) + ($0 * 0.26)
Expected value = $83.42 + $0
Expected value = $83.42

For Arrangement B:
Expected value = ($82 * 1)
Expected value = $82

Since $83.42 is greater than $82, the arrangement with the higher expected value is Arrangement A.",massA=0.999 massB=0.000688,before,0,0.0
p2,244,8,neutral,0,62,263,0.33,1.3998,2,True,B,meta-llama/Llama-3.1-8B-Instruct,chat,riskneutral_terse,1,0.99976,0.99997,0,answer,"To determine the expected value of each alternative, we need to calculate the weighted sum of the possible outcomes.

For Alternative A, the outcome is certain, so the expected value is simply $62.

For Alternative B, the expected value is calculated as follows:
Expected Value = (Probability of $263) * ($263) + (Probability of $0) * ($0)
Expected Value = (0.33) * ($263) + (0.67) * ($0)
Expected Value = $86.59

Now, let's compare the expected values of the two alternatives:
Alternative A: $62
Alternative B: $86.59

Since $86.59 is greater than $62, the alternative with the higher expected value is Alternative B.",massA=0.000242 massB=1,before,0,0.0
p2,295,9,mixed,49,49,153,0.26,0.8118,2,False,A,meta-llama/Llama-3.1-8B-Instruct,chat,riskneutral_terse,1,4e-05,0.99982,0,answer,"To determine the expected value of each alternative, we need to calculate the weighted sum of the possible outcomes.

For Alternative A:
- 26% chance to rise to $153: 0.26 * $153 = $39.78
- 74% chance to drop to $0: 0.74 * $0 = $0
Expected value of Alternative A: $39.78 - $49 = -$9.22

For Alternative B:
- 100% chance to keep $49: 1 * $49 = $49
Expected value of Alternative B: $49

Since the expected value of Alternative A is negative, it has a lower expected value compared to Alternative B. Therefore, the option with the higher expected value is Alternative B.",massA=3.88e-05 massB=1,before,0,0.0
p2,1044,34,mixed,52,52,96,0.63,1.1631,2,True,B,meta-llama/Llama-3.1-8B-Instruct,chat,riskneutral_terse,1,0.99995,0.99991,0,answer,"To determine the expected value of each alternative, we need to calculate the weighted sum of the possible outcomes.

For Alternative A, the expected value is simply the initial amount:
Expected Value A = $52

For Alternative B, we have two possible outcomes with their respective probabilities:
Outcome 1: $96 with 63% probability
Outcome 2: $0 with 37% probability

Expected Value B = ($96 * 0.63) + ($0 * 0.37)
Expected Value B = $60.48 - $0
Expected Value B = $60.48

Since $60.48 is greater than $52, the expected value of Alternative B is higher.",massA=4.54e-05 massB=1,before,0,0.0
p2,292,9,mixed,49,49,153,0.26,0.8118,1,True,B,meta-llama/Llama-3.1-8B-Instruct,chat,riskneutral_terse,1,0.00064,0.99987,0,answer,"To determine the expected value of each arrangement, we need to calculate the weighted average of the possible outcomes.

For Arrangement A, the outcome is $49 with a 100% chance, so the expected value is $49.

For Arrangement B, the possible outcomes are $153 with a 26% chance and $0 with a 74% chance. To calculate the expected value, we multiply each outcome by its probability and add them together:

Expected value = ($153 * 0.26) + ($0 * 0.74)
Expected value = $39.78 + $0
Expected value = $39.78

Now, let's compare the expected values of the two arrangements. Arrangement A has an expected value of $49, while Arrangement B has an expected value of $39.78. Since $49 is higher than $39.78, the option with the higher expected value is Arrangement A.",massA=0.999 massB=0.000636,before,0,0.0
p2,920,30,mixed,149,149,447,0.26,0.78,0,True,B,meta-llama/Llama-3.1-8B-Instruct,chat,riskneutral_terse,1,0.0011,0.99995,0,answer,"To determine the preferred option, we need to calculate the expected value of each option.

For Option A, the expected value is simply the amount we have upfront: $149.

For Option B, we need to calculate the expected value based on the probabilities and outcomes:
- 26% chance to rise to $447: 0.26 * $447 = $116.42
- 74% chance to drop to $0: 0.74 * $0 = $0
The expected value of Option B is the sum of these two: $116.42 + $0 = $116.42

Now, let's compare the expected values:
- Option A: $149
- Option B: $116.42

Since $149 is greater than $116.42, the preferred option is the one with the higher expected value.",massA=0.999 massB=0.0011,before,0,0.0
p2,491,16,gain,0,139,234,0.6,1.0101,0,False,A,meta-llama/Llama-3.1-8B-Instruct,chat,riskneutral_terse,1,0.99985,0.99996,0,answer,"To determine the preferred option, we need to calculate the expected value of each option.

For Option A:
Expected value = (probability of gaining $234) * (amount gained) + (probability of gaining nothing) * (amount gained)
Expected value = (0.6) * ($234) + (0.4) * ($0)
Expected value = $140.40

For Option B:
Expected value = (probability of gaining $139) * (amount gained)
Expected value = (1) * ($139)
Expected value = $139

Since $140.40 is greater than $139, the preferred option is the one with the higher expected value.",massA=1 massB=0.000147,before,0,0.0
p2,1022,34,neutral,0,52,96,0.63,1.1631,1,True,B,meta-llama/Llama-3.1-8B-Instruct,chat,riskneutral_terse,1,0.99972,0.99994,0,answer,"To determine the expected value of each arrangement, we need to calculate the weighted sum of the possible outcomes.

For Arrangement A, the outcome is certain, so the expected value is simply $52.

For Arrangement B, the expected value is calculated as follows:
Expected Value = (Probability of $96) * ($96) + (Probability of $0) * ($0)
Expected Value = (0.63) * ($96) + (0.37) * ($0)
Expected Value = $60.48

Now, let's compare the expected values of the two arrangements:
Arrangement A: $52
Arrangement B: $60.48

Since $60.48 is greater than $52, the option with the higher expected value is Arrangement B.",massA=0.000278 massB=1,before,0,0.0
p2,484,16,neutral,0,139,234,0.6,1.0101,2,True,B,meta-llama/Llama-3.1-8B-Instruct,chat,riskneutral_terse,1,0.99972,0.99993,0,answer,"To determine the expected value of Alternative B, we need to multiply the probability of each outcome by its value and then sum these products.

Expected value of Alternative B = (0.6 * $234) + (0.4 * $0)
Expected value of Alternative B = $140.4 + $0
Expected value of Alternative B = $140.4

Now, let's compare the expected values of Alternative A and Alternative B. 

Expected value of Alternative A = $139
Expected value of Alternative B = $140.4

Since $140.4 is greater than $139, the alternative with the higher expected value is Alternative B.",massA=0.000282 massB=1,before,0,0.0
p2,263,8,mixed,62,62,263,0.33,1.3998,1,False,A,meta-llama/Llama-3.1-8B-Instruct,chat,riskneutral_terse,1,0.99969,0.99991,0,answer,"To determine the expected value of each arrangement, we need to calculate the weighted sum of the possible outcomes.

For Arrangement A:
- The probability of rising to $263 is 33% or 0.33.
- The probability of dropping to $0 is 67% or 0.67.
- The expected value of rising to $263 is 0.33 * $263 = $86.59.
- The expected value of dropping to $0 is 0.67 * $0 = $0.
- The overall expected value of Arrangement A is $86.59 - $62 = $24.59.

For Arrangement B:
- The expected value is simply the initial amount, which is $62.

Since $24.59 is greater than $62, the option with the higher expected value is Arrangement A.",massA=1 massB=0.000305,before,0,0.0
p2,1032,34,gain,0,52,96,0.63,1.1631,1,True,B,meta-llama/Llama-3.1-8B-Instruct,chat,riskneutral_terse,1,0.99992,0.99994,0,answer,"To determine the expected value of each arrangement, we need to calculate the average gain by multiplying the probability of each outcome by its value and summing them up.

For Arrangement A, the expected value is simply the certain gain:
Expected Value A = $52

For Arrangement B, we have two possible outcomes:
Expected Value B = (63% * $96) + (37% * $0)
Expected Value B = (0.63 * $96) + (0.37 * $0)
Expected Value B = $60.48 + $0
Expected Value B = $60.48

Since $60.48 is greater than $52, we should choose Arrangement B.",massA=7.6e-05 massB=1,before,0,0.0
p2,435,14,gain,0,81,201,0.68,1.6874,2,False,A,meta-llama/Llama-3.1-8B-Instruct,chat,riskneutral_terse,1,0.99907,0.99994,0,answer,"To determine the expected value of each alternative, we need to multiply the probability of each outcome by its value and then sum these products.

For Alternative A:
Expected value = (0.68 * $201) + (0.32 * $0)
Expected value = $136.80 + $0
Expected value = $136.80

For Alternative B:
Expected value = $81

Since $136.80 is greater than $81, the alternative with the higher expected value is Alternative A.",massA=0.999 massB=0.000925,before,0,0.0
p2,506,16,mixed,139,139,234,0.6,1.0101,3,True,B,meta-llama/Llama-3.1-8B-Instruct,chat,riskneutral_terse,1,0.00035,0.99986,0,answer,"To determine the expected value of each outcome, we need to calculate the weighted average of the possible outcomes.

For Outcome A, the expected value is simply the amount we have upfront: $139.

For Outcome B, we have a 60% chance to gain $95 and a 40% chance to lose $139. 

Expected value of Outcome B = (0.6 * $234) + (0.4 * -$139)
Expected value of Outcome B = $140.4 - $55.6
Expected value of Outcome B = $84.8

Since $139 is greater than $84.8, the option with the higher expected value is Outcome A.",massA=1 massB=0.000351,before,0,0.0
p2,120,4,neutral,0,29,71,0.55,1.3466,0,True,B,meta-llama/Llama-3.1-8B-Instruct,chat,riskneutral_terse,1,0.99865,0.99999,0,answer,"To determine the preferred option, we need to calculate the expected value of each option.

For Option A, the expected value is $29 since it's a certain payment.

For Option B, the expected value is calculated as follows:
Expected Value = (Probability of $71) * ($71) + (Probability of $0) * ($0)
Expected Value = 0.55 * $71 + 0.45 * $0
Expected Value = $38.85 + $0
Expected Value = $38.85

Now, comparing the expected values:
Option A: $29
Option B: $38.85

Since $38.85 is greater than $29, the preferred option is the one with the higher expected value.",massA=0.00135 massB=0.999,before,0,0.0
p2,1261,30,dominant,0,149,187,1.0,1.255,3,False,A,meta-llama/Llama-3.1-8B-Instruct,chat,riskneutral_terse,1,0.99932,0.99975,0,answer,"To make a decision, we need to compare the expected values of the two outcomes. Since both outcomes are certain, their expected values are equal to the outcomes themselves.

Outcome A: $187
Outcome B: $149

Outcome A has a higher value, so the option with the higher expected value is Outcome A.",massA=0.999 massB=0.000677,before,0,0.0
p2,521,17,gain,0,117,362,0.42,1.2995,0,False,A,meta-llama/Llama-3.1-8B-Instruct,chat,riskneutral_terse,1,0.99985,0.99996,0,answer,"To determine the preferred option, we need to calculate the expected value of each option.

For Option A:
Expected value = (probability of gaining $362) * (amount gained) + (probability of gaining nothing) * (amount gained)
Expected value = (0.42) * ($362) + (0.58) * ($0)
Expected value = $151.64

For Option B:
Expected value = (probability of gaining $117) * (amount gained)
Expected value = (1) * ($117)
Expected value = $117

Since $151.64 is greater than $117, the preferred option is the one with the higher expected value.",massA=1 massB=0.000151,before,0,0.0
p2,345,11,gain,0,54,68,0.81,1.02,2,False,A,meta-llama/Llama-3.1-8B-Instruct,chat,riskneutral_terse,1,0.99903,0.99992,0,answer,"To determine the expected value of each alternative, we need to multiply the probability of each outcome by its value and then sum these products.

For Alternative A:
- 81% chance to gain $68: 0.81 * $68 = $54.88
- 19% chance to gain nothing: 0.19 * $0 = $0
Expected value of Alternative A: $54.88 + $0 = $54.88

For Alternative B:
- Certain gain of $54: $54

Since $54.88 is greater than $54, the alternative with the higher expected value is Alternative A.",massA=0.999 massB=0.00097,before,0,0.0
p2,525,17,gain,0,117,362,0.42,1.2995,2,False,A,meta-llama/Llama-3.1-8B-Instruct,chat,riskneutral_terse,1,0.99885,0.99994,0,answer,"To determine the expected value of each alternative, we need to multiply the probability of each outcome by its value and then sum these products.

For Alternative A:
Expected value = (0.42 * $362) + (0.58 * $0)
Expected value = $152.44 + $0
Expected value = $152.44

For Alternative B:
Expected value = $117

Since $152.44 is greater than $117, the alternative with the higher expected value is Alternative A.",massA=0.999 massB=0.00115,before,0,0.0
p2,1235,17,dominant,0,117,129,1.0,1.1026,4,False,A,meta-llama/Llama-3.1-8B-Instruct,chat,riskneutral_terse,1,0.99931,0.99993,0,answer,"To make a decision, we need to compare the expected values of both terms. Since both terms are for certain, their expected values are equal to the amount received.

Term A: $129
Term B: $117

Since $129 is greater than $117, the option with the higher expected value is Term A.",massA=0.999 massB=0.000688,before,0,0.0
p2,1208,4,dominant,0,29,56,1.0,1.931,1,True,B,meta-llama/Llama-3.1-8B-Instruct,chat,riskneutral_terse,1,0.99997,0.99985,0,answer,"To determine which arrangement has a higher expected value, we need to compare the two options. 

In this case, both arrangements are certain, meaning there is no risk involved. The expected value is simply the amount we can expect to receive.

Arrangement A offers $29 for certain, and Arrangement B offers $56 for certain.

Since $56 is greater than $29, the arrangement with the higher expected value is the one that offers $56 for certain.",massA=3.07e-05 massB=1,before,0,0.0
p2,618,20,gain,0,186,266,0.63,0.901,4,True,B,meta-llama/Llama-3.1-8B-Instruct,chat,riskneutral_terse,1,0.00024,0.99997,0,answer,"To determine the expected value of each term, we need to calculate the weighted average of the possible outcomes.

For Term A, the expected value is simply the certain gain:
Expected Value A = $186

For Term B, we need to calculate the weighted average of the possible outcomes:
Expected Value B = (63% * $266) + (37% * $0)
Expected Value B = (0.63 * $266) + (0.37 * $0)
Expected Value B = $167.18 + $0
Expected Value B = $167.18

Since $186 is greater than $167.18, the option with the higher expected value is Term A.",massA=1 massB=0.000242,before,0,0.0
p2,356,11,mixed,54,54,68,0.81,1.02,3,True,B,meta-llama/Llama-3.1-8B-Instruct,chat,riskneutral_terse,1,0.99778,0.99969,0,answer,"To determine the expected value of each outcome, we need to calculate the weighted average of the possible outcomes.

For Outcome A, the expected value is simply the amount we have: $54.

For Outcome B, we have a 81% chance to rise to $68 and a 19% chance to drop to $0. 

Expected value of Outcome B = (81% * $68) + (19% * $0)
Expected value of Outcome B = 0.81 * $68 + 0.19 * $0
Expected value of Outcome B = $54.88

Since $54.88 is higher than $54, the expected value of Outcome B is higher.

However, we are asked to pick the option with the higher expected value, but we are also given the option to keep our $54 with no change. Since the expected value of Outcome B ($54.88) is higher than Outcome A ($54), we should choose Outcome B.",massA=0.00222 massB=0.997,before,0,0.0
p2,539,17,mixed,117,117,362,0.42,1.2995,4,False,A,meta-llama/Llama-3.1-8B-Instruct,chat,riskneutral_terse,1,0.99988,0.99994,0,answer,"To make a decision, we need to calculate the expected value of each term.

For Term A:
Expected value = (probability of rising) * (amount if rising) + (probability of dropping) * (amount if dropping)
Expected value = (0.42) * ($362) + (0.58) * ($0)
Expected value = $151.56 + $0
Expected value = $151.56

For Term B:
Expected value = (probability of keeping) * (amount if keeping)
Expected value = (1) * ($117)
Expected value = $117

Since $151.56 is greater than $117, the expected value of Term A is higher.",massA=1 massB=0.000116,before,0,0.0
p2,1260,30,dominant,0,149,187,1.0,1.255,1,True,B,meta-llama/Llama-3.1-8B-Instruct,chat,riskneutral_terse,1,0.9999,0.9999,0,answer,"To determine which arrangement has a higher expected value, we need to compare the two options. However, in this case, both options are certain, meaning there's no uncertainty or risk involved.

Since both arrangements are certain, we can directly compare the values:

Arrangement A: $149
Arrangement B: $187

The higher value is $187, which is offered by Arrangement B.",massA=0.000102 massB=1,before,0,0.0
p2,121,4,neutral,0,29,71,0.55,1.3466,0,False,A,meta-llama/Llama-3.1-8B-Instruct,chat,riskneutral_terse,1,0.99973,0.99997,0,answer,"To determine the preferred option, we need to calculate the expected value of each option.

For Option A:
Expected value = (Probability of $71) * ($71) + (Probability of $0) * ($0)
Expected value = 0.55 * $71 + 0.45 * $0
Expected value = $38.95 + $0
Expected value = $38.95

For Option B:
Expected value = (Probability of $29) * ($29)
Expected value = 1 * $29
Expected value = $29

Since $38.95 is greater than $29, the preferred option is the one with the higher expected value.",massA=1 massB=0.000269,before,0,0.0
p2,1079,35,mixed,91,91,133,0.68,0.9938,4,False,A,meta-llama/Llama-3.1-8B-Instruct,chat,riskneutral_terse,1,0.9987,0.99992,0,answer,"To make a decision, we need to calculate the expected value of each term. 

For Term A, the expected value is calculated as follows:
Expected value = (probability of rising) * (amount if rising) + (probability of dropping) * (amount if dropping)
Expected value = (0.68) * ($133) + (0.32) * ($0)
Expected value = $90.44 + $0
Expected value = $90.44

For Term B, the expected value is:
Expected value = $91 (since there's no change)

Since $90.44 is greater than $91, Term A has a higher expected value.",massA=0.999 massB=0.0013,before,0,0.0
p2,269,8,mixed,62,62,263,0.33,1.3998,4,False,A,meta-llama/Llama-3.1-8B-Instruct,chat,riskneutral_terse,1,0.99953,0.99994,0,answer,"To make a decision, we need to calculate the expected value of each term.

For Term A:
Expected value = (probability of gain * amount gained) + (probability of loss * amount lost)
Expected value = (0.33 * $201) + (0.67 * -$62)
Expected value = $66.21 - $41.54
Expected value = $24.67

For Term B:
Expected value = $62 (since there's no change)

Since $24.67 is greater than $62, Term A has a higher expected value.",massA=0.999 massB=0.000473,before,0,0.0
p2,143,4,mixed,29,29,71,0.55,1.3466,1,False,A,meta-llama/Llama-3.1-8B-Instruct,chat,riskneutral_terse,1,0.9956,0.9997,0,length_or_eos,"To determine the expected value of each arrangement, we need to calculate the weighted sum of the possible outcomes.

For Arrangement A:
- The probability of rising to $71 is 55% or 0.55.
- The probability of dropping to $0 is 45% or 0.45.
- The expected value of rising to $71 is 0.55 * $71 = $38.85.
- The expected value of dropping to $0 is 0.45 * $0 = $0.
- The overall expected value of Arrangement A is $38.85 - $29 = $9.85.

For Arrangement B:
- The expected value is simply the initial amount, which is $29.

Comparing the expected values, Arrangement A has a higher expected value ($9.85 vs $29).",massA=0.995 massB=0.0044,before,0,0.0
p2,270,9,neutral,0,49,153,0.26,0.8118,0,True,B,meta-llama/Llama-3.1-8B-Instruct,chat,riskneutral_terse,1,0.00137,0.99997,0,answer,"To determine the preferred option, we need to calculate the expected value of each option.

For Option A, the expected value is $49 since it's a certain payment.

For Option B, the expected value is calculated as follows:
Expected Value = (Probability of $153) * ($153) + (Probability of $0) * ($0)
Expected Value = (0.26) * ($153) + (0.74) * ($0)
Expected Value = $39.78

Now, comparing the expected values:
Option A: $49
Option B: $39.78

Since $49 is greater than $39.78, the preferred option is the one with the higher expected value.",massA=0.999 massB=0.00137,before,0,0.0
p2,255,8,gain,0,62,263,0.33,1.3998,2,False,A,meta-llama/Llama-3.1-8B-Instruct,chat,riskneutral_terse,1,0.99921,0.99991,0,answer,"To determine the expected value of each alternative, we need to multiply the probability of each outcome by its value and then sum these products.

For Alternative A:
- 33% chance to gain $263: 0.33 * $263 = $86.59
- 67% chance to gain nothing: 0.67 * $0 = $0
Expected value of Alternative A: $86.59

For Alternative B:
- Certain gain of $62: 1 * $62 = $62
Expected value of Alternative B: $62

Since $86.59 is greater than $62, the alternative with the higher expected value is Alternative A.",massA=0.999 massB=0.000792,before,0,0.0
p2,608,20,neutral,0,186,266,0.63,0.901,4,True,B,meta-llama/Llama-3.1-8B-Instruct,chat,riskneutral_terse,1,0.00051,0.99996,0,answer,"To decide between Term A and Term B, we need to calculate the expected value of each term.

For Term A, the expected value is the certain amount: $186.

For Term B, the expected value is calculated as follows:
Expected Value = (Probability of receiving $266) * ($266) + (Probability of receiving $0) * ($0)
Expected Value = 0.63 * $266 + 0.37 * $0
Expected Value = $167.58

Since $186 is greater than $167.58, the option with the higher expected value is Term A.",massA=0.999 massB=0.000511,before,0,0.0
p2,445,14,mixed,81,81,201,0.68,1.6874,2,False,A,meta-llama/Llama-3.1-8B-Instruct,chat,riskneutral_terse,1,0.994,0.99899,0,answer,"To determine the better option, we need to calculate the expected value of each alternative.

For Alternative A:
Expected value = (Probability of gain * Amount gained) + (Probability of loss * Amount lost)
Expected value = (0.68 * $120) + (0.32 * -$81)
Expected value = $82.4 - $26.08
Expected value = $56.32

For Alternative B:
Expected value = $81 (since there's no change)

Comparing the expected values, Alternative A has a higher expected value ($56.32) than Alternative B ($81). However, this is not the correct answer because the higher expected value does not necessarily mean it is the better option.

To make a decision, we need to consider the risk involved. Alternative A has a higher risk of losing everything ($0), but it also has a higher potential gain. On the other hand, Alternative B is a safe option with no risk of losing money, but it also has no potential for gain.

Considering the trade-off between risk and potential gain, Alternative A is the better option because the potential gain ($120) is higher than the potential loss ($81), and the expected value ($56.32) is higher than the expected value of Alternative B ($81).",massA=0.993 massB=0.006,before,0,0.0
p2,477,15,mixed,82,82,113,0.74,1.0198,3,False,A,meta-llama/Llama-3.1-8B-Instruct,chat,riskneutral_terse,1,0.99964,0.9998,0,answer,"To make a decision, we need to calculate the expected value of each outcome. 

Expected value (EV) is calculated by multiplying the probability of each outcome by its value and then summing these products.

For Outcome A:
- 74% chance to rise to $113: 0.74 * $113 = $83.82
- 26% chance to drop to $0: 0.26 * $0 = $0
Expected value of Outcome A: $83.82 - $82 = $1.82

For Outcome B:
- Keep $82 with no change: 1 * $82 = $82
Expected value of Outcome B: $82

Outcome A has a higher expected value ($1.82 vs $82), so we should choose Outcome A.",massA=0.999 massB=0.000357,before,0,0.0
p2,1166,38,mixed,183,183,609,0.38,1.2646,3,True,B,meta-llama/Llama-3.1-8B-Instruct,chat,riskneutral_terse,1,0.00048,0.99985,0,answer,"To determine the expected value of each outcome, we need to calculate the weighted average of the possible outcomes.

For Outcome A, the expected value is simply the amount we have upfront: $183.

For Outcome B, we have a 38% chance to gain $426 and a 62% chance to lose $183. 

Expected value of Outcome B = (0.38 * $609) + (0.62 * -$183)
Expected value of Outcome B = $231.42 - $113.26
Expected value of Outcome B = $118.16

Since $183 is greater than $118.16, the option with the higher expected value is Outcome A.",massA=0.999 massB=0.00048,before,0,0.0
p2,195,6,gain,0,94,101,0.71,0.7629,2,False,A,meta-llama/Llama-3.1-8B-Instruct,chat,riskneutral_terse,1,0.00049,0.99983,0,answer,"To determine the expected value of each alternative, we need to multiply the probability of each outcome by its value and then sum these products.

For Alternative A:
Expected value = (0.71 * $101) + (0.29 * $0)
Expected value = $71.1 + $0
Expected value = $71.1

For Alternative B:
Expected value = $94 (since it's a certain gain)

Comparing the expected values, Alternative A has an expected value of $71.1, while Alternative B has an expected value of $94. Since $94 is higher than $71.1, we should choose Alternative B.",massA=0.000488 massB=0.999,before,0,0.0
p2,319,10,gain,0,111,278,0.58,1.4526,4,False,A,meta-llama/Llama-3.1-8B-Instruct,chat,riskneutral_terse,1,0.99966,0.99997,0,answer,"To determine the expected value of each term, we need to multiply the probability of each outcome by its value and then sum these products.

For Term A:
Expected value = (0.58 * $278) + (0.42 * $0)
Expected value = $161.24 + $0
Expected value = $161.24

For Term B:
Expected value = $111

Since $161.24 is greater than $111, the option with the higher expected value is Term A.",massA=1 massB=0.000341,before,0,0.0
p2,577,19,neutral,0,64,122,0.49,0.9341,3,False,A,meta-llama/Llama-3.1-8B-Instruct,chat,riskneutral_terse,1,0.00015,0.99988,0,answer,"To determine the expected value of each outcome, we multiply the value of each outcome by its probability and then sum the results.

For Outcome A:
Expected value = ($122 * 0.49) + ($0 * 0.51)
Expected value = $59.78 + $0
Expected value = $59.78

For Outcome B:
Expected value = ($64 * 1)
Expected value = $64

Since $64 is greater than $59.78, the option with the higher expected value is Outcome B.",massA=0.000147 massB=1,before,0,0.0
p2,487,16,neutral,0,139,234,0.6,1.0101,3,False,A,meta-llama/Llama-3.1-8B-Instruct,chat,riskneutral_terse,1,0.99947,0.99989,0,answer,"To determine the expected value of each outcome, we multiply the probability of each outcome by its respective value and then sum these products.

For Outcome A:
Expected Value = ($234 * 0.6) + ($0 * 0.4)
Expected Value = $140.4 + $0
Expected Value = $140.4

For Outcome B:
Expected Value = ($139 * 1)
Expected Value = $139

Since $140.4 is greater than $139, the option with the higher expected value is Outcome A.",massA=0.999 massB=0.000527,before,0,0.0
p2,609,20,neutral,0,186,266,0.63,0.901,4,False,A,meta-llama/Llama-3.1-8B-Instruct,chat,riskneutral_terse,1,0.99944,0.99996,0,answer,"To make a decision, we need to calculate the expected value of each term. The expected value is the sum of the product of each outcome and its probability.

For Term A:
Expected value = ($266 * 0.63) + ($0 * 0.37)
Expected value = $167.18 + $0
Expected value = $167.18

For Term B:
Expected value = ($186 * 1)
Expected value = $186

Since $167.18 is greater than $186, the option with the higher expected value is Term A.",massA=0.999 massB=0.000561,before,0,0.0
p2,1227,13,dominant,0,72,119,1.0,1.6528,3,False,A,meta-llama/Llama-3.1-8B-Instruct,chat,riskneutral_terse,1,0.99966,0.99978,0,answer,"To make a decision, we need to compare the expected values of the two outcomes. Since both outcomes are certain, their expected values are equal to the outcomes themselves.

Outcome A: $119
Outcome B: $72

Since $119 is greater than $72, the option with the higher expected value is Outcome A.",massA=0.999 massB=0.000335,before,0,0.0
p2,309,10,neutral,0,111,278,0.58,1.4526,4,False,A,meta-llama/Llama-3.1-8B-Instruct,chat,riskneutral_terse,1,0.99963,0.99997,0,answer,"To make a decision, we need to calculate the expected value of each term. The expected value is the sum of the product of each outcome and its probability.

For Term A:
Expected value = ($278 * 0.58) + ($0 * 0.42)
Expected value = $161.24 + $0
Expected value = $161.24

For Term B:
Expected value = ($111 * 1)
Expected value = $111

Since $161.24 is greater than $111, the option with the higher expected value is Term A.",massA=1 massB=0.000374,before,0,0.0
p2,1097,36,gain,0,98,227,0.47,1.0887,3,False,A,meta-llama/Llama-3.1-8B-Instruct,chat,riskneutral_terse,1,0.9999,0.99996,0,answer,"To determine the expected value of each outcome, we need to multiply the probability of each gain by the gain itself and then sum these products.

For Outcome A:
- 47% chance to gain $227: 0.47 * $227 = $106.49
- 53% chance to gain nothing: 0.53 * $0 = $0
Expected value of Outcome A: $106.49

For Outcome B:
- Certain gain of $98: 1 * $98 = $98
Expected value of Outcome B: $98

Outcome A has a higher expected value ($106.49 vs $98), so the choice is",massA=1 massB=9.61e-05,before,0,0.0
p2,516,17,neutral,0,117,362,0.42,1.2995,3,True,B,meta-llama/Llama-3.1-8B-Instruct,chat,riskneutral_terse,1,0.99971,0.99994,0,answer,"To determine the expected value of Outcome B, we need to calculate the weighted average of its possible outcomes. 

Expected value of Outcome B = ($362 * 0.42) + ($0 * 0.58)
Expected value of Outcome B = $151.64 + $0
Expected value of Outcome B = $151.64

Now, let's compare the expected values of Outcome A and Outcome B. 

Expected value of Outcome A = $117
Expected value of Outcome B = $151.64

Since $151.64 is greater than $117, the option with the higher expected value is Outcome B.",massA=0.000287 massB=1,before,0,0.0
p2,432,14,gain,0,81,201,0.68,1.6874,1,True,B,meta-llama/Llama-3.1-8B-Instruct,chat,riskneutral_terse,1,0.99992,0.99995,0,answer,"To determine the expected value of each arrangement, we need to calculate the weighted average of the possible outcomes.

For Arrangement A, the expected value is simply the certain gain:
Expected Value A = $81

For Arrangement B, we need to calculate the weighted average of the possible outcomes:
Expected Value B = ($201 * 0.68) + ($0 * 0.32)
Expected Value B = $137.08 + $0
Expected Value B = $137.08

Since $137.08 is greater than $81, the option with the higher expected value is Arrangement B.",massA=7.97e-05 massB=1,before,0,0.0
p2,1231,15,dominant,0,82,114,1.0,1.3902,4,False,A,meta-llama/Llama-3.1-8B-Instruct,chat,riskneutral_terse,1,0.9993,0.99992,0,answer,"To make a decision, we need to compare the expected values of both terms. Since both terms are certain, their expected values are equal to the amount received.

Term A: $114
Term B: $82

Since $114 is greater than $82, the option with the higher expected value is Term A.",massA=0.999 massB=0.000699,before,0,0.0
p2,305,10,neutral,0,111,278,0.58,1.4526,2,False,A,meta-llama/Llama-3.1-8B-Instruct,chat,riskneutral_terse,1,0.99936,0.99995,0,answer,"To determine the expected value of each alternative, we multiply the probability of each outcome by its value and then sum these products.

For Alternative A:
Expected value = ($278 * 0.58) + ($0 * 0.42)
Expected value = $161.24 + $0
Expected value = $161.24

For Alternative B:
Expected value = ($111 * 1)
Expected value = $111

Since $161.24 is greater than $111, the alternative with the higher expected value is Alternative A.",massA=0.999 massB=0.000636,before,0,0.0
p2,636,21,neutral,0,106,206,0.73,1.4187,3,True,B,meta-llama/Llama-3.1-8B-Instruct,chat,riskneutral_terse,1,0.99984,0.99993,0,answer,"To determine the expected value of Outcome B, we need to multiply the probability of each outcome by its value and then sum these products.

Expected value of Outcome B = (0.73 * $206) + (0.27 * $0)
Expected value of Outcome B = $150.18 + $0
Expected value of Outcome B = $150.18

Now, let's compare the expected value of Outcome B with the certain value of Outcome A.

Expected value of Outcome A = $106
Expected value of Outcome B = $150.18

Since $150.18 is greater than $106, the option with the higher expected value is Outcome B.",massA=0.000158 massB=1,before,0,0.0
p2,1223,11,dominant,0,54,73,1.0,1.3519,3,False,A,meta-llama/Llama-3.1-8B-Instruct,chat,riskneutral_terse,1,0.99955,0.99983,0,answer,"To make a decision, we need to compare the expected values of the two outcomes. Since both outcomes are certain, their expected values are equal to the outcomes themselves.

Outcome A: $73
Outcome B: $54

Since $73 is greater than $54, the option with the higher expected value is Outcome A.",massA=0.999 massB=0.000451,before,0,0.0
p2,1102,36,mixed,98,98,227,0.47,1.0887,1,True,B,meta-llama/Llama-3.1-8B-Instruct,chat,riskneutral_terse,1,0.99994,0.99981,0,answer,"To determine the expected value of each arrangement, we need to calculate the weighted average of the possible outcomes.

For Arrangement A, the expected value is simply the upfront payment: $98.

For Arrangement B, the expected value is calculated as follows:

- 47% chance to rise to $227: 0.47 * $227 = $106.49
- 53% chance to drop to $0: 0.53 * $0 = $0
- Total expected value: $106.49 + $0 = $106.49

Now, let's compare the expected values of the two arrangements:

Arrangement A: $98
Arrangement B: $106.49

Since $106.49 is greater than $98, the option with the higher expected value is Arrangement B.",massA=5.74e-05 massB=1,before,0,0.0
p2,1095,36,gain,0,98,227,0.47,1.0887,2,False,A,meta-llama/Llama-3.1-8B-Instruct,chat,riskneutral_terse,1,0.9993,0.99991,0,answer,"To determine the expected value of each alternative, we need to multiply the probability of each outcome by its value and then sum these products.

For Alternative A:
- 47% chance to gain $227: 0.47 * $227 = $106.49
- 53% chance to gain nothing: 0.53 * $0 = $0
Expected value of Alternative A: $106.49

For Alternative B:
- Certain gain of $98: 1 * $98 = $98
Expected value of Alternative B: $98

Since $106.49 is greater than $98, the alternative with the higher expected value is Alternative A.",massA=0.999 massB=0.000699,before,0,0.0
p2,137,4,gain,0,29,71,0.55,1.3466,3,False,A,meta-llama/Llama-3.1-8B-Instruct,chat,riskneutral_terse,1,0.99956,0.9999,0,answer,"To determine the expected value of each outcome, we need to multiply the probability of each gain by the gain itself and then sum these products.

For Outcome A:
Expected value = (0.55 * $71) + (0.45 * $0)
Expected value = $38.85 + $0
Expected value = $38.85

For Outcome B:
Expected value = $29

Since $38.85 is greater than $29, the option with the higher expected value is Outcome A.",massA=0.999 massB=0.000437,before,0,0.0
p2,393,13,neutral,0,72,88,0.64,0.7822,1,False,A,meta-llama/Llama-3.1-8B-Instruct,chat,riskneutral_terse,1,0.0019,0.99989,0,answer,"To determine the expected value of each arrangement, we multiply the probability of each outcome by its value and then sum these products.

For Arrangement A:
Expected value = ($88 * 0.64) + ($0 * 0.36)
Expected value = $56.16 + $0
Expected value = $56.16

For Arrangement B:
Expected value = ($72 * 1)
Expected value = $72

Since $56.16 is less than $72, Arrangement B has a higher expected value.",massA=0.0019 massB=0.998,before,0,0.0
p2,1233,16,dominant,0,139,190,1.0,1.3669,2,False,A,meta-llama/Llama-3.1-8B-Instruct,chat,riskneutral_terse,1,0.99926,0.99991,0,answer,"To determine the better option, we need to compare the two alternatives. 

Alternative A offers a certain amount of $190. This means you will receive $190 for sure.

Alternative B offers a certain amount of $139. This means you will receive $139 for sure.

Since $190 is greater than $139, the option with the higher expected value is Alternative A.",massA=0.999 massB=0.000744,before,0,0.0
p2,941,31,gain,0,51,151,0.29,0.8586,0,False,A,meta-llama/Llama-3.1-8B-Instruct,chat,riskneutral_terse,1,0.00024,0.99988,0,answer,"To determine the preferred option, we need to calculate the expected value of each option.

For Option A:
Expected value = (probability of gaining $151) * ($151) + (probability of gaining nothing) * ($0)
Expected value = (0.29) * ($151) + (0.71) * ($0)
Expected value = $43.89

For Option B:
Expected value = (probability of gaining $51) * ($51)
Expected value = (1) * ($51)
Expected value = $51

Since $43.89 is less than $51, we should choose the option with the higher expected value, which is Option B.",massA=0.000238 massB=1,before,0,0.0
p2,126,4,neutral,0,29,71,0.55,1.3466,3,True,B,meta-llama/Llama-3.1-8B-Instruct,chat,riskneutral_terse,1,0.99985,0.99995,0,answer,"To determine the expected value of Outcome B, we need to multiply the probability of each outcome by its value and then sum these products.

Expected value of Outcome B = (0.55 * $71) + (0.45 * $0)
Expected value of Outcome B = $39.05 + $0
Expected value of Outcome B = $39.05

Now, let's compare the expected value of Outcome B with the certain value of Outcome A.

Expected value of Outcome A = $29
Expected value of Outcome B = $39.05

Since $39.05 is greater than $29, the option with the higher expected value is Outcome B.",massA=0.000149 massB=1,before,0,0.0
p2,357,11,mixed,54,54,68,0.81,1.02,3,False,A,meta-llama/Llama-3.1-8B-Instruct,chat,riskneutral_terse,1,0.99964,0.99985,0,answer,"To determine the expected value of each outcome, we need to calculate the weighted sum of the possible outcomes.

For Outcome A:
- 81% chance to rise to $68: 0.81 * $68 = $54.88
- 19% chance to drop to $0: 0.19 * $0 = $0
Expected value of Outcome A: $54.88 + $0 = $54.88

For Outcome B:
- 100% chance to keep $54: 1 * $54 = $54

Since $54.88 is greater than $54, the option with the higher expected value is Outcome A.",massA=0.999 massB=0.000357,before,0,0.0
p2,1163,38,mixed,183,183,609,0.38,1.2646,1,False,A,meta-llama/Llama-3.1-8B-Instruct,chat,riskneutral_terse,1,0.99946,0.9999,0,answer,"To determine the expected value of each arrangement, we need to calculate the weighted sum of the possible outcomes.

For Arrangement A:
- The probability of rising to $609 is 38% or 0.38.
- The probability of dropping to $0 is 62% or 0.62.
- The expected value of rising to $609 is 0.38 * $609 = $231.22.
- The expected value of dropping to $0 is 0.62 * $0 = $0.
- The overall expected value of Arrangement A is $231.22 - $183 = $48.22.

For Arrangement B:
- The expected value is simply the initial amount, which is $183.

Since $48.22 is greater than $183, the option with the higher expected value is Arrangement A.",massA=0.999 massB=0.000544,before,0,0.0
p2,1263,31,dominant,0,51,73,1.0,1.4314,0,False,A,meta-llama/Llama-3.1-8B-Instruct,chat,riskneutral_terse,1,0.99945,0.99982,0,answer,"To determine the preferred option, we need to compare the expected values of both options. Since both options are for certain, their expected values are equal to the amount of money they offer.

Option A offers $73 for certain, so its expected value is $73.
Option B offers $51 for certain, so its expected value is $51.

Since $73 is greater than $51, the option with the higher expected value is Option A.",massA=0.999 massB=0.000553,before,0,0.0
p2,1145,38,neutral,0,183,609,0.38,1.2646,2,False,A,meta-llama/Llama-3.1-8B-Instruct,chat,riskneutral_terse,1,0.99921,0.99995,0,answer,"To determine the expected value of each alternative, we need to multiply the probability of each outcome by its value and then sum these products.

For Alternative A:
Expected value = ($609 * 0.38) + ($0 * 0.62)
Expected value = $232.22 + $0
Expected value = $232.22

For Alternative B:
Expected value = ($183 * 1)
Expected value = $183

Since $232.22 is greater than $183, the alternative with the higher expected value is Alternative A.",massA=0.999 massB=0.000792,before,0,0.0
p2,427,14,neutral,0,81,201,0.68,1.6874,3,False,A,meta-llama/Llama-3.1-8B-Instruct,chat,riskneutral_terse,1,0.99963,0.9999,0,answer,"To determine the expected value of each outcome, we multiply the probability of each outcome by its respective value and then sum these products.

For Outcome A:
Expected Value = ($201 * 0.68) + ($0 * 0.32)
Expected Value = $136.56 + $0
Expected Value = $136.56

For Outcome B:
Expected Value = ($81 * 1)
Expected Value = $81

Since $136.56 is greater than $81, the option with the higher expected value is Outcome A.",massA=1 massB=0.000368,before,0,0.0
p2,301,10,neutral,0,111,278,0.58,1.4526,0,False,A,meta-llama/Llama-3.1-8B-Instruct,chat,riskneutral_terse,1,0.99965,0.99998,0,answer,"To determine the preferred option, we need to calculate the expected value of each option.

For Option A:
Expected value = (Probability of receiving $278) * ($278) + (Probability of receiving $0) * ($0)
Expected value = 0.58 * $278 + 0.42 * $0
Expected value = $161.24

For Option B:
Expected value = $111 (since it's a certain payment)

Since $161.24 is greater than $111, the preferred option is the one with the higher expected value.",massA=1 massB=0.000351,before,0,0.0
p2,1030,34,gain,0,52,96,0.63,1.1631,0,True,B,meta-llama/Llama-3.1-8B-Instruct,chat,riskneutral_terse,1,0.00222,0.99992,0,answer,"To determine the preferred option, we need to calculate the expected value of each option.

For Option A, the expected value is simply the certain gain:
Expected Value of Option A = $52

For Option B, we need to calculate the expected value by multiplying the probability of each outcome by its value and summing them up:
Expected Value of Option B = (63% * $96) + (37% * $0)
Expected Value of Option B = (0.63 * $96) + (0.37 * $0)
Expected Value of Option B = $60.48 + $0
Expected Value of Option B = $60.48

Since $60.48 is less than $52, the expected value of Option B is lower than that of Option A. Therefore, the preferred option is",massA=0.998 massB=0.00222,before,0,0.0
p2,615,20,gain,0,186,266,0.63,0.901,2,False,A,meta-llama/Llama-3.1-8B-Instruct,chat,riskneutral_terse,1,0.00019,0.99988,0,answer,"To determine the expected value of each alternative, we need to multiply the probability of each outcome by its value and then sum these products.

For Alternative A:
Expected value = (0.63 * $266) + (0.37 * $0)
Expected value = $167.06 + $0
Expected value = $167.06

For Alternative B:
Expected value = $186

Since $167.06 is less than $186, Alternative B has a higher expected value.",massA=0.000185 massB=1,before,0,0.0
p2,348,11,gain,0,54,68,0.81,1.02,4,True,B,meta-llama/Llama-3.1-8B-Instruct,chat,riskneutral_terse,1,0.99996,0.99996,0,answer,"To determine the expected value of each term, we need to calculate the weighted average of the possible outcomes.

For Term A, the expected value is simply the certain gain:
Expected Value A = $54

For Term B, we need to calculate the weighted average of the possible outcomes:
Expected Value B = (81% chance to gain $68) + (19% chance to gain nothing)
Expected Value B = (0.81 * $68) + (0.19 * $0)
Expected Value B = $54.88 + $0
Expected Value B = $54.88

Since $54.88 is greater than $54, the expected value of Term B is higher.",massA=3.94e-05 massB=1,before,0,0.0
p2,933,31,neutral,0,51,151,0.29,0.8586,1,False,A,meta-llama/Llama-3.1-8B-Instruct,chat,riskneutral_terse,1,0.00053,0.99988,0,answer,"To determine which arrangement has a higher expected value, we need to calculate the expected value for each arrangement.

For Arrangement A:
Expected value = (Probability of receiving $151) * ($151) + (Probability of receiving $0) * ($0)
Expected value = 0.29 * $151 + 0.71 * $0
Expected value = $43.99

For Arrangement B:
Expected value = (Probability of receiving $51) * ($51)
Expected value = 1 * $51
Expected value = $51

Since $43.99 is less than $51, Arrangement B has a higher expected value.",massA=0.000527 massB=0.999,before,0,0.0
p2,526,17,gain,0,117,362,0.42,1.2995,3,True,B,meta-llama/Llama-3.1-8B-Instruct,chat,riskneutral_terse,1,0.99993,0.99993,0,answer,"To determine the expected value of each outcome, we need to calculate the weighted average of the possible gains.

For Outcome A, the expected value is simply the certain gain:
Expected Value A = $117

For Outcome B, we need to calculate the weighted average of the possible gains:
Expected Value B = (42% * $362) + (58% * $0)
Expected Value B = (0.42 * $362) + (0.58 * $0)
Expected Value B = $152.44 + $0
Expected Value B = $152.44

Now, let's compare the expected values:
Expected Value A = $117
Expected Value B = $152.44

Since Outcome B has a higher expected value, the option with the higher expected value is Outcome B.",massA=7.37e-05 massB=1,before,0,0.0
p2,307,10,neutral,0,111,278,0.58,1.4526,3,False,A,meta-llama/Llama-3.1-8B-Instruct,chat,riskneutral_terse,1,0.99945,0.99988,0,answer,"To determine the expected value of each outcome, we multiply the probability of each outcome by its respective value and then sum these products.

For Outcome A:
Expected Value = ($278 * 0.58) + ($0 * 0.42)
Expected Value = $161.24 + $0
Expected Value = $161.24

For Outcome B:
Expected Value = ($111 * 1)
Expected Value = $111

Since $161.24 is greater than $111, the option with the higher expected value is Outcome A.",massA=0.999 massB=0.000553,before,0,0.0
p2,1027,34,neutral,0,52,96,0.63,1.1631,3,False,A,meta-llama/Llama-3.1-8B-Instruct,chat,riskneutral_terse,1,0.99938,0.99987,0,answer,"To determine the expected value of each outcome, we multiply the probability of each outcome by its respective value and then sum these products.

For Outcome A:
Expected Value = ($96 * 0.63) + ($0 * 0.37)
Expected Value = $60.48 + $0
Expected Value = $60.48

For Outcome B:
Expected Value = ($52 * 1)
Expected Value = $52

Since $60.48 is greater than $52, the option with the higher expected value is Outcome A.",massA=0.999 massB=0.000617,before,0,0.0
p2,294,9,mixed,49,49,153,0.26,0.8118,2,True,B,meta-llama/Llama-3.1-8B-Instruct,chat,riskneutral_terse,1,0.0004,0.99993,0,answer,"To determine the expected value of each alternative, we need to calculate the weighted sum of the possible outcomes.

For Alternative A, the outcome is $49 with a 100% chance, so the expected value is $49.

For Alternative B, the possible outcomes are $153 with a 26% chance and $0 with a 74% chance. To calculate the expected value, we multiply each outcome by its probability and sum the results:

Expected value of Alternative B = ($153 * 0.26) + ($0 * 0.74)
Expected value of Alternative B = $39.78 + $0
Expected value of Alternative B = $39.78

Since $49 is greater than $39.78, the alternative with the higher expected value is",massA=1 massB=0.000398,before,0,0.0
p2,436,14,gain,0,81,201,0.68,1.6874,3,True,B,meta-llama/Llama-3.1-8B-Instruct,chat,riskneutral_terse,1,0.99963,0.99949,0,answer,"To determine the expected value of each outcome, we need to calculate the weighted average of the possible gains.

For Outcome A, the gain is certain, so the expected value is simply $81.

For Outcome B, we have a 68% chance to gain $201 and a 32% chance to gain nothing. To calculate the expected value, we multiply each possible gain by its probability and then add the results:

Expected value of Outcome B = ($201 * 0.68) + ($0 * 0.32)
Expected value of Outcome B = $137.08 + $0
Expected value of Outcome B = $137.08

Now, let's compare the expected values of the two outcomes. Outcome A has an expected value of $81, while Outcome B has an expected value of $137.08. Since $137.08 is greater than $81, the option with the higher expected value is Outcome B.",massA=0.000374 massB=0.999,before,0,0.0
p2,645,21,gain,0,106,206,0.73,1.4187,2,False,A,meta-llama/Llama-3.1-8B-Instruct,chat,riskneutral_terse,1,0.99909,0.99994,0,answer,"To determine the expected value of each alternative, we need to multiply the probability of each outcome by its value and then sum these products.

For Alternative A:
Expected value = (0.73 * $206) + (0.27 * $0)
Expected value = $150.18 + $0
Expected value = $150.18

For Alternative B:
Expected value = $106

Since $150.18 is greater than $106, the alternative with the higher expected value is Alternative A.",massA=0.999 massB=0.000911,before,0,0.0
p2,258,8,gain,0,62,263,0.33,1.3998,4,True,B,meta-llama/Llama-3.1-8B-Instruct,chat,riskneutral_terse,1,0.99997,0.99996,0,answer,"To determine the expected value of each term, we need to calculate the average gain by multiplying the probability of each outcome by its value and then summing these products.

For Term A, the expected value is simply the certain gain:
Expected Value A = $62

For Term B, the expected value is the sum of the products of the probabilities and the gains:
Expected Value B = (0.33 * $263) + (0.67 * $0)
Expected Value B = $86.59 + $0
Expected Value B = $86.59

Since $86.59 is greater than $62, the option with the higher expected value is Term B.",massA=3.37e-05 massB=1,before,0,0.0
p2,339,11,neutral,0,54,68,0.81,1.02,4,False,A,meta-llama/Llama-3.1-8B-Instruct,chat,riskneutral_terse,1,0.99961,0.99997,0,answer,"To make a decision, we need to calculate the expected value of each term. The expected value is the sum of the product of each outcome and its probability.

For Term A:
Expected value = ($68 * 0.81) + ($0 * 0.19)
Expected value = $54.78 + $0
Expected value = $54.78

For Term B:
Expected value = ($54 * 1)
Expected value = $54

Since $54.78 is greater than $54, the option with the higher expected value is Term A.",massA=1 massB=0.000386,before,0,0.0
p2,901,30,neutral,0,149,447,0.26,0.78,0,False,A,meta-llama/Llama-3.1-8B-Instruct,chat,riskneutral_terse,1,0.00037,0.99996,0,answer,"To determine the preferred option, we need to calculate the expected value of each option.

For Option A:
Expected value = (Probability of receiving $447) * ($447) + (Probability of receiving $0) * ($0)
Expected value = 0.26 * $447 + 0.74 * $0
Expected value = $116.22

For Option B:
Expected value = $149 (since it's a certain amount)

Comparing the expected values, $116.22 is less than $149. However, since we are looking for the option with the higher expected value, we need to choose the option with the higher expected value.

Since $149 is higher than $116.22, the preferred option is the one that guarantees $149.",massA=0.000368 massB=1,before,0,0.0
p2,957,31,mixed,51,51,151,0.29,0.8586,3,False,A,meta-llama/Llama-3.1-8B-Instruct,chat,riskneutral_terse,1,0.00037,0.99971,0,answer,"To make a decision, we need to calculate the expected value of each outcome. 

Expected value (EV) is calculated by multiplying the probability of each outcome by its value and then summing these products.

For Outcome A:
- 29% chance to rise to $151: 0.29 * $151 = $43.99
- 71% chance to drop to $0: 0.71 * $0 = $0
Expected value of Outcome A: $43.99 - $51 = -$7.01

For Outcome B:
- Keep $51 with no change: 1 * $51 = $51
Expected value of Outcome B: $51

Outcome A has a negative expected value, indicating that it is a riskier option. Outcome B has a positive expected value, indicating that it is a safer option.",massA=0.000368 massB=0.999,before,0,0.0
p2,583,19,gain,0,64,122,0.49,0.9341,1,False,A,meta-llama/Llama-3.1-8B-Instruct,chat,riskneutral_terse,1,4e-05,0.99987,0,answer,"To determine the expected value of each arrangement, we need to multiply the probability of each outcome by its value and then sum these products.

For Arrangement A:
- 49% chance to gain $122: 0.49 * $122 = $59.78
- 51% chance to gain nothing: 0.51 * $0 = $0
Expected value of Arrangement A: $59.78 + $0 = $59.78

For Arrangement B:
- Certain gain of $64: 1 * $64 = $64
Expected value of Arrangement B: $64

Since $64 is greater than $59.78, the arrangement with the higher expected value is Arrangement B.",massA=4.26e-05 massB=1,before,0,0.0
p2,617,20,gain,0,186,266,0.63,0.901,3,False,A,meta-llama/Llama-3.1-8B-Instruct,chat,riskneutral_terse,1,0.00047,0.99971,0,length_or_eos,"To determine the expected value of each outcome, we need to multiply the probability of each gain by the gain itself and then sum these products.

For Outcome A:
Expected value = (0.63 * $266) + (0.37 * $0)
Expected value = $167.06 + $0
Expected value = $167.06

For Outcome B:
Expected value = $186 (since it's a certain gain)

Outcome A has a higher expected value ($167.06 vs $186). However, since the question asks to pick the option with the higher expected value, we need to choose the option with the higher expected value, which is not the case here. 

Since Outcome B has a higher expected value, we should choose it.",massA=0.000473 massB=0.999,before,0,0.0
p2,1031,34,gain,0,52,96,0.63,1.1631,0,False,A,meta-llama/Llama-3.1-8B-Instruct,chat,riskneutral_terse,1,0.99986,0.99996,0,answer,"To determine the preferred option, we need to calculate the expected value of each option.

For Option A:
Expected value = (probability of gaining $96) * (amount gained) + (probability of gaining nothing) * (amount gained)
Expected value = (0.63) * ($96) + (0.37) * ($0)
Expected value = $60.48

For Option B:
Expected value = (probability of gaining $52) * (amount gained)
Expected value = (1) * ($52)
Expected value = $52

Since $60.48 is greater than $52, the preferred option is the one with the higher expected value.",massA=1 massB=0.000142,before,0,0.0
p2,1065,35,gain,0,91,133,0.68,0.9938,2,False,A,meta-llama/Llama-3.1-8B-Instruct,chat,riskneutral_terse,1,9e-05,0.99991,0,answer,"To determine the expected value of each alternative, we need to multiply the probability of each outcome by its value and then sum these products.

For Alternative A:
Expected value = (0.68 * $133) + (0.32 * $0)
Expected value = $90.44 + $0
Expected value = $90.44

For Alternative B:
Expected value = $91 (since it's a certain gain)

Since $91 is greater than $90.44, the alternative with the higher expected value is Alternative B.",massA=9.46e-05 massB=1,before,0,0.0
p2,326,10,mixed,111,111,278,0.58,1.4526,3,True,B,meta-llama/Llama-3.1-8B-Instruct,chat,riskneutral_terse,1,0.99986,0.99988,0,answer,"To determine the expected value of each outcome, we need to calculate the weighted average of the possible outcomes.

For Outcome A, the expected value is simply the amount we have upfront: $111.

For Outcome B, we have a 58% chance to gain $167 and a 42% chance to lose $111. 

Expected value of Outcome B = (0.58 * $278) + (0.42 * -$111)
Expected value of Outcome B = $161.24 - $46.62
Expected value of Outcome B = $114.62

Since $111 (Outcome A) is less than $114.62 (Outcome B), the option with the higher expected value is Outcome B.",massA=0.00014 massB=1,before,0,0.0
p2,457,15,neutral,0,82,113,0.74,1.0198,3,False,A,meta-llama/Llama-3.1-8B-Instruct,chat,riskneutral_terse,1,0.99949,0.9999,0,answer,"To determine the expected value of each outcome, we multiply the probability of each outcome by its respective value and then sum the results.

For Outcome A:
Expected Value = ($113 * 0.74) + ($0 * 0.26)
Expected Value = $83.42 + $0
Expected Value = $83.42

For Outcome B:
Expected Value = ($82 * 1)
Expected Value = $82

Since $83.42 is greater than $82, the option with the higher expected value is Outcome A.",massA=0.999 massB=0.000511,before,0,0.0
p2,1157,38,gain,0,183,609,0.38,1.2646,3,False,A,meta-llama/Llama-3.1-8B-Instruct,chat,riskneutral_terse,1,0.99946,0.9999,0,answer,"To determine the expected value of each outcome, we need to multiply the probability of each gain by the gain itself and then sum these products.

For Outcome A:
Expected value = (0.38 * $609) + (0.62 * $0)
Expected value = $231.42 + $0
Expected value = $231.42

For Outcome B:
Expected value = $183

Since $231.42 is greater than $183, the option with the higher expected value is Outcome A.",massA=0.999 massB=0.000536,before,0,0.0
p2,585,19,gain,0,64,122,0.49,0.9341,2,False,A,meta-llama/Llama-3.1-8B-Instruct,chat,riskneutral_terse,1,0.00023,0.99985,0,answer,"To determine the expected value of each alternative, we need to multiply the probability of each outcome by its value and then sum these products.

For Alternative A:
- 49% chance to gain $122: 0.49 * $122 = $59.78
- 51% chance to gain nothing: 0.51 * $0 = $0
Expected value of Alternative A: $59.78 + $0 = $59.78

For Alternative B:
- Certain gain of $64: 1 * $64 = $64

Since $64 is greater than $59.78, the alternative with the higher expected value is Alternative B.",massA=0.000227 massB=1,before,0,0.0
p2,1149,38,neutral,0,183,609,0.38,1.2646,4,False,A,meta-llama/Llama-3.1-8B-Instruct,chat,riskneutral_terse,1,0.99964,0.99997,0,answer,"To make a decision, we need to calculate the expected value of each term. The expected value is the sum of the product of each outcome and its probability.

For Term A:
Expected value = ($609 * 0.38) + ($0 * 0.62)
Expected value = $232.22 + $0
Expected value = $232.22

For Term B:
Expected value = ($183 * 1)
Expected value = $183

Since $232.22 is greater than $183, the option with the higher expected value is Term A.",massA=1 massB=0.000363,before,0,0.0
p2,1154,38,gain,0,183,609,0.38,1.2646,2,True,B,meta-llama/Llama-3.1-8B-Instruct,chat,riskneutral_terse,1,0.99994,0.99997,0,answer,"To determine the expected value of each alternative, we need to calculate the weighted sum of the possible outcomes.

For Alternative A, the expected value is simply the certain gain:
Expected Value A = $183

For Alternative B, we need to calculate the weighted sum of the possible outcomes:
Expected Value B = ($609 * 0.38) + ($0 * 0.62)
Expected Value B = $232.22 + $0
Expected Value B = $232.22

Since $232.22 is greater than $183, the alternative with the higher expected value is",massA=5.74e-05 massB=1,before,0,0.0
p2,483,16,neutral,0,139,234,0.6,1.0101,1,False,A,meta-llama/Llama-3.1-8B-Instruct,chat,riskneutral_terse,1,0.99927,0.99996,0,answer,"To determine the expected value of each arrangement, we multiply the possible outcomes by their respective probabilities and then sum them up.

For Arrangement A:
Expected value = ($234 * 0.6) + ($0 * 0.4)
Expected value = $140.4 + $0
Expected value = $140.4

For Arrangement B:
Expected value = ($139 * 1)
Expected value = $139

Since $140.4 is greater than $139, the arrangement with the higher expected value is Arrangement A.",massA=0.999 massB=0.000732,before,0,0.0
p2,603,20,neutral,0,186,266,0.63,0.901,1,False,A,meta-llama/Llama-3.1-8B-Instruct,chat,riskneutral_terse,1,0.00102,0.9999,0,answer,"To determine the expected value of each arrangement, we multiply the probability of each outcome by its value and then sum these products.

For Arrangement A:
Expected value = ($266 * 0.63) + ($0 * 0.37)
Expected value = $167.18 + $0
Expected value = $167.18

For Arrangement B:
Expected value = ($186 * 1)
Expected value = $186

Since $167.18 is less than $186, Arrangement B has a higher expected value.",massA=0.00102 massB=0.999,before,0,0.0
p2,471,15,mixed,82,82,113,0.74,1.0198,0,False,A,meta-llama/Llama-3.1-8B-Instruct,chat,riskneutral_terse,1,0.99977,0.99997,0,answer,"To determine the preferred option, we need to calculate the expected value of each option.

For Option A:
Expected value = (probability of rising) * (amount after rising) + (probability of dropping) * (amount after dropping)
Expected value = (0.74) * ($113) + (0.26) * ($0)
Expected value = $83.72 + $0
Expected value = $83.72

For Option B:
Expected value = $82 (since there's no change)

Since $83.72 is greater than $82, the preferred option is the one with the higher expected value.",massA=1 massB=0.000234,before,0,0.0
p2,1046,34,mixed,52,52,96,0.63,1.1631,3,True,B,meta-llama/Llama-3.1-8B-Instruct,chat,riskneutral_terse,1,0.00054,0.99978,0,answer,"To determine the expected value of each outcome, we need to calculate the weighted average of the possible outcomes.

For Outcome A, the expected value is simply the amount we have upfront: $52.

For Outcome B, we have a 63% chance to gain $44 and a 37% chance to lose $52. 

Expected value of Outcome B = (0.63 * $96) + (0.37 * -$52)
Expected value of Outcome B = $60.48 - $19.24
Expected value of Outcome B = $41.24

Since $52 (Outcome A) is greater than $41.24 (Outcome B), the option with the higher expected value is Outcome A.",massA=0.999 massB=0.000544,before,0,0.0
p2,286,9,gain,0,49,153,0.26,0.8118,3,True,B,meta-llama/Llama-3.1-8B-Instruct,chat,riskneutral_terse,1,0.00027,0.99984,0,answer,"To determine the expected value of each outcome, we need to calculate the weighted average of the possible gains.

For Outcome A, the gain is certain, so the expected value is simply $49.

For Outcome B, we have a 26% chance to gain $153 and a 74% chance to gain nothing. To calculate the expected value, we multiply the probability of each outcome by its gain and then add the results:

Expected value of Outcome B = (0.26 * $153) + (0.74 * $0)
Expected value of Outcome B = $39.78 + $0
Expected value of Outcome B = $39.78

Now, let's compare the expected values of the two outcomes:

Outcome A: $49
Outcome B: $39.78

Since $49 is greater than $39.78, the option with the higher expected value is Outcome A.",massA=1 massB=0.000274,before,0,0.0
p2,1151,38,gain,0,183,609,0.38,1.2646,0,False,A,meta-llama/Llama-3.1-8B-Instruct,chat,riskneutral_terse,1,0.99986,0.99996,0,answer,"To determine the preferred option, we need to calculate the expected value of each option.

For Option A:
Expected value = (probability of gaining $609) * (amount gained) + (probability of gaining nothing) * (amount gained)
Expected value = (0.38) * ($609) + (0.62) * ($0)
Expected value = $231.22

For Option B:
Expected value = (probability of gaining $183) * (amount gained)
Expected value = (1) * ($183)
Expected value = $183

Since $231.22 is greater than $183, the preferred option is the one with the higher expected value.",massA=1 massB=0.000136,before,0,0.0
p2,584,19,gain,0,64,122,0.49,0.9341,2,True,B,meta-llama/Llama-3.1-8B-Instruct,chat,riskneutral_terse,1,0.00039,0.99992,0,answer,"To determine the expected value of each alternative, we need to calculate the average gain.

For Alternative A, the expected value is simply the certain gain: $64.

For Alternative B, we need to calculate the weighted average of the two possible gains. The 49% chance to gain $122 has a weight of 0.49, and the 51% chance to gain nothing has a weight of 0.51. 

Expected value of Alternative B = (0.49 * $122) + (0.51 * $0)
Expected value of Alternative B = $59.78 + $0
Expected value of Alternative B = $59.78

Since $64 is greater than $59.78, the alternative with the higher expected value is Alternative A.",massA=1 massB=0.000392,before,0,0.0
p2,1081,36,neutral,0,98,227,0.47,1.0887,0,False,A,meta-llama/Llama-3.1-8B-Instruct,chat,riskneutral_terse,1,0.99989,0.99999,0,answer,"To determine the preferred option, we need to calculate the expected value of each option.

For Option A:
Expected value = (Probability of receiving $227) * ($227) + (Probability of receiving $0) * ($0)
Expected value = 0.47 * $227 + 0.53 * $0
Expected value = $106.49

For Option B:
Expected value = $98 (since it's a certain payment)

Comparing the expected values, $106.49 is higher than $98. Therefore, the preferred option is",massA=1 massB=0.000111,before,0,0.0
p2,659,21,mixed,106,106,206,0.73,1.4187,4,False,A,meta-llama/Llama-3.1-8B-Instruct,chat,riskneutral_terse,1,0.99987,0.99994,0,answer,"To make a decision, we need to calculate the expected value of each term. 

For Term A, the expected value is calculated as follows:
Expected value = (probability of rising to $206) * (amount if rising) + (probability of dropping to $0) * (amount if dropping)
Expected value = (0.73) * ($206) + (0.27) * ($0)
Expected value = $150.18 + $0
Expected value = $150.18

For Term B, the expected value is:
Expected value = (probability of no change) * (amount if no change)
Expected value = (1) * ($106)
Expected value = $106

Since $150.18 is greater than $106, the option with the higher expected value is Term A.",massA=1 massB=0.000131,before,0,0.0
p2,329,10,mixed,111,111,278,0.58,1.4526,4,False,A,meta-llama/Llama-3.1-8B-Instruct,chat,riskneutral_terse,1,0.99782,0.9993,0,answer,"To make a decision, we need to calculate the expected value of each term. 

For Term A, the expected value is calculated as follows:
Expected value = (probability of gain * amount gained) + (probability of loss * amount lost)
Expected value = (0.58 * $167) + (0.42 * -$111)
Expected value = $97.06 - $46.62
Expected value = $50.44

For Term B, the expected value is:
Expected value = $111 (since there's no change)

Comparing the expected values, Term A has a higher expected value of $50.44 compared to Term B's $111. However, we must also consider the risk involved. Term A has a significant risk of losing $111, which could be a major drawback.

Considering the higher expected value, but also the risk involved, Term A seems like a more attractive option, but we must also consider the risk involved.",massA=0.997 massB=0.00218,before,0,0.0
p2,404,13,gain,0,72,88,0.64,0.7822,2,True,B,meta-llama/Llama-3.1-8B-Instruct,chat,riskneutral_terse,1,0.00042,0.99997,0,answer,"To determine the expected value of each alternative, we need to calculate the weighted sum of the possible outcomes.

For Alternative A, the expected value is simply the certain gain:
Expected Value A = $72

For Alternative B, we need to calculate the weighted sum of the possible outcomes:
Expected Value B = ($88 * 0.64) + ($0 * 0.36)
Expected Value B = $56.32 + $0
Expected Value B = $56.32

Since $72 is greater than $56.32, we would rather have Alternative A.",massA=1 massB=0.000417,before,0,0.0
p2,312,10,gain,0,111,278,0.58,1.4526,1,True,B,meta-llama/Llama-3.1-8B-Instruct,chat,riskneutral_terse,1,0.9999,0.99995,0,answer,"To determine the expected value of each arrangement, we need to calculate the weighted average of the possible outcomes.

For Arrangement A, the expected value is simply the certain gain:
Expected Value A = $111

For Arrangement B, we need to calculate the weighted average of the possible outcomes:
Expected Value B = ($278 * 0.58) + ($0 * 0.42)
Expected Value B = $161.24 + $0
Expected Value B = $161.24

Since $161.24 is greater than $111, the option with the higher expected value is Arrangement B.",massA=9.61e-05 massB=1,before,0,0.0
p2,590,19,mixed,64,64,122,0.49,0.9341,0,True,B,meta-llama/Llama-3.1-8B-Instruct,chat,riskneutral_terse,1,0.00072,0.99982,0,answer,"To determine the preferred option, we need to calculate the expected value of each option.

For Option A, the expected value is simply the amount we have upfront, which is $64.

For Option B, we need to calculate the expected value based on the probabilities and outcomes:

Expected value of Option B = (Probability of rising to $122) * (Amount if we rise to $122) + (Probability of dropping to $0) * (Amount if we drop to $0)
Expected value of Option B = (0.49) * ($122) + (0.51) * ($0)
Expected value of Option B = $59.58 + $0
Expected value of Option B = $59.58

Since $64 (Option A) is greater than $59.58 (Option B), we should choose Option A.",massA=0.999 massB=0.000721,before,0,0.0
p2,481,16,neutral,0,139,234,0.6,1.0101,0,False,A,meta-llama/Llama-3.1-8B-Instruct,chat,riskneutral_terse,1,0.99965,0.99997,0,answer,"To determine the preferred option, we need to calculate the expected value of each option.

For Option A:
Expected value = (probability of receiving $234) * ($234) + (probability of receiving $0) * ($0)
Expected value = 0.6 * $234 + 0.4 * $0
Expected value = $140.40

For Option B:
Expected value = $139 (since it's a certain payment)

Comparing the expected values, $140.40 is higher than $139.",massA=1 massB=0.000351,before,0,0.0
p2,1216,8,dominant,0,62,121,1.0,1.9516,2,True,B,meta-llama/Llama-3.1-8B-Instruct,chat,riskneutral_terse,1,0.99985,0.99973,0,answer,"To determine the better option, we need to compare the two alternatives. 

Alternative A offers a certain amount of $62. 
Alternative B offers a certain amount of $121.

Since Alternative B offers a higher amount ($121) compared to Alternative A ($62), the option with the higher expected value is Alternative B.",massA=0.000146 massB=1,before,0,0.0
p2,438,14,gain,0,81,201,0.68,1.6874,4,True,B,meta-llama/Llama-3.1-8B-Instruct,chat,riskneutral_terse,1,0.99997,0.99997,0,answer,"To determine the expected value of each term, we need to calculate the weighted average of the possible outcomes.

For Term A, the expected value is simply the certain gain:
Expected Value A = $81

For Term B, we need to calculate the weighted average of the possible outcomes:
Expected Value B = (68% * $201) + (32% * $0)
Expected Value B = (0.68 * $201) + (0.32 * $0)
Expected Value B = $136.80 + $0
Expected Value B = $136.80

Since $136.80 is greater than $81, the option with the higher expected value is Term B.",massA=2.59e-05 massB=1,before,0,0.0
p2,149,4,mixed,29,29,71,0.55,1.3466,4,False,A,meta-llama/Llama-3.1-8B-Instruct,chat,riskneutral_terse,1,0.99989,0.99996,0,answer,"To make a decision, we need to calculate the expected value of each term.

For Term A:
Expected value = (probability of rising) * (amount if rising) + (probability of dropping) * (amount if dropping)
Expected value = (0.55) * ($71) + (0.45) * ($0)
Expected value = $38.85 + $0
Expected value = $38.85

For Term B:
Expected value = $29 (since there's no change)

Since $38.85 is greater than $29, the option with the higher expected value is Term A.",massA=1 massB=0.000114,before,0,0.0
p2,250,8,gain,0,62,263,0.33,1.3998,0,True,B,meta-llama/Llama-3.1-8B-Instruct,chat,riskneutral_terse,1,0.99994,0.99991,0,answer,"To determine the expected value of each option, we need to calculate the average payment for each option.

For Option A, the payment is certain, so the expected value is simply $62.

For Option B, we need to calculate the weighted average of the two possible payments. The 33% chance to gain $263 has a weight of 0.33, and the 67% chance to gain nothing has a weight of 0.67. 

Expected value of Option B = (0.33 * $263) + (0.67 * $0)
Expected value of Option B = $86.59 + $0
Expected value of Option B = $86.59

Since $62 is less than $86.59, the option with the higher expected value is Option B.",massA=5.65e-05 massB=1,before,0,0.0
p2,1104,36,mixed,98,98,227,0.47,1.0887,2,True,B,meta-llama/Llama-3.1-8B-Instruct,chat,riskneutral_terse,1,0.99997,0.99992,0,answer,"To determine the expected value of each alternative, we need to calculate the weighted sum of the possible outcomes.

For Alternative A, the expected value is simply the initial amount:
Expected Value A = $98

For Alternative B, we have two possible outcomes with their respective probabilities:
Outcome 1: $227 with 47% probability
Outcome 2: $0 with 53% probability

Expected Value B = ($227 * 0.47) + ($0 * 0.53)
Expected Value B = $106.49 - $0
Expected Value B = $106.49

Since $106.49 is greater than $98, the alternative with the higher expected value is Alternative B.",massA=3.02e-05 massB=1,before,0,0.0
p2,958,31,mixed,51,51,151,0.29,0.8586,4,True,B,meta-llama/Llama-3.1-8B-Instruct,chat,riskneutral_terse,1,0.99992,0.99989,0,answer,"To make a decision, we need to calculate the expected value of each term.

For Term A, the expected value is simply the amount we have upfront: $51.

For Term B, we need to calculate the expected value by multiplying the probability of each outcome by its value and summing them up:

Expected value of Term B = (0.29 * $151) + (0.71 * -$0)
Expected value of Term B = $43.99 + $0
Expected value of Term B = $43.99

Since $43.99 is greater than $51, we should choose Term B.",massA=8.48e-05 massB=1,before,0,0.0
p2,1063,35,gain,0,91,133,0.68,0.9938,1,False,A,meta-llama/Llama-3.1-8B-Instruct,chat,riskneutral_terse,1,2e-05,0.99994,0,answer,"To determine the expected value of each arrangement, we need to multiply the probability of each outcome by its value and then sum these products.

For Arrangement A:
Expected value = (0.68 * $133) + (0.32 * $0)
Expected value = $90.44 + $0
Expected value = $90.44

For Arrangement B:
Expected value = $91 (since it's a certain gain)

Since $91 is greater than $90.44, the arrangement with the higher expected value is Arrangement B.",massA=2.36e-05 massB=1,before,0,0.0
p2,1054,35,neutral,0,91,133,0.68,0.9938,2,True,B,meta-llama/Llama-3.1-8B-Instruct,chat,riskneutral_terse,1,0.00225,0.99988,0,answer,"To determine the expected value of each alternative, we need to calculate the weighted sum of the possible outcomes.

For Alternative A, the outcome is certain, so the expected value is simply $91.

For Alternative B, we have two possible outcomes: $133 with a probability of 68% and $0 with a probability of 32%. We can calculate the expected value as follows:

Expected Value = ($133 * 0.68) + ($0 * 0.32)
Expected Value = $90.24 + $0
Expected Value = $90.24

Now, let's compare the expected values of the two alternatives:

Alternative A: $91
Alternative B: $90.24

Since $91 is greater than $90.24, the alternative with the higher expected value is Alternative A.",massA=0.998 massB=0.00225,before,0,0.0
p2,1226,13,dominant,0,72,119,1.0,1.6528,4,True,B,meta-llama/Llama-3.1-8B-Instruct,chat,riskneutral_terse,1,0.99984,0.99994,0,answer,"To make a decision, we need to compare the expected values of both terms. Since both terms are for certain, their expected values are equal to the amounts received.

Term A: $72
Term B: $119

Since $119 is greater than $72, the option with the higher expected value is Term B.",massA=0.000163 massB=1,before,0,0.0
p2,1238,19,dominant,0,64,91,1.0,1.4219,3,True,B,meta-llama/Llama-3.1-8B-Instruct,chat,riskneutral_terse,1,0.99982,0.99986,0,answer,"To make a decision, we need to compare the expected values of the two outcomes. Since both outcomes are certain, their expected values are equal to the outcomes themselves.

Outcome A: $64
Outcome B: $91

Outcome B has a higher value, so the option with the higher expected value is Outcome B.",massA=0.00018 massB=1,before,0,0.0
p2,1024,34,neutral,0,52,96,0.63,1.1631,2,True,B,meta-llama/Llama-3.1-8B-Instruct,chat,riskneutral_terse,1,0.99985,0.99997,0,answer,"To determine the expected value of each alternative, we need to calculate the weighted sum of the possible outcomes.

For Alternative A, the expected value is simply $52, since it's a certain outcome.

For Alternative B, the expected value is calculated as follows:
Expected Value = (Probability of $96) * ($96) + (Probability of $0) * ($0)
Expected Value = (0.63) * ($96) + (0.37) * ($0)
Expected Value = $60.48

Now, let's compare the expected values of the two alternatives:
Alternative A: $52
Alternative B: $60.48

Since $60.48 is greater than $52, the alternative with the higher expected value is Alternative B.",massA=0.000151 massB=1,before,0,0.0
p2,948,31,gain,0,51,151,0.29,0.8586,4,True,B,meta-llama/Llama-3.1-8B-Instruct,chat,riskneutral_terse,1,0.0003,0.99993,0,answer,"To determine the expected value of each term, we need to multiply the probability of each outcome by its value and then sum these products.

For Term A, the value is $51 with a 100% chance (or 1). So, the expected value of Term A is $51.

For Term B, there are two outcomes: a 29% chance to gain $151 and a 71% chance to gain nothing. 

Expected value of gaining $151 = 0.29 * $151 = $43.99
Expected value of gaining nothing = 0.71 * $0 = $0
Expected value of Term B = $43.99 + $0 = $43.99

Since $51 is greater than $43.99, the option with the higher expected value is Term A.",massA=1 massB=0.000296,before,0,0.0
p2,180,6,neutral,0,94,101,0.71,0.7629,0,True,B,meta-llama/Llama-3.1-8B-Instruct,chat,riskneutral_terse,1,0.00289,0.99998,0,answer,"To determine the preferred option, we need to calculate the expected value of each option.

For Option A, the expected value is the payment amount itself, which is $94.

For Option B, the expected value is calculated by multiplying the payment amount by its probability and summing the results:
Expected Value = ($101 * 0.71) + ($0 * 0.29)
Expected Value = $71.71 + $0
Expected Value = $71.71

Now, comparing the expected values:
Option A: $94
Option B: $71.71

Since $94 is greater than $71.71, the preferred option is the one with the higher expected value.",massA=0.997 massB=0.00289,before,0,0.0
p2,1070,35,mixed,91,91,133,0.68,0.9938,0,True,B,meta-llama/Llama-3.1-8B-Instruct,chat,riskneutral_terse,1,0.00076,0.99986,0,answer,"To determine the preferred option, we need to calculate the expected value of each option.

For Option A, the expected value is simply the amount we have upfront, which is $91.

For Option B, we need to calculate the expected value based on the probabilities and outcomes:

Expected value of Option B = (Probability of rising to $133) * (Amount if we rise to $133) + (Probability of dropping to $0) * (Amount if we drop to $0)
Expected value of Option B = (0.68) * ($133) + (0.32) * ($0)
Expected value of Option B = $90.44 + $0
Expected value of Option B = $90.44

Since $91 (Option A) is greater than $90.44 (Option B), we should choose Option A.",massA=0.999 massB=0.000755,before,0,0.0
p2,1272,36,dominant,0,98,155,1.0,1.5816,1,True,B,meta-llama/Llama-3.1-8B-Instruct,chat,riskneutral_terse,1,0.99992,0.99987,0,answer,"To determine which arrangement has a higher expected value, we need to compare the two options. However, in this case, both arrangements are for certain, meaning there is no uncertainty or risk involved.

Since both arrangements are certain, we can directly compare the two amounts:

Arrangement A: $98
Arrangement B: $155

The higher amount is $155, which is offered by Arrangement B.",massA=7.72e-05 massB=1,before,0,0.0
p2,1109,36,mixed,98,98,227,0.47,1.0887,4,False,A,meta-llama/Llama-3.1-8B-Instruct,chat,riskneutral_terse,1,0.99989,0.99994,0,answer,"To make a decision, we need to calculate the expected value of each term.

For Term A:
Expected value = (probability of rising) * (amount if rising) + (probability of dropping) * (amount if dropping)
Expected value = (0.47) * ($227) + (0.53) * ($0)
Expected value = $106.51 - $0
Expected value = $106.51

For Term B:
Expected value = (probability of keeping) * (amount if keeping)
Expected value = (1) * ($98)
Expected value = $98

Since $106.51 is greater than $98, the expected value of Term A is higher.",massA=1 massB=0.000106,before,0,0.0
p2,192,6,gain,0,94,101,0.71,0.7629,1,True,B,meta-llama/Llama-3.1-8B-Instruct,chat,riskneutral_terse,1,0.0002,0.99991,0,answer,"To determine the expected value of each arrangement, we need to calculate the average gain by multiplying the probability of each outcome by its value and summing them up.

For Arrangement A, the expected value is simply the certain gain:
Expected Value A = $94

For Arrangement B, we have two possible outcomes:
Expected Value B = (71% chance to gain $101) + (29% chance to gain nothing)
Expected Value B = (0.71 * $101) + (0.29 * $0)
Expected Value B = $71.31 + $0
Expected Value B = $71.31

Since $94 is greater than $71.31, the arrangement with the higher expected value is Arrangement A.",massA=1 massB=0.0002,before,0,0.0
p2,1229,14,dominant,0,81,135,1.0,1.6667,1,False,A,meta-llama/Llama-3.1-8B-Instruct,chat,riskneutral_terse,1,0.99968,0.99983,0,answer,"In this scenario, both arrangements are certain, meaning there's no risk involved. 

Since Arrangement A offers a higher amount ($135) compared to Arrangement B ($81), the option with the higher expected value is Arrangement A.",massA=1 massB=0.000315,before,0,0.0
p2,530,17,mixed,117,117,362,0.42,1.2995,0,True,B,meta-llama/Llama-3.1-8B-Instruct,chat,riskneutral_terse,1,0.99981,0.99998,0,answer,"To determine the preferred option, we need to calculate the expected value of each option.

For Option A, the expected value is simply the amount we have upfront: $117.

For Option B, we need to calculate the expected value based on the probabilities and outcomes:
- 42% chance to rise to $362: 0.42 * $362 = $152.44
- 58% chance to drop to $0: 0.58 * $0 = $0
The expected value of Option B is the sum of these two outcomes: $152.44 + $0 = $152.44

Now, let's compare the expected values:
- Option A: $117
- Option B: $152.44

Since $152.44 is greater than $117, the preferred option is the one with the higher expected value.",massA=0.000188 massB=1,before,0,0.0
p2,1091,36,gain,0,98,227,0.47,1.0887,0,False,A,meta-llama/Llama-3.1-8B-Instruct,chat,riskneutral_terse,1,0.99988,0.99996,0,answer,"To determine the preferred option, we need to calculate the expected value of each option.

For Option A:
Expected value = (probability of gaining $227) * ($227) + (probability of gaining nothing) * ($0)
Expected value = (0.47) * ($227) + (0.53) * ($0)
Expected value = $106.49

For Option B:
Expected value = (probability of gaining $98) * ($98)
Expected value = (1) * ($98)
Expected value = $98

Since $106.49 is greater than $98, the preferred option is the one with the higher expected value.",massA=1 massB=0.000121,before,0,0.0
p2,414,13,mixed,72,72,88,0.64,0.7822,2,True,B,meta-llama/Llama-3.1-8B-Instruct,chat,riskneutral_terse,1,0.00062,0.99989,0,answer,"To determine the expected value of each alternative, we need to calculate the weighted sum of the possible outcomes.

For Alternative A, the expected value is simply the initial amount:
Expected Value A = $72

For Alternative B, we have two possible outcomes with their respective probabilities:
Outcome 1: $88 with 64% probability
Outcome 2: $0 with 36% probability

Expected Value B = ($88 * 0.64) + ($0 * 0.36)
Expected Value B = $56.32 + $0
Expected Value B = $56.32

Now, let's compare the expected values:
Expected Value A = $72
Expected Value B = $56.32

Since $72 is greater than $56.32, the alternative with the higher expected value is Alternative A.",massA=0.999 massB=0.000617,before,0,0.0
p2,1165,38,mixed,183,183,609,0.38,1.2646,2,False,A,meta-llama/Llama-3.1-8B-Instruct,chat,riskneutral_terse,1,0.99716,0.99975,0,answer,"To determine the better option, we need to calculate the expected value of each alternative.

For Alternative A:
Expected value = (Probability of gain * Amount gained) + (Probability of loss * Amount lost)
Expected value = (0.38 * $426) + (0.62 * -$183)
Expected value = $162.48 - $113.66
Expected value = $48.82

For Alternative B:
Expected value = $183 (since there's no change)

Comparing the expected values, Alternative A has a higher expected value ($48.82) than Alternative B ($183). However, this doesn't necessarily mean it's the better option. We also need to consider the risk involved.

Alternative A has a higher potential gain but also a higher potential loss. The expected value calculation doesn't account for the risk aversion or the potential for significant losses.

In this case, the expected value calculation suggests Alternative A is the better option, but it's essential to consider individual risk tolerance and preferences.",massA=0.997 massB=0.00284,before,0,0.0
p2,311,10,gain,0,111,278,0.58,1.4526,0,False,A,meta-llama/Llama-3.1-8B-Instruct,chat,riskneutral_terse,1,0.99988,0.99996,0,answer,"To determine the preferred option, we need to calculate the expected value of each option.

For Option A:
Expected value = (probability of gaining $278) * (amount gained) + (probability of gaining nothing) * (amount gained)
Expected value = (0.58) * ($278) + (0.42) * ($0)
Expected value = $161.24

For Option B:
Expected value = (probability of gaining $111) * (amount gained)
Expected value = (1) * ($111)
Expected value = $111

Since $161.24 is greater than $111, the preferred option is the one with the higher expected value.",massA=1 massB=0.000121,before,0,0.0
p2,396,13,neutral,0,72,88,0.64,0.7822,3,True,B,meta-llama/Llama-3.1-8B-Instruct,chat,riskneutral_terse,1,0.0019,0.99985,0,answer,"To determine the expected value of Outcome B, we need to multiply the probability of each outcome by its value and then sum these products.

Expected value of Outcome B = (0.64 * $88) + (0.36 * $0)
Expected value of Outcome B = $56.32 + $0
Expected value of Outcome B = $56.32

Now, let's compare the expected value of Outcome B with the certain value of Outcome A.

Expected value of Outcome A = $72
Expected value of Outcome B = $56.32

Since $72 is greater than $56.32, the option with the higher expected value is Outcome A.",massA=0.998 massB=0.0019,before,0,0.0
p2,462,15,gain,0,82,113,0.74,1.0198,1,True,B,meta-llama/Llama-3.1-8B-Instruct,chat,riskneutral_terse,1,0.99993,0.99989,0,answer,"To determine the expected value of each arrangement, we need to calculate the average gain by multiplying the probability of each outcome by its value and summing the results.

For Arrangement A, the expected value is simply the certain gain:
Expected Value A = $82

For Arrangement B, the expected value is the sum of the products of the probabilities and the gains:
Expected Value B = ($74% * $113) + ($26% * $0)
Expected Value B = ($0.74 * $113) + ($0.26 * $0)
Expected Value B = $83.34 + $0
Expected Value B = $83.34

Since $83.34 is greater than $82, the arrangement with the higher expected value is Arrangement B.",massA=6.5e-05 massB=1,before,0,0.0
p2,359,11,mixed,54,54,68,0.81,1.02,4,False,A,meta-llama/Llama-3.1-8B-Instruct,chat,riskneutral_terse,1,0.99981,0.99993,0,answer,"To make a decision, we need to calculate the expected value of each term. 

For Term A, the expected value is calculated as follows:
Expected value = (probability of rising) * (amount if rising) + (probability of dropping) * (amount if dropping)
Expected value = (0.81) * ($68) + (0.19) * ($0)
Expected value = $54.68 + $0
Expected value = $54.68

For Term B, the expected value is:
Expected value = $54

Since $54.68 is greater than $54, the option with the higher expected value is Term A.",massA=1 massB=0.000194,before,0,0.0
p2,1096,36,gain,0,98,227,0.47,1.0887,3,True,B,meta-llama/Llama-3.1-8B-Instruct,chat,riskneutral_terse,1,0.99995,0.99992,0,answer,"To determine the expected value of each outcome, we need to calculate the weighted average of the possible gains.

For Outcome A, the expected value is simply the certain gain:
Expected Value A = $98

For Outcome B, we need to calculate the weighted average of the possible gains:
Expected Value B = (0.47 * $227) + (0.53 * $0)
Expected Value B = $106.49 + $0
Expected Value B = $106.49

Since Outcome B has a higher expected value ($106.49 vs $98), the option with the higher expected value is Outcome B.",massA=5.48e-05 massB=1,before,0,0.0
p2,502,16,mixed,139,139,234,0.6,1.0101,1,True,B,meta-llama/Llama-3.1-8B-Instruct,chat,riskneutral_terse,1,0.99993,0.99978,0,answer,"To determine the expected value of each arrangement, we need to calculate the weighted average of the possible outcomes.

For Arrangement A, the expected value is simply the upfront payment: $139.

For Arrangement B, the expected value is calculated as follows:

Expected value = (Probability of rising to $234) * (Outcome value) + (Probability of dropping to $0) * (Outcome value)
Expected value = (0.6) * ($234) + (0.4) * ($0)
Expected value = $140.40

Since $140.40 is higher than $139, the expected value of Arrangement B is higher.",massA=7.14e-05 massB=1,before,0,0.0
p2,422,14,neutral,0,81,201,0.68,1.6874,1,True,B,meta-llama/Llama-3.1-8B-Instruct,chat,riskneutral_terse,1,0.99976,0.99996,0,answer,"To determine the expected value of each arrangement, we need to calculate the weighted average of the possible outcomes.

For Arrangement A, the expected value is the certain amount: $81.

For Arrangement B, the expected value is the sum of the products of each outcome and its probability:
($201 * 0.68) + ($0 * 0.32) = $137.16 + $0 = $137.16

Since $137.16 is greater than $81, the option with the higher expected value is Arrangement B.",massA=0.000242 massB=1,before,0,0.0
p2,1058,35,neutral,0,91,133,0.68,0.9938,4,True,B,meta-llama/Llama-3.1-8B-Instruct,chat,riskneutral_terse,1,0.00051,0.99994,0,answer,"To decide between the two terms, we need to calculate the expected value of each term. The expected value is the sum of the product of each possible outcome and its probability.

For Term A, the expected value is simply the certain amount:
Expected Value of Term A = $91

For Term B, we calculate the expected value as follows:
Expected Value of Term B = ($133 * 0.68) + ($0 * 0.32)
Expected Value of Term B = $90.04

Since the expected value of Term A ($91) is higher than the expected value of Term B ($90.04), we should choose Term A.",massA=0.999 massB=0.000511,before,0,0.0
p2,648,21,gain,0,106,206,0.73,1.4187,4,True,B,meta-llama/Llama-3.1-8B-Instruct,chat,riskneutral_terse,1,0.99996,0.99996,0,answer,"To determine the expected value of each term, we need to calculate the weighted average of the possible outcomes.

For Term A, the expected value is simply the certain gain:
Expected Value A = $106

For Term B, we need to calculate the weighted average of the possible outcomes:
Expected Value B = (73% chance to gain $206) * ($206) + (27% chance to gain nothing) * ($0)
Expected Value B = 0.73 * $206 + 0.27 * $0
Expected Value B = $150.18

Since $150.18 is greater than $106, the expected value of Term B is higher.",massA=3.94e-05 massB=1,before,0,0.0
p2,494,16,gain,0,139,234,0.6,1.0101,2,True,B,meta-llama/Llama-3.1-8B-Instruct,chat,riskneutral_terse,1,0.99985,0.99994,0,answer,"To determine the expected value of each alternative, we need to calculate the average gain.

For Alternative A, the gain is certain, so the expected value is $139.

For Alternative B, we have a 60% chance to gain $234 and a 40% chance to gain nothing. To calculate the expected value, we multiply the probability of each outcome by its value and add them together:

Expected value = (0.6 * $234) + (0.4 * $0)
Expected value = $140.40 + $0
Expected value = $140.40

Since $140.40 is greater than $139, the alternative with the higher expected value is Alternative B.",massA=0.000151 massB=1,before,0,0.0
p2,935,31,neutral,0,51,151,0.29,0.8586,2,False,A,meta-llama/Llama-3.1-8B-Instruct,chat,riskneutral_terse,1,0.00016,0.99986,0,answer,"To determine the expected value of each alternative, we multiply the probability of each outcome by its value and then sum these products.

For Alternative A:
Expected value = ($151 * 0.29) + ($0 * 0.71)
Expected value = $44.09 + $0
Expected value = $44.09

For Alternative B:
Expected value = ($51 * 1)
Expected value = $51

Since $44.09 is less than $51, the alternative with the higher expected value is Alternative B.",massA=0.000156 massB=1,before,0,0.0
p2,456,15,neutral,0,82,113,0.74,1.0198,3,True,B,meta-llama/Llama-3.1-8B-Instruct,chat,riskneutral_terse,1,0.9932,0.9999,0,answer,"To determine the expected value of Outcome B, we need to multiply the probability of each outcome by its value and then sum these products.

Expected value of Outcome B = (0.74 * $113) + (0.26 * $0)
Expected value of Outcome B = $83.62 + $0
Expected value of Outcome B = $83.62

Now, let's compare the expected value of Outcome B with Outcome A. Outcome A has a value of $82, which is lower than the expected value of Outcome B ($83.62).",massA=0.0068 massB=0.993,before,0,0.0
p2,128,4,neutral,0,29,71,0.55,1.3466,4,True,B,meta-llama/Llama-3.1-8B-Instruct,chat,riskneutral_terse,1,0.99877,0.99996,0,answer,"To determine the expected value of Term B, we need to multiply the probability of each outcome by its value and then sum these products.

Expected value of Term B = (0.55 * $71) + (0.45 * $0)
Expected value of Term B = $39.05 + $0
Expected value of Term B = $39.05

Now, let's compare the expected value of Term B with the certain value of Term A.

Expected value of Term B ($39.05) is higher than the certain value of Term A ($29).",massA=0.00123 massB=0.999,before,0,0.0
p2,599,19,mixed,64,64,122,0.49,0.9341,4,False,A,meta-llama/Llama-3.1-8B-Instruct,chat,riskneutral_terse,1,0.0,0.99985,0,answer,"To make a decision, we need to calculate the expected value of each term. 

For Term A, the expected value is calculated as follows:
Expected value = (probability of gain * amount gained) + (probability of loss * amount lost)
Expected value = (0.49 * $58) + (0.51 * -$64)
Expected value = $28.42 - $32.64
Expected value = -$4.22

Since the expected value of Term A is negative, it means that, on average, you can expect to lose money if you choose Term A.

For Term B, the expected value is:
Expected value = $64 (since there's no change)

Comparing the expected values, Term B has a higher expected value. Therefore, the better option is to keep your $64 with no change.",massA=4.22e-06 massB=1,before,0,0.0
p2,597,19,mixed,64,64,122,0.49,0.9341,3,False,A,meta-llama/Llama-3.1-8B-Instruct,chat,riskneutral_terse,1,2e-05,0.99987,0,answer,"To determine the expected value of each outcome, we need to calculate the weighted sum of the possible outcomes.

For Outcome A:
- 49% chance to rise to $122: 0.49 * $122 = $59.98
- 51% chance to drop to $0: 0.51 * $0 = $0
Expected value of Outcome A: $59.98 - $64 = -$4.02 (Note: the negative value indicates that the expected outcome is a loss)

For Outcome B:
- 100% chance to keep $64: 1 * $64 = $64
Expected value of Outcome B: $64

Since Outcome B has a higher expected value, the choice is",massA=2.39e-05 massB=1,before,0,0.0
p2,515,17,neutral,0,117,362,0.42,1.2995,2,False,A,meta-llama/Llama-3.1-8B-Instruct,chat,riskneutral_terse,1,0.99928,0.99994,0,answer,"To determine the expected value of each alternative, we multiply the probability of each outcome by its value and then sum these products.

For Alternative A:
Expected value = ($362 * 0.42) + ($0 * 0.58)
Expected value = $151.64 + $0
Expected value = $151.64

For Alternative B:
Expected value = ($117 * 1)
Expected value = $117

Since $151.64 is greater than $117, the alternative with the higher expected value is Alternative A.",massA=0.999 massB=0.000721,before,0,0.0
p2,240,8,neutral,0,62,263,0.33,1.3998,0,True,B,meta-llama/Llama-3.1-8B-Instruct,chat,riskneutral_terse,1,0.99807,0.99999,0,answer,"To determine the preferred option, we need to calculate the expected value of each option.

For Option A, the expected value is the payment amount itself, which is $62.

For Option B, the expected value is calculated as the sum of the product of each possible payment and its probability:
Expected Value = ($263 * 0.33) + ($0 * 0.67)
Expected Value = $86.29 + $0
Expected Value = $86.29

Now, comparing the expected values:
Option A: $62
Option B: $86.29

Since $86.29 is greater than $62, the preferred option is the one with the higher expected value.",massA=0.00193 massB=0.998,before,0,0.0
p2,1039,34,gain,0,52,96,0.63,1.1631,4,False,A,meta-llama/Llama-3.1-8B-Instruct,chat,riskneutral_terse,1,0.99954,0.99997,0,answer,"To determine the expected value of each term, we need to multiply the probability of each outcome by its value and then sum these products.

For Term A:
Expected value = (0.63 * $96) + (0.37 * $0)
Expected value = $60.80 + $0
Expected value = $60.80

For Term B:
Expected value = $52

Since $60.80 is greater than $52, the option with the higher expected value is Term A.",massA=1 massB=0.000458,before,0,0.0
p2,930,31,neutral,0,51,151,0.29,0.8586,0,True,B,meta-llama/Llama-3.1-8B-Instruct,chat,riskneutral_terse,1,0.00077,0.99998,0,answer,"To determine the preferred option, we need to calculate the expected value of each option.

For Option A, the expected value is the payment amount itself, which is $51.

For Option B, the expected value is calculated as follows:
Expected Value = (Probability of $151) * ($151) + (Probability of $0) * ($0)
Expected Value = (0.29) * ($151) + (0.71) * ($0)
Expected Value = $43.89

Since $51 is greater than $43.89, the preferred option is the one with the higher expected value.",massA=0.999 massB=0.000767,before,0,0.0
p2,428,14,neutral,0,81,201,0.68,1.6874,4,True,B,meta-llama/Llama-3.1-8B-Instruct,chat,riskneutral_terse,1,0.00407,0.99989,0,answer,"To decide between the two terms, we need to calculate the expected value of Term B. The expected value is the sum of the product of each outcome and its probability.

Expected value of Term B = ($201 * 0.68) + ($0 * 0.32)
Expected value of Term B = $136.88 + $0
Expected value of Term B = $136.88

Now, let's compare the expected value of Term B with the certain value of Term A. Since $136.88 is less than $81, Term A has a higher expected value.",massA=0.996 massB=0.00407,before,0,0.0
p2,455,15,neutral,0,82,113,0.74,1.0198,2,False,A,meta-llama/Llama-3.1-8B-Instruct,chat,riskneutral_terse,1,0.99948,0.99994,0,answer,"To determine the expected value of each alternative, we multiply the probability of each outcome by its value and then sum these products.

For Alternative A:
Expected value = ($113 * 0.74) + ($0 * 0.26)
Expected value = $83.42 + $0
Expected value = $83.42

For Alternative B:
Expected value = ($82 * 1)
Expected value = $82

Since $83.42 is greater than $82, the alternative with the higher expected value is Alternative A.",massA=0.999 massB=0.000519,before,0,0.0
p2,1080,36,neutral,0,98,227,0.47,1.0887,0,True,B,meta-llama/Llama-3.1-8B-Instruct,chat,riskneutral_terse,1,0.99972,0.99998,0,answer,"To determine the preferred option, we need to calculate the expected value of each option.

For Option A, the expected value is the payment amount itself, which is $98.

For Option B, the expected value is calculated as follows:
Expected Value = (Probability of $227) * ($227) + (Probability of $0) * ($0)
Expected Value = 0.47 * $227 + 0.53 * $0
Expected Value = $106.49

Since $106.49 is greater than $98, the option with the higher expected value is Option B.",massA=0.000278 massB=1,before,0,0.0
p2,616,20,gain,0,186,266,0.63,0.901,3,True,B,meta-llama/Llama-3.1-8B-Instruct,chat,riskneutral_terse,1,0.00036,0.99983,0,answer,"To determine the expected value of each outcome, we need to calculate the weighted average of the possible gains.

For Outcome A, the expected value is simply the certain gain:
Expected Value A = $186

For Outcome B, we need to calculate the weighted average of the possible gains:
Expected Value B = ($266 * 0.63) + ($0 * 0.37)
Expected Value B = $167.58 + $0
Expected Value B = $167.58

Since Outcome A has an expected value of $186, which is higher than Outcome B's expected value of $167.58, the option with the higher expected value is Outcome A.",massA=0.999 massB=0.000363,before,0,0.0
p2,950,31,mixed,51,51,151,0.29,0.8586,0,True,B,meta-llama/Llama-3.1-8B-Instruct,chat,riskneutral_terse,1,0.0004,0.99988,0,answer,"To determine the expected value of each option, we need to calculate the weighted average of the possible outcomes.

For Option A, the expected value is simply the upfront payment:
Expected Value of Option A = $51

For Option B, we need to calculate the weighted average of the possible outcomes:
Expected Value of Option B = (29% chance to rise to $151) * ($151) + (71% chance to drop to $0) * ($0)
Expected Value of Option B = 0.29 * $151 + 0.71 * $0
Expected Value of Option B = $43.89 + $0
Expected Value of Option B = $43.89

Since $51 (Option A) is greater than $43.89 (Option B), the preferred option is the one with the higher expected value.",massA=0.999 massB=0.000398,before,0,0.0
p2,1045,34,mixed,52,52,96,0.63,1.1631,2,False,A,meta-llama/Llama-3.1-8B-Instruct,chat,riskneutral_terse,1,0.99788,0.99971,0,answer,"To determine the better option, we need to calculate the expected value of each alternative.

For Alternative A:
Expected value = (Probability of gain * Amount gained) + (Probability of loss * Amount lost)
Expected value = (0.63 * $44) + (0.37 * -$52)
Expected value = $27.72 - $19.24
Expected value = $8.48

For Alternative B:
Expected value = $52 (since there's no change)

Comparing the expected values, Alternative A has a higher expected value ($8.48) than Alternative B ($52). However, this doesn't necessarily mean that Alternative A is the better choice. We need to consider the risk involved.

Alternative A has a higher potential gain but also a higher potential loss. The expected value calculation doesn't account for the risk aversion or the potential for significant losses.

However, since the question asks us to pick the option with the higher expected value, we should choose the option with the higher expected value.",massA=0.998 massB=0.00212,before,0,0.0
p2,637,21,neutral,0,106,206,0.73,1.4187,3,False,A,meta-llama/Llama-3.1-8B-Instruct,chat,riskneutral_terse,1,0.99949,0.9999,0,answer,"To determine the expected value of each outcome, we multiply the probability of each outcome by its respective value and then sum the results.

For Outcome A:
Expected Value = ($206 * 0.73) + ($0 * 0.27)
Expected Value = $150.18 + $0
Expected Value = $150.18

For Outcome B:
Expected Value = ($106 * 1)
Expected Value = $106

Since $150.18 is greater than $106, the option with the higher expected value is Outcome A.",massA=0.999 massB=0.000511,before,0,0.0
p2,934,31,neutral,0,51,151,0.29,0.8586,2,True,B,meta-llama/Llama-3.1-8B-Instruct,chat,riskneutral_terse,1,0.00135,0.99987,0,answer,"To determine the expected value of each alternative, we need to calculate the weighted sum of the possible outcomes.

For Alternative A, the outcome is certain, so the expected value is simply $51.

For Alternative B, we have two possible outcomes: $151 with a 29% probability, and $0 with a 71% probability. To calculate the expected value, we multiply each outcome by its probability and then sum the results:

Expected value of Alternative B = ($151 * 0.29) + ($0 * 0.71)
Expected value of Alternative B = $43.99 + $0
Expected value of Alternative B = $43.99

Now, let's compare the expected values of the two alternatives:

Alternative A: $51
Alternative B: $43.99

Since $51 is greater than $43.99, the alternative with the higher expected value is Alternative A.",massA=0.999 massB=0.00135,before,0,0.0
p2,1240,20,dominant,0,186,229,1.0,1.2312,0,True,B,meta-llama/Llama-3.1-8B-Instruct,chat,riskneutral_terse,1,0.99986,0.99996,0,answer,"To determine the preferred option, we need to compare the two options. 

Option A offers $186 for certain, which means it's a guaranteed payment. 
Option B also offers a certain payment, but it's $229.

Since both options are for certain, we don't have to worry about any uncertainty or risk. The option with the higher expected value is the one with the higher payment amount.",massA=0.000144 massB=1,before,0,0.0
p2,1218,9,dominant,0,49,82,1.0,1.6735,1,True,B,meta-llama/Llama-3.1-8B-Instruct,chat,riskneutral_terse,1,0.99996,0.99985,0,answer,"To determine which arrangement has a higher expected value, we need to compare the two options. 

In this case, both arrangements are certain, meaning there is no risk involved. The expected value is simply the amount we will receive for certain.

Arrangement A offers $49 for certain, and Arrangement B offers $82 for certain.

Since $82 is greater than $49, the arrangement with the higher expected value is the one that offers $82 for certain.",massA=4.33e-05 massB=1,before,0,0.0
p2,293,9,mixed,49,49,153,0.26,0.8118,1,False,A,meta-llama/Llama-3.1-8B-Instruct,chat,riskneutral_terse,1,5e-05,0.99971,0,answer,"To determine the expected value of each arrangement, we need to calculate the weighted sum of the possible outcomes.

For Arrangement A:
- The probability of rising to $153 is 26% or 0.26.
- The probability of dropping to $0 is 74% or 0.74.
- The expected value of rising to $153 is 0.26 * $153 = $39.78.
- The expected value of dropping to $0 is 0.74 * $0 = $0.
- The overall expected value of Arrangement A is $39.78 - $49 = -$9.22.

For Arrangement B:
- The probability of keeping the $49 is 100% or 1.
- The expected value of keeping the $49 is 1 * $49 = $49.

Comparing the expected values, Arrangement B has a higher expected value of $49 compared to Arrangement A's expected value of -$9.22.",massA=5.47e-05 massB=1,before,0,0.0
p2,340,11,gain,0,54,68,0.81,1.02,0,True,B,meta-llama/Llama-3.1-8B-Instruct,chat,riskneutral_terse,1,0.99218,0.99997,0,answer,"To determine the preferred option, we need to calculate the expected value of each option.

For Option A, the expected value is simply the certain gain:
Expected Value A = $54

For Option B, we need to calculate the expected value by multiplying the probability of each outcome by its value and summing them up:
Expected Value B = (81% * $68) + (19% * $0)
Expected Value B = (0.81 * $68) + $0
Expected Value B = $54.88 + $0
Expected Value B = $54.88

Since $54.88 is greater than $54, the preferred option is the one with the higher expected value.",massA=0.00782 massB=0.992,before,0,0.0
p2,142,4,mixed,29,29,71,0.55,1.3466,1,True,B,meta-llama/Llama-3.1-8B-Instruct,chat,riskneutral_terse,1,0.0002,0.99989,0,answer,"To determine the expected value of each arrangement, we need to calculate the weighted average of the possible outcomes.

For Arrangement A, the expected value is simply the upfront payment of $29, since there's no uncertainty.

For Arrangement B, we have two possible outcomes: a gain of $42 with a 55% chance, and a loss of $29 with a 45% chance. 

Expected value of Arrangement B = (55% * $71) + (45% * -$29)
Expected value of Arrangement B = 0.55 * $71 + 0.45 * -$29
Expected value of Arrangement B = $39.05 - $13.05
Expected value of Arrangement B = $26

Since $29 (Arrangement A) is greater than $26 (Arrangement B), the option with the higher expected value is Arrangement A.",massA=1 massB=0.000197,before,0,0.0
p2,421,14,neutral,0,81,201,0.68,1.6874,0,False,A,meta-llama/Llama-3.1-8B-Instruct,chat,riskneutral_terse,1,0.99978,0.99999,0,answer,"To determine the preferred option, we need to calculate the expected value of each option.

For Option A:
Expected value = (Probability of receiving $201) * ($201) + (Probability of receiving $0) * ($0)
Expected value = 0.68 * $201 + 0.32 * $0
Expected value = $136.80

For Option B:
Expected value = $81 (since it's a certain payment)

Since $136.80 is greater than $81, the preferred option is the one with the higher expected value.",massA=1 massB=0.00022,before,0,0.0
p2,532,17,mixed,117,117,362,0.42,1.2995,1,True,B,meta-llama/Llama-3.1-8B-Instruct,chat,riskneutral_terse,1,0.99998,0.99988,0,answer,"To determine the expected value of each arrangement, we need to calculate the weighted average of the possible outcomes.

For Arrangement A, the expected value is simply the upfront payment: $117.

For Arrangement B, the expected value is calculated as follows:

Expected value = (probability of rising) * (amount if rising) + (probability of dropping) * (amount if dropping)
Expected value = (0.42) * ($362) + (0.58) * ($0)
Expected value = $152.44 + $0
Expected value = $152.44

Since $152.44 is greater than $117, the expected value of Arrangement B is higher.",massA=2.47e-05 massB=1,before,0,0.0
p2,947,31,gain,0,51,151,0.29,0.8586,3,False,A,meta-llama/Llama-3.1-8B-Instruct,chat,riskneutral_terse,1,8e-05,0.9999,0,answer,"To determine the expected value of each outcome, we need to multiply the probability of each gain by the gain itself and then sum these products.

For Outcome A:
- 29% chance to gain $151: 0.29 * $151 = $43.99
- 71% chance to gain nothing: 0.71 * $0 = $0
Expected value of Outcome A: $43.99

For Outcome B:
- Certain gain of $51: 1 * $51 = $51
Expected value of Outcome B: $51

Since $51 is greater than $43.99, the option with the higher expected value is Outcome B.",massA=7.97e-05 massB=1,before,0,0.0
p2,324,10,mixed,111,111,278,0.58,1.4526,2,True,B,meta-llama/Llama-3.1-8B-Instruct,chat,riskneutral_terse,1,0.99995,0.99991,0,answer,"To determine the expected value of each alternative, we need to calculate the weighted sum of the possible outcomes.

For Alternative A, the expected value is simply the initial amount:
Expected Value A = $111

For Alternative B, we have two possible outcomes with their respective probabilities:
Outcome 1: $278 with 58% probability
Outcome 2: $0 with 42% probability

Expected Value B = ($278 * 0.58) + ($0 * 0.42)
Expected Value B = $161.24 + $0
Expected Value B = $161.24

Since $161.24 is greater than $111, the expected value of Alternative B is higher.",massA=5.14e-05 massB=1,before,0,0.0
p2,355,11,mixed,54,54,68,0.81,1.02,2,False,A,meta-llama/Llama-3.1-8B-Instruct,chat,riskneutral_terse,1,0.99987,0.9999,0,answer,"To determine the better option, we need to calculate the expected value of each alternative.

For Alternative A:
Expected value = (probability of rising to $68) * (gain of $14) + (probability of dropping to $0) * (loss of $54)
Expected value = (0.81) * ($14) + (0.19) * (-$54)
Expected value = $11.34 - $10.26
Expected value = $1.08

For Alternative B:
Expected value = (probability of no change) * (gain of $0)
Expected value = (1) * ($0)
Expected value = $0

Since the expected value of Alternative A ($1.08) is higher than that of Alternative B ($0), the better option is",massA=1 massB=0.000133,before,0,0.0
p2,448,14,mixed,81,81,201,0.68,1.6874,4,True,B,meta-llama/Llama-3.1-8B-Instruct,chat,riskneutral_terse,1,0.99998,0.99993,0,answer,"To make a decision, we need to calculate the expected value of each term.

For Term A, the expected value is simply the amount we have upfront: $81.

For Term B, we need to calculate the expected value by multiplying the probability of each outcome by its value and summing them up:

Expected value of Term B = (0.68 * $201) + (0.32 * -$0)
Expected value of Term B = $136.80 + $0
Expected value of Term B = $136.80

Since $136.80 is greater than $81, we should choose Term B.",massA=1.67e-05 massB=1,before,0,0.0
p2,299,9,mixed,49,49,153,0.26,0.8118,4,False,A,meta-llama/Llama-3.1-8B-Instruct,chat,riskneutral_terse,1,4e-05,0.99976,0,answer,"To make a decision, we need to calculate the expected value of each term.

For Term A:
Expected value = (probability of gain * amount gained) + (probability of loss * amount lost)
Expected value = (0.26 * $104) + (0.74 * -$49)
Expected value = $27.04 - $36.26
Expected value = -$9.22

For Term B:
Expected value = $49 (since there's no change)

Since the expected value of Term A is negative (-$9.22), it's a riskier option. However, we need to consider the potential for a significant gain. The expected value of Term B is $49, which is a guaranteed amount.

Considering the higher expected value, we should choose the option with the higher expected value. In this case, Term B has a higher expected value.",massA=4.26e-05 massB=1,before,0,0.0
p2,520,17,gain,0,117,362,0.42,1.2995,0,True,B,meta-llama/Llama-3.1-8B-Instruct,chat,riskneutral_terse,1,0.99992,0.99993,0,answer,"To determine the expected value of each option, we need to calculate the average payment for each option.

For Option A, the payment is certain, so the expected value is simply $117.

For Option B, we need to calculate the weighted average of the two possible payments. The weights are the probabilities of each payment (42% and 58%). 

Expected value of Option B = (0.42 * $362) + (0.58 * $0)
Expected value of Option B = $152.44 + $0
Expected value of Option B = $152.44

Since $152.44 is greater than $117, the option with the higher expected value is Option B.",massA=8.48e-05 massB=1,before,0,0.0
p2,123,4,neutral,0,29,71,0.55,1.3466,1,False,A,meta-llama/Llama-3.1-8B-Instruct,chat,riskneutral_terse,1,0.99946,0.99995,0,answer,"To determine the expected value of each arrangement, we multiply the probability of each outcome by its value and then sum these products.

For Arrangement A:
Expected value = (55% of $71) + (45% of $0)
Expected value = 0.55 * $71 + 0.45 * $0
Expected value = $38.95 + $0
Expected value = $38.95

For Arrangement B:
Expected value = $29 (since it's certain)

Since $38.95 is greater than $29, the arrangement with the higher expected value is Arrangement A.",massA=0.999 massB=0.000544,before,0,0.0
p2,316,10,gain,0,111,278,0.58,1.4526,3,True,B,meta-llama/Llama-3.1-8B-Instruct,chat,riskneutral_terse,1,0.99986,0.9999,0,answer,"To determine the expected value of each outcome, we need to calculate the weighted average of the possible gains.

For Outcome A, the expected value is simply the certain gain:
Expected Value A = $111

For Outcome B, we need to calculate the weighted average of the possible gains:
Expected Value B = (58% * $278) + (42% * $0)
Expected Value B = 0.58 * $278 + 0.42 * $0
Expected Value B = $161.24

Since Outcome A has an expected value of $111 and Outcome B has an expected value of $161.24, the option with the higher expected value is Outcome B.",massA=0.00014 massB=1,before,0,0.0
p2,1146,38,neutral,0,183,609,0.38,1.2646,3,True,B,meta-llama/Llama-3.1-8B-Instruct,chat,riskneutral_terse,1,0.99963,0.99993,0,answer,"To determine the expected value of Outcome B, we need to multiply the probability of each outcome by its value and then sum these products.

Expected value of Outcome B = ($609 * 0.38) + ($0 * 0.62)
Expected value of Outcome B = $231.22 + $0
Expected value of Outcome B = $231.22

Now, let's compare the expected values of Outcome A and Outcome B. Outcome A has a value of $183, while Outcome B has an expected value of $231.22.

Since $231.22 is greater than $183, the option with the higher expected value is Outcome B.",massA=0.000368 massB=1,before,0,0.0
p2,534,17,mixed,117,117,362,0.42,1.2995,2,True,B,meta-llama/Llama-3.1-8B-Instruct,chat,riskneutral_terse,1,0.99997,0.99992,0,answer,"To determine the expected value of each alternative, we need to calculate the weighted sum of the possible outcomes.

For Alternative A, the expected value is simply the initial amount:
Expected Value A = $117

For Alternative B, we have two possible outcomes with their respective probabilities:
Outcome 1: $362 with 42% probability
Outcome 2: $0 with 58% probability

Expected Value B = ($362 * 0.42) + ($0 * 0.58)
Expected Value B = $152.04 + $0
Expected Value B = $152.04

Since $152.04 is greater than $117, the expected value of Alternative B is higher.",massA=3.27e-05 massB=1,before,0,0.0
p2,924,30,mixed,149,149,447,0.26,0.78,2,True,B,meta-llama/Llama-3.1-8B-Instruct,chat,riskneutral_terse,1,0.00021,0.99993,0,answer,"To determine the expected value of each alternative, we need to calculate the weighted sum of the possible outcomes.

For Alternative A, the expected value is simply the initial amount:
Expected Value A = $149

For Alternative B, we have two possible outcomes with their respective probabilities:
Outcome 1: $447 with 26% probability
Outcome 2: $0 with 74% probability

Expected Value B = ($447 * 0.26) + ($0 * 0.74)
Expected Value B = $116.42 + $0
Expected Value B = $116.42

Since $149 (Alternative A) is greater than $116.42 (Alternative B), the option with the higher expected value is",massA=1 massB=0.000207,before,0,0.0
p2,921,30,mixed,149,149,447,0.26,0.78,0,False,A,meta-llama/Llama-3.1-8B-Instruct,chat,riskneutral_terse,1,0.4149,0.9126,0,length_or_eos,"To determine the preferred option, we need to calculate the expected value of each option.

For Option A:
- 26% chance to rise to $447: Expected value = 0.26 * $447 = $116.42
- 74% chance to drop to $0: Expected value = 0.74 * $0 = $0
Expected value of Option A = $116.42 + $0 = $116.42

For Option B:
- Expected value = $149 (since there's no change)

Now, let's compare the expected values:
Expected value of Option A ($116.42) is higher than the expected value of Option B ($149).

However, this seems counterintuitive since $149 is higher than $116.42. The issue here is that the expected value calculation doesn't account for the fact that we're comparing a certain outcome ($149) to a probabilistic outcome ($116.42). 

In this case, the expected value calculation is misleading because it doesn't accurately represent the value of the certain outcome. 

To make a more intuitive decision, let's consider the concept of expected utility. We can assign a utility value to each outcome, where the utility of $0 is 0 and the utility of $149 is 1 (assuming a linear utility function). 

For Option A:
- 26% chance to rise to $447: Utility = 0.26 * 1 = 0.26
- 74% chance to drop to $0: Utility = 0.74 * 0",massA=0.379 massB=0.534,before,0,0.0
p2,437,14,gain,0,81,201,0.68,1.6874,3,False,A,meta-llama/Llama-3.1-8B-Instruct,chat,riskneutral_terse,1,0.99958,0.99991,0,answer,"To determine the expected value of each outcome, we need to multiply the probability of each gain by the gain itself and then sum these products.

For Outcome A:
Expected value = (0.68 * $201) + (0.32 * $0)
Expected value = $136.08 + $0
Expected value = $136.08

For Outcome B:
Expected value = $81

Since $136.08 is greater than $81, the option with the higher expected value is Outcome A.",massA=0.999 massB=0.000424,before,0,0.0
p2,1107,36,mixed,98,98,227,0.47,1.0887,3,False,A,meta-llama/Llama-3.1-8B-Instruct,chat,riskneutral_terse,1,0.9985,0.99964,0,answer,"To determine the expected value of each outcome, we need to calculate the weighted sum of the possible outcomes.

For Outcome A:
- 47% chance to rise to $227: 0.47 * $227 = $106.49
- 53% chance to drop to $0: 0.53 * $0 = $0
Expected value of Outcome A: $106.49 - $98 = $8.49

For Outcome B:
- 100% chance to keep $98: 1 * $98 = $98
Expected value of Outcome B: $98

Outcome A has a higher expected value ($8.49 vs $98).",massA=0.998 massB=0.0015,before,0,0.0
p2,304,10,neutral,0,111,278,0.58,1.4526,2,True,B,meta-llama/Llama-3.1-8B-Instruct,chat,riskneutral_terse,1,0.99975,0.99987,0,answer,"To determine the expected value of each alternative, we need to calculate the weighted sum of the possible outcomes.

For Alternative A, the outcome is certain, so the expected value is simply $111.

For Alternative B, we have two possible outcomes: $278 with a 58% probability and $0 with a 42% probability. To calculate the expected value, we multiply each outcome by its probability and then sum the results:

Expected value of Alternative B = ($278 * 0.58) + ($0 * 0.42)
Expected value of Alternative B = $161.24 + $0
Expected value of Alternative B = $161.24

Now, let's compare the expected values of the two alternatives:

Alternative A: $111
Alternative B: $161.24

Since $161.24 is greater than $111, the alternative with the higher expected value is Alternative B.",massA=0.000245 massB=1,before,0,0.0
p2,423,14,neutral,0,81,201,0.68,1.6874,1,False,A,meta-llama/Llama-3.1-8B-Instruct,chat,riskneutral_terse,1,0.99951,0.99996,0,answer,"To determine the expected value of each arrangement, we multiply the probability of each outcome by its value and then sum these products.

For Arrangement A:
Expected value = (0.68 * $201) + (0.32 * $0)
Expected value = $136.80 + $0
Expected value = $136.80

For Arrangement B:
Expected value = $81 (since it's certain)

Since $136.80 is greater than $81, the arrangement with the higher expected value is Arrangement A.",massA=0.999 massB=0.000488,before,0,0.0
p2,519,17,neutral,0,117,362,0.42,1.2995,4,False,A,meta-llama/Llama-3.1-8B-Instruct,chat,riskneutral_terse,1,0.99963,0.99997,0,answer,"To make a decision, we need to calculate the expected value of each term. The expected value is the sum of the product of each outcome and its probability.

For Term A:
Expected value = ($362 * 0.42) + ($0 * 0.58)
Expected value = $151.64 + $0
Expected value = $151.64

For Term B:
Expected value = ($117 * 1)
Expected value = $117

Since $151.64 is greater than $117, the option with the higher expected value is Term A.",massA=1 massB=0.000374,before,0,0.0
p2,466,15,gain,0,82,113,0.74,1.0198,3,True,B,meta-llama/Llama-3.1-8B-Instruct,chat,riskneutral_terse,1,0.99963,0.99967,0,answer,"To determine the expected value of each outcome, we need to calculate the weighted average of the possible gains.

For Outcome A, the gain is certain, so the expected value is simply $82.

For Outcome B, we have a 74% chance to gain $113 and a 26% chance to gain nothing. To calculate the expected value, we multiply the probability of each outcome by its gain and then add the results:

Expected value of Outcome B = (0.74 * $113) + (0.26 * $0)
Expected value of Outcome B = $83.72 + $0
Expected value of Outcome B = $83.72

Now, let's compare the expected values of the two outcomes. Outcome A has an expected value of $82, while Outcome B has an expected value of $83.72. Since $83.72 is greater than $82, we should choose Outcome B.",massA=0.000368 massB=0.999,before,0,0.0
p2,287,9,gain,0,49,153,0.26,0.8118,3,False,A,meta-llama/Llama-3.1-8B-Instruct,chat,riskneutral_terse,1,0.44553,0.99941,0,answer,"To determine the expected value of each outcome, we need to multiply the probability of each gain by the gain itself and then sum these products.

For Outcome A:
- 26% chance to gain $153: 0.26 * $153 = $39.78
- 74% chance to gain nothing: 0.74 * $0 = $0
Expected value of Outcome A: $39.78 + $0 = $39.78

For Outcome B:
- Certain gain of $49: 1 * $49 = $49
Expected value of Outcome B: $49

Outcome A has a higher expected value ($39.78 vs $49), but since we are choosing the option with the higher expected value, we should choose the option with the higher expected value.",massA=0.445 massB=0.554,before,0,0.0
p2,1220,10,dominant,0,111,138,1.0,1.2432,3,True,B,meta-llama/Llama-3.1-8B-Instruct,chat,riskneutral_terse,1,0.99989,0.99986,0,answer,"In this scenario, both outcomes are certain, meaning they have no uncertainty or risk associated with them. 

Outcome A offers $111 for certain, and Outcome B offers $138 for certain. 

Since both outcomes are certain, the expected value of each outcome is the same as the outcome itself. 

Therefore, the option with the higher expected value is Outcome B, which offers $138 for certain.",massA=0.000109 massB=1,before,0,0.0
p2,139,4,gain,0,29,71,0.55,1.3466,4,False,A,meta-llama/Llama-3.1-8B-Instruct,chat,riskneutral_terse,1,0.99965,0.99997,0,answer,"To determine the expected value of each term, we need to multiply the probability of each outcome by its value and then sum these products.

For Term A:
Expected value = (0.55 * $71) + (0.45 * $0)
Expected value = $38.85 + $0
Expected value = $38.85

For Term B:
Expected value = $29

Since $38.85 is greater than $29, the option with the higher expected value is Term A.",massA=1 massB=0.000351,before,0,0.0
p2,141,4,mixed,29,29,71,0.55,1.3466,0,False,A,meta-llama/Llama-3.1-8B-Instruct,chat,riskneutral_terse,1,0.99989,0.99994,0,answer,"To determine the preferred option, we need to calculate the expected value of each option.

For Option A:
Expected value = (probability of rising) * (amount after rising) + (probability of dropping) * (amount after dropping)
Expected value = 0.55 * $71 + 0.45 * $0
Expected value = $38.85 + $0
Expected value = $38.85

For Option B:
Expected value = $29 (since there's no change)

Comparing the expected values, Option A has a higher expected value ($38.85) than Option B ($29).",massA=1 massB=0.000106,before,0,0.0
p2,482,16,neutral,0,139,234,0.6,1.0101,1,True,B,meta-llama/Llama-3.1-8B-Instruct,chat,riskneutral_terse,1,0.99957,0.99996,0,answer,"To determine the expected value of each arrangement, we need to calculate the weighted average of the possible outcomes.

For Arrangement A, the expected value is the certain amount: $139.

For Arrangement B, the expected value is the sum of the products of each outcome and its probability:
Expected Value = ($234 * 0.6) + ($0 * 0.4)
Expected Value = $140.4 + $0
Expected Value = $140.4

Since $139 is less than $140.4, the arrangement with the higher expected value is Arrangement B.",massA=0.000431 massB=1,before,0,0.0
p2,1148,38,neutral,0,183,609,0.38,1.2646,4,True,B,meta-llama/Llama-3.1-8B-Instruct,chat,riskneutral_terse,1,0.99926,0.99999,0,answer,"To decide which term to take, we need to calculate the expected value of each term.

For Term A, the expected value is the certain amount: $183.

For Term B, the expected value is the sum of the products of each possible outcome and its probability:
Expected Value = ($609 * 0.38) + ($0 * 0.62)
Expected Value = $231.22 + $0
Expected Value = $231.22

Since $183 (Term A) is less than $231.22 (Term B), the option with the higher expected value is Term B.",massA=0.000744 massB=0.999,before,0,0.0
p2,394,13,neutral,0,72,88,0.64,0.7822,2,True,B,meta-llama/Llama-3.1-8B-Instruct,chat,riskneutral_terse,1,0.00119,0.99993,0,answer,"To determine the expected value of each alternative, we need to calculate the weighted sum of the possible outcomes.

For Alternative A, the expected value is simply the certain amount:
Expected Value A = $72

For Alternative B, we need to calculate the weighted sum of the possible outcomes:
Expected Value B = ($88 * 0.64) + ($0 * 0.36)
Expected Value B = $56.32 + $0
Expected Value B = $56.32

Now, let's compare the expected values:
Expected Value A = $72
Expected Value B = $56.32

Since $72 is greater than $56.32, the alternative with the higher expected value is Alternative A.",massA=0.999 massB=0.00119,before,0,0.0
p2,654,21,mixed,106,106,206,0.73,1.4187,2,True,B,meta-llama/Llama-3.1-8B-Instruct,chat,riskneutral_terse,1,0.99997,0.99992,0,answer,"To determine the expected value of each alternative, we need to calculate the weighted sum of the possible outcomes.

For Alternative A, the expected value is simply the initial amount:
Expected Value A = $106

For Alternative B, we have two possible outcomes with their respective probabilities:
Outcome 1: $206 with 73% probability
Outcome 2: $0 with 27% probability

Expected Value B = ($206 * 0.73) + ($0 * 0.27)
Expected Value B = $150.18 - $0
Expected Value B = $150.18

Since $150.18 is greater than $106, the expected value of Alternative B is higher.",massA=3.07e-05 massB=1,before,0,0.0
p2,902,30,neutral,0,149,447,0.26,0.78,1,True,B,meta-llama/Llama-3.1-8B-Instruct,chat,riskneutral_terse,1,0.00033,0.99991,0,answer,"To determine the expected value of each arrangement, we need to multiply the probability of each outcome by its value and then sum these products.

For Arrangement A, the value is $149 for certain, so the expected value is $149.

For Arrangement B, the value is $447 with a 26% probability, and $0 with a 74% probability. 
Expected value of Arrangement B = ($447 * 0.26) + ($0 * 0.74)
Expected value of Arrangement B = $116.22 + $0
Expected value of Arrangement B = $116.22

Since $149 is greater than $116.22, the arrangement with the higher expected value is Arrangement A.",massA=1 massB=0.00033,before,0,0.0
p2,330,11,neutral,0,54,68,0.81,1.02,0,True,B,meta-llama/Llama-3.1-8B-Instruct,chat,riskneutral_terse,1,0.98334,0.99998,0,answer,"To determine the preferred option, we need to calculate the expected value of each option.

For Option A, the expected value is the payment amount itself, which is $54.

For Option B, the expected value is calculated by multiplying the payment amount by its probability and summing the results:
Expected Value = ($68 * 0.81) + ($0 * 0.19)
Expected Value = $54.88 + $0
Expected Value = $54.88

Since $54.88 is greater than $54, the preferred option is the one with the higher expected value.",massA=0.0167 massB=0.983,before,0,0.0
p2,939,31,neutral,0,51,151,0.29,0.8586,4,False,A,meta-llama/Llama-3.1-8B-Instruct,chat,riskneutral_terse,1,0.99918,0.99996,0,answer,"To make a decision, we need to calculate the expected value of each term. The expected value is the sum of the product of each outcome and its probability.

For Term A:
Expected value = ($151 * 0.29) + ($0 * 0.71)
Expected value = $44.09 + $0
Expected value = $44.09

For Term B:
Expected value = ($51 * 1)
Expected value = $51

Since $44.09 is greater than $51, the option with the higher expected value is Term A.",massA=0.999 massB=0.000817,before,0,0.0
p2,1156,38,gain,0,183,609,0.38,1.2646,3,True,B,meta-llama/Llama-3.1-8B-Instruct,chat,riskneutral_terse,1,0.99997,0.99996,0,answer,"To determine the expected value of each outcome, we need to calculate the weighted average of the possible gains.

For Outcome A, the gain is certain, so the expected value is simply $183.

For Outcome B, we have a 38% chance to gain $609 and a 62% chance to gain nothing. To calculate the expected value, we multiply the probability of each outcome by its gain and then add the results:

Expected value of Outcome B = (0.38 * $609) + (0.62 * $0)
Expected value of Outcome B = $231.42 + $0
Expected value of Outcome B = $231.42

Now, let's compare the expected values of the two outcomes:

Outcome A: $183
Outcome B: $231.42

Since Outcome B has a higher expected value, the answer is",massA=2.67e-05 massB=1,before,0,0.0
p2,262,8,mixed,62,62,263,0.33,1.3998,1,True,B,meta-llama/Llama-3.1-8B-Instruct,chat,riskneutral_terse,1,0.99948,0.99977,0,answer,"To determine the expected value of each arrangement, we need to calculate the weighted average of the possible outcomes.

For Arrangement A, the outcome is $62 with a 100% chance, so the expected value is $62.

For Arrangement B, the possible outcomes are $263 with a 33% chance and $0 with a 67% chance. To calculate the expected value, we multiply each outcome by its probability and add them together:

Expected value = ($263 * 0.33) + ($0 * 0.67)
Expected value = $86.59 + $0
Expected value = $86.59

Now, let's compare the expected values of the two arrangements. Arrangement A has an expected value of $62, while Arrangement B has an expected value of $86.59. Since $86.59 is higher than $62, we should choose Arrangement B.",massA=0.000519 massB=0.999,before,0,0.0
p2,321,10,mixed,111,111,278,0.58,1.4526,0,False,A,meta-llama/Llama-3.1-8B-Instruct,chat,riskneutral_terse,1,0.99977,0.99988,0,answer,"To determine the preferred option, we need to calculate the expected value of each option.

For Option A:
Expected value = (probability of gain * amount gained) + (probability of loss * amount lost)
Expected value = (0.58 * $167) + (0.42 * -$111)
Expected value = $97.06 - $46.62
Expected value = $50.44

For Option B:
Expected value = $111 (since there's no change)

Comparing the expected values, Option A has a higher expected value ($50.44) than Option B ($111). However, we must also consider the potential for a significant loss in Option A. 

To make a more informed decision, let's calculate the expected value of the gain in Option A:
Expected value of gain = $167
This is the amount we can expect to gain if we choose Option A.

Now, let's compare the expected value of the gain in Option A ($167) with the amount we would keep if we choose Option B ($111). Since $167 is greater than $111, we should choose Option A.",massA=1 massB=0.000234,before,0,0.0
p2,591,19,mixed,64,64,122,0.49,0.9341,0,False,A,meta-llama/Llama-3.1-8B-Instruct,chat,riskneutral_terse,1,0.99955,0.99992,0,answer,"To determine the preferred option, we need to calculate the expected value of each option.

For Option A:
- The probability of gaining $58 is 49% or 0.49.
- The probability of losing $64 is 51% or 0.51.
- The expected value of Option A is calculated as follows:
  (0.49 * $122) + (0.51 * -$64)
  = $59.78 - $32.64
  = $27.14

For Option B:
- The expected value is simply the initial amount: $64

Since $27.14 is greater than $64, the expected value of Option A is higher.",massA=0.999 massB=0.000451,before,0,0.0
p2,1041,34,mixed,52,52,96,0.63,1.1631,0,False,A,meta-llama/Llama-3.1-8B-Instruct,chat,riskneutral_terse,1,0.99992,0.9999,0,answer,"To determine the preferred option, we need to calculate the expected value of each option.

For Option A:
Expected value = (probability of rising to $96) * (amount if rising) + (probability of dropping to $0) * (amount if dropping)
Expected value = (0.63) * ($96) + (0.37) * ($0)
Expected value = $60.48 + $0
Expected value = $60.48

For Option B:
Expected value = (probability of keeping $52) * (amount if keeping) + (probability of changing) * (amount if changing)
Since there's no change in Option B, the expected value is simply the amount itself.
Expected value = $52

Comparing the expected values, Option A has a higher expected value ($60.48) than Option B ($52).",massA=1 massB=8.09e-05,before,0,0.0
p2,1057,35,neutral,0,91,133,0.68,0.9938,3,False,A,meta-llama/Llama-3.1-8B-Instruct,chat,riskneutral_terse,1,0.00015,0.9999,0,answer,"To determine the expected value of each outcome, we multiply the probability of each outcome by its respective value and then sum the results.

For Outcome A:
Expected Value = ($133 * 0.68) + ($0 * 0.32)
Expected Value = $90.04 + $0
Expected Value = $90.04

For Outcome B:
Expected Value = ($91 * 1)
Expected Value = $91

Since $91 is greater than $90.04, the option with the higher expected value is Outcome B.",massA=0.000149 massB=1,before,0,0.0
p2,390,13,neutral,0,72,88,0.64,0.7822,0,True,B,meta-llama/Llama-3.1-8B-Instruct,chat,riskneutral_terse,1,0.00082,0.99998,0,answer,"To determine the preferred option, we need to calculate the expected value of each option.

For Option A, the expected value is the payment amount itself, which is $72.

For Option B, the expected value is calculated as follows:
Expected Value = (Probability of $88) * ($88) + (Probability of $0) * ($0)
Expected Value = (0.64) * ($88) + (0.36) * ($0)
Expected Value = $56.32

Since $72 is greater than $56.32, the preferred option is the one with the higher expected value.",massA=0.999 massB=0.000817,before,0,0.0
p2,1023,34,neutral,0,52,96,0.63,1.1631,1,False,A,meta-llama/Llama-3.1-8B-Instruct,chat,riskneutral_terse,1,0.9992,0.99994,0,answer,"To determine the expected value of each arrangement, we multiply the probability of each outcome by its value and then sum these products.

For Arrangement A:
Expected value = ($96 * 0.63) + ($0 * 0.37)
Expected value = $60.48 + $0
Expected value = $60.48

For Arrangement B:
Expected value = ($52 * 1)
Expected value = $52

Since $60.48 is greater than $52, the arrangement with the higher expected value is Arrangement A.",massA=0.999 massB=0.000804,before,0,0.0
p2,257,8,gain,0,62,263,0.33,1.3998,3,False,A,meta-llama/Llama-3.1-8B-Instruct,chat,riskneutral_terse,1,0.9997,0.99981,0,answer,"To determine the expected value of each outcome, we need to multiply the probability of each gain by the gain itself and then sum these products.

For Outcome A:
- 33% chance to gain $263: 0.33 * $263 = $86.59
- 67% chance to gain nothing: 0.67 * $0 = $0
Expected value of Outcome A: $86.59

For Outcome B:
- Certain gain of $62: 1 * $62 = $62
Expected value of Outcome B: $62

Since $86.59 is greater than $62, the option with the higher expected value is Outcome A.",massA=1 massB=0.000301,before,0,0.0
p2,1072,35,mixed,91,91,133,0.68,0.9938,1,True,B,meta-llama/Llama-3.1-8B-Instruct,chat,riskneutral_terse,1,0.00021,0.9999,0,answer,"To determine the expected value of each arrangement, we need to calculate the weighted average of the possible outcomes.

For Arrangement A, the expected value is simply the upfront payment: $91.

For Arrangement B, the expected value is calculated as follows:

Expected value = (Probability of rising to $133) * (Outcome value) + (Probability of dropping to $0) * (Outcome value)
Expected value = (0.68) * ($133) + (0.32) * ($0)
Expected value = $90.44 + $0
Expected value = $90.44

Now, let's compare the expected values of both arrangements:

Arrangement A: $91
Arrangement B: $90.44

Since Arrangement A has a higher expected value, the answer is",massA=1 massB=0.000207,before,0,0.0
p2,241,8,neutral,0,62,263,0.33,1.3998,0,False,A,meta-llama/Llama-3.1-8B-Instruct,chat,riskneutral_terse,1,0.99958,0.99997,0,answer,"To determine the preferred option, we need to calculate the expected value of each option.

For Option A:
Expected value = (probability of receiving $263) * ($263) + (probability of receiving $0) * ($0)
Expected value = 0.33 * $263 + 0.67 * $0
Expected value = $86.59

For Option B:
Expected value = (probability of receiving $62) * ($62)
Expected value = 1 * $62
Expected value = $62

Since $86.59 is greater than $62, the preferred option is the one with the higher expected value.",massA=1 massB=0.000417,before,0,0.0
p2,288,9,gain,0,49,153,0.26,0.8118,4,True,B,meta-llama/Llama-3.1-8B-Instruct,chat,riskneutral_terse,1,0.00022,0.99996,0,answer,"To determine the expected value of each term, we need to multiply the probability of each outcome by its value and then sum these products.

For Term A, the value is $49 and the probability is 100% (or 1). So, the expected value of Term A is $49.

For Term B, there are two outcomes: a gain of $153 with a 26% chance, and a gain of nothing with a 74% chance. The expected value of Term B is:
(0.26 * $153) + (0.74 * $0)
= $39.78 + $0
= $39.78

Since $49 is greater than $39.78, the option with the higher expected value is Term A.",massA=1 massB=0.000223,before,0,0.0
p2,410,13,mixed,72,72,88,0.64,0.7822,0,True,B,meta-llama/Llama-3.1-8B-Instruct,chat,riskneutral_terse,1,0.0007,0.99988,0,answer,"To determine the preferred option, we need to calculate the expected value of each option.

For Option A, the expected value is simply the amount we have upfront, which is $72.

For Option B, we need to calculate the expected value based on the probabilities and outcomes:

Expected value of Option B = (64% chance to rise to $88) * ($88) + (36% chance to drop to $0) * ($0)
Expected value of Option B = 0.64 * $88 + 0.36 * $0
Expected value of Option B = $56.32 + $0
Expected value of Option B = $56.32

Now, let's compare the expected values of both options:

Option A: $72
Option B: $56.32

Since $72 is greater than $56.32, we should prefer Option A.",massA=0.999 massB=0.000699,before,0,0.0
p2,1053,35,neutral,0,91,133,0.68,0.9938,1,False,A,meta-llama/Llama-3.1-8B-Instruct,chat,riskneutral_terse,1,0.00121,0.99987,0,answer,"To determine which arrangement has a higher expected value, we need to calculate the expected value for each arrangement.

For Arrangement A:
Expected value = (probability of receiving $133) * ($133) + (probability of receiving $0) * ($0)
Expected value = 0.68 * $133 + 0.32 * $0
Expected value = $90.44

For Arrangement B:
Expected value = (probability of receiving $91) * ($91)
Expected value = 1 * $91
Expected value = $91

Since $90.44 is less than $91, Arrangement B has a higher expected value.",massA=0.00121 massB=0.999,before,0,0.0
p2,1025,34,neutral,0,52,96,0.63,1.1631,2,False,A,meta-llama/Llama-3.1-8B-Instruct,chat,riskneutral_terse,1,0.9993,0.99993,0,answer,"To determine the expected value of each alternative, we multiply the probability of each outcome by its value and then sum these products.

For Alternative A:
Expected value = ($96 * 0.63) + ($0 * 0.37)
Expected value = $60.48 + $0
Expected value = $60.48

For Alternative B:
Expected value = ($52 * 1)
Expected value = $52

Since $60.48 is greater than $52, the alternative with the higher expected value is Alternative A.",massA=0.999 massB=0.000699,before,0,0.0
p2,459,15,neutral,0,82,113,0.74,1.0198,4,False,A,meta-llama/Llama-3.1-8B-Instruct,chat,riskneutral_terse,1,0.99973,0.99997,0,answer,"To make a decision, we need to calculate the expected value of each term. The expected value is the sum of the product of each outcome and its probability.

For Term A:
Expected value = ($113 * 0.74) + ($0 * 0.26)
Expected value = $83.62 + $0
Expected value = $83.62

For Term B:
Expected value = ($82 * 1)
Expected value = $82

Since $83.62 is greater than $82, the option with the higher expected value is Term A.",massA=1 massB=0.000274,before,0,0.0
p2,634,21,neutral,0,106,206,0.73,1.4187,2,True,B,meta-llama/Llama-3.1-8B-Instruct,chat,riskneutral_terse,1,0.99985,0.99997,0,answer,"To determine the expected value of each alternative, we need to calculate the weighted sum of the possible outcomes.

For Alternative A, the expected value is simply the certain amount:
Expected Value A = $106

For Alternative B, we need to calculate the weighted sum of the possible outcomes:
Expected Value B = ($206 * 0.73) + ($0 * 0.27)
Expected Value B = $150.18 + $0
Expected Value B = $150.18

Since $150.18 is greater than $106, the alternative with the higher expected value is",massA=0.000149 massB=1,before,0,0.0
p2,328,10,mixed,111,111,278,0.58,1.4526,4,True,B,meta-llama/Llama-3.1-8B-Instruct,chat,riskneutral_terse,1,0.99993,0.99984,0,answer,"To make a decision, we need to calculate the expected value of each term.

For Term A, the expected value is simply the amount we have upfront: $111.

For Term B, we need to calculate the expected value of the gain and the loss, and then take a weighted average based on the probabilities.

Expected value of gain: $167
Probability of gain: 58%
Expected value of loss: -$111
Probability of loss: 42%

Expected value of Term B = (0.58 * $167) + (0.42 * -$111)
Expected value of Term B = $96.66 - $46.58
Expected value of Term B = $50.08

Since the expected value of Term B ($50.08) is higher than the expected value of Term A ($111), we should choose Term B.",massA=6.5e-05 massB=1,before,0,0.0
p2,144,4,mixed,29,29,71,0.55,1.3466,2,True,B,meta-llama/Llama-3.1-8B-Instruct,chat,riskneutral_terse,1,0.99996,0.99991,0,answer,"To determine the expected value of each alternative, we need to calculate the weighted sum of the possible outcomes.

For Alternative A, the expected value is simply the initial amount:
Expected Value A = $29

For Alternative B, we have two possible outcomes with their respective probabilities:
Outcome 1: $71 with 55% probability
Outcome 2: $0 with 45% probability

Expected Value B = ($71 * 0.55) + ($0 * 0.45)
Expected Value B = $38.85 + $0
Expected Value B = $38.85

Since $38.85 is greater than $29, the alternative with the higher expected value is Alternative B.",massA=4.26e-05 massB=1,before,0,0.0
p2,596,19,mixed,64,64,122,0.49,0.9341,3,True,B,meta-llama/Llama-3.1-8B-Instruct,chat,riskneutral_terse,1,0.00037,0.99981,0,answer,"To determine the expected value of each outcome, we need to calculate the weighted average of the possible outcomes.

For Outcome A, the expected value is simply the amount we have: $64.

For Outcome B, we have a 49% chance to gain $58 and a 51% chance to lose $64. 

Expected value of Outcome B = (0.49 * $122) + (0.51 * -$64)
Expected value of Outcome B = $59.58 - $32.64
Expected value of Outcome B = $26.94

Since $64 (Outcome A) is greater than $26.94 (Outcome B), the option with the higher expected value is Outcome A.",massA=0.999 massB=0.000374,before,0,0.0
p2,900,30,neutral,0,149,447,0.26,0.78,0,True,B,meta-llama/Llama-3.1-8B-Instruct,chat,riskneutral_terse,1,0.00083,0.99998,0,answer,"To determine the preferred option, we need to calculate the expected value of each option.

For Option A, the expected value is $149 since it's a certain payment.

For Option B, the expected value is calculated as follows:
Expected Value = (Probability of $447) * ($447) + (Probability of $0) * ($0)
Expected Value = (0.26) * ($447) + (0.74) * ($0)
Expected Value = $116.02

Since $149 is greater than $116.02, the preferred option is the one with the higher expected value.",massA=0.999 massB=0.00083,before,0,0.0
p2,338,11,neutral,0,54,68,0.81,1.02,4,True,B,meta-llama/Llama-3.1-8B-Instruct,chat,riskneutral_terse,1,0.99876,0.99996,0,answer,"To decide between Term A and Term B, we need to calculate the expected value of Term B. 

Expected value (EV) is calculated by multiplying the probability of each outcome by its value and summing the results. 

For Term B:
EV = (Probability of $68) * ($68) + (Probability of $0) * ($0)
EV = 0.81 * $68 + 0.19 * $0
EV = $54.88

Since the expected value of Term B ($54.88) is higher than the certain value of Term A ($54), we should choose Term B.",massA=0.00124 massB=0.999,before,0,0.0
p2,945,31,gain,0,51,151,0.29,0.8586,2,False,A,meta-llama/Llama-3.1-8B-Instruct,chat,riskneutral_terse,1,0.00019,0.99985,0,answer,"To determine the expected value of each alternative, we need to multiply the probability of each outcome by its value and then sum these products.

For Alternative A:
- 29% chance to gain $151: 0.29 * $151 = $43.99
- 71% chance to gain nothing: 0.71 * $0 = $0
Expected value of Alternative A: $43.99

For Alternative B:
- Certain gain of $51: 1 * $51 = $51
Expected value of Alternative B: $51

Since $43.99 is less than $51, the alternative with the higher expected value is Alternative B.",massA=0.000194 massB=1,before,0,0.0
p2,1082,36,neutral,0,98,227,0.47,1.0887,1,True,B,meta-llama/Llama-3.1-8B-Instruct,chat,riskneutral_terse,1,0.99997,0.99999,0,answer,"To determine the expected value of each arrangement, we need to calculate the weighted average of the possible outcomes.

For Arrangement A, the expected value is $98 (since it's certain).

For Arrangement B, the expected value is:
($227 * 0.47) + ($0 * 0.53) = $106.09

Now, let's compare the expected values:
$106.09 (Arrangement B) > $98 (Arrangement A)

Since Arrangement B has a higher expected value, the answer is",massA=3.17e-05 massB=1,before,0,0.0
p2,323,10,mixed,111,111,278,0.58,1.4526,1,False,A,meta-llama/Llama-3.1-8B-Instruct,chat,riskneutral_terse,1,0.98757,0.99973,0,length_or_eos,"To determine the expected value of each arrangement, we need to calculate the weighted sum of the possible outcomes.

For Arrangement A:
- The probability of rising to $278 is 58%, or 0.58.
- The probability of dropping to $0 is 42%, or 0.42.
- The expected value of rising to $278 is $278 * 0.58 = $161.24.
- The expected value of dropping to $0 is $0 * 0.42 = $0.
- The overall expected value of Arrangement A is $161.24 - $111 = $50.24.

For Arrangement B:
- The expected value is $111, since there's no change.

Comparing the expected values, Arrangement A has a higher expected value ($50.24 vs $111).",massA=0.987 massB=0.0124,before,0,0.0
p2,912,30,gain,0,149,447,0.26,0.78,1,True,B,meta-llama/Llama-3.1-8B-Instruct,chat,riskneutral_terse,1,0.00021,0.99995,0,answer,"To determine the expected value of each arrangement, we need to calculate the average gain by multiplying the probability of each outcome by its value and summing them up.

For Arrangement A, the expected value is simply the certain gain:
Expected value of A = $149

For Arrangement B, the expected value is the sum of the products of the probabilities and their respective gains:
Expected value of B = (0.26 * $447) + (0.74 * $0)
Expected value of B = $116.22 + $0
Expected value of B = $116.22

Since $149 (expected value of A) is greater than $116.22 (expected value of B), the option with the higher expected value is Arrangement A.",massA=1 massB=0.00021,before,0,0.0
p2,514,17,neutral,0,117,362,0.42,1.2995,2,True,B,meta-llama/Llama-3.1-8B-Instruct,chat,riskneutral_terse,1,0.99978,0.99995,0,answer,"To determine the expected value of each alternative, we need to multiply the probability of each outcome by its value and then sum these products.

For Alternative A, the value is $117 for certain, so the expected value is $117.

For Alternative B, the value is $362 with 42% probability and $0 with 58% probability. 
Expected value = ($362 * 0.42) + ($0 * 0.58)
Expected value = $151.64 + $0
Expected value = $151.64

Since $117 is less than $151.64, Alternative B has a higher expected value.",massA=0.000217 massB=1,before,0,0.0
p2,949,31,gain,0,51,151,0.29,0.8586,4,False,A,meta-llama/Llama-3.1-8B-Instruct,chat,riskneutral_terse,1,7e-05,0.99993,0,answer,"To determine the expected value of each term, we need to multiply the probability of each outcome by its value and then sum these products.

For Term A:
Expected value = (0.29 * $151) + (0.71 * $0)
Expected value = $43.91 + $0
Expected value = $43.91

For Term B:
Expected value = $51

Since $43.91 is less than $51, Term B has a higher expected value.",massA=6.5e-05 massB=1,before,0,0.0
p2,148,4,mixed,29,29,71,0.55,1.3466,4,True,B,meta-llama/Llama-3.1-8B-Instruct,chat,riskneutral_terse,1,0.99998,0.99993,0,answer,"To make a decision, we need to calculate the expected value of each term.

For Term A, the expected value is simply the amount we have upfront: $29.

For Term B, we need to calculate the expected value by multiplying the probability of each outcome by its value and summing them up:

Expected value of Term B = (0.55 * $71) + (0.45 * -$0)
Expected value of Term B = $39.15 + $0
Expected value of Term B = $39.15

Since $39.15 is greater than $29, we should choose Term B.",massA=1.89e-05 massB=1,before,0,0.0
p2,1074,35,mixed,91,91,133,0.68,0.9938,2,True,B,meta-llama/Llama-3.1-8B-Instruct,chat,riskneutral_terse,1,0.0005,0.99988,0,answer,"To determine the expected value of each alternative, we need to calculate the weighted sum of the possible outcomes.

For Alternative A, the expected value is simply the initial amount:
Expected Value A = $91

For Alternative B, we have two possible outcomes with their respective probabilities:
Outcome 1: $133 with 68% probability
Outcome 2: $0 with 32% probability

Expected Value B = ($133 * 0.68) + ($0 * 0.32)
Expected Value B = $90.04

Since $90.04 is less than $91, the expected value of Alternative B is lower than Alternative A.",massA=0.999 massB=0.000503,before,0,0.0
p2,206,6,mixed,94,94,101,0.71,0.7629,3,True,B,meta-llama/Llama-3.1-8B-Instruct,chat,riskneutral_terse,1,0.00054,0.99984,0,answer,"To determine the expected value of each outcome, we need to calculate the weighted average of the possible outcomes.

For Outcome A, the expected value is simply the amount we have: $94.

For Outcome B, we have a 71% chance to rise to $101 and a 29% chance to drop to $0. 

Expected value of Outcome B = (0.71 * $101) + (0.29 * $0)
Expected value of Outcome B = $71.1 + $0
Expected value of Outcome B = $71.1

Since $94 is greater than $71.1, the option with the higher expected value is Outcome A.",massA=0.999 massB=0.000544,before,0,0.0
p2,1169,38,mixed,183,183,609,0.38,1.2646,4,False,A,meta-llama/Llama-3.1-8B-Instruct,chat,riskneutral_terse,1,0.99277,0.99877,0,length_or_eos,"To make a decision, we need to calculate the expected value of each term.

For Term A:
Expected value = (probability of gain * amount gained) + (probability of loss * amount lost)
Expected value = (0.38 * $426) + (0.62 * -$183)
Expected value = $162.48 - $113.66
Expected value = $48.82

For Term B:
Expected value = $183 (since there's no change)

Comparing the expected values, Term A has a higher expected value of $48.82 compared to Term B's $183. However, we must consider the risk involved in Term A. Although it has a higher expected value, there's a significant risk of losing $183.

To make a decision, we need to weigh the potential gain against the risk of loss. In this case, the expected value of Term A ($48.82) is lower than the amount we could keep with Term B ($183). However, Term A offers a chance to gain $426, which is a significant amount.

Considering the potential gain and the risk involved, Term A seems like a better option, but we must also consider the risk of losing $183.

Expected value is a useful tool, but it doesn't account for risk aversion. In this case, Term A has a higher expected value, but it's also riskier.

To make a final decision, let's consider the following:

- If we take Term A and gain $426, we'll have a total of $609.
- If we take Term",massA=0.992 massB=0.00722,before,0,0.0
p2,605,20,neutral,0,186,266,0.63,0.901,2,False,A,meta-llama/Llama-3.1-8B-Instruct,chat,riskneutral_terse,1,0.00032,0.99986,0,answer,"To determine the expected value of each alternative, we multiply the probability of each outcome by its value and then sum these products.

For Alternative A:
Expected value = ($266 * 0.63) + ($0 * 0.37)
Expected value = $167.18 + $0
Expected value = $167.18

For Alternative B:
Expected value = ($186 * 1)
Expected value = $186

Since $167.18 is less than $186, the alternative with the higher expected value is Alternative B.",massA=0.000315 massB=1,before,0,0.0
p2,489,16,neutral,0,139,234,0.6,1.0101,4,False,A,meta-llama/Llama-3.1-8B-Instruct,chat,riskneutral_terse,1,0.99971,0.99997,0,answer,"To make a decision, we need to calculate the expected value of each term. The expected value is the sum of the product of each outcome and its probability.

For Term A:
Expected value = ($234 * 0.6) + ($0 * 0.4)
Expected value = $140.4 + $0
Expected value = $140.4

For Term B:
Expected value = ($139 * 1)
Expected value = $139

Since $140.4 is greater than $139, the option with the higher expected value is Term A.",massA=1 massB=0.000291,before,0,0.0
p2,252,8,gain,0,62,263,0.33,1.3998,1,True,B,meta-llama/Llama-3.1-8B-Instruct,chat,riskneutral_terse,1,0.99993,0.99993,0,answer,"To determine the expected value of each arrangement, we need to calculate the average gain by multiplying the probability of each outcome by its value and summing them up.

For Arrangement A, the expected value is simply the certain gain:
Expected value of A = $62

For Arrangement B, the expected value is the sum of the products of the probabilities and their respective gains:
Expected value of B = (0.33 * $263) + (0.67 * $0)
Expected value of B = $86.89 + $0
Expected value of B = $86.89

Since $62 (expected value of A) is less than $86.89 (expected value of B), the arrangement with the higher expected value is Arrangement B.",massA=6.6e-05 massB=1,before,0,0.0
p2,400,13,gain,0,72,88,0.64,0.7822,0,True,B,meta-llama/Llama-3.1-8B-Instruct,chat,riskneutral_terse,1,0.00029,0.99981,0,answer,"To determine the expected value of each option, we need to calculate the average payment for each option.

For Option A, the payment is certain, so the expected value is simply $72.

For Option B, we need to calculate the weighted average of the two possible payments. The 64% chance to gain $88 has a weight of 0.64, and the 36% chance to gain nothing has a weight of 0.36. 

Expected value of Option B = (0.64 * $88) + (0.36 * $0)
Expected value of Option B = $56.32 + $0
Expected value of Option B = $56.32

Since $72 is greater than $56.32, the option with the higher expected value is Option A.",massA=1 massB=0.000287,before,0,0.0
p2,417,13,mixed,72,72,88,0.64,0.7822,3,False,A,meta-llama/Llama-3.1-8B-Instruct,chat,riskneutral_terse,1,0.00033,0.99954,0,answer,"To determine the expected value of each outcome, we need to calculate the weighted sum of the possible outcomes.

For Outcome A:
- 64% chance to rise to $88: 0.64 * $88 = $56.32
- 36% chance to drop to $0: 0.36 * $0 = $0
Expected value of Outcome A: $56.32 + $0 = $56.32

For Outcome B:
- 100% chance to keep $72: 1 * $72 = $72

Now, let's compare the expected values:
Outcome A: $56.32
Outcome B: $72

Since $72 is greater than $56.32, the option with the higher expected value is Outcome B.",massA=0.000325 massB=0.999,before,0,0.0
p2,1064,35,gain,0,91,133,0.68,0.9938,2,True,B,meta-llama/Llama-3.1-8B-Instruct,chat,riskneutral_terse,1,0.00025,0.99996,0,answer,"To determine the expected value of each alternative, we need to calculate the weighted sum of the possible outcomes.

For Alternative A, the expected value is simply the certain gain:
Expected Value A = $91

For Alternative B, we need to calculate the weighted sum of the possible outcomes:
Expected Value B = ($133 * 0.68) + ($0 * 0.32)
Expected Value B = $90.44 + $0
Expected Value B = $90.44

Since $91 is greater than $90.44, we would rather have Alternative A.",massA=1 massB=0.000249,before,0,0.0
p2,247,8,neutral,0,62,263,0.33,1.3998,3,False,A,meta-llama/Llama-3.1-8B-Instruct,chat,riskneutral_terse,1,0.9993,0.9999,0,answer,"To determine the expected value of each outcome, we multiply the value of each outcome by its probability and then sum the results.

For Outcome A:
Expected value = ($263 * 0.33) + ($0 * 0.67)
Expected value = $86.59 + $0
Expected value = $86.59

For Outcome B:
Expected value = ($62 * 1)
Expected value = $62

Since $86.59 is greater than $62, the option with the higher expected value is Outcome A.",massA=0.999 massB=0.000699,before,0,0.0
p2,1094,36,gain,0,98,227,0.47,1.0887,2,True,B,meta-llama/Llama-3.1-8B-Instruct,chat,riskneutral_terse,1,0.99995,0.99997,0,answer,"To determine the expected value of each alternative, we need to calculate the weighted sum of the possible outcomes.

For Alternative A, the expected value is simply the certain gain:
Expected Value A = $98

For Alternative B, we need to calculate the weighted sum of the possible outcomes:
Expected Value B = (0.47 * $227) + (0.53 * $0)
Expected Value B = $106.49 + $0
Expected Value B = $106.49

Since $106.49 is greater than $98, we would rather have Alternative B.",massA=5.14e-05 massB=1,before,0,0.0
p2,353,11,mixed,54,54,68,0.81,1.02,1,False,A,meta-llama/Llama-3.1-8B-Instruct,chat,riskneutral_terse,1,0.99897,0.99981,0,answer,"To determine the expected value of each arrangement, we need to calculate the weighted sum of the possible outcomes.

For Arrangement A:
- The probability of rising to $68 is 81%, or 0.81.
- The probability of dropping to $0 is 19%, or 0.19.
- The expected value of rising to $68 is $68 * 0.81 = $54.78.
- The expected value of dropping to $0 is $0 * 0.19 = $0.
- The overall expected value of Arrangement A is $54.78 - $54 = $0.78.

For Arrangement B:
- The expected value is $54, since there's no change.

Since $0.78 is greater than $54, the arrangement with the higher expected value is Arrangement A.",massA=0.999 massB=0.00103,before,0,0.0
p2,1221,10,dominant,0,111,138,1.0,1.2432,4,False,A,meta-llama/Llama-3.1-8B-Instruct,chat,riskneutral_terse,1,0.99922,0.99993,0,answer,"To make a decision, we need to compare the expected values of both terms. Since both terms are certain, their expected values are equal to the amount received.

Term A: $138
Term B: $111

Since $138 is greater than $111, the option with the higher expected value is Term A.",massA=0.999 massB=0.000779,before,0,0.0
p2,349,11,gain,0,54,68,0.81,1.02,4,False,A,meta-llama/Llama-3.1-8B-Instruct,chat,riskneutral_terse,1,0.99914,0.99995,0,answer,"To determine the expected value of each term, we need to multiply the probability of each outcome by its value and then sum these products.

For Term A:
Expected value = (81% * $68) + (19% * $0)
Expected value = (0.81 * $68) + (0.19 * $0)
Expected value = $54.88 + $0
Expected value = $54.88

For Term B:
Expected value = $54 (since it's a certain gain)

Since $54.88 is greater than $54, the term with the higher expected value is Term A.",massA=0.999 massB=0.000856,before,0,0.0
p2,474,15,mixed,82,82,113,0.74,1.0198,2,True,B,meta-llama/Llama-3.1-8B-Instruct,chat,riskneutral_terse,1,0.99996,0.99991,0,answer,"To determine the expected value of each alternative, we need to calculate the weighted sum of the possible outcomes.

For Alternative A, the expected value is simply the initial amount:
Expected Value A = $82

For Alternative B, we have two possible outcomes with their respective probabilities:
Outcome 1: $113 with 74% probability
Outcome 2: $0 with 26% probability

Expected Value B = ($113 * 0.74) + ($0 * 0.26)
Expected Value B = $83.62 - $0
Expected Value B = $83.62

Since $83.62 is greater than $82, the expected value of Alternative B is higher.",massA=3.54e-05 massB=1,before,0,0.0
p2,499,16,gain,0,139,234,0.6,1.0101,4,False,A,meta-llama/Llama-3.1-8B-Instruct,chat,riskneutral_terse,1,0.99951,0.99996,0,answer,"To determine the expected value of each term, we need to multiply the probability of each outcome by its value and then sum these products.

For Term A:
Expected value = (0.6 * $234) + (0.4 * $0)
Expected value = $140.4 + $0
Expected value = $140.4

For Term B:
Expected value = $139

Since $140.4 is greater than $139, the option with the higher expected value is Term A.",massA=0.999 massB=0.000488,before,0,0.0
p2,333,11,neutral,0,54,68,0.81,1.02,1,False,A,meta-llama/Llama-3.1-8B-Instruct,chat,riskneutral_terse,1,0.99923,0.99994,0,answer,"To determine the expected value of each arrangement, we multiply the probability of each outcome by its value and then sum these products.

For Arrangement A:
Expected value = ($68 * 0.81) + ($0 * 0.19)
Expected value = $54.78 + $0
Expected value = $54.78

For Arrangement B:
Expected value = ($54 * 1)
Expected value = $54

Since $54.78 is greater than $54, the arrangement with the higher expected value is Arrangement A.",massA=0.999 massB=0.000767,before,0,0.0
p2,392,13,neutral,0,72,88,0.64,0.7822,1,True,B,meta-llama/Llama-3.1-8B-Instruct,chat,riskneutral_terse,1,0.00034,0.99996,0,answer,"To determine the expected value of each arrangement, we need to calculate the weighted average of the possible outcomes.

For Arrangement A, the expected value is the certain amount: $72.

For Arrangement B, the expected value is the sum of the products of each outcome and its probability:
($88 * 0.64) + ($0 * 0.36) = $56.32 + $0 = $56.32

Since $72 is greater than $56.32, the arrangement with the higher expected value is Arrangement A.",massA=1 massB=0.000335,before,0,0.0
p2,265,8,mixed,62,62,263,0.33,1.3998,2,False,A,meta-llama/Llama-3.1-8B-Instruct,chat,riskneutral_terse,1,0.99957,0.99988,0,answer,"To determine the expected value of each alternative, we need to calculate the weighted sum of the possible outcomes.

For Alternative A:
- 33% chance to rise to $263: 0.33 * $263 = $86.59
- 67% chance to drop to $0: 0.67 * $0 = $0
Expected value of Alternative A: $86.59 - $62 = $24.59

For Alternative B:
- 100% chance to keep $62: 1 * $62 = $62
Expected value of Alternative B: $62

Since $24.59 is greater than $62, the alternative with the higher expected value is Alternative A.",massA=0.999 massB=0.000431,before,0,0.0
p2,932,31,neutral,0,51,151,0.29,0.8586,1,True,B,meta-llama/Llama-3.1-8B-Instruct,chat,riskneutral_terse,1,0.00044,0.99993,0,answer,"To determine the expected value of each arrangement, we need to calculate the weighted sum of the possible outcomes.

For Arrangement A, the outcome is certain, so the expected value is simply $51.

For Arrangement B, the expected value is calculated as follows:
Expected Value = (Probability of $151) * ($151) + (Probability of $0) * ($0)
Expected Value = (0.29) * ($151) + (0.71) * ($0)
Expected Value = $43.89

Now, let's compare the expected values of the two arrangements:
Arrangement A: $51
Arrangement B: $43.89

Since $51 is greater than $43.89, the option with the higher expected value is Arrangement A.",massA=0.999 massB=0.000444,before,0,0.0
p2,209,6,mixed,94,94,101,0.71,0.7629,4,False,A,meta-llama/Llama-3.1-8B-Instruct,chat,riskneutral_terse,1,0.04672,0.99868,0,length_or_eos,"To make a decision, we need to calculate the expected value of each term. 

For Term A, the expected value is calculated as follows:
Expected value = (probability of rising to $101) * (amount if rising) + (probability of dropping to $0) * (amount if dropping)
Expected value = (0.71) * ($101) + (0.29) * ($0)
Expected value = $71.21 + $0
Expected value = $71.21

For Term B, the expected value is:
Expected value = (probability of no change) * (amount if no change)
Expected value = (1) * ($94)
Expected value = $94

Since $71.21 is less than $94, the expected value of Term A is lower than Term B. However, we need to consider the potential for a higher gain in Term A.

To make a decision, we need to compare the expected values and consider the potential for a higher gain in Term A. In this case, Term A has a higher potential gain ($101) but also a higher potential loss ($94). 

However, the expected value of Term A ($71.21) is lower than Term B ($94). But we need to consider the potential for a higher gain in Term A. 

The expected value of Term A is lower, but the potential gain is higher. We need to weigh the potential gain against the potential loss.

In this case, the potential gain of Term A ($7) is lower than the potential loss ($94), but the expected",massA=0.0467 massB=0.952,before,0,0.0
