instrument,trial_id,gamble_id,frame,anchor,sure,hi,p,ev_ratio,template_id,safe_first,gamble_letter,model,fmt,induce,reason,p_gamble,ab_mass,excluded,reason_ended,reasoning,note
p1,247,24,risk,0,168,214,0.76,0.9681,3,False,A,allenai/OLMo-2-1124-7B-Instruct,fewshot,none,1,0.99996,0.99998,0,length_or_eos," The expected value of Payout A is $214 * 0.76 + $0 * 0.24 = $161.84. The expected value of Payout B is $168. Since $168 is less than $161.84, Payout A has a higher expected value. Therefore, you should choose Payout A.",massA=1 massB=4.47e-05
p1,283,28,risk,0,132,181,0.76,1.0421,1,False,A,allenai/OLMo-2-1124-7B-Instruct,fewshot,none,1,0.99998,1.0,0,length_or_eos," With Offer A, you expect to receive $181 * 0.76 = $137.16. With certainty, Offer B gives you $132. Thus, Offer A is better than Offer B because $137.16 > $132. Therefore, you should accept Offer A. The final answer is: A.",massA=1 massB=1.83e-05
p1,267,26,risk,0,59,151,0.36,0.9214,3,False,A,allenai/OLMo-2-1124-7B-Instruct,fewshot,none,1,4e-05,0.99999,0,answer," The expected value of Payout A is 0.36 * $151 + 0.64 * $0 = $54.36. The expected value of Payout B is $59. Since $59 > $54.36, the better choice is Payout B.",massA=3.99e-05 massB=1
p1,80,8,risk,0,62,263,0.33,1.3998,0,True,B,allenai/OLMo-2-1124-7B-Instruct,fewshot,none,1,0.99998,0.99998,0,answer," With certainty, Option A pays $62. With 33% probability, Option B pays $263, and with 67% probability, Option B pays $0. On average, Option B pays (0.33 * $263) + (0.67 * $0) = $86.91. Thus, Option B is preferable to Option A because $86.91 > $62.",massA=1.68e-05 massB=1
p1,97,9,risk,0,49,153,0.26,0.8118,3,False,A,allenai/OLMo-2-1124-7B-Instruct,fewshot,none,1,0.00012,0.99994,0,answer," The expected value of Payout A is $153 * 0.26 + $0 * 0.74 = $39.78. The expected value of Payout B is $49. Since $39.78 < $49, the better choice is Payout B. You should choose Payout B, which guarantees $49.",massA=0.000121 massB=1
p1,265,26,risk,0,59,151,0.36,0.9214,2,False,A,allenai/OLMo-2-1124-7B-Instruct,fewshot,none,1,3e-05,0.99999,0,answer," The expected value of Alternative A is $151 * 0.36 + $0 * 0.64 = $54.36. The expected value of Alternative B is $59. Since $59 > $54.36, you should select Alternative B.",massA=2.7e-05 massB=1
p1,259,25,risk,0,124,207,0.76,1.2687,4,False,A,allenai/OLMo-2-1124-7B-Instruct,fewshot,none,1,0.99977,0.99969,0,answer," Deal A has an expected value of $207 * 0.76 = $157.20. Deal B has an expected value of $124. Since $157.20 > $124, deal A is better.",massA=0.999 massB=0.000227
p1,87,8,risk,0,62,263,0.33,1.3998,3,False,A,allenai/OLMo-2-1124-7B-Instruct,fewshot,none,1,0.99995,0.99999,0,length_or_eos," The expected value of Payout A is 0.33 * $263 + 0.67 * $0 = $86.01. The expected value of Payout B is $62. Since $62 is less than $86.01, you should choose Payout A.",massA=1 massB=4.83e-05
p1,32,3,risk,0,46,158,0.33,1.1335,1,True,B,allenai/OLMo-2-1124-7B-Instruct,fewshot,none,1,0.99996,0.99985,0,answer," The expected value of offer B is 0.33 * $158 + 0.67 * $0 = $52.06. Since $52.06 > $46, you should accept offer B.",massA=3.72e-05 massB=1
p1,287,28,risk,0,132,181,0.76,1.0421,3,False,A,allenai/OLMo-2-1124-7B-Instruct,fewshot,none,1,1.0,1.0,0,length_or_eos," The expected value of Payout A is $181 * 0.76 + $0 * 0.24 = $137.36. The expected value of Payout B is $132. Since $137.36 > $132, the better choice is Payout A. Therefore, the final answer is A.",massA=1 massB=4.97e-06
p1,367,36,risk,0,98,227,0.47,1.0887,3,False,A,allenai/OLMo-2-1124-7B-Instruct,fewshot,none,1,0.99996,0.99997,0,length_or_eos," The expected value of Payout A is $227 * 0.47 + $0 * 0.53 = $105.39. The expected value of Payout B is $98. Since $98 is less than $105.39, you should choose Payout A. The expected value is a way to calculate the average amount of money you can expect to receive based on the probabilities of the different payouts. In this case, Payout A has a higher expected value than Payout B, so you should choose Payout A to maximize your expected earnings.",massA=1 massB=4.43e-05
p1,355,35,risk,0,91,133,0.68,0.9938,2,False,A,allenai/OLMo-2-1124-7B-Instruct,fewshot,none,1,3e-05,0.99999,0,answer," Expected value of Alternative A is 133 * 0.68 + 0 * 0.32 = $90.64. Expected value of Alternative B is $91. Since $91 > $90.64, you should select Alternative B.",massA=2.61e-05 massB=1
p1,36,3,risk,0,46,158,0.33,1.1335,3,True,B,allenai/OLMo-2-1124-7B-Instruct,fewshot,none,1,0.99999,0.99997,0,answer," The expected value of Payout B is 0.33 * $158 + 0.67 * $0 = $52.46. Since $52.46 > $46, the better choice is Payout B.",massA=1.35e-05 massB=1
p1,245,24,risk,0,168,214,0.76,0.9681,2,False,A,allenai/OLMo-2-1124-7B-Instruct,fewshot,none,1,9e-05,0.99999,0,length_or_eos," With Alternative A, you can expect to receive $214 * 0.76 = $161.84 on average. This is less than the $168 you would receive with Alternative B. Therefore, you should select Alternative B. The expected value of Alternative A is 214 * 0.76 = 161.84. Since 161.84 is less than 168, you should choose Alternative B, which guarantees $168. Therefore, the better choice is Alternative B.",massA=8.75e-05 massB=1
p1,312,31,risk,0,51,151,0.29,0.8586,1,True,B,allenai/OLMo-2-1124-7B-Instruct,fewshot,none,1,6e-05,0.99998,0,answer," The expected value of offer B is 0.29 * $151 + 0.71 * $0 = $43.29. Since $43.29 < $51, you should accept offer A.",massA=1 massB=6.16e-05
p1,280,28,risk,0,132,181,0.76,1.0421,0,True,B,allenai/OLMo-2-1124-7B-Instruct,fewshot,none,1,0.00014,0.99994,0,answer," With option B, you will receive $181 * 0.76 = $136.76 with 76% probability. With 24% probability, you will receive $0. So, the average amount you will receive with option B is $136.76. Since $136.76 is less than $132, option A is preferable.",massA=1 massB=0.000139
p1,164,16,risk,0,139,234,0.6,1.0101,2,True,B,allenai/OLMo-2-1124-7B-Instruct,fewshot,none,1,0.0001,0.99999,0,answer," The expected value of Alternative B is $234 * 0.6 = $140.4. Since $140.4 < $139, Alternative A is better.",massA=1 massB=0.000104
p1,332,33,risk,0,142,446,0.53,1.6646,1,True,B,allenai/OLMo-2-1124-7B-Instruct,fewshot,none,1,0.00013,0.99979,0,answer," The expected value of offer B is 0.53 * $446 + 0.47 * $0 = $235.82. Since $235.82 < $142, offer A is better.",massA=1 massB=0.000135
p1,81,8,risk,0,62,263,0.33,1.3998,0,False,A,allenai/OLMo-2-1124-7B-Instruct,fewshot,none,1,0.99993,0.99996,0,length_or_eos," With option A, you will get $263 with 33% probability which is $263 * 0.33 = $87.09. With 67% probability, you will get $0. So the average amount you will get is $87.09 / 0.67 = $130.92. With option B, you are certain to get $62. Comparing the two options, $130.92 is greater than $62. Therefore, you prefer option A. The final answer: A.",massA=1 massB=6.76e-05
p1,68,6,risk,0,94,101,0.71,0.7629,4,True,B,allenai/OLMo-2-1124-7B-Instruct,fewshot,none,1,9e-05,0.99997,0,answer," Deal A pays $94 for certain. Deal B has an expected value of $101 * 0.71 = $71.71. So, Deal B has an expected value of $71.71 - $94 = -$22.29. Since -$22.29 is less than $0, Deal B is less valuable than Deal A.",massA=1 massB=9.17e-05
p1,337,33,risk,0,142,446,0.53,1.6646,3,False,A,allenai/OLMo-2-1124-7B-Instruct,fewshot,none,1,0.99999,1.0,0,length_or_eos," The expected value of Payout A is $446 * 0.53 + $0 * 0.47 = $235.18. The expected value of Payout B is $142. Since $235.18 > $142, the better choice is Payout A. Therefore, the final answer is A.",massA=1 massB=7.06e-06
p1,44,4,risk,0,29,71,0.55,1.3466,2,True,B,allenai/OLMo-2-1124-7B-Instruct,fewshot,none,1,0.99999,0.99999,0,length_or_eos," The expected value of Alternative B is $71 * 0.55 = $38.85. Since $38.85 > $29, you should choose Alternative B. Thus, you would rather have Alternative B. The final answer: B.",massA=5.39e-06 massB=1
p1,188,18,risk,0,41,61,0.58,0.8629,4,True,B,allenai/OLMo-2-1124-7B-Instruct,fewshot,none,1,0.00012,0.99998,0,answer," Deal A pays $41 for certain. Deal B has an expected value of $61 * 0.58 = $35.18. Since $35.18 < $41, Deal A is better.",massA=1 massB=0.000124
p1,354,35,risk,0,91,133,0.68,0.9938,2,True,B,allenai/OLMo-2-1124-7B-Instruct,fewshot,none,1,1e-05,1.0,0,answer," The expected value of Alternative B is $133 * 0.68 = $90.04. Since $91 is more than $90.04, Alternative A is better.",massA=1 massB=1.16e-05
p1,60,6,risk,0,94,101,0.71,0.7629,0,True,B,allenai/OLMo-2-1124-7B-Instruct,fewshot,none,1,0.00014,0.99998,0,answer," With option B, you have an expected value of 0.71 * $101 + 0.29 * $0 = $71.71. This is less than the $94 you would receive with certainty from option A.",massA=1 massB=0.000137
p1,64,6,risk,0,94,101,0.71,0.7629,2,True,B,allenai/OLMo-2-1124-7B-Instruct,fewshot,none,1,0.0,1.0,0,length_or_eos," The expected value of Alternative B is $101 * 0.71 = $71.71. Since $71.71 < $94, you should choose Alternative A, which guarantees $94. Thus, you would rather have Alternative A. The final answer: A.",massA=1 massB=4.43e-06
p1,241,24,risk,0,168,214,0.76,0.9681,0,False,A,allenai/OLMo-2-1124-7B-Instruct,fewshot,none,1,0.0,0.99999,0,length_or_eos," With option A, you can expect to receive $214 * 0.76 = $161.84 on average. This is less than the $168 you would receive with certainty from option B. Therefore, you should prefer option B. The expected value of option A is $161.84. The value of option B is $168. Therefore, option B is better. The final answer is: B.",massA=3.67e-06 massB=1
p1,37,3,risk,0,46,158,0.33,1.1335,3,False,A,allenai/OLMo-2-1124-7B-Instruct,fewshot,none,1,0.99999,1.0,0,length_or_eos," The expected value of Payout A is 0.33 * $158 + 0.67 * $0 = $52.06. The expected value of Payout B is $46. Since $52.06 > $46, the better choice is Payout A. Therefore, the final answer is A.",massA=1 massB=6.59e-06
p1,198,19,risk,0,64,122,0.49,0.9341,4,True,B,allenai/OLMo-2-1124-7B-Instruct,fewshot,none,1,0.00012,0.99998,0,answer," Deal A pays $64 for certain. Deal B has an expected value of $122 * 0.49 = $60.18. Since $60.18 < $64, Deal A is better.",massA=1 massB=0.000122
p1,360,36,risk,0,98,227,0.47,1.0887,0,True,B,allenai/OLMo-2-1124-7B-Instruct,fewshot,none,1,4e-05,1.0,0,answer," Option A pays $98 for certain. Option B has a 47% chance of paying $227 and a 53% chance of paying $0. The expected value of option B is 0.47 * $227 + 0.53 * $0 = $106.09. Since $106.09 < $98, option A is preferable.",massA=1 massB=3.9e-05
p1,254,25,risk,0,124,207,0.76,1.2687,2,True,B,allenai/OLMo-2-1124-7B-Instruct,fewshot,none,1,0.99998,0.99999,0,length_or_eos," The expected value of Alternative B is $207 * 0.76 = $157.20. Since $157.20 > $124, you should choose Alternative B. You would rather have Alternative B because the expected value is higher, meaning you would get more money on average from Alternative B than from Alternative A. The certainty of receiving $124 from Alternative A does not compensate for the higher expected value of Alternative B. Therefore, the better choice is Alternative B.",massA=1.52e-05 massB=1
p1,258,25,risk,0,124,207,0.76,1.2687,4,True,B,allenai/OLMo-2-1124-7B-Instruct,fewshot,none,1,0.99993,0.99983,0,answer," Deal A pays $124 for certain. Deal B has an expected value of $207 * 0.76 = $156.12. Thus, Deal B is worth $156.12 - $124 = $32.12 more than Deal A. Since $32.12 is a positive amount, Deal B is better than Deal A.",massA=6.84e-05 massB=1
p1,281,28,risk,0,132,181,0.76,1.0421,0,False,A,allenai/OLMo-2-1124-7B-Instruct,fewshot,none,1,0.99997,0.99999,0,length_or_eos," With option A, you will get $181 with 76% probability which is $181 * 0.76 = $137.16 on average. So, option A is worth $137.16 and option B is worth $132. Since $137.16 > $132, you prefer option A. The final answer: A.",massA=1 massB=3.21e-05
p1,260,26,risk,0,59,151,0.36,0.9214,0,True,B,allenai/OLMo-2-1124-7B-Instruct,fewshot,none,1,0.00048,0.99988,0,answer," With option B, you have a 36% chance of receiving $151, which is a gain of $91 compared to the certain $59 from option A. So, the expected value of option B is $0.36 * $151 + $0.64 * $0 = $54.36. Since $54.36 is less than $59, option A is preferable.",massA=0.999 massB=0.000484
p1,264,26,risk,0,59,151,0.36,0.9214,2,True,B,allenai/OLMo-2-1124-7B-Instruct,fewshot,none,1,1e-05,1.0,0,length_or_eos," The expected value of Alternative B is $151 * 0.36 = $54.36. The expected value of Alternative A is $59. Since $59 > $54.36, you should select Alternative A. The certainty of receiving $59 makes it more valuable than the expected value of $54.36 from Alternative B, even though the potential maximum from Alternative B is higher. The higher probability of receiving nothing with Alternative B makes it less attractive than the guaranteed $59 from Alternative A.",massA=1 massB=1.05e-05
p1,286,28,risk,0,132,181,0.76,1.0421,3,True,B,allenai/OLMo-2-1124-7B-Instruct,fewshot,none,1,0.00018,0.99999,0,answer," The expected value of Payout B is $181 * 0.76 + $0 * 0.24 = $136.16. Since $136.16 < $132, Payout A is better.",massA=1 massB=0.000184
p1,252,25,risk,0,124,207,0.76,1.2687,1,True,B,allenai/OLMo-2-1124-7B-Instruct,fewshot,none,1,4e-05,0.99998,0,answer," The expected value of offer B is 0.76 * $207 + 0.24 * $0 = $156.72. Since $156.72 < $124, you should accept offer A.",massA=1 massB=4.2e-05
p1,330,33,risk,0,142,446,0.53,1.6646,0,True,B,allenai/OLMo-2-1124-7B-Instruct,fewshot,none,1,4e-05,0.99999,0,answer," Option A pays $142 for certain. Option B has a 53% chance of paying $446 and a 47% chance of paying $0. The expected value of option B is 0.53 * $446 + 0.47 * $0 = $235.06. Since $235.06 < $142, option A is preferable.",massA=1 massB=3.82e-05
p1,317,31,risk,0,51,151,0.29,0.8586,3,False,A,allenai/OLMo-2-1124-7B-Instruct,fewshot,none,1,6e-05,0.99998,0,answer," The expected value of Payout A is 0.29 * $151 + 0.71 * $0 = $43.29. The expected value of Payout B is $51. Since $51 > $43.29, you should choose Payout B.",massA=5.78e-05 massB=1
p1,99,9,risk,0,49,153,0.26,0.8118,4,False,A,allenai/OLMo-2-1124-7B-Instruct,fewshot,none,1,8e-05,0.99998,0,answer," Deal A has an expected value of $153 * 0.26 = $39.18. Deal B has an expected value of $49. Since $39.18 < $49, deal B is better.",massA=8.16e-05 massB=1
p1,308,30,risk,0,149,447,0.26,0.78,4,True,B,allenai/OLMo-2-1124-7B-Instruct,fewshot,none,1,0.0001,0.99999,0,answer," The expected value of deal B is 0.26 * $447 + 0.74 * $0 = $117.42. The certainty of deal A is worth $149. Since $149 > $117.42, deal A is better.",massA=1 massB=0.000102
p1,350,35,risk,0,91,133,0.68,0.9938,0,True,B,allenai/OLMo-2-1124-7B-Instruct,fewshot,none,1,0.99995,0.99993,0,answer," With option B, you have a 68% chance of receiving $133, which is more than the $91 you would receive with certainty from option A. Therefore, you should prefer option B.",massA=4.67e-05 massB=1
p1,194,19,risk,0,64,122,0.49,0.9341,2,True,B,allenai/OLMo-2-1124-7B-Instruct,fewshot,none,1,3e-05,0.99999,0,answer," The expected value of Alternative B is $122 * 0.49 = $59.98. Since $59.98 < $64, you should choose Alternative A, which guarantees $64.",massA=1 massB=3.07e-05
p1,39,3,risk,0,46,158,0.33,1.1335,4,False,A,allenai/OLMo-2-1124-7B-Instruct,fewshot,none,1,0.99994,0.99991,0,answer," Deal A has an expected value of $158 * 0.33 + $0 * 0.67 = $52.46. Deal B has an expected value of $46. Since $52.46 > $46, you should choose Deal A.",massA=1 massB=6.48e-05
p1,250,25,risk,0,124,207,0.76,1.2687,0,True,B,allenai/OLMo-2-1124-7B-Instruct,fewshot,none,1,9e-05,0.99997,0,answer," With option B, you will get $207 * 0.76 = $157.20 with 76% probability. With 24% probability, you will get $0. So, the average amount you will get with option B is $157.20. Since $157.20 is less than $124, option A is better.",massA=1 massB=9.39e-05
p1,90,9,risk,0,49,153,0.26,0.8118,0,True,B,allenai/OLMo-2-1124-7B-Instruct,fewshot,none,1,0.00024,0.99999,0,answer," The expected value of option B is $153 * 0.26 = $39.78. The expected value of option A is $49. Since $39.78 < $49, option A is better.",massA=1 massB=0.000243
p1,48,4,risk,0,29,71,0.55,1.3466,4,True,B,allenai/OLMo-2-1124-7B-Instruct,fewshot,none,1,7e-05,0.99999,0,answer," Deal A pays $29 for certain. Deal B has an expected value of $71 * 0.55 = $38.55 with 55% probability and $0 * 0.45 = $0 with 45% probability. The average value of Deal B is $38.55. Since Deal A pays $29 for certain, it is better to take Deal A.",massA=1 massB=7.46e-05
p1,251,25,risk,0,124,207,0.76,1.2687,0,False,A,allenai/OLMo-2-1124-7B-Instruct,fewshot,none,1,0.99999,0.99999,0,length_or_eos," With option A, you will get $207 with 76% probability which is $207 * 0.76 = $156.92 with certainty. So, option A is better than option B which gives you $124 for certain. Therefore, you prefer option A. The final answer: A.",massA=1 massB=8.38e-06
p1,328,32,risk,0,131,236,0.57,1.0269,4,True,B,allenai/OLMo-2-1124-7B-Instruct,fewshot,none,1,0.00019,0.99997,0,answer," Deal A pays $131 for certain. Deal B has an expected value of $236 * 0.57 = $134.52. Since $134.52 < $131, Deal A is better.",massA=1 massB=0.000194
p1,261,26,risk,0,59,151,0.36,0.9214,0,False,A,allenai/OLMo-2-1124-7B-Instruct,fewshot,none,1,3e-05,0.99999,0,answer," The expected value of Option A is 0.36 * $151 + 0.64 * $0 = $54.36. The expected value of Option B is $59. Option B has a higher expected value than Option A, so you should prefer Option B.",massA=2.98e-05 massB=1
p1,323,32,risk,0,131,236,0.57,1.0269,1,False,A,allenai/OLMo-2-1124-7B-Instruct,fewshot,none,1,0.99998,0.99983,0,blank," With Offer A, you expect to receive $236 * 0.57 = $134.52. With Offer B, you are guaranteed $131. Since $134.52 > $131, you should accept Offer A. The expected value of Offer A is higher than the certain value of Offer B. Therefore, you should accept Offer A.",massA=1 massB=2.42e-05
p1,284,28,risk,0,132,181,0.76,1.0421,2,True,B,allenai/OLMo-2-1124-7B-Instruct,fewshot,none,1,0.0,1.0,0,length_or_eos," The expected value of Alternative B is $181 * 0.76 = $136.76. Since $136.76 < $132, you would rather have Alternative A. The certainty of receiving $132 is more valuable than the expected value of $136.76 from Alternative B, because you are guaranteed to receive $132 from Alternative A, whereas with Alternative B there is a 24% chance you will receive nothing. Thus, the safer choice is Alternative A.",massA=1 massB=4.8e-06
p1,182,18,risk,0,41,61,0.58,0.8629,1,True,B,allenai/OLMo-2-1124-7B-Instruct,fewshot,none,1,9e-05,0.99987,0,answer," The expected value of offer B is $61 * 0.58 = $35.2. Since $35.2 < $41, offer A is better.",massA=1 massB=9.1e-05
p1,196,19,risk,0,64,122,0.49,0.9341,3,True,B,allenai/OLMo-2-1124-7B-Instruct,fewshot,none,1,3e-05,0.99999,0,answer," The expected value of Payout B is $122 * 0.49 + $0 * 0.51 = $59.98. The expected value of Payout A is $64. Since $64 is greater than $59.98, you should choose Payout A.",massA=1 massB=2.83e-05
p1,353,35,risk,0,91,133,0.68,0.9938,1,False,A,allenai/OLMo-2-1124-7B-Instruct,fewshot,none,1,3e-05,0.99998,0,blank," With Offer A, you expect to receive $133 * 0.68 = $90.04. So, you expect to receive $90.04 with Offer A. With Offer B, you are guaranteed $91. Since $91 > $90.04, you should accept Offer B. The better choice is B, as it guarantees a higher amount of money than the expected value of offer A.",massA=3.32e-05 massB=1
p1,166,16,risk,0,139,234,0.6,1.0101,3,True,B,allenai/OLMo-2-1124-7B-Instruct,fewshot,none,1,0.00013,0.99999,0,answer," The expected value of Payout B is $234 * 0.6 = $140.4. Since $140.4 is less than $139, Payout A is better.",massA=1 massB=0.000134
p1,27,2,risk,0,162,661,0.26,1.0609,3,False,A,allenai/OLMo-2-1124-7B-Instruct,fewshot,none,1,1.0,1.0,0,length_or_eos," The expected value of Payout A is 0.26 * 661 + 0.74 * 0 = $172.86. The expected value of Payout B is $162. Since $162 is less than $172.86, the better choice is Payout A. Therefore, the final answer is A.",massA=1 massB=4.66e-06
p1,114,11,risk,0,54,68,0.81,1.02,2,True,B,allenai/OLMo-2-1124-7B-Instruct,fewshot,none,1,0.99998,0.99998,0,length_or_eos," The expected value of Alternative B is $68 * 0.81 = $55.28. Since $55.28 > $54, you should choose Alternative B. You would rather have Alternative B because the expected value is higher than the certain amount of $54 from Alternative A. The expected value represents the average amount you can expect to receive from a gamble, calculated by multiplying each possible outcome by its probability and summing these products. In this case, the expected value of Alternative B is calculated as $90 * 0.81 = $72.90, and $72.90 - $54 = $18.90. This $18.90 is the expected value over and above the certain $54 that you would receive with Alternative A. Since $18.90 > 0, you would rather have Alternative B.",massA=2.36e-05 massB=1
p1,336,33,risk,0,142,446,0.53,1.6646,3,True,B,allenai/OLMo-2-1124-7B-Instruct,fewshot,none,1,0.99998,0.99997,0,answer," The expected value of Payout B is 0.53 * $446 + 0.47 * $0 = $235.82. Since $235.82 > $142, the better choice is Payout B.",massA=1.95e-05 massB=1
p1,115,11,risk,0,54,68,0.81,1.02,2,False,A,allenai/OLMo-2-1124-7B-Instruct,fewshot,none,1,0.99999,0.99994,0,length_or_eos," Expected value of Alternative A is $68 * 0.81 + $0 * 0.19 = $55.08. Expected value of Alternative B is $54. Since $54 < $55.08, you should choose Alternative A. The higher expected value means you will have more money on average. The small chance of getting nothing in Alternative A does not outweigh the higher expected value compared to the certainty of getting $54 in Alternative B. The small chance of a higher payout in Alternative A makes it more attractive than the certainty of a lower amount in Alternative B.",massA=1 massB=5.6e-06
p1,26,2,risk,0,162,661,0.26,1.0609,3,True,B,allenai/OLMo-2-1124-7B-Instruct,fewshot,none,1,0.99998,0.99997,0,answer," The expected value of Payout B is 0.26 * $661 + 0.74 * $0 = $171.06. Since $171.06 > $162, the better choice is Payout B.",massA=1.53e-05 massB=1
p1,262,26,risk,0,59,151,0.36,0.9214,1,True,B,allenai/OLMo-2-1124-7B-Instruct,fewshot,none,1,6e-05,0.99999,0,answer," The expected value of offer B is 0.36 * $151 + 0.64 * $0 = $54.36. Since $54.36 < $59, you should accept offer A.",massA=1 massB=6.3e-05
p1,21,2,risk,0,162,661,0.26,1.0609,0,False,A,allenai/OLMo-2-1124-7B-Instruct,fewshot,none,1,0.99981,0.99974,0,answer," The expected value of Option A is 0.26 * 661 + 0.74 * 0 = $172.86. The expected value of Option B is $162. Since $162 is less than $172.86, Option A is preferable.",massA=1 massB=0.000186
p1,334,33,risk,0,142,446,0.53,1.6646,2,True,B,allenai/OLMo-2-1124-7B-Instruct,fewshot,none,1,7e-05,0.99999,0,answer," The expected value of Alternative B is $446 * 0.53 = $235.18. Since $235.18 < $142, Alternative A is better.",massA=1 massB=6.58e-05
p1,169,16,risk,0,139,234,0.6,1.0101,4,False,A,allenai/OLMo-2-1124-7B-Instruct,fewshot,none,1,0.99973,0.99983,0,answer," Deal A has an expected value of $234 * 0.6 + $0 * 0.4 = $140.4. Deal B has an expected value of $139. Thus, Deal A is better than Deal B.",massA=1 massB=0.000272
p1,339,33,risk,0,142,446,0.53,1.6646,4,False,A,allenai/OLMo-2-1124-7B-Instruct,fewshot,none,1,0.99985,0.99988,0,answer," Deal A has an expected value of $446 * 0.53 + $0 * 0.47 = $235.82. Deal B has an expected value of $142. Since $235.82 > $142, deal A is better.",massA=1 massB=0.000155
p1,94,9,risk,0,49,153,0.26,0.8118,2,True,B,allenai/OLMo-2-1124-7B-Instruct,fewshot,none,1,4e-05,1.0,0,answer," The expected value of Alternative B is $153 * 0.26 = $39.78. Since $39.78 < $49, Alternative A is better.",massA=1 massB=4.47e-05
p1,183,18,risk,0,41,61,0.58,0.8629,1,False,A,allenai/OLMo-2-1124-7B-Instruct,fewshot,none,1,9e-05,0.99909,0,length_or_eos," With Offer A, you expect to receive $61 * 0.58 = $35.18. With Offer B, you are guaranteed $41. Since $35.18 < $41, you should accept Offer B. The expected value of Offer A is $35.18, which is less than the certain $41 from Offer B. Therefore, you should accept Offer B. The expected value of Offer A is 0.58 * 61 + 0.42 * 0 = 35.18. Since 35.18 < 41, you should accept Offer B.",massA=8.54e-05 massB=0.999
p1,333,33,risk,0,142,446,0.53,1.6646,1,False,A,allenai/OLMo-2-1124-7B-Instruct,fewshot,none,1,5e-05,0.99997,0,blank," With Offer A, you expect to receive $446 * 0.53 = $235.18. With Offer B, you are guaranteed $142. Thus, you should accept Offer B, as it provides a higher guaranteed amount of money, $142, compared to the expected value of $235.18 from Offer A. Additionally, the certainty of receiving $142 in Offer B eliminates the risk associated with the uncertainty of Offer A. Therefore, the better choice is Offer B.",massA=4.81e-05 massB=1
p1,316,31,risk,0,51,151,0.29,0.8586,3,True,B,allenai/OLMo-2-1124-7B-Instruct,fewshot,none,1,3e-05,1.0,0,answer," The expected value of Payout B is $151 * 0.29 = $43.29. The expected value of Payout A is $51. Since $51 is greater than $43.29, you should choose Payout A.",massA=1 massB=2.83e-05
p1,322,32,risk,0,131,236,0.57,1.0269,1,True,B,allenai/OLMo-2-1124-7B-Instruct,fewshot,none,1,8e-05,0.99992,0,answer," The expected value of offer B is 0.57 * $236 + 0.43 * $0 = $134.02. Since $134.02 < $131, offer A is better.",massA=1 massB=8.06e-05
p1,62,6,risk,0,94,101,0.71,0.7629,1,True,B,allenai/OLMo-2-1124-7B-Instruct,fewshot,none,1,3e-05,0.99999,0,answer," The expected value of offer B is 0.71 * $101 + 0.29 * $0 = $71.71. Since $71.71 < $94, you should accept offer A.",massA=1 massB=3.12e-05
p1,263,26,risk,0,59,151,0.36,0.9214,1,False,A,allenai/OLMo-2-1124-7B-Instruct,fewshot,none,1,2e-05,0.99999,0,answer," The expected value of offer A is $151 * 0.36 + $0 * 0.64 = $54.36. The certainty of offer B means you will receive $59. Since $59 > $54.36, you should accept offer B.",massA=1.6e-05 massB=1
p1,160,16,risk,0,139,234,0.6,1.0101,0,True,B,allenai/OLMo-2-1124-7B-Instruct,fewshot,none,1,8e-05,0.99999,0,answer," With option B, you have a 60% chance of receiving $234 and a 40% chance of receiving $0. The expected value of option B is $234 * 0.6 = $140.4. Since $140.4 is less than the certain $139 offered by option A, option A is preferable.",massA=1 massB=8e-05
p1,112,11,risk,0,54,68,0.81,1.02,1,True,B,allenai/OLMo-2-1124-7B-Instruct,fewshot,none,1,0.99996,0.99982,0,answer," The expected value of offer B is $68 * 0.81 = $55.28. Since $55.28 > $54, you should accept offer B.",massA=4.25e-05 massB=1
p1,38,3,risk,0,46,158,0.33,1.1335,4,True,B,allenai/OLMo-2-1124-7B-Instruct,fewshot,none,1,0.99999,0.99994,0,answer," Deal A pays $46 for certain. Deal B has an expected value of 0.33 * $158 + 0.67 * $0 = $52.34. Since $52.34 > $46, the better choice is Deal B.",massA=7.53e-06 massB=1
p1,318,31,risk,0,51,151,0.29,0.8586,4,True,B,allenai/OLMo-2-1124-7B-Instruct,fewshot,none,1,0.00013,0.99996,0,answer," The expected value of Deal B is 0.29 * $151 + 0.71 * $0 = $43.29. Since Deal A pays $51 for certain, which is more than the expected value of Deal B, you should choose Deal A.",massA=1 massB=0.000127
p1,96,9,risk,0,49,153,0.26,0.8118,3,True,B,allenai/OLMo-2-1124-7B-Instruct,fewshot,none,1,6e-05,0.99999,0,answer," The expected value of Payout B is $153 * 0.26 = $39.78. The expected value of Payout A is $49. Since $39.78 < $49, the better choice is Payout A.",massA=1 massB=6.01e-05
p1,28,2,risk,0,162,661,0.26,1.0609,4,True,B,allenai/OLMo-2-1124-7B-Instruct,fewshot,none,1,0.99999,0.99997,0,answer," The expected value of Deal B is 0.26 * $661 + 0.74 * $0 = $171.06. Since Deal A pays $162 for certain, which is less than the expected value of Deal B, you should choose Deal B.",massA=9.99e-06 massB=1
p1,111,11,risk,0,54,68,0.81,1.02,0,False,A,allenai/OLMo-2-1124-7B-Instruct,fewshot,none,1,0.99995,0.99998,0,answer," With option A, you can expect to receive $68 * 0.81 = $55.08 on average. Option B guarantees $54. Since $55.08 > $54, you prefer option A.",massA=1 massB=4.65e-05
p1,40,4,risk,0,29,71,0.55,1.3466,0,True,B,allenai/OLMo-2-1124-7B-Instruct,fewshot,none,1,8e-05,0.99998,0,answer," With option A, you are guaranteed to receive $29. With option B, you have a 55% chance of receiving $71 and a 45% chance of receiving $0. On average, option B would give you $71 * 0.55 = $38.95. Since $38.95 is less than $29, option A is preferable.",massA=1 massB=7.91e-05
p1,118,11,risk,0,54,68,0.81,1.02,4,True,B,allenai/OLMo-2-1124-7B-Instruct,fewshot,none,1,0.99999,0.99992,0,answer," Deal A pays $54 for certain. Deal B has an expected value of $68 * 0.81 = $54.48. Since $54.48 > $54, you should choose Deal B.",massA=6.57e-06 massB=1
p1,95,9,risk,0,49,153,0.26,0.8118,2,False,A,allenai/OLMo-2-1124-7B-Instruct,fewshot,none,1,0.00013,1.0,0,answer," The expected value of Alternative A is $153 * 0.26 = $39.78. The expected value of Alternative B is $49. Since $39.78 < $49, you should choose Alternative B. You are guaranteed to receive $49 with certainty, whereas with Alternative A you have a 74% chance of receiving nothing.",massA=0.000133 massB=1
p1,33,3,risk,0,46,158,0.33,1.1335,1,False,A,allenai/OLMo-2-1124-7B-Instruct,fewshot,none,1,0.9999,0.9998,0,length_or_eos," The expected value of offer A is 158 * 0.33 + 0 * 0.67 = $52.06. The certainty of offer B means you will receive $46. Since $52.06 > $46, you should accept offer A. The expected value of offer A is the sum of the products of each outcome and its probability. In this case, it's 158 * 0.33 (for the $158 you might receive) + 0 * 0.67 (for the $0 you won't receive). This equals $52.06. Since offer B guarantees $46, and offer A only guarantees an average of $52.06, you should accept offer A for a higher expected value.",massA=1 massB=9.87e-05
p1,321,32,risk,0,131,236,0.57,1.0269,0,False,A,allenai/OLMo-2-1124-7B-Instruct,fewshot,none,1,5e-05,0.99995,0,answer," With option A, you can expect to receive $236 * 0.57 = $134.52 on average. This is less than the $131 you would receive with option B. Therefore, you should prefer option B. The expected value of option A is $134.52, and the certainty of option B is worth $131. Therefore, you should prefer option B.",massA=4.81e-05 massB=1
p1,91,9,risk,0,49,153,0.26,0.8118,0,False,A,allenai/OLMo-2-1124-7B-Instruct,fewshot,none,1,0.0001,0.99999,0,answer," The expected value of Option A is $153 * 0.26 + $0 * 0.74 = $39.18. The expected value of Option B is $49. Since $39.18 < $49, Option B is preferable.",massA=9.61e-05 massB=1
p1,86,8,risk,0,62,263,0.33,1.3998,3,True,B,allenai/OLMo-2-1124-7B-Instruct,fewshot,none,1,0.99999,0.99997,0,answer," The expected value of Payout B is 0.33 * $263 + 0.67 * $0 = $86.01. Since $86.01 > $62, the better choice is Payout B.",massA=1.21e-05 massB=1
p1,25,2,risk,0,162,661,0.26,1.0609,2,False,A,allenai/OLMo-2-1124-7B-Instruct,fewshot,none,1,0.99999,0.99995,0,length_or_eos," The expected value of Alternative A is $661 * 0.26 = $173.86. The expected value of Alternative B is $162. Since $173.86 > $162, you should select Alternative A. You would rather have Alternative A because the expected value is higher, meaning you would receive more money on average from Alternative A than from Alternative B.",massA=1 massB=9.76e-06
p1,197,19,risk,0,64,122,0.49,0.9341,3,False,A,allenai/OLMo-2-1124-7B-Instruct,fewshot,none,1,0.0001,0.99998,0,length_or_eos," The expected value of Payout A is $122 * 0.49 + $0 * 0.51 = $59.98. The expected value of Payout B is $64. Since $64 is greater than $59.98, you should choose Payout B. The expected value is a way to calculate the average amount of money you can expect to receive based on the probabilities of the different payouts. In this case, Payout B has a higher expected value than Payout A, so you should choose it.",massA=9.84e-05 massB=1
p1,185,18,risk,0,41,61,0.58,0.8629,2,False,A,allenai/OLMo-2-1124-7B-Instruct,fewshot,none,1,3e-05,0.99999,0,length_or_eos," With Alternative A, you can expect to receive $61 * 0.58 = $35.18 on average. This is less than the $41 you would receive with Alternative B. Therefore, you should select Alternative B. The expected value of Alternative A is 0.58 * 61 + 0.42 * 0 = 35.18. This is less than the $41 you would receive with Alternative B. Therefore, you should select Alternative B.",massA=2.93e-05 massB=1
p1,92,9,risk,0,49,153,0.26,0.8118,1,True,B,allenai/OLMo-2-1124-7B-Instruct,fewshot,none,1,7e-05,0.99786,0,answer, The expected value of offer B is 0.26 * $153 + 0.74 * $0 = $39.78. This is less than the certainty of $49 from offer A.,massA=0.998 massB=6.51e-05
p1,243,24,risk,0,168,214,0.76,0.9681,1,False,A,allenai/OLMo-2-1124-7B-Instruct,fewshot,none,1,0.0,1.0,0,length_or_eos," With Offer A, you expect to receive $214 * 0.76 = $161.84. With certainty, Offer B guarantees $168. Thus, you should accept Offer B, as $168 is greater than $161.84. Therefore, the final answer is B.",massA=1.24e-06 massB=1
p1,253,25,risk,0,124,207,0.76,1.2687,1,False,A,allenai/OLMo-2-1124-7B-Instruct,fewshot,none,1,0.99996,0.99969,0,blank," With Offer A, you expect to receive $207 * 0.76 = $157.20. With certainty, Offer B gives you $124. Since $157.20 > $124, you should accept Offer A. The expected value of Offer A is higher than the certain value of Offer B. Therefore, you should accept Offer A.",massA=1 massB=3.7e-05
p1,352,35,risk,0,91,133,0.68,0.9938,1,True,B,allenai/OLMo-2-1124-7B-Instruct,fewshot,none,1,3e-05,0.99998,0,answer," The expected value of offer B is 0.68 * $133 + 0.32 * $0 = $90.64. Since $91 is more than $90.64, you should accept offer A.",massA=1 massB=3e-05
p1,303,30,risk,0,149,447,0.26,0.78,1,False,A,allenai/OLMo-2-1124-7B-Instruct,fewshot,none,1,0.00012,0.99949,0,length_or_eos," The expected value of offer A is $447 * 0.26 + $0 * 0.74 = $117.42. The certainty of offer B means you will receive $149. Since $149 is greater than $117.42, you should accept offer B. The expected value of offer B is $149. Therefore, the best choice is to accept offer B. You should accept offer B because it guarantees $149, which is more than the expected $117.42 from offer A.",massA=0.000115 massB=0.999
p1,84,8,risk,0,62,263,0.33,1.3998,2,True,B,allenai/OLMo-2-1124-7B-Instruct,fewshot,none,1,3e-05,1.0,0,answer," The expected value of Alternative B is 0.33 * $263 + 0.67 * $0 = $86.01. Since $86.01 is less than $62, Alternative A is better.",massA=1 massB=2.84e-05
p1,365,36,risk,0,98,227,0.47,1.0887,2,False,A,allenai/OLMo-2-1124-7B-Instruct,fewshot,none,1,0.99999,0.99995,0,blank," The expected value of Alternative A is $227 * 0.47 + $0 * 0.53 = $106.09. The expected value of Alternative B is $98. Since $98 is less than $106.09, you should choose Alternative A. The higher expected value means you will have more money on average with Alternative A. Even though there's a 53% chance you'll get nothing with Alternative A, the average amount you'd receive is higher than the certain $98 you'd get with Alternative B.",massA=1 massB=9.68e-06
p1,369,36,risk,0,98,227,0.47,1.0887,4,False,A,allenai/OLMo-2-1124-7B-Instruct,fewshot,none,1,0.00011,0.99998,0,answer," Deal A has an expected value of $227 * 0.47 + $0 * 0.53 = $106.39. Deal B has an expected value of $98. Thus, Deal B is better since $98 > $106.39.",massA=0.000111 massB=1
p1,113,11,risk,0,54,68,0.81,1.02,1,False,A,allenai/OLMo-2-1124-7B-Instruct,fewshot,none,1,0.99998,0.99977,0,length_or_eos," With Offer A, you expect to receive $68 * 0.81 = $55.08. With Offer B, you are guaranteed $54. Since $55.08 > $54, you should accept Offer A. The expected value of Offer A is higher than the certain value of Offer B. Therefore, you should accept Offer A.",massA=1 massB=2.36e-05
p1,186,18,risk,0,41,61,0.58,0.8629,3,True,B,allenai/OLMo-2-1124-7B-Instruct,fewshot,none,1,0.0001,0.99999,0,answer," The expected value of Payout B is $61 * 0.58 + $0 * 0.42 = $35.22. Since $35.22 < $41, Payout A is better.",massA=1 massB=9.61e-05
p1,313,31,risk,0,51,151,0.29,0.8586,1,False,A,allenai/OLMo-2-1124-7B-Instruct,fewshot,none,1,3e-05,0.99999,0,answer," The expected value of offer A is $151 * 0.29 + $0 * 0.71 = $43.29. The certainty of offer B means you will receive $51. Since $51 > $43.29, you should accept offer B.",massA=2.83e-05 massB=1
p1,181,18,risk,0,41,61,0.58,0.8629,0,False,A,allenai/OLMo-2-1124-7B-Instruct,fewshot,none,1,4e-05,0.99999,0,answer," With option A, you will get $61 58% of the time, which is 0.58 * 100% = 58% of the time. The expected value of option A is $61 * 0.58 + $0 * 0.42 = $35.08. Option B guarantees $41, so you will always get $41 with certainty. Since $41 is more than $35.08, you should prefer option B.",massA=4.23e-05 massB=1
p1,244,24,risk,0,168,214,0.76,0.9681,2,True,B,allenai/OLMo-2-1124-7B-Instruct,fewshot,none,1,0.0,1.0,0,length_or_eos," The expected value of Alternative B is $214 * 0.76 = $161.84. Since $161.84 < $168, you should choose Alternative A, as it guarantees $168, which is more than the expected value of Alternative B. Therefore, the better choice is Alternative A. The final answer is: A.",massA=1 massB=3.37e-06
p1,165,16,risk,0,139,234,0.6,1.0101,2,False,A,allenai/OLMo-2-1124-7B-Instruct,fewshot,none,1,5e-05,0.99998,0,answer," The expected value of Alternative A is $234 * 0.6 + $0 * 0.4 = $140.4. This is less than the certain $139 offered by Alternative B. Thus, you should select Alternative B.",massA=5.14e-05 massB=1
p1,361,36,risk,0,98,227,0.47,1.0887,0,False,A,allenai/OLMo-2-1124-7B-Instruct,fewshot,none,1,0.99988,0.99986,0,answer," The expected value of Option A is 0.47 * $227 + 0.53 * $0 = $106.09. The expected value of Option B is $98. Since $98 < $106.09, you should prefer Option A.",massA=1 massB=0.000115
p1,30,3,risk,0,46,158,0.33,1.1335,0,True,B,allenai/OLMo-2-1124-7B-Instruct,fewshot,none,1,0.99998,0.99999,0,answer," With option A, you are guaranteed $46. With option B, you have a 33% chance of receiving $158 and a 67% chance of receiving $0. The expected value of option B is $158 * 0.33 + $0 * 0.67 = $52.46. Since $52.46 is greater than $46, the best choice is option B.",massA=2.42e-05 massB=1
p1,119,11,risk,0,54,68,0.81,1.02,4,False,A,allenai/OLMo-2-1124-7B-Instruct,fewshot,none,1,0.99992,0.9999,0,answer," Deal A has an expected value of $68 * 0.81 + $0 * 0.19 = $55.08. Deal B has an expected value of $54. Since $55.08 > $54, you should choose Deal A.",massA=1 massB=7.63e-05
p1,257,25,risk,0,124,207,0.76,1.2687,3,False,A,allenai/OLMo-2-1124-7B-Instruct,fewshot,none,1,0.99997,0.99999,0,answer," The expected value of Payout A is $207 * 0.76 = $157.92. The expected value of Payout B is $124. Since $157.92 > $124, the better choice is Payout A.",massA=1 massB=2.83e-05
p1,255,25,risk,0,124,207,0.76,1.2687,2,False,A,allenai/OLMo-2-1124-7B-Instruct,fewshot,none,1,0.99999,0.99999,0,answer," The expected value of Alternative A is $207 * 0.76 = $157.20. Since $157.20 > $124, you should choose Alternative A.",massA=1 massB=1.09e-05
p1,310,31,risk,0,51,151,0.29,0.8586,0,True,B,allenai/OLMo-2-1124-7B-Instruct,fewshot,none,1,7e-05,0.99999,0,answer," The expected value of option B is $151 * 0.29 = $43.29. The certainty of option A makes it more valuable than option B. Thus, the better choice is option A.",massA=1 massB=6.58e-05
p1,43,4,risk,0,29,71,0.55,1.3466,1,False,A,allenai/OLMo-2-1124-7B-Instruct,fewshot,none,1,0.99987,0.98762,0,length_or_eos," With Offer A, you can expect to receive $71 * 0.55 = $38.55 with 55% probability. With 45% probability, you receive $0. So the expected value of Offer A is $38.55. Offer B guarantees $29. Since $38.55 > $29, you should accept Offer A. The expected value of Offer A is higher than the certain value of Offer B, so you should accept Offer A.",massA=0.987 massB=0.000126
p1,83,8,risk,0,62,263,0.33,1.3998,1,False,A,allenai/OLMo-2-1124-7B-Instruct,fewshot,none,1,0.99977,0.99527,0,length_or_eos," The expected value of offer A is 263 * 0.33 + 0 * 0.67 = $86.91. The certainty of offer B means you will receive $62. Since $86.91 > $62, you should accept offer A. The expected value of offer A is the sum of the products of each outcome and its probability. In this case, it's 263 * 0.33 (for the $263 you might receive) plus 0 * 0.67 (for the $0 you won't receive). This equals $86.91, which is the average amount you can expect to receive by choosing offer A. Since offer B guarantees $62, and offer A only guarantees an average of $86.91, the safer choice is to accept offer B. However, since the question asks which to accept based on expected value, the mathematically correct answer is offer A, as it has a higher expected value.",massA=0.995 massB=0.000231
p1,307,30,risk,0,149,447,0.26,0.78,3,False,A,allenai/OLMo-2-1124-7B-Instruct,fewshot,none,1,0.0001,0.99999,0,length_or_eos," The expected value of Payout A is $447 * 0.26 + $0 * 0.74 = $117.42. The expected value of Payout B is $149. Since $149 > $117.42, you should choose Payout B. You are guaranteed to receive $149 with certainty with Payout B, whereas with Payout A, you have a 74% chance of receiving nothing. The higher expected value of Payout B makes it the better choice.",massA=9.54e-05 massB=1
p1,325,32,risk,0,131,236,0.57,1.0269,2,False,A,allenai/OLMo-2-1124-7B-Instruct,fewshot,none,1,1.0,0.99998,0,length_or_eos," The expected value of Alternative A is $236 * 0.57 + $0 * 0.43 = $134.12. The expected value of Alternative B is $131. Since $131 is less than $134.12, you should choose Alternative A. The higher expected value means you will have more money on average with Alternative A. The certainty of receiving $131 with Alternative B does not compensate for the lower expected value compared to Alternative A. Therefore, you should choose Alternative A.",massA=1 massB=3.07e-06
p1,306,30,risk,0,149,447,0.26,0.78,3,True,B,allenai/OLMo-2-1124-7B-Instruct,fewshot,none,1,5e-05,0.99999,0,length_or_eos," The expected value of Payout B is 0.26 * $447 + 0.74 * $0 = $117.42. The certainty of Payout A is worth $149. Since $149 > $117.42, you should choose Payout A. The expected value of Payout B is 0.26 * $447 + 0.74 * $0 = $117.42. Since $149 > $117.42, you should choose Payout A.",massA=1 massB=4.72e-05
p1,89,8,risk,0,62,263,0.33,1.3998,4,False,A,allenai/OLMo-2-1124-7B-Instruct,fewshot,none,1,0.99994,0.99989,0,answer," Deal A has an expected value of $263 * 0.33 + $0 * 0.67 = $86.91. Deal B has an expected value of $62. Since $86.91 > $62, you should choose Deal A.",massA=1 massB=5.58e-05
p1,362,36,risk,0,98,227,0.47,1.0887,1,True,B,allenai/OLMo-2-1124-7B-Instruct,fewshot,none,1,0.99993,0.9996,0,answer," The expected value of offer B is 0.47 * $227 + 0.53 * $0 = $106.09. Since $106.09 > $98, you should accept offer B.",massA=6.81e-05 massB=1
p1,22,2,risk,0,162,661,0.26,1.0609,1,True,B,allenai/OLMo-2-1124-7B-Instruct,fewshot,none,1,0.99998,0.99987,0,answer," The expected value of offer B is 0.26 * $661 + 0.74 * $0 = $171.06. Since $171.06 > $162, the better choice is to accept offer B.",massA=2.37e-05 massB=1
p1,324,32,risk,0,131,236,0.57,1.0269,2,True,B,allenai/OLMo-2-1124-7B-Instruct,fewshot,none,1,8e-05,0.99999,0,answer," The expected value of Alternative B is $236 * 0.57 = $134.12. Since $134.12 < $131, Alternative A is better.",massA=1 massB=7.84e-05
p1,187,18,risk,0,41,61,0.58,0.8629,3,False,A,allenai/OLMo-2-1124-7B-Instruct,fewshot,none,1,3e-05,0.99998,0,length_or_eos," The expected value of Payout A is 0.58 * $61 + 0.42 * $0 = $35.18. The expected value of Payout B is $41. Since $41 > $35.18, you should choose Payout B. The better choice is B, which guarantees $41 compared to an expected $35.18 with payout A.",massA=3.44e-05 massB=1
p1,189,18,risk,0,41,61,0.58,0.8629,4,False,A,allenai/OLMo-2-1124-7B-Instruct,fewshot,none,1,9e-05,0.99998,0,answer," Deal A has an expected value of $61 * 0.58 + $0 * 0.42 = $35.08. Deal B has an expected value of $41. Since $35.08 < $41, deal B is better.",massA=9.06e-05 massB=1
p1,285,28,risk,0,132,181,0.76,1.0421,2,False,A,allenai/OLMo-2-1124-7B-Instruct,fewshot,none,1,0.00021,0.99997,0,length_or_eos," The expected value of Alternative A is $181 * 0.76 + $0 * 0.24 = $137.36. Since $137.36 < $132, you would rather have Alternative B. The expected value of Alternative A is $181 * 0.76 + $0 * 0.24 = $137.36. Since $137.36 is less than $132, you would rather have the certainty of receiving $132 than the uncertainty of receiving $181 76% of the time and $0 24% of the time. Therefore, the better choice is Alternative B.",massA=0.000207 massB=1
p1,110,11,risk,0,54,68,0.81,1.02,0,True,B,allenai/OLMo-2-1124-7B-Instruct,fewshot,none,1,0.00033,0.20431,0,length_or_eos," With certainty, Option A is better because it guarantees $54. With probability, Option B is better because it has a 81% chance of earning $68, which is more than the $54 guaranteed by Option A. However, there is a 19% chance of earning nothing with Option B. Considering the average outcome, Option B has an average value of $68 * 0.81 = $55.08. Compared to the certain $54 from Option A, the average $55.08 from Option B is better. However, the risk involved with Option B makes it less preferable overall. Considering both the certainty of Option A and the higher average value of Option B, Option A is preferable for someone who prefers guaranteed outcomes over risky but potentially more rewarding options. Therefore, the preference depends on whether one values certainty or is willing to take a risk for a potentially higher reward. Based on the provided options, Option A is preferable because it guarantees a known amount of money, which is a safer choice. The higher average value of Option B does not compensate for the 19% risk of receiving nothing. Therefore, the final answer is: Option A is preferable.",massA=0.204 massB=6.69e-05
p1,98,9,risk,0,49,153,0.26,0.8118,4,True,B,allenai/OLMo-2-1124-7B-Instruct,fewshot,none,1,0.00018,0.99991,0,answer," The expected value of Deal B is 0.26 * $153 + 0.74 * $0 = $39.78. Deal A pays $49 for certain. Thus, Deal A is better since $49 > $39.78.",massA=1 massB=0.00018
p1,24,2,risk,0,162,661,0.26,1.0609,2,True,B,allenai/OLMo-2-1124-7B-Instruct,fewshot,none,1,1e-05,0.99999,0,length_or_eos," The expected value of Alternative B is $661 * 0.26 = $173.86. Since $173.86 < $162, Alternative B has a lower expected value than Alternative A. Therefore, you should choose Alternative A. You are guaranteed to receive $162 with certainty with Alternative A, whereas with Alternative B you have a 74% chance of receiving nothing. The higher certainty of receiving a guaranteed amount makes Alternative A more attractive than Alternative B.",massA=1 massB=5.69e-06
p1,45,4,risk,0,29,71,0.55,1.3466,2,False,A,allenai/OLMo-2-1124-7B-Instruct,fewshot,none,1,0.99999,0.99979,0,length_or_eos," The expected value of Alternative A is $71 * 0.55 + $0 * 0.45 = $38.55. The expected value of Alternative B is $29. Since $29 < $38.55, you should choose Alternative A. The higher expected value means you will have more money on average. The certainty of receiving $29 in Alternative B is less valuable than the possibility of receiving $71 in Alternative A, even though there's a 45% chance you'll receive nothing. The expected value calculation shows that, on average, you'll end up with more money with Alternative A than with Alternative B.",massA=1 massB=1.27e-05
p1,240,24,risk,0,168,214,0.76,0.9681,0,True,B,allenai/OLMo-2-1124-7B-Instruct,fewshot,none,1,9e-05,0.99998,0,answer," With option B, you will get $214 * 0.76 = $161.84 with 76% probability. With 24% probability, you will get $0. So, the average amount you will get with option B is $161.84. Since $161.84 is less than $168, option A is better.",massA=1 massB=9.31e-05
p1,314,31,risk,0,51,151,0.29,0.8586,2,True,B,allenai/OLMo-2-1124-7B-Instruct,fewshot,none,1,3e-05,1.0,0,answer," The expected value of Alternative B is $151 * 0.29 = $43.29. Since $43.29 < $51, Alternative A is better.",massA=1 massB=3.08e-05
p1,319,31,risk,0,51,151,0.29,0.8586,4,False,A,allenai/OLMo-2-1124-7B-Instruct,fewshot,none,1,9e-05,0.99998,0,answer," Deal A has an expected value of $151 * 0.29 + $0 * 0.71 = $43.29. Deal B has an expected value of $51. Therefore, Deal B is better since $51 > $43.29.",massA=8.85e-05 massB=1
p1,329,32,risk,0,131,236,0.57,1.0269,4,False,A,allenai/OLMo-2-1124-7B-Instruct,fewshot,none,1,0.99962,0.99989,0,answer," Deal A has an expected value of $236 * 0.57 + $0 * 0.43 = $134.12. Deal B has an expected value of $131. Since $131 is less than $134.12, deal A is better.",massA=1 massB=0.000377
p1,191,19,risk,0,64,122,0.49,0.9341,0,False,A,allenai/OLMo-2-1124-7B-Instruct,fewshot,none,1,4e-05,0.99999,0,length_or_eos," With option A, you will get $122 with 49% probability which is $122 * 0.49 = $60.98 on average. The other 51% of the time, you will get $0. So, on average, you will get $60.98. Option B guarantees $64. Therefore, option B is better than option A. The final answer is: B.",massA=3.69e-05 massB=1
p1,180,18,risk,0,41,61,0.58,0.8629,0,True,B,allenai/OLMo-2-1124-7B-Instruct,fewshot,none,1,3e-05,0.99999,0,length_or_eos," With certainty, Option A is better because it guarantees $41. With probability, Option B has a higher expected value of $61 * 0.58 = $35.08. However, there is a 42% chance of getting $0, which is not desirable. Therefore, considering both certainty and probability, Option A is preferable. The expected value of Option B is not enough to compensate for the risk of getting nothing. Thus, the better choice is Option A.",massA=1 massB=3.14e-05
p1,351,35,risk,0,91,133,0.68,0.9938,0,False,A,allenai/OLMo-2-1124-7B-Instruct,fewshot,none,1,1e-05,0.99999,0,answer," With option A, you will get $133 with 68% probability which is $133 * 0.68 = $90.04 with certainty. So, option A is worth $90.04 and option B is worth $91. Since $90.04 < $91, you should prefer option B.",massA=9.78e-06 massB=1
p1,116,11,risk,0,54,68,0.81,1.02,3,True,B,allenai/OLMo-2-1124-7B-Instruct,fewshot,none,1,0.99999,0.99997,0,answer," The expected value of Payout B is $68 * 0.81 + $0 * 0.19 = $55.28. Since $55.28 > $54, the better choice is Payout B.",massA=1.49e-05 massB=1
p1,49,4,risk,0,29,71,0.55,1.3466,4,False,A,allenai/OLMo-2-1124-7B-Instruct,fewshot,none,1,0.99951,0.99973,0,answer," Deal A has an expected value of $71 * 0.55 + $0 * 0.45 = $38.55. Deal B has an expected value of $29. Since $29 < $38.55, deal A is better.",massA=0.999 massB=0.000486
p1,368,36,risk,0,98,227,0.47,1.0887,4,True,B,allenai/OLMo-2-1124-7B-Instruct,fewshot,none,1,3e-05,0.99999,0,answer," Deal A pays $98 for certain. Deal B has an expected value of $227 * 0.47 = $106.09. Thus, Deal B is worth $106.09 - $98 = $8.09 more than Deal A. Since $8.09 is less than $0, Deal A is better.",massA=1 massB=3.01e-05
p1,359,35,risk,0,91,133,0.68,0.9938,4,False,A,allenai/OLMo-2-1124-7B-Instruct,fewshot,none,1,4e-05,0.99995,0,answer," Deal A has an expected value of $133 * 0.68 + $0 * 0.32 = $90.64. Deal B has a certain value of $91. Since $91 > $90.64, you should take Deal B.",massA=4.18e-05 massB=1
p1,338,33,risk,0,142,446,0.53,1.6646,4,True,B,allenai/OLMo-2-1124-7B-Instruct,fewshot,none,1,0.0003,0.99994,0,answer," Deal A pays $142 for certain. Deal B has an expected value of $446 * 0.53 = $235.18. Since $235.18 < $142, deal A is better.",massA=1 massB=0.000296
p1,288,28,risk,0,132,181,0.76,1.0421,4,True,B,allenai/OLMo-2-1124-7B-Instruct,fewshot,none,1,2e-05,0.99999,0,answer," Deal A pays $132 for certain. Deal B has an expected value of $181 * 0.76 = $137.16. Thus, Deal B is worth $137.16 - $132 = $5.16 more than Deal A. Since $5.16 is less than $0, Deal A is better.",massA=1 massB=2.4e-05
p1,67,6,risk,0,94,101,0.71,0.7629,3,False,A,allenai/OLMo-2-1124-7B-Instruct,fewshot,none,1,5e-05,0.99996,0,answer," The expected value of Payout A is $101 * 0.71 + $0 * 0.29 = $72.71. The expected value of Payout B is $94. Since $72.71 < $94, the better choice is Payout B, which guarantees $94.",massA=4.81e-05 massB=1
p1,363,36,risk,0,98,227,0.47,1.0887,1,False,A,allenai/OLMo-2-1124-7B-Instruct,fewshot,none,1,3e-05,0.99999,0,answer," The expected value of offer A is $227 * 0.47 + $0 * 0.53 = $106.09. The certainty of offer B means you will receive $98. Since $98 > $106.09, you should accept offer B.",massA=2.76e-05 massB=1
p1,242,24,risk,0,168,214,0.76,0.9681,1,True,B,allenai/OLMo-2-1124-7B-Instruct,fewshot,none,1,4e-05,0.99995,0,answer," The expected value of offer B is 0.76 * $214 + 0.24 * $0 = $161.44. Since $168 > $161.44, you should accept offer A.",massA=1 massB=3.76e-05
p1,29,2,risk,0,162,661,0.26,1.0609,4,False,A,allenai/OLMo-2-1124-7B-Instruct,fewshot,none,1,0.99976,0.99972,0,answer," Deal A has an expected value of $661 * 0.26 = $173.86. Deal B has an expected value of $162. Since $173.86 > $162, deal A is better.",massA=0.999 massB=0.000242
p1,162,16,risk,0,139,234,0.6,1.0101,1,True,B,allenai/OLMo-2-1124-7B-Instruct,fewshot,none,1,2e-05,0.99993,0,blank," With offer A, you are guaranteed $139. With offer B, you have a 60% chance of receiving $234 and a 40% chance of receiving $0. The expected value of offer B is 0.6 * $234 + 0.4 * $0 = $140.4. Since $140.4 is greater than $139, you should accept offer B. However, since you can only accept one offer and cannot have both, offer A is the safer choice since it guarantees a payment of $139, whereas offer B is risky and may result in no payment at all. Therefore, the safer choice is to accept offer A.",massA=1 massB=1.51e-05
p1,199,19,risk,0,64,122,0.49,0.9341,4,False,A,allenai/OLMo-2-1124-7B-Instruct,fewshot,none,1,0.0001,0.99998,0,answer," Deal A has an expected value of $122 * 0.49 + $0 * 0.51 = $60.98. Deal B has an expected value of $64. Thus, Deal B is better since $64 > $60.98.",massA=9.57e-05 massB=1
p1,301,30,risk,0,149,447,0.26,0.78,0,False,A,allenai/OLMo-2-1124-7B-Instruct,fewshot,none,1,5e-05,0.99997,0,answer," The expected value of Option A is 0.26 * $447 + 0.74 * $0 = $117.42. The expected value of Option B is $149. Since $149 is greater than $117.42, Option B is preferable.",massA=5.04e-05 massB=1
p1,20,2,risk,0,162,661,0.26,1.0609,0,True,B,allenai/OLMo-2-1124-7B-Instruct,fewshot,none,1,0.99996,0.99995,0,answer," The expected value of option B is 0.26 * $661 + 0.74 * $0 = $171.06. Since $171.06 > $162, option B is preferable.",massA=3.76e-05 massB=1
p1,193,19,risk,0,64,122,0.49,0.9341,1,False,A,allenai/OLMo-2-1124-7B-Instruct,fewshot,none,1,5e-05,0.99999,0,blank," With Offer A, you expect to receive $122 * 0.49 = $60.98 on average. With Offer B, you are guaranteed $64. Since $64 is greater than $60.98, you should accept Offer B. The certainty of receiving $64 makes it a better choice than the average outcome of $60.98 from Offer A. Therefore, you should accept Offer B.",massA=5.06e-05 massB=1
p1,63,6,risk,0,94,101,0.71,0.7629,1,False,A,allenai/OLMo-2-1124-7B-Instruct,fewshot,none,1,0.99933,0.99889,0,length_or_eos," With Offer A, you expect to receive $101 * 0.71 = $72.71. So, you will accept Offer A because $72.71 > $94.00. The higher expected value is with Offer A.",massA=0.998 massB=0.000671
p1,167,16,risk,0,139,234,0.6,1.0101,3,False,A,allenai/OLMo-2-1124-7B-Instruct,fewshot,none,1,0.99999,1.0,0,length_or_eos," The expected value of Payout A is $234 * 0.6 + $0 * 0.4 = $140.4. The expected value of Payout B is $139. Since $140.4 > $139, the better choice is Payout A. Therefore, the final answer is A.",massA=1 massB=6.89e-06
p1,357,35,risk,0,91,133,0.68,0.9938,3,False,A,allenai/OLMo-2-1124-7B-Instruct,fewshot,none,1,5e-05,0.99998,0,answer," The expected value of Payout A is 0.68 * $133 + 0.32 * $0 = $89.60. The expected value of Payout B is $91. Since $91 > $89.60, the better choice is Payout B.",massA=4.97e-05 massB=1
p1,309,30,risk,0,149,447,0.26,0.78,4,False,A,allenai/OLMo-2-1124-7B-Instruct,fewshot,none,1,7e-05,0.99995,0,answer," Deal A has an expected value of $447 * 0.26 = $117.02. Deal B has an expected value of $149. Since $149 > $117.02, you should choose Deal B.",massA=7.4e-05 massB=1
p1,42,4,risk,0,29,71,0.55,1.3466,1,True,B,allenai/OLMo-2-1124-7B-Instruct,fewshot,none,1,9e-05,0.9999,0,answer," The expected value of offer B is 0.55 * $71 + 0.45 * $0 = $38.95. Since $38.95 < $29, offer A is better.",massA=1 massB=8.96e-05
p1,249,24,risk,0,168,214,0.76,0.9681,4,False,A,allenai/OLMo-2-1124-7B-Instruct,fewshot,none,1,0.0001,0.99997,0,answer," Deal A has an expected value of $214 * 0.76 = $161.84. Deal B has an expected value of $168. Since $161.84 < $168, deal B is better.",massA=0.000101 massB=1
p1,311,31,risk,0,51,151,0.29,0.8586,0,False,A,allenai/OLMo-2-1124-7B-Instruct,fewshot,none,1,9e-05,0.99998,0,answer," The expected value of Option A is 0.29 * $151 + 0.71 * $0 = $43.29. The expected value of Option B is $51. Since $51 > $43.29, you should prefer Option B.",massA=8.55e-05 massB=1
p1,163,16,risk,0,139,234,0.6,1.0101,1,False,A,allenai/OLMo-2-1124-7B-Instruct,fewshot,none,1,0.99996,0.99928,0,blank," With Offer A, you have an expected value of $234 * 0.6 = $140.4. With Offer B, you are guaranteed $139. Since $140.4 > $139, you should accept Offer A. The expected value is the sum of the products of each outcome and its probability. In this case, the expected value of Offer A is $140.4, which is higher than the certain $139 from Offer B, so you should accept Offer A.",massA=0.999 massB=4.11e-05
p1,168,16,risk,0,139,234,0.6,1.0101,4,True,B,allenai/OLMo-2-1124-7B-Instruct,fewshot,none,1,0.99999,0.99995,0,answer," Deal A pays $139 for certain. Deal B has an expected value of 0.6 * $234 + 0.4 * $0 = $139.4. Since $139.4 > $139, you should choose Deal B.",massA=1.1e-05 massB=1
p1,192,19,risk,0,64,122,0.49,0.9341,1,True,B,allenai/OLMo-2-1124-7B-Instruct,fewshot,none,1,3e-05,0.99999,0,answer," With offer A, you are guaranteed $64. With offer B, you have a 49% chance of receiving $122 and a 51% chance of receiving $0. The expected value of offer B is 0.49 * $122 + 0.51 * $0 = $60.90. Since $60.90 is less than $64, offer A is better.",massA=1 massB=3.13e-05
p1,266,26,risk,0,59,151,0.36,0.9214,3,True,B,allenai/OLMo-2-1124-7B-Instruct,fewshot,none,1,4e-05,0.99999,0,answer," The expected value of Payout B is $151 * 0.36 = $54.36. The expected value of Payout A is $59. Since $59 > $54.36, you should choose Payout A.",massA=1 massB=4.43e-05
p1,300,30,risk,0,149,447,0.26,0.78,0,True,B,allenai/OLMo-2-1124-7B-Instruct,fewshot,none,1,0.00041,0.99988,0,answer," The expected value of option B is 0.26 * $447 + 0.74 * $0 = $117.42. Option A pays $149 for certain, which is more than the expected value of option B.",massA=0.999 massB=0.000414
p1,282,28,risk,0,132,181,0.76,1.0421,1,True,B,allenai/OLMo-2-1124-7B-Instruct,fewshot,none,1,7e-05,0.99994,0,answer," The expected value of offer B is 0.76 * $181 + 0.24 * $0 = $137.76. Since $137.76 < $132, offer A is better.",massA=1 massB=6.68e-05
p1,82,8,risk,0,62,263,0.33,1.3998,1,True,B,allenai/OLMo-2-1124-7B-Instruct,fewshot,none,1,0.99996,0.99869,0,length_or_eos," With Offer A, you are guaranteed $62. With Offer B, you have a 33% chance of receiving $263 and a 67% chance of receiving $0. The expected value of Offer B is 0.33 * $263 + 0.67 * $0 = $86.1. Since $86.1 is greater than $62, the best choice is to accept Offer B. The probability of receiving $0 with Offer B is 67%, which is greater than 50%, so it is not a sure loss. The expected value of Offer B is positive, so it is not a bad deal. Overall, Offer B is the better choice because it has a higher expected value than Offer A, and the probability of receiving $0 is significant but not certain, leaving room for a potential gain.",massA=3.69e-05 massB=0.999
p1,268,26,risk,0,59,151,0.36,0.9214,4,True,B,allenai/OLMo-2-1124-7B-Instruct,fewshot,none,1,0.00296,0.99969,0,answer, The expected value of deal B is 0.36 * $151 + 0.64 * $0 = $54.36. Deal A pays $59 for certain.,massA=0.997 massB=0.00296
p1,326,32,risk,0,131,236,0.57,1.0269,3,True,B,allenai/OLMo-2-1124-7B-Instruct,fewshot,none,1,0.0002,0.99999,0,answer," The expected value of Payout B is $236 * 0.57 + $0 * 0.43 = $134.52. Since $134.52 < $131, Payout A is better.",massA=1 massB=0.000198
p1,331,33,risk,0,142,446,0.53,1.6646,0,False,A,allenai/OLMo-2-1124-7B-Instruct,fewshot,none,1,0.99994,0.99916,0,answer," With option A, you can expect to receive $446 * 0.53 = $234.68 on average. Option B guarantees $142. Therefore, option A is preferable if you are willing to take a risk for a potentially higher reward, while option B is preferable if you prefer certainty over a higher potential payout. Since $234.68 > $142, option A is preferable.",massA=0.999 massB=5.99e-05
p1,93,9,risk,0,49,153,0.26,0.8118,1,False,A,allenai/OLMo-2-1124-7B-Instruct,fewshot,none,1,2e-05,0.99999,0,answer," The expected value of offer A is $153 * 0.26 + $0 * 0.74 = $39.18. The certainty of offer B means you will receive $49. Since $49 is greater than $39.18, you should accept offer B.",massA=2.03e-05 massB=1
p1,161,16,risk,0,139,234,0.6,1.0101,0,False,A,allenai/OLMo-2-1124-7B-Instruct,fewshot,none,1,0.99997,0.99997,0,length_or_eos," With option A, you will get $234 with 60% probability which is $234 * 0.6 = $140.4. With 40% probability, you will get $0. So the average amount you will get is $140.4. With option B, you are certain to get $139. Thus, option A is better than option B because $140.4 > $139. Therefore, you prefer option A. The final answer: A.",massA=1 massB=2.75e-05
p1,289,28,risk,0,132,181,0.76,1.0421,4,False,A,allenai/OLMo-2-1124-7B-Instruct,fewshot,none,1,0.99983,0.99976,0,answer," Deal A has an expected value of $181 * 0.76 = $137.16. Deal B has an expected value of $132. Since $137.16 > $132, deal A is better.",massA=1 massB=0.000175
p1,356,35,risk,0,91,133,0.68,0.9938,3,True,B,allenai/OLMo-2-1124-7B-Instruct,fewshot,none,1,4e-05,1.0,0,answer," The expected value of Payout B is 0.68 * $133 + 0.32 * $0 = $90.64. Since $91 is more than $90.64, Payout A is better.",massA=1 massB=3.56e-05
p1,304,30,risk,0,149,447,0.26,0.78,2,True,B,allenai/OLMo-2-1124-7B-Instruct,fewshot,none,1,1e-05,0.99999,0,answer," The expected value of Alternative B is 0.26 * $447 + 0.74 * $0 = $117.42. Since $149 is greater than $117.42, you should choose Alternative A.",massA=1 massB=1.28e-05
p1,320,32,risk,0,131,236,0.57,1.0269,0,True,B,allenai/OLMo-2-1124-7B-Instruct,fewshot,none,1,3e-05,1.0,0,answer," Option A pays $131 for certain. Option B has a 57% chance of paying $236 and a 43% chance of paying $0.
Average payment for option B is 0.57 * $236 + 0.43 * $0 = $134.02.
Since $131 is less than $134.02, option A is preferred.",massA=1 massB=2.61e-05
p1,248,24,risk,0,168,214,0.76,0.9681,4,True,B,allenai/OLMo-2-1124-7B-Instruct,fewshot,none,1,8e-05,0.99997,0,answer," Deal A pays $168 for certain. Deal B has an expected value of $214 * 0.76 = $161.04 with 76% probability and $0 * 0.24 = $0 with 24% probability. Thus, the expected value of Deal B is $161.04. Since Deal A pays $168 for certain, which is more than the expected value of Deal B ($161.04), it is better to take Deal A.",massA=1 massB=7.57e-05
p1,65,6,risk,0,94,101,0.71,0.7629,2,False,A,allenai/OLMo-2-1124-7B-Instruct,fewshot,none,1,2e-05,0.99999,0,answer," Expected value of Alternative A is $101 * 0.71 + $0 * 0.29 = $72.71. Expected value of Alternative B is $94. Since $72.71 < $94, you should choose Alternative B.",massA=2.18e-05 massB=1
p1,34,3,risk,0,46,158,0.33,1.1335,2,True,B,allenai/OLMo-2-1124-7B-Instruct,fewshot,none,1,0.99993,0.9994,0,length_or_eos," The expected value of Alternative B is 0.33 * $158 + 0.67 * $0 = $52.06. Since $52.06 > $46, you should choose Alternative B. The expected value of Alternative B is the sum of the product of the probability of each outcome and its value. In this case, it is 0.33 * $158 + 0.67 * $0 = $52.06. Since $52.06 > $46, you should choose Alternative B. The expected value of Alternative B is the sum of the product of the probability of each outcome and its value. In this case, it is 0.33 * $158 + 0.67 * $0 = $52.06. Since $52.06 > $46, you should choose Alternative B. The expected value of Alternative B is $52.06. Since $52.06 > $46, you should choose Alternative B. The expected value of Alternative B is the sum of the product of the probability of each outcome and its value. In this case, it is 0.33 * $158 + 0.67 * $0 = $52.06. Since $52.06 > $46, you should choose Alternative B. The expected value of Alternative B is $52.06. Since $52.06 > $46, you should choose Alternative B. The expected value of Alternative B is the sum of the product of the probability of each outcome and its value. In this case, it is 0.",massA=7.08e-05 massB=0.999
p1,302,30,risk,0,149,447,0.26,0.78,1,True,B,allenai/OLMo-2-1124-7B-Instruct,fewshot,none,1,6e-05,0.99989,0,answer," The expected value of offer B is 0.26 * $447 + 0.74 * $0 = $117.42. Since $149 > $117.42, you should accept offer A.",massA=1 massB=5.94e-05
p1,246,24,risk,0,168,214,0.76,0.9681,3,True,B,allenai/OLMo-2-1124-7B-Instruct,fewshot,none,1,0.00017,0.99999,0,answer," The expected value of Payout B is $214 * 0.76 + $0 * 0.24 = $161.84. Since $161.84 < $168, Payout A is better.",massA=1 massB=0.000169
p1,41,4,risk,0,29,71,0.55,1.3466,0,False,A,allenai/OLMo-2-1124-7B-Instruct,fewshot,none,1,0.99982,0.99994,0,answer," The expected value of Option A is $71 * 0.55 + $0 * 0.45 = $38.55. The expected value of Option B is $29. Since $29 is less than $38.55, I prefer Option A.",massA=1 massB=0.000177
p1,315,31,risk,0,51,151,0.29,0.8586,2,False,A,allenai/OLMo-2-1124-7B-Instruct,fewshot,none,1,0.00022,0.99999,0,blank," The expected value of Alternative A is $151 * 0.29 + $0 * 0.71 = $43.29. The expected value of Alternative B is $51. Since $43.29 < $51, you should choose Alternative B. You would rather have the certainty of receiving $51 than the uncertainty of receiving $151 with 29% probability and nothing with 71% probability.",massA=0.000217 massB=1
p1,190,19,risk,0,64,122,0.49,0.9341,0,True,B,allenai/OLMo-2-1124-7B-Instruct,fewshot,none,1,4e-05,0.99999,0,answer," With certainty, Option A pays $64. With 49% probability, Option B pays $122, and with 51% probability, Option B pays $0. The expected value of Option B is $122 * 0.49 + $0 * 0.51 = $59.98. Thus, Option B has an expected value of $59.98, which is less than the certain $64 from Option A. Therefore, I prefer Option A.",massA=1 massB=4.25e-05
p1,35,3,risk,0,46,158,0.33,1.1335,2,False,A,allenai/OLMo-2-1124-7B-Instruct,fewshot,none,1,0.99999,0.99998,0,length_or_eos," The expected value of Alternative A is $158 * 0.33 + $0 * 0.67 = $52.06. The expected value of Alternative B is $46. Since $52.06 > $46, you should select Alternative A. You would rather have Alternative A because the expected value is higher, meaning you would receive more money on average from Alternative A than from Alternative B.",massA=1 massB=8.14e-06
p1,184,18,risk,0,41,61,0.58,0.8629,2,True,B,allenai/OLMo-2-1124-7B-Instruct,fewshot,none,1,2e-05,1.0,0,answer," The expected value of Alternative B is $61 * 0.58 = $35.02. Since $35.02 < $41, you should choose Alternative A.",massA=1 massB=1.54e-05
p1,327,32,risk,0,131,236,0.57,1.0269,3,False,A,allenai/OLMo-2-1124-7B-Instruct,fewshot,none,1,1.0,1.0,0,length_or_eos," The expected value of Payout A is $236 * 0.57 + $0 * 0.43 = $134.12. The expected value of Payout B is $131. Since $131 is less than $134.12, the better choice is Payout A. Therefore, the final answer is A.",massA=1 massB=3.33e-06
p1,269,26,risk,0,59,151,0.36,0.9214,4,False,A,allenai/OLMo-2-1124-7B-Instruct,fewshot,none,1,0.00019,0.99994,0,answer," Deal A has an expected value of $151 * 0.36 + $0 * 0.64 = $54.36. Deal B has an expected value of $59. Therefore, Deal B is better than Deal A because $59 > $54.36. You should take Deal B with certainty.",massA=0.000185 massB=1
p1,69,6,risk,0,94,101,0.71,0.7629,4,False,A,allenai/OLMo-2-1124-7B-Instruct,fewshot,none,1,7e-05,0.99997,0,answer," Deal A has an expected value of $101 * 0.71 + $0 * 0.29 = $72.71. Deal B has an expected value of $94. Since $72.71 < $94, deal B is better.",massA=7.28e-05 massB=1
p1,305,30,risk,0,149,447,0.26,0.78,2,False,A,allenai/OLMo-2-1124-7B-Instruct,fewshot,none,1,0.0,1.0,0,length_or_eos," The expected value of Alternative A is $447 * 0.26 = $117.02. So, the expected value of Alternative A is $117.02 and the certainty of Alternative B is $149. Since $149 is greater than $117.02, you should select Alternative B. The answer is B.",massA=3.15e-06 massB=1
p1,358,35,risk,0,91,133,0.68,0.9938,4,True,B,allenai/OLMo-2-1124-7B-Instruct,fewshot,none,1,9e-05,0.99997,0,answer," Deal A pays $91 for certain. Deal B has an expected value of $133 * 0.68 = $89.04 with 68% probability and $0 * 0.32 = $0 with 32% probability. Thus, the expected value of Deal B is $89.04. Since Deal A pays $91 for certain, which is more than the expected value of Deal B ($89.04), it is better to take Deal A.",massA=1 massB=8.51e-05
p1,366,36,risk,0,98,227,0.47,1.0887,3,True,B,allenai/OLMo-2-1124-7B-Instruct,fewshot,none,1,0.99998,0.99995,0,answer," The expected value of Payout B is $227 * 0.47 + $0 * 0.53 = $105.39. Since $105.39 > $98, the better choice is Payout B.",massA=1.83e-05 massB=1
p1,195,19,risk,0,64,122,0.49,0.9341,2,False,A,allenai/OLMo-2-1124-7B-Instruct,fewshot,none,1,4e-05,0.99999,0,answer," Expected value of Alternative A is $122 * 0.49 + $0 * 0.51 = $59.8. Expected value of Alternative B is $64. Since $64 is greater than $59.8, you should select Alternative B.",massA=4.04e-05 massB=1
p1,47,4,risk,0,29,71,0.55,1.3466,3,False,A,allenai/OLMo-2-1124-7B-Instruct,fewshot,none,1,0.99999,0.99999,0,length_or_eos," The expected value of Payout A is $71 * 0.55 + $0 * 0.45 = $38.55. The expected value of Payout B is $29. Since $29 is less than $38.55, the better choice is Payout A. Therefore, the final answer is A.",massA=1 massB=5.93e-06
p1,85,8,risk,0,62,263,0.33,1.3998,2,False,A,allenai/OLMo-2-1124-7B-Instruct,fewshot,none,1,0.99999,0.99997,0,length_or_eos," The expected value of Alternative A is $263 * 0.33 + $0 * 0.67 = $87.01. The expected value of Alternative B is $62. Since $87.01 > $62, you should select Alternative A. You would rather have Alternative A because the expected value is higher, meaning you would receive more money on average from Alternative A than from Alternative B.",massA=1 massB=6.51e-06
p1,23,2,risk,0,162,661,0.26,1.0609,1,False,A,allenai/OLMo-2-1124-7B-Instruct,fewshot,none,1,0.99986,0.99947,0,length_or_eos," The expected value of offer A is $661 * 0.26 + $0 * 0.74 = $173.86. The certainty of offer B means you will receive $162. Since $173.86 > $162, you should accept offer A. The expected value of offer A is the sum of the products of each outcome and its probability. In this case, it's $661 * 0.26 (the probability of receiving $661) plus $0 * 0.74 (the probability of not receiving $661), which equals $173.86. Since offer B guarantees $162, its expected value is $162. Since $173.86 > $162, the higher expected value makes offer A the better choice.",massA=0.999 massB=0.000139
p1,256,25,risk,0,124,207,0.76,1.2687,3,True,B,allenai/OLMo-2-1124-7B-Instruct,fewshot,none,1,0.99998,0.99998,0,answer," The expected value of Payout B is $207 * 0.76 = $157.20. The expected value of Payout A is $124. Since $157.20 > $124, the better choice is Payout B.",massA=1.86e-05 massB=1
p1,88,8,risk,0,62,263,0.33,1.3998,4,True,B,allenai/OLMo-2-1124-7B-Instruct,fewshot,none,1,0.99998,0.99995,0,answer," Deal A pays $62 for certain. Deal B has an expected value of 0.33 * $263 + 0.67 * $0 = $86.01. Since $86.01 > $62, Deal B is better.",massA=1.62e-05 massB=1
p1,46,4,risk,0,29,71,0.55,1.3466,3,True,B,allenai/OLMo-2-1124-7B-Instruct,fewshot,none,1,0.00013,0.99999,0,answer," The expected value of Payout B is $71 * 0.55 + $0 * 0.45 = $38.45. Since $38.45 < $29, Payout A is better.",massA=1 massB=0.000135
p1,117,11,risk,0,54,68,0.81,1.02,3,False,A,allenai/OLMo-2-1124-7B-Instruct,fewshot,none,1,0.99997,0.99999,0,answer," The expected value of Payout A is $68 * 0.81 + $0 * 0.19 = $55.08. The expected value of Payout B is $54. Since $55.08 > $54, the better choice is Payout A.",massA=1 massB=3.49e-05
p1,335,33,risk,0,142,446,0.53,1.6646,2,False,A,allenai/OLMo-2-1124-7B-Instruct,fewshot,none,1,1.0,0.99998,0,length_or_eos," The expected value of Alternative A is $446 * 0.53 + $0 * 0.47 = $235.18. The expected value of Alternative B is $142. Since $235.18 > $142, you should select Alternative A. The higher expected value means you will have more money on average with Alternative A. The certainty of Alternative B does not compensate for the lower expected value compared to Alternative A. Therefore, the better choice is Alternative A.",massA=1 massB=1.54e-06
p1,61,6,risk,0,94,101,0.71,0.7629,0,False,A,allenai/OLMo-2-1124-7B-Instruct,fewshot,none,1,0.99998,0.99984,0,answer," With option A, you will get $101 with 71% probability which is $71.1 and $0 with 29% probability. So the average amount you will get is $71.1. Comparing this with option B which is $94, option A is preferable as $71.1 > $94. Thus, the better option is A.",massA=1 massB=2.1e-05
p1,66,6,risk,0,94,101,0.71,0.7629,3,True,B,allenai/OLMo-2-1124-7B-Instruct,fewshot,none,1,1.0,0.99999,0,length_or_eos," The expected value of Payout B is $101 * 0.71 + $0 * 0.29 = $71.71. Since $71.71 > $94, the better choice is Payout B. Therefore, the final answer is B.",massA=1.19e-06 massB=1
p1,364,36,risk,0,98,227,0.47,1.0887,2,True,B,allenai/OLMo-2-1124-7B-Instruct,fewshot,none,1,0.0,0.99999,0,length_or_eos," The expected value of Alternative B is $227 * 0.47 = $106.09. Since $106.09 < $98, you would rather have Alternative A. The certainty of receiving $98 is more valuable than the expected value of $106.09, because you are guaranteed to receive $98, whereas with Alternative B, there is a 53% chance you will receive nothing. Therefore, the correct answer is Alternative A.",massA=1 massB=2.32e-06
p1,31,3,risk,0,46,158,0.33,1.1335,0,False,A,allenai/OLMo-2-1124-7B-Instruct,fewshot,none,1,0.99996,0.99995,0,answer," The expected value of Option A is 0.33 * $158 + 0.67 * $0 = $52.06. The expected value of Option B is $46. Since $52.06 > $46, you prefer Option A.",massA=1 massB=4.33e-05
p2,430,14,gain,0,81,201,0.68,1.6874,0,True,B,allenai/OLMo-2-1124-7B-Instruct,fewshot,none,1,0.99996,0.99996,0,answer," The expected value of option B is 0.68 * $201 + 0.32 * $0 = $136.64. The expected value of option A is $81. Since $136.64 > $81, option B has a higher expected value. Therefore, I prefer option B.",massA=4.3e-05 massB=1
p2,632,21,neutral,0,106,206,0.73,1.4187,1,True,B,allenai/OLMo-2-1124-7B-Instruct,fewshot,none,1,6e-05,0.99999,0,answer," Arrangement A pays $106 for certain. Arrangement B has an expected value of $206 * 0.73 = $149.32. Since $149.32 is less than $106, arrangement B is less valuable than arrangement A.",massA=1 massB=6.13e-05
p2,283,9,gain,0,49,153,0.26,0.8118,1,False,A,allenai/OLMo-2-1124-7B-Instruct,fewshot,none,1,1e-05,1.0,0,answer," The expected value of arrangement A is 0.26 * $153 + 0.74 * $0 = $39.78. The expected value of arrangement B is $49 for certain. Since $39.78 < $49, arrangement B has a higher expected value.",massA=7.86e-06 massB=1
p2,256,8,gain,0,62,263,0.33,1.3998,3,True,B,allenai/OLMo-2-1124-7B-Instruct,fewshot,none,1,1.0,0.99997,0,length_or_eos," The expected value of Outcome B is 0.33 * $263 + 0.67 * $0 = $86.01. The expected value of Outcome A is $62. Since $62 is less than $86.01, you should choose Outcome B. The expected value is a way to calculate the average amount of money you can expect to win from a gamble, considering the probability of each outcome. In this case, Outcome B has a higher expected value than Outcome A, so it's the better choice, even though there's a chance of getting nothing. The expected value of Outcome B is $86.01, which is higher than the certain gain of $62 from Outcome A. Therefore, you should choose Outcome B to maximize your expected winnings.",massA=8.63e-07 massB=1
p2,264,8,mixed,62,62,263,0.33,1.3998,2,True,B,allenai/OLMo-2-1124-7B-Instruct,fewshot,none,1,0.99989,0.99993,0,blank," With Alternative A, you keep your $62 with no change. With Alternative B, there is a 33% chance to gain $201, which is a $201 gain, and a 67% chance to lose $62, which is a $62 loss. On average, the expected value of Alternative B is $62 + ($201 * 0.33) - $62 * 0.67 = $62 + $67 - $41.34 = $86.66. Thus, Alternative B has an expected value of $86.66, which is greater than the $62 you would keep with Alternative A. Therefore, you should select Alternative B.",massA=0.000107 massB=1
p2,919,30,gain,0,149,447,0.26,0.78,4,False,A,allenai/OLMo-2-1124-7B-Instruct,fewshot,none,1,5e-05,0.99997,0,length_or_eos," First calculate the expected value of Term A: 0.26 * $447 + 0.74 * $0 = $117.42. Then compare this to the certain gain of Term B: $149. Since $149 > $117.42, you should choose Term B. You are guaranteed to gain more with Term B than with Term A.",massA=4.95e-05 massB=1
p2,129,4,neutral,0,29,71,0.55,1.3466,4,False,A,allenai/OLMo-2-1124-7B-Instruct,fewshot,none,1,0.9993,0.9996,0,answer," With Term A, you have an expected value of 0.55 * $71 + 0.45 * $0 = $38.55. With Term B, you receive $29 for certain. Since $38.55 > $29, you should choose Term A.",massA=0.999 massB=0.000704
p2,193,6,gain,0,94,101,0.71,0.7629,1,False,A,allenai/OLMo-2-1124-7B-Instruct,fewshot,none,1,2e-05,0.99999,0,answer," The expected value of arrangement A is 71% * $101 + 29% * $0 = $71.71. The expected value of arrangement B is $94. Since $94 > $71.71, you should take arrangement B.",massA=1.97e-05 massB=1
p2,575,19,neutral,0,64,122,0.49,0.9341,2,False,A,allenai/OLMo-2-1124-7B-Instruct,fewshot,none,1,4e-05,0.99999,0,length_or_eos," With Alternative A, you will get $122 with a 49% probability and $0 with a 51% probability. The expected value of Alternative A is $122 * 0.49 + $0 * 0.51 = $60.2. Since $64 is more than $60.2, you should select Alternative B. You are guaranteed to receive $64 with Alternative B, which is more than the expected value of Alternative A. Therefore, you should select Alternative B.",massA=4.43e-05 massB=1
p2,571,19,neutral,0,64,122,0.49,0.9341,0,False,A,allenai/OLMo-2-1124-7B-Instruct,fewshot,none,1,4e-05,0.99998,0,answer," With option A, you will get $122 with 49% probability which is $122 * 0.49 = $60.98 on average. The total average value is $60.98. Since option B guarantees $64, it is better to choose option B.",massA=3.93e-05 massB=1
p2,1042,34,mixed,52,52,96,0.63,1.1631,1,True,B,allenai/OLMo-2-1124-7B-Instruct,fewshot,none,1,0.99984,0.9999,0,answer," Arrangement B has a 63% chance to rise to $96, which is a gain of $44. The potential gain from this arrangement is $44. The potential loss is $52. The expected value of this arrangement is (0.63 * $96) + (0.37 * -$52) = $59.04 - $19.24 = $39.80. Since you start with $52, you should take Arrangement B because $52 + $39.80 = $91.80. The difference between the starting amount and the expected value of Arrangement B is $91.80 - $52 = $39.80. This means you gain $39.80 by choosing Arrangement B.",massA=0.000159 massB=1
p2,1105,36,mixed,98,98,227,0.47,1.0887,2,False,A,allenai/OLMo-2-1124-7B-Instruct,fewshot,none,1,0.00044,0.99997,0,length_or_eos," In Alternative A, you have a 47% chance to gain $129 and a 53% chance to lose $98. The expected value of this alternative is (0.47 * $129) + (0.53 * -$98) = $60.51 - $51.94 = $8.57. In Alternative B, you keep your $98 with no change. Comparing the expected values, Alternative A has an expected value of $8.57 while Alternative B has an expected value of $98. Thus, you should select Alternative B as it has a higher expected value.",massA=0.000441 massB=1
p2,1089,36,neutral,0,98,227,0.47,1.0887,4,False,A,allenai/OLMo-2-1124-7B-Instruct,fewshot,none,1,0.99969,0.99989,0,answer," The expected value of Term A is 0.47 * $227 + 0.53 * $0 = $106.09. The expected value of Term B is $98. Since $98 < $106.09, you should choose Term A.",massA=1 massB=0.000308
p2,399,13,neutral,0,72,88,0.64,0.7822,4,False,A,allenai/OLMo-2-1124-7B-Instruct,fewshot,none,1,2e-05,0.99993,0,answer," With Term A, you have an expected value of $88 * 0.64 = $56.32. Since $56.32 is less than $72, you should choose Term B, which guarantees $72.",massA=2.27e-05 massB=1
p2,1078,35,mixed,91,91,133,0.68,0.9938,4,True,B,allenai/OLMo-2-1124-7B-Instruct,fewshot,none,1,0.99942,0.99974,0,answer," Term B has an expected value of (0.68 * $133) + (0.32 * $0) = $89.04. Since $89.04 > $91, you should choose Term B.",massA=0.000584 massB=0.999
p2,496,16,gain,0,139,234,0.6,1.0101,3,True,B,allenai/OLMo-2-1124-7B-Instruct,fewshot,none,1,0.99999,1.0,0,answer," Outcome A guarantees $139. Outcome B has a 60% chance of gaining $234 and a 40% chance of gaining nothing, which averages out to 0.6 * $234 + 0.4 * $0 = $140.40. Since $139 is certain with Outcome A, and $140.40 is the average with Outcome B, the better choice is to take Outcome B, because it has a higher expected value.",massA=6.14e-06 massB=1
p2,443,14,mixed,81,81,201,0.68,1.6874,1,False,A,allenai/OLMo-2-1124-7B-Instruct,fewshot,none,1,0.99997,0.99993,0,blank," With arrangement A, you have a 68% chance to gain $120, which is a net gain of $39. The 32% chance to lose $81 means you effectively break even in this scenario. Thus, arrangement A offers a net gain of $39, while arrangement B offers $0. Therefore, you should take arrangement A for a net gain of $39. The potential loss of $81 in arrangement A is offset by the guaranteed $0 loss in arrangement B, making A the better choice.",massA=1 massB=2.58e-05
p2,625,20,mixed,186,186,266,0.63,0.901,2,False,A,allenai/OLMo-2-1124-7B-Instruct,fewshot,none,1,3e-05,0.99998,0,length_or_eos," In Alternative A, you have a 63% chance to gain $80, which is $80 * 0.63 = $50.40. And a 37% chance to lose $186, which is a loss of $186 * 0.37 = $68.52. So the expected value of Alternative A is $50.40 - $68.52 = -$18.12. Keeping $186 with no change in Alternative B means you have an expected value of $186. Therefore, you should select Alternative B. The final answer is: B.",massA=3.08e-05 massB=1
p2,254,8,gain,0,62,263,0.33,1.3998,2,True,B,allenai/OLMo-2-1124-7B-Instruct,fewshot,none,1,1e-05,1.0,0,blank," First calculate the expected value of Alternative B which is 0.33 * $263 + 0.67 * $0 = $86.01. Since $86.01 is less than the certain gain of $62 from Alternative A, the best choice is Alternative A. The expected value of Alternative B is 0.33 * $263 + 0.67 * $0 = $86.01. Since $86.01 is less than the certain gain of $62 from Alternative A, the best choice is Alternative A.",massA=1 massB=9.26e-06
p2,528,17,gain,0,117,362,0.42,1.2995,4,True,B,allenai/OLMo-2-1124-7B-Instruct,fewshot,none,1,0.99999,0.99996,0,answer," Term A guarantees $117. Term B has an expected value of 0.42 * $362 + 0.58 * $0 = $152.04. Since $152.04 > $117, the best choice is Term B.",massA=8.09e-06 massB=1
p2,276,9,neutral,0,49,153,0.26,0.8118,3,True,B,allenai/OLMo-2-1124-7B-Instruct,fewshot,none,1,0.00024,0.99999,0,answer," The expected value of outcome B is 0.26 * $153 + 0.74 * $0 = $39.78. Since $39.78 < $49, outcome A is better.",massA=1 massB=0.000243
p2,929,30,mixed,149,149,447,0.26,0.78,4,False,A,allenai/OLMo-2-1124-7B-Instruct,fewshot,none,1,0.00029,0.99991,0,answer," Term A has an expected value of (0.26 * 298) + (0.74 * 0) = $77.48. Keeping Term B means you keep your $149 with no change. Since $77.48 < $149, keeping Term B is the better option.",massA=0.000294 massB=1
p2,908,30,neutral,0,149,447,0.26,0.78,4,True,B,allenai/OLMo-2-1124-7B-Instruct,fewshot,none,1,0.00071,0.99978,0,answer," The expected value of Term B is 0.26 * $447 + 0.74 * $0 = $117.42. Since $149 > $117.42, the best choice is Term A.",massA=0.999 massB=0.00071
p2,207,6,mixed,94,94,101,0.71,0.7629,3,False,A,allenai/OLMo-2-1124-7B-Instruct,fewshot,none,1,4e-05,0.99991,0,blank," With outcome A, you have a 71% chance to gain $7, which is a $7 * 0.71 = $4.97 expected gain. There's also a 29% chance to lose $94, which is a $94 * 0.29 = $27.06 expected loss. So, the total expected value of outcome A is $4.97 + (-$27.06) = -$22.09. Since keeping $94 with outcome B gives you an expected value of $94, outcome B is better. Therefore, you should choose outcome B.",massA=3.68e-05 massB=1
p2,601,20,neutral,0,186,266,0.63,0.901,0,False,A,allenai/OLMo-2-1124-7B-Instruct,fewshot,none,1,0.00016,0.99998,0,answer," With option A, you will get $266 with 63% probability which is $266 * 0.63 = $167.68. With 37% probability, you will get $0. So the average amount you will get is $167.68. Option B guarantees $186. Therefore, option B is better than option A. You should pick option B.",massA=0.000164 massB=1
p2,317,10,gain,0,111,278,0.58,1.4526,3,False,A,allenai/OLMo-2-1124-7B-Instruct,fewshot,none,1,1e-05,1.0,0,length_or_eos," Outcome A has an expected value of 0.58 * $278 + 0.42 * $0 = $161.04. Outcome B has an expected value of $111. Since $111 > $161.04, you should choose Outcome B. You are guaranteed to gain $111 with Outcome B, whereas with Outcome A, you only have a 58% chance of gaining $278, and a 42% chance of gaining nothing. The certainty of gaining $111 in Outcome B makes it the better choice compared to the uncertainty and lower expected value of Outcome A.",massA=8.04e-06 massB=1
p2,1069,35,gain,0,91,133,0.68,0.9938,4,False,A,allenai/OLMo-2-1124-7B-Instruct,fewshot,none,1,9e-05,0.99982,0,length_or_eos," First calculate the expected value of Term A: 0.68 * $133 + 0.32 * $0 = $89.36. Then compare this to the certain gain of $91 from Term B. Since $89.36 < $91, the better choice is Term B. You should take Term B, which guarantees a $91 gain, instead of Term A, which only has an expected value of $89.36 with a chance of gaining nothing.",massA=9.24e-05 massB=1
p2,1035,34,gain,0,52,96,0.63,1.1631,2,False,A,allenai/OLMo-2-1124-7B-Instruct,fewshot,none,1,2e-05,0.99997,0,length_or_eos," First calculate the expected value of Alternative A which is 0.63 * $96 + 0.37 * $0 = $59.68. Since Alternative B offers a certain $52, it is more valuable than the expected value of Alternative A. Therefore, you should select Alternative B. The final answer is: B.",massA=1.91e-05 massB=1
p2,475,15,mixed,82,82,113,0.74,1.0198,2,False,A,allenai/OLMo-2-1124-7B-Instruct,fewshot,none,1,0.00053,0.99984,0,length_or_eos," In Alternative A, you have a 74% chance to gain $31, which is a net gain of $22.26 ($31 - $8.74 = $22.26). However, there's also a 26% chance to lose $82, which is a net loss of $98.74 ($82 - $8.74 = $98.26). Overall, the expected value of Alternative A is $22.26 + (-$98.26) = -$76. The expected value of keeping $82 with no change is $82. Therefore, you should select Alternative B. The expected value of Alternative A is -$76, while the expected value of Alternative B is $82. The difference between the two is $82 - (-$76) = $158. So, you should select Alternative B by a margin of $158.",massA=0.000527 massB=0.999
p2,610,20,gain,0,186,266,0.63,0.901,0,True,B,allenai/OLMo-2-1124-7B-Instruct,fewshot,none,1,0.00011,0.99995,0,length_or_eos," The expected value of option B is 0.63 * $266 + 0.37 * $0 = $167.10. The expected value of option A is $186. Since $186 > $167.10, you prefer option A. The better choice is A.",massA=1 massB=0.000108
p2,1269,34,dominant,0,52,110,1.0,2.1154,3,False,A,allenai/OLMo-2-1124-7B-Instruct,fewshot,none,1,0.99916,0.99998,0,answer, Outcome A pays $110 for certain. Outcome B pays $52 for certain.,massA=0.999 massB=0.000836
p2,243,8,neutral,0,62,263,0.33,1.3998,1,False,A,allenai/OLMo-2-1124-7B-Instruct,fewshot,none,1,0.00012,0.99999,0,answer, Arrangement A has an expected value of $263 * 0.33 + $0 * 0.67 = $87.01. Arrangement B pays $62 for certain.,massA=0.000122 massB=1
p2,416,13,mixed,72,72,88,0.64,0.7822,3,True,B,allenai/OLMo-2-1124-7B-Instruct,fewshot,none,1,0.99997,0.99999,0,length_or_eos," Keeping the $72 guarantees you will have $72. With outcome B, you have a 64% chance to gain $16 for a total of $88 and a 36% chance to lose $72 for a total of $0. On average, outcome B gives you a gain of $88 - $72 + (0.64 * $16) - $72 = $4. So, you should choose outcome B because $4 is more than $0 and you have a 64% chance to gain $16 and a 36% chance to keep your $72.",massA=3.41e-05 massB=1
p2,1241,20,dominant,0,186,229,1.0,1.2312,2,False,A,allenai/OLMo-2-1124-7B-Instruct,fewshot,none,1,1.0,1.0,0,length_or_eos, $229 is greater than $186. You would rather have Alternative A. The final answer: A.,massA=1 massB=4.63e-06
p2,580,19,gain,0,64,122,0.49,0.9341,0,True,B,allenai/OLMo-2-1124-7B-Instruct,fewshot,none,1,3e-05,0.99999,0,answer," The expected value of option B is 0.49 * $122 + 0.51 * $0 = $59.89. The expected value of option A is $64. Since $64 is greater than $59.89, you prefer option A.",massA=1 massB=3.14e-05
p2,612,20,gain,0,186,266,0.63,0.901,1,True,B,allenai/OLMo-2-1124-7B-Instruct,fewshot,none,1,4e-05,0.99999,0,answer," The expected value of arrangement B is $266 * 0.63 + $0 * 0.37 = $167.02. The certain gain from arrangement A is $186. Since $186 is greater than $167.02, you should take arrangement A.",massA=1 massB=4.17e-05
p2,478,15,mixed,82,82,113,0.74,1.0198,4,True,B,allenai/OLMo-2-1124-7B-Instruct,fewshot,none,1,0.99896,0.99983,0,answer," Term B has an expected value of (0.74 * $113) + (0.26 * $0) = $83.22. Since $83.22 > $82, taking Term B is the better choice.",massA=0.00104 massB=0.999
p2,938,31,neutral,0,51,151,0.29,0.8586,4,True,B,allenai/OLMo-2-1124-7B-Instruct,fewshot,none,1,0.00045,0.99987,0,answer," The expected value of Term B is 0.29 * $151 + 0.71 * $0 = $43.29. Since $43.29 < $51, the best choice is Term A.",massA=0.999 massB=0.000455
p2,343,11,gain,0,54,68,0.81,1.02,1,False,A,allenai/OLMo-2-1124-7B-Instruct,fewshot,none,1,0.9999,0.99995,0,answer," With arrangement A, you have an expected value of 0.81 * $68 = $54.81. With arrangement B, you are guaranteed $54. Since $54.81 > $54, you should choose arrangement A.",massA=1 massB=0.000104
p2,1159,38,gain,0,183,609,0.38,1.2646,4,False,A,allenai/OLMo-2-1124-7B-Instruct,fewshot,none,1,0.99977,0.99968,0,blank," First calculate the expected value of Term A: 0.38 * $609 + 0.62 * $0 = $231.42. Then compare this to the certain gain of Term B: $183. Since $231.42 > $183, the better choice is Term A.",massA=0.999 massB=0.00023
p2,449,14,mixed,81,81,201,0.68,1.6874,4,False,A,allenai/OLMo-2-1124-7B-Instruct,fewshot,none,1,0.99969,0.99968,0,blank," Term A has an expected value of (0.68 * $201) + (0.32 * $0) = $136.64. Term B has an expected value of $81. Since $136.64 > $81, you should choose Term A.",massA=0.999 massB=0.000305
p2,1164,38,mixed,183,183,609,0.38,1.2646,2,True,B,allenai/OLMo-2-1124-7B-Instruct,fewshot,none,1,0.0,1.0,0,blank," With Alternative A, you keep your $183 with no change. With Alternative B, there is a 38% chance to gain $426, which equals to an expected value of $426 * 0.38 = $161.28. However, there is also a 62% chance to lose $183, which equals to a loss of $183 * 0.62 = $113.46. Therefore, the expected value of Alternative B is $161.28 - $113.46 = $47.82. Since $47.82 is less than $183, Alternative A is better than Alternative B. Thus, you should select Alternative A.",massA=1 massB=3.28e-06
p2,1086,36,neutral,0,98,227,0.47,1.0887,3,True,B,allenai/OLMo-2-1124-7B-Instruct,fewshot,none,1,5e-05,1.0,0,answer," Outcome B has a 47% chance of giving you $227 and a 53% chance of giving you $0. The expected value of Outcome B is 0.47 * $227 + 0.53 * $0 = $106.09. Since $106.09 < $98, Outcome A is better.",massA=1 massB=5.08e-05
p2,344,11,gain,0,54,68,0.81,1.02,2,True,B,allenai/OLMo-2-1124-7B-Instruct,fewshot,none,1,0.99999,1.0,0,blank," The expected value of Alternative B is 0.81 * $68 + 0.19 * $0 = $54.60. Since $54.60 > $54, Alternative B is better than Alternative A. Therefore, you should select Alternative B.",massA=1.24e-05 massB=1
p2,266,8,mixed,62,62,263,0.33,1.3998,3,True,B,allenai/OLMo-2-1124-7B-Instruct,fewshot,none,1,0.99996,0.99998,0,answer," With outcome A, you keep your $62 with no change. With outcome B, you have a 33% chance to gain $201, which is a net gain of $63.33, and a 67% chance to lose $62, which is a net loss of $62. On average, outcome B gives you a net gain of $1.33 ($63.33 - $62). Therefore, you should choose outcome B for a better average outcome of $1.33 more than keeping your $62.",massA=3.88e-05 massB=1
p2,1026,34,neutral,0,52,96,0.63,1.1631,3,True,B,allenai/OLMo-2-1124-7B-Instruct,fewshot,none,1,1.0,1.0,0,answer," Outcome B has an expected value of $96 * 0.63 + $0 * 0.37 = $60.48. Outcome A is worth $52 for certain. Since $60.48 > $52, the better choice is Outcome B.",massA=3.84e-06 massB=1
p2,1108,36,mixed,98,98,227,0.47,1.0887,4,True,B,allenai/OLMo-2-1124-7B-Instruct,fewshot,none,1,0.99904,0.99948,0,answer," The expected value of Term B is calculated as follows: (0.47 * $227) + (0.53 * $0) = $106.09. Since $106.09 > $98, the best decision is to choose Term B, which has an expected value of $106.09, a gain of $8.09 from the initial $98.",massA=0.000962 massB=0.999
p2,1262,31,dominant,0,51,73,1.0,1.4314,1,True,B,allenai/OLMo-2-1124-7B-Instruct,fewshot,none,1,1.0,1.0,0,answer, Arrangement B pays $73 for certain which is more than the $51 for certain offered by Arrangement A.,massA=4.89e-06 massB=1
p2,184,6,neutral,0,94,101,0.71,0.7629,2,True,B,allenai/OLMo-2-1124-7B-Instruct,fewshot,none,1,0.0,1.0,0,length_or_eos," The expected value of Alternative B is 0.71 * $101 + 0.29 * $0 = $71.29. This is less than the certain $94 from Alternative A. Therefore, you should choose Alternative A. You would rather have $94 for certain than $71.29 with a 71% chance.",massA=1 massB=4.24e-06
p2,586,19,gain,0,64,122,0.49,0.9341,3,True,B,allenai/OLMo-2-1124-7B-Instruct,fewshot,none,1,9e-05,0.99998,0,length_or_eos," The expected value of Outcome B is $122 * 0.49 + $0 * 0.51 = $59.98. The expected value of Outcome A is $64. Since $64 is greater than $59.98, you should choose Outcome A. The expected value is a way to calculate the average amount of money you can expect to have after making a decision, considering all possible outcomes and their probabilities. In this case, Outcome A has a higher expected value than Outcome B, so you should choose it to maximize your expected earnings.",massA=1 massB=8.85e-05
p2,1155,38,gain,0,183,609,0.38,1.2646,2,False,A,allenai/OLMo-2-1124-7B-Instruct,fewshot,none,1,0.99999,0.99994,0,length_or_eos," The expected value of Alternative A is 0.38 * 609 = $231.82. The expected value of Alternative B is $183. Since $231.82 > $183, you should select Alternative A. You would risk losing $616.18 ($609 - $183) for a chance to gain $231.82. This is a reasonable risk to take because the potential gain is significantly higher than the potential loss.",massA=1 massB=9.95e-06
p2,485,16,neutral,0,139,234,0.6,1.0101,2,False,A,allenai/OLMo-2-1124-7B-Instruct,fewshot,none,1,0.0001,0.99999,0,answer," With Alternative A, you will get $234 with 60% probability which is $234 * 0.6 = $140.4. With 40% probability, you will get $0. So the average amount you will get with Alternative A is $140.4. Since $140.4 is less than $139, Alternative B is better. You would rather have Alternative B, which guarantees $139, than Alternative A, which averages to $140.4 but is not guaranteed.",massA=9.69e-05 massB=1
p2,127,4,neutral,0,29,71,0.55,1.3466,3,False,A,allenai/OLMo-2-1124-7B-Instruct,fewshot,none,1,0.99995,0.99998,0,answer," The expected value of Outcome A is $71 * 0.55 + $0 * 0.45 = $38.55. The expected value of Outcome B is $29. Since $29 is less than $38.55, you should choose Outcome A.",massA=1 massB=5.12e-05
p2,426,14,neutral,0,81,201,0.68,1.6874,3,True,B,allenai/OLMo-2-1124-7B-Instruct,fewshot,none,1,1.0,1.0,0,answer," Outcome B has an expected value of $201 * 0.68 + $0 * 0.32 = $136.4. Outcome A is a sure $81. Since $136.4 > $81, Outcome B is better.",massA=2e-06 massB=1
p2,251,8,gain,0,62,263,0.33,1.3998,0,False,A,allenai/OLMo-2-1124-7B-Instruct,fewshot,none,1,0.99997,0.99797,0,answer," The expected value of Option A is 0.33 * $263 + 0.67 * $0 = $86.91. The expected value of Option B is $62 for certain. Since $86.91 > $62, the better choice is Option A.",massA=0.998 massB=2.9e-05
p2,420,14,neutral,0,81,201,0.68,1.6874,0,True,B,allenai/OLMo-2-1124-7B-Instruct,fewshot,none,1,4e-05,1.0,0,answer," Option A pays $81 for certain. Option B has a 68% chance of paying $201 and a 32% chance of paying $0. The expected value of option B is $201 * 0.68 + $0 * 0.32 = $136.4. Since $136.4 is less than $81, option A is preferable.",massA=1 massB=4.17e-05
p2,1040,34,mixed,52,52,96,0.63,1.1631,0,True,B,allenai/OLMo-2-1124-7B-Instruct,fewshot,none,1,2e-05,0.99151,0,length_or_eos," With option A, you keep your $52 with no change. With option B, you have a 63% chance to gain $44, resulting in a total of $96. However, there's also a 37% chance to lose your $52, resulting in no money. The expected value of option B is (0.63 * $96) + (0.37 * $0) = $60.28. Since $60.28 is less than the $52 you already have with option A, option A is the better choice. The safer choice is to keep your $52 with no change, as option A guarantees you'll keep your initial $52, whereas option B carries a risk of losing it all. However, if you're willing to take the risk, option B has a higher expected value. But since the question asks for the option you prefer, and most people prefer certainty over risk, the safer choice is to stick with option A.",massA=0.991 massB=2.34e-05
p2,904,30,neutral,0,149,447,0.26,0.78,2,True,B,allenai/OLMo-2-1124-7B-Instruct,fewshot,none,1,0.0,0.99993,0,length_or_eos," The expected value of Alternative B is 447 * 0.26 = $117.42. This is less than the certain $149 from Alternative A. Therefore, you should choose Alternative A. You are guaranteed $149 with Alternative A, whereas with Alternative B you may end up with $0. The expected value calculation shows that Alternative B is less valuable than Alternative A on average. Even though there is a chance to win more with Alternative B, the probability of winning is not high enough to make up for the certainty of a higher amount with Alternative A. Therefore, the better choice is Alternative A.",massA=1 massB=1.23e-06
p2,911,30,gain,0,149,447,0.26,0.78,0,False,A,allenai/OLMo-2-1124-7B-Instruct,fewshot,none,1,1e-05,0.99999,0,answer," The expected value of Option A is 0.26 * $447 + 0.74 * $0 = $117.42. The expected value of Option B is $149. Since $149 is greater than $117.42, Option B is preferable.",massA=1.42e-05 massB=1
p2,124,4,neutral,0,29,71,0.55,1.3466,2,True,B,allenai/OLMo-2-1124-7B-Instruct,fewshot,none,1,0.0,0.99999,0,length_or_eos," The expected value of Alternative B is 0.55 * $71 + 0.45 * $0 = $38.85. This is less than the certain $29 offered by Alternative A. Therefore, you should choose Alternative A. The expected value of Alternative B is 0.55 * $71 + 0.45 * $0 = $38.85. This is less than the certain $29 offered by Alternative A. Therefore, you should choose Alternative A.",massA=1 massB=4.46e-06
p2,147,4,mixed,29,29,71,0.55,1.3466,3,False,A,allenai/OLMo-2-1124-7B-Instruct,fewshot,none,1,9e-05,0.99989,0,length_or_eos," With outcome A, you have a 55% chance to gain $42, which is a $11.50 average gain. The 45% chance to lose $29 means an average loss of $13.25. So, the expected value of outcome A is $11.50 - $13.25 = -$1.75. Keeping outcome B means you keep your $29 with no change. Thus, outcome B has an expected value of $29. Therefore, you should choose outcome B, as it has a higher expected value of $29 compared to outcome A's -$1.75.",massA=9.06e-05 massB=1
p2,467,15,gain,0,82,113,0.74,1.0198,3,False,A,allenai/OLMo-2-1124-7B-Instruct,fewshot,none,1,0.99999,1.0,0,answer," Outcome A has an expected value of 74% * $113 + 26% * $0 = $84.22. Outcome B has an expected value of $82. Since $84.22 > $82, the better choice is Outcome A.",massA=1 massB=1.04e-05
p2,310,10,gain,0,111,278,0.58,1.4526,0,True,B,allenai/OLMo-2-1124-7B-Instruct,fewshot,none,1,0.99996,0.99996,0,answer," The expected value of option B is 0.58 * $278 + 0.42 * $0 = $161.16. The expected value of option A is $111. Since $161.16 > $111, option B has a higher expected value. Therefore, I prefer option B.",massA=3.58e-05 massB=1
p2,397,13,neutral,0,72,88,0.64,0.7822,3,False,A,allenai/OLMo-2-1124-7B-Instruct,fewshot,none,1,1e-05,0.99999,0,answer," With outcome A, you expect to receive $88 * 0.64 = $56.32 on average. Since $56.32 is less than $72, you should choose outcome B to receive $72 for certain.",massA=6.14e-06 massB=1
p2,626,20,mixed,186,186,266,0.63,0.901,3,True,B,allenai/OLMo-2-1124-7B-Instruct,fewshot,none,1,4e-05,0.99995,0,answer," Keeping the $186 means you have $186. Outcome B has a 63% chance to give you $266, which is a gain of $80. However, there's also a 37% chance to lose all your money, resulting in a loss of $186. On average, the expected value of Outcome B is $186 + 0.63 * $80 - 0.37 * $186 = $186 + $50.40 - $68.02 = $178.38. Since $178.38 is less than $186, Outcome B has a lower expected value than keeping the initial amount. Therefore, you should choose Outcome A to keep your $186 with no change, as it yields a higher expected value than Outcome B.",massA=1 massB=3.79e-05
p2,943,31,gain,0,51,151,0.29,0.8586,1,False,A,allenai/OLMo-2-1124-7B-Instruct,fewshot,none,1,2e-05,0.99999,0,answer," The expected value of arrangement A is 0.29 * $151 + 0.71 * $0 = $43.29. The expected value of arrangement B is $51. Since $51 > $43.29, you should take arrangement B.",massA=2.22e-05 massB=1
p2,186,6,neutral,0,94,101,0.71,0.7629,3,True,B,allenai/OLMo-2-1124-7B-Instruct,fewshot,none,1,0.99999,0.99999,0,answer," You should choose Outcome B because 71% probability of $101 is greater than 0% probability of $94. In other words, you have a 71% chance of earning $101, which is better than the 100% chance of earning $94.",massA=5.93e-06 massB=1
p2,274,9,neutral,0,49,153,0.26,0.8118,2,True,B,allenai/OLMo-2-1124-7B-Instruct,fewshot,none,1,0.0,0.99998,0,blank," The expected value of Alternative B is $153 * 0.26 = $39.78. Thus, Alternative A pays more than Alternative B on average, $49 > $39.78. Therefore, you should choose Alternative A. The expected value of Alternative B is 153 * 0.26 = 39.78. Thus, Alternative A pays more than Alternative B on average, $49 > $39.78. Therefore, you should choose Alternative A.",massA=1 massB=3.9e-06
p2,503,16,mixed,139,139,234,0.6,1.0101,1,False,A,allenai/OLMo-2-1124-7B-Instruct,fewshot,none,1,6e-05,0.99998,0,length_or_eos," In Arrangement A, you have a 60% chance to gain $95, which is a net gain of $59. On the other hand, you have a 40% chance to lose $139. The expected value of this arrangement is (0.6 * $95) + (0.4 * -$139) = $59 - $55.60 = $3.40. In Arrangement B, you keep your $139 with no change. Comparing the expected values, Arrangement A has an expected value of $3.40 while Arrangement B has a guaranteed $139. Therefore, you should take Arrangement B.",massA=5.72e-05 massB=1
p2,937,31,neutral,0,51,151,0.29,0.8586,3,False,A,allenai/OLMo-2-1124-7B-Instruct,fewshot,none,1,2e-05,0.99999,0,answer," The expected value of Outcome A is $151 * 0.29 + $0 * 0.71 = $43.29. The expected value of Outcome B is $51. Since $51 > $43.29, you should choose Outcome B.",massA=1.72e-05 massB=1
p2,1034,34,gain,0,52,96,0.63,1.1631,2,True,B,allenai/OLMo-2-1124-7B-Instruct,fewshot,none,1,0.99998,1.0,0,length_or_eos," The expected value of Alternative B is 0.63 * $96 + 0.37 * $0 = $59.28. The expected value of Alternative A is $52. Since $52 is less than $59.28, you should select Alternative B. The expected value is a mathematical expectation that accounts for all possible outcomes. In this case, it helps compare the average amount of money you could expect from each alternative. Since the expected value of Alternative B is higher than the certain gain of $52 from Alternative A, you should select Alternative B for a higher expected gain.",massA=2.18e-05 massB=1
p2,959,31,mixed,51,51,151,0.29,0.8586,4,False,A,allenai/OLMo-2-1124-7B-Instruct,fewshot,none,1,0.00027,0.99982,0,length_or_eos," Term A has an expected value of (0.29 * 151) + (0.71 * 0) = $43.29. Term B guarantees $51. Thus, taking Term A would leave you with an expected $43.29, while taking Term B would leave you with $51. Therefore, you should take Term B, as it guarantees a higher expected payout of $51 compared to Term A's $43.29.",massA=0.000273 massB=1
p2,272,9,neutral,0,49,153,0.26,0.8118,1,True,B,allenai/OLMo-2-1124-7B-Instruct,fewshot,none,1,6e-05,0.99997,0,answer," The expected value of arrangement B is 0.26 * $153 + 0.74 * $0 = $39.18. Since $49 > $39.18, arrangement A is the better choice.",massA=1 massB=6.38e-05
p2,279,9,neutral,0,49,153,0.26,0.8118,4,False,A,allenai/OLMo-2-1124-7B-Instruct,fewshot,none,1,3e-05,0.99996,0,answer," The expected value of Term A is 0.26 * $153 + 0.74 * $0 = $39.78. The expected value of Term B is $49. Since $39.78 < $49, you should choose Term B, which guarantees $49.",massA=3.22e-05 massB=1
p2,522,17,gain,0,117,362,0.42,1.2995,1,True,B,allenai/OLMo-2-1124-7B-Instruct,fewshot,none,1,0.99999,0.99999,0,blank," The expected value of arrangement B is 0.42 * $362 + 0.58 * $0 = $152.04. The certain gain from arrangement A is $117. Since $117 < $152.04, arrangement B has a higher expected value. Therefore, you should take arrangement B.",massA=1.02e-05 massB=1
p2,332,11,neutral,0,54,68,0.81,1.02,1,True,B,allenai/OLMo-2-1124-7B-Instruct,fewshot,none,1,2e-05,0.99999,0,answer," Arrangement A pays $54 for certain. Arrangement B has an expected value of $68 * 0.81 = $55.08. Since $54 is certain with A, and $55.08 is the expected value with B, the better choice is A.",massA=1 massB=2.32e-05
p2,297,9,mixed,49,49,153,0.26,0.8118,3,False,A,allenai/OLMo-2-1124-7B-Instruct,fewshot,none,1,5e-05,0.99998,0,length_or_eos," The expected value of Outcome A is (0.26 * $153) + (0.74 * $0) = $39.78. The expected value of keeping Outcome B is $49. Since $39.78 < $49, the better choice is to keep Outcome B, which ensures you keep the $49 you already have, rather than risking a loss of $49 with Outcome A. The final answer is: B.",massA=5.16e-05 massB=1
p2,280,9,gain,0,49,153,0.26,0.8118,0,True,B,allenai/OLMo-2-1124-7B-Instruct,fewshot,none,1,2e-05,1.0,0,answer," The expected value of option B is 0.26 * $153 + 0.74 * $0 = $39.18. The expected value of option A is $49. Since $49 is greater than $39.18, option A is preferable.",massA=1 massB=2.03e-05
p2,1073,35,mixed,91,91,133,0.68,0.9938,1,False,A,allenai/OLMo-2-1124-7B-Instruct,fewshot,none,1,9e-05,0.99999,0,blank," With arrangement A, you have a 68% chance to gain $42, which is a net gain of $9. On the other hand, there's a 32% chance to lose $91, which is a net loss of $91. So the expected value of arrangement A is 0.68 * $42 + 0.32 * (-$91) = $28.96 - $29.12 = -$0.16. With arrangement B, you keep your $91 with no change. Thus, arrangement B has a higher expected value than arrangement A, which is $91 - $0.16 = $90.84. Therefore, you should take arrangement B.",massA=8.85e-05 massB=1
p2,181,6,neutral,0,94,101,0.71,0.7629,0,False,A,allenai/OLMo-2-1124-7B-Instruct,fewshot,none,1,0.99986,0.99983,0,answer," With option A, you will get $101 with 71% probability which is $71.01 on average. So, the total expected value is $71.01. Comparing this with the certain $94 from option B, option A has a higher expected value. Therefore, you should prefer option A.",massA=1 massB=0.000138
p2,925,30,mixed,149,149,447,0.26,0.78,2,False,A,allenai/OLMo-2-1124-7B-Instruct,fewshot,none,1,3e-05,0.99998,0,length_or_eos," In Alternative A, you have a 26% chance to gain $298, which is a potential gain of $298. However, there is also an 74% chance to lose $149. The expected value of Alternative A is $149 * 0.26 + $447 * 0.26 = $149 + $117 = $266. This is less than the $149 you already have in hand with Alternative B. Therefore, you should choose Alternative B. The final answer is: B.",massA=2.79e-05 massB=1
p2,493,16,gain,0,139,234,0.6,1.0101,1,False,A,allenai/OLMo-2-1124-7B-Instruct,fewshot,none,1,0.99996,0.99982,0,answer," The expected value of arrangement A is 0.6 * $234 + 0.4 * $0 = $140.4. The certain gain of arrangement B is $139. Since $140.4 > $139, arrangement A is better.",massA=1 massB=4.4e-05
p2,208,6,mixed,94,94,101,0.71,0.7629,4,True,B,allenai/OLMo-2-1124-7B-Instruct,fewshot,none,1,6e-05,0.99999,0,answer," Term B has an expected value of (0.71 * $101) + (0.29 * $0) = $71 + $0 = $71. The expected value of Term A is $94. Since $71 < $94, Term A is the better choice.",massA=1 massB=5.58e-05
p2,406,13,gain,0,72,88,0.64,0.7822,3,True,B,allenai/OLMo-2-1124-7B-Instruct,fewshot,none,1,3e-05,1.0,0,answer," Outcome A guarantees $72. Outcome B has a 64% chance of gaining $88 and a 36% chance of gaining nothing. The expected value of Outcome B is 0.64 * $88 + 0.36 * $0 = $56.32. Since $56.32 < $72, Outcome A is better.",massA=1 massB=2.82e-05
p2,1062,35,gain,0,91,133,0.68,0.9938,1,True,B,allenai/OLMo-2-1124-7B-Instruct,fewshot,none,1,6e-05,0.99999,0,answer," The expected value of arrangement B is 0.68 * $133 + 0.32 * $0 = $90.64. The certain gain from arrangement A is $91. Since $91 > $90.64, you should take arrangement A.",massA=1 massB=5.85e-05
p2,308,10,neutral,0,111,278,0.58,1.4526,4,True,B,allenai/OLMo-2-1124-7B-Instruct,fewshot,none,1,0.00051,0.99978,0,answer," The expected value of Term B is 0.58 * $278 + 0.42 * $0 = $161.16. Since $161.16 < $111, Term A is the better choice.",massA=0.999 massB=0.000513
p2,581,19,gain,0,64,122,0.49,0.9341,0,False,A,allenai/OLMo-2-1124-7B-Instruct,fewshot,none,1,2e-05,0.99999,0,answer," The expected value of Option A is 0.49 * $122 + 0.51 * $0 = $59.98. The expected value of Option B is $64. Since $64 is greater than $59.98, Option B is preferable.",massA=2.12e-05 massB=1
p2,1037,34,gain,0,52,96,0.63,1.1631,3,False,A,allenai/OLMo-2-1124-7B-Instruct,fewshot,none,1,0.99999,1.0,0,answer," Outcome A has an expected value of 0.63 * $96 + 0.37 * $0 = $59.28. Outcome B has an expected value of $52 for certain. Since $59.28 > $52, the better choice is Outcome A.",massA=1 massB=1.03e-05
p2,647,21,gain,0,106,206,0.73,1.4187,3,False,A,allenai/OLMo-2-1124-7B-Instruct,fewshot,none,1,1e-05,0.99995,0,blank," The expected value of Outcome A is 0.73 * $206 + 0.27 * $0 = $149.61. The expected value of Outcome B is $106. Since $106 > $149.61, you should choose Outcome B. The best choice is B.",massA=1.17e-05 massB=1
p2,651,21,mixed,106,106,206,0.73,1.4187,0,False,A,allenai/OLMo-2-1124-7B-Instruct,fewshot,none,1,0.99986,0.95353,0,length_or_eos," With option A, you have a 73% chance to gain $100, which is a net gain of $73. The 27% chance to lose $106 means you would be $90 worse off than if you chose option B. Overall, option A has an expected value of $73 - $90 + $106 = $49. Thus, option A is preferable to option B because $49 > $0. You will gain on average $49 with option A. Therefore, the better choice is Option A.",massA=0.953 massB=0.000134
p2,537,17,mixed,117,117,362,0.42,1.2995,3,False,A,allenai/OLMo-2-1124-7B-Instruct,fewshot,none,1,0.00033,0.99973,0,length_or_eos," The expected value of Outcome A is (0.42 * $245) + (0.58 * $0) = $102.30. The expected value of keeping Outcome B is $117. Since $117 > $102.30, you should choose Outcome B. You should choose to keep your $117 with no change, as it has a higher expected value than Outcome A.",massA=0.000331 massB=0.999
p2,916,30,gain,0,149,447,0.26,0.78,3,True,B,allenai/OLMo-2-1124-7B-Instruct,fewshot,none,1,9e-05,1.0,0,length_or_eos," The expected value of Outcome B is 0.26 * $447 + 0.74 * $0 = $117.42. The expected value of Outcome A is $149. Since $149 is greater than $117.42, you should choose Outcome A. The expected value is a way to calculate the average amount of money you can expect to have after making a decision, considering the probabilities of each possible outcome. In this case, Outcome A has a higher expected value than Outcome B, so it's the better choice.",massA=1 massB=8.75e-05
p2,922,30,mixed,149,149,447,0.26,0.78,1,True,B,allenai/OLMo-2-1124-7B-Instruct,fewshot,none,1,4e-05,0.99999,0,answer," The expected value of arrangement B is calculated as follows: (0.26 * $447) + (0.74 * $0) = $117.42. The expected value of arrangement A is $149. Since $149 is greater than $117.42, you should choose arrangement A.",massA=1 massB=3.9e-05
p2,314,10,gain,0,111,278,0.58,1.4526,2,True,B,allenai/OLMo-2-1124-7B-Instruct,fewshot,none,1,1e-05,1.0,0,blank," First calculate the expected value of Alternative B which is 0.58 * $278 + 0.42 * $0 = $161.36. Since $161.36 is less than the certain gain of $111 from Alternative A, the most reasonable choice is Alternative A. The expected value of Alternative B is 0.58 * $278 + 0.42 * $0 = $161.36. Since $161.36 is less than the certain gain of $111 from Alternative A, the most reasonable choice is Alternative A.",massA=1 massB=6.36e-06
p2,268,8,mixed,62,62,263,0.33,1.3998,4,True,B,allenai/OLMo-2-1124-7B-Instruct,fewshot,none,1,0.99992,0.99995,0,answer," Term B has an expected value of (33% * $263) + (67% * $0) = $86.91. Term A has an expected value of $62. Thus, Term B has an expected value $86.91 - $62 = $24.91 higher than Term A. Therefore, you should choose Term B.",massA=8.12e-05 massB=1
p2,454,15,neutral,0,82,113,0.74,1.0198,2,True,B,allenai/OLMo-2-1124-7B-Instruct,fewshot,none,1,1e-05,0.99998,0,answer," The expected value of Alternative B is $113 * 0.74 + $0 * 0.26 = $82.22. Since $82.22 is less than $82, Alternative A is better.",massA=1 massB=1.31e-05
p2,611,20,gain,0,186,266,0.63,0.901,0,False,A,allenai/OLMo-2-1124-7B-Instruct,fewshot,none,1,3e-05,0.99992,0,answer," The expected value of Option A is 0.63 * $266 + 0.37 * $0 = $167.98. The expected value of Option B is $186. Since $186 > $167.98, you prefer Option B. The better choice is B.",massA=2.93e-05 massB=1
p2,480,16,neutral,0,139,234,0.6,1.0101,0,True,B,allenai/OLMo-2-1124-7B-Instruct,fewshot,none,1,3e-05,1.0,0,answer," Option A pays $139 for certain. Option B has a 60% chance of paying $234 and a 40% chance of paying $0. The expected value of option B is $234 * 0.6 = $140.4. Since $139 < $140.4, option A is preferable.",massA=1 massB=3.43e-05
p2,629,20,mixed,186,186,266,0.63,0.901,4,False,A,allenai/OLMo-2-1124-7B-Instruct,fewshot,none,1,0.99971,0.99987,0,blank," Term A has an expected value of (0.63 * $266) + (0.37 * $0) = $167.98. Term B has an expected value of $186. Term A is less certain but has a higher expected value than Term B. Therefore, you should choose Term A.",massA=1 massB=0.00029
p2,446,14,mixed,81,81,201,0.68,1.6874,3,True,B,allenai/OLMo-2-1124-7B-Instruct,fewshot,none,1,4e-05,0.99988,0,length_or_eos," With outcome A, you keep your $81 with no change. With outcome B, you have a 68% chance to gain $120, which is a net gain of $39, and a 32% chance to lose $81, which is a net loss of $81. On average, outcome B gives you a net gain of $39 - $81 = -$42. Since -$42 is less than $0, outcome B is worse than outcome A. Therefore, you should choose outcome A to keep your $81 with no change, as it is better than the average result of outcome B.",massA=1 massB=3.72e-05
p2,194,6,gain,0,94,101,0.71,0.7629,2,True,B,allenai/OLMo-2-1124-7B-Instruct,fewshot,none,1,2e-05,0.99998,0,length_or_eos," The expected value of Alternative B is $101 * 0.71 + $0 * 0.29 = $71.71. The expected value of Alternative A is $94. Since $71.71 < $94, you should select Alternative A. The expected value is the mathematical expectation or mean of a random variable, which in this case is the average amount of money you can expect to win from each alternative. Since Alternative A offers a certain gain of $94, its expected value is simply $94. For Alternative B, you multiply each possible outcome by its probability to calculate the expected value: ($101 * 0.71) + ($0 * 0.29) = $71.71. Since $71.71 is less than $94, you should choose Alternative A, as it has a higher expected value.",massA=1 massB=1.61e-05
p2,529,17,gain,0,117,362,0.42,1.2995,4,False,A,allenai/OLMo-2-1124-7B-Instruct,fewshot,none,1,0.99972,0.99905,0,blank," First calculate the expected value of Term A: 0.42 * $362 + 0.58 * $0 = $151.84. Then compare this to the certain gain of $117 from Term B. Since $151.84 > $117, the better choice is Term A.",massA=0.999 massB=0.000282
p2,1209,4,dominant,0,29,56,1.0,1.931,1,False,A,allenai/OLMo-2-1124-7B-Instruct,fewshot,none,1,0.99954,0.99998,0,answer, Arrangement A pays $56 for certain. Arrangement B pays $29 for certain.,massA=1 massB=0.000462
p2,318,10,gain,0,111,278,0.58,1.4526,4,True,B,allenai/OLMo-2-1124-7B-Instruct,fewshot,none,1,0.00015,0.99998,0,answer," Term A guarantees $111. Term B has an expected value of 0.58 * $278 + 0.42 * $0 = $162.04. Since $162.04 < $111, Term A is better.",massA=1 massB=0.000148
p2,1160,38,mixed,183,183,609,0.38,1.2646,0,True,B,allenai/OLMo-2-1124-7B-Instruct,fewshot,none,1,1e-05,0.99996,0,answer," With option A, you keep your $183 with no change. With option B, you have a 38% chance to gain $426, which is a net gain of $426 - $183 = $243. However, there's also a 62% chance to lose $183, which is a net loss of $183. On average, the expected value of option B is $243 + ($0 * 0.62) - ($183 * 0.62) = $243 - $113.46 = $129.54. Thus, option B has an expected value of approximately $129.54, which is less than the $183 you'd have with option A. Therefore, option A is the better choice.",massA=1 massB=1.26e-05
p2,1076,35,mixed,91,91,133,0.68,0.9938,3,True,B,allenai/OLMo-2-1124-7B-Instruct,fewshot,none,1,3e-05,0.99998,0,answer," Keeping the $91 ensures you have the money, whereas Outcome B has a 68% chance of gaining $42 and a 32% chance of losing $91. The expected value of Outcome B is $91 + (0.68 * $42) - (0.32 * $91) = $91 + $28.56 - $29.12 = $78.44. Since $78.44 is less than $91, keeping the $91 is the better choice.",massA=1 massB=3.11e-05
p2,434,14,gain,0,81,201,0.68,1.6874,2,True,B,allenai/OLMo-2-1124-7B-Instruct,fewshot,none,1,0.99996,0.99999,0,length_or_eos," The expected value of Alternative B is 0.68 * $201 + 0.32 * $0 = $136.64. The expected value of Alternative A is $81. Since $136.64 > $81, you would rather have Alternative B. The expected value is a mathematical expectation that accounts for all possible outcomes. In this case, it helps compare the average amount of money you could expect from each alternative. Since Alternative B has a higher expected value, it is more favorable despite the uncertainty of the outcome. The certainty of Alternative A is appealing, but the higher expected value of Alternative B makes it the better choice on average.",massA=3.51e-05 massB=1
p2,928,30,mixed,149,149,447,0.26,0.78,4,True,B,allenai/OLMo-2-1124-7B-Instruct,fewshot,none,1,0.00021,0.99998,0,answer," The expected value of Term B is calculated as follows: (0.26 * $447) + (0.74 * $0) = $117.42. Since $117.42 is less than the $149 you already have, Term A is the better option.",massA=1 massB=0.000212
p2,191,6,gain,0,94,101,0.71,0.7629,0,False,A,allenai/OLMo-2-1124-7B-Instruct,fewshot,none,1,4e-05,0.99999,0,answer," The expected value of Option A is 71% * $101 + 29% * $0 = $71.71. The expected value of Option B is $94. Since $94 > $71.71, you should prefer Option B.",massA=3.71e-05 massB=1
p2,133,4,gain,0,29,71,0.55,1.3466,1,False,A,allenai/OLMo-2-1124-7B-Instruct,fewshot,none,1,2e-05,0.99999,0,answer," The expected value of arrangement A is 55% * $71 + 45% * $0 = $38.55. The expected value of arrangement B is $29. Since $29 > $38.55, you should take arrangement B.",massA=2.38e-05 massB=1
p2,635,21,neutral,0,106,206,0.73,1.4187,2,False,A,allenai/OLMo-2-1124-7B-Instruct,fewshot,none,1,1.0,1.0,0,length_or_eos," With Alternative A, you will get $206 with 73% probability which is $206 * 0.73 = $149.32. With 27% probability, you will get $0. So the average amount you will get with Alternative A is $149.32. Since $149.32 > $106, you would rather have Alternative A. The final answer: A.",massA=1 massB=4.26e-06
p2,536,17,mixed,117,117,362,0.42,1.2995,3,True,B,allenai/OLMo-2-1124-7B-Instruct,fewshot,none,1,0.99999,0.99998,0,blank," With outcome A, you keep your $117 with no change. With outcome B, you have a 42% chance to gain $245 for a total of $362 and a 58% chance to lose $117 for a total of $0. The expected value of outcome B is (0.42 * $362) + (0.58 * $0) = $151.84. Since $151.84 is greater than $117, outcome B has a higher expected value than outcome A. Therefore, you should choose outcome B.",massA=1.01e-05 massB=1
p2,407,13,gain,0,72,88,0.64,0.7822,3,False,A,allenai/OLMo-2-1124-7B-Instruct,fewshot,none,1,0.0,1.0,0,answer," Outcome A has an expected value of 64% * $88 + 36% * $0 = $56.48. Outcome B has an expected value of $72. Since $72 > $56.48, you should choose Outcome B.",massA=3.48e-06 massB=1
p2,253,8,gain,0,62,263,0.33,1.3998,1,False,A,allenai/OLMo-2-1124-7B-Instruct,fewshot,none,1,2e-05,1.0,0,answer," The expected value of arrangement A is 0.33 * $263 + 0.67 * $0 = $86.91. The expected value of arrangement B is $62 for certain. Since $86.91 > $62, arrangement A has a higher expected value, but since we prefer certainty, arrangement B is the better choice.",massA=1.98e-05 massB=1
p2,1088,36,neutral,0,98,227,0.47,1.0887,4,True,B,allenai/OLMo-2-1124-7B-Instruct,fewshot,none,1,0.99989,0.99982,0,answer," The expected value of Term B is 0.47 * $227 + 0.53 * $0 = $106.09. Since $106.09 > $98, the better choice is Term B.",massA=0.000113 massB=1
p2,906,30,neutral,0,149,447,0.26,0.78,3,True,B,allenai/OLMo-2-1124-7B-Instruct,fewshot,none,1,8e-05,0.99999,0,answer," The expected value of outcome B is 0.26 * $447 + 0.74 * $0 = $117.42. Since $149 > $117.42, you should choose outcome A.",massA=1 massB=7.6e-05
p2,413,13,mixed,72,72,88,0.64,0.7822,1,False,A,allenai/OLMo-2-1124-7B-Instruct,fewshot,none,1,0.0001,0.99999,0,blank," With arrangement A, you have a 64% chance to gain $16, which is a net gain of $16 * 0.64 = $10.24. However, there's also a 36% chance to lose $72, which is a net loss of $72 * 0.36 = $25.92. So, the expected value of arrangement A is $10.24 - $25.92 = -$15.68. With arrangement B, you keep your $72 with no change, so the expected value is $72. Therefore, arrangement B has a higher expected value than arrangement A, so you should take arrangement B.",massA=0.000103 massB=1
p2,131,4,gain,0,29,71,0.55,1.3466,0,False,A,allenai/OLMo-2-1124-7B-Instruct,fewshot,none,1,0.02909,0.72555,0,answer," The expected value of Option A is 55% * $71 + 45% * $0 = $38.55. The expected value of Option B is $29. Since $29 is less than $38.55, Option A has a higher expected value. However, since Option B is certain, it is the safer choice. If you prefer certainty over potential higher gains, you would choose Option B. If you are willing to take a risk for a potentially higher gain, you would choose Option A.",massA=0.0211 massB=0.704
p2,182,6,neutral,0,94,101,0.71,0.7629,1,True,B,allenai/OLMo-2-1124-7B-Instruct,fewshot,none,1,0.0005,0.99998,0,answer, Arrangement A pays $94 for certain. Arrangement B has a 71% chance of paying $101 and a 29% chance of paying $0.,massA=0.999 massB=0.000496
p2,604,20,neutral,0,186,266,0.63,0.901,2,True,B,allenai/OLMo-2-1124-7B-Instruct,fewshot,none,1,1e-05,0.99999,0,answer," The expected value of Alternative B is 0.63 * $266 + 0.37 * $0 = $167.10. Since $186 > $167.10, you should choose Alternative A.",massA=1 massB=1.1e-05
p2,415,13,mixed,72,72,88,0.64,0.7822,2,False,A,allenai/OLMo-2-1124-7B-Instruct,fewshot,none,1,5e-05,0.99999,0,length_or_eos," In Alternative A, you have a 64% chance to gain $16, which is $0.64 * $16 = $10.24. However, you also have a 36% chance to lose $72, which is a loss of $72. So, the expected value of Alternative A is $10.24 - $72 = -$61.76. Since you already have $72, you would rather keep it and not risk losing money, so you choose Alternative B. The answer is B.",massA=5.1e-05 massB=1
p2,593,19,mixed,64,64,122,0.49,0.9341,1,False,A,allenai/OLMo-2-1124-7B-Instruct,fewshot,none,1,0.00015,0.99997,0,blank," With arrangement A, you have a 49% chance to gain $58, which is a net gain of $29. The other 51% chance results in a net loss of $64. So the expected value of arrangement A is 0.49 * $58 + 0.51 * (-$64) = $29 - $33.24 = -$4.24. With arrangement B, you keep your $64 with no change. Thus, arrangement B has a higher expected value than arrangement A. Therefore, you should take arrangement B.",massA=0.000149 massB=1
p2,649,21,gain,0,106,206,0.73,1.4187,4,False,A,allenai/OLMo-2-1124-7B-Instruct,fewshot,none,1,0.00851,0.99575,0,answer, Term A has an expected value of 0.73 * $206 + 0.27 * $0 = $149.01. Term B pays $106 for certain.,massA=0.00848 massB=0.987
p2,490,16,gain,0,139,234,0.6,1.0101,0,True,B,allenai/OLMo-2-1124-7B-Instruct,fewshot,none,1,0.99996,0.99999,0,answer," The expected value of option B is 0.6 * $234 + 0.4 * $0 = $140.4. Option A pays $139 for certain. Therefore, option B is preferable because $140.4 > $139.",massA=4.33e-05 massB=1
p2,587,19,gain,0,64,122,0.49,0.9341,3,False,A,allenai/OLMo-2-1124-7B-Instruct,fewshot,none,1,1e-05,1.0,0,answer," Outcome A has an expected value of $122 * 0.49 = $60.98. Outcome B has an expected value of $64. Since $64 > $60.98, you should choose Outcome B, the certain gain of $64.",massA=7.3e-06 massB=1
p2,429,14,neutral,0,81,201,0.68,1.6874,4,False,A,allenai/OLMo-2-1124-7B-Instruct,fewshot,none,1,0.99942,0.99978,0,answer," With Term A, you have an expected value of 201 * 0.68 + 0 * 0.32 = $136.4. With Term B, you receive $81 for certain. Since $136.4 > $81, you should choose Term A.",massA=0.999 massB=0.000577
p2,418,13,mixed,72,72,88,0.64,0.7822,4,True,B,allenai/OLMo-2-1124-7B-Instruct,fewshot,none,1,7e-05,0.99998,0,length_or_eos," Term B has an expected value of (64% * $88) + (36% * $0) = $56.32 + $0 = $56.32. Term A has an expected value of $72. Term B's expected value is less than Term A's, so you should choose Term A to maximize your expected gain.",massA=1 massB=7.25e-05
p2,492,16,gain,0,139,234,0.6,1.0101,1,True,B,allenai/OLMo-2-1124-7B-Instruct,fewshot,none,1,8e-05,0.99998,0,answer," The expected value of arrangement B is 0.6 * $234 + 0.4 * $0 = $140.40. Since $139.40 < $139 < $140.40, arrangement A is the better choice.",massA=1 massB=7.51e-05
p2,1043,34,mixed,52,52,96,0.63,1.1631,1,False,A,allenai/OLMo-2-1124-7B-Instruct,fewshot,none,1,0.00027,0.99995,0,blank," With arrangement A, you have a 63% chance to gain $44, which is a net gain of $11. With a 37% chance, you lose $52. The expected value of arrangement A is $11 * 0.63 + (-52) * 0.37 = $6.73 - $19.34 = -$12.61. Keeping arrangement B means you keep your $52 for certain. Thus, arrangement B is better than arrangement A because -$12.61 < $0. Therefore, you should take arrangement B.",massA=0.000269 massB=1
p2,296,9,mixed,49,49,153,0.26,0.8118,3,True,B,allenai/OLMo-2-1124-7B-Instruct,fewshot,none,1,3e-05,0.99999,0,length_or_eos," With outcome A, you keep your $49 with no change. With outcome B, you have a 26% chance to gain $104 for a total of $153 and a 74% chance to lose $49 for a total of $0. The expected value of outcome B is (0.26 * $153) + (0.74 * $0) = $39.78. Since $39.78 is less than $49, outcome B has a lower expected value than outcome A. Therefore, you should choose outcome A to keep your $49 with no change, as it has a higher expected value than outcome B.",massA=1 massB=3.27e-05
p2,1168,38,mixed,183,183,609,0.38,1.2646,4,True,B,allenai/OLMo-2-1124-7B-Instruct,fewshot,none,1,0.9994,0.99987,0,answer," The expected value of Term B is calculated as follows: (0.38 * $609) + (0.62 * $0) = $231.42. Since $231.42 > $183, the better choice is Term B.",massA=0.000598 massB=0.999
p2,249,8,neutral,0,62,263,0.33,1.3998,4,False,A,allenai/OLMo-2-1124-7B-Instruct,fewshot,none,1,0.99952,0.99983,0,answer," With Term A, you have an expected value of 0.33 * $263 + 0.67 * $0 = $86.09. With Term B, you receive $62 for certain. Since $86.09 > $62, you should choose Term A.",massA=0.999 massB=0.000484
p2,518,17,neutral,0,117,362,0.42,1.2995,4,True,B,allenai/OLMo-2-1124-7B-Instruct,fewshot,none,1,0.00056,0.99981,0,answer," The expected value of Term B is 0.42 * $362 + 0.58 * $0 = $152.04. Since $152.04 < $117, the best choice is Term A.",massA=0.999 massB=0.000564
p2,289,9,gain,0,49,153,0.26,0.8118,4,False,A,allenai/OLMo-2-1124-7B-Instruct,fewshot,none,1,4e-05,0.99996,0,answer," Term A has an expected value of 0.26 * $153 + 0.74 * $0 = $39.18. Term B pays $49 for certain. Since $49 > $39.18, you should choose Term B.",massA=4.26e-05 massB=1
p2,914,30,gain,0,149,447,0.26,0.78,2,True,B,allenai/OLMo-2-1124-7B-Instruct,fewshot,none,1,1e-05,1.0,0,blank," First calculate the average gain from Alternative B: $447 * 0.26 = $117.42. Then compare this to the certain gain from Alternative A: $149 > $117.42. Therefore, you should select Alternative A. The certain gain of $149 is greater than the average gain of $117.42 from Alternative B.",massA=1 massB=1.35e-05
p2,640,21,gain,0,106,206,0.73,1.4187,0,True,B,allenai/OLMo-2-1124-7B-Instruct,fewshot,none,1,0.99999,0.99999,0,length_or_eos," The expected value of option B is 0.73 * $206 + 0.27 * $0 = $150.01. The expected value of option A is $106. Thus, option B has a higher expected value than option A. Therefore, you should prefer option B. The final answer: B.",massA=1.2e-05 massB=1
p2,470,15,mixed,82,82,113,0.74,1.0198,0,True,B,allenai/OLMo-2-1124-7B-Instruct,fewshot,none,1,0.99997,0.99973,0,length_or_eos," With option A, you keep your $82 with no change. With option B, you have a 74% chance to gain $31, resulting in a total of $113. However, there is a 26% chance to lose all your money, resulting in $0. The expected value of option B is (74% * $113) + (26% * $0) = $83.42. Since $83.42 is greater than $82, option B has a higher expected value than option A. Therefore, the better choice is option B, as it has a higher expected value.",massA=3.19e-05 massB=1
p2,463,15,gain,0,82,113,0.74,1.0198,1,False,A,allenai/OLMo-2-1124-7B-Instruct,fewshot,none,1,3e-05,1.0,0,answer," The expected value of arrangement A is 74% * $113 + 26% * $0 = $83.22. The expected value of arrangement B is $82. Since $82 > $83.22, arrangement B is the better choice.",massA=2.83e-05 massB=1
p2,473,15,mixed,82,82,113,0.74,1.0198,1,False,A,allenai/OLMo-2-1124-7B-Instruct,fewshot,none,1,5e-05,0.99999,0,length_or_eos," With arrangement A, you have a 74% chance to gain $31, which is a net gain of $31 - $82 = -$51. However, there's also a 26% chance to lose $82, resulting in a net loss of $82. Since the expected value of arrangement A is (0.74 * -$51) + (0.26 * -$82) = -$59.76, it's better to stick with arrangement B, which guarantees to keep your $82. Therefore, you should take arrangement B. The final answer is: B.",massA=5.01e-05 massB=1
p2,313,10,gain,0,111,278,0.58,1.4526,1,False,A,allenai/OLMo-2-1124-7B-Instruct,fewshot,none,1,0.99993,0.9999,0,answer," The expected value of arrangement A is 0.58 * $278 + 0.42 * $0 = $161.16. The certain gain of arrangement B is $111. Since $161.16 > $111, arrangement A has a higher expected value than arrangement B.",massA=1 massB=6.84e-05
p2,1028,34,neutral,0,52,96,0.63,1.1631,4,True,B,allenai/OLMo-2-1124-7B-Instruct,fewshot,none,1,0.9999,0.99986,0,answer," The expected value of Term B is 0.63 * $96 + 0.37 * $0 = $59.92. Since $59.92 > $52, the better choice is Term B.",massA=9.76e-05 massB=1
p2,1020,34,neutral,0,52,96,0.63,1.1631,0,True,B,allenai/OLMo-2-1124-7B-Instruct,fewshot,none,1,3e-05,1.0,0,answer," Option A pays $52 for certain. Option B has a 63% chance of paying $96 and a 37% chance of paying $0. The expected value of option B is $96 * 0.63 + $0 * 0.37 = $60.48. Since $52 is less than $60.48, option A is preferred.",massA=1 massB=2.86e-05
p2,607,20,neutral,0,186,266,0.63,0.901,3,False,A,allenai/OLMo-2-1124-7B-Instruct,fewshot,none,1,0.99997,0.99999,0,answer," With outcome A, you expect to receive $266 * 0.63 = $167.98 on average. Since $167.98 > $186, you should choose outcome A.",massA=1 massB=3.43e-05
p2,401,13,gain,0,72,88,0.64,0.7822,0,False,A,allenai/OLMo-2-1124-7B-Instruct,fewshot,none,1,1e-05,0.99998,0,length_or_eos," With Option A, you have a 64% chance to gain $88, which is equivalent to an expected value of $88 * 0.64 = $56.32. The 36% chance to gain nothing means you have a 36% chance to end up with $0. Option B guarantees you $72. Since $72 is greater than the expected value of $56.32 from Option A, Option B is the better choice. The answer is B.",massA=1.08e-05 massB=1
p2,594,19,mixed,64,64,122,0.49,0.9341,2,True,B,allenai/OLMo-2-1124-7B-Instruct,fewshot,none,1,1e-05,0.99996,0,length_or_eos," With Alternative A, you keep your $64 with no change. With Alternative B, there is a 49% chance to gain $58, which is a net gain of $58 * 0.49 = $28.42. However, there is also a 51% chance to lose $64, which is a net loss of $64 * 0.51 = $32.64. Therefore, the expected value of Alternative B is $28.42 - $32.64 = -$4.22. Since -$4.22 is less than the $0 you would have with Alternative A, Alternative A is the better choice. Thus, you should select Alternative A.",massA=1 massB=7.25e-06
p2,202,6,mixed,94,94,101,0.71,0.7629,1,True,B,allenai/OLMo-2-1124-7B-Instruct,fewshot,none,1,0.9999,0.99999,0,length_or_eos," Arrangement B has a 71% chance to rise to $101, which is a gain of $7. The worst-case scenario is losing $94, but since you already have $94, you don't lose anything in this case. Thus, the expected value of Arrangement B is 71% * $101 + 29% * $0 = $71 + $0 = $71. In comparison, Arrangement A leaves you with $94, which is $71 less than what you could get from Arrangement B. Therefore, you should choose Arrangement B for a higher expected value of $71.",massA=0.000102 massB=1
p2,460,15,gain,0,82,113,0.74,1.0198,0,True,B,allenai/OLMo-2-1124-7B-Instruct,fewshot,none,1,0.99994,0.99998,0,answer," The expected value of option B is 74% * $113 + 26% * $0 = $84.38. The expected value of option A is $82. Since $82 is less than $84.38, option B has a higher expected value. Therefore, I prefer option B.",massA=5.54e-05 massB=1
p2,1158,38,gain,0,183,609,0.38,1.2646,4,True,B,allenai/OLMo-2-1124-7B-Instruct,fewshot,none,1,0.99998,0.99996,0,answer," The expected value of Term B is 0.38 * $609 + 0.62 * $0 = $231.82. The certain gain of Term A is $183. Since $231.82 > $183, the better choice is Term B.",massA=1.98e-05 massB=1
p2,628,20,mixed,186,186,266,0.63,0.901,4,True,B,allenai/OLMo-2-1124-7B-Instruct,fewshot,none,1,0.99953,0.99988,0,answer," Term B has an expected value of (0.63 * $266) + (0.37 * $0) = $167.98. Term A has a guaranteed $186. Since $186 > $167.98, you should choose Term B.",massA=0.000465 massB=0.999
p2,246,8,neutral,0,62,263,0.33,1.3998,3,True,B,allenai/OLMo-2-1124-7B-Instruct,fewshot,none,1,1.0,1.0,0,answer," Outcome B has a 33% chance of earning $263 and a 67% chance of earning $0. The expected value of Outcome B is 0.33 * $263 + 0.67 * $0 = $86.01. Since $86.01 > $62, Outcome B is more valuable than Outcome A.",massA=2.15e-06 massB=1
p2,946,31,gain,0,51,151,0.29,0.8586,3,True,B,allenai/OLMo-2-1124-7B-Instruct,fewshot,none,1,1e-05,1.0,0,length_or_eos," The expected value of Outcome B is $151 * 0.29 = $43.29. The expected value of Outcome A is $51. Since $51 > $43.29, you should choose Outcome A. You are guaranteed to have more money with Outcome A than with Outcome B. The certainty of having $51 is more valuable than the potential, but unlikely, chance to gain $151. You should choose Outcome A.",massA=1 massB=7.78e-06
p2,203,6,mixed,94,94,101,0.71,0.7629,1,False,A,allenai/OLMo-2-1124-7B-Instruct,fewshot,none,1,0.00017,0.99994,0,blank," With arrangement A, you have a 71% chance to gain $7, which is a net gain of $7 - $94 = -$87. The remaining 29% chance results in a loss of $94. Thus, the expected value of arrangement A is 0.71 * (-87) + 0.29 * (-94) = -$78.29. Keeping arrangement B means you keep your initial $94. Therefore, arrangement B is better than arrangement A because -$78.29 < $0. Thus, you should take arrangement B.",massA=0.000172 massB=1
p2,1083,36,neutral,0,98,227,0.47,1.0887,1,False,A,allenai/OLMo-2-1124-7B-Instruct,fewshot,none,1,7e-05,0.99998,0,answer," Arrangement A has an expected value of $227 * 0.47 = $106.09. Arrangement B has an expected value of $98. Since $98 > $106.09, you should take Arrangement B.",massA=6.95e-05 massB=1
p2,656,21,mixed,106,106,206,0.73,1.4187,3,True,B,allenai/OLMo-2-1124-7B-Instruct,fewshot,none,1,0.99997,0.99966,0,answer," With outcome A, you keep your $106 with no change. With outcome B, you have a 73% chance to gain $100, which is a net gain of $93, and a 27% chance to lose $106, which is a net loss of $100. On average, outcome B gives you a net gain of (0.73 * $100) + (-0.27 * $106) = $93 - $28.18 = $64.82. Therefore, outcome B is better than outcome A, as $64.82 > $106. You should choose outcome B to potentially gain $64.82 on average, even though there is a risk of losing $106.",massA=3.33e-05 massB=1
p2,1167,38,mixed,183,183,609,0.38,1.2646,3,False,A,allenai/OLMo-2-1124-7B-Instruct,fewshot,none,1,5e-05,0.99994,0,blank," The expected value of Outcome A is $426 * 0.38 + $0 * 0.62 = $161.08. The expected value of keeping Outcome B is $183. Thus, the expected value of Outcome A is $161.08 - $183 = -$21.92. Since Outcome B has a higher expected value, you should choose to keep your $183 with no change.",massA=4.72e-05 massB=1
p2,306,10,neutral,0,111,278,0.58,1.4526,3,True,B,allenai/OLMo-2-1124-7B-Instruct,fewshot,none,1,1.0,1.0,0,answer," Outcome B has an expected value of $278 * 0.58 = $160.04. Outcome A is worth $111 for certain. Since $111 is less than $160.04, you should choose Outcome B.",massA=2.84e-06 massB=1
p2,136,4,gain,0,29,71,0.55,1.3466,3,True,B,allenai/OLMo-2-1124-7B-Instruct,fewshot,none,1,1.0,0.99999,0,length_or_eos," The expected value of Outcome B is 0.55 * $71 + 0.45 * $0 = $38.85. The expected value of Outcome A is $29. Since $29 is less than $38.85, you should choose Outcome B for a higher expected gain, even though it is not certain. The expected value represents the average amount you can expect to gain from each decision, considering the probabilities of each outcome. In this case, Outcome B has a higher expected value than Outcome A, so it is the better choice on average, despite the uncertainty of the outcome.",massA=2.17e-06 massB=1
p2,447,14,mixed,81,81,201,0.68,1.6874,3,False,A,allenai/OLMo-2-1124-7B-Instruct,fewshot,none,1,3e-05,0.99997,0,length_or_eos," With outcome A, you have a 68% chance to gain $120, which is a net gain of $48 ($120 - $81). There is also a 32% chance to lose $81, which is a net loss of $81. The expected value of outcome A is $48 + (-$81 * 0.32) = $16. With outcome B, you keep your $81 with no change. Comparing the expected values, outcome A has an expected value of $16 while outcome B has an expected value of $81. Therefore, you should choose outcome B, as it has a higher expected value.",massA=3.01e-05 massB=1
p2,1087,36,neutral,0,98,227,0.47,1.0887,3,False,A,allenai/OLMo-2-1124-7B-Instruct,fewshot,none,1,2e-05,1.0,0,answer," The expected value of Outcome A is $227 * 0.47 + $0 * 0.53 = $106.09. Since $106.09 < $98, Outcome B is better.",massA=1.76e-05 massB=1
p2,940,31,gain,0,51,151,0.29,0.8586,0,True,B,allenai/OLMo-2-1124-7B-Instruct,fewshot,none,1,3e-05,1.0,0,answer," The expected value of option B is 0.29 * $151 + 0.71 * $0 = $43.29. The expected value of option A is $51. Since $51 > $43.29, you prefer option A.",massA=1 massB=3.26e-05
p2,576,19,neutral,0,64,122,0.49,0.9341,3,True,B,allenai/OLMo-2-1124-7B-Instruct,fewshot,none,1,3e-05,1.0,0,answer," Outcome B has a 49% chance of giving you $122 and a 51% chance of giving you $0. The expected value of Outcome B is $122 * 0.49 + $0 * 0.51 = $60.98. Since $64 is more than $60.98, you should choose Outcome A, which guarantees $64.",massA=1 massB=3.37e-05
p2,573,19,neutral,0,64,122,0.49,0.9341,1,False,A,allenai/OLMo-2-1124-7B-Instruct,fewshot,none,1,2e-05,1.0,0,answer, Arrangement A has an expected value of $122 * 0.49 + $0 * 0.51 = $60.98. Arrangement B pays $64 for certain.,massA=1.7e-05 massB=1
p2,198,6,gain,0,94,101,0.71,0.7629,4,True,B,allenai/OLMo-2-1124-7B-Instruct,fewshot,none,1,0.00028,0.99994,0,answer," Term A guarantees $94. Term B has an expected value of 0.71 * $101 + 0.29 * $0 = $71.71. Since $94 > $71.71, the best choice is Term A.",massA=1 massB=0.00028
p2,183,6,neutral,0,94,101,0.71,0.7629,1,False,A,allenai/OLMo-2-1124-7B-Instruct,fewshot,none,1,6e-05,0.99999,0,answer," With arrangement A, you expect to receive $101 * 0.71 = $72.71. So, arrangement A is worth $72.71 - $94 = -$21.29. Since -$21.29 is less than $0, arrangement B is better.",massA=5.61e-05 massB=1
p2,277,9,neutral,0,49,153,0.26,0.8118,3,False,A,allenai/OLMo-2-1124-7B-Instruct,fewshot,none,1,1e-05,0.99999,0,answer," The expected value of Outcome A is $153 * 0.26 + $0 * 0.74 = $39.18. The expected value of Outcome B is $49. Since $39.18 < $49, you should choose Outcome B.",massA=1.12e-05 massB=1
p2,1141,38,neutral,0,183,609,0.38,1.2646,0,False,A,allenai/OLMo-2-1124-7B-Instruct,fewshot,none,1,0.99998,0.99968,0,answer," The expected value of Option A is 0.38 * $609 + 0.62 * $0 = $231.42. The expected value of Option B is $183 for certain. Since $231.42 > $183, the preferred option is Option A.",massA=1 massB=2.32e-05
p2,282,9,gain,0,49,153,0.26,0.8118,1,True,B,allenai/OLMo-2-1124-7B-Instruct,fewshot,none,1,3e-05,0.99999,0,answer," The expected value of arrangement B is $153 * 0.26 = $39.78. The expected value of arrangement A is $49. Since $49 is greater than $39.78, arrangement A is the better choice.",massA=1 massB=3.08e-05
p2,623,20,mixed,186,186,266,0.63,0.901,1,False,A,allenai/OLMo-2-1124-7B-Instruct,fewshot,none,1,0.99981,0.99952,0,length_or_eos," In Arrangement A, you have a 63% chance to gain $80, which is a net gain of $80 * 0.63 = $50.40. There's also a 37% chance to lose $186, which is a net loss of $186 * 0.37 = $68.52. So, the expected value of Arrangement A is $50.40 - $68.52 = -$18.12. In Arrangement B, you keep your $186 with no change. Therefore, the better option is Arrangement A, as it has a positive expected value compared to Arrangement B. The expected value of Arrangement A is $186 + (-$18.12) = $167.88. So, you should take Arrangement A.",massA=0.999 massB=0.000193
p2,122,4,neutral,0,29,71,0.55,1.3466,1,True,B,allenai/OLMo-2-1124-7B-Instruct,fewshot,none,1,2e-05,0.99999,0,answer," Arrangement A pays $29 for certain. Arrangement B has a 55% chance of paying $71 and a 45% chance of paying $0. The expected value of Arrangement B is 0.55 * $71 + 0.45 * $0 = $38.95. Since $29 is certain with Arrangement A, it is better to take Arrangement A.",massA=1 massB=1.86e-05
p2,452,15,neutral,0,82,113,0.74,1.0198,1,True,B,allenai/OLMo-2-1124-7B-Instruct,fewshot,none,1,0.99999,0.99999,0,answer," Arrangement A pays $82 for certain. Arrangement B has a 74% chance of paying $113 and a 26% chance of paying $0. The expected value of Arrangement B is 0.74 * $113 + 0.26 * $0 = $82.82. Since $82.82 > $82, the best choice is Arrangement B.",massA=1.31e-05 massB=1
p2,190,6,gain,0,94,101,0.71,0.7629,0,True,B,allenai/OLMo-2-1124-7B-Instruct,fewshot,none,1,8e-05,0.99988,0,answer," The expected value of option B is 0.71 * $101 + 0.29 * $0 = $71.71. The expected value of option A is $94. Thus, option A is better since $94 > $71.71. You should prefer option A.",massA=1 massB=7.57e-05
p2,464,15,gain,0,82,113,0.74,1.0198,2,True,B,allenai/OLMo-2-1124-7B-Instruct,fewshot,none,1,1e-05,1.0,0,length_or_eos," First calculate the expected value of Alternative B which is 74% * $113 + 26% * $0 = $83.42. Since $83.42 is less than the certain gain of $82 from Alternative A, you should select Alternative A. The expected value of Alternative B is 0.74 * 113 + 0.26 * 0 = 83.42. Since 83.42 is less than 82, you should select Alternative A, which guarantees $82.",massA=1 massB=6.64e-06
p2,1232,16,dominant,0,139,190,1.0,1.3669,2,True,B,allenai/OLMo-2-1124-7B-Instruct,fewshot,none,1,0.99999,0.99999,0,length_or_eos," Alternative B pays $190 for certain which is more than the $139 for certain offered in Alternative A. Therefore, you should select Alternative B. The final answer is: B.",massA=9.53e-06 massB=1
p2,595,19,mixed,64,64,122,0.49,0.9341,2,False,A,allenai/OLMo-2-1124-7B-Instruct,fewshot,none,1,2e-05,0.99999,0,length_or_eos," In Alternative A, you have a 49% chance to gain $58, which is a net gain of $29 (since you start with $64). There's also a 51% chance to lose all your money, which is a net loss of $64. On average, you'd end up with $64 + $29 - $64 = $29. In Alternative B, you keep your $64 with no change. Thus, Alternative A offers a potential net gain of $29, while Alternative B offers a guaranteed $64. Since $64 is greater than $29, you should choose Alternative B. The correct answer is: B",massA=2.19e-05 massB=1
p2,1068,35,gain,0,91,133,0.68,0.9938,4,True,B,allenai/OLMo-2-1124-7B-Instruct,fewshot,none,1,0.0002,0.99996,0,answer," Term A guarantees $91. Term B has an expected value of 0.68 * $133 + 0.32 * $0 = $90.64. Since $91 > $90.64, the best choice is Term A.",massA=1 massB=0.000201
p2,1098,36,gain,0,98,227,0.47,1.0887,4,True,B,allenai/OLMo-2-1124-7B-Instruct,fewshot,none,1,0.99998,0.99996,0,answer," The expected value of Term B is 0.47 * $227 + 0.53 * $0 = $106.09. The certain gain of Term A is $98. Since $98 < $106.09, the better choice is Term B.",massA=1.58e-05 massB=1
p2,620,20,mixed,186,186,266,0.63,0.901,0,True,B,allenai/OLMo-2-1124-7B-Instruct,fewshot,none,1,2e-05,0.99999,0,length_or_eos," With option A, you keep your $186 with no change. With option B, you have a 63% chance to gain $80, which is a potential total of $266. However, there's also a 37% chance to lose your $186. The expected value of option B is (0.63 * $266) + (0.37 * $0) = $166.98. Compared to option A's $186, option B has an expected value that is $166.98 - $186 = -$19.02. Therefore, option A is the better choice as it guarantees $186, while option B has an expected value of -$19.02.",massA=1 massB=1.86e-05
p2,622,20,mixed,186,186,266,0.63,0.901,1,True,B,allenai/OLMo-2-1124-7B-Instruct,fewshot,none,1,6e-05,0.99991,0,answer," In Arrangement A, you keep your $186 with no change. In Arrangement B, you have a 63% chance to gain $80, which is $186 + $80 = $266. The potential gain in Arrangement B is $266 - $186 = $80. The potential loss in Arrangement B is $186 - $0 = $186. The expected value of Arrangement B is (0.63 * $80) + (0.37 * -$186) = $50.40 - $68.02 = -$17.62. Since -$17.62 is less than $0, Arrangement B has a negative expected value, meaning you are expected to lose money. Therefore, you should choose Arrangement A, where you keep your $186 with no change, as it has a positive expected value of $186.",massA=1 massB=5.72e-05
p2,510,17,neutral,0,117,362,0.42,1.2995,0,True,B,allenai/OLMo-2-1124-7B-Instruct,fewshot,none,1,0.99997,0.99999,0,answer," The expected value of option B is 0.42 * $362 + 0.58 * $0 = $152.04. Option A pays $117 for certain, which is less than the expected value of option B ($152.04). Therefore, I prefer option B.",massA=2.72e-05 massB=1
p2,927,30,mixed,149,149,447,0.26,0.78,3,False,A,allenai/OLMo-2-1124-7B-Instruct,fewshot,none,1,3e-05,0.99998,0,length_or_eos," The expected value of Outcome A is (0.26 * $298) + (0.74 * $0) = $77.28. The expected value of keeping Outcome B is $149. Since $77.28 < $149, the better choice is to keep the $149 with no change. The final answer is: B.",massA=2.58e-05 massB=1
p2,1061,35,gain,0,91,133,0.68,0.9938,0,False,A,allenai/OLMo-2-1124-7B-Instruct,fewshot,none,1,0.0,0.99999,0,length_or_eos," The expected value of Option A is 0.68 * $133 + 0.32 * $0 = $89.04. The certain gain of Option B is $91. Since $91 > $89.04, you prefer Option B. The final answer is: B.",massA=3.83e-06 massB=1
p2,517,17,neutral,0,117,362,0.42,1.2995,3,False,A,allenai/OLMo-2-1124-7B-Instruct,fewshot,none,1,0.99987,0.99999,0,answer," The expected value of Outcome A is 0.42 * $362 + 0.58 * $0 = $151.84. Since $151.84 > $117, Outcome A is better.",massA=1 massB=0.000134
p2,1239,19,dominant,0,64,91,1.0,1.4219,4,False,A,allenai/OLMo-2-1124-7B-Instruct,fewshot,none,1,0.99983,0.99999,0,answer, Term A pays $91 for certain. Term B pays $64 for certain.,massA=1 massB=0.000169
p2,1217,8,dominant,0,62,121,1.0,1.9516,4,False,A,allenai/OLMo-2-1124-7B-Instruct,fewshot,none,1,0.99974,0.99998,0,answer, Term A pays $121 for certain. Term B pays $62 for certain.,massA=1 massB=0.000262
p2,346,11,gain,0,54,68,0.81,1.02,3,True,B,allenai/OLMo-2-1124-7B-Instruct,fewshot,none,1,0.00128,0.97638,0,blank," Outcome A guarantees $54. Outcome B has an expected value of $68 * 0.81 + $0 * 0.19 = $55.08. Since $55.08 is greater than $54, the best choice is Outcome B. However, since the question asks for the certain gain, the best option is Outcome A. But since the question asks for the best outcome, we consider the expected value, which is higher for Outcome B. Therefore, the best outcome is Outcome B, but considering the question's wording, the answer is: Outcome A since it's the certain gain.",massA=0.975 massB=0.00125
p2,1219,9,dominant,0,49,82,1.0,1.6735,1,False,A,allenai/OLMo-2-1124-7B-Instruct,fewshot,none,1,0.99973,0.99999,0,answer, Arrangement A pays $82 for certain. Arrangement B pays $49 for certain.,massA=1 massB=0.000273
p2,570,19,neutral,0,64,122,0.49,0.9341,0,True,B,allenai/OLMo-2-1124-7B-Instruct,fewshot,none,1,1e-05,1.0,0,answer," Option A pays $64 for certain. Option B has a 49% chance of paying $122 and a 51% chance of paying $0. The expected value of option B is 0.49 * $122 + 0.51 * $0 = $59.90. Since $64 is greater than $59.90, option A is preferred.",massA=1 massB=1.41e-05
p2,588,19,gain,0,64,122,0.49,0.9341,4,True,B,allenai/OLMo-2-1124-7B-Instruct,fewshot,none,1,0.0002,0.99996,0,answer," The expected value of Term B is 0.49 * $122 + 0.51 * $0 = $60.49. The certain gain of Term A is $64. Since $64 > $60.49, the best choice is Term A.",massA=1 massB=0.000197
p2,132,4,gain,0,29,71,0.55,1.3466,1,True,B,allenai/OLMo-2-1124-7B-Instruct,fewshot,none,1,0.99997,0.99999,0,answer," Arrangement A guarantees $29. Arrangement B has a 55% chance to gain $71 and a 45% chance to gain nothing. The expected value of Arrangement B is 0.55 * $71 + 0.45 * $0 = $38.55. Since $38.55 > $29, the best choice is Arrangement B.",massA=2.91e-05 massB=1
p2,322,10,mixed,111,111,278,0.58,1.4526,1,True,B,allenai/OLMo-2-1124-7B-Instruct,fewshot,none,1,3e-05,0.99999,0,answer," Arrangement B has a 58% chance to rise to $278, which is a gain of $167. The worst-case scenario is losing $111. The expected value of Arrangement B is (0.58 * $167) + (0.42 * -$111) = $47.26. Since $47.26 is less than the $111 you have, you should choose Arrangement A to keep your $111 with no change.",massA=1 massB=2.71e-05
p2,951,31,mixed,51,51,151,0.29,0.8586,0,False,A,allenai/OLMo-2-1124-7B-Instruct,fewshot,none,1,0.99983,0.99921,0,blank," With option A, you have a 29% chance to gain $100, which is a potential gain of $49. This is better than keeping your $51 with no change. Even though there's an 71% chance to lose all your money, the potential gain is higher than the certain $51 you have with option B. Therefore, the better choice is option A.",massA=0.999 massB=0.000171
p2,201,6,mixed,94,94,101,0.71,0.7629,0,False,A,allenai/OLMo-2-1124-7B-Instruct,fewshot,none,1,0.00011,0.9999,0,length_or_eos," With option A, you have a 71% chance to gain $7, which is a net gain of $7 - (1-0.71)*$94 = $4.29. There is also a 29% chance to lose $94, which is a net loss of $94 - $0 = $94. So, the expected value of option A is $4.29 + (-$94) = -$89.71. Keeping option B means you keep your $94 with no change. Thus, option B is better than option A because -$89.71 < $0. Therefore, you should choose option B.",massA=0.00011 massB=1
p2,657,21,mixed,106,106,206,0.73,1.4187,3,False,A,allenai/OLMo-2-1124-7B-Instruct,fewshot,none,1,1e-05,0.99994,0,length_or_eos," With outcome A, you have a 73% chance to gain $100, which is a net gain of $73. The 27% chance to lose $106 means you would be $90 worse off than if you chose outcome B. So, the expected value of outcome A is $73 + (-$90) = -$17. In comparison, outcome B has an expected value of $106. Therefore, you should choose outcome B, as it has a higher expected value than outcome A. The final answer is: B.",massA=1.09e-05 massB=1
p2,1276,38,dominant,0,183,201,1.0,1.0984,2,True,B,allenai/OLMo-2-1124-7B-Instruct,fewshot,none,1,1.0,0.99999,0,length_or_eos," Alternative B is better because it pays more money, $201 compared to $183. You would rather have $201 than $183. The certainty of receiving the money in Alternative B makes it more desirable than the uncertain amount in Alternative A. Certainty is preferable to uncertainty because you know exactly what you will have with Alternative B, whereas with Alternative A, you only have a chance of getting $183, with an 85% chance of getting nothing. The higher amount and certainty make Alternative B the better choice. The answer is B.",massA=4.22e-06 massB=1
p2,1153,38,gain,0,183,609,0.38,1.2646,1,False,A,allenai/OLMo-2-1124-7B-Instruct,fewshot,none,1,0.99992,0.99994,0,answer," The expected value of arrangement A is 0.38 * $609 + 0.62 * $0 = $231.82. The expected value of arrangement B is $183 for certain. Since $231.82 > $183, the best choice is arrangement A.",massA=1 massB=7.6e-05
p2,509,16,mixed,139,139,234,0.6,1.0101,4,False,A,allenai/OLMo-2-1124-7B-Instruct,fewshot,none,1,1e-05,0.99988,0,length_or_eos," Term A has an expected value of (0.6 * $95) + (0.4 * $0) = $57 + $0 = $57. Term B offers $139 with certainty. Since $139 > $57, you should choose Term B. The expected value of Term A is $57, while the certainty of Term B is $139. Therefore, you should choose Term B. The expected value of Term A is 57. The certainty of Term B is 139. Therefore, you should choose Term B. The final answer is: B.",massA=6e-06 massB=1
p2,1222,11,dominant,0,54,73,1.0,1.3519,4,True,B,allenai/OLMo-2-1124-7B-Instruct,fewshot,none,1,0.99987,0.99965,0,answer," Since $73 is greater than $54, you should choose Term B.",massA=0.000129 massB=1
p2,425,14,neutral,0,81,201,0.68,1.6874,2,False,A,allenai/OLMo-2-1124-7B-Instruct,fewshot,none,1,1.0,1.0,0,length_or_eos," With Alternative A, you will get $201 with 68% probability which is $201 * 0.68 = $136.32 on average. So, you will get $136.32 with Alternative A. Since $136.32 is more than $81, you would rather have Alternative A. The answer is A.",massA=1 massB=2.13e-06
p2,578,19,neutral,0,64,122,0.49,0.9341,4,True,B,allenai/OLMo-2-1124-7B-Instruct,fewshot,none,1,0.00046,0.99985,0,answer," The expected value of Term B is 0.49 * $122 + 0.51 * $0 = $60.30. Since $60.30 < $64, the better choice is Term A.",massA=0.999 massB=0.000464
p2,444,14,mixed,81,81,201,0.68,1.6874,2,True,B,allenai/OLMo-2-1124-7B-Instruct,fewshot,none,1,3e-05,0.99994,0,answer," With Alternative A, you keep your $81 with no change. With Alternative B, you have a 68% chance to gain $120, which is a $39 net gain. However, there's also a 32% chance to lose $81, which is a $81 net loss. The expected value of Alternative B is (0.68 * $120) + (0.32 * -$81) = $96 + (-$25.92) = $70.08. Since $70.08 is less than $81, Alternative A is better.",massA=1 massB=2.82e-05
p2,350,11,mixed,54,54,68,0.81,1.02,0,True,B,allenai/OLMo-2-1124-7B-Instruct,fewshot,none,1,0.99992,0.99997,0,length_or_eos," With option A, you keep your $54 with no change. With option B, you have an 81% chance to gain $14 for a total of $68 and a 19% chance to lose $54 for a total of $0. The expected value of option B is (0.81 * $68) + (0.19 * $0) = $55.28. Since $55.28 is greater than $54, option B is preferable.",massA=8.19e-05 massB=1
p2,260,8,mixed,62,62,263,0.33,1.3998,0,True,B,allenai/OLMo-2-1124-7B-Instruct,fewshot,none,1,0.99992,0.99999,0,length_or_eos," With option A, you keep your $62 with no change. With option B, there is a 33% chance to gain $201, which is a net gain of $139, and a 67% chance to lose $62, which is a net loss of $62. On average, option B yields a net gain of $139 - $62 = $77. Thus, option B is preferable because it has a higher expected value than option A, which is $77 compared to $62.",massA=8e-05 massB=1
p2,408,13,gain,0,72,88,0.64,0.7822,4,True,B,allenai/OLMo-2-1124-7B-Instruct,fewshot,none,1,0.00029,0.99994,0,answer," Term A guarantees $72. Term B has an expected value of $88 * 0.64 = $56.32. Since $72 > $56.32, the best choice is Term A.",massA=1 massB=0.000295
p2,498,16,gain,0,139,234,0.6,1.0101,4,True,B,allenai/OLMo-2-1124-7B-Instruct,fewshot,none,1,0.00027,0.99995,0,answer," Term A guarantees $139. Term B has an expected value of 0.6 * $234 + 0.4 * $0 = $140.4. Since $139 < $140.4, the best choice is Term A.",massA=1 massB=0.000274
p2,1147,38,neutral,0,183,609,0.38,1.2646,3,False,A,allenai/OLMo-2-1124-7B-Instruct,fewshot,none,1,2e-05,0.99999,0,answer," The expected value of Outcome A is $609 * 0.38 + $0 * 0.62 = $230.42. The expected value of Outcome B is $183. Since $183 is less than $230.42, you should choose Outcome B.",massA=1.97e-05 massB=1
p2,476,15,mixed,82,82,113,0.74,1.0198,3,True,B,allenai/OLMo-2-1124-7B-Instruct,fewshot,none,1,0.99999,0.99993,0,length_or_eos," With outcome A, you keep your $82 with no change. With outcome B, you have a 74% chance to gain $31, which is a net gain of $22.24 ($31 - $8.76 = $22.24), and a 26% chance to lose $82, which is a net loss of $82. The expected value of outcome B is $82 + 0.74 * $31 - 0.26 * $82 = $82 + $23.24 - $21.52 = $85.72. Since $85.72 > $82, outcome B has a higher expected value than outcome A. Therefore, you should choose outcome B to maximize your expected earnings.",massA=1.5e-05 massB=1
p2,915,30,gain,0,149,447,0.26,0.78,2,False,A,allenai/OLMo-2-1124-7B-Instruct,fewshot,none,1,0.00011,1.0,0,length_or_eos," The expected value of Alternative A is 0.26 * $447 = $117.42. The expected value of Alternative B is $149. Since $149 is greater than $117.42, you should select Alternative B. You are guaranteed to get $149 with Alternative B, while with Alternative A you only have a 26% chance to get $447 and a 74% chance to get nothing. The certainty of getting $149 in Alternative B is more valuable than the potential gain of $447 in Alternative A.",massA=0.000106 massB=1
p2,291,9,mixed,49,49,153,0.26,0.8118,0,False,A,allenai/OLMo-2-1124-7B-Instruct,fewshot,none,1,0.9999,0.99229,0,length_or_eos," With option A, you have a 26% chance to gain $104, which is a net gain of $65 (since you start with $49). The 74% chance to lose $49 means you would end up with $0. So, on average, option A gives you a gain of $65 * 26 / 100 = $16.90. Keeping option B means you keep your $49 with no risk. Comparing the two options, option A has a higher expected value ($16.90) than option B ($49), so you should prefer option A.",massA=0.992 massB=9.84e-05
p2,1101,36,mixed,98,98,227,0.47,1.0887,0,False,A,allenai/OLMo-2-1124-7B-Instruct,fewshot,none,1,0.00024,0.9997,0,length_or_eos," With option A, you have a 47% chance to gain $129, which is a net gain of $41. With a 53% chance, you lose $98. The expected value of option A is $41 * 0.47 + (-$98 * 0.53) = $18.67 - $51.54 = -$32.87. Keeping option B means you keep your $98 with no change. Thus, option B is better than option A because -$32.87 < $0. Therefore, you should choose option B.",massA=0.000235 massB=0.999
p2,621,20,mixed,186,186,266,0.63,0.901,0,False,A,allenai/OLMo-2-1124-7B-Instruct,fewshot,none,1,0.99986,0.99677,0,length_or_eos," With option A, you have a 63% chance to gain $80, which is a net gain of $80 - (1 - 0.63) * 0 = $51.60. There's also a 37% chance to lose $186, which is a net loss of $186 - 186 = $0. Therefore, option A has an expected value of $51.60 + $0 = $51.60. Keeping option B means you keep your $186 with no change. Comparing the expected values, $51.60 > $186, so option A is preferable.",massA=0.997 massB=0.000136
p2,600,20,neutral,0,186,266,0.63,0.901,0,True,B,allenai/OLMo-2-1124-7B-Instruct,fewshot,none,1,2e-05,1.0,0,answer," Option A pays $186 for certain. Option B has a 63% chance of paying $266 and a 37% chance of paying $0. The expected value of option B is $266 * 0.63 + $0 * 0.37 = $166.02. Since $186 > $166.02, option A is preferable.",massA=1 massB=1.74e-05
p2,1049,34,mixed,52,52,96,0.63,1.1631,4,False,A,allenai/OLMo-2-1124-7B-Instruct,fewshot,none,1,0.99882,0.999,0,answer," Term A has an expected value of (0.63 * $96) + (0.37 * $0) = $60.08. Keeping Term B ensures you keep the $52 you already have. Comparing the two, $60.08 > $52, so you should choose Term A.",massA=0.998 massB=0.00118
p2,501,16,mixed,139,139,234,0.6,1.0101,0,False,A,allenai/OLMo-2-1124-7B-Instruct,fewshot,none,1,0.99974,0.98513,0,blank," With option A, you have a 60% chance to gain $95, which is a net gain of $59. On the other hand, you have a 40% chance to lose $139. So, the expected value of option A is 0.6 * $95 + 0.4 * (-$139) = $59 - $55.60 = $3.40. Comparing this to the $0 expected value of option B, option A is preferable by $3.40 - $0 = $3.40. Therefore, you should prefer option A.",massA=0.985 massB=0.000257
p2,513,17,neutral,0,117,362,0.42,1.2995,1,False,A,allenai/OLMo-2-1124-7B-Instruct,fewshot,none,1,2e-05,1.0,0,answer, Arrangement A has an expected value of $362 * 0.42 + $0 * 0.58 = $150.84. Arrangement B pays $117 for certain.,massA=1.8e-05 massB=1
p2,138,4,gain,0,29,71,0.55,1.3466,4,True,B,allenai/OLMo-2-1124-7B-Instruct,fewshot,none,1,0.99999,0.99996,0,answer," The expected value of Term B is 0.55 * $71 + 0.45 * $0 = $38.85. The certain gain of Term A is $29. Since $29 < $38.85, the better choice is Term B.",massA=1.41e-05 massB=1
p2,956,31,mixed,51,51,151,0.29,0.8586,3,True,B,allenai/OLMo-2-1124-7B-Instruct,fewshot,none,1,0.99999,0.99999,0,blank," With outcome A, you keep your $51 with no change. With outcome B, you have a 29% chance to gain $100, which is an expected value of $29 * 100 = $2900. However, you also have an 71% chance to lose $51, which is an expected loss of $51 * 71% = $36.21. Therefore, the expected value of outcome B is $2900 - $36.21 = $2953.79. Since $2953.79 is greater than $51, outcome B has a higher expected value than outcome A. Therefore, you should choose outcome B.",massA=7.02e-06 massB=1
p2,909,30,neutral,0,149,447,0.26,0.78,4,False,A,allenai/OLMo-2-1124-7B-Instruct,fewshot,none,1,3e-05,0.99996,0,answer," With Term A, you have an expected value of 0.26 * $447 + 0.74 * $0 = $117.82. With Term B, you receive $149 for certain. Since $149 > $117.82, you should choose Term B.",massA=2.56e-05 massB=1
p2,639,21,neutral,0,106,206,0.73,1.4187,4,False,A,allenai/OLMo-2-1124-7B-Instruct,fewshot,none,1,0.99956,0.99984,0,answer," With Term A, you have an expected value of $206 * 0.73 = $149.32. In comparison, Term B offers a certain $106. Since $149.32 > $106, you should choose Term A.",massA=0.999 massB=0.000439
p2,942,31,gain,0,51,151,0.29,0.8586,1,True,B,allenai/OLMo-2-1124-7B-Instruct,fewshot,none,1,5e-05,0.99999,0,answer," The expected value of arrangement B is $151 * 0.29 = $43.29. The expected value of arrangement A is $51. Since $51 > $43.29, arrangement A is the better choice.",massA=1 massB=4.87e-05
p2,412,13,mixed,72,72,88,0.64,0.7822,1,True,B,allenai/OLMo-2-1124-7B-Instruct,fewshot,none,1,2e-05,1.0,0,answer," With arrangement A, you keep your $72 with no change. With arrangement B, you have a 64% chance to gain $16, which is a net gain of $16 * 0.64 = $10.24. However, you also have a 36% chance to lose $72, which is a net loss of $72 * 0.36 = $25.92. Therefore, the expected value of arrangement B is $10.24 + (-$25.92) = -$15.68. Since -$15.68 is less than the $0 you would have with arrangement A, arrangement A is the better choice.",massA=1 massB=1.78e-05
p2,325,10,mixed,111,111,278,0.58,1.4526,2,False,A,allenai/OLMo-2-1124-7B-Instruct,fewshot,none,1,0.0005,0.99998,0,length_or_eos," In Alternative A, you have a 58% chance to gain $167 and a 42% chance to lose $111. The expected value of this alternative is (0.58 * $167) + (0.42 * -$111) = $58 + (-$46.42) = $11.58. Since $11.58 is less than the $111 you have in hand with Alternative B, you should choose Alternative B. The expected value of keeping $111 with no change is $111. Therefore, you should select Alternative B.",massA=0.000496 massB=0.999
p2,926,30,mixed,149,149,447,0.26,0.78,3,True,B,allenai/OLMo-2-1124-7B-Instruct,fewshot,none,1,2e-05,0.99998,0,length_or_eos," With outcome A, you keep your $149 with no change. With outcome B, you have a 26% chance to gain $298, which is a net gain of $149. However, there's an 74% chance you'll lose all your money, resulting in a net loss of $149. Since the expected value of outcome B is (0.26 * $298) + (0.74 * -$149) = $77.24 - $109.86 = -$32.62, outcome B has a negative expected value. Therefore, you should choose outcome A to keep your $149 with no change, as it is the safer option with a guaranteed amount of money.",massA=1 massB=1.89e-05
p2,913,30,gain,0,149,447,0.26,0.78,1,False,A,allenai/OLMo-2-1124-7B-Instruct,fewshot,none,1,2e-05,0.99999,0,answer," The expected value of arrangement A is 0.26 * $447 + 0.74 * $0 = $117.42. The expected value of arrangement B is $149. Since $149 > $117.42, arrangement B is the better choice.",massA=1.91e-05 massB=1
p2,281,9,gain,0,49,153,0.26,0.8118,0,False,A,allenai/OLMo-2-1124-7B-Instruct,fewshot,none,1,2e-05,0.99999,0,answer," The expected value of Option A is 0.26 * $153 + 0.74 * $0 = $39.78. The expected value of Option B is $49. Since $49 is greater than $39.78, Option B is preferable.",massA=1.54e-05 massB=1
p2,523,17,gain,0,117,362,0.42,1.2995,1,False,A,allenai/OLMo-2-1124-7B-Instruct,fewshot,none,1,2e-05,1.0,0,answer," The expected value of arrangement A is 0.42 * $362 + 0.58 * $0 = $151.84. The expected value of arrangement B is $117. Since $117 > $151.84, arrangement B is the better choice.",massA=1.8e-05 massB=1
p2,196,6,gain,0,94,101,0.71,0.7629,3,True,B,allenai/OLMo-2-1124-7B-Instruct,fewshot,none,1,2e-05,1.0,0,length_or_eos," The expected value of Outcome B is $101 * 0.71 + $0 * 0.29 = $71.71. The expected value of Outcome A is $94. Since $71.71 < $94, you should choose Outcome A. You are guaranteed to gain $94 with Outcome A, whereas with Outcome B, you have a 29% chance of gaining nothing. The certainty of gaining $94 with Outcome A makes it the better choice compared to the uncertainty of Outcome B.",massA=1 massB=2.37e-05
p2,1021,34,neutral,0,52,96,0.63,1.1631,0,False,A,allenai/OLMo-2-1124-7B-Instruct,fewshot,none,1,0.99997,0.99998,0,answer," With option A, you can expect to receive $96 * 0.63 = $61.28 on average. Option B guarantees $52. Since $61.28 > $52, you should prefer option A.",massA=1 massB=3.21e-05
p2,903,30,neutral,0,149,447,0.26,0.78,1,False,A,allenai/OLMo-2-1124-7B-Instruct,fewshot,none,1,6e-05,0.99997,0,answer," With Arrangement A, you can expect to receive $447 * 0.26 = $117.42 on average. Since $149 is more than $117.42, you should take Arrangement B.",massA=6.35e-05 massB=1
p2,1067,35,gain,0,91,133,0.68,0.9938,3,False,A,allenai/OLMo-2-1124-7B-Instruct,fewshot,none,1,1e-05,1.0,0,length_or_eos," Outcome A has an expected value of 0.68 * $133 + 0.32 * $0 = $89.04. Outcome B has an expected value of $91. Since $91 > $89.04, you should choose Outcome B. You are guaranteed to gain $91 with Outcome B, whereas with Outcome A, you only have a 68% chance of gaining $133, and a 32% chance of gaining nothing. The certainty of gaining $91 in Outcome B is more valuable than the potential, but not guaranteed, gain of $89.04 in Outcome A.",massA=5.89e-06 massB=1
p2,1056,35,neutral,0,91,133,0.68,0.9938,3,True,B,allenai/OLMo-2-1124-7B-Instruct,fewshot,none,1,3e-05,1.0,0,answer," The expected value of outcome B is 0.68 * $133 + 0.32 * $0 = $90.64. Since $91 is more than $90.64, outcome A is better.",massA=1 massB=3.21e-05
p2,334,11,neutral,0,54,68,0.81,1.02,2,True,B,allenai/OLMo-2-1124-7B-Instruct,fewshot,none,1,0.99997,0.99995,0,length_or_eos," The expected value of Alternative B is $68 * 0.81 = $55.28. Since $55.28 > $54, you should choose Alternative B. You would rather have Alternative B because the expected value is higher than the certain payment of Alternative A. Expected value is a way to calculate the average outcome if the experiment is repeated many times. In this case, the experiment is the chance to receive either $68 or $0, and it's repeated many times. Each time, the average outcome (expected value) is calculated as the probability of $68 (81%) times $68 plus the probability of $0 (19%) times $0. This gives an average, or expected, amount of $55.28. Since $55.28 is greater than the certain payment of $54 from Alternative A, you would rather have Alternative B.",massA=2.6e-05 massB=1
p2,205,6,mixed,94,94,101,0.71,0.7629,2,False,A,allenai/OLMo-2-1124-7B-Instruct,fewshot,none,1,2e-05,0.99998,0,length_or_eos," In Alternative A, you have a 71% chance to gain $7, which is a net gain of $5.29 ($7 - $1.71), and a 29% chance to lose $94, which is a net loss of $94. The expected value of Alternative A is $94 + 0.71 * $7 - 0.29 * $94 = $94 + $4.97 - $27.06 = $67.91. In comparison, Alternative B has an expected value of $94. Therefore, Alternative A has an expected value of $67.91, which is less than the $94 in Alternative B. Thus, you should select Alternative B. The final answer is: B.",massA=2.39e-05 massB=1
p2,524,17,gain,0,117,362,0.42,1.2995,2,True,B,allenai/OLMo-2-1124-7B-Instruct,fewshot,none,1,1e-05,0.99999,0,length_or_eos," First calculate the expected value of Alternative B which is 0.42 * $362 + 0.58 * $0 = $152.4. Since $152.4 is less than the certain gain of $117 from Alternative A, the best choice is Alternative A. You are guaranteed to get $117 with Alternative A, whereas with Alternative B, you have a 58% chance of getting nothing. The expected value of $152.4 is not enough to compensate for the risk of getting nothing in Alternative B compared to the certainty of $117 in Alternative A. Therefore, the best choice is Alternative A.",massA=1 massB=6.53e-06
p2,1099,36,gain,0,98,227,0.47,1.0887,4,False,A,allenai/OLMo-2-1124-7B-Instruct,fewshot,none,1,0.9998,0.99933,0,answer," First calculate the expected value of Term A: 0.47 * $227 + 0.53 * $0 = $106.09. Then compare this to the certain gain of $98 from Term B. Since $106.09 > $98, the better choice is Term A.",massA=0.999 massB=0.000196
p2,918,30,gain,0,149,447,0.26,0.78,4,True,B,allenai/OLMo-2-1124-7B-Instruct,fewshot,none,1,0.00015,0.99996,0,answer," The expected value of Term B is 0.26 * $447 + 0.74 * $0 = $117.42. The certain gain of Term A is $149. Since $149 > $117.42, you should choose Term A.",massA=1 massB=0.00015
p2,273,9,neutral,0,49,153,0.26,0.8118,1,False,A,allenai/OLMo-2-1124-7B-Instruct,fewshot,none,1,3e-05,0.99998,0,answer," With arrangement A, you can expect to receive $153 * 0.26 = $39.18 on average. Since $39.18 < $49, arrangement B is better.",massA=3.26e-05 massB=1
p2,331,11,neutral,0,54,68,0.81,1.02,0,False,A,allenai/OLMo-2-1124-7B-Instruct,fewshot,none,1,0.99998,0.99999,0,length_or_eos," With option A, you will get $68 with 81% probability which is $68 * 0.81 = $55.28. The total expected value of option A is $55.28. Since option B guarantees $54, option A has a higher expected value. Therefore, you should prefer option A. The final answer is: A.",massA=1 massB=1.66e-05
p2,500,16,mixed,139,139,234,0.6,1.0101,0,True,B,allenai/OLMo-2-1124-7B-Instruct,fewshot,none,1,0.99991,0.99989,0,blank," With option A, you keep your $139 with no change. With option B, you have a 60% chance to gain $95 for a total of $234 and a 40% chance to lose $139 for a total of $0. The expected value of option B is (0.6 * $234) + (0.4 * $0) = $140.4. Since $140.4 is greater than $139, option B has a higher expected value than option A. Therefore, the better choice is option B.",massA=8.92e-05 massB=1
p2,440,14,mixed,81,81,201,0.68,1.6874,0,True,B,allenai/OLMo-2-1124-7B-Instruct,fewshot,none,1,0.99988,0.99893,0,blank," With option A, you keep your $81 with no change. With option B, you have a 68% chance to gain $120, which is a $39 net gain. However, there's also a 32% chance to lose $81, which is a $81 net loss. On average, the expected value of option B is $201 * 0.68 + $0 * 0.32 = $136.64. Comparing the expected values, option B has an expected value of $136.64 - $81 = $55.64 more than option A. Therefore, option B is preferable, as it has a higher expected value than option A.",massA=0.000116 massB=0.999
p2,411,13,mixed,72,72,88,0.64,0.7822,0,False,A,allenai/OLMo-2-1124-7B-Instruct,fewshot,none,1,0.00036,0.99954,0,blank," With option A, you have a 64% chance to gain $16, which is a net gain of $6.36. However, there's also a 36% chance to lose $72, which is a net loss of $72. So, the expected value of option A is $6.36 + (-$72) = -$55.64. Keeping option B means you keep your $72 with no change. Thus, option B is better because it has a higher expected value than option A, which is -$55.64. Therefore, you should choose option B.",massA=0.000364 massB=0.999
p2,642,21,gain,0,106,206,0.73,1.4187,1,True,B,allenai/OLMo-2-1124-7B-Instruct,fewshot,none,1,0.99997,0.99999,0,answer," Arrangement A guarantees $106. With Arrangement B, you have a 73% chance to gain $206, which equals to $206 * 0.73 = $149.28. The total expected value of Arrangement B is $149.28 + ($0 * 0.27) = $149.28. Since $149.28 > $106, the better choice is Arrangement B.",massA=3.07e-05 massB=1
p2,944,31,gain,0,51,151,0.29,0.8586,2,True,B,allenai/OLMo-2-1124-7B-Instruct,fewshot,none,1,1e-05,1.0,0,length_or_eos," The expected value of Alternative B is $151 * 0.29 = $43.29. The expected value of Alternative A is $51. Since $51 > $43.29, you should select Alternative A. You are guaranteed to get $51 with Alternative A, whereas with Alternative B, there is a 71% chance you will end up with nothing. The higher expected value of Alternative A makes it the safer choice, despite the lower potential payout.",massA=1 massB=1.15e-05
p2,955,31,mixed,51,51,151,0.29,0.8586,2,False,A,allenai/OLMo-2-1124-7B-Instruct,fewshot,none,1,3e-05,0.99999,0,length_or_eos," With Alternative A, you have a 29% chance to gain $100, which is a potential gain of $49 ($100 - $51). However, there's also an 71% chance to lose $51. The expected value of this gamble is (0.29 * $100) + (0.71 * -$51) = $29 - $36.71 = -$7.71. With Alternative B, you keep your $51 with no change. Thus, Alternative B has a higher expected value than Alternative A, which is $51. Therefore, you should select Alternative B. The final answer is: B.",massA=2.71e-05 massB=1
p2,1071,35,mixed,91,91,133,0.68,0.9938,0,False,A,allenai/OLMo-2-1124-7B-Instruct,fewshot,none,1,0.00015,0.99987,0,length_or_eos," With option A, you have a 68% chance to gain $42, which is a net gain of $42 * 0.68 = $28.56. However, there's also a 32% chance to lose $91, which is a net loss of $91 * 0.32 = $29.12. So, the expected value of option A is $28.56 - $29.12 = -$0.56. Keeping option B means you keep your $91 with no change. Thus, option B is preferable because it has a positive expected value of $91 compared to option A's negative expected value of -$0.56. Therefore, you should choose option B.",massA=0.000153 massB=1
p2,638,21,neutral,0,106,206,0.73,1.4187,4,True,B,allenai/OLMo-2-1124-7B-Instruct,fewshot,none,1,0.00044,0.99974,0,answer," The expected value of Term B is 0.73 * $206 + 0.27 * $0 = $150.01. Since $150.01 < $106, the best choice is Term A.",massA=0.999 massB=0.000444
p2,336,11,neutral,0,54,68,0.81,1.02,3,True,B,allenai/OLMo-2-1124-7B-Instruct,fewshot,none,1,1.0,1.0,0,answer," Outcome B has an expected value of $68 * 0.81 = $55.08. Outcome A is worth $54 for certain. Since $55.08 > $54, you should choose Outcome B.",massA=1.78e-06 massB=1
p2,579,19,neutral,0,64,122,0.49,0.9341,4,False,A,allenai/OLMo-2-1124-7B-Instruct,fewshot,none,1,4e-05,0.99994,0,answer," With Term A, you have an expected value of 0.49 * $122 + 0.51 * $0 = $59.70. With Term B, you receive $64 for certain. Since $64 is greater than $59.70, you should choose Term B.",massA=3.69e-05 massB=1
p2,145,4,mixed,29,29,71,0.55,1.3466,2,False,A,allenai/OLMo-2-1124-7B-Instruct,fewshot,none,1,0.99996,0.99824,0,answer," In Alternative A, you have a 55% chance to gain $42, which is a net gain of $11.55. However, there's also a 45% chance to lose $29. So, the expected value of Alternative A is $29 + 0.55 * $42 - 0.45 * $29 = $29 + $22.70 - $12.75 = $40.95. Since $40.95 is more than the $29 you have in hand with Alternative B, you should choose Alternative A. The expected value of Alternative A is $40.95. The expected value of Alternative B is $29. Therefore, you should select Alternative A. The expected value of Alternative A is $40.95. The expected value of Alternative B is $29.",massA=0.998 massB=3.83e-05
p2,1273,36,dominant,0,98,155,1.0,1.5816,0,False,A,allenai/OLMo-2-1124-7B-Instruct,fewshot,none,1,0.99812,0.99968,0,answer, Option A pays $155 for certain. Option B pays $98 for certain.,massA=0.998 massB=0.00188
p2,199,6,gain,0,94,101,0.71,0.7629,4,False,A,allenai/OLMo-2-1124-7B-Instruct,fewshot,none,1,4e-05,0.99996,0,answer," First calculate the expected value of Term A: (0.71 * $101) + (0.29 * $0) = $71.71. Then compare this to the certain gain of Term B: $94. Since $71.71 < $94, the better choice is Term B, which guarantees a gain of $94.",massA=3.73e-05 massB=1
p2,907,30,neutral,0,149,447,0.26,0.78,3,False,A,allenai/OLMo-2-1124-7B-Instruct,fewshot,none,1,1e-05,0.99999,0,answer," The expected value of Outcome A is $447 * 0.26 + $0 * 0.74 = $117.02. The expected value of Outcome B is $149. Since $149 is greater than $117.02, you should choose Outcome B.",massA=8.66e-06 massB=1
p2,1085,36,neutral,0,98,227,0.47,1.0887,2,False,A,allenai/OLMo-2-1124-7B-Instruct,fewshot,none,1,0.99997,0.99996,0,answer," The expected value of Alternative A is $227 * 0.47 + $0 * 0.53 = $106.09. The expected value of Alternative B is $98. Since $98 < $106.09, you are better off with Alternative A.",massA=1 massB=2.86e-05
p2,320,10,mixed,111,111,278,0.58,1.4526,0,True,B,allenai/OLMo-2-1124-7B-Instruct,fewshot,none,1,0.9999,0.99977,0,answer," With option A, you keep your $111 with no change. With option B, you have a 58% chance to gain $167 and a 42% chance to lose $111. The expected value of option B is $278 * 0.58 + $0 * 0.42 = $161.76. The expected value of option A is $111. Thus, option B has an expected value $161.76 - $111 = $50.76 more than option A. Therefore, option B is preferable as it has a higher expected value than option A.",massA=9.65e-05 massB=1
p2,917,30,gain,0,149,447,0.26,0.78,3,False,A,allenai/OLMo-2-1124-7B-Instruct,fewshot,none,1,0.0,1.0,0,length_or_eos," Outcome A has an expected value of 0.26 * $447 = $117.42. Outcome B has an expected value of $149. Since $149 is greater than $117.42, you should choose Outcome B for a certain gain of $149. The expected value of Outcome A is not enough to compensate for the 74% chance of gaining nothing, so you should choose the certainty of Outcome B instead.",massA=3.68e-06 massB=1
p2,298,9,mixed,49,49,153,0.26,0.8118,4,True,B,allenai/OLMo-2-1124-7B-Instruct,fewshot,none,1,0.00022,0.99998,0,answer," The expected value of Term B is calculated as follows: (0.26 * $153) + (0.74 * $0) = $39.78. Since $39.78 is less than the $49 you already have, Term A is the better option.",massA=1 massB=0.000218
p2,486,16,neutral,0,139,234,0.6,1.0101,3,True,B,allenai/OLMo-2-1124-7B-Instruct,fewshot,none,1,1.0,1.0,0,answer," Outcome B has an expected value of $234 * 0.6 + $0 * 0.4 = $140.4. Outcome A is worth $139 for certain. Since $139 < $140.4, you should choose Outcome B.",massA=2.38e-06 massB=1
p2,650,21,mixed,106,106,206,0.73,1.4187,0,True,B,allenai/OLMo-2-1124-7B-Instruct,fewshot,none,1,0.99988,0.99995,0,answer," With option A, you keep your $106 with no change. With option B, you have a 73% chance to gain $100 (total $206) and a 27% chance to lose $106. On average, option B gives you a gain of (0.73 * $206) + (0.27 * -$106) = $149 - $28.42 = $120.58. Thus, option B is preferable as it yields an average of $120.58, which is more than the $106 you have with option A.",massA=0.000117 massB=1
p2,300,10,neutral,0,111,278,0.58,1.4526,0,True,B,allenai/OLMo-2-1124-7B-Instruct,fewshot,none,1,0.99943,0.99996,0,answer," The expected value of option B is 0.58 * $278 + 0.42 * $0 = $161.16. Option A pays $111 for certain, which is less than the expected value of option B.",massA=0.000568 massB=0.999
p2,450,15,neutral,0,82,113,0.74,1.0198,0,True,B,allenai/OLMo-2-1124-7B-Instruct,fewshot,none,1,7e-05,0.99999,0,answer," Option A pays $82 for certain. Option B has a 74% chance of paying $113 and a 26% chance of paying $0.
Average payment for option B is 0.74 * $113 + 0.26 * $0 = $83.42.
Since $83.42 is less than $82, option A is preferred.",massA=1 massB=6.71e-05
p2,391,13,neutral,0,72,88,0.64,0.7822,0,False,A,allenai/OLMo-2-1124-7B-Instruct,fewshot,none,1,2e-05,0.99999,0,answer," With option A, you will get $88 with 64% probability which is $88 * 0.64 = $56.32 on average. You will get $0 with 36% probability. So, option A is worth $56.32 for certain. Since $56.32 is less than $72, option B is better.",massA=2.3e-05 massB=1
p2,1066,35,gain,0,91,133,0.68,0.9938,3,True,B,allenai/OLMo-2-1124-7B-Instruct,fewshot,none,1,4e-05,1.0,0,answer," The expected value of Outcome B is 0.68 * $133 + 0.32 * $0 = $90.64. Since $91 > $90.64, Outcome A is better.",massA=1 massB=4.15e-05
p2,472,15,mixed,82,82,113,0.74,1.0198,1,True,B,allenai/OLMo-2-1124-7B-Instruct,fewshot,none,1,0.9997,0.99996,0,answer," Arrangement B has a 74% chance to rise to $113, which is a gain of $31. The worst-case scenario is losing $82, but the expected value of this arrangement is calculated as follows: (0.74 * $113) + (0.26 * $0) = $83.22. Since $83.22 is greater than the $82 you have, the best choice is Arrangement B.",massA=0.000298 massB=1
p2,248,8,neutral,0,62,263,0.33,1.3998,4,True,B,allenai/OLMo-2-1124-7B-Instruct,fewshot,none,1,0.99994,0.99989,0,answer," The expected value of Term B is 0.33 * $263 + 0.67 * $0 = $86.01. Since $86.01 > $62, the better choice is Term B.",massA=6.25e-05 massB=1
p2,1271,35,dominant,0,91,107,1.0,1.1758,3,False,A,allenai/OLMo-2-1124-7B-Instruct,fewshot,none,1,0.99945,0.99998,0,answer, Outcome A pays $107 for certain. Outcome B pays $91 for certain.,massA=0.999 massB=0.000555
p2,451,15,neutral,0,82,113,0.74,1.0198,0,False,A,allenai/OLMo-2-1124-7B-Instruct,fewshot,none,1,0.99998,0.99997,0,length_or_eos," With option A, you will get $113 with 74% probability which is $113 * 0.74 = $83.42. The total expected value of option A is $83.42. Since option B offers a fixed amount of $82, which is less than the expected value of option A, you should prefer option A. The answer is A.",massA=1 massB=2.23e-05
p2,508,16,mixed,139,139,234,0.6,1.0101,4,True,B,allenai/OLMo-2-1124-7B-Instruct,fewshot,none,1,0.9997,0.99983,0,answer," Term B has an expected value of (0.6 * $235) + (0.4 * $0) = $141. Thus, Term B has an expected value $141 which is greater than the $139 you have in Term A. Therefore, you should take Term B.",massA=0.000299 massB=1
p2,931,31,neutral,0,51,151,0.29,0.8586,0,False,A,allenai/OLMo-2-1124-7B-Instruct,fewshot,none,1,0.0001,0.99999,0,answer," The expected value of Option A is 0.29 * $151 + 0.71 * $0 = $43.29. The expected value of Option B is $51. Since $51 > $43.29, you prefer Option B.",massA=0.000105 massB=1
p2,134,4,gain,0,29,71,0.55,1.3466,2,True,B,allenai/OLMo-2-1124-7B-Instruct,fewshot,none,1,0.99998,1.0,0,length_or_eos," The expected value of Alternative B is 0.55 * $71 + 0.45 * $0 = $38.85. The expected value of Alternative A is $29. Since $29 < $38.85, you should choose Alternative B. The expected value is a mathematical expectation that accounts for all possible outcomes. In this case, it helps compare the average amount of money you could expect from each alternative. Since the expected value of Alternative B is higher than the certain gain of $29 from Alternative A, you should choose Alternative B for a higher expected gain.",massA=1.87e-05 massB=1
p2,613,20,gain,0,186,266,0.63,0.901,1,False,A,allenai/OLMo-2-1124-7B-Instruct,fewshot,none,1,3e-05,0.99999,0,answer," The expected value of arrangement A is 0.63 * $266 + 0.37 * $0 = $166.18. The certain gain of arrangement B is $186. Since $186 > $166.18, you should take arrangement B.",massA=2.63e-05 massB=1
p2,1052,35,neutral,0,91,133,0.68,0.9938,1,True,B,allenai/OLMo-2-1124-7B-Instruct,fewshot,none,1,3e-05,0.99999,0,answer," Arrangement A pays $91 for certain. Arrangement B has a 68% chance of paying $133 and a 32% chance of paying $0. The expected value of Arrangement B is 0.68 * $133 + 0.32 * $0 = $90.64. Since $91 is more than $90.64, you should take Arrangement A.",massA=1 massB=2.6e-05
p2,303,10,neutral,0,111,278,0.58,1.4526,1,False,A,allenai/OLMo-2-1124-7B-Instruct,fewshot,none,1,2e-05,0.99999,0,answer," With arrangement A, you expect to receive $278 * 0.58 = $159.60. Since $159.60 is less than $111, arrangement B is better.",massA=2.4e-05 massB=1
p2,479,15,mixed,82,82,113,0.74,1.0198,4,False,A,allenai/OLMo-2-1124-7B-Instruct,fewshot,none,1,0.99915,0.99972,0,blank," Term A has an expected value of (0.74 * $113) + (0.26 * $0) = $83.22. Term B has an expected value of $82. Thus, Term A has an expected value $83.22 - $82 = $1.22 higher than Term B. You should choose Term A.",massA=0.999 massB=0.000846
p2,125,4,neutral,0,29,71,0.55,1.3466,2,False,A,allenai/OLMo-2-1124-7B-Instruct,fewshot,none,1,2e-05,1.0,0,length_or_eos," With Alternative A, you will get $71 55% of the time and $0 45% of the time. This is equivalent to a expected value of $71 * 0.55 = $38.55. Since $38.55 is less than the $29 for certain in Alternative B, you should choose Alternative B. The expected value calculation considers the probability of each outcome and multiplies it by the value of that outcome, then adds up these products to estimate the average outcome. In this case, the expected value of Alternative A is lower than the certain $29 from Alternative B, so you should choose Alternative B to ensure you get at least $29.",massA=1.94e-05 massB=1
p2,633,21,neutral,0,106,206,0.73,1.4187,1,False,A,allenai/OLMo-2-1124-7B-Instruct,fewshot,none,1,4e-05,0.99998,0,answer," With arrangement A, you expect to receive $206 * 0.73 = $149.32. Since $149.32 is less than $106, arrangement B is better.",massA=3.54e-05 massB=1
p2,619,20,gain,0,186,266,0.63,0.901,4,False,A,allenai/OLMo-2-1124-7B-Instruct,fewshot,none,1,5e-05,0.99997,0,answer," First calculate the expected value of Term A: 0.63 * $266 + 0.37 * $0 = $167.98. Then compare this to the certain gain of Term B: $186. Since $167.98 < $186, the better choice is Term B, which guarantees a gain of $186.",massA=4.99e-05 massB=1
p2,535,17,mixed,117,117,362,0.42,1.2995,2,False,A,allenai/OLMo-2-1124-7B-Instruct,fewshot,none,1,4e-05,0.99998,0,length_or_eos," In Alternative A, you have a 42% chance to gain $245, which is a net gain of $245 - $117 = $128. And you have an 58% chance to lose $117, which is a net loss of $117. So the expected value of Alternative A is $128 + (-$117 * 0.58) = $128 - $67.46 = $60.54. Since $60.54 is less than the $117 you have in hand with Alternative B, you should choose Alternative B. The final answer is: B.",massA=4.01e-05 massB=1
p2,905,30,neutral,0,149,447,0.26,0.78,2,False,A,allenai/OLMo-2-1124-7B-Instruct,fewshot,none,1,3e-05,0.99999,0,answer," The expected value of Alternative A is $447 * 0.26 = $117.02. The expected value of Alternative B is $149. Since $149 is greater than $117.02, you should select Alternative B.",massA=2.69e-05 massB=1
p2,261,8,mixed,62,62,263,0.33,1.3998,0,False,A,allenai/OLMo-2-1124-7B-Instruct,fewshot,none,1,0.99981,0.94724,0,blank," With option A, you have a 33% chance to gain $201, which is a net gain of $68. With a 67% chance, you lose $62. So, on average, you gain $68 - $62 = $6 with option A. Keeping option B means you keep your $62 with no change. Thus, option A is preferable because it has a higher expected value of $6 compared to option B's $62. Therefore, the better choice is Option A.",massA=0.947 massB=0.000179
p2,602,20,neutral,0,186,266,0.63,0.901,1,True,B,allenai/OLMo-2-1124-7B-Instruct,fewshot,none,1,4e-05,0.99998,0,answer," The expected value of arrangement B is 0.63 * $266 + 0.37 * $0 = $166.10. Since $186 > $166.10, arrangement A is the better choice.",massA=1 massB=4.12e-05
p2,1230,15,dominant,0,82,114,1.0,1.3902,2,True,B,allenai/OLMo-2-1124-7B-Instruct,fewshot,none,1,0.99999,0.99998,0,length_or_eos," Both alternatives offer a certain amount of money. Alternative B offers more money than Alternative A ($114 > $82). Therefore, you should select Alternative B. The final answer is: B.",massA=9.52e-06 massB=1
p2,655,21,mixed,106,106,206,0.73,1.4187,2,False,A,allenai/OLMo-2-1124-7B-Instruct,fewshot,none,1,9e-05,0.99998,0,length_or_eos," In Alternative A, you have a 73% chance to gain $100, which is a net gain of $73 - $6 = $67. You also have a 27% chance to lose $106. The expected value of Alternative A is $67 + (-$27) = $40. Since you start with $106, you should select Alternative B, as it has an expected value of $106. Thus, you should select Alternative B, as it has an expected value of $106, which is higher than the expected value of Alternative A, which is $40.",massA=8.78e-05 massB=1
p2,1234,17,dominant,0,117,129,1.0,1.1026,4,True,B,allenai/OLMo-2-1124-7B-Instruct,fewshot,none,1,0.99995,0.99999,0,answer, Term B pays $129 for certain. Term A pays $117 for certain.,massA=5.5e-05 massB=1
p2,242,8,neutral,0,62,263,0.33,1.3998,1,True,B,allenai/OLMo-2-1124-7B-Instruct,fewshot,none,1,2e-05,1.0,0,answer," Arrangement A pays $62 for certain. Arrangement B has a 33% chance of paying $263 and a 67% chance of paying $0. The expected value of Arrangement B is 0.33 * $263 + 0.67 * $0 = $86.01. Since $86.01 is less than $62, Arrangement A is the better choice.",massA=1 massB=2.17e-05
p2,1228,14,dominant,0,81,135,1.0,1.6667,1,True,B,allenai/OLMo-2-1124-7B-Instruct,fewshot,none,1,1.0,1.0,0,answer, Arrangement B pays $135 for certain which is more than the $81 paid by arrangement A.,massA=4.03e-06 massB=1
p2,504,16,mixed,139,139,234,0.6,1.0101,2,True,B,allenai/OLMo-2-1124-7B-Instruct,fewshot,none,1,0.99992,0.99999,0,blank," With Alternative A, you keep your $139 with no change. With Alternative B, there is a 60% chance to gain $95 (total $234) and a 40% chance to lose $139. The expected value of Alternative B is (0.6 * $234) + (0.4 * $0) = $140.4. Since $140.4 is greater than $139, Alternative B has a higher expected value than Alternative A. Therefore, you should select Alternative B.",massA=8.48e-05 massB=1
p2,606,20,neutral,0,186,266,0.63,0.901,3,True,B,allenai/OLMo-2-1124-7B-Instruct,fewshot,none,1,3e-05,1.0,0,answer," Outcome B has an expected value of $266 * 0.63 + $0 * 0.37 = $167.02. Outcome A is worth $186 for certain. Since $186 is greater than $167.02, you should choose Outcome A.",massA=1 massB=3.41e-05
p2,1029,34,neutral,0,52,96,0.63,1.1631,4,False,A,allenai/OLMo-2-1124-7B-Instruct,fewshot,none,1,0.99845,0.99966,0,answer," With Term A, you have an expected value of 0.63 * $96 + 0.37 * $0 = $59.68. Since $59.68 > $52, you should choose Term A.",massA=0.998 massB=0.00155
p2,461,15,gain,0,82,113,0.74,1.0198,0,False,A,allenai/OLMo-2-1124-7B-Instruct,fewshot,none,1,0.99999,0.99999,0,length_or_eos," The expected value of Option A is 74% * $113 + 26% * $0 = $83.22. The expected value of Option B is $82. Since $83.22 > $82, you prefer Option A. The better choice on expected value grounds is Option A, but since you cannot feel the probability, you might prefer the certainty of Option B. However, based on expected value, Option A is better. The final answer is: A",massA=1 massB=1e-05
p2,140,4,mixed,29,29,71,0.55,1.3466,0,True,B,allenai/OLMo-2-1124-7B-Instruct,fewshot,none,1,0.99991,0.99994,0,answer," With option A, you keep your $29 with no change. With option B, you have a 55% chance to gain $42, which is a net gain of $13. With a 45% chance, you lose $29. The expected value of option B is $71 * 0.55 + $0 * 0.45 - $29 = $29 + $13 = $42. So, option B has an expected value of $42, which is $12 more than option A's $29. Therefore, option B is preferable.",massA=8.85e-05 massB=1
p2,614,20,gain,0,186,266,0.63,0.901,2,True,B,allenai/OLMo-2-1124-7B-Instruct,fewshot,none,1,2e-05,1.0,0,answer," First calculate the expected value of Alternative B: 0.63 * $266 + 0.37 * $0 = $167.01. Since $167.01 is less than the certain gain of $186, Alternative A is the better choice.",massA=1 massB=2.12e-05
p2,439,14,gain,0,81,201,0.68,1.6874,4,False,A,allenai/OLMo-2-1124-7B-Instruct,fewshot,none,1,0.00047,0.99922,0,answer, Term A has an expected value of 0.68 * $201 + 0.32 * $0 = $136.64. Term B pays $81 for certain.,massA=0.000471 massB=0.999
p2,358,11,mixed,54,54,68,0.81,1.02,4,True,B,allenai/OLMo-2-1124-7B-Instruct,fewshot,none,1,0.99913,0.99981,0,answer," Term B has an expected value of (0.81 * $68) + (0.19 * $0) = $55.28. Since $55.28 > $54, taking Term B is the better choice.",massA=0.000869 massB=0.999
p2,1142,38,neutral,0,183,609,0.38,1.2646,1,True,B,allenai/OLMo-2-1124-7B-Instruct,fewshot,none,1,4e-05,0.99999,0,answer," The expected value of arrangement B is 0.38 * $609 + 0.62 * $0 = $231.82. Since $231.82 < $183, arrangement B has a lower expected value than arrangement A. Therefore, you should take arrangement A.",massA=1 massB=3.9e-05
p2,188,6,neutral,0,94,101,0.71,0.7629,4,True,B,allenai/OLMo-2-1124-7B-Instruct,fewshot,none,1,0.00062,0.99972,0,answer," The expected value of Term B is 0.71 * $101 + 0.29 * $0 = $71.71. Since $71.71 is less than $94, Term A is the better option.",massA=0.999 massB=0.000621
p2,327,10,mixed,111,111,278,0.58,1.4526,3,False,A,allenai/OLMo-2-1124-7B-Instruct,fewshot,none,1,5e-05,0.99995,0,answer," The expected value of Outcome A is (0.58 * $167) + (0.42 * $0) = $96.06. The expected value of keeping Outcome B is $111. Since $96.06 < $111, the better choice is to keep the $111 with no change.",massA=4.95e-05 massB=1
p2,1060,35,gain,0,91,133,0.68,0.9938,0,True,B,allenai/OLMo-2-1124-7B-Instruct,fewshot,none,1,2e-05,1.0,0,answer," The expected value of option B is 0.68 * $133 + 0.32 * $0 = $89.36. The expected value of option A is $91. Since $91 is greater than $89.36, option A is preferable.",massA=1 massB=2.08e-05
p2,185,6,neutral,0,94,101,0.71,0.7629,2,False,A,allenai/OLMo-2-1124-7B-Instruct,fewshot,none,1,0.99999,0.99978,0,length_or_eos," With Alternative A, you will get $101 with a 71% probability which is $71.01 on average. In comparison, Alternative B offers a guaranteed $94. Thus, you should select Alternative A as it has a higher expected value of $71.01 compared to the certain $94 from Alternative B. The 29% chance of getting $0 with Alternative A does not outweigh the higher expected value of $71.01 compared to the certain $94 from Alternative B. Therefore, the better choice is Alternative A.",massA=1 massB=5.55e-06
p2,533,17,mixed,117,117,362,0.42,1.2995,1,False,A,allenai/OLMo-2-1124-7B-Instruct,fewshot,none,1,0.0003,0.99998,0,blank," With arrangement A, you have a 42% chance to gain $245, which is a net gain of $245 - $117 = $128. The remaining 58% chance means you lose $117, which is a net loss of $117. So, the expected value of arrangement A is $128 - $117 = $11. In contrast, arrangement B guarantees you to keep your $117. Therefore, arrangement B is better since it has a higher expected value than arrangement A, which is $117 compared to $11 from arrangement A. Thus, you should take arrangement B.",massA=0.000301 massB=1
p2,582,19,gain,0,64,122,0.49,0.9341,1,True,B,allenai/OLMo-2-1124-7B-Instruct,fewshot,none,1,4e-05,0.99999,0,answer," The expected value of arrangement B is $122 * 0.49 = $59.98. The expected value of arrangement A is $64. Since $64 is greater than $59.98, arrangement A is the better choice.",massA=1 massB=3.88e-05
p2,1090,36,gain,0,98,227,0.47,1.0887,0,True,B,allenai/OLMo-2-1124-7B-Instruct,fewshot,none,1,0.99996,0.99998,0,answer," The expected value of option B is 0.47 * $227 + 0.53 * $0 = $106.09. The expected value of option A is $98. Thus, option B has a higher expected value than option A. Therefore, you should prefer option B.",massA=4.2e-05 massB=1
p2,424,14,neutral,0,81,201,0.68,1.6874,2,True,B,allenai/OLMo-2-1124-7B-Instruct,fewshot,none,1,1e-05,0.99999,0,blank," The expected value of Alternative B is 0.68 * $201 + 0.32 * $0 = $136.68. This is less than the certain $81 from Alternative A. Therefore, you should choose Alternative A. The expected value of Alternative B is 0.68 * $201 + 0.32 * $0 = $136.68. This is less than the certain $81 from Alternative A. Therefore, you should choose Alternative A.",massA=1 massB=5.27e-06
p2,189,6,neutral,0,94,101,0.71,0.7629,4,False,A,allenai/OLMo-2-1124-7B-Instruct,fewshot,none,1,0.99918,0.9993,0,answer," With Term A, you have an expected value of 71% * $101 + 29% * $0 = $71.71. Since $71.71 > $94, you should choose Term A. You will receive $71.71 with 71% probability, and $0 with 29% probability.",massA=0.998 massB=0.000816
p2,952,31,mixed,51,51,151,0.29,0.8586,1,True,B,allenai/OLMo-2-1124-7B-Instruct,fewshot,none,1,0.99932,0.99947,0,length_or_eos," With arrangement A, you keep your $51 with no change. With arrangement B, you have a 29% chance to gain $100, which is an expected value of $29 * 100 = $2900. However, you also have an 71% chance to lose $51, which is an expected loss of $51 * 71% = $36.21. Therefore, the total expected value of arrangement B is $2900 - $36.21 = $2953.79. Since arrangement A guarantees $51, and arrangement B has an expected value of $2953.79, you should choose arrangement B for a higher expected value, even though it's not guaranteed. However, if you strictly adhere to the question's wording and consider only the guaranteed amount, the answer would be arrangement A, as it guarantees to keep your initial $51. But considering the expected value, arrangement B is preferable.",massA=0.000677 massB=0.999
p2,1033,34,gain,0,52,96,0.63,1.1631,1,False,A,allenai/OLMo-2-1124-7B-Instruct,fewshot,none,1,0.99993,0.99997,0,answer," The expected value of arrangement A is 0.63 * $96 + 0.37 * $0 = $59.28. The certain gain of arrangement B is $52. Since $52 is less than $59.28, you should take arrangement A.",massA=1 massB=7.37e-05
p2,402,13,gain,0,72,88,0.64,0.7822,1,True,B,allenai/OLMo-2-1124-7B-Instruct,fewshot,none,1,8e-05,0.99998,0,answer," Arrangement A guarantees $72. With Arrangement B, you have a 64% chance to gain $88, which equals to $88 * 0.64 = $56.32. The other 36% chance means you gain nothing, which equals to $0 * 0.36 = $0. Thus, the expected value of Arrangement B is $56.32. Since $72 is greater than $56.32, you should take Arrangement A.",massA=1 massB=7.51e-05
p2,187,6,neutral,0,94,101,0.71,0.7629,3,False,A,allenai/OLMo-2-1124-7B-Instruct,fewshot,none,1,0.99993,0.99999,0,answer," With outcome A, you expect to receive $101 * 0.71 = $72.71 on average. Since $72.71 > $94, you should choose outcome A.",massA=1 massB=7.09e-05
p2,1084,36,neutral,0,98,227,0.47,1.0887,2,True,B,allenai/OLMo-2-1124-7B-Instruct,fewshot,none,1,0.0,0.99991,0,length_or_eos," The expected value of Alternative B is 0.47 * $227 + 0.53 * $0 = $106.09. Since $106.09 < $98, Alternative B is worth less than Alternative A. Therefore, you should choose Alternative A. You are guaranteed to receive $98 with Alternative A, whereas with Alternative B you have a 47% chance of receiving $227 and a 53% chance of receiving nothing. The average amount you would receive with Alternative B is $106.09, which is less than the $98 you would receive with Alternative A. Therefore, you should choose Alternative A.",massA=1 massB=2.59e-06
p2,512,17,neutral,0,117,362,0.42,1.2995,1,True,B,allenai/OLMo-2-1124-7B-Instruct,fewshot,none,1,0.00014,0.99994,0,answer," The expected value of arrangement B is 0.42 * $362 + 0.58 * $0 = $152.04. Since $152.04 < $117, arrangement B has a lower expected value than arrangement A.",massA=1 massB=0.000137
p2,574,19,neutral,0,64,122,0.49,0.9341,2,True,B,allenai/OLMo-2-1124-7B-Instruct,fewshot,none,1,1e-05,0.99999,0,answer," The expected value of Alternative B is 0.49 * $122 + 0.51 * $0 = $60.30. Since $64 is more than $60.30, Alternative A is better.",massA=1 massB=7.3e-06
p2,910,30,gain,0,149,447,0.26,0.78,0,True,B,allenai/OLMo-2-1124-7B-Instruct,fewshot,none,1,3e-05,0.99999,0,answer," The expected value of option B is 0.26 * $447 + 0.74 * $0 = $117.42. The expected value of option A is $149. Since $149 is greater than $117.42, option A is preferable.",massA=1 massB=2.82e-05
p2,527,17,gain,0,117,362,0.42,1.2995,3,False,A,allenai/OLMo-2-1124-7B-Instruct,fewshot,none,1,0.0,0.99998,0,blank," Outcome A has an expected value of 0.42 * $362 + 0.58 * $0 = $151.84. Outcome B has an expected value of $117. Since $117 > $151.84, you should choose Outcome B. The better choice is B.",massA=4.8e-06 massB=1
p2,1092,36,gain,0,98,227,0.47,1.0887,1,True,B,allenai/OLMo-2-1124-7B-Instruct,fewshot,none,1,3e-05,1.0,0,answer," The expected value of arrangement B is $227 * 0.47 = $106.09. The expected value of arrangement A is $98. Since $98 is less than $106.09, arrangement A is the better choice.",massA=1 massB=3e-05
p2,285,9,gain,0,49,153,0.26,0.8118,2,False,A,allenai/OLMo-2-1124-7B-Instruct,fewshot,none,1,9e-05,1.0,0,length_or_eos," The expected value of Alternative A is 0.26 * $153 = $39.78. The expected value of Alternative B is $49. Since $39.78 < $49, you should select Alternative B, which guarantees a gain of $49. You cannot expect to gain more than $49 with Alternative A because you have a 74% chance of gaining nothing. Thus, Alternative B is the better choice.",massA=9.28e-05 massB=1
p2,245,8,neutral,0,62,263,0.33,1.3998,2,False,A,allenai/OLMo-2-1124-7B-Instruct,fewshot,none,1,0.99999,0.99935,0,blank," With Alternative A, you will get $263 with a 33% probability and $0 with a 67% probability. This means that on average you will get $263 * 0.33 = $86.90. In comparison, Alternative B offers a certain $62. Since $86.90 > $62, you should choose Alternative A. Therefore, the better choice is Alternative A.",massA=0.999 massB=5.06e-06
p2,130,4,gain,0,29,71,0.55,1.3466,0,True,B,allenai/OLMo-2-1124-7B-Instruct,fewshot,none,1,0.99994,0.99998,0,answer," The expected value of option B is 55% * $71 + 45% * $0 = $38.55. The expected value of option A is $29. Since $29 is less than $38.55, option B has a higher expected value. Therefore, I prefer option B.",massA=5.9e-05 massB=1
p2,630,21,neutral,0,106,206,0.73,1.4187,0,True,B,allenai/OLMo-2-1124-7B-Instruct,fewshot,none,1,2e-05,1.0,0,answer," Option A pays $106 for certain. Option B has a 73% chance of paying $206 and a 27% chance of paying $0. The expected value of option B is $206 * 0.73 + $0 * 0.27 = $150.06. Since $106 < $150.06, option A is preferable.",massA=1 massB=1.63e-05
p2,403,13,gain,0,72,88,0.64,0.7822,1,False,A,allenai/OLMo-2-1124-7B-Instruct,fewshot,none,1,2e-05,1.0,0,answer," The expected value of arrangement A is 64% * $88 + 36% * $0 = $56.32. The expected value of arrangement B is $72. Since $72 > $56.32, arrangement B is the better choice.",massA=1.74e-05 massB=1
p2,146,4,mixed,29,29,71,0.55,1.3466,3,True,B,allenai/OLMo-2-1124-7B-Instruct,fewshot,none,1,0.99995,0.99992,0,blank," With outcome A, you keep your $29 with no change. With outcome B, you have a 55% chance to gain $42, which is a net gain of $11.50, and a 45% chance to lose $29, which is a net loss of $29. On average, outcome B gives you a net gain of (0.55 * $42) - $29 = $5.10. Therefore, outcome B is better than outcome A. You should choose outcome B.",massA=4.67e-05 massB=1
p2,433,14,gain,0,81,201,0.68,1.6874,1,False,A,allenai/OLMo-2-1124-7B-Instruct,fewshot,none,1,0.99996,0.99994,0,length_or_eos," With arrangement A, you have a 68% chance to gain $201, which amounts to an expected value of $201 * 0.68 = $136.80. The other 32% of the time, you gain nothing, which adds $0 to your total. In total, arrangement A gives you an expected value of $136.80. With arrangement B, you are guaranteed to gain $81. Since the expected value of arrangement A ($136.80) is greater than the certain gain of arrangement B ($81), you should choose arrangement A to maximize your expected earnings.",massA=1 massB=4.2e-05
p2,1100,36,mixed,98,98,227,0.47,1.0887,0,True,B,allenai/OLMo-2-1124-7B-Instruct,fewshot,none,1,0.99987,0.99984,0,answer," With option A, you keep your $98 with no change. With option B, you have a 47% chance to gain $129 and a 53% chance to lose $98. The expected value of option B is $227 * 0.47 + $0 * 0.53 = $106.39. So, option B has an expected value of $106.39, which is more than the $98 you have. Therefore, you should choose option B for a potential gain of $17.61.",massA=0.000126 massB=1
p2,197,6,gain,0,94,101,0.71,0.7629,3,False,A,allenai/OLMo-2-1124-7B-Instruct,fewshot,none,1,1e-05,1.0,0,answer," Outcome A has an expected value of $101 * 0.71 = $71.71. Outcome B has an expected value of $94. Since $71.71 < $94, the better choice is Outcome B, which guarantees $94.",massA=7.02e-06 massB=1
p2,1075,35,mixed,91,91,133,0.68,0.9938,2,False,A,allenai/OLMo-2-1124-7B-Instruct,fewshot,none,1,1e-05,0.99999,0,length_or_eos," In Alternative A, you have a 68% chance to gain $42, which is a net gain of $42 * 0.68 = $28.56. However, there is also a 32% chance to lose $91, which is a net loss of $91 * 0.32 = $29.12. Therefore, the expected value of Alternative A is $28.56 - $29.12 = -$0.56. Since you already have $91 with no risk in Alternative B, you should choose Alternative B. The expected value of keeping $91 is $91. Thus, you should select Alternative B. The answer is: B.",massA=6.98e-06 massB=1
p2,1242,21,dominant,0,106,147,1.0,1.3868,4,True,B,allenai/OLMo-2-1124-7B-Instruct,fewshot,none,1,0.99997,0.99984,0,answer, The amount offered in Term B is greater than the amount offered in Term A.,massA=2.73e-05 massB=1
p2,572,19,neutral,0,64,122,0.49,0.9341,1,True,B,allenai/OLMo-2-1124-7B-Instruct,fewshot,none,1,3e-05,0.99999,0,answer," Arrangement A pays $64 for certain. Arrangement B has a 49% chance of paying $122 and a 51% chance of paying $0. The expected value of Arrangement B is 0.49 * $122 + 0.51 * $0 = $59.90. Since $64 is more than $59.90, you should take Arrangement A.",massA=1 massB=3.28e-05
p2,441,14,mixed,81,81,201,0.68,1.6874,0,False,A,allenai/OLMo-2-1124-7B-Instruct,fewshot,none,1,0.00021,0.99977,0,blank," With option A, you have a 68% chance to gain $120, which is a $49 profit. And you have a 32% chance to lose $81, which is a $81 loss. On average, you would gain $49 - $32 = $17. So, keeping the $81 with no change would give you more money than option A. Therefore, you should choose Option B.",massA=0.000213 massB=1
p2,395,13,neutral,0,72,88,0.64,0.7822,2,False,A,allenai/OLMo-2-1124-7B-Instruct,fewshot,none,1,1e-05,0.99999,0,length_or_eos," With Alternative A, you will get $88 with 64% probability which is $88 * 0.64 = $56.32 on average. So, you will get $56.32 with 64% probability and $0 with 36% probability. This is equivalent to $56.32 / 100 * 100% = 56.32%. Since 56.32% is less than 100%, Alternative B is better because it guarantees $72. Therefore, the better alternative is B. The final answer: B.",massA=7.03e-06 massB=1
p2,337,11,neutral,0,54,68,0.81,1.02,3,False,A,allenai/OLMo-2-1124-7B-Instruct,fewshot,none,1,0.99998,0.99999,0,length_or_eos," With outcome A, you expect to receive $68 * 0.81 = $55.08. Since $55.08 > $54, you should choose outcome A. Thus, the better choice is A.",massA=1 massB=1.53e-05
p2,1055,35,neutral,0,91,133,0.68,0.9938,2,False,A,allenai/OLMo-2-1124-7B-Instruct,fewshot,none,1,1.0,0.99998,0,length_or_eos," With Alternative A, you will get $133 with 68% probability which is $91 * 68 / 100 = $61.28 on average. So, you will get $133 - $61.28 = $71.72 with Alternative A. This is more than the $91 you will get with Alternative B. Therefore, you should choose Alternative A. The final answer: A.",massA=1 massB=1.1e-06
p2,1106,36,mixed,98,98,227,0.47,1.0887,3,True,B,allenai/OLMo-2-1124-7B-Instruct,fewshot,none,1,7e-05,0.99999,0,answer," With outcome A, you keep your $98 with no change. With outcome B, you have a 47% chance to gain $129 and a 53% chance to lose $98. The expected value of outcome B is (0.47 * $129) + (0.53 * -$98) = $60.51 - $51.54 = $8.97. Since $8.97 is less than $98, outcome A is better than outcome B.",massA=1 massB=7.34e-05
p2,1213,6,dominant,0,94,128,1.0,1.3617,4,False,A,allenai/OLMo-2-1124-7B-Instruct,fewshot,none,1,0.99974,0.99998,0,answer, Term A pays $128 for certain. Term B pays $94 for certain.,massA=1 massB=0.000261
p2,936,31,neutral,0,51,151,0.29,0.8586,3,True,B,allenai/OLMo-2-1124-7B-Instruct,fewshot,none,1,3e-05,1.0,0,answer," Outcome B has an average value of 0.29 * $151 + 0.71 * $0 = $43.29. Outcome A pays $51 for certain. Since $51 > $43.29, you should choose Outcome A.",massA=1 massB=3.48e-05
p2,1152,38,gain,0,183,609,0.38,1.2646,1,True,B,allenai/OLMo-2-1124-7B-Instruct,fewshot,none,1,0.99999,0.99999,0,blank," The expected value of arrangement B is $609 * 0.38 + $0 * 0.62 = $229.22. The certain gain from arrangement A is $183. Since $183 < $229.22, arrangement B has a higher expected value. Therefore, you should take arrangement B.",massA=1.05e-05 massB=1
p2,354,11,mixed,54,54,68,0.81,1.02,2,True,B,allenai/OLMo-2-1124-7B-Instruct,fewshot,none,1,0.99984,0.99998,0,blank," With Alternative A, you keep your $54 with no change. With Alternative B, you have an 81% chance to gain $14 for a total of $68 and a 19% chance to lose $54 for a total of $0. The expected value of Alternative B is (0.81 * $68) + (0.19 * $0) = $55.28. Since $55.28 is greater than $54, Alternative B has a higher expected value than Alternative A. Therefore, you should select Alternative B.",massA=0.000164 massB=1
p2,1144,38,neutral,0,183,609,0.38,1.2646,2,True,B,allenai/OLMo-2-1124-7B-Instruct,fewshot,none,1,1e-05,0.99999,0,answer," The expected value of Alternative B is 0.38 * $609 + 0.62 * $0 = $231.42. Since $231.42 < $183, you would rather have Alternative A.",massA=1 massB=7.63e-06
p2,1050,35,neutral,0,91,133,0.68,0.9938,0,True,B,allenai/OLMo-2-1124-7B-Instruct,fewshot,none,1,2e-05,1.0,0,answer," Option A pays $91 for certain. Option B has a 68% chance of paying $133 and a 32% chance of paying $0. The expected value of option B is 0.68 * $133 + 0.32 * $0 = $90.64. Since $91 is more than $90.64, option A is preferable.",massA=1 massB=1.54e-05
p2,1143,38,neutral,0,183,609,0.38,1.2646,1,False,A,allenai/OLMo-2-1124-7B-Instruct,fewshot,none,1,4e-05,0.99999,0,answer, Arrangement A has an expected value of $609 * 0.38 + $0 * 0.62 = $230.82. Arrangement B pays $183 for certain.,massA=4.17e-05 massB=1
p2,290,9,mixed,49,49,153,0.26,0.8118,0,True,B,allenai/OLMo-2-1124-7B-Instruct,fewshot,none,1,7e-05,0.99997,0,answer," With option A, you keep your $49 with no change. With option B, you have a 26% chance to gain $104, resulting in a total of $153. However, there's an 74% chance you'll lose your $49, resulting in no money. The expected value of option B is (0.26 * $153) + (0.74 * $0) = $39.78. Since $39.78 is less than the $49 you already have with option A, option A is the better choice. The expected value of option B is $39.78. Therefore, the better option is A.",massA=1 massB=6.76e-05
p2,627,20,mixed,186,186,266,0.63,0.901,3,False,A,allenai/OLMo-2-1124-7B-Instruct,fewshot,none,1,3e-05,0.99998,0,blank," With outcome A, you have a 63% chance to gain $80, which is $80 * 0.63 = $50.40. The other 37% of the time, you lose $186. So, the expected value of outcome A is $50.40 - $186 = -$135.60. With outcome B, you keep your $186 with no change. Thus, the expected value of outcome B is $186. Comparing the expected values, outcome B has a higher expected value than outcome A. Therefore, you should choose outcome B.",massA=2.73e-05 massB=1
p2,1048,34,mixed,52,52,96,0.63,1.1631,4,True,B,allenai/OLMo-2-1124-7B-Instruct,fewshot,none,1,0.99979,0.99991,0,answer," Term B has an expected value of (0.63 * $96) + (0.37 * $0) = $59.68. Term A has an expected value of $52. Thus, Term B has an expected value $59.68 - $52 = $7.68 more than Term A. Therefore, you should choose Term B.",massA=0.000214 massB=1
p2,538,17,mixed,117,117,362,0.42,1.2995,4,True,B,allenai/OLMo-2-1124-7B-Instruct,fewshot,none,1,0.99976,0.99998,0,answer," Term B has an expected value of (0.42 * 362) + (0.58 * 0) = 151.84. Adding the initial $117, the expected value of this term is 151.84 + 117 = 268.84. Term A guarantees $117, while Term B has an expected value of $268.84. Since Term B has a higher expected value than the guaranteed $117 from Term A, it is the better choice.",massA=0.000235 massB=1
p2,495,16,gain,0,139,234,0.6,1.0101,2,False,A,allenai/OLMo-2-1124-7B-Instruct,fewshot,none,1,0.99999,0.99989,0,blank," First calculate the expected value of Alternative A: 60% * $234 + 40% * $0 = $140.40. Then compare this to the certain gain of $139 from Alternative B. Since $140.40 > $139, you should select Alternative A. The expected value of Alternative A is $140.40, which is higher than the certain gain of $139 from Alternative B.",massA=1 massB=1.11e-05
p2,200,6,mixed,94,94,101,0.71,0.7629,0,True,B,allenai/OLMo-2-1124-7B-Instruct,fewshot,none,1,1e-05,0.99997,0,answer," With option A, you keep your $94 with no change. With option B, you have a 71% chance to gain $7, which is a potential total of $101. However, there is also a 29% chance to lose all $94. On average, the expected value of option B is (0.71 * $101) + (0.29 * $0) = $71.71. Compared to option A's $94, option B's expected value of $71.71 is less. Therefore, option A is the better choice as it guarantees to keep your $94, whereas option B has a risk of losing all your money.",massA=1 massB=1.07e-05
p2,1047,34,mixed,52,52,96,0.63,1.1631,3,False,A,allenai/OLMo-2-1124-7B-Instruct,fewshot,none,1,0.99896,0.99991,0,blank," With outcome A, you have a 63% chance to gain $44, which is a net gain of $22 (since you start with $52). The 37% chance to lose $52 means you would end up $22 behind. So, overall, Outcome A is better than keeping the $52 with no change, because $52 + $22 = $74 is more than $52. The risk of losing $52 is offset by the potential gain of $44, making Outcome A the better choice.",massA=0.999 massB=0.00104
p2,497,16,gain,0,139,234,0.6,1.0101,3,False,A,allenai/OLMo-2-1124-7B-Instruct,fewshot,none,1,0.99998,0.9999,0,length_or_eos," Outcome A has an expected value of 0.6 * $234 + 0.4 * $0 = $140.4. Outcome B has an expected value of $139 for certain. Since $140.4 > $139, the better choice is Outcome A. The better choice is Outcome A with an expected value of $140.4.",massA=1 massB=1.84e-05
p2,653,21,mixed,106,106,206,0.73,1.4187,1,False,A,allenai/OLMo-2-1124-7B-Instruct,fewshot,none,1,0.00013,1.0,0,length_or_eos," With arrangement A, you have a 73% chance to gain $100, which is a net gain of $73 - $6 = $67. You also have a 27% chance to lose $106, which is a net loss of $106. So the expected value of arrangement A is $67 + (-$27) = $40. Keeping arrangement B means you keep your $106 for certain. Therefore, arrangement B is better because it has an expected value of $106 compared to arrangement A's $40. The difference in expected value between arrangement B and A is $106 - $40 = $66. So, arrangement B is $66 better than arrangement A.",massA=0.000131 massB=1
p2,507,16,mixed,139,139,234,0.6,1.0101,3,False,A,allenai/OLMo-2-1124-7B-Instruct,fewshot,none,1,9e-05,0.99998,0,blank," Outcome A has an expected value of (0.6 * $95) + (0.4 * $0) = $57 + $0 = $57. Outcome B has an expected value of $139. Since $57 < $139, Outcome B is better than Outcome A. You should choose Outcome B to keep your $139 with no change.",massA=9.39e-05 massB=1
p2,1270,35,dominant,0,91,107,1.0,1.1758,0,True,B,allenai/OLMo-2-1124-7B-Instruct,fewshot,none,1,0.97501,0.14778,1,answer," Both options offer a certain amount of money. Therefore, the preferred option depends on personal preference. Since both options are certain, neither is riskier than the other. The difference in the amounts is $107 - $91 = $16.",massA=0.00369 massB=0.144
p2,405,13,gain,0,72,88,0.64,0.7822,2,False,A,allenai/OLMo-2-1124-7B-Instruct,fewshot,none,1,1e-05,0.99998,0,length_or_eos," With Alternative A, you have a 64% chance to gain $88, which is equivalent to $88 * 0.64 = $56.32. The other 36% of the time, you gain nothing. On average, this amounts to $56.32. The certain gain of $72 is higher than the average gain of $56.32 from Alternative A. Therefore, you should select Alternative B. The final answer is: B.",massA=8.77e-06 massB=1
p2,259,8,gain,0,62,263,0.33,1.3998,4,False,A,allenai/OLMo-2-1124-7B-Instruct,fewshot,none,1,8e-05,0.99992,0,answer, Term A has an expected value of 0.33 * $263 + 0.67 * $0 = $86.91. Term B pays $62 for certain.,massA=8.09e-05 massB=1
p2,598,19,mixed,64,64,122,0.49,0.9341,4,True,B,allenai/OLMo-2-1124-7B-Instruct,fewshot,none,1,0.99927,0.99964,0,answer," Term B has an expected value of (0.49 * $122) + (0.51 * $0) = $59.98. Since $59.98 > $64, you should choose Term B.",massA=0.000732 massB=0.999
p2,658,21,mixed,106,106,206,0.73,1.4187,4,True,B,allenai/OLMo-2-1124-7B-Instruct,fewshot,none,1,0.99901,0.99983,0,answer," Term B has an expected value of (0.73 * $206) + (0.27 * $0) = $150.06. Since $150.06 > $106, taking Term B is the better choice.",massA=0.000989 massB=0.999
p2,1093,36,gain,0,98,227,0.47,1.0887,1,False,A,allenai/OLMo-2-1124-7B-Instruct,fewshot,none,1,2e-05,0.99999,0,answer," The expected value of arrangement A is 0.47 * $227 + 0.53 * $0 = $106.09. The certain gain of arrangement B is $98. Since $98 > $106.09, you should take arrangement B.",massA=2.21e-05 massB=1
p2,341,11,gain,0,54,68,0.81,1.02,0,False,A,allenai/OLMo-2-1124-7B-Instruct,fewshot,none,1,0.99995,0.99649,0,answer," The expected value of Option A is 0.81 * $68 + 0.19 * $0 = $54.39. The expected value of Option B is $54. Since $54.39 > $54, you prefer Option A. The expected value is the average amount you can expect to win if you take that option.",massA=0.996 massB=5.48e-05
p2,1140,38,neutral,0,183,609,0.38,1.2646,0,True,B,allenai/OLMo-2-1124-7B-Instruct,fewshot,none,1,0.00202,0.99916,0,answer, The expected value of option B is $609 * 0.38 + $0 * 0.62 = $229.22. Option A pays $183 for certain.,massA=0.997 massB=0.00202
p2,1077,35,mixed,91,91,133,0.68,0.9938,3,False,A,allenai/OLMo-2-1124-7B-Instruct,fewshot,none,1,6e-05,0.99998,0,length_or_eos," With outcome A, you have a 68% chance to gain $42, which is a net gain of $42 * 0.68 = $28.56. The 32% chance to lose $91 offsets this gain, resulting in a net expected value of $28.56 - $91 * 0.32 = $28.56 - $29.12 = -$0.56. In comparison, outcome B guarantees you to keep your $91. Thus, outcome B is better than outcome A. The final answer is: B.",massA=6.18e-05 massB=1
p2,1162,38,mixed,183,183,609,0.38,1.2646,1,True,B,allenai/OLMo-2-1124-7B-Instruct,fewshot,none,1,3e-05,0.99999,0,length_or_eos," In Arrangement A, you keep your $183 with no change. In Arrangement B, you have a 38% chance to gain $426 and a 62% chance to lose $183. The expected value of Arrangement B is 0.38 * $426 + 0.62 * $0 = $162.52. Since $162.52 is less than $183, you should choose Arrangement A.",massA=1 massB=3.49e-05
p2,469,15,gain,0,82,113,0.74,1.0198,4,False,A,allenai/OLMo-2-1124-7B-Instruct,fewshot,none,1,0.0002,0.99988,0,answer, Term A has an expected value of 74% * $113 + 26% * $0 = $84.22. Term B pays $82 for certain.,massA=0.000203 massB=1
p2,347,11,gain,0,54,68,0.81,1.02,3,False,A,allenai/OLMo-2-1124-7B-Instruct,fewshot,none,1,1e-05,0.99864,0,length_or_eos," Outcome A has an expected value of 0.81 * $68 + 0.19 * $0 = $54.80. Outcome B has an expected value of $54. Since $54.80 > $54, you should choose Outcome A. The higher expected value means you will, on average, end up with more money by choosing the outcome with the higher expected value. In this case, that's Outcome A. However, since you cannot have a fraction of a dollar, and you cannot choose both outcomes, you should choose the outcome with the higher guaranteed amount, which is Outcome B. In this case, that's Outcome B, because $54 is more than $54.80, but you cannot have the extra 80 cents from the expected value of Outcome A. Since you cannot have a fraction of a dollar and you cannot choose both outcomes, the safer choice is to take the guaranteed amount from Outcome B. This ensures you will have at least $54, which is more than the $50 you could get from the uncertain outcome of Outcome A. However, if you are willing to take a risk for the chance to potentially earn more, you should choose Outcome A. But since the question asks for the outcome you ""want"" and typically people want to be certain of what they will have, the safer choice is to take the guaranteed amount from Outcome B. Therefore, the outcome you want is Outcome B.",massA=5.03e-06 massB=0.999
p2,335,11,neutral,0,54,68,0.81,1.02,2,False,A,allenai/OLMo-2-1124-7B-Instruct,fewshot,none,1,1.0,0.99916,0,length_or_eos," With Alternative A, you can expect to receive $68 * 81 / 100 = $55.08 on average. This is more than the $54 you would receive with Alternative B. Therefore, you should choose Alternative A. The expected value of Alternative A is $55.08, while the expected value of Alternative B is $54. Since $55.08 > $54, you should choose Alternative A. Therefore, the better choice is Alternative A.",massA=0.999 massB=2.65e-06
p2,398,13,neutral,0,72,88,0.64,0.7822,4,True,B,allenai/OLMo-2-1124-7B-Instruct,fewshot,none,1,0.00035,0.99985,0,answer," The expected value of Term B is 0.64 * $88 + 0.36 * $0 = $56.48. Since $56.48 < $72, the better choice is Term A.",massA=0.999 massB=0.00035
p2,342,11,gain,0,54,68,0.81,1.02,1,True,B,allenai/OLMo-2-1124-7B-Instruct,fewshot,none,1,2e-05,1.0,0,blank," Arrangement A guarantees $54. With Arrangement B, you have a 81% chance to gain $68, which equals to $68 * 0.81 = $55.08. However, there is also a 19% chance to gain nothing, which means you could end up with $0. Therefore, taking Arrangement A ensures you a higher and certain amount of $54 compared to the average outcome of $55.08 from Arrangement B, considering the 19% chance of gaining nothing. Thus, the better choice is Arrangement A.",massA=1 massB=2.08e-05
p2,458,15,neutral,0,82,113,0.74,1.0198,4,True,B,allenai/OLMo-2-1124-7B-Instruct,fewshot,none,1,0.99994,0.99986,0,answer," The expected value of Term B is 0.74 * $113 + 0.26 * $0 = $82.82. Since $82.82 > $82, the best choice is Term B.",massA=6.13e-05 massB=1
p2,1036,34,gain,0,52,96,0.63,1.1631,3,True,B,allenai/OLMo-2-1124-7B-Instruct,fewshot,none,1,6e-05,0.99999,0,length_or_eos," Outcome A guarantees $52. Outcome B has an expected value of $96 * 0.63 + $0 * 0.37 = $60.48. Since $52 is greater than $60.48, the best choice is Outcome A. You should choose Outcome A.",massA=1 massB=5.78e-05
p2,592,19,mixed,64,64,122,0.49,0.9341,1,True,B,allenai/OLMo-2-1124-7B-Instruct,fewshot,none,1,0.9994,0.99957,0,answer," Arrangement B has a 49% chance to rise to $122, which is a gain of $58. The expected value of this arrangement is 0.49 * $122 + 0.51 * $0 = $59.89. In comparison, keeping the $64 with no change results in $64. Thus, the better choice is Arrangement B, as it has an expected value of $59.89, which is greater than the $64 from keeping the money.",massA=0.000602 massB=0.999
p2,953,31,mixed,51,51,151,0.29,0.8586,1,False,A,allenai/OLMo-2-1124-7B-Instruct,fewshot,none,1,0.00015,0.99998,0,length_or_eos," With arrangement A, you have a 29% chance to gain $100, which is a net gain of $49 ($100 - $51). The other 71% of the time, you lose $51. So the expected value of arrangement A is 0.29 * $100 + 0.71 * (-$51) = $29 - $36.71 = -$7.71. With arrangement B, you keep your $51 for certain. Thus, arrangement B is better than arrangement A because -$7.71 > $0. The expected value of arrangement B is $51. Therefore, you should take arrangement B.",massA=0.000154 massB=1
p2,442,14,mixed,81,81,201,0.68,1.6874,1,True,B,allenai/OLMo-2-1124-7B-Instruct,fewshot,none,1,3e-05,0.99999,0,answer," Arrangement B has a 68% chance to rise to $201, which is a gain of $120. The probability of this occurring is 0.68. The probability of losing all the money is 0.32, which is not favorable. However, since we already have $81, the gain from the favorable outcome (68% chance) is $120 - $81 = $39. Thus, the expected value of taking Arrangement B is $39 * 0.68 + $0 * 0.32 = $26.32. Since Arrangement A offers no change, the expected value of keeping the $81 is $81. Comparing the expected values, $81 (from A) is greater than $26.32 (from B). Therefore, you should take Arrangement A.",massA=1 massB=3.48e-05
p2,275,9,neutral,0,49,153,0.26,0.8118,2,False,A,allenai/OLMo-2-1124-7B-Instruct,fewshot,none,1,0.0,1.0,0,length_or_eos," The expected value of Alternative A is $153 * 0.26 + $0 * 0.74 = $39.18. The expected value of Alternative B is $49. Since $39.18 < $49, you are better off with Alternative B, which guarantees $49. Therefore, the final answer is B.",massA=2.43e-06 massB=1
p2,646,21,gain,0,106,206,0.73,1.4187,3,True,B,allenai/OLMo-2-1124-7B-Instruct,fewshot,none,1,2e-05,0.99998,0,length_or_eos," Outcome A guarantees $106. Outcome B has a 73% chance of gaining $206 and a 27% chance of gaining $0, for an average gain of $206 * 0.73 = $149.32. Since $149.32 is greater than $106, the best choice is Outcome B. However, because there is a 27% chance of gaining nothing, the risk is higher. Considering the certainty of Outcome A and the risk involved in Outcome B, the safer choice is Outcome A. Despite the higher average gain of Outcome B, the guaranteed gain of Outcome A makes it the better choice when considering risk avoidance. Therefore, the safer choice is Outcome A, which guarantees $106. The higher expected value of Outcome B does not compensate for the risk of potentially ending up with nothing. Thus, the best choice is Outcome A.",massA=1 massB=2.47e-05
p2,954,31,mixed,51,51,151,0.29,0.8586,2,True,B,allenai/OLMo-2-1124-7B-Instruct,fewshot,none,1,1e-05,0.99999,0,blank," With Alternative A, you keep your $51 with no change. With Alternative B, there is a 29% chance to gain $100, which is an additional $49. This is better than the $51 you have with Alternative A. However, there is an 71% chance to lose all $51, which is a significant risk. Despite the higher potential gain, the risk of losing $51 makes Alternative B less favorable than Alternative A. Therefore, you should choose Alternative A, as it guarantees you keep your initial $51 with no change.",massA=1 massB=5.2e-06
p2,284,9,gain,0,49,153,0.26,0.8118,2,True,B,allenai/OLMo-2-1124-7B-Instruct,fewshot,none,1,1e-05,1.0,0,answer," First calculate the expected value of Alternative B which is 0.26 * $153 + 0.74 * $0 = $39.18. Since $49 is more than $39.18, Alternative A is the better choice.",massA=1 massB=1.02e-05
p2,135,4,gain,0,29,71,0.55,1.3466,2,False,A,allenai/OLMo-2-1124-7B-Instruct,fewshot,none,1,0.99998,0.99981,0,length_or_eos," The expected value of Alternative A is 55% * $71 + 45% * $0 = $38.55. The expected value of Alternative B is $29. Since $29 < $38.55, you should select Alternative A. The expected value is the mathematical expectation, which is calculated by multiplying each outcome by its probability and summing the products. In this case, the expected value of Alternative A is (0.55 * $71) + (0.45 * $0) = $38.55. Since $29 < $38.55, you should select Alternative A, as it has a higher expected value, meaning you are expected to gain more money on average.",massA=1 massB=1.94e-05
p2,1038,34,gain,0,52,96,0.63,1.1631,4,True,B,allenai/OLMo-2-1124-7B-Instruct,fewshot,none,1,0.99992,0.99995,0,answer," The expected value of Term B is 0.63 * $96 + 0.37 * $0 = $59.52. Since $59.52 > $52, the better choice is Term B.",massA=8.19e-05 massB=1
p2,351,11,mixed,54,54,68,0.81,1.02,0,False,A,allenai/OLMo-2-1124-7B-Instruct,fewshot,none,1,0.99984,0.99847,0,length_or_eos," With option A, you have a 81% chance to gain $14 for a total of $68, and a 19% chance to lose $54 for a total of $0. The expected value of option A is (0.81 * $68) + (0.19 * $0) = $55.28. Option B guarantees you keep your $54. Comparing the expected values, $55.28 > $54, so option A is preferable. The better choice is A, with an expected value of $55.28.",massA=0.998 massB=0.000156
p2,505,16,mixed,139,139,234,0.6,1.0101,2,False,A,allenai/OLMo-2-1124-7B-Instruct,fewshot,none,1,0.99998,0.99973,0,blank," In Alternative A, you have a 60% chance to gain $95, which is a net gain of $59. On the other hand, you have a 40% chance to lose $139. The expected value of Alternative A is $139 * 0.6 + $95 * 0.6 = $139 + $57 = $196. Since $196 is greater than $139, Alternative A is the better choice. Therefore, you should select Alternative A.",massA=1 massB=1.87e-05
p2,315,10,gain,0,111,278,0.58,1.4526,2,False,A,allenai/OLMo-2-1124-7B-Instruct,fewshot,none,1,0.99999,0.99988,0,length_or_eos," First calculate the expected value of Alternative A: 0.58 * $278 + 0.42 * $0 = $160.04. Then compare this to the certain gain of $111 from Alternative B. Since $160.04 > $111, you should choose Alternative A. (Note: This assumes you are risk-neutral or prefer the higher expected value. If you are risk-averse, you might prefer the certainty of $111 from Alternative B even though it is less than the expected value of Alternative A.)",massA=1 massB=9.42e-06
p2,1051,35,neutral,0,91,133,0.68,0.9938,0,False,A,allenai/OLMo-2-1124-7B-Instruct,fewshot,none,1,0.99996,0.99977,0,answer," With option A, you will get $133 with 68% probability which is $91 * 68 / 100 = $61.28 on average. So, you will get a total of $133 + $61.28 = $194.28 with 68% probability. With 32% probability, you will get $0. So, the expected value of option A is $194.28 * 0.68 + $0 * 0.32 = $131.57. Option B guarantees $91. Therefore, option A is preferable as it has a higher expected value of $131.57 compared to the certain $91 from option B.",massA=1 massB=3.84e-05
p2,1059,35,neutral,0,91,133,0.68,0.9938,4,False,A,allenai/OLMo-2-1124-7B-Instruct,fewshot,none,1,3e-05,0.99993,0,answer," With Term A, you have an expected value of 0.68 * $133 + 0.32 * $0 = $90.40. Since $90.40 is less than $91, you should choose Term B, which guarantees $91.",massA=2.51e-05 massB=1
p2,652,21,mixed,106,106,206,0.73,1.4187,1,True,B,allenai/OLMo-2-1124-7B-Instruct,fewshot,none,1,0.99941,0.99994,0,answer," Arrangement B has a 73% chance to rise to $206, which is a gain of $100. The loss in the 27% chance is not relevant because you would not take this arrangement if you were risk-averse.",massA=0.000588 massB=0.999
p2,644,21,gain,0,106,206,0.73,1.4187,2,True,B,allenai/OLMo-2-1124-7B-Instruct,fewshot,none,1,0.99998,0.99999,0,length_or_eos," The expected value of Alternative B is 0.73 * $206 + 0.27 * $0 = $149.01. The expected value of Alternative A is $106. Since $106 < $149.01, you should select Alternative B. The expected value is a mathematical expectation that accounts for the probability of each outcome and its payoff. In this case, Alternative B has a higher expected value than Alternative A, meaning it is more advantageous on average. Even though there is a risk involved with Alternative B (the possibility of gaining nothing), the higher potential payoff makes it the better choice when considering expected value.",massA=1.83e-05 massB=1
p2,1150,38,gain,0,183,609,0.38,1.2646,0,True,B,allenai/OLMo-2-1124-7B-Instruct,fewshot,none,1,0.99996,0.99999,0,answer," The expected value of option B is 0.38 * $609 + 0.62 * $0 = $231.82. The expected value of option A is $183. Since $231.82 > $183, the better choice is option B.",massA=3.9e-05 massB=1
p2,352,11,mixed,54,54,68,0.81,1.02,1,True,B,allenai/OLMo-2-1124-7B-Instruct,fewshot,none,1,0.99985,0.99998,0,answer," Arrangement B has a 81% chance to rise to $68, which is a gain of $14. The loss scenario in Arrangement B is not worth considering because the initial $54 is already secured and not at risk. Thus, the best choice is Arrangement B with an 81% chance to gain $14, totaling $68.",massA=0.000152 massB=1
p2,271,9,neutral,0,49,153,0.26,0.8118,0,False,A,allenai/OLMo-2-1124-7B-Instruct,fewshot,none,1,7e-05,0.99998,0,answer," The expected value of Option A is 0.26 * $153 + 0.74 * $0 = $39.78. The expected value of Option B is $49. Since $49 is greater than $39.78, I prefer Option B.",massA=6.71e-05 massB=1
p2,278,9,neutral,0,49,153,0.26,0.8118,4,True,B,allenai/OLMo-2-1124-7B-Instruct,fewshot,none,1,0.00043,0.99989,0,answer," The expected value of Term B is 0.26 * $153 + 0.74 * $0 = $39.18. Since $39.18 < $49, the better choice is Term A.",massA=0.999 massB=0.000425
p2,419,13,mixed,72,72,88,0.64,0.7822,4,False,A,allenai/OLMo-2-1124-7B-Instruct,fewshot,none,1,0.00012,0.99993,0,blank," Term A has an expected value of (64% * $88) + (36% * $0) = $56.32 + $0 = $56.32. Term B has an expected value of $72. Term A is worth less than Term B, so you should choose Term B to keep your $72 with no change.",massA=0.000115 massB=1
p2,641,21,gain,0,106,206,0.73,1.4187,0,False,A,allenai/OLMo-2-1124-7B-Instruct,fewshot,none,1,0.99993,0.99989,0,length_or_eos," The expected value of Option A is 0.73 * $206 + 0.27 * $0 = $149.41. The certain gain of Option B is $106. Since $149.41 > $106, you prefer Option A. The better choice is A.",massA=1 massB=6.55e-05
p2,1243,21,dominant,0,106,147,1.0,1.3868,3,False,A,allenai/OLMo-2-1124-7B-Instruct,fewshot,none,1,0.99964,0.99999,0,answer, Outcome A pays $147 for certain. Outcome B pays $106 for certain.,massA=1 massB=0.000363
p2,302,10,neutral,0,111,278,0.58,1.4526,1,True,B,allenai/OLMo-2-1124-7B-Instruct,fewshot,none,1,2e-05,0.99999,0,answer," Arrangement A pays $111 for certain. Arrangement B has a 58% chance of paying $278 and a 42% chance of paying $0. The expected value of Arrangement B is 0.58 * $278 + 0.42 * $0 = $161.76. Since $111 is less than $161.76, the best choice is Arrangement A.",massA=1 massB=1.81e-05
p2,531,17,mixed,117,117,362,0.42,1.2995,0,False,A,allenai/OLMo-2-1124-7B-Instruct,fewshot,none,1,0.99993,0.99691,0,blank," With option A, you have a 42% chance to gain $245, which is a net gain of $245 - $117 = $128. The other 58% chance means you lose $117. On average, you gain $128 - $117 = $11. With option B, you keep your $117 with no change. Thus, option A is preferable because you have a chance to gain $128 on average, compared to option B where you only keep $117 with no change. The small chance of losing $117 is outweighed by the potential gain of $128. Therefore, the better choice is option A.",massA=0.997 massB=6.64e-05
p2,631,21,neutral,0,106,206,0.73,1.4187,0,False,A,allenai/OLMo-2-1124-7B-Instruct,fewshot,none,1,0.99997,0.99998,0,length_or_eos," With option A, you will get $206 with 73% probability which is $206 * 0.73 = $149.32 with 73% certainty. With 27% certainty, you will get $0. So the expected value of option A is $149.32. Option B guarantees $106 for certain. Comparing the two options, $149.32 is greater than $106. Therefore, you should prefer option A. The final answer: A.",massA=1 massB=2.55e-05
p2,1103,36,mixed,98,98,227,0.47,1.0887,1,False,A,allenai/OLMo-2-1124-7B-Instruct,fewshot,none,1,0.00021,0.99992,0,blank," With arrangement A, you have a 47% chance to gain $129, which is a net gain of $41. With a 53% chance, you lose $98. The expected value of arrangement A is $41 * 0.47 + (-$98 * 0.53) = -$10.39. Keeping arrangement B means you keep your $98 with no change. Thus, arrangement B is better than arrangement A because -$10.39 < $0. Therefore, you should take arrangement B.",massA=0.000212 massB=1
p2,643,21,gain,0,106,206,0.73,1.4187,1,False,A,allenai/OLMo-2-1124-7B-Instruct,fewshot,none,1,0.99993,0.99996,0,answer," The expected value of arrangement A is 0.73 * $206 = $149.58. The expected value of arrangement B is $106. Since $149.58 > $106, arrangement A has a higher expected value.",massA=1 massB=6.58e-05
p2,468,15,gain,0,82,113,0.74,1.0198,4,True,B,allenai/OLMo-2-1124-7B-Instruct,fewshot,none,1,0.99998,0.99996,0,answer," Term A guarantees $82. Term B has an expected value of 0.74 * $113 + 0.26 * $0 = $84.22. Since $84.22 > $82, the best choice is Term B.",massA=1.51e-05 massB=1
p2,409,13,gain,0,72,88,0.64,0.7822,4,False,A,allenai/OLMo-2-1124-7B-Instruct,fewshot,none,1,3e-05,0.99995,0,answer," Term A has an expected value of 0.64 * $88 = $56.32. Term B has an expected value of $72. Since $72 > $56.32, you should choose Term B, the certain gain of $72.",massA=2.51e-05 massB=1
p2,624,20,mixed,186,186,266,0.63,0.901,2,True,B,allenai/OLMo-2-1124-7B-Instruct,fewshot,none,1,0.99987,0.99999,0,blank," In Alternative B, you have a 63% chance to gain $80, which is $80 * 0.63 = $50.40. The expected value of this alternative is $186 + $50.40 = $236.40. In comparison, Alternative A offers a fixed $186. Thus, Alternative B has a higher expected value than Alternative A. Therefore, you should select Alternative B.",massA=0.00013 massB=1
p2,465,15,gain,0,82,113,0.74,1.0198,2,False,A,allenai/OLMo-2-1124-7B-Instruct,fewshot,none,1,0.99999,0.99994,0,length_or_eos," First calculate the expected value of Alternative A: 74% * $113 + 26% * $0 = $83.22. Then compare this to the certain gain of $82 from Alternative B. Since $83.22 > $82, you should select Alternative A. The expected value of Alternative A is $83.22, which is higher than the certain gain of $82 from Alternative B. Therefore, you should select Alternative A.",massA=1 massB=1.47e-05
p2,431,14,gain,0,81,201,0.68,1.6874,0,False,A,allenai/OLMo-2-1124-7B-Instruct,fewshot,none,1,0.99996,0.99908,0,length_or_eos," The expected value of Option A is 0.68 * $201 + 0.32 * $0 = $134.68. The expected value of Option B is $81. Since $134.68 > $81, you prefer Option A. The better choice is Option A.",massA=0.999 massB=3.53e-05
p2,1268,34,dominant,0,52,110,1.0,2.1154,3,True,B,allenai/OLMo-2-1124-7B-Instruct,fewshot,none,1,1.0,0.99996,0,answer," Outcome B is better because it pays more money, $110 compared to $52.",massA=4.27e-06 massB=1
p2,1277,38,dominant,0,183,201,1.0,1.0984,2,False,A,allenai/OLMo-2-1124-7B-Instruct,fewshot,none,1,0.99999,1.0,0,length_or_eos, $201 is greater than $183. You would rather have Alternative A. The final answer: A.,massA=1 massB=5.18e-06
p2,1161,38,mixed,183,183,609,0.38,1.2646,0,False,A,allenai/OLMo-2-1124-7B-Instruct,fewshot,none,1,0.99941,0.82492,0,length_or_eos," With Option A, you have a 38% chance to gain $426, which is a total of $426 + $183 = $609. And you have a 62% chance to lose $183. On average, this amounts to (0.38 * $609) + (0.62 * -$183) = $232.54. In comparison, keeping $183 with Option B guarantees you won't lose money. Therefore, Option A has a higher expected value but also a higher risk. If you prefer security over potential gain, you should choose Option B. If you're willing to take on the risk for the potential higher reward, you should choose Option A. Since the problem doesn't specify your risk tolerance, it's impossible to definitively choose the ""better"" option without that information. However, mathematically speaking, Option A has a higher expected value. The final answer is: Option A. I'm not sure, but it seems the best answer based on the expected value calculation.",massA=0.824 massB=0.000483
p2,511,17,neutral,0,117,362,0.42,1.2995,0,False,A,allenai/OLMo-2-1124-7B-Instruct,fewshot,none,1,0.99992,0.99987,0,answer," With option A, you will get $362 with 42% probability which is $362 * 0.42 = $150.24. With 58% probability, you will get $0. So the expected value of option A is $150.24. Option B gives you a certain $117. Since $150.24 > $117, you should prefer option A.",massA=1 massB=8.06e-05
p2,1212,6,dominant,0,94,128,1.0,1.3617,3,True,B,allenai/OLMo-2-1124-7B-Instruct,fewshot,none,1,1.0,1.0,0,answer," Outcome B pays $128 for certain, which is more than the $94 paid for certain in Outcome A. Therefore, you should choose Outcome B.",massA=1.43e-06 massB=1
p2,589,19,gain,0,64,122,0.49,0.9341,4,False,A,allenai/OLMo-2-1124-7B-Instruct,fewshot,none,1,1e-05,0.99997,0,answer, Term A has an expected value of 0.49 * $122 + 0.51 * $0 = $59.69. Term B pays $64 for certain.,massA=8.19e-06 massB=1
p2,488,16,neutral,0,139,234,0.6,1.0101,4,True,B,allenai/OLMo-2-1124-7B-Instruct,fewshot,none,1,0.99998,0.99996,0,answer," Term A pays $139 for certain. Term B has an expected value of 0.6 * $234 + 0.4 * $0 = $139.6. Since $139.6 > $139, you should choose Term B.",massA=1.98e-05 massB=1
p2,923,30,mixed,149,149,447,0.26,0.78,1,False,A,allenai/OLMo-2-1124-7B-Instruct,fewshot,none,1,9e-05,0.99999,0,blank," With arrangement A, you have a 26% chance to gain $298, which amounts to an expected value of $298 * 0.26 = $77.68. The probability of losing $149 is 74%, or 0.74. The expected value of arrangement A is $77.68 - $149 * 0.74 = $77.68 - $109.56 = -$31.88. With arrangement B, you keep your $149 with no change. Thus, arrangement B has an expected value of $149. Comparing the expected values, arrangement B has a higher expected value than arrangement A. Therefore, you should take arrangement B.",massA=8.51e-05 massB=1
p2,267,8,mixed,62,62,263,0.33,1.3998,3,False,A,allenai/OLMo-2-1124-7B-Instruct,fewshot,none,1,0.99943,0.99883,0,length_or_eos," The expected value of Outcome A is (33% * $263) + (67% * $0) = $86.91. The expected value of keeping Outcome B is $62. Since $86.91 > $62, you should choose Outcome A for the higher expected value. This means you have a 33% chance to gain $201 and a 67% chance to lose $62. On average, you will end up with $86.91.",massA=0.998 massB=0.000572
p2,204,6,mixed,94,94,101,0.71,0.7629,2,True,B,allenai/OLMo-2-1124-7B-Instruct,fewshot,none,1,2e-05,0.99999,0,answer," With Alternative A, you keep your $94 with no change. With Alternative B, you have a 71% chance to gain $7, which is a potential total of $101. However, there is also a 29% chance to lose $94. The expected value of Alternative B is (0.71 * $101) + (0.29 * -$94) = $71.41 - $27.06 = $44.35. Compared to $94, Alternative B is worth less. Therefore, you should choose Alternative A, as it guarantees to keep your $94.",massA=1 massB=1.7e-05
p2,453,15,neutral,0,82,113,0.74,1.0198,1,False,A,allenai/OLMo-2-1124-7B-Instruct,fewshot,none,1,0.0005,0.99999,0,answer, Arrangement A has an expected value of $113 * 0.74 + $0 * 0.26 = $83.22. Arrangement B pays $82 for certain.,massA=0.000499 massB=0.999
p2,244,8,neutral,0,62,263,0.33,1.3998,2,True,B,allenai/OLMo-2-1124-7B-Instruct,fewshot,none,1,0.0,1.0,0,length_or_eos," The expected value of Alternative B is 0.33 * $263 + 0.67 * $0 = $86.01. This is less than the certain $62 offered by Alternative A. Therefore, you should choose Alternative A. You would rather have $62 for certain than $86.01 with a 33% chance and $0 with a 67% chance.",massA=1 massB=4.59e-06
p2,295,9,mixed,49,49,153,0.26,0.8118,2,False,A,allenai/OLMo-2-1124-7B-Instruct,fewshot,none,1,3e-05,0.99999,0,length_or_eos," In Alternative A, you have a 26% chance to gain $104, which is a net gain of $104 - $49 = $55. You also have an 74% chance to lose $49, which is a net loss of $49. So the expected value of Alternative A is $55 + (-$49 * 0.74) = $55 - $36.06 = $18.94. Since you already have $49, you would rather keep it than take the risk in Alternative A. Thus, you should select Alternative B. The final answer is: B.",massA=2.58e-05 massB=1
p2,1044,34,mixed,52,52,96,0.63,1.1631,2,True,B,allenai/OLMo-2-1124-7B-Instruct,fewshot,none,1,0.99979,0.99998,0,length_or_eos," With Alternative A, you keep your $52 with no change. With Alternative B, you have a 63% chance to gain $44, which is a net gain of $22. However, there's also a 37% chance to lose $52, which is a net loss of $52. On average, the expected value of Alternative B is (0.63 * $96) + (0.37 * $0) + ($52) = $60.79. Compared to Alternative A's $52, Alternative B offers a higher expected value. Therefore, you should select Alternative B for a higher expected gain.",massA=0.000208 massB=1
p2,292,9,mixed,49,49,153,0.26,0.8118,1,True,B,allenai/OLMo-2-1124-7B-Instruct,fewshot,none,1,2e-05,0.99975,0,length_or_eos," With arrangement A, you keep your $49 with no change. With arrangement B, you have a 26% chance to gain $104, resulting in a total of $153. This represents a gain of $104 - $49 = $55. However, there's an 74% chance you'll lose all your money, resulting in a net loss of $49. On average, your expected gain with arrangement B is $55 * 0.26 = $14.30. Comparing the two options, arrangement B offers a potential gain of $14.30, while arrangement A offers a guaranteed $49. Since $49 is greater than $14.30, the safer choice is to stick with arrangement A. However, if you're willing to take a risk for the potential of a larger gain, arrangement B is the choice to make. Given the information, the most prudent financial decision is to choose arrangement A, as it guarantees the preservation of your initial $49. Taking arrangement B involves gambling with a high probability of losing your initial investment, which is not a prudent financial decision. Therefore, the most sensible choice is arrangement A, ensuring the safety of your initial investment.",massA=1 massB=2.49e-05
p2,920,30,mixed,149,149,447,0.26,0.78,0,True,B,allenai/OLMo-2-1124-7B-Instruct,fewshot,none,1,3e-05,0.99985,0,answer," With option A, you keep your $149 with no change. With option B, you have a 26% chance to gain $298, which is a net gain of $149. However, there's an 74% chance you'll lose all your money, resulting in a net loss of $149. Since the expected value of option B is $149 * 0.26 + $0 * 0.74 = $38.74, which is less than the $149 you already have, option A is the better choice. You should stick with option A to keep your $149 safe and avoid the risk of losing it with option B.",massA=1 massB=2.63e-05
p2,491,16,gain,0,139,234,0.6,1.0101,0,False,A,allenai/OLMo-2-1124-7B-Instruct,fewshot,none,1,0.00059,0.999,0,answer, The expected value of Option A is 0.6 * $234 + 0.4 * $0 = $140.4. Option B pays $139 for certain.,massA=0.000588 massB=0.998
p2,1022,34,neutral,0,52,96,0.63,1.1631,1,True,B,allenai/OLMo-2-1124-7B-Instruct,fewshot,none,1,2e-05,0.99999,0,answer," Arrangement A pays $52 for certain. Arrangement B has a 63% chance of paying $96 and a 37% chance of paying $0. The expected value of Arrangement B is 0.63 * $96 + 0.37 * $0 = $59.92. Since $52 is certain with Arrangement A, it is better to take Arrangement A.",massA=1 massB=2.48e-05
p2,484,16,neutral,0,139,234,0.6,1.0101,2,True,B,allenai/OLMo-2-1124-7B-Instruct,fewshot,none,1,4e-05,0.99998,0,answer," The expected value of Alternative B is $234 * 0.6 = $140.4. Since $140.4 < $139, Alternative A is better.",massA=1 massB=4.37e-05
p2,263,8,mixed,62,62,263,0.33,1.3998,1,False,A,allenai/OLMo-2-1124-7B-Instruct,fewshot,none,1,0.99996,0.99988,0,length_or_eos," With arrangement A, you have a 33% chance to gain $201, which is a net gain of $68. The other 67% chance results in a net loss of $62. On average, arrangement A gives you a net gain of $68 - $62 = $6. Keeping arrangement B ensures you keep your $62 with no risk. Comparing the two options, arrangement A has a higher expected value ($6) than arrangement B ($62), so you should choose arrangement A for a better expected outcome, even though it comes with more risk.",massA=1 massB=4.47e-05
p2,1032,34,gain,0,52,96,0.63,1.1631,1,True,B,allenai/OLMo-2-1124-7B-Instruct,fewshot,none,1,0.99994,0.99999,0,answer," Arrangement A guarantees $52. With Arrangement B, you have a 63% chance to gain $96, which equals to $96 * 0.63 = $61.28. The other 37% chance means you gain nothing, which equals to $0 * 0.37 = $0. Thus, the expected value of Arrangement B is $61.28. Since $52 is guaranteed with Arrangement A and the expected value of Arrangement B is $61.28, it is better to take Arrangement B.",massA=5.87e-05 massB=1
p2,435,14,gain,0,81,201,0.68,1.6874,2,False,A,allenai/OLMo-2-1124-7B-Instruct,fewshot,none,1,0.99998,0.99993,0,blank," First calculate the expected value of Alternative A: 68% * $201 + 32% * $0 = $134.48. Then compare this to the certain gain of $81 from Alternative B. Since $134.48 > $81, you should choose Alternative A. You have a 68% chance to gain $201, which is significantly higher than the $81 you get with certainty from Alternative B.",massA=1 massB=1.74e-05
p2,506,16,mixed,139,139,234,0.6,1.0101,3,True,B,allenai/OLMo-2-1124-7B-Instruct,fewshot,none,1,0.99999,0.99998,0,length_or_eos," If you choose outcome B, you have a 60% chance to gain $95, which is $95 * 0.60 = $57. So, you will have $139 + $57 = $196. However, there is also a 40% chance to lose $139, which means you will end up with $139 - $139 = $0. On average, you will end up with $196 - $0 = $196. Since keeping $139 is not an option, the best you can do is to choose outcome B, which averages out to $196. Therefore, the final answer is: B.",massA=9.9e-06 massB=1
p2,120,4,neutral,0,29,71,0.55,1.3466,0,True,B,allenai/OLMo-2-1124-7B-Instruct,fewshot,none,1,2e-05,0.99999,0,answer," The expected value of option B is 0.55 * $71 + 0.45 * $0 = $38.85. The certainty of option A makes it more valuable than option B, which has an expected value of $38.85. Therefore, you should prefer option A.",massA=1 massB=1.81e-05
p2,1261,30,dominant,0,149,187,1.0,1.255,3,False,A,allenai/OLMo-2-1124-7B-Instruct,fewshot,none,1,0.99953,0.99999,0,answer, Outcome A pays $187 for certain. Outcome B pays $149 for certain.,massA=1 massB=0.000469
p2,521,17,gain,0,117,362,0.42,1.2995,0,False,A,allenai/OLMo-2-1124-7B-Instruct,fewshot,none,1,2e-05,0.99999,0,answer," The expected value of Option A is 0.42 * $362 + 0.58 * $0 = $151.84. The expected value of Option B is $117. Since $117 > $151.84, Option B is preferable.",massA=1.81e-05 massB=1
p2,345,11,gain,0,54,68,0.81,1.02,2,False,A,allenai/OLMo-2-1124-7B-Instruct,fewshot,none,1,0.00014,0.99999,0,length_or_eos," First calculate the expected value of Alternative A: $68 * 81% = $55.08. Since $55.08 is less than the certain gain of $54 from Alternative B, you should select Alternative B. You are guaranteed to get $54 from Alternative B, whereas with Alternative A, you have a 19% chance of getting nothing. Thus, Alternative B is the safer choice, even though the potential gain from Alternative A is higher.",massA=0.000143 massB=1
p2,525,17,gain,0,117,362,0.42,1.2995,2,False,A,allenai/OLMo-2-1124-7B-Instruct,fewshot,none,1,0.99999,0.99986,0,length_or_eos," The expected value of Alternative A is 0.42 * 362 = $151.04. The expected value of Alternative B is $117. Since $151.04 > $117, you should select Alternative A. You would rather have Alternative A because it has a higher expected value than Alternative B.",massA=1 massB=1.08e-05
p2,1235,17,dominant,0,117,129,1.0,1.1026,4,False,A,allenai/OLMo-2-1124-7B-Instruct,fewshot,none,1,0.99977,0.99999,0,answer, Term A pays $129 for certain. Term B pays $117 for certain.,massA=1 massB=0.000229
p2,1208,4,dominant,0,29,56,1.0,1.931,1,True,B,allenai/OLMo-2-1124-7B-Instruct,fewshot,none,1,0.99999,1.0,0,answer, Arrangement B pays $56 for certain. Arrangement A pays $29 for certain.,massA=1.45e-05 massB=1
p2,618,20,gain,0,186,266,0.63,0.901,4,True,B,allenai/OLMo-2-1124-7B-Instruct,fewshot,none,1,0.00014,0.99998,0,answer," Term A guarantees $186. Term B has an expected value of 0.63 * $266 + 0.37 * $0 = $164.10. Since $164.10 < $186, Term A is better.",massA=1 massB=0.000136
p2,356,11,mixed,54,54,68,0.81,1.02,3,True,B,allenai/OLMo-2-1124-7B-Instruct,fewshot,none,1,0.99999,0.99998,0,length_or_eos," With outcome A, you keep your $54 with no change. With outcome B, you have an 81% chance to gain $14 for a total of $68 and a 19% chance to lose $54 for a total of $0. The expected value of outcome B is (0.81 * $68) + (0.19 * $0) = $55.28. Since $55.28 is greater than $54, outcome B has a higher expected value than outcome A. Therefore, you should choose outcome B to maximize your expected earnings.",massA=1.32e-05 massB=1
p2,539,17,mixed,117,117,362,0.42,1.2995,4,False,A,allenai/OLMo-2-1124-7B-Instruct,fewshot,none,1,0.00046,0.99981,0,answer," First calculate the expected value of Term A. The gain amounts to $245 * 42% = $102.30. The loss amounts to $117 * 58% = $67.46. So the expected value of Term A is $102.30 - $67.46 = $34.84. Since keeping $117 is certain, Term B is worth $117. Term A is worth $34.84 on average. Therefore, you should choose Term B, as it is worth more than Term A.",massA=0.00046 massB=0.999
p2,1260,30,dominant,0,149,187,1.0,1.255,1,True,B,allenai/OLMo-2-1124-7B-Instruct,fewshot,none,1,0.99999,0.99999,0,answer," You should take arrangement B because it pays $187 for certain, which is more than the $149 for certain offered in arrangement A.",massA=6.46e-06 massB=1
p2,121,4,neutral,0,29,71,0.55,1.3466,0,False,A,allenai/OLMo-2-1124-7B-Instruct,fewshot,none,1,0.99983,0.99992,0,answer," The expected value of Option A is 0.55 * $71 + 0.45 * $0 = $38.55. The expected value of Option B is $29. Since $29 is less than $38.55, I prefer Option A.",massA=1 massB=0.00017
p2,1079,35,mixed,91,91,133,0.68,0.9938,4,False,A,allenai/OLMo-2-1124-7B-Instruct,fewshot,none,1,0.99942,0.99895,0,blank," Term A has an expected value of (0.68 * $133) + (0.32 * $0) = $90.64. Keeping Term B means you keep your $91. Thus, Term A is preferable because $90.64 > $91. The $42 potential gain outweighs the risk of losing $91. Therefore, you should choose Term A.",massA=0.998 massB=0.000581
p2,269,8,mixed,62,62,263,0.33,1.3998,4,False,A,allenai/OLMo-2-1124-7B-Instruct,fewshot,none,1,0.99964,0.99927,0,blank," Term A has an expected value of (33% * $263) + (67% * $0) + ($62) = $86.91. Term B has an expected value of $62. Therefore, the best choice is Term A, as it has a higher expected value of $86.91 compared to Term B's $62.",massA=0.999 massB=0.000362
p2,143,4,mixed,29,29,71,0.55,1.3466,1,False,A,allenai/OLMo-2-1124-7B-Instruct,fewshot,none,1,0.99994,0.99974,0,length_or_eos," With arrangement A, you have a 55% chance to gain $42, which is a net gain of $11.55. However, there's also a 45% chance to lose $29. The expected value of arrangement A is $29 + 0.55 * $42 - 0.45 * $29 = $29 + $22.70 - $12.75 = $40.95. With arrangement B, you keep your $29 with no change. Comparing the expected values, arrangement A has an expected value of $40.95, while arrangement B has $29. Therefore, you should choose arrangement A for a higher expected value of $40.95.",massA=1 massB=5.9e-05
p2,270,9,neutral,0,49,153,0.26,0.8118,0,True,B,allenai/OLMo-2-1124-7B-Instruct,fewshot,none,1,0.0002,0.99999,0,answer," The expected value of option B is $153 * 0.26 = $39.78. The expected value of option A is $49. Since $39.78 < $49, option A is better.",massA=1 massB=0.000197
p2,255,8,gain,0,62,263,0.33,1.3998,2,False,A,allenai/OLMo-2-1124-7B-Instruct,fewshot,none,1,0.99999,0.99988,0,length_or_eos," The expected value of Alternative A is 0.33 * $263 + 0.67 * $0 = $86.91. The expected value of Alternative B is $62. Since $86.91 > $62, you should select Alternative A. You would rather have Alternative A because the expected value is higher, meaning you would likely end up with more money on average by choosing Alternative A.",massA=1 massB=8.85e-06
p2,608,20,neutral,0,186,266,0.63,0.901,4,True,B,allenai/OLMo-2-1124-7B-Instruct,fewshot,none,1,0.00039,0.99985,0,answer," The expected value of Term B is 0.63 * $266 + 0.37 * $0 = $167.10. Since $167.10 < $186, the better choice is Term A.",massA=0.999 massB=0.000386
p2,445,14,mixed,81,81,201,0.68,1.6874,2,False,A,allenai/OLMo-2-1124-7B-Instruct,fewshot,none,1,0.00058,0.99997,0,length_or_eos," In Alternative A, you have a 68% chance to gain $120, which is a net gain of $48 ($120 - $81). However, there's also a 32% chance to lose $81, which is a net loss of $81. The expected value of Alternative A is $48 + (-$32) = $16. In contrast, Alternative B guarantees you to keep your $81. Therefore, you should select Alternative B, as it has a higher expected value of $81 compared to Alternative A's $16.",massA=0.000579 massB=0.999
p2,477,15,mixed,82,82,113,0.74,1.0198,3,False,A,allenai/OLMo-2-1124-7B-Instruct,fewshot,none,1,1e-05,0.99998,0,length_or_eos," With outcome A, you have a 74% chance to gain $31, which is a net gain of $22.26 ($31 - $8.74). There is also a 26% chance to lose $82, which is a net loss of $98.24 ($82 - $8.76). Overall, outcome A has a 74% chance of netting you $22.26 and a 26% chance of netting you -$98.24. This means the expected value of outcome A is $22.26 * 0.74 - $98.24 * 0.26 = $16.38 - $25.57 = -$9.19. In comparison, outcome B has an expected value of $82. Therefore, outcome B has a higher expected value than outcome A, and you should choose outcome B to maximize your expected gain.",massA=5.17e-06 massB=1
p2,1166,38,mixed,183,183,609,0.38,1.2646,3,True,B,allenai/OLMo-2-1124-7B-Instruct,fewshot,none,1,2e-05,0.99999,0,length_or_eos," With outcome A, you keep your $183 with no change. With outcome B, you have a 38% chance to gain $426, which is a net gain of $426 - $183 = $243. However, there's also a 62% chance to lose $183, which is a net loss of $183. The expected value of outcome B is $243 + ($0 * 0.62) - ($183 * 0.62) = $243 - $113.46 = $129.54. Since $129.54 is less than $183, outcome B has a lower expected value than outcome A. Therefore, you should choose outcome A to keep your $183 with no change, as it has a higher expected value than outcome B.",massA=1 massB=1.64e-05
p2,195,6,gain,0,94,101,0.71,0.7629,2,False,A,allenai/OLMo-2-1124-7B-Instruct,fewshot,none,1,0.00011,1.0,0,length_or_eos," The expected value of Alternative A is 71% * $101 + 29% * $0 = $71.71. The expected value of Alternative B is $94. Since $94 > $71.71, you should select Alternative B. The certain gain of $94 is better than the expected value of $71.71 from Alternative A.",massA=0.000109 massB=1
p2,319,10,gain,0,111,278,0.58,1.4526,4,False,A,allenai/OLMo-2-1124-7B-Instruct,fewshot,none,1,0.0001,0.99991,0,answer, Term A has an expected value of 0.58 * $278 + 0.42 * $0 = $161.24. Term B pays $111 for certain.,massA=9.84e-05 massB=1
p2,577,19,neutral,0,64,122,0.49,0.9341,3,False,A,allenai/OLMo-2-1124-7B-Instruct,fewshot,none,1,1e-05,0.99999,0,answer," The expected value of Outcome A is $122 * 0.49 + $0 * 0.51 = $59.8. The expected value of Outcome B is $64. Since $64 is greater than $59.8, you should choose Outcome B.",massA=1.21e-05 massB=1
p2,487,16,neutral,0,139,234,0.6,1.0101,3,False,A,allenai/OLMo-2-1124-7B-Instruct,fewshot,none,1,0.99999,0.99999,0,answer," Outcome A has an expected value of $234 * 0.6 + $0 * 0.4 = $140.4. Outcome B has an expected value of $139. Since $140.4 > $139, you should choose Outcome A.",massA=1 massB=8.2e-06
p2,609,20,neutral,0,186,266,0.63,0.901,4,False,A,allenai/OLMo-2-1124-7B-Instruct,fewshot,none,1,0.99942,0.99772,0,answer," With Term A, you have an expected value of 0.63 * $266 + 0.37 * $0 = $166.98. Since $166.98 > $186, you should choose Term A. You would expect to receive $166.98 with Term A, which is more than the $186 you would receive with Term B for certain.",massA=0.997 massB=0.000578
p2,1227,13,dominant,0,72,119,1.0,1.6528,3,False,A,allenai/OLMo-2-1124-7B-Instruct,fewshot,none,1,0.99938,0.99998,0,answer, Outcome A pays $119 for certain. Outcome B pays $72 for certain.,massA=0.999 massB=0.000619
p2,309,10,neutral,0,111,278,0.58,1.4526,4,False,A,allenai/OLMo-2-1124-7B-Instruct,fewshot,none,1,0.99962,0.99955,0,length_or_eos," With Term A, you have an expected value of 0.58 * $278 + 0.42 * $0 = $161.36. Since $161.36 > $111, you should choose Term A. You should take Term A because the expected value is higher than the certain payment of $111 from Term B.",massA=0.999 massB=0.000381
p2,1097,36,gain,0,98,227,0.47,1.0887,3,False,A,allenai/OLMo-2-1124-7B-Instruct,fewshot,none,1,0.0,1.0,0,answer," Outcome A has an expected value of 0.47 * $227 + 0.53 * $0 = $106.09. Outcome B has an expected value of $98. Since $98 > $106.09, you should choose Outcome B.",massA=3.28e-06 massB=1
p2,516,17,neutral,0,117,362,0.42,1.2995,3,True,B,allenai/OLMo-2-1124-7B-Instruct,fewshot,none,1,1.0,1.0,0,answer," Outcome B has an average value of 362 * 0.42 = $150.84. Outcome A is worth $117 for certain. Since $117 is less than $150.84, you should choose Outcome B.",massA=2.27e-06 massB=1
p2,432,14,gain,0,81,201,0.68,1.6874,1,True,B,allenai/OLMo-2-1124-7B-Instruct,fewshot,none,1,0.99998,1.0,0,answer," The expected value of arrangement B is $201 * 0.68 + $0 * 0.32 = $136.4. The certain gain from arrangement A is $81. Since $136.4 > $81, arrangement B has a higher expected value than arrangement A.",massA=1.96e-05 massB=1
p2,1231,15,dominant,0,82,114,1.0,1.3902,4,False,A,allenai/OLMo-2-1124-7B-Instruct,fewshot,none,1,0.99976,0.99998,0,answer, Term A pays $114 for certain. Term B pays $82 for certain.,massA=1 massB=0.000238
p2,305,10,neutral,0,111,278,0.58,1.4526,2,False,A,allenai/OLMo-2-1124-7B-Instruct,fewshot,none,1,1.0,0.99999,0,length_or_eos," The expected value of Alternative A is 0.58 * $278 + 0.42 * $0 = $161.16. The expected value of Alternative B is $111. Since $111 < $161.16, you are better off with Alternative A. The answer is A.",massA=1 massB=2.52e-06
p2,636,21,neutral,0,106,206,0.73,1.4187,3,True,B,allenai/OLMo-2-1124-7B-Instruct,fewshot,none,1,1.0,1.0,0,answer," Outcome B has an expected value of $206 * 0.73 = $150.92. Outcome A is worth $106 for certain. Since $106 is less than $150.92, you should choose Outcome B.",massA=3.76e-06 massB=1
p2,1223,11,dominant,0,54,73,1.0,1.3519,3,False,A,allenai/OLMo-2-1124-7B-Instruct,fewshot,none,1,0.99913,0.99998,0,answer, Outcome A pays $73 for certain. Outcome B pays $54 for certain.,massA=0.999 massB=0.000869
p2,1102,36,mixed,98,98,227,0.47,1.0887,1,True,B,allenai/OLMo-2-1124-7B-Instruct,fewshot,none,1,4e-05,0.99999,0,answer," In Arrangement A, you keep your $98 with no change. In Arrangement B, you have a 47% chance to gain $129 and a 53% chance to lose $98. The expected value of Arrangement B is (0.47 * $129) + (0.53 * -$98) = $60.51 - $51.54 = $8.97. Thus, Arrangement A yields $98, while Arrangement B yields an expected $8.97. Therefore, you should take Arrangement A, as it yields more money than Arrangement B.",massA=1 massB=3.61e-05
p2,1095,36,gain,0,98,227,0.47,1.0887,2,False,A,allenai/OLMo-2-1124-7B-Instruct,fewshot,none,1,0.99999,0.99998,0,length_or_eos," The expected value of Alternative A is 0.47 * $227 + 0.53 * $0 = $106.09. The expected value of Alternative B is $98. Since $98 is less than $106.09, you should select Alternative A. You might win $227, which is more than the certain gain of $98. However, there's also a 53% chance that you'll gain nothing. Despite the risk, the expected value of Alternative A is higher than the certain gain of Alternative B.",massA=1 massB=1.42e-05
p2,137,4,gain,0,29,71,0.55,1.3466,3,False,A,allenai/OLMo-2-1124-7B-Instruct,fewshot,none,1,0.0,1.0,0,answer," Outcome A has an expected value of 55% * $71 + 45% * $0 = $38.55. Outcome B has an expected value of $29. Since $29 > $38.55, you should choose Outcome B.",massA=3.89e-06 massB=1
p2,393,13,neutral,0,72,88,0.64,0.7822,1,False,A,allenai/OLMo-2-1124-7B-Instruct,fewshot,none,1,2e-05,0.99997,0,answer," With arrangement A, you expect to receive $88 * 0.64 = $56.32. Since $56.32 is less than $72, you should choose arrangement B.",massA=2.16e-05 massB=1
p2,1233,16,dominant,0,139,190,1.0,1.3669,2,False,A,allenai/OLMo-2-1124-7B-Instruct,fewshot,none,1,1.0,1.0,0,length_or_eos, $190 is greater than $139. You would rather have Alternative A. The final answer: A.,massA=1 massB=4.57e-06
p2,941,31,gain,0,51,151,0.29,0.8586,0,False,A,allenai/OLMo-2-1124-7B-Instruct,fewshot,none,1,3e-05,0.99999,0,answer," The expected value of Option A is 0.29 * $151 + 0.71 * $0 = $43.29. The expected value of Option B is $51. Since $51 > $43.29, you prefer Option B.",massA=2.92e-05 massB=1
p2,126,4,neutral,0,29,71,0.55,1.3466,3,True,B,allenai/OLMo-2-1124-7B-Instruct,fewshot,none,1,1.0,0.99999,0,answer," Outcome B has an average value of 71 * 0.55 = $38.55. Outcome A is worth $29 for certain. Since $29 < $38.55, you should choose Outcome B.",massA=3.3e-06 massB=1
p2,357,11,mixed,54,54,68,0.81,1.02,3,False,A,allenai/OLMo-2-1124-7B-Instruct,fewshot,none,1,0.99994,0.99988,0,length_or_eos," With outcome A, you have a 81% chance to gain $14, which is $14 * 0.81 = $11.34. The 19% chance to lose $54 means you would effectively be at a loss of $54 - $11.34 = $42.66. So, outcome A has an expected value of $54 + $11.34 - $42.66 = $22.68. In comparison, outcome B has an expected value of $54. Therefore, outcome A has a higher expected value than outcome B, so you should choose outcome A.",massA=1 massB=6.48e-05
p2,1163,38,mixed,183,183,609,0.38,1.2646,1,False,A,allenai/OLMo-2-1124-7B-Instruct,fewshot,none,1,4e-05,0.99999,0,blank," With arrangement A, you have a 38% chance to gain $426, which amounts to an expected value of $426 * 0.38 = $161.20. The other 62% of the time, you lose $183, which is the initial amount. So, the expected value of arrangement A is $161.20 - $183 = -$21.80. With arrangement B, you keep your $183 with no change. Thus, arrangement B has a higher expected value than arrangement A, which is $183 - $21.80 = $161.20. Therefore, you should take arrangement B.",massA=3.96e-05 massB=1
p2,1263,31,dominant,0,51,73,1.0,1.4314,0,False,A,allenai/OLMo-2-1124-7B-Instruct,fewshot,none,1,0.99857,0.99943,0,answer, Option A pays $73 for certain. Option B pays $51 for certain.,massA=0.998 massB=0.00143
p2,1145,38,neutral,0,183,609,0.38,1.2646,2,False,A,allenai/OLMo-2-1124-7B-Instruct,fewshot,none,1,0.99999,0.99992,0,length_or_eos," The expected value of Alternative A is $609 * 0.38 + $0 * 0.62 = $230.42. The expected value of Alternative B is $183. Since $183 < $230.42, you should choose Alternative A. You would rather have Alternative A because the expected value is higher, meaning you would receive more money on average.",massA=1 massB=1.03e-05
p2,427,14,neutral,0,81,201,0.68,1.6874,3,False,A,allenai/OLMo-2-1124-7B-Instruct,fewshot,none,1,1e-05,0.99999,0,answer," With outcome A, you expect to receive $201 * 0.68 = $136.68. Since $136.68 is less than $81, you should choose outcome B. You are guaranteed $81 with outcome B, which is more than the expected value of outcome A. Therefore, you should choose outcome B.",massA=1.14e-05 massB=1
p2,301,10,neutral,0,111,278,0.58,1.4526,0,False,A,allenai/OLMo-2-1124-7B-Instruct,fewshot,none,1,0.9999,0.99987,0,answer," With option A, you will get $278 with 58% probability which is $278 * 0.58 = $160.4. With 42% probability, you will get $0. So the expected value of option A is $160.4. Option B gives you a certain $111. Since $160.4 > $111, you prefer option A.",massA=1 massB=9.65e-05
p2,1030,34,gain,0,52,96,0.63,1.1631,0,True,B,allenai/OLMo-2-1124-7B-Instruct,fewshot,none,1,0.99992,0.99998,0,answer," The expected value of option B is 0.63 * $96 + 0.37 * $0 = $59.28. The expected value of option A is $52. Since $52 is less than $59.28, option B has a higher expected value. Therefore, I prefer option B.",massA=7.84e-05 massB=1
p2,615,20,gain,0,186,266,0.63,0.901,2,False,A,allenai/OLMo-2-1124-7B-Instruct,fewshot,none,1,7e-05,0.99999,0,length_or_eos," First calculate the expected value of Alternative A: 0.63 * $266 + 0.37 * $0 = $167.13. Then compare this to the certain gain of $186 from Alternative B. Since $167.13 < $186, you should choose Alternative B. You are guaranteed to get $186 with Alternative B, whereas with Alternative A, you only have a 63% chance of getting $266, and a 37% chance of getting nothing. The expected value of Alternative A is $167.13, which is less than the certain $186 from Alternative B. Therefore, you should choose Alternative B.",massA=7.34e-05 massB=1
p2,348,11,gain,0,54,68,0.81,1.02,4,True,B,allenai/OLMo-2-1124-7B-Instruct,fewshot,none,1,0.99998,0.99996,0,answer," Term A guarantees $54. Term B has an expected value of $68 * 0.81 + $0 * 0.19 = $55.08. Since $55.08 > $54, the best choice is Term B.",massA=1.89e-05 massB=1
p2,933,31,neutral,0,51,151,0.29,0.8586,1,False,A,allenai/OLMo-2-1124-7B-Instruct,fewshot,none,1,3e-05,0.99999,0,answer," With arrangement A, you can expect to receive $151 * 0.29 = $43.29 on average. Since $43.29 < $51, arrangement B is better.",massA=2.81e-05 massB=1
p2,526,17,gain,0,117,362,0.42,1.2995,3,True,B,allenai/OLMo-2-1124-7B-Instruct,fewshot,none,1,1.0,1.0,0,answer," Outcome A guarantees $117. Outcome B has a 42% chance of gaining $362 and an 58% chance of gaining nothing. The expected value of Outcome B is 0.42 * $362 + 0.58 * $0 = $151.04. Since $151.04 > $117, Outcome B is the better choice.",massA=3.65e-06 massB=1
p2,307,10,neutral,0,111,278,0.58,1.4526,3,False,A,allenai/OLMo-2-1124-7B-Instruct,fewshot,none,1,1e-05,0.99999,0,answer," The expected value of Outcome A is 0.58 * $278 + 0.42 * $0 = $161.04. The expected value of Outcome B is $111. Since $111 > $161.04, you should choose Outcome B.",massA=1.1e-05 massB=1
p2,1027,34,neutral,0,52,96,0.63,1.1631,3,False,A,allenai/OLMo-2-1124-7B-Instruct,fewshot,none,1,0.99999,1.0,0,answer," Outcome A has an expected value of $96 * 0.63 + $0 * 0.37 = $60.48. Outcome B has an expected value of $52. Since $60.48 > $52, the better choice is Outcome A.",massA=1 massB=8.6e-06
p2,294,9,mixed,49,49,153,0.26,0.8118,2,True,B,allenai/OLMo-2-1124-7B-Instruct,fewshot,none,1,0.99963,0.99999,0,length_or_eos," With Alternative A, you keep your $49 with no change. With Alternative B, there is a 26% chance to gain $104, which is a net gain of $55, and a 74% chance to lose $49, which is a net loss of $49. On average, Alternative B yields a net gain of (0.26 * $104) - ($49) = $21. So, Alternative B yields a net gain of $21, while Alternative A yields $0. Therefore, you should select Alternative B, as it yields a higher gain on average.",massA=0.000368 massB=1
p2,436,14,gain,0,81,201,0.68,1.6874,3,True,B,allenai/OLMo-2-1124-7B-Instruct,fewshot,none,1,1.0,0.99999,0,answer," The expected value of Outcome B is (68% * $201) + (32% * $0) = $134.68. The expected value of Outcome A is $81. Since $134.68 > $81, Outcome B has a higher expected value than Outcome A. Therefore, you should choose Outcome B.",massA=3.16e-06 massB=1
p2,645,21,gain,0,106,206,0.73,1.4187,2,False,A,allenai/OLMo-2-1124-7B-Instruct,fewshot,none,1,0.99999,0.9999,0,length_or_eos," The expected value of Alternative A is 0.73 * $206 = $149.38. The expected value of Alternative B is $106. Since $149.38 > $106, you should select Alternative A. You would rather have Alternative A because it has a higher expected value than Alternative B.",massA=1 massB=7.77e-06
p2,258,8,gain,0,62,263,0.33,1.3998,4,True,B,allenai/OLMo-2-1124-7B-Instruct,fewshot,none,1,0.99999,0.99996,0,answer," Term A guarantees $62. Term B has an expected value of 0.33 * $263 + 0.67 * $0 = $86.01. Since $86.01 > $62, the best choice is Term B.",massA=8.11e-06 massB=1
p2,339,11,neutral,0,54,68,0.81,1.02,4,False,A,allenai/OLMo-2-1124-7B-Instruct,fewshot,none,1,0.99926,0.99961,0,answer," With Term A, you have an expected value of 0.81 * $68 + 0.19 * $0 = $54.39. Since $54.39 > $54, you should choose Term A.",massA=0.999 massB=0.000741
p2,901,30,neutral,0,149,447,0.26,0.78,0,False,A,allenai/OLMo-2-1124-7B-Instruct,fewshot,none,1,0.00019,0.99995,0,answer," The expected value of Option A is 0.26 * $447 + 0.74 * $0 = $117.42. Option B pays $149 for certain.
Option A is preferable only if you are risk-seeking.",massA=0.000186 massB=1
p2,957,31,mixed,51,51,151,0.29,0.8586,3,False,A,allenai/OLMo-2-1124-7B-Instruct,fewshot,none,1,8e-05,0.99991,0,answer," The expected value of Outcome A is (0.29 * $100) + (0.71 * $0) = $29. The expected value of keeping Outcome B is $51. Since $29 < $51, the best choice is to keep the $51 with no change.",massA=8.22e-05 massB=1
p2,583,19,gain,0,64,122,0.49,0.9341,1,False,A,allenai/OLMo-2-1124-7B-Instruct,fewshot,none,1,2e-05,0.99999,0,answer," The expected value of arrangement A is 0.49 * $122 + 0.51 * $0 = $59.98. The certain gain of arrangement B is $64. Since $64 is greater than $59.98, you should take arrangement B.",massA=2.32e-05 massB=1
p2,617,20,gain,0,186,266,0.63,0.901,3,False,A,allenai/OLMo-2-1124-7B-Instruct,fewshot,none,1,1e-05,1.0,0,length_or_eos," Outcome A has an expected value of 0.63 * $266 + 0.37 * $0 = $167.38. Outcome B has an expected value of $186. Since $186 > $167.38, you should choose Outcome B. You are guaranteed to gain $186 with Outcome B, whereas with Outcome A, you only have a 63% chance of gaining $266, and a 37% chance of gaining nothing. The certainty of gaining $186 with Outcome B makes it the better choice.",massA=1.11e-05 massB=1
p2,1031,34,gain,0,52,96,0.63,1.1631,0,False,A,allenai/OLMo-2-1124-7B-Instruct,fewshot,none,1,0.99992,0.99836,0,answer," The expected value of Option A is 0.63 * $96 + 0.37 * $0 = $59.28. The expected value of Option B is $52. Since $59.28 > $52, Option A has a higher expected value than Option B.",massA=0.998 massB=7.86e-05
p2,1065,35,gain,0,91,133,0.68,0.9938,2,False,A,allenai/OLMo-2-1124-7B-Instruct,fewshot,none,1,9e-05,1.0,0,length_or_eos," First calculate the expected value of Alternative A. This is done by multiplying the probability of each outcome by its value and summing these products. So, (0.68 * $133) + (0.32 * $0) = $89.60. Now compare this to the certain gain of $91 from Alternative B. Since $91 > $89.60, you should select Alternative B. You are guaranteed to have more money with Alternative B than with Alternative A.",massA=8.51e-05 massB=1
p2,326,10,mixed,111,111,278,0.58,1.4526,3,True,B,allenai/OLMo-2-1124-7B-Instruct,fewshot,none,1,2e-05,1.0,0,length_or_eos," With outcome A, you keep your $111 with no change. With outcome B, you have a 58% chance to gain $167, resulting in a total of $178. However, there's also a 42% chance to lose $111, resulting in a total of $0. On average, outcome B results in a gain of $178 * 0.58 = $102.04. Comparing the expected values of both outcomes, outcome B yields $102.04, while outcome A yields $111. Since $111 is greater than $102.04, you should choose outcome A to ensure you keep your initial $111.",massA=1 massB=2.33e-05
p2,457,15,neutral,0,82,113,0.74,1.0198,3,False,A,allenai/OLMo-2-1124-7B-Instruct,fewshot,none,1,0.99998,0.99999,0,length_or_eos," With outcome A, you expect to receive $113 * 0.74 = $83.22. So, outcome A is better than outcome B because $83.22 > $82. Therefore, you should choose outcome A.",massA=1 massB=2.48e-05
p2,1157,38,gain,0,183,609,0.38,1.2646,3,False,A,allenai/OLMo-2-1124-7B-Instruct,fewshot,none,1,0.99997,1.0,0,length_or_eos," Outcome A has an expected value of $609 * 0.38 = $231.62. Outcome B has an expected value of $183. Since $231.62 > $183, the better choice is Outcome A. However, since Outcome B is certain, it might be the safer choice. But considering the higher potential gain, Outcome A is the better choice overall. The final answer is: A",massA=1 massB=2.6e-05
p2,585,19,gain,0,64,122,0.49,0.9341,2,False,A,allenai/OLMo-2-1124-7B-Instruct,fewshot,none,1,4e-05,0.99999,0,answer," The expected value of Alternative A is 0.49 * $122 + 0.51 * $0 = $59.98. The expected value of Alternative B is $64. Since $64 is greater than $59.98, you should select Alternative B.",massA=4.43e-05 massB=1
p2,1149,38,neutral,0,183,609,0.38,1.2646,4,False,A,allenai/OLMo-2-1124-7B-Instruct,fewshot,none,1,0.99964,0.99983,0,answer," With Term A, you have an expected value of 0.38 * $609 + 0.62 * $0 = $231.82. With Term B, you receive $183 for certain. Since $231.82 > $183, the better choice is Term A.",massA=0.999 massB=0.000364
p2,1154,38,gain,0,183,609,0.38,1.2646,2,True,B,allenai/OLMo-2-1124-7B-Instruct,fewshot,none,1,0.0,1.0,0,length_or_eos," First calculate the expected value of Alternative B which is 0.38 * $609 + 0.62 * $0 = $231.68. Since $231.68 is less than the certain gain of $183 from Alternative A, the best choice is Alternative A. You are guaranteed to get $183 with Alternative A, whereas with Alternative B, you have a 62% chance of getting nothing. The expected value of $231.68 is not as good as the certainty of $183 from Alternative A. Therefore, the best choice is Alternative A.",massA=1 massB=4.33e-06
p2,483,16,neutral,0,139,234,0.6,1.0101,1,False,A,allenai/OLMo-2-1124-7B-Instruct,fewshot,none,1,0.00036,0.99998,0,answer, Arrangement A has an expected value of $234 * 0.6 + $0 * 0.4 = $140.4. Arrangement B pays $139 for certain.,massA=0.000363 massB=1
p2,603,20,neutral,0,186,266,0.63,0.901,1,False,A,allenai/OLMo-2-1124-7B-Instruct,fewshot,none,1,0.99987,0.99991,0,answer," With arrangement A, you expect to receive $266 * 0.63 = $167.98 on average. Since $167.98 > $186, arrangement A is better.",massA=1 massB=0.00013
p2,471,15,mixed,82,82,113,0.74,1.0198,0,False,A,allenai/OLMo-2-1124-7B-Instruct,fewshot,none,1,0.00012,0.99982,0,length_or_eos," With option A, you have a 74% chance to gain $31, which is a net gain of $11.26 ($31 - $18.74). However, there's also a 26% chance to lose $82, which is a net loss of $98. Thus, the expected value of option A is $11.26 * 0.74 - $98 = -$76.74. Since keeping $82 with no change is better than an expected loss of -$76.74, you should choose option B. The expected value of option B is simply $82, which is $59 better than option A. So, you should choose option B.",massA=0.000121 massB=1
p2,1046,34,mixed,52,52,96,0.63,1.1631,3,True,B,allenai/OLMo-2-1124-7B-Instruct,fewshot,none,1,0.99998,0.99998,0,length_or_eos," With outcome A, you keep your $52 with no change. With outcome B, you have a 63% chance to gain $44, for a total of $96, and a 37% chance to lose $52, for a total of $0. The expected value of outcome B is (0.63 * $96) + (0.37 * $0) = $59.68. Since $59.68 is greater than $52, outcome B has a higher expected value than outcome A. Therefore, you should choose outcome B to maximize your expected winnings.",massA=1.76e-05 massB=1
p2,286,9,gain,0,49,153,0.26,0.8118,3,True,B,allenai/OLMo-2-1124-7B-Instruct,fewshot,none,1,3e-05,1.0,0,length_or_eos," The expected value of Outcome B is 0.26 * $153 + 0.74 * $0 = $39.78. The expected value of Outcome A is $49. Since $49 is greater than $39.78, you should choose Outcome A. The expected value is a way to calculate the average amount of money you can expect to have after making a decision, considering the probabilities of each possible outcome. In this case, Outcome A has a higher expected value than Outcome B, so you should choose the certain gain of $49 over the uncertain chance to gain $153.",massA=1 massB=3.28e-05
p2,1151,38,gain,0,183,609,0.38,1.2646,0,False,A,allenai/OLMo-2-1124-7B-Instruct,fewshot,none,1,0.99998,0.99964,0,answer," The expected value of Option A is 0.38 * 609 = $231.42. The expected value of Option B is $183. Since $231.42 > $183, the better choice is Option A.",massA=1 massB=1.56e-05
p2,584,19,gain,0,64,122,0.49,0.9341,2,True,B,allenai/OLMo-2-1124-7B-Instruct,fewshot,none,1,1e-05,0.99998,0,length_or_eos," The expected value of Alternative B is 0.49 * $122 + 0.51 * $0 = $59.89. The expected value of Alternative A is $64. Since $64 is greater than $59.89, you should select Alternative A. The expected value is the average amount you can expect to win if you take that alternative. In this case, it's calculated as the probability of each outcome (dollar amount) multiplied by that outcome's value, then summed up. Since Alternative A guarantees $64, its expected value is simply $64. Alternative B has a 49% chance of giving you $122 and a 51% chance of giving you nothing, so its expected value is calculated as (0.49 * $122) + (0.51 * $0) = $59.89. Since $64 is greater than $59.89, you should select Alternative A.",massA=1 massB=8.17e-06
p2,1081,36,neutral,0,98,227,0.47,1.0887,0,False,A,allenai/OLMo-2-1124-7B-Instruct,fewshot,none,1,0.99988,0.99942,0,answer," The expected value of Option A is 0.47 * $227 + 0.53 * $0 = $106.09. The expected value of Option B is $98. Since $98 is less than $106.09, Option A is preferable.",massA=0.999 massB=0.00012
p2,659,21,mixed,106,106,206,0.73,1.4187,4,False,A,allenai/OLMo-2-1124-7B-Instruct,fewshot,none,1,0.00066,0.99986,0,blank," Term A has an expected value of (0.73 * 206) + (0.27 * 0) = $150.31. Keeping Term B ensures you keep the $106 you already have. Comparing the two options, keeping Term B ensures you walk away with $106, while taking Term A has an expected value of $150.31, but also carries a 27% risk of losing $106. Since you already have $106, the safe option is to keep it and not risk losing it. Therefore, the best choice is Term B.",massA=0.000659 massB=0.999
p2,329,10,mixed,111,111,278,0.58,1.4526,4,False,A,allenai/OLMo-2-1124-7B-Instruct,fewshot,none,1,0.99981,0.99998,0,blank," Term A has an expected value of (0.58 * $167) + (0.42 * $0) = $96.06. Keeping Term B means you keep your $111. Thus, Term A is the better choice because $96.06 > $111. The higher expected value of Term A makes it the better option despite the risk of losing $111. The expected value of Term A is $96.06, while the guaranteed value of Term B is $111. Since $96.06 < $111, the safer choice is Term B, but the better financial decision is Term A based on expected value. However, considering the question asks for the better option, which implies the best outcome, Term A provides a higher potential gain ($167) than Term B, even though it also carries a higher risk of loss. Therefore, the better option is Term A, despite the risk, because it offers the highest potential return. The better option is: A",massA=1 massB=0.00019
p2,404,13,gain,0,72,88,0.64,0.7822,2,True,B,allenai/OLMo-2-1124-7B-Instruct,fewshot,none,1,1e-05,0.99999,0,length_or_eos," The expected value of Alternative B is 0.64 * $88 + 0.36 * $0 = $56.48. The expected value of Alternative A is $72. Since $72 > $56.48, you would rather have Alternative A. The final answer: A.",massA=1 massB=8.11e-06
p2,312,10,gain,0,111,278,0.58,1.4526,1,True,B,allenai/OLMo-2-1124-7B-Instruct,fewshot,none,1,0.99999,0.99999,0,blank," The expected value of arrangement B is 0.58 * $278 + 0.42 * $0 = $161.16. The certain gain from arrangement A is $111. Since $111 < $161.16, arrangement B has a higher expected value. Therefore, you should take arrangement B.",massA=1.31e-05 massB=1
p2,590,19,mixed,64,64,122,0.49,0.9341,0,True,B,allenai/OLMo-2-1124-7B-Instruct,fewshot,none,1,0.99995,0.99961,0,length_or_eos," With option A, you keep your $64 with no change. With option B, you have a 49% chance to gain $58, resulting in a total of $122, and a 51% chance to lose all $64, resulting in $0. The expected value of option B is (0.49 * $122) + (0.51 * $0) = $59.80. Since $59.80 is greater than $64, option B has a higher expected value than option A. Therefore, the better choice is option B, as it has a higher expected value of $59.80 compared to option A's $64.",massA=4.98e-05 massB=1
p2,481,16,neutral,0,139,234,0.6,1.0101,0,False,A,allenai/OLMo-2-1124-7B-Instruct,fewshot,none,1,0.99994,0.9999,0,answer," With option A, you will get $234 with 60% probability which is $234 * 0.6 = $140.4. With 40% probability, you will get $0. So the average amount you will get is $140.4. Option B gives you a certain $139. Since $140.4 > $139, you prefer option A. The better choice is A.",massA=1 massB=6.25e-05
p2,1216,8,dominant,0,62,121,1.0,1.9516,2,True,B,allenai/OLMo-2-1124-7B-Instruct,fewshot,none,1,0.99999,0.99999,0,length_or_eos," Both alternatives offer a certain amount of money. Alternative B offers more money than Alternative A ($121 > $62). Therefore, you should select Alternative B. The final answer is: B.",massA=9.84e-06 massB=1
p2,438,14,gain,0,81,201,0.68,1.6874,4,True,B,allenai/OLMo-2-1124-7B-Instruct,fewshot,none,1,0.99999,0.99996,0,answer," Term A guarantees $81. Term B has an expected value of 0.68 * $201 + 0.32 * $0 = $136.64. Since $136.64 > $81, the best choice is Term B.",massA=1.22e-05 massB=1
p2,149,4,mixed,29,29,71,0.55,1.3466,4,False,A,allenai/OLMo-2-1124-7B-Instruct,fewshot,none,1,0.99846,0.99915,0,blank," Term A has an expected value of (0.55 * $42) + (0.45 * $0) = $23.1. Adding the initial $29, the total expected value of Term A is $23.1 + $29 = $52.1. Keeping Term B means you keep the initial $29. Comparing the expected values, $52.1 > $29. Therefore, you should choose Term A.",massA=0.998 massB=0.00154
p2,250,8,gain,0,62,263,0.33,1.3998,0,True,B,allenai/OLMo-2-1124-7B-Instruct,fewshot,none,1,0.99996,0.99997,0,answer," The expected value of option B is 0.33 * $263 + 0.67 * $0 = $86.01. The expected value of option A is $62. Since $62 is less than $86.01, option B has a higher expected value. Therefore, I prefer option B.",massA=3.79e-05 massB=1
p2,1104,36,mixed,98,98,227,0.47,1.0887,2,True,B,allenai/OLMo-2-1124-7B-Instruct,fewshot,none,1,2e-05,0.99998,0,length_or_eos," With Alternative A, you keep your $98 with no change. With Alternative B, there is a 47% chance to gain $129, which is a net gain of $41. And there is a 53% chance to lose $98, which is a net loss of $98. On average, the expected value of Alternative B is $41 + (-$98 * 0.53) = $41 - $51.54 = -$10.54. Thus, Alternative A yields a higher expected value than Alternative B, so you should select Alternative A.",massA=1 massB=1.67e-05
p2,958,31,mixed,51,51,151,0.29,0.8586,4,True,B,allenai/OLMo-2-1124-7B-Instruct,fewshot,none,1,5e-05,0.99998,0,answer," Term B has an expected value of (0.29 * $151) + (0.71 * $0) = $43.29. In comparison, keeping Term A results in $51. Therefore, Term B has an expected value $43.29 < $51. Thus, you should choose Term A to keep your $51 with no change.",massA=1 massB=5.33e-05
p2,1063,35,gain,0,91,133,0.68,0.9938,1,False,A,allenai/OLMo-2-1124-7B-Instruct,fewshot,none,1,2e-05,0.99999,0,answer," The expected value of arrangement A is 0.68 * $133 + 0.32 * $0 = $89.04. The certain gain of arrangement B is $91. Since $91 > $89.04, you should take arrangement B.",massA=1.55e-05 massB=1
p2,1054,35,neutral,0,91,133,0.68,0.9938,2,True,B,allenai/OLMo-2-1124-7B-Instruct,fewshot,none,1,1e-05,0.99999,0,answer," The expected value of Alternative B is 0.68 * $133 + 0.32 * $0 = $90.64. Since $91 is more than $90.64, Alternative A is better.",massA=1 massB=9.26e-06
p2,1226,13,dominant,0,72,119,1.0,1.6528,4,True,B,allenai/OLMo-2-1124-7B-Instruct,fewshot,none,1,0.99997,0.99971,0,answer, The amount offered in Term B is higher than the amount offered in Term A.,massA=3.14e-05 massB=1
p2,1238,19,dominant,0,64,91,1.0,1.4219,3,True,B,allenai/OLMo-2-1124-7B-Instruct,fewshot,none,1,1.0,0.99986,0,answer," Outcome B is better because it pays more money, $91 compared to $64.",massA=1.9e-06 massB=1
p2,1024,34,neutral,0,52,96,0.63,1.1631,2,True,B,allenai/OLMo-2-1124-7B-Instruct,fewshot,none,1,0.0,1.0,0,blank," The expected value of Alternative B is $96 * 0.63 = $61.20. This is less than the certain $52 from Alternative A. Therefore, you should choose Alternative A. The expected value of Alternative B is 96 * 0.63 = 61.2. This is less than the certain $52 from Alternative A. Therefore, you should choose Alternative A.",massA=1 massB=4.22e-06
p2,948,31,gain,0,51,151,0.29,0.8586,4,True,B,allenai/OLMo-2-1124-7B-Instruct,fewshot,none,1,0.00039,0.99994,0,answer," Term A guarantees $51. Term B has an expected value of 0.29 * $151 + 0.71 * $0 = $43.29. Since $51 > $43.29, the best choice is Term A.",massA=1 massB=0.00039
p2,180,6,neutral,0,94,101,0.71,0.7629,0,True,B,allenai/OLMo-2-1124-7B-Instruct,fewshot,none,1,2e-05,1.0,0,answer," Option A pays $94 for certain. Option B has a 71% chance of paying $101 and a 29% chance of paying $0. The expected value of option B is $101 * 0.71 + $0 * 0.29 = $71.71. Since $71.71 < $94, option A is preferable.",massA=1 massB=2.42e-05
p2,1070,35,mixed,91,91,133,0.68,0.9938,0,True,B,allenai/OLMo-2-1124-7B-Instruct,fewshot,none,1,2e-05,0.99999,0,answer," With option A, you keep your $91 with no change. With option B, you have a 68% chance to gain $42, resulting in a total of $133, and a 32% chance to lose $91, resulting in $0. The expected value of option B is (0.68 * $133) + (0.32 * $0) = $89.04. Since $89.04 is less than $91, option A is the better choice.",massA=1 massB=2.18e-05
p2,1272,36,dominant,0,98,155,1.0,1.5816,1,True,B,allenai/OLMo-2-1124-7B-Instruct,fewshot,none,1,1.0,1.0,0,answer, Arrangement A pays $98 for certain. Arrangement B pays $155 for certain.,massA=1.87e-06 massB=1
p2,1109,36,mixed,98,98,227,0.47,1.0887,4,False,A,allenai/OLMo-2-1124-7B-Instruct,fewshot,none,1,0.99692,0.98376,0,blank," First calculate the expected value of Term A. The gain amounts to $129 with a 47% chance, and the loss amounts to -$98 with a 53% chance. The expected value of Term A is (0.47 * $129) + (0.53 * -$98) = $60.51 - $51.54 = $8.97. Since keeping $98 is certain, the expected value of keeping $98 is $98. The difference between the expected value of Term A and keeping $98 is $98 - $8.97 = $89.03. Therefore, you should choose Term A, as it has an expected value $89.03, which is greater than the certain $98 you would get by choosing Term B.",massA=0.981 massB=0.00303
p2,192,6,gain,0,94,101,0.71,0.7629,1,True,B,allenai/OLMo-2-1124-7B-Instruct,fewshot,none,1,5e-05,0.99998,0,answer," The expected value of arrangement B is $101 * 0.71 + $0 * 0.29 = $71.71. The certain gain from arrangement A is $94. Since $94 > $71.71, the best choice is arrangement A.",massA=1 massB=5.02e-05
p2,1229,14,dominant,0,81,135,1.0,1.6667,1,False,A,allenai/OLMo-2-1124-7B-Instruct,fewshot,none,1,0.99983,0.99999,0,answer, Arrangement A pays $135 for certain. Arrangement B pays $81 for certain.,massA=1 massB=0.000169
p2,530,17,mixed,117,117,362,0.42,1.2995,0,True,B,allenai/OLMo-2-1124-7B-Instruct,fewshot,none,1,0.99992,0.99989,0,blank," With option A, you keep your $117 with no change. With option B, you have a 42% chance to gain $245 for a total of $362 and a 58% chance to lose $117 for a total of $0. The expected value of option B is (0.42 * $362) + (0.58 * $0) = $151.84. Since $151.84 is greater than $117, option B has a higher expected value than option A. Therefore, the better choice is option B.",massA=7.78e-05 massB=1
p2,1091,36,gain,0,98,227,0.47,1.0887,0,False,A,allenai/OLMo-2-1124-7B-Instruct,fewshot,none,1,4e-05,0.99999,0,answer," The expected value of Option A is 0.47 * $227 + 0.53 * $0 = $106.09. The expected value of Option B is $98. Since $98 > $106.09, you prefer Option B.",massA=3.68e-05 massB=1
p2,414,13,mixed,72,72,88,0.64,0.7822,2,True,B,allenai/OLMo-2-1124-7B-Instruct,fewshot,none,1,0.99918,0.99998,0,answer," With Alternative A, you keep your $72 with no change. With Alternative B, there is a 64% chance to gain $16, which is a net gain of $6.36, and a 36% chance to lose $72, which is a net loss of $72. On average, Alternative B yields a net gain of $6.36. Therefore, you should select Alternative B, as it yields a higher expected value than Alternative A.",massA=0.000817 massB=0.999
p2,1165,38,mixed,183,183,609,0.38,1.2646,2,False,A,allenai/OLMo-2-1124-7B-Instruct,fewshot,none,1,3e-05,0.99998,0,length_or_eos," In Alternative A, you have a 38% chance to gain $426 and a 62% chance to lose $183. The expected value of Alternative A is $426 * 0.38 + (-183 * 0.62) = $172.52. Since $172.52 is less than the $183 you already have, Alternative A is less favorable. Therefore, you should stick with Alternative B and keep your $183. The final answer is: B.",massA=3.12e-05 massB=1
p2,311,10,gain,0,111,278,0.58,1.4526,0,False,A,allenai/OLMo-2-1124-7B-Instruct,fewshot,none,1,0.99995,0.96503,0,blank," The expected value of Option A is 0.58 * $278 + 0.42 * $0 = $161.16. The expected value of Option B is $111. Since $161.16 > $111, Option A has a higher expected value than Option B. However, since Option B is certain, it is preferable for risk-averse individuals. For those who are not risk-averse, Option A is preferable due to its higher expected value. Overall, Option A is preferable for individuals who are not risk-averse, while Option B is preferable for risk-averse individuals. As the most general option, Option A is preferable because it allows for the possibility of a larger gain, which is advantageous in most scenarios. Therefore, the best option is: Option A",massA=0.965 massB=4.89e-05
p2,396,13,neutral,0,72,88,0.64,0.7822,3,True,B,allenai/OLMo-2-1124-7B-Instruct,fewshot,none,1,2e-05,1.0,0,answer," Outcome B has an expected value of $88 * 0.64 = $56.32. Outcome A is worth $72 for certain. Since $72 is greater than $56.32, you should choose Outcome A.",massA=1 massB=2.07e-05
p2,462,15,gain,0,82,113,0.74,1.0198,1,True,B,allenai/OLMo-2-1124-7B-Instruct,fewshot,none,1,1e-05,0.99999,0,length_or_eos," Arrangement A guarantees $82. With Arrangement B, you have a 74% chance to gain $113, which equals to $113 * 0.74 = $83.42. However, there is also a 26% chance to gain nothing, which means you could end up with $0. Therefore, considering the worst-case scenario with Arrangement B, you end up with $83.42. Since Arrangement A guarantees $82, and the worst-case scenario with Arrangement B is $83.42, the best choice is to take Arrangement A. You are guaranteed $82 with Arrangement A, while with Arrangement B, there is a risk of ending up with $0. The expected value of Arrangement B is $83.42, but since we cannot consider probabilities in this context, the guaranteed amount makes Arrangement A the better choice. Thus, the best choice is Arrangement A.",massA=1 massB=1.42e-05
p2,359,11,mixed,54,54,68,0.81,1.02,4,False,A,allenai/OLMo-2-1124-7B-Instruct,fewshot,none,1,0.99938,0.99902,0,blank," Term A has an expected value of (0.81 * $68) + (0.19 * $0) = $55.28. Term B guarantees $54. Thus, Term A is preferable to Term B because $55.28 > $54. Therefore, you should choose Term A.",massA=0.998 massB=0.000618
p2,1096,36,gain,0,98,227,0.47,1.0887,3,True,B,allenai/OLMo-2-1124-7B-Instruct,fewshot,none,1,1.0,0.99998,0,length_or_eos," The expected value of Outcome B is 0.47 * $227 + 0.53 * $0 = $106.09. The expected value of Outcome A is $98. Since $98 is less than $106.09, you should choose Outcome B. The expected value is a way to calculate the average amount of money you can expect to have after making a decision. In this case, Outcome B has a higher expected value than Outcome A, so it is the better choice on average. Even though there's a chance you could end up with nothing in Outcome B, the higher potential payout makes it the better choice overall.",massA=2.41e-06 massB=1
p2,502,16,mixed,139,139,234,0.6,1.0101,1,True,B,allenai/OLMo-2-1124-7B-Instruct,fewshot,none,1,2e-05,0.99997,0,answer," Arrangement B has a 60% chance to rise to $234, which is a gain of $95. The potential gain from this arrangement is $95. The potential loss is $139. The expected value of this arrangement is $95 * 0.6 + (-$139 * 0.4) = $57 - $55.60 = -$0.60. Since keeping the $139 results in a $0 expected value, and taking Arrangement B has an expected value of -$0.60, the rational choice is to keep the $139.",massA=1 massB=1.76e-05
p2,422,14,neutral,0,81,201,0.68,1.6874,1,True,B,allenai/OLMo-2-1124-7B-Instruct,fewshot,none,1,3e-05,0.99999,0,answer," Arrangement A pays $81 for certain. Arrangement B has a 68% chance of paying $201 and a 32% chance of paying $0. The expected value of Arrangement B is 0.68 * $201 + 0.32 * $0 = $136.68. Since $136.68 is less than $81, Arrangement A is better.",massA=1 massB=3.14e-05
p2,1058,35,neutral,0,91,133,0.68,0.9938,4,True,B,allenai/OLMo-2-1124-7B-Instruct,fewshot,none,1,0.00022,0.99981,0,answer," The expected value of Term B is 0.68 * $133 + 0.32 * $0 = $90.64. Since $91 is more than $90.64, you should choose Term A.",massA=1 massB=0.000216
p2,648,21,gain,0,106,206,0.73,1.4187,4,True,B,allenai/OLMo-2-1124-7B-Instruct,fewshot,none,1,0.00021,0.99995,0,answer," Term A guarantees $106. Term B has an expected value of 0.73 * $206 + 0.27 * $0 = $150.91. Since $106 < $150.91, the best choice is Term A.",massA=1 massB=0.000208
p2,494,16,gain,0,139,234,0.6,1.0101,2,True,B,allenai/OLMo-2-1124-7B-Instruct,fewshot,none,1,1e-05,1.0,0,answer," First calculate the expected value of Alternative B: 0.6 * $234 + 0.4 * $0 = $140.40. Since $139.40 < $234, the expected value of Alternative B is less than Alternative A. Therefore, you should select Alternative A, which guarantees $139. Alternative A is better because it provides a guaranteed $139 compared to an expected $140.40 from Alternative B, which is not guaranteed.",massA=1 massB=1.47e-05
p2,935,31,neutral,0,51,151,0.29,0.8586,2,False,A,allenai/OLMo-2-1124-7B-Instruct,fewshot,none,1,9e-05,0.99999,0,blank," The expected value of Alternative A is $151 * 0.29 + $0 * 0.71 = $43.29. The expected value of Alternative B is $51. Since $43.29 < $51, you would rather have Alternative B. The better choice is B, because it guarantees a higher amount of money than Alternative A, which only has a 29% chance of paying out $151, and an 71% chance of paying $0.",massA=9.21e-05 massB=1
p2,456,15,neutral,0,82,113,0.74,1.0198,3,True,B,allenai/OLMo-2-1124-7B-Instruct,fewshot,none,1,1.0,0.99999,0,answer," Outcome B has a 74% chance of giving you $113, which is more than the $82 you get for certain with Outcome A. Therefore, you should choose Outcome B.",massA=2.13e-06 massB=1
p2,128,4,neutral,0,29,71,0.55,1.3466,4,True,B,allenai/OLMo-2-1124-7B-Instruct,fewshot,none,1,0.00029,0.99988,0,answer," The expected value of Term B is 0.55 * $71 + 0.45 * $0 = $38.95. Since $38.95 < $29, the best choice is Term A.",massA=1 massB=0.000289
p2,599,19,mixed,64,64,122,0.49,0.9341,4,False,A,allenai/OLMo-2-1124-7B-Instruct,fewshot,none,1,0.99966,0.99942,0,blank," Term A has an expected value of (0.49 * $122) + (0.51 * $0) = $59.98. Term B guarantees $64. Thus, Term A is preferable to Term B because $59.98 > $64. Therefore, you should choose Term A.",massA=0.999 massB=0.000342
p2,597,19,mixed,64,64,122,0.49,0.9341,3,False,A,allenai/OLMo-2-1124-7B-Instruct,fewshot,none,1,5e-05,0.9999,0,blank," The expected value of Outcome A is (0.49 * $58) + (0.51 * $0) = $28.42. The expected value of keeping Outcome B is $64. Since $28.42 < $64, the better choice is to keep Outcome B, as it has a higher expected value. Therefore, you should choose Outcome B.",massA=4.65e-05 massB=1
p2,515,17,neutral,0,117,362,0.42,1.2995,2,False,A,allenai/OLMo-2-1124-7B-Instruct,fewshot,none,1,0.99999,0.99996,0,answer," The expected value of Alternative A is 0.42 * 362 + 0.58 * 0 = $153.24. The expected value of Alternative B is $117. Since $153.24 > $117, you should choose Alternative A.",massA=1 massB=9.53e-06
p2,240,8,neutral,0,62,263,0.33,1.3998,0,True,B,allenai/OLMo-2-1124-7B-Instruct,fewshot,none,1,0.99999,0.99999,0,answer," Option A pays $62 for certain. Option B has a 33% chance of paying $263 and a 67% chance of paying $0. The expected value of option B is 0.33 * $263 + 0.67 * $0 = $86.01. Since $86.01 > $62, the better choice is option B.",massA=9.63e-06 massB=1
p2,1039,34,gain,0,52,96,0.63,1.1631,4,False,A,allenai/OLMo-2-1124-7B-Instruct,fewshot,none,1,0.99981,0.99968,0,answer," First calculate the expected value of Term A: 0.63 * $96 + 0.37 * $0 = $59.68. Then compare this to the certain gain of $52 from Term B. Since $59.68 > $52, the better choice is Term A.",massA=0.999 massB=0.000186
p2,930,31,neutral,0,51,151,0.29,0.8586,0,True,B,allenai/OLMo-2-1124-7B-Instruct,fewshot,none,1,4e-05,1.0,0,answer," The expected value of option B is $151 * 0.29 = $43.29. The expected value of option A is $51. Since $51 is greater than $43.29, option A is preferable.",massA=1 massB=4.42e-05
p2,428,14,neutral,0,81,201,0.68,1.6874,4,True,B,allenai/OLMo-2-1124-7B-Instruct,fewshot,none,1,0.99993,0.99985,0,answer," The expected value of Term B is 0.68 * $201 + 0.32 * $0 = $136.68. Since $136.68 > $81, the better choice is Term B.",massA=7.28e-05 massB=1
p2,455,15,neutral,0,82,113,0.74,1.0198,2,False,A,allenai/OLMo-2-1124-7B-Instruct,fewshot,none,1,1e-05,0.99999,0,length_or_eos," With Alternative A, you will get $113 with a 74% probability which is $113 * 0.74 = $83.42. The expected value of Alternative A is $83.42. Since $83.42 is less than $82, you are better off with Alternative B. Thus, you would rather have Alternative B, which guarantees $82. The answer is B.",massA=6.83e-06 massB=1
p2,1080,36,neutral,0,98,227,0.47,1.0887,0,True,B,allenai/OLMo-2-1124-7B-Instruct,fewshot,none,1,3e-05,1.0,0,answer," Option A pays $98 for certain. Option B has a 47% chance of paying $227 and a 53% chance of paying $0. The expected value of option B is 0.47 * $227 + 0.53 * $0 = $106.09. Since $106.09 < $98, option A is preferable.",massA=1 massB=3.36e-05
p2,616,20,gain,0,186,266,0.63,0.901,3,True,B,allenai/OLMo-2-1124-7B-Instruct,fewshot,none,1,5e-05,0.99996,0,length_or_eos," The expected value of Outcome B is (0.63 * $266) + (0.37 * $0) = $167.70. The expected value of Outcome A is $186. Since $186 > $167.70, you should choose Outcome A. The expected value is a way to calculate the average amount of money you can expect to have after making a decision, considering all possible outcomes and their probabilities. In this case, since the expected value of Outcome A is higher than that of Outcome B, you should choose the certain gain of $186 over the gamble with a chance to win $266 but also a chance to win nothing.",massA=1 massB=4.97e-05
p2,950,31,mixed,51,51,151,0.29,0.8586,0,True,B,allenai/OLMo-2-1124-7B-Instruct,fewshot,none,1,0.99967,0.9999,0,answer," With option A, you keep your $51 with no change. With option B, you have a 29% chance to gain $100 (total $151) and a 71% chance to lose $51 (total $0). On average, option B gives you a gain of (0.29 * $100) + (0.71 * $0) = $29. So, option B gives you an average of $29 more than option A. Therefore, you should prefer option B.",massA=0.000328 massB=1
p2,1045,34,mixed,52,52,96,0.63,1.1631,2,False,A,allenai/OLMo-2-1124-7B-Instruct,fewshot,none,1,2e-05,0.99999,0,length_or_eos," In Alternative A, you have a 63% chance to gain $44, which is a net gain of $14.37 (0.63 * $44). However, there's also a 37% chance to lose $52, which is a net loss of $10 (0.37 * -$52). So, overall, Alternative A has a net expected value of $4.37 ($14.37 - $10). Since you already have $52, you would need a net gain of at least $0 to break even. Therefore, you should choose Alternative B, which guarantees to keep your $52, rather than taking the risk with Alternative A. The answer is: B",massA=2.49e-05 massB=1
p2,637,21,neutral,0,106,206,0.73,1.4187,3,False,A,allenai/OLMo-2-1124-7B-Instruct,fewshot,none,1,1.0,0.99999,0,length_or_eos," With outcome A, you expect to receive $206 * 0.73 = $149.32. Since $149.32 is greater than $106, you should choose outcome A. The expected value of outcome A is $149.32, while outcome B is $106 for certain. Since you prefer more money, you should choose outcome A. The expected value of outcome A is higher than the certain value of outcome B. Therefore, you should choose outcome A.",massA=1 massB=4.5e-06
p2,934,31,neutral,0,51,151,0.29,0.8586,2,True,B,allenai/OLMo-2-1124-7B-Instruct,fewshot,none,1,1e-05,0.99999,0,blank," The expected value of Alternative B is 0.29 * $151 + 0.71 * $0 = $43.29. This is less than the certain $51 from Alternative A. Therefore, you should choose Alternative A. The expected value of Alternative B is 0.29 * $151 + 0.71 * $0 = $43.29. This is less than the certain $51 from Alternative A. Therefore, you should choose Alternative A.",massA=1 massB=6.8e-06
p2,1240,20,dominant,0,186,229,1.0,1.2312,0,True,B,allenai/OLMo-2-1124-7B-Instruct,fewshot,none,1,0.96932,0.98186,0,answer, Option A pays $186 for certain. Option B pays $229 for certain.,massA=0.0301 massB=0.952
p2,1218,9,dominant,0,49,82,1.0,1.6735,1,True,B,allenai/OLMo-2-1124-7B-Instruct,fewshot,none,1,0.99997,1.0,0,answer, Arrangement B pays $82 for certain. Arrangement A pays $49 for certain.,massA=3.17e-05 massB=1
p2,293,9,mixed,49,49,153,0.26,0.8118,1,False,A,allenai/OLMo-2-1124-7B-Instruct,fewshot,none,1,3e-05,0.99998,0,length_or_eos," With arrangement A, you have a 26% chance to gain $104, which is a net gain of $65 ($104-$49). The 74% chance to lose $49 means you would end up with $0. The expected value of arrangement A is therefore $0.26 * $104 + 0.74 * $0 = $27.04. With arrangement B, you keep your $49 with no change. Comparing the expected values, arrangement A has an expected value of $27.04 while arrangement B has an expected value of $49. Therefore, you should take arrangement B.",massA=2.78e-05 massB=1
p2,340,11,gain,0,54,68,0.81,1.02,0,True,B,allenai/OLMo-2-1124-7B-Instruct,fewshot,none,1,4e-05,0.99999,0,answer," The expected value of option B is 0.81 * $68 + 0.19 * $0 = $54.39. Option A pays $54 for certain. Thus, option A is preferred over option B since $54 is less than $54.39.",massA=1 massB=4.17e-05
p2,142,4,mixed,29,29,71,0.55,1.3466,1,True,B,allenai/OLMo-2-1124-7B-Instruct,fewshot,none,1,3e-05,0.99997,0,answer," In Arrangement A, you keep your $29 with no change. In Arrangement B, you have a 55% chance to gain $42, which is a net gain of $11, and a 45% chance to lose $29, which is a net loss of $29. The expected value of Arrangement B is (0.55 * $42) + (0.45 * -$29) = $23 - $13.05 = $9.95. Since $9.95 is less than $29, you should choose Arrangement A.",massA=1 massB=2.97e-05
p2,421,14,neutral,0,81,201,0.68,1.6874,0,False,A,allenai/OLMo-2-1124-7B-Instruct,fewshot,none,1,0.99993,0.9999,0,answer," With option A, you will get $201 with 68% probability which is $201 * 0.68 = $136.68. The total expected value of option A is $136.68. Option B guarantees $81. Since $136.68 > $81, you should prefer option A.",massA=1 massB=6.5e-05
p2,532,17,mixed,117,117,362,0.42,1.2995,1,True,B,allenai/OLMo-2-1124-7B-Instruct,fewshot,none,1,3e-05,1.0,0,answer," Arrangement B has a 42% chance to rise to $362, which is a gain of $245. The other outcome, 58% chance, results in a loss of $117. The expected value of Arrangement B is (0.42 * $245) + (0.58 * -$117) = $105.90 - $67.46 = $38.44. Since Arrangement A offers a guaranteed $117, which is more than the expected value of Arrangement B ($38.44), it is the better choice.",massA=1 massB=2.9e-05
p2,947,31,gain,0,51,151,0.29,0.8586,3,False,A,allenai/OLMo-2-1124-7B-Instruct,fewshot,none,1,1e-05,1.0,0,answer," Outcome A has an expected value of 0.29 * $151 = $43.29. Outcome B has an expected value of $51. Since $51 > $43.29, you should choose Outcome B, the certain gain of $51.",massA=9.48e-06 massB=1
p2,324,10,mixed,111,111,278,0.58,1.4526,2,True,B,allenai/OLMo-2-1124-7B-Instruct,fewshot,none,1,1e-05,0.99999,0,blank," With Alternative A, you keep your $111 with no change. With Alternative B, you have a 58% chance to gain $167 and a 42% chance to lose $111. The expected value of Alternative B is $167 * 0.58 + (-$111 * 0.42) = $95.06. Since $95.06 < $111, Alternative B has a lower expected value than Alternative A. Therefore, you should choose Alternative A to keep your $111 with no change.",massA=1 massB=1.46e-05
p2,355,11,mixed,54,54,68,0.81,1.02,2,False,A,allenai/OLMo-2-1124-7B-Instruct,fewshot,none,1,5e-05,0.99999,0,length_or_eos," With Alternative A, you have a 81% chance to gain $14, which is a net gain of $14 * 81 / 100 = $11.34. However, there is also a 19% chance to lose $54, which is a net loss of $54 * 19 / 100 = $10.26. So the expected value of Alternative A is $11.34 - $10.26 = $1.08. Since you already have $54, you would rather keep it than take the risk with Alternative A. Thus, the better option is Alternative B. The final answer is: B.",massA=5.5e-05 massB=1
p2,448,14,mixed,81,81,201,0.68,1.6874,4,True,B,allenai/OLMo-2-1124-7B-Instruct,fewshot,none,1,0.99967,0.99978,0,blank," Term B has an expected value of (0.68 * $201) + (0.32 * $0) = $136.4. Since $136.4 > $81, taking Term B results in a higher expected value. Thus, you should take Term B.",massA=0.000334 massB=0.999
p2,299,9,mixed,49,49,153,0.26,0.8118,4,False,A,allenai/OLMo-2-1124-7B-Instruct,fewshot,none,1,0.0006,0.99979,0,answer," The expected value of Term A is (0.26 * $153) + (0.74 * $0) = $39.78. The expected value of keeping Term B is $49. Thus, the expected value of Term A is $39.78 - $49 = -$9.22. Since -$9.22 is less than $0, Term B is the better choice.",massA=0.000602 massB=0.999
p2,520,17,gain,0,117,362,0.42,1.2995,0,True,B,allenai/OLMo-2-1124-7B-Instruct,fewshot,none,1,0.99995,0.99998,0,answer," The expected value of option B is 0.42 * $362 + 0.58 * $0 = $151.04. The expected value of option A is $117. Since $117 is less than $151.04, option B has a higher expected value. Therefore, I prefer option B.",massA=4.56e-05 massB=1
p2,123,4,neutral,0,29,71,0.55,1.3466,1,False,A,allenai/OLMo-2-1124-7B-Instruct,fewshot,none,1,4e-05,0.99999,0,answer, Arrangement A has an expected value of $71 * 0.55 + $0 * 0.45 = $38.55. Arrangement B pays $29 for certain.,massA=4.4e-05 massB=1
p2,316,10,gain,0,111,278,0.58,1.4526,3,True,B,allenai/OLMo-2-1124-7B-Instruct,fewshot,none,1,1.0,0.99999,0,answer," The expected value of Outcome B is 0.58 * $278 + 0.42 * $0 = $161.24. The expected value of Outcome A is $111. Since $161.24 > $111, Outcome B has a higher expected value than Outcome A. Therefore, you should choose Outcome B.",massA=2.37e-06 massB=1
p2,1146,38,neutral,0,183,609,0.38,1.2646,3,True,B,allenai/OLMo-2-1124-7B-Instruct,fewshot,none,1,1.0,0.99999,0,answer," The expected value of outcome B is 0.38 * $609 + 0.62 * $0 = $231.42. Since $231.42 > $183, outcome B has a higher expected value than outcome A. Therefore, you should choose outcome B.",massA=1.03e-06 massB=1
p2,534,17,mixed,117,117,362,0.42,1.2995,2,True,B,allenai/OLMo-2-1124-7B-Instruct,fewshot,none,1,0.99992,0.99998,0,blank," With Alternative A, you keep your $117 with no change. With Alternative B, there is a 42% chance to gain $245 for a total of $362 and a 58% chance to lose $117 for a total of $0. The expected value of Alternative B is (0.42 * $362) + (0.58 * $0) = $151.84. Since $151.84 is greater than $117, Alternative B has a higher expected value than Alternative A. Therefore, you should select Alternative B.",massA=7.94e-05 massB=1
p2,924,30,mixed,149,149,447,0.26,0.78,2,True,B,allenai/OLMo-2-1124-7B-Instruct,fewshot,none,1,1e-05,0.99995,0,length_or_eos," With Alternative A, you keep your $149 with no change. With Alternative B, there is a 26% chance to gain $298, which is a net gain of $149. However, there is also an 74% chance to lose $149. The expected value of Alternative B is $447 * 0.26 = $117.42 + $0 * 0.74 = $117.42. Compared to the $149 you have with Alternative A, the expected value of Alternative B is $117.42 - $149 = -$31.58. Therefore, you would rather have Alternative A.",massA=1 massB=6.7e-06
p2,921,30,mixed,149,149,447,0.26,0.78,0,False,A,allenai/OLMo-2-1124-7B-Instruct,fewshot,none,1,0.00028,0.99945,0,blank," With option A, you have a 26% chance to gain $298, which is a total of $298 + $149 = $447. The probability of this gain is 26%, or 0.26. The probability of losing $149 is 74%, or 0.74. The expected value of option A is $447 * 0.26 + $0 * 0.74 = $117.42. You keep $149 with option B, so the expected value is $149. Thus, option A has an expected value of $117.42, while option B has an expected value of $149. The difference in expected value between the two options is $149 - $117.42 = $31.58. Therefore, option B is preferable, as it has a higher expected value than option A.",massA=0.000279 massB=0.999
p2,437,14,gain,0,81,201,0.68,1.6874,3,False,A,allenai/OLMo-2-1124-7B-Instruct,fewshot,none,1,0.99999,1.0,0,answer," Outcome A has an expected value of 0.68 * $201 + 0.32 * $0 = $134.68. Outcome B has an expected value of $81. Since $134.68 > $81, the better choice is Outcome A.",massA=1 massB=9.99e-06
p2,1107,36,mixed,98,98,227,0.47,1.0887,3,False,A,allenai/OLMo-2-1124-7B-Instruct,fewshot,none,1,7e-05,0.99987,0,blank," The expected value of Outcome A is (0.47 * $129) + (0.53 * $0) = $60.51. The expected value of keeping Outcome B is $98. Since $60.51 < $98, the better choice is to keep the $98 with no change.",massA=7.48e-05 massB=1
p2,304,10,neutral,0,111,278,0.58,1.4526,2,True,B,allenai/OLMo-2-1124-7B-Instruct,fewshot,none,1,1e-05,1.0,0,answer," The expected value of Alternative B is 0.58 * $278 + 0.42 * $0 = $161.16. Since $161.16 < $111, the certain $111 is preferable to the probabilistic $278.",massA=1 massB=5.91e-06
p2,423,14,neutral,0,81,201,0.68,1.6874,1,False,A,allenai/OLMo-2-1124-7B-Instruct,fewshot,none,1,0.00027,0.99999,0,answer, Arrangement A has an expected value of $201 * 0.68 + $0 * 0.32 = $136.4. Arrangement B pays $81 for certain.,massA=0.000267 massB=1
p2,519,17,neutral,0,117,362,0.42,1.2995,4,False,A,allenai/OLMo-2-1124-7B-Instruct,fewshot,none,1,0.99985,0.9998,0,answer," With Term A, you have an expected value of 362 * 0.42 + 0 * 0.58 = $151.04. Since $151.04 > $117, you should choose Term A. You would receive, on average, $151.04 with Term A, while you would receive $117 for certain with Term B. The higher expected value makes Term A the better choice.",massA=1 massB=0.000146
p2,466,15,gain,0,82,113,0.74,1.0198,3,True,B,allenai/OLMo-2-1124-7B-Instruct,fewshot,none,1,1.0,0.99999,0,length_or_eos," The expected value of Outcome B is 74% * $113 + 26% * $0 = $84.22. The expected value of Outcome A is $82. Since $82 is less than $84.22, you should choose Outcome B. The expected value is a way to calculate the average amount of money you can expect to have after making a decision, considering all possible outcomes and their probabilities. In this case, Outcome B has a higher expected value than Outcome A, so it is the better choice.",massA=2.77e-06 massB=1
p2,287,9,gain,0,49,153,0.26,0.8118,3,False,A,allenai/OLMo-2-1124-7B-Instruct,fewshot,none,1,1e-05,1.0,0,length_or_eos," Outcome A has an expected value of 26% * $153 + 74% * $0 = $39.48. Outcome B has an expected value of $49. Since $49 > $39.48, you should choose Outcome B. You are guaranteed to gain $49 with Outcome B, whereas with Outcome A, you only have a 26% chance of gaining $153 and a 74% chance of gaining nothing. The certainty of gaining $49 in Outcome B makes it the better choice compared to the uncertainty and lower expected value of Outcome A.",massA=9.59e-06 massB=1
p2,1220,10,dominant,0,111,138,1.0,1.2432,3,True,B,allenai/OLMo-2-1124-7B-Instruct,fewshot,none,1,1.0,0.99993,0,answer," Outcome B is better because it pays more money, $138 compared to $111.",massA=2.13e-06 massB=1
p2,139,4,gain,0,29,71,0.55,1.3466,4,False,A,allenai/OLMo-2-1124-7B-Instruct,fewshot,none,1,0.99964,0.99979,0,answer," The expected value of Term A is 0.55 * $71 + 0.45 * $0 = $38.85. The certain gain of Term B is $29. Since $29 < $38.85, you should choose Term A.",massA=0.999 massB=0.00036
p2,141,4,mixed,29,29,71,0.55,1.3466,0,False,A,allenai/OLMo-2-1124-7B-Instruct,fewshot,none,1,0.99997,0.99809,0,length_or_eos," With option A, you have a 55% chance to gain $42, which is a $11 profit. However, there's also a 45% chance to lose $29. So, your expected value with option A is $29 + 0.55 * $42 - 0.45 * $29 = $29 + $22.70 - $12.75 = $40.95. With option B, you keep your $29 with no change. Comparing the expected values, option A has an expected value of $40.95, while option B has an expected value of $29. Therefore, option A is preferable. The expected value of option A is $40.95.",massA=0.998 massB=3.2e-05
p2,482,16,neutral,0,139,234,0.6,1.0101,1,True,B,allenai/OLMo-2-1124-7B-Instruct,fewshot,none,1,8e-05,0.99997,0,answer," Arrangement A pays $139 for certain. Arrangement B pays $234 with 60% probability and $0 with 40% probability.
The expected value of Arrangement B is 0.6 * $234 + 0.4 * $0 = $140.4.
Since $139 < $140.4, the better choice is Arrangement A.",massA=1 massB=7.81e-05
p2,1148,38,neutral,0,183,609,0.38,1.2646,4,True,B,allenai/OLMo-2-1124-7B-Instruct,fewshot,none,1,0.99993,0.99989,0,answer," The expected value of Term B is 0.38 * $609 + 0.62 * $0 = $231.42. Since $231.42 > $183, the better choice is Term B.",massA=6.63e-05 massB=1
p2,394,13,neutral,0,72,88,0.64,0.7822,2,True,B,allenai/OLMo-2-1124-7B-Instruct,fewshot,none,1,1e-05,0.99999,0,answer," The expected value of Alternative B is $88 * 0.64 = $56.08. Since $72 is more than $56.08, Alternative A is better.",massA=1 massB=6.24e-06
p2,654,21,mixed,106,106,206,0.73,1.4187,2,True,B,allenai/OLMo-2-1124-7B-Instruct,fewshot,none,1,0.99982,0.99997,0,answer," With Alternative A, you keep your $106 with no change. With Alternative B, there is a 73% chance to gain $100 (total $206) and a 27% chance to lose $106. The expected value of Alternative B is (0.73 * $206) + (0.27 * -$106) = $150.51 - $28.42 = $122.09. Since $122.09 > $106, you should choose Alternative B for a higher expected value.",massA=0.00018 massB=1
p2,902,30,neutral,0,149,447,0.26,0.78,1,True,B,allenai/OLMo-2-1124-7B-Instruct,fewshot,none,1,9e-05,0.99995,0,answer," The expected value of arrangement B is 447 * 0.26 = $117.42. Since $149 is more than $117.42, you should take arrangement A.",massA=1 massB=9.39e-05
p2,330,11,neutral,0,54,68,0.81,1.02,0,True,B,allenai/OLMo-2-1124-7B-Instruct,fewshot,none,1,0.99996,0.99998,0,answer," The expected value of option B is $68 * 0.81 = $55.28. Since $55.28 > $54, option B is preferable.",massA=3.93e-05 massB=1
p2,939,31,neutral,0,51,151,0.29,0.8586,4,False,A,allenai/OLMo-2-1124-7B-Instruct,fewshot,none,1,5e-05,0.99996,0,answer," The expected value of Term A is 0.29 * $151 + 0.71 * $0 = $43.29. The expected value of Term B is $51. Since $43.29 < $51, the better choice is Term B.",massA=5.43e-05 massB=1
p2,1156,38,gain,0,183,609,0.38,1.2646,3,True,B,allenai/OLMo-2-1124-7B-Instruct,fewshot,none,1,1.0,0.99997,0,length_or_eos," The expected value of Outcome B is 0.38 * $609 + 0.62 * $0 = $231.82. The expected value of Outcome A is $183. Since $231.82 > $183, the better choice is Outcome B. The better choice is Outcome B with an expected value of $231.82.",massA=2.11e-06 massB=1
p2,262,8,mixed,62,62,263,0.33,1.3998,1,True,B,allenai/OLMo-2-1124-7B-Instruct,fewshot,none,1,4e-05,0.99999,0,answer," Arrangement B has a 33% chance to rise to $263, which is a gain of $201. The other outcome, 67% chance, results in a loss of $62. On average, the expected value of Arrangement B is (33% * $263) + (67% * $0) = $86.91. Since Arrangement A guarantees $62, the best choice is to stick with Arrangement A.",massA=1 massB=4.42e-05
p2,321,10,mixed,111,111,278,0.58,1.4526,0,False,A,allenai/OLMo-2-1124-7B-Instruct,fewshot,none,1,0.99974,0.99834,0,blank," With option A, you have a 58% chance to gain $167, which is a net gain of $167 - $111 = $56. There is also a 42% chance to lose $111, which is a net loss of $111. On average, you would gain $56 * 0.58 = $32.32. Thus, option A is preferable because you have a higher expected gain compared to keeping $111 with no change, which is $32.32 more. Therefore, the better option is A.",massA=0.998 massB=0.000258
p2,591,19,mixed,64,64,122,0.49,0.9341,0,False,A,allenai/OLMo-2-1124-7B-Instruct,fewshot,none,1,0.99991,0.99618,0,length_or_eos," With option A, you have a 49% chance to gain $58, which is a potential total of $132. However, there's also a 51% chance to lose all $64. So, your expected value with option A is $132 * 0.49 + $0 * 0.51 = $64.68. With option B, you keep your $64 with no change. Comparing the expected values, option A has an expected value of $64.68 while option B has an expected value of $64. Therefore, option A is the better choice since it has a higher expected value than option B. You should pick option A to potentially gain $58 with a 49% chance.",massA=0.996 massB=9.43e-05
p2,1041,34,mixed,52,52,96,0.63,1.1631,0,False,A,allenai/OLMo-2-1124-7B-Instruct,fewshot,none,1,0.99986,0.99137,0,answer," With option A, you have a 63% chance to gain $44, which is a net gain of $22. The 37% chance to lose $52 means you would be at a loss of $2. So, on average, you would gain $22 - $2 = $20. Keeping the $52 with no change means you do not risk losing any money. However, the expected value of option A is $52 + $20 = $72. Therefore, option A is preferable because it has a higher expected value than option B, which only guarantees $52.",massA=0.991 massB=0.000144
p2,1057,35,neutral,0,91,133,0.68,0.9938,3,False,A,allenai/OLMo-2-1124-7B-Instruct,fewshot,none,1,1e-05,1.0,0,answer," With outcome A, you expect to receive $133 * 0.68 = $90.04 on average. With outcome B, you receive $91 for certain. Since $91 is greater than $90.04, you should choose outcome B.",massA=8.04e-06 massB=1
p2,390,13,neutral,0,72,88,0.64,0.7822,0,True,B,allenai/OLMo-2-1124-7B-Instruct,fewshot,none,1,2e-05,1.0,0,answer," Option A pays $72 for certain. Option B has a 64% chance of paying $88 and a 36% chance of paying $0. The expected value of option B is $88 * 0.64 = $56.32. Since $72 is greater than $56.32, option A is preferable.",massA=1 massB=1.77e-05
p2,1023,34,neutral,0,52,96,0.63,1.1631,1,False,A,allenai/OLMo-2-1124-7B-Instruct,fewshot,none,1,6e-05,0.99999,0,answer, Arrangement A has an expected value of $96 * 0.63 + $0 * 0.37 = $60.48. Arrangement B pays $52 for certain.,massA=6.01e-05 massB=1
p2,257,8,gain,0,62,263,0.33,1.3998,3,False,A,allenai/OLMo-2-1124-7B-Instruct,fewshot,none,1,0.99998,0.99999,0,answer," The expected value of Outcome A is 0.33 * $263 + 0.67 * $0 = $86.91. The expected value of Outcome B is $62 for certain. Since $86.91 > $62, you should choose Outcome A.",massA=1 massB=1.96e-05
p2,1072,35,mixed,91,91,133,0.68,0.9938,1,True,B,allenai/OLMo-2-1124-7B-Instruct,fewshot,none,1,0.04435,0.99994,0,answer," Arrangement B has a 68% chance to rise to $133, which is a gain of $42. The worst-case scenario is losing $91, but since you already have $91, this is not a loss but rather no change. Thus, the expected value of Arrangement B is $133 * 0.68 + $0 * 0.32 = $90.64. Since Arrangement A leaves you with $91, which is the same as the initial amount, the expected value of Arrangement A is $91. The difference in expected value between Arrangement B and A is $90.64 - $91 = -$0.36. This means that, on average, you would be $0.36 worse off with Arrangement B compared to keeping your initial $91 with no change.",massA=0.956 massB=0.0443
p2,241,8,neutral,0,62,263,0.33,1.3998,0,False,A,allenai/OLMo-2-1124-7B-Instruct,fewshot,none,1,0.99997,0.99997,0,answer," With option A, you will get $263 with 33% probability which is $263 * 0.33 = $87.09 on average. The total average value is $87.09 + $0 = $87.09. Option B pays $62 for certain. Since $87.09 > $62, you should prefer option A.",massA=1 massB=3.45e-05
p2,288,9,gain,0,49,153,0.26,0.8118,4,True,B,allenai/OLMo-2-1124-7B-Instruct,fewshot,none,1,0.00032,0.99994,0,answer," Term A guarantees $49. Term B has an expected value of 0.26 * $153 + 0.74 * $0 = $39.18. Since $49 > $39.18, the best choice is Term A.",massA=1 massB=0.00032
p2,410,13,mixed,72,72,88,0.64,0.7822,0,True,B,allenai/OLMo-2-1124-7B-Instruct,fewshot,none,1,2e-05,0.99989,0,length_or_eos," With option A, you keep your $72 with no change. With option B, you have a 64% chance to gain $16, which is a potential total of $72 + $16 = $88. However, there's also a 36% chance to lose your $72, resulting in a net loss of $72. Considering the probabilities, the expected value of option B is $88 * 0.64 - $0 * 0.36 + $72 * 0.36 = $57.52. Since $57.52 is less than the $72 you have with option A, option A is the better choice. Therefore, the preferred option is A.",massA=1 massB=2.04e-05
p2,1053,35,neutral,0,91,133,0.68,0.9938,1,False,A,allenai/OLMo-2-1124-7B-Instruct,fewshot,none,1,5e-05,0.99999,0,answer, Arrangement A has an expected value of $133 * 0.68 + $0 * 0.32 = $90.64. Arrangement B pays $91 for certain.,massA=4.63e-05 massB=1
p2,1025,34,neutral,0,52,96,0.63,1.1631,2,False,A,allenai/OLMo-2-1124-7B-Instruct,fewshot,none,1,0.99999,0.99728,0,length_or_eos," With Alternative A, you will get $96 63% of the time, which is equivalent to 0.63 * $96 = $61.28. The expected value of Alternative A is $61.28. Since $61.28 > $52, you should choose Alternative A. The expected value is the sum of the products of each outcome and its probability. In this case, it's $96 * 0.63 + $0 * 0.37 = $61.28. Since you'll get $96 63% of the time, that's 0.63 * $96 = $61.28. The remaining 37% of the time, you'll get $0, which is 0.37 * $0 = $0. Adding these two amounts together gives you the expected value of $61.28. Since $61.28 is greater than $52, you should choose Alternative A. The expected value is the sum of each outcome's value multiplied by its probability. Here, it's $96 * 0.63 (probability of getting $96) + $0 * 0.37 (probability of getting $0). Calculating this gives $61.28, which is higher than the certain $52 from Option B. Therefore, you should choose Alternative A.",massA=0.997 massB=1.19e-05
p2,459,15,neutral,0,82,113,0.74,1.0198,4,False,A,allenai/OLMo-2-1124-7B-Instruct,fewshot,none,1,0.99882,0.99964,0,answer," With Term A, you have an expected value of 0.74 * $113 + 0.26 * $0 = $83.22. Since $83.22 > $82, you should choose Term A.",massA=0.998 massB=0.00118
p2,634,21,neutral,0,106,206,0.73,1.4187,2,True,B,allenai/OLMo-2-1124-7B-Instruct,fewshot,none,1,0.99999,0.99999,0,length_or_eos," The expected value of Alternative B is 0.73 * $206 + 0.27 * $0 = $150.09. Since $106 is less than $150.09, you should choose Alternative B. The higher expected value means you will have more money on average with Alternative B. The certainty of $106 is not worth more than the potential $44.91 more you could earn with Alternative B. The risk of getting $0 with 27% probability is acceptable for the chance to earn $206 with 73% probability. The higher expected value and the potential for a larger gain make Alternative B the better choice.",massA=8.77e-06 massB=1
p2,328,10,mixed,111,111,278,0.58,1.4526,4,True,B,allenai/OLMo-2-1124-7B-Instruct,fewshot,none,1,0.99974,0.99974,0,blank," The expected value of Term B is calculated as follows: (0.58 * $278) + (0.42 * $0) = $161.24. Since $161.24 is greater than the $111 you already have, taking Term B results in a higher expected value. Therefore, you should choose Term B.",massA=0.000256 massB=0.999
p2,144,4,mixed,29,29,71,0.55,1.3466,2,True,B,allenai/OLMo-2-1124-7B-Instruct,fewshot,none,1,2e-05,0.99998,0,answer," With Alternative A, you keep your $29 with no change. With Alternative B, you have a 55% chance to gain $42, which is a net gain of $11.55, and a 45% chance to lose $29, which is a net loss of $29. The expected value of Alternative B is (0.55 * $42) + (0.45 * -$29) = $23.10 - $12.85 = $10.25. Since $10.25 is less than $29, Alternative A is better than Alternative B.",massA=1 massB=1.88e-05
p2,596,19,mixed,64,64,122,0.49,0.9341,3,True,B,allenai/OLMo-2-1124-7B-Instruct,fewshot,none,1,0.99998,0.99997,0,length_or_eos," With outcome A, you keep your $64 with no change. With outcome B, you have a 49% chance to gain $58, which is a potential total of $122, and a 51% chance to lose $64, for a potential total of $0. The expected value of outcome B is (0.49 * $122) + (0.51 * $0) = $59.70. Since $59.70 is greater than $64, outcome B has a higher expected value than outcome A. Therefore, you should choose outcome B to maximize your expected earnings.",massA=1.53e-05 massB=1
p2,900,30,neutral,0,149,447,0.26,0.78,0,True,B,allenai/OLMo-2-1124-7B-Instruct,fewshot,none,1,0.00054,0.99989,0,answer," The expected value of option B is 0.26 * $447 + 0.74 * $0 = $117.42. Option A pays $149 for certain, which is more than the expected value of option B.",massA=0.999 massB=0.000544
p2,338,11,neutral,0,54,68,0.81,1.02,4,True,B,allenai/OLMo-2-1124-7B-Instruct,fewshot,none,1,0.99996,0.9999,0,answer," The expected value of Term B is 0.81 * $68 + 0.19 * $0 = $54.48. Since $54.48 > $54, you should choose Term B.",massA=3.59e-05 massB=1
p2,945,31,gain,0,51,151,0.29,0.8586,2,False,A,allenai/OLMo-2-1124-7B-Instruct,fewshot,none,1,0.00012,0.99998,0,answer," The expected value of Alternative A is 0.29 * $151 = $43.29. The expected value of Alternative B is $51. Since $51 > $43.29, you should select Alternative B, the certain gain of $51.",massA=0.000125 massB=1
p2,1082,36,neutral,0,98,227,0.47,1.0887,1,True,B,allenai/OLMo-2-1124-7B-Instruct,fewshot,none,1,2e-05,0.99999,0,answer," Arrangement A pays $98 for certain. Arrangement B has a 47% chance of paying $227 and a 53% chance of paying $0. The expected value of Arrangement B is 0.47 * $227 + 0.53 * $0 = $106.09. Since $98 is less than $106.09, the best choice is Arrangement A.",massA=1 massB=2.09e-05
p2,323,10,mixed,111,111,278,0.58,1.4526,1,False,A,allenai/OLMo-2-1124-7B-Instruct,fewshot,none,1,0.99995,0.99989,0,blank," With arrangement A, you have a 58% chance to gain $167, which is a net gain of $58. The other 42% chance results in a net loss of $111. On average, arrangement A yields a gain of $58 * 0.58 = $33.36. In contrast, arrangement B guarantees you to keep your $111. Therefore, arrangement A is the better choice because $33.36 > $0. Thus, you should take arrangement A.",massA=1 massB=5.5e-05
p2,912,30,gain,0,149,447,0.26,0.78,1,True,B,allenai/OLMo-2-1124-7B-Instruct,fewshot,none,1,4e-05,0.99999,0,answer," The expected value of arrangement B is 0.26 * $447 + 0.74 * $0 = $117.42. The certain gain from arrangement A is $149. Since $149 > $117.42, the better choice is arrangement A.",massA=1 massB=4.35e-05
p2,514,17,neutral,0,117,362,0.42,1.2995,2,True,B,allenai/OLMo-2-1124-7B-Instruct,fewshot,none,1,1e-05,0.99999,0,answer," The expected value of Alternative B is 0.42 * $362 + 0.58 * $0 = $152.04. Since $152.04 < $117, you would rather have Alternative A.",massA=1 massB=1.41e-05
p2,949,31,gain,0,51,151,0.29,0.8586,4,False,A,allenai/OLMo-2-1124-7B-Instruct,fewshot,none,1,0.00014,0.99994,0,answer," Term A has an expected value of 0.29 * $151 = $43.29. Term B pays $51 for certain. Since $51 > $43.29, the best choice is Term B.",massA=0.000141 massB=1
p2,148,4,mixed,29,29,71,0.55,1.3466,4,True,B,allenai/OLMo-2-1124-7B-Instruct,fewshot,none,1,0.99977,0.99991,0,answer," Term B has an expected value of (0.55 * $71) + (0.45 * $0) = $38.55. Term A has an expected value of $29. Therefore, Term B has an expected value $38.55 - $29 = $9.55 higher than Term A. So, you should take Term B.",massA=0.000226 massB=1
p2,1074,35,mixed,91,91,133,0.68,0.9938,2,True,B,allenai/OLMo-2-1124-7B-Instruct,fewshot,none,1,3e-05,0.99998,0,answer," With Alternative A, you keep your $91 with no change. With Alternative B, you have a 68% chance to gain $42, which is a net gain of $42 - $91 = -$49. However, there is also a 32% chance to lose $91, which is a net loss of $91. Overall, the expected value of Alternative B is $42 * 0.68 + (-$91 * 0.32) = $28.16 - $29.12 = -$0.96. Since -$0.96 is less than $0, Alternative A is better than Alternative B.",massA=1 massB=2.62e-05
p2,206,6,mixed,94,94,101,0.71,0.7629,3,True,B,allenai/OLMo-2-1124-7B-Instruct,fewshot,none,1,4e-05,0.99979,0,length_or_eos," Keeping the $94 guarantees you will have $94. With outcome B, you have a 71% chance to gain $7, which is a $7 potential gain. However, there is also a 29% chance to lose $94, which is a $94 potential loss. The expected value of outcome B is $7 * 0.71 + (-$94 * 0.29) = $4.97 - $27.06 = -$22.09. Since -$22.09 is less than $0, outcome B has a negative expected value, meaning you are expected to lose money. Therefore, the best choice is to keep your $94 with no change, as it guarantees you will have at least $94, which is more than the expected value of outcome B.",massA=1 massB=4.42e-05
p2,1169,38,mixed,183,183,609,0.38,1.2646,4,False,A,allenai/OLMo-2-1124-7B-Instruct,fewshot,none,1,0.99938,0.99878,0,length_or_eos," Term A has an expected value of $426 * 0.38 + $0 * 0.62 = $161.52. Keeping Term B means you keep your $183. Thus, the better choice is Term A, as it has an expected value of $161.52, which is greater than the $183 you would keep with Term B.",massA=0.998 massB=0.000616
p2,605,20,neutral,0,186,266,0.63,0.901,2,False,A,allenai/OLMo-2-1124-7B-Instruct,fewshot,none,1,1.0,1.0,0,length_or_eos," With Alternative A, you will get $266 with 63% probability which is $266 * 0.63 = $169.08 on average. So, you will get $169.08 with 63% probability and $0 with 37% probability. This is equivalent to $169.08 / 1 = $169.08 with 100% probability. Since $169.08 is greater than $186, you would rather have Alternative A. The answer is A.",massA=1 massB=1.15e-06
p2,489,16,neutral,0,139,234,0.6,1.0101,4,False,A,allenai/OLMo-2-1124-7B-Instruct,fewshot,none,1,0.99966,0.99989,0,length_or_eos," With Term A, you have an expected value of 0.60 * $234 + 0.40 * $0 = $140.40. Since $140.40 is greater than $139, you should choose Term A. You should take Term A.",massA=1 massB=0.000341
p2,252,8,gain,0,62,263,0.33,1.3998,1,True,B,allenai/OLMo-2-1124-7B-Instruct,fewshot,none,1,0.99999,0.99999,0,blank," The expected value of arrangement B is 0.33 * $263 + 0.67 * $0 = $86.01. The certain gain from arrangement A is $62. Since $62 is less than $86.01, arrangement B has a higher expected value. Therefore, you should take arrangement B.",massA=8.17e-06 massB=1
p2,400,13,gain,0,72,88,0.64,0.7822,0,True,B,allenai/OLMo-2-1124-7B-Instruct,fewshot,none,1,3e-05,1.0,0,answer," The expected value of option B is 0.64 * $88 + 0.36 * $0 = $56.48. The expected value of option A is $72. Since $72 > $56.48, you prefer option A.",massA=1 massB=3.26e-05
p2,417,13,mixed,72,72,88,0.64,0.7822,3,False,A,allenai/OLMo-2-1124-7B-Instruct,fewshot,none,1,2e-05,0.99883,0,length_or_eos," With outcome A, you have a 64% chance to gain $16, which is a net gain of $6.36. However, there's also a 36% chance to lose $72, which is a net loss of $72. So, the expected value of outcome A is $6.36 + (-$72) = -$55.64. Since keeping $72 with no change has an expected value of $72, outcome B is the better choice. The expected value of outcome A is -$55.64. The expected value of outcome B is $72. Therefore, you should choose outcome B. The expected value of outcome A is -$55.64. The expected value of outcome B is $72. Therefore, you should choose outcome B.",massA=1.88e-05 massB=0.999
p2,1064,35,gain,0,91,133,0.68,0.9938,2,True,B,allenai/OLMo-2-1124-7B-Instruct,fewshot,none,1,1e-05,0.99999,0,length_or_eos," The expected value of Alternative B is 0.68 * $133 + 0.32 * $0 = $90.64. The expected value of Alternative A is $91. Since $91 > $90.64, you should select Alternative A. The expected value is a mathematical expectation that accounts for all possible outcomes. In this case, it helps compare the average amount of money you could expect from each alternative. Since Alternative A guarantees $91, while Alternative B has an expected value of $90.64, but with the risk of getting nothing, the safer choice is Alternative A. The certainty of gaining $91 is more valuable than the expected value of $90.64 with the risk of getting nothing.",massA=1 massB=9.1e-06
p2,247,8,neutral,0,62,263,0.33,1.3998,3,False,A,allenai/OLMo-2-1124-7B-Instruct,fewshot,none,1,1e-05,0.99999,0,answer," The expected value of Outcome A is 263 * 0.33 + 0 * 0.67 = $86.91. The expected value of Outcome B is $62. Since $62 is less than $86.91, you should choose Outcome B.",massA=1.38e-05 massB=1
p2,1094,36,gain,0,98,227,0.47,1.0887,2,True,B,allenai/OLMo-2-1124-7B-Instruct,fewshot,none,1,1e-05,1.0,0,length_or_eos," First calculate the expected value of Alternative B which is 0.47 * $227 + 0.53 * $0 = $106.09. Since $106.09 is less than the certain gain of $98 from Alternative A, the best choice is Alternative A. You are guaranteed to get $98 with Alternative A, whereas with Alternative B, your expected value is only $106.09, which is not as certain and less than $98. Therefore, you should select Alternative A.",massA=1 massB=5.67e-06
p2,353,11,mixed,54,54,68,0.81,1.02,1,False,A,allenai/OLMo-2-1124-7B-Instruct,fewshot,none,1,7e-05,0.99997,0,length_or_eos," With arrangement A, you have a 81% chance to gain $14 for a total of $68, and a 19% chance to lose $54 for a total of $0. The expected value of arrangement A is (0.81 * $14) + (0.19 * $0) = $11.54. With arrangement B, you keep your $54 with no change. Comparing the expected values, arrangement A has an expected value of $11.54, while arrangement B has a guaranteed $54. Since $54 is greater than $11.54, you should choose arrangement B.",massA=6.61e-05 massB=1
p2,1221,10,dominant,0,111,138,1.0,1.2432,4,False,A,allenai/OLMo-2-1124-7B-Instruct,fewshot,none,1,0.99976,0.99999,0,answer, Term A pays $138 for certain. Term B pays $111 for certain.,massA=1 massB=0.00024
p2,349,11,gain,0,54,68,0.81,1.02,4,False,A,allenai/OLMo-2-1124-7B-Instruct,fewshot,none,1,0.99976,0.99964,0,answer," First calculate the expected value of Term A: 81% * $68 + 19% * $0 = $55.28. Then compare this to the certain gain of $54 from Term B. Since $55.28 > $54, the better choice is Term A.",massA=0.999 massB=0.00024
p2,474,15,mixed,82,82,113,0.74,1.0198,2,True,B,allenai/OLMo-2-1124-7B-Instruct,fewshot,none,1,0.99979,0.99998,0,length_or_eos," With Alternative A, you keep your $82 with no change. With Alternative B, you have a 74% chance to gain $31, which is a potential total of $113. However, there is also a 26% chance to lose $82, resulting in a net loss of $58. On average, the expected value of Alternative B is (0.74 * $113) + (0.26 * -$82) = $82.62 - $21.52 = $61.10. Since $61.10 is more than the $82 you have, Alternative B is the better choice.",massA=0.000206 massB=1
p2,499,16,gain,0,139,234,0.6,1.0101,4,False,A,allenai/OLMo-2-1124-7B-Instruct,fewshot,none,1,0.99991,0.99986,0,answer," Term A has an expected value of 0.6 * 234 = $140.4. Term B has an expected value of $139. Since $140.4 > $139, the better choice is Term A.",massA=1 massB=9.46e-05
p2,333,11,neutral,0,54,68,0.81,1.02,1,False,A,allenai/OLMo-2-1124-7B-Instruct,fewshot,none,1,0.00046,0.99999,0,answer, Arrangement A has an expected value of $68 * 0.81 + $0 * 0.19 = $55.08. Arrangement B pays $54 for certain.,massA=0.000458 massB=1
p2,392,13,neutral,0,72,88,0.64,0.7822,1,True,B,allenai/OLMo-2-1124-7B-Instruct,fewshot,none,1,2e-05,0.99999,0,answer," Arrangement A pays $72 for certain. Arrangement B has a 64% chance of paying $88 and a 36% chance of paying $0. The expected value of Arrangement B is 0.64 * $88 + 0.36 * $0 = $56.32. Since $72 is greater than $56.32, the best choice is Arrangement A.",massA=1 massB=2.09e-05
p2,265,8,mixed,62,62,263,0.33,1.3998,2,False,A,allenai/OLMo-2-1124-7B-Instruct,fewshot,none,1,0.99987,0.99979,0,length_or_eos," In Alternative A, you have a 33% chance to gain $201, which is a potential gain of $201. However, there is also a 67% chance to lose $62. The expected value of Alternative A is $62 + 0.33 * $201 - 0.67 * $62 = $62 + $66.33 - $41.34 = $85.99. In comparison, Alternative B guarantees you to keep $62. Therefore, considering the expected value, you should select Alternative A.",massA=1 massB=0.000129
p2,932,31,neutral,0,51,151,0.29,0.8586,1,True,B,allenai/OLMo-2-1124-7B-Instruct,fewshot,none,1,7e-05,0.99998,0,answer," The expected value of arrangement B is 0.29 * $151 + 0.71 * $0 = $43.29. Since $51 > $43.29, arrangement A is the better choice.",massA=1 massB=7.48e-05
p2,209,6,mixed,94,94,101,0.71,0.7629,4,False,A,allenai/OLMo-2-1124-7B-Instruct,fewshot,none,1,0.00028,0.99976,0,blank," Term A has an expected value of (0.71 * $101) + (0.29 * $0) = $71 + $0 = $71. The certainty of keeping $94 with Term B means that you should choose Term B, as $94 is more than $71. Therefore, the best choice is Term B.",massA=0.000277 massB=0.999
