instrument,trial_id,gamble_id,frame,anchor,sure,hi,p,ev_ratio,template_id,safe_first,gamble_letter,model,fmt,induce,reason,p_gamble,ab_mass,excluded,reason_ended,reasoning,note,induce_position,sample,temperature
p1,247,24,risk,0,168,214,0.76,0.9681,3,False,A,allenai/OLMo-2-1124-7B-Instruct,fewshot,riskneutral,0,0.98102,0.7658,0,,,massA=0.751 massB=0.0145,after,0,0.0
p1,283,28,risk,0,132,181,0.76,1.0421,1,False,A,allenai/OLMo-2-1124-7B-Instruct,fewshot,riskneutral,0,0.99193,0.00862,1,,,massA=0.00855 massB=6.95e-05,after,0,0.0
p1,208,20,risk,0,186,266,0.63,0.901,4,True,B,allenai/OLMo-2-1124-7B-Instruct,fewshot,riskneutral,0,0.99385,0.7225,0,,,massA=0.00444 massB=0.718,after,0,0.0
p1,232,23,risk,0,91,626,0.23,1.5822,1,True,B,allenai/OLMo-2-1124-7B-Instruct,fewshot,riskneutral,0,0.99758,0.0986,1,,,massA=0.000238 massB=0.0984,after,0,0.0
p1,267,26,risk,0,59,151,0.36,0.9214,3,False,A,allenai/OLMo-2-1124-7B-Instruct,fewshot,riskneutral,0,0.91611,0.63963,0,,,massA=0.586 massB=0.0537,after,0,0.0
p1,80,8,risk,0,62,263,0.33,1.3998,0,True,B,allenai/OLMo-2-1124-7B-Instruct,fewshot,riskneutral,0,0.99351,0.92472,0,,,massA=0.006 massB=0.919,after,0,0.0
p1,97,9,risk,0,49,153,0.26,0.8118,3,False,A,allenai/OLMo-2-1124-7B-Instruct,fewshot,riskneutral,0,0.77864,0.57617,0,,,massA=0.449 massB=0.128,after,0,0.0
p1,265,26,risk,0,59,151,0.36,0.9214,2,False,A,allenai/OLMo-2-1124-7B-Instruct,fewshot,riskneutral,0,0.98516,0.86996,0,,,massA=0.857 massB=0.0129,after,0,0.0
p1,223,22,risk,0,81,163,0.72,1.4489,1,False,A,allenai/OLMo-2-1124-7B-Instruct,fewshot,riskneutral,0,0.99142,0.00894,1,,,massA=0.00886 massB=7.67e-05,after,0,0.0
p1,12,1,risk,0,58,116,0.66,1.32,1,True,B,allenai/OLMo-2-1124-7B-Instruct,fewshot,riskneutral,0,0.99785,0.11238,1,,,massA=0.000241 massB=0.112,after,0,0.0
p1,211,21,risk,0,106,206,0.73,1.4187,0,False,A,allenai/OLMo-2-1124-7B-Instruct,fewshot,riskneutral,0,0.83004,0.84449,0,,,massA=0.701 massB=0.144,after,0,0.0
p1,298,29,risk,0,79,81,0.83,0.851,4,True,B,allenai/OLMo-2-1124-7B-Instruct,fewshot,riskneutral,0,0.98256,0.65499,0,,,massA=0.0114 massB=0.644,after,0,0.0
p1,259,25,risk,0,124,207,0.76,1.2687,4,False,A,allenai/OLMo-2-1124-7B-Instruct,fewshot,riskneutral,0,0.9466,0.44501,0,,,massA=0.421 massB=0.0238,after,0,0.0
p1,87,8,risk,0,62,263,0.33,1.3998,3,False,A,allenai/OLMo-2-1124-7B-Instruct,fewshot,riskneutral,0,0.83655,0.59262,0,,,massA=0.496 massB=0.0969,after,0,0.0
p1,32,3,risk,0,46,158,0.33,1.1335,1,True,B,allenai/OLMo-2-1124-7B-Instruct,fewshot,riskneutral,0,0.99708,0.15485,1,,,massA=0.000453 massB=0.154,after,0,0.0
p1,276,27,risk,0,166,433,0.53,1.3825,3,True,B,allenai/OLMo-2-1124-7B-Instruct,fewshot,riskneutral,0,0.99939,0.97923,0,,,massA=0.000599 massB=0.979,after,0,0.0
p1,287,28,risk,0,132,181,0.76,1.0421,3,False,A,allenai/OLMo-2-1124-7B-Instruct,fewshot,riskneutral,0,0.98951,0.6262,0,,,massA=0.62 massB=0.00657,after,0,0.0
p1,367,36,risk,0,98,227,0.47,1.0887,3,False,A,allenai/OLMo-2-1124-7B-Instruct,fewshot,riskneutral,0,0.65135,0.71238,0,,,massA=0.464 massB=0.248,after,0,0.0
p1,355,35,risk,0,91,133,0.68,0.9938,2,False,A,allenai/OLMo-2-1124-7B-Instruct,fewshot,riskneutral,0,0.99801,0.90348,0,,,massA=0.902 massB=0.0018,after,0,0.0
p1,126,12,risk,0,164,541,0.38,1.2535,3,True,B,allenai/OLMo-2-1124-7B-Instruct,fewshot,riskneutral,0,0.99932,0.97806,0,,,massA=0.000668 massB=0.977,after,0,0.0
p1,36,3,risk,0,46,158,0.33,1.1335,3,True,B,allenai/OLMo-2-1124-7B-Instruct,fewshot,riskneutral,0,0.99879,0.98977,0,,,massA=0.00119 massB=0.989,after,0,0.0
p1,245,24,risk,0,168,214,0.76,0.9681,2,False,A,allenai/OLMo-2-1124-7B-Instruct,fewshot,riskneutral,0,0.99932,0.94587,0,,,massA=0.945 massB=0.000641,after,0,0.0
p1,177,17,risk,0,117,362,0.42,1.2995,3,False,A,allenai/OLMo-2-1124-7B-Instruct,fewshot,riskneutral,0,0.40544,0.71214,0,,,massA=0.289 massB=0.423,after,0,0.0
p1,133,13,risk,0,72,88,0.64,0.7822,1,False,A,allenai/OLMo-2-1124-7B-Instruct,fewshot,riskneutral,0,0.91787,0.05559,1,,,massA=0.051 massB=0.00457,after,0,0.0
p1,312,31,risk,0,51,151,0.29,0.8586,1,True,B,allenai/OLMo-2-1124-7B-Instruct,fewshot,riskneutral,0,0.99732,0.2092,0,,,massA=0.000561 massB=0.209,after,0,0.0
p1,221,22,risk,0,81,163,0.72,1.4489,0,False,A,allenai/OLMo-2-1124-7B-Instruct,fewshot,riskneutral,0,0.85391,0.87243,0,,,massA=0.745 massB=0.127,after,0,0.0
p1,280,28,risk,0,132,181,0.76,1.0421,0,True,B,allenai/OLMo-2-1124-7B-Instruct,fewshot,riskneutral,0,0.99854,0.94735,0,,,massA=0.00138 massB=0.946,after,0,0.0
p1,164,16,risk,0,139,234,0.6,1.0101,2,True,B,allenai/OLMo-2-1124-7B-Instruct,fewshot,riskneutral,0,0.99692,0.94666,0,,,massA=0.00291 massB=0.944,after,0,0.0
p1,124,12,risk,0,164,541,0.38,1.2535,2,True,B,allenai/OLMo-2-1124-7B-Instruct,fewshot,riskneutral,0,0.99764,0.93435,0,,,massA=0.0022 massB=0.932,after,0,0.0
p1,332,33,risk,0,142,446,0.53,1.6646,1,True,B,allenai/OLMo-2-1124-7B-Instruct,fewshot,riskneutral,0,0.99537,0.1288,1,,,massA=0.000596 massB=0.128,after,0,0.0
p1,226,22,risk,0,81,163,0.72,1.4489,3,True,B,allenai/OLMo-2-1124-7B-Instruct,fewshot,riskneutral,0,0.99967,0.98593,0,,,massA=0.000326 massB=0.986,after,0,0.0
p1,391,39,risk,0,178,567,0.32,1.0193,0,False,A,allenai/OLMo-2-1124-7B-Instruct,fewshot,riskneutral,0,0.76908,0.88113,0,,,massA=0.678 massB=0.203,after,0,0.0
p1,81,8,risk,0,62,263,0.33,1.3998,0,False,A,allenai/OLMo-2-1124-7B-Instruct,fewshot,riskneutral,0,0.76065,0.8669,0,,,massA=0.659 massB=0.207,after,0,0.0
p1,71,7,risk,0,63,98,0.64,0.9956,0,False,A,allenai/OLMo-2-1124-7B-Instruct,fewshot,riskneutral,0,0.78133,0.8235,0,,,massA=0.643 massB=0.18,after,0,0.0
p1,17,1,risk,0,58,116,0.66,1.32,3,False,A,allenai/OLMo-2-1124-7B-Instruct,fewshot,riskneutral,0,0.96351,0.80518,0,,,massA=0.776 massB=0.0294,after,0,0.0
p1,236,23,risk,0,91,626,0.23,1.5822,3,True,B,allenai/OLMo-2-1124-7B-Instruct,fewshot,riskneutral,0,0.99924,0.98081,0,,,massA=0.000741 massB=0.98,after,0,0.0
p1,206,20,risk,0,186,266,0.63,0.901,3,True,B,allenai/OLMo-2-1124-7B-Instruct,fewshot,riskneutral,0,0.99938,0.98728,0,,,massA=0.000609 massB=0.987,after,0,0.0
p1,68,6,risk,0,94,101,0.71,0.7629,4,True,B,allenai/OLMo-2-1124-7B-Instruct,fewshot,riskneutral,0,0.99431,0.74268,0,,,massA=0.00422 massB=0.738,after,0,0.0
p1,337,33,risk,0,142,446,0.53,1.6646,3,False,A,allenai/OLMo-2-1124-7B-Instruct,fewshot,riskneutral,0,0.35756,0.83288,0,,,massA=0.298 massB=0.535,after,0,0.0
p1,44,4,risk,0,29,71,0.55,1.3466,2,True,B,allenai/OLMo-2-1124-7B-Instruct,fewshot,riskneutral,0,0.99155,0.96343,0,,,massA=0.00814 massB=0.955,after,0,0.0
p1,188,18,risk,0,41,61,0.58,0.8629,4,True,B,allenai/OLMo-2-1124-7B-Instruct,fewshot,riskneutral,0,0.9816,0.74097,0,,,massA=0.0136 massB=0.727,after,0,0.0
p1,354,35,risk,0,91,133,0.68,0.9938,2,True,B,allenai/OLMo-2-1124-7B-Instruct,fewshot,riskneutral,0,0.99841,0.96555,0,,,massA=0.00153 massB=0.964,after,0,0.0
p1,210,21,risk,0,106,206,0.73,1.4187,0,True,B,allenai/OLMo-2-1124-7B-Instruct,fewshot,riskneutral,0,0.99675,0.92683,0,,,massA=0.00301 massB=0.924,after,0,0.0
p1,60,6,risk,0,94,101,0.71,0.7629,0,True,B,allenai/OLMo-2-1124-7B-Instruct,fewshot,riskneutral,0,0.99782,0.93937,0,,,massA=0.00205 massB=0.937,after,0,0.0
p1,70,7,risk,0,63,98,0.64,0.9956,0,True,B,allenai/OLMo-2-1124-7B-Instruct,fewshot,riskneutral,0,0.99697,0.94647,0,,,massA=0.00287 massB=0.944,after,0,0.0
p1,273,27,risk,0,166,433,0.53,1.3825,1,False,A,allenai/OLMo-2-1124-7B-Instruct,fewshot,riskneutral,0,0.98549,0.03102,1,,,massA=0.0306 massB=0.00045,after,0,0.0
p1,174,17,risk,0,117,362,0.42,1.2995,2,True,B,allenai/OLMo-2-1124-7B-Instruct,fewshot,riskneutral,0,0.99553,0.93818,0,,,massA=0.00419 massB=0.934,after,0,0.0
p1,100,10,risk,0,111,278,0.58,1.4526,0,True,B,allenai/OLMo-2-1124-7B-Instruct,fewshot,riskneutral,0,0.99583,0.91157,0,,,massA=0.0038 massB=0.908,after,0,0.0
p1,176,17,risk,0,117,362,0.42,1.2995,3,True,B,allenai/OLMo-2-1124-7B-Instruct,fewshot,riskneutral,0,0.99854,0.97557,0,,,massA=0.00142 massB=0.974,after,0,0.0
p1,272,27,risk,0,166,433,0.53,1.3825,1,True,B,allenai/OLMo-2-1124-7B-Instruct,fewshot,riskneutral,0,0.99682,0.12375,1,,,massA=0.000394 massB=0.123,after,0,0.0
p1,149,14,risk,0,81,201,0.68,1.6874,4,False,A,allenai/OLMo-2-1124-7B-Instruct,fewshot,riskneutral,0,0.87663,0.50774,0,,,massA=0.445 massB=0.0626,after,0,0.0
p1,294,29,risk,0,79,81,0.83,0.851,2,True,B,allenai/OLMo-2-1124-7B-Instruct,fewshot,riskneutral,0,0.99768,0.97771,0,,,massA=0.00227 massB=0.975,after,0,0.0
p1,385,38,risk,0,183,609,0.38,1.2646,2,False,A,allenai/OLMo-2-1124-7B-Instruct,fewshot,riskneutral,0,0.98013,0.92399,0,,,massA=0.906 massB=0.0184,after,0,0.0
p1,64,6,risk,0,94,101,0.71,0.7629,2,True,B,allenai/OLMo-2-1124-7B-Instruct,fewshot,riskneutral,0,0.99675,0.95042,0,,,massA=0.00309 massB=0.947,after,0,0.0
p1,241,24,risk,0,168,214,0.76,0.9681,0,False,A,allenai/OLMo-2-1124-7B-Instruct,fewshot,riskneutral,0,0.88953,0.89368,0,,,massA=0.795 massB=0.0987,after,0,0.0
p1,37,3,risk,0,46,158,0.33,1.1335,3,False,A,allenai/OLMo-2-1124-7B-Instruct,fewshot,riskneutral,0,0.76488,0.64277,0,,,massA=0.492 massB=0.151,after,0,0.0
p1,198,19,risk,0,64,122,0.49,0.9341,4,True,B,allenai/OLMo-2-1124-7B-Instruct,fewshot,riskneutral,0,0.97951,0.65807,0,,,massA=0.0135 massB=0.645,after,0,0.0
p1,216,21,risk,0,106,206,0.73,1.4187,3,True,B,allenai/OLMo-2-1124-7B-Instruct,fewshot,riskneutral,0,0.99932,0.98625,0,,,massA=0.000673 massB=0.986,after,0,0.0
p1,360,36,risk,0,98,227,0.47,1.0887,0,True,B,allenai/OLMo-2-1124-7B-Instruct,fewshot,riskneutral,0,0.9967,0.93409,0,,,massA=0.00308 massB=0.931,after,0,0.0
p1,254,25,risk,0,124,207,0.76,1.2687,2,True,B,allenai/OLMo-2-1124-7B-Instruct,fewshot,riskneutral,0,0.99792,0.94696,0,,,massA=0.00197 massB=0.945,after,0,0.0
p1,258,25,risk,0,124,207,0.76,1.2687,4,True,B,allenai/OLMo-2-1124-7B-Instruct,fewshot,riskneutral,0,0.99509,0.62486,0,,,massA=0.00307 massB=0.622,after,0,0.0
p1,377,37,risk,0,151,252,0.68,1.1348,3,False,A,allenai/OLMo-2-1124-7B-Instruct,fewshot,riskneutral,0,0.9722,0.68065,0,,,massA=0.662 massB=0.0189,after,0,0.0
p1,120,12,risk,0,164,541,0.38,1.2535,0,True,B,allenai/OLMo-2-1124-7B-Instruct,fewshot,riskneutral,0,0.99643,0.90462,0,,,massA=0.00323 massB=0.901,after,0,0.0
p1,389,38,risk,0,183,609,0.38,1.2646,4,False,A,allenai/OLMo-2-1124-7B-Instruct,fewshot,riskneutral,0,0.64601,0.5848,0,,,massA=0.378 massB=0.207,after,0,0.0
p1,281,28,risk,0,132,181,0.76,1.0421,0,False,A,allenai/OLMo-2-1124-7B-Instruct,fewshot,riskneutral,0,0.90926,0.82223,0,,,massA=0.748 massB=0.0746,after,0,0.0
p1,260,26,risk,0,59,151,0.36,0.9214,0,True,B,allenai/OLMo-2-1124-7B-Instruct,fewshot,riskneutral,0,0.9972,0.94879,0,,,massA=0.00266 massB=0.946,after,0,0.0
p1,146,14,risk,0,81,201,0.68,1.6874,3,True,B,allenai/OLMo-2-1124-7B-Instruct,fewshot,riskneutral,0,0.99966,0.98618,0,,,massA=0.000337 massB=0.986,after,0,0.0
p1,179,17,risk,0,117,362,0.42,1.2995,4,False,A,allenai/OLMo-2-1124-7B-Instruct,fewshot,riskneutral,0,0.59266,0.59733,0,,,massA=0.354 massB=0.243,after,0,0.0
p1,271,27,risk,0,166,433,0.53,1.3825,0,False,A,allenai/OLMo-2-1124-7B-Instruct,fewshot,riskneutral,0,0.82446,0.87697,0,,,massA=0.723 massB=0.154,after,0,0.0
p1,264,26,risk,0,59,151,0.36,0.9214,2,True,B,allenai/OLMo-2-1124-7B-Instruct,fewshot,riskneutral,0,0.99792,0.96911,0,,,massA=0.00202 massB=0.967,after,0,0.0
p1,290,29,risk,0,79,81,0.83,0.851,0,True,B,allenai/OLMo-2-1124-7B-Instruct,fewshot,riskneutral,0,0.99685,0.93761,0,,,massA=0.00295 massB=0.935,after,0,0.0
p1,343,34,risk,0,52,96,0.63,1.1631,1,False,A,allenai/OLMo-2-1124-7B-Instruct,fewshot,riskneutral,0,0.95057,0.01853,1,,,massA=0.0176 massB=0.000916,after,0,0.0
p1,286,28,risk,0,132,181,0.76,1.0421,3,True,B,allenai/OLMo-2-1124-7B-Instruct,fewshot,riskneutral,0,0.99952,0.98844,0,,,massA=0.000471 massB=0.988,after,0,0.0
p1,51,5,risk,0,162,381,0.46,1.0819,0,False,A,allenai/OLMo-2-1124-7B-Instruct,fewshot,riskneutral,0,0.89029,0.86195,0,,,massA=0.767 massB=0.0946,after,0,0.0
p1,252,25,risk,0,124,207,0.76,1.2687,1,True,B,allenai/OLMo-2-1124-7B-Instruct,fewshot,riskneutral,0,0.99632,0.11261,1,,,massA=0.000414 massB=0.112,after,0,0.0
p1,107,10,risk,0,111,278,0.58,1.4526,3,False,A,allenai/OLMo-2-1124-7B-Instruct,fewshot,riskneutral,0,0.76064,0.68886,0,,,massA=0.524 massB=0.165,after,0,0.0
p1,173,17,risk,0,117,362,0.42,1.2995,1,False,A,allenai/OLMo-2-1124-7B-Instruct,fewshot,riskneutral,0,0.91785,0.02273,1,,,massA=0.0209 massB=0.00187,after,0,0.0
p1,382,38,risk,0,183,609,0.38,1.2646,1,True,B,allenai/OLMo-2-1124-7B-Instruct,fewshot,riskneutral,0,0.99643,0.0937,1,,,massA=0.000334 massB=0.0934,after,0,0.0
p1,59,5,risk,0,162,381,0.46,1.0819,4,False,A,allenai/OLMo-2-1124-7B-Instruct,fewshot,riskneutral,0,0.90053,0.53371,0,,,massA=0.481 massB=0.0531,after,0,0.0
p1,330,33,risk,0,142,446,0.53,1.6646,0,True,B,allenai/OLMo-2-1124-7B-Instruct,fewshot,riskneutral,0,0.99331,0.87837,0,,,massA=0.00588 massB=0.872,after,0,0.0
p1,317,31,risk,0,51,151,0.29,0.8586,3,False,A,allenai/OLMo-2-1124-7B-Instruct,fewshot,riskneutral,0,0.95362,0.60727,0,,,massA=0.579 massB=0.0282,after,0,0.0
p1,99,9,risk,0,49,153,0.26,0.8118,4,False,A,allenai/OLMo-2-1124-7B-Instruct,fewshot,riskneutral,0,0.50976,0.5334,0,,,massA=0.272 massB=0.261,after,0,0.0
p1,308,30,risk,0,149,447,0.26,0.78,4,True,B,allenai/OLMo-2-1124-7B-Instruct,fewshot,riskneutral,0,0.9956,0.65033,0,,,massA=0.00286 massB=0.647,after,0,0.0
p1,54,5,risk,0,162,381,0.46,1.0819,2,True,B,allenai/OLMo-2-1124-7B-Instruct,fewshot,riskneutral,0,0.99641,0.94407,0,,,massA=0.00339 massB=0.941,after,0,0.0
p1,350,35,risk,0,91,133,0.68,0.9938,0,True,B,allenai/OLMo-2-1124-7B-Instruct,fewshot,riskneutral,0,0.99879,0.96513,0,,,massA=0.00116 massB=0.964,after,0,0.0
p1,194,19,risk,0,64,122,0.49,0.9341,2,True,B,allenai/OLMo-2-1124-7B-Instruct,fewshot,riskneutral,0,0.99596,0.96381,0,,,massA=0.00389 massB=0.96,after,0,0.0
p1,39,3,risk,0,46,158,0.33,1.1335,4,False,A,allenai/OLMo-2-1124-7B-Instruct,fewshot,riskneutral,0,0.54867,0.57726,0,,,massA=0.317 massB=0.261,after,0,0.0
p1,230,23,risk,0,91,626,0.23,1.5822,0,True,B,allenai/OLMo-2-1124-7B-Instruct,fewshot,riskneutral,0,0.99583,0.92349,0,,,massA=0.00385 massB=0.92,after,0,0.0
p1,53,5,risk,0,162,381,0.46,1.0819,1,False,A,allenai/OLMo-2-1124-7B-Instruct,fewshot,riskneutral,0,0.98954,0.02897,1,,,massA=0.0287 massB=0.000303,after,0,0.0
p1,250,25,risk,0,124,207,0.76,1.2687,0,True,B,allenai/OLMo-2-1124-7B-Instruct,fewshot,riskneutral,0,0.998,0.94753,0,,,massA=0.0019 massB=0.946,after,0,0.0
p1,90,9,risk,0,49,153,0.26,0.8118,0,True,B,allenai/OLMo-2-1124-7B-Instruct,fewshot,riskneutral,0,0.99612,0.95186,0,,,massA=0.0037 massB=0.948,after,0,0.0
p1,48,4,risk,0,29,71,0.55,1.3466,4,True,B,allenai/OLMo-2-1124-7B-Instruct,fewshot,riskneutral,0,0.97344,0.49994,0,,,massA=0.0133 massB=0.487,after,0,0.0
p1,251,25,risk,0,124,207,0.76,1.2687,0,False,A,allenai/OLMo-2-1124-7B-Instruct,fewshot,riskneutral,0,0.83868,0.86264,0,,,massA=0.723 massB=0.139,after,0,0.0
p1,102,10,risk,0,111,278,0.58,1.4526,1,True,B,allenai/OLMo-2-1124-7B-Instruct,fewshot,riskneutral,0,0.99698,0.11345,1,,,massA=0.000342 massB=0.113,after,0,0.0
p1,328,32,risk,0,131,236,0.57,1.0269,4,True,B,allenai/OLMo-2-1124-7B-Instruct,fewshot,riskneutral,0,0.99605,0.71051,0,,,massA=0.0028 massB=0.708,after,0,0.0
p1,109,10,risk,0,111,278,0.58,1.4526,4,False,A,allenai/OLMo-2-1124-7B-Instruct,fewshot,riskneutral,0,0.78793,0.5361,0,,,massA=0.422 massB=0.114,after,0,0.0
p1,261,26,risk,0,59,151,0.36,0.9214,0,False,A,allenai/OLMo-2-1124-7B-Instruct,fewshot,riskneutral,0,0.86522,0.85419,0,,,massA=0.739 massB=0.115,after,0,0.0
p1,220,22,risk,0,81,163,0.72,1.4489,0,True,B,allenai/OLMo-2-1124-7B-Instruct,fewshot,riskneutral,0,0.99857,0.94057,0,,,massA=0.00135 massB=0.939,after,0,0.0
p1,323,32,risk,0,131,236,0.57,1.0269,1,False,A,allenai/OLMo-2-1124-7B-Instruct,fewshot,riskneutral,0,0.97402,0.00912,1,,,massA=0.00889 massB=0.000237,after,0,0.0
p1,374,37,risk,0,151,252,0.68,1.1348,2,True,B,allenai/OLMo-2-1124-7B-Instruct,fewshot,riskneutral,0,0.99841,0.9523,0,,,massA=0.00151 massB=0.951,after,0,0.0
p1,284,28,risk,0,132,181,0.76,1.0421,2,True,B,allenai/OLMo-2-1124-7B-Instruct,fewshot,riskneutral,0,0.99839,0.95895,0,,,massA=0.00154 massB=0.957,after,0,0.0
p1,10,1,risk,0,58,116,0.66,1.32,0,True,B,allenai/OLMo-2-1124-7B-Instruct,fewshot,riskneutral,0,0.9984,0.93998,0,,,massA=0.0015 massB=0.938,after,0,0.0
p1,224,22,risk,0,81,163,0.72,1.4489,2,True,B,allenai/OLMo-2-1124-7B-Instruct,fewshot,riskneutral,0,0.99896,0.9556,0,,,massA=0.000994 massB=0.955,after,0,0.0
p1,292,29,risk,0,79,81,0.83,0.851,1,True,B,allenai/OLMo-2-1124-7B-Instruct,fewshot,riskneutral,0,0.99747,0.14078,1,,,massA=0.000356 massB=0.14,after,0,0.0
p1,235,23,risk,0,91,626,0.23,1.5822,2,False,A,allenai/OLMo-2-1124-7B-Instruct,fewshot,riskneutral,0,0.96909,0.8101,0,,,massA=0.785 massB=0.025,after,0,0.0
p1,182,18,risk,0,41,61,0.58,0.8629,1,True,B,allenai/OLMo-2-1124-7B-Instruct,fewshot,riskneutral,0,0.99626,0.24894,0,,,massA=0.00093 massB=0.248,after,0,0.0
p1,299,29,risk,0,79,81,0.83,0.851,4,False,A,allenai/OLMo-2-1124-7B-Instruct,fewshot,riskneutral,0,0.95696,0.58616,0,,,massA=0.561 massB=0.0252,after,0,0.0
p1,196,19,risk,0,64,122,0.49,0.9341,3,True,B,allenai/OLMo-2-1124-7B-Instruct,fewshot,riskneutral,0,0.99876,0.98889,0,,,massA=0.00122 massB=0.988,after,0,0.0
p1,291,29,risk,0,79,81,0.83,0.851,0,False,A,allenai/OLMo-2-1124-7B-Instruct,fewshot,riskneutral,0,0.8872,0.8571,0,,,massA=0.76 massB=0.0967,after,0,0.0
p1,353,35,risk,0,91,133,0.68,0.9938,1,False,A,allenai/OLMo-2-1124-7B-Instruct,fewshot,riskneutral,0,0.99293,0.00868,1,,,massA=0.00862 massB=6.14e-05,after,0,0.0
p1,166,16,risk,0,139,234,0.6,1.0101,3,True,B,allenai/OLMo-2-1124-7B-Instruct,fewshot,riskneutral,0,0.99928,0.97956,0,,,massA=0.000701 massB=0.979,after,0,0.0
p1,104,10,risk,0,111,278,0.58,1.4526,2,True,B,allenai/OLMo-2-1124-7B-Instruct,fewshot,riskneutral,0,0.99726,0.94132,0,,,massA=0.00258 massB=0.939,after,0,0.0
p1,380,38,risk,0,183,609,0.38,1.2646,0,True,B,allenai/OLMo-2-1124-7B-Instruct,fewshot,riskneutral,0,0.99609,0.89635,0,,,massA=0.00351 massB=0.893,after,0,0.0
p1,27,2,risk,0,162,661,0.26,1.0609,3,False,A,allenai/OLMo-2-1124-7B-Instruct,fewshot,riskneutral,0,0.86613,0.64496,0,,,massA=0.559 massB=0.0863,after,0,0.0
p1,114,11,risk,0,54,68,0.81,1.02,2,True,B,allenai/OLMo-2-1124-7B-Instruct,fewshot,riskneutral,0,0.99494,0.97784,0,,,massA=0.00495 massB=0.973,after,0,0.0
p1,336,33,risk,0,142,446,0.53,1.6646,3,True,B,allenai/OLMo-2-1124-7B-Instruct,fewshot,riskneutral,0,0.99888,0.97406,0,,,massA=0.0011 massB=0.973,after,0,0.0
p1,138,13,risk,0,72,88,0.64,0.7822,4,True,B,allenai/OLMo-2-1124-7B-Instruct,fewshot,riskneutral,0,0.99236,0.84951,0,,,massA=0.00649 massB=0.843,after,0,0.0
p1,115,11,risk,0,54,68,0.81,1.02,2,False,A,allenai/OLMo-2-1124-7B-Instruct,fewshot,riskneutral,0,0.99621,0.92038,0,,,massA=0.917 massB=0.00349,after,0,0.0
p1,26,2,risk,0,162,661,0.26,1.0609,3,True,B,allenai/OLMo-2-1124-7B-Instruct,fewshot,riskneutral,0,0.99884,0.97417,0,,,massA=0.00113 massB=0.973,after,0,0.0
p1,262,26,risk,0,59,151,0.36,0.9214,1,True,B,allenai/OLMo-2-1124-7B-Instruct,fewshot,riskneutral,0,0.99811,0.20023,0,,,massA=0.000378 massB=0.2,after,0,0.0
p1,52,5,risk,0,162,381,0.46,1.0819,1,True,B,allenai/OLMo-2-1124-7B-Instruct,fewshot,riskneutral,0,0.99277,0.08984,1,,,massA=0.00065 massB=0.0892,after,0,0.0
p1,384,38,risk,0,183,609,0.38,1.2646,2,True,B,allenai/OLMo-2-1124-7B-Instruct,fewshot,riskneutral,0,0.99775,0.93313,0,,,massA=0.0021 massB=0.931,after,0,0.0
p1,201,20,risk,0,186,266,0.63,0.901,0,False,A,allenai/OLMo-2-1124-7B-Instruct,fewshot,riskneutral,0,0.79818,0.8819,0,,,massA=0.704 massB=0.178,after,0,0.0
p1,209,20,risk,0,186,266,0.63,0.901,4,False,A,allenai/OLMo-2-1124-7B-Instruct,fewshot,riskneutral,0,0.92841,0.57267,0,,,massA=0.532 massB=0.041,after,0,0.0
p1,200,20,risk,0,186,266,0.63,0.901,0,True,B,allenai/OLMo-2-1124-7B-Instruct,fewshot,riskneutral,0,0.99753,0.94297,0,,,massA=0.00233 massB=0.941,after,0,0.0
p1,2,0,risk,0,186,984,0.26,1.3755,1,True,B,allenai/OLMo-2-1124-7B-Instruct,fewshot,riskneutral,0,0.99302,0.06246,1,,,massA=0.000436 massB=0.062,after,0,0.0
p1,74,7,risk,0,63,98,0.64,0.9956,2,True,B,allenai/OLMo-2-1124-7B-Instruct,fewshot,riskneutral,0,0.99749,0.96452,0,,,massA=0.00242 massB=0.962,after,0,0.0
p1,296,29,risk,0,79,81,0.83,0.851,3,True,B,allenai/OLMo-2-1124-7B-Instruct,fewshot,riskneutral,0,0.99912,0.98449,0,,,massA=0.000863 massB=0.984,after,0,0.0
p1,57,5,risk,0,162,381,0.46,1.0819,3,False,A,allenai/OLMo-2-1124-7B-Instruct,fewshot,riskneutral,0,0.91429,0.7834,0,,,massA=0.716 massB=0.0671,after,0,0.0
p1,21,2,risk,0,162,661,0.26,1.0609,0,False,A,allenai/OLMo-2-1124-7B-Instruct,fewshot,riskneutral,0,0.80069,0.8363,0,,,massA=0.67 massB=0.167,after,0,0.0
p1,334,33,risk,0,142,446,0.53,1.6646,2,True,B,allenai/OLMo-2-1124-7B-Instruct,fewshot,riskneutral,0,0.99707,0.93514,0,,,massA=0.00274 massB=0.932,after,0,0.0
p1,169,16,risk,0,139,234,0.6,1.0101,4,False,A,allenai/OLMo-2-1124-7B-Instruct,fewshot,riskneutral,0,0.95004,0.61122,0,,,massA=0.581 massB=0.0305,after,0,0.0
p1,346,34,risk,0,52,96,0.63,1.1631,3,True,B,allenai/OLMo-2-1124-7B-Instruct,fewshot,riskneutral,0,0.99943,0.99255,0,,,massA=0.000562 massB=0.992,after,0,0.0
p1,18,1,risk,0,58,116,0.66,1.32,4,True,B,allenai/OLMo-2-1124-7B-Instruct,fewshot,riskneutral,0,0.99621,0.67523,0,,,massA=0.00256 massB=0.673,after,0,0.0
p1,237,23,risk,0,91,626,0.23,1.5822,3,False,A,allenai/OLMo-2-1124-7B-Instruct,fewshot,riskneutral,0,0.86522,0.49073,0,,,massA=0.425 massB=0.0661,after,0,0.0
p1,339,33,risk,0,142,446,0.53,1.6646,4,False,A,allenai/OLMo-2-1124-7B-Instruct,fewshot,riskneutral,0,0.4649,0.6473,0,,,massA=0.301 massB=0.346,after,0,0.0
p1,94,9,risk,0,49,153,0.26,0.8118,2,True,B,allenai/OLMo-2-1124-7B-Instruct,fewshot,riskneutral,0,0.99652,0.96454,0,,,massA=0.00336 massB=0.961,after,0,0.0
p1,158,15,risk,0,82,113,0.74,1.0198,4,True,B,allenai/OLMo-2-1124-7B-Instruct,fewshot,riskneutral,0,0.99739,0.75678,0,,,massA=0.00198 massB=0.755,after,0,0.0
p1,175,17,risk,0,117,362,0.42,1.2995,2,False,A,allenai/OLMo-2-1124-7B-Instruct,fewshot,riskneutral,0,0.97871,0.89328,0,,,massA=0.874 massB=0.019,after,0,0.0
p1,183,18,risk,0,41,61,0.58,0.8629,1,False,A,allenai/OLMo-2-1124-7B-Instruct,fewshot,riskneutral,0,0.99125,0.02442,1,,,massA=0.0242 massB=0.000214,after,0,0.0
p1,207,20,risk,0,186,266,0.63,0.901,3,False,A,allenai/OLMo-2-1124-7B-Instruct,fewshot,riskneutral,0,0.90532,0.77915,0,,,massA=0.705 massB=0.0738,after,0,0.0
p1,333,33,risk,0,142,446,0.53,1.6646,1,False,A,allenai/OLMo-2-1124-7B-Instruct,fewshot,riskneutral,0,0.89251,0.027,1,,,massA=0.0241 massB=0.0029,after,0,0.0
p1,316,31,risk,0,51,151,0.29,0.8586,3,True,B,allenai/OLMo-2-1124-7B-Instruct,fewshot,riskneutral,0,0.99872,0.98989,0,,,massA=0.00127 massB=0.989,after,0,0.0
p1,79,7,risk,0,63,98,0.64,0.9956,4,False,A,allenai/OLMo-2-1124-7B-Instruct,fewshot,riskneutral,0,0.92893,0.46452,0,,,massA=0.432 massB=0.033,after,0,0.0
p1,150,15,risk,0,82,113,0.74,1.0198,0,True,B,allenai/OLMo-2-1124-7B-Instruct,fewshot,riskneutral,0,0.99876,0.95919,0,,,massA=0.00118 massB=0.958,after,0,0.0
p1,322,32,risk,0,131,236,0.57,1.0269,1,True,B,allenai/OLMo-2-1124-7B-Instruct,fewshot,riskneutral,0,0.99716,0.17334,1,,,massA=0.000493 massB=0.173,after,0,0.0
p1,239,23,risk,0,91,626,0.23,1.5822,4,False,A,allenai/OLMo-2-1124-7B-Instruct,fewshot,riskneutral,0,0.71859,0.30609,0,,,massA=0.22 massB=0.0861,after,0,0.0
p1,396,39,risk,0,178,567,0.32,1.0193,3,True,B,allenai/OLMo-2-1124-7B-Instruct,fewshot,riskneutral,0,0.9994,0.98355,0,,,massA=0.000592 massB=0.983,after,0,0.0
p1,142,14,risk,0,81,201,0.68,1.6874,1,True,B,allenai/OLMo-2-1124-7B-Instruct,fewshot,riskneutral,0,0.998,0.10832,1,,,massA=0.000216 massB=0.108,after,0,0.0
p1,62,6,risk,0,94,101,0.71,0.7629,1,True,B,allenai/OLMo-2-1124-7B-Instruct,fewshot,riskneutral,0,0.99685,0.10729,1,,,massA=0.000338 massB=0.107,after,0,0.0
p1,263,26,risk,0,59,151,0.36,0.9214,1,False,A,allenai/OLMo-2-1124-7B-Instruct,fewshot,riskneutral,0,0.93143,0.0172,1,,,massA=0.016 massB=0.00118,after,0,0.0
p1,378,37,risk,0,151,252,0.68,1.1348,4,True,B,allenai/OLMo-2-1124-7B-Instruct,fewshot,riskneutral,0,0.99587,0.61073,0,,,massA=0.00252 massB=0.608,after,0,0.0
p1,160,16,risk,0,139,234,0.6,1.0101,0,True,B,allenai/OLMo-2-1124-7B-Instruct,fewshot,riskneutral,0,0.99812,0.91914,0,,,massA=0.00173 massB=0.917,after,0,0.0
p1,383,38,risk,0,183,609,0.38,1.2646,1,False,A,allenai/OLMo-2-1124-7B-Instruct,fewshot,riskneutral,0,0.95219,0.02323,1,,,massA=0.0221 massB=0.00111,after,0,0.0
p1,112,11,risk,0,54,68,0.81,1.02,1,True,B,allenai/OLMo-2-1124-7B-Instruct,fewshot,riskneutral,0,0.99646,0.21322,0,,,massA=0.000754 massB=0.212,after,0,0.0
p1,156,15,risk,0,82,113,0.74,1.0198,3,True,B,allenai/OLMo-2-1124-7B-Instruct,fewshot,riskneutral,0,0.9997,0.99065,0,,,massA=0.000298 massB=0.99,after,0,0.0
p1,38,3,risk,0,46,158,0.33,1.1335,4,True,B,allenai/OLMo-2-1124-7B-Instruct,fewshot,riskneutral,0,0.99331,0.63989,0,,,massA=0.00428 massB=0.636,after,0,0.0
p1,128,12,risk,0,164,541,0.38,1.2535,4,True,B,allenai/OLMo-2-1124-7B-Instruct,fewshot,riskneutral,0,0.99502,0.64972,0,,,massA=0.00324 massB=0.646,after,0,0.0
p1,217,21,risk,0,106,206,0.73,1.4187,3,False,A,allenai/OLMo-2-1124-7B-Instruct,fewshot,riskneutral,0,0.98073,0.6977,0,,,massA=0.684 massB=0.0134,after,0,0.0
p1,318,31,risk,0,51,151,0.29,0.8586,4,True,B,allenai/OLMo-2-1124-7B-Instruct,fewshot,riskneutral,0,0.99066,0.66555,0,,,massA=0.00622 massB=0.659,after,0,0.0
p1,55,5,risk,0,162,381,0.46,1.0819,2,False,A,allenai/OLMo-2-1124-7B-Instruct,fewshot,riskneutral,0,0.99781,0.92295,0,,,massA=0.921 massB=0.00202,after,0,0.0
p1,96,9,risk,0,49,153,0.26,0.8118,3,True,B,allenai/OLMo-2-1124-7B-Instruct,fewshot,riskneutral,0,0.99859,0.98862,0,,,massA=0.00139 massB=0.987,after,0,0.0
p1,8,0,risk,0,186,984,0.26,1.3755,4,True,B,allenai/OLMo-2-1124-7B-Instruct,fewshot,riskneutral,0,0.992,0.4089,0,,,massA=0.00327 massB=0.406,after,0,0.0
p1,132,13,risk,0,72,88,0.64,0.7822,1,True,B,allenai/OLMo-2-1124-7B-Instruct,fewshot,riskneutral,0,0.99711,0.26449,0,,,massA=0.000764 massB=0.264,after,0,0.0
p1,340,34,risk,0,52,96,0.63,1.1631,0,True,B,allenai/OLMo-2-1124-7B-Instruct,fewshot,riskneutral,0,0.99836,0.95694,0,,,massA=0.00157 massB=0.955,after,0,0.0
p1,28,2,risk,0,162,661,0.26,1.0609,4,True,B,allenai/OLMo-2-1124-7B-Instruct,fewshot,riskneutral,0,0.99175,0.55966,0,,,massA=0.00462 massB=0.555,after,0,0.0
p1,77,7,risk,0,63,98,0.64,0.9956,3,False,A,allenai/OLMo-2-1124-7B-Instruct,fewshot,riskneutral,0,0.97685,0.6238,0,,,massA=0.609 massB=0.0144,after,0,0.0
p1,349,34,risk,0,52,96,0.63,1.1631,4,False,A,allenai/OLMo-2-1124-7B-Instruct,fewshot,riskneutral,0,0.74614,0.50234,0,,,massA=0.375 massB=0.128,after,0,0.0
p1,371,37,risk,0,151,252,0.68,1.1348,0,False,A,allenai/OLMo-2-1124-7B-Instruct,fewshot,riskneutral,0,0.8706,0.83065,0,,,massA=0.723 massB=0.107,after,0,0.0
p1,0,0,risk,0,186,984,0.26,1.3755,0,True,B,allenai/OLMo-2-1124-7B-Instruct,fewshot,riskneutral,0,0.99543,0.90101,0,,,massA=0.00412 massB=0.897,after,0,0.0
p1,111,11,risk,0,54,68,0.81,1.02,0,False,A,allenai/OLMo-2-1124-7B-Instruct,fewshot,riskneutral,0,0.77046,0.87894,0,,,massA=0.677 massB=0.202,after,0,0.0
p1,238,23,risk,0,91,626,0.23,1.5822,4,True,B,allenai/OLMo-2-1124-7B-Instruct,fewshot,riskneutral,0,0.9949,0.59021,0,,,massA=0.00301 massB=0.587,after,0,0.0
p1,7,0,risk,0,186,984,0.26,1.3755,3,False,A,allenai/OLMo-2-1124-7B-Instruct,fewshot,riskneutral,0,0.77864,0.53928,0,,,massA=0.42 massB=0.119,after,0,0.0
p1,40,4,risk,0,29,71,0.55,1.3466,0,True,B,allenai/OLMo-2-1124-7B-Instruct,fewshot,riskneutral,0,0.99073,0.91997,0,,,massA=0.00853 massB=0.911,after,0,0.0
p1,393,39,risk,0,178,567,0.32,1.0193,1,False,A,allenai/OLMo-2-1124-7B-Instruct,fewshot,riskneutral,0,0.97846,0.02648,1,,,massA=0.0259 massB=0.00057,after,0,0.0
p1,3,0,risk,0,186,984,0.26,1.3755,1,False,A,allenai/OLMo-2-1124-7B-Instruct,fewshot,riskneutral,0,0.98543,0.01087,1,,,massA=0.0107 massB=0.000158,after,0,0.0
p1,154,15,risk,0,82,113,0.74,1.0198,2,True,B,allenai/OLMo-2-1124-7B-Instruct,fewshot,riskneutral,0,0.99905,0.97063,0,,,massA=0.000919 massB=0.97,after,0,0.0
p1,129,12,risk,0,164,541,0.38,1.2535,4,False,A,allenai/OLMo-2-1124-7B-Instruct,fewshot,riskneutral,0,0.79944,0.50691,0,,,massA=0.405 massB=0.102,after,0,0.0
p1,203,20,risk,0,186,266,0.63,0.901,1,False,A,allenai/OLMo-2-1124-7B-Instruct,fewshot,riskneutral,0,0.99245,0.0196,1,,,massA=0.0194 massB=0.000148,after,0,0.0
p1,118,11,risk,0,54,68,0.81,1.02,4,True,B,allenai/OLMo-2-1124-7B-Instruct,fewshot,riskneutral,0,0.98747,0.70486,0,,,massA=0.00883 massB=0.696,after,0,0.0
p1,137,13,risk,0,72,88,0.64,0.7822,3,False,A,allenai/OLMo-2-1124-7B-Instruct,fewshot,riskneutral,0,0.88323,0.83308,0,,,massA=0.736 massB=0.0973,after,0,0.0
p1,95,9,risk,0,49,153,0.26,0.8118,2,False,A,allenai/OLMo-2-1124-7B-Instruct,fewshot,riskneutral,0,0.91906,0.86917,0,,,massA=0.799 massB=0.0703,after,0,0.0
p1,33,3,risk,0,46,158,0.33,1.1335,1,False,A,allenai/OLMo-2-1124-7B-Instruct,fewshot,riskneutral,0,0.93602,0.01982,1,,,massA=0.0186 massB=0.00127,after,0,0.0
p1,321,32,risk,0,131,236,0.57,1.0269,0,False,A,allenai/OLMo-2-1124-7B-Instruct,fewshot,riskneutral,0,0.84182,0.81516,0,,,massA=0.686 massB=0.129,after,0,0.0
p1,91,9,risk,0,49,153,0.26,0.8118,0,False,A,allenai/OLMo-2-1124-7B-Instruct,fewshot,riskneutral,0,0.61508,0.88518,0,,,massA=0.544 massB=0.341,after,0,0.0
p1,73,7,risk,0,63,98,0.64,0.9956,1,False,A,allenai/OLMo-2-1124-7B-Instruct,fewshot,riskneutral,0,0.97556,0.00956,1,,,massA=0.00933 massB=0.000234,after,0,0.0
p1,86,8,risk,0,62,263,0.33,1.3998,3,True,B,allenai/OLMo-2-1124-7B-Instruct,fewshot,riskneutral,0,0.99875,0.98184,0,,,massA=0.00123 massB=0.981,after,0,0.0
p1,25,2,risk,0,162,661,0.26,1.0609,2,False,A,allenai/OLMo-2-1124-7B-Instruct,fewshot,riskneutral,0,0.97283,0.89834,0,,,massA=0.874 massB=0.0244,after,0,0.0
p1,197,19,risk,0,64,122,0.49,0.9341,3,False,A,allenai/OLMo-2-1124-7B-Instruct,fewshot,riskneutral,0,0.84997,0.50918,0,,,massA=0.433 massB=0.0764,after,0,0.0
p1,155,15,risk,0,82,113,0.74,1.0198,2,False,A,allenai/OLMo-2-1124-7B-Instruct,fewshot,riskneutral,0,0.99863,0.87246,0,,,massA=0.871 massB=0.0012,after,0,0.0
p1,135,13,risk,0,72,88,0.64,0.7822,2,False,A,allenai/OLMo-2-1124-7B-Instruct,fewshot,riskneutral,0,0.9949,0.95568,0,,,massA=0.951 massB=0.00487,after,0,0.0
p1,185,18,risk,0,41,61,0.58,0.8629,2,False,A,allenai/OLMo-2-1124-7B-Instruct,fewshot,riskneutral,0,0.99662,0.93783,0,,,massA=0.935 massB=0.00317,after,0,0.0
p1,92,9,risk,0,49,153,0.26,0.8118,1,True,B,allenai/OLMo-2-1124-7B-Instruct,fewshot,riskneutral,0,0.99761,0.17662,1,,,massA=0.000422 massB=0.176,after,0,0.0
p1,370,37,risk,0,151,252,0.68,1.1348,0,True,B,allenai/OLMo-2-1124-7B-Instruct,fewshot,riskneutral,0,0.99831,0.92773,0,,,massA=0.00157 massB=0.926,after,0,0.0
p1,398,39,risk,0,178,567,0.32,1.0193,4,True,B,allenai/OLMo-2-1124-7B-Instruct,fewshot,riskneutral,0,0.99702,0.75829,0,,,massA=0.00226 massB=0.756,after,0,0.0
p1,140,14,risk,0,81,201,0.68,1.6874,0,True,B,allenai/OLMo-2-1124-7B-Instruct,fewshot,riskneutral,0,0.99835,0.94363,0,,,massA=0.00156 massB=0.942,after,0,0.0
p1,243,24,risk,0,168,214,0.76,0.9681,1,False,A,allenai/OLMo-2-1124-7B-Instruct,fewshot,riskneutral,0,0.99555,0.01122,1,,,massA=0.0112 massB=5e-05,after,0,0.0
p1,253,25,risk,0,124,207,0.76,1.2687,1,False,A,allenai/OLMo-2-1124-7B-Instruct,fewshot,riskneutral,0,0.99073,0.00887,1,,,massA=0.00878 massB=8.22e-05,after,0,0.0
p1,352,35,risk,0,91,133,0.68,0.9938,1,True,B,allenai/OLMo-2-1124-7B-Instruct,fewshot,riskneutral,0,0.9979,0.16435,1,,,massA=0.000345 massB=0.164,after,0,0.0
p1,303,30,risk,0,149,447,0.26,0.78,1,False,A,allenai/OLMo-2-1124-7B-Instruct,fewshot,riskneutral,0,0.82325,0.027,1,,,massA=0.0222 massB=0.00477,after,0,0.0
p1,84,8,risk,0,62,263,0.33,1.3998,2,True,B,allenai/OLMo-2-1124-7B-Instruct,fewshot,riskneutral,0,0.99657,0.93494,0,,,massA=0.00321 massB=0.932,after,0,0.0
p1,365,36,risk,0,98,227,0.47,1.0887,2,False,A,allenai/OLMo-2-1124-7B-Instruct,fewshot,riskneutral,0,0.98583,0.85057,0,,,massA=0.839 massB=0.0121,after,0,0.0
p1,369,36,risk,0,98,227,0.47,1.0887,4,False,A,allenai/OLMo-2-1124-7B-Instruct,fewshot,riskneutral,0,0.64063,0.52328,0,,,massA=0.335 massB=0.188,after,0,0.0
p1,113,11,risk,0,54,68,0.81,1.02,1,False,A,allenai/OLMo-2-1124-7B-Instruct,fewshot,riskneutral,0,0.95112,0.04001,1,,,massA=0.0381 massB=0.00196,after,0,0.0
p1,186,18,risk,0,41,61,0.58,0.8629,3,True,B,allenai/OLMo-2-1124-7B-Instruct,fewshot,riskneutral,0,0.99844,0.99308,0,,,massA=0.00155 massB=0.992,after,0,0.0
p1,341,34,risk,0,52,96,0.63,1.1631,0,False,A,allenai/OLMo-2-1124-7B-Instruct,fewshot,riskneutral,0,0.85777,0.83951,0,,,massA=0.72 massB=0.119,after,0,0.0
p1,313,31,risk,0,51,151,0.29,0.8586,1,False,A,allenai/OLMo-2-1124-7B-Instruct,fewshot,riskneutral,0,0.97056,0.00924,1,,,massA=0.00897 massB=0.000272,after,0,0.0
p1,143,14,risk,0,81,201,0.68,1.6874,1,False,A,allenai/OLMo-2-1124-7B-Instruct,fewshot,riskneutral,0,0.97556,0.01136,1,,,massA=0.0111 massB=0.000278,after,0,0.0
p1,72,7,risk,0,63,98,0.64,0.9956,1,True,B,allenai/OLMo-2-1124-7B-Instruct,fewshot,riskneutral,0,0.99609,0.12862,1,,,massA=0.000503 massB=0.128,after,0,0.0
p1,170,17,risk,0,117,362,0.42,1.2995,0,True,B,allenai/OLMo-2-1124-7B-Instruct,fewshot,riskneutral,0,0.994,0.90254,0,,,massA=0.00542 massB=0.897,after,0,0.0
p1,181,18,risk,0,41,61,0.58,0.8629,0,False,A,allenai/OLMo-2-1124-7B-Instruct,fewshot,riskneutral,0,0.80193,0.88587,0,,,massA=0.71 massB=0.175,after,0,0.0
p1,1,0,risk,0,186,984,0.26,1.3755,0,False,A,allenai/OLMo-2-1124-7B-Instruct,fewshot,riskneutral,0,0.81873,0.80943,0,,,massA=0.663 massB=0.147,after,0,0.0
p1,105,10,risk,0,111,278,0.58,1.4526,2,False,A,allenai/OLMo-2-1124-7B-Instruct,fewshot,riskneutral,0,0.99122,0.86126,0,,,massA=0.854 massB=0.00756,after,0,0.0
p1,11,1,risk,0,58,116,0.66,1.32,0,False,A,allenai/OLMo-2-1124-7B-Instruct,fewshot,riskneutral,0,0.85293,0.86861,0,,,massA=0.741 massB=0.128,after,0,0.0
p1,244,24,risk,0,168,214,0.76,0.9681,2,True,B,allenai/OLMo-2-1124-7B-Instruct,fewshot,riskneutral,0,0.99851,0.96413,0,,,massA=0.00144 massB=0.963,after,0,0.0
p1,165,16,risk,0,139,234,0.6,1.0101,2,False,A,allenai/OLMo-2-1124-7B-Instruct,fewshot,riskneutral,0,0.99887,0.90766,0,,,massA=0.907 massB=0.00102,after,0,0.0
p1,361,36,risk,0,98,227,0.47,1.0887,0,False,A,allenai/OLMo-2-1124-7B-Instruct,fewshot,riskneutral,0,0.75055,0.84712,0,,,massA=0.636 massB=0.211,after,0,0.0
p1,233,23,risk,0,91,626,0.23,1.5822,1,False,A,allenai/OLMo-2-1124-7B-Instruct,fewshot,riskneutral,0,0.95676,0.00674,1,,,massA=0.00645 massB=0.000292,after,0,0.0
p1,30,3,risk,0,46,158,0.33,1.1335,0,True,B,allenai/OLMo-2-1124-7B-Instruct,fewshot,riskneutral,0,0.99535,0.94424,0,,,massA=0.00439 massB=0.94,after,0,0.0
p1,13,1,risk,0,58,116,0.66,1.32,1,False,A,allenai/OLMo-2-1124-7B-Instruct,fewshot,riskneutral,0,0.97584,0.02521,1,,,massA=0.0246 massB=0.000609,after,0,0.0
p1,347,34,risk,0,52,96,0.63,1.1631,3,False,A,allenai/OLMo-2-1124-7B-Instruct,fewshot,riskneutral,0,0.9722,0.71035,0,,,massA=0.691 massB=0.0197,after,0,0.0
p1,119,11,risk,0,54,68,0.81,1.02,4,False,A,allenai/OLMo-2-1124-7B-Instruct,fewshot,riskneutral,0,0.86154,0.62509,0,,,massA=0.539 massB=0.0866,after,0,0.0
p1,257,25,risk,0,124,207,0.76,1.2687,3,False,A,allenai/OLMo-2-1124-7B-Instruct,fewshot,riskneutral,0,0.96716,0.67742,0,,,massA=0.655 massB=0.0222,after,0,0.0
p1,255,25,risk,0,124,207,0.76,1.2687,2,False,A,allenai/OLMo-2-1124-7B-Instruct,fewshot,riskneutral,0,0.99822,0.9046,0,,,massA=0.903 massB=0.00161,after,0,0.0
p1,310,31,risk,0,51,151,0.29,0.8586,0,True,B,allenai/OLMo-2-1124-7B-Instruct,fewshot,riskneutral,0,0.99453,0.94144,0,,,massA=0.00515 massB=0.936,after,0,0.0
p1,43,4,risk,0,29,71,0.55,1.3466,1,False,A,allenai/OLMo-2-1124-7B-Instruct,fewshot,riskneutral,0,0.77176,0.01582,1,,,massA=0.0122 massB=0.00361,after,0,0.0
p1,228,22,risk,0,81,163,0.72,1.4489,4,True,B,allenai/OLMo-2-1124-7B-Instruct,fewshot,riskneutral,0,0.99755,0.52859,0,,,massA=0.0013 massB=0.527,after,0,0.0
p1,103,10,risk,0,111,278,0.58,1.4526,1,False,A,allenai/OLMo-2-1124-7B-Instruct,fewshot,riskneutral,0,0.98057,0.02288,1,,,massA=0.0224 massB=0.000445,after,0,0.0
p1,83,8,risk,0,62,263,0.33,1.3998,1,False,A,allenai/OLMo-2-1124-7B-Instruct,fewshot,riskneutral,0,0.97197,0.01135,1,,,massA=0.011 massB=0.000318,after,0,0.0
p1,274,27,risk,0,166,433,0.53,1.3825,2,True,B,allenai/OLMo-2-1124-7B-Instruct,fewshot,riskneutral,0,0.99797,0.93795,0,,,massA=0.00191 massB=0.936,after,0,0.0
p1,4,0,risk,0,186,984,0.26,1.3755,2,True,B,allenai/OLMo-2-1124-7B-Instruct,fewshot,riskneutral,0,0.994,0.91184,0,,,massA=0.00547 massB=0.906,after,0,0.0
p1,277,27,risk,0,166,433,0.53,1.3825,3,False,A,allenai/OLMo-2-1124-7B-Instruct,fewshot,riskneutral,0,0.76768,0.7964,0,,,massA=0.611 massB=0.185,after,0,0.0
p1,275,27,risk,0,166,433,0.53,1.3825,2,False,A,allenai/OLMo-2-1124-7B-Instruct,fewshot,riskneutral,0,0.9949,0.92622,0,,,massA=0.921 massB=0.00472,after,0,0.0
p1,307,30,risk,0,149,447,0.26,0.78,3,False,A,allenai/OLMo-2-1124-7B-Instruct,fewshot,riskneutral,0,0.23091,0.75388,0,,,massA=0.174 massB=0.58,after,0,0.0
p1,325,32,risk,0,131,236,0.57,1.0269,2,False,A,allenai/OLMo-2-1124-7B-Instruct,fewshot,riskneutral,0,0.99702,0.86917,0,,,massA=0.867 massB=0.00259,after,0,0.0
p1,306,30,risk,0,149,447,0.26,0.78,3,True,B,allenai/OLMo-2-1124-7B-Instruct,fewshot,riskneutral,0,0.99889,0.97634,0,,,massA=0.00108 massB=0.975,after,0,0.0
p1,397,39,risk,0,178,567,0.32,1.0193,3,False,A,allenai/OLMo-2-1124-7B-Instruct,fewshot,riskneutral,0,0.84796,0.71858,0,,,massA=0.609 massB=0.109,after,0,0.0
p1,89,8,risk,0,62,263,0.33,1.3998,4,False,A,allenai/OLMo-2-1124-7B-Instruct,fewshot,riskneutral,0,0.77046,0.43333,0,,,massA=0.334 massB=0.0995,after,0,0.0
p1,362,36,risk,0,98,227,0.47,1.0887,1,True,B,allenai/OLMo-2-1124-7B-Instruct,fewshot,riskneutral,0,0.99761,0.16321,1,,,massA=0.00039 massB=0.163,after,0,0.0
p1,22,2,risk,0,162,661,0.26,1.0609,1,True,B,allenai/OLMo-2-1124-7B-Instruct,fewshot,riskneutral,0,0.99346,0.11911,1,,,massA=0.000779 massB=0.118,after,0,0.0
p1,324,32,risk,0,131,236,0.57,1.0269,2,True,B,allenai/OLMo-2-1124-7B-Instruct,fewshot,riskneutral,0,0.99825,0.96247,0,,,massA=0.00169 massB=0.961,after,0,0.0
p1,131,13,risk,0,72,88,0.64,0.7822,0,False,A,allenai/OLMo-2-1124-7B-Instruct,fewshot,riskneutral,0,0.84997,0.92387,0,,,massA=0.785 massB=0.139,after,0,0.0
p1,152,15,risk,0,82,113,0.74,1.0198,1,True,B,allenai/OLMo-2-1124-7B-Instruct,fewshot,riskneutral,0,0.99851,0.11895,1,,,massA=0.000177 massB=0.119,after,0,0.0
p1,187,18,risk,0,41,61,0.58,0.8629,3,False,A,allenai/OLMo-2-1124-7B-Instruct,fewshot,riskneutral,0,0.97649,0.80544,0,,,massA=0.787 massB=0.0189,after,0,0.0
p1,213,21,risk,0,106,206,0.73,1.4187,1,False,A,allenai/OLMo-2-1124-7B-Instruct,fewshot,riskneutral,0,0.99501,0.00742,1,,,massA=0.00738 massB=3.7e-05,after,0,0.0
p1,189,18,risk,0,41,61,0.58,0.8629,4,False,A,allenai/OLMo-2-1124-7B-Instruct,fewshot,riskneutral,0,0.95823,0.58296,0,,,massA=0.559 massB=0.0244,after,0,0.0
p1,373,37,risk,0,151,252,0.68,1.1348,1,False,A,allenai/OLMo-2-1124-7B-Instruct,fewshot,riskneutral,0,0.98963,0.01248,1,,,massA=0.0124 massB=0.000129,after,0,0.0
p1,285,28,risk,0,132,181,0.76,1.0421,2,False,A,allenai/OLMo-2-1124-7B-Instruct,fewshot,riskneutral,0,0.99922,0.8851,0,,,massA=0.884 massB=0.000693,after,0,0.0
p1,205,20,risk,0,186,266,0.63,0.901,2,False,A,allenai/OLMo-2-1124-7B-Instruct,fewshot,riskneutral,0,0.99698,0.9372,0,,,massA=0.934 massB=0.00283,after,0,0.0
p1,270,27,risk,0,166,433,0.53,1.3825,0,True,B,allenai/OLMo-2-1124-7B-Instruct,fewshot,riskneutral,0,0.99462,0.90601,0,,,massA=0.00488 massB=0.901,after,0,0.0
p1,110,11,risk,0,54,68,0.81,1.02,0,True,B,allenai/OLMo-2-1124-7B-Instruct,fewshot,riskneutral,0,0.9955,0.93111,0,,,massA=0.00419 massB=0.927,after,0,0.0
p1,50,5,risk,0,162,381,0.46,1.0819,0,True,B,allenai/OLMo-2-1124-7B-Instruct,fewshot,riskneutral,0,0.99632,0.91536,0,,,massA=0.00337 massB=0.912,after,0,0.0
p1,390,39,risk,0,178,567,0.32,1.0193,0,True,B,allenai/OLMo-2-1124-7B-Instruct,fewshot,riskneutral,0,0.9949,0.90661,0,,,massA=0.00462 massB=0.902,after,0,0.0
p1,98,9,risk,0,49,153,0.26,0.8118,4,True,B,allenai/OLMo-2-1124-7B-Instruct,fewshot,riskneutral,0,0.99218,0.68296,0,,,massA=0.00534 massB=0.678,after,0,0.0
p1,379,37,risk,0,151,252,0.68,1.1348,4,False,A,allenai/OLMo-2-1124-7B-Instruct,fewshot,riskneutral,0,0.91848,0.49154,0,,,massA=0.451 massB=0.0401,after,0,0.0
p1,106,10,risk,0,111,278,0.58,1.4526,3,True,B,allenai/OLMo-2-1124-7B-Instruct,fewshot,riskneutral,0,0.99932,0.98434,0,,,massA=0.000672 massB=0.984,after,0,0.0
p1,24,2,risk,0,162,661,0.26,1.0609,2,True,B,allenai/OLMo-2-1124-7B-Instruct,fewshot,riskneutral,0,0.99535,0.9303,0,,,massA=0.00432 massB=0.926,after,0,0.0
p1,45,4,risk,0,29,71,0.55,1.3466,2,False,A,allenai/OLMo-2-1124-7B-Instruct,fewshot,riskneutral,0,0.97001,0.89061,0,,,massA=0.864 massB=0.0267,after,0,0.0
p1,240,24,risk,0,168,214,0.76,0.9681,0,True,B,allenai/OLMo-2-1124-7B-Instruct,fewshot,riskneutral,0,0.99833,0.9494,0,,,massA=0.00159 massB=0.948,after,0,0.0
p1,214,21,risk,0,106,206,0.73,1.4187,2,True,B,allenai/OLMo-2-1124-7B-Instruct,fewshot,riskneutral,0,0.99733,0.94364,0,,,massA=0.00252 massB=0.941,after,0,0.0
p1,314,31,risk,0,51,151,0.29,0.8586,2,True,B,allenai/OLMo-2-1124-7B-Instruct,fewshot,riskneutral,0,0.99478,0.95897,0,,,massA=0.00501 massB=0.954,after,0,0.0
p1,319,31,risk,0,51,151,0.29,0.8586,4,False,A,allenai/OLMo-2-1124-7B-Instruct,fewshot,riskneutral,0,0.85293,0.37042,0,,,massA=0.316 massB=0.0545,after,0,0.0
p1,159,15,risk,0,82,113,0.74,1.0198,4,False,A,allenai/OLMo-2-1124-7B-Instruct,fewshot,riskneutral,0,0.96741,0.40016,0,,,massA=0.387 massB=0.013,after,0,0.0
p1,222,22,risk,0,81,163,0.72,1.4489,1,True,B,allenai/OLMo-2-1124-7B-Instruct,fewshot,riskneutral,0,0.99783,0.089,1,,,massA=0.000193 massB=0.0888,after,0,0.0
p1,329,32,risk,0,131,236,0.57,1.0269,4,False,A,allenai/OLMo-2-1124-7B-Instruct,fewshot,riskneutral,0,0.84997,0.40072,0,,,massA=0.341 massB=0.0601,after,0,0.0
p1,191,19,risk,0,64,122,0.49,0.9341,0,False,A,allenai/OLMo-2-1124-7B-Instruct,fewshot,riskneutral,0,0.70253,0.81176,0,,,massA=0.57 massB=0.241,after,0,0.0
p1,180,18,risk,0,41,61,0.58,0.8629,0,True,B,allenai/OLMo-2-1124-7B-Instruct,fewshot,riskneutral,0,0.99331,0.95371,0,,,massA=0.00638 massB=0.947,after,0,0.0
p1,215,21,risk,0,106,206,0.73,1.4187,2,False,A,allenai/OLMo-2-1124-7B-Instruct,fewshot,riskneutral,0,0.99849,0.87634,0,,,massA=0.875 massB=0.00133,after,0,0.0
p1,351,35,risk,0,91,133,0.68,0.9938,0,False,A,allenai/OLMo-2-1124-7B-Instruct,fewshot,riskneutral,0,0.85585,0.83581,0,,,massA=0.715 massB=0.12,after,0,0.0
p1,295,29,risk,0,79,81,0.83,0.851,2,False,A,allenai/OLMo-2-1124-7B-Instruct,fewshot,riskneutral,0,0.99892,0.9155,0,,,massA=0.915 massB=0.000986,after,0,0.0
p1,116,11,risk,0,54,68,0.81,1.02,3,True,B,allenai/OLMo-2-1124-7B-Instruct,fewshot,riskneutral,0,0.99893,0.98927,0,,,massA=0.00106 massB=0.988,after,0,0.0
p1,49,4,risk,0,29,71,0.55,1.3466,4,False,A,allenai/OLMo-2-1124-7B-Instruct,fewshot,riskneutral,0,0.67405,0.43873,0,,,massA=0.296 massB=0.143,after,0,0.0
p1,394,39,risk,0,178,567,0.32,1.0193,2,True,B,allenai/OLMo-2-1124-7B-Instruct,fewshot,riskneutral,0,0.99747,0.95058,0,,,massA=0.00241 massB=0.948,after,0,0.0
p1,387,38,risk,0,183,609,0.38,1.2646,3,False,A,allenai/OLMo-2-1124-7B-Instruct,fewshot,riskneutral,0,0.63521,0.75356,0,,,massA=0.479 massB=0.275,after,0,0.0
p1,141,14,risk,0,81,201,0.68,1.6874,0,False,A,allenai/OLMo-2-1124-7B-Instruct,fewshot,riskneutral,0,0.79438,0.85527,0,,,massA=0.679 massB=0.176,after,0,0.0
p1,395,39,risk,0,178,567,0.32,1.0193,2,False,A,allenai/OLMo-2-1124-7B-Instruct,fewshot,riskneutral,0,0.98876,0.93254,0,,,massA=0.922 massB=0.0105,after,0,0.0
p1,127,12,risk,0,164,541,0.38,1.2535,3,False,A,allenai/OLMo-2-1124-7B-Instruct,fewshot,riskneutral,0,0.84286,0.75233,0,,,massA=0.634 massB=0.118,after,0,0.0
p1,368,36,risk,0,98,227,0.47,1.0887,4,True,B,allenai/OLMo-2-1124-7B-Instruct,fewshot,riskneutral,0,0.99453,0.74099,0,,,massA=0.00405 massB=0.737,after,0,0.0
p1,359,35,risk,0,91,133,0.68,0.9938,4,False,A,allenai/OLMo-2-1124-7B-Instruct,fewshot,riskneutral,0,0.9462,0.47014,0,,,massA=0.445 massB=0.0253,after,0,0.0
p1,338,33,risk,0,142,446,0.53,1.6646,4,True,B,allenai/OLMo-2-1124-7B-Instruct,fewshot,riskneutral,0,0.99482,0.63632,0,,,massA=0.0033 massB=0.633,after,0,0.0
p1,218,21,risk,0,106,206,0.73,1.4187,4,True,B,allenai/OLMo-2-1124-7B-Instruct,fewshot,riskneutral,0,0.99108,0.54439,0,,,massA=0.00485 massB=0.54,after,0,0.0
p1,288,28,risk,0,132,181,0.76,1.0421,4,True,B,allenai/OLMo-2-1124-7B-Instruct,fewshot,riskneutral,0,0.9976,0.7855,0,,,massA=0.00188 massB=0.784,after,0,0.0
p1,67,6,risk,0,94,101,0.71,0.7629,3,False,A,allenai/OLMo-2-1124-7B-Instruct,fewshot,riskneutral,0,0.98043,0.4237,0,,,massA=0.415 massB=0.00829,after,0,0.0
p1,121,12,risk,0,164,541,0.38,1.2535,0,False,A,allenai/OLMo-2-1124-7B-Instruct,fewshot,riskneutral,0,0.84492,0.82678,0,,,massA=0.699 massB=0.128,after,0,0.0
p1,363,36,risk,0,98,227,0.47,1.0887,1,False,A,allenai/OLMo-2-1124-7B-Instruct,fewshot,riskneutral,0,0.92245,0.0161,1,,,massA=0.0149 massB=0.00125,after,0,0.0
p1,204,20,risk,0,186,266,0.63,0.901,2,True,B,allenai/OLMo-2-1124-7B-Instruct,fewshot,riskneutral,0,0.99773,0.9663,0,,,massA=0.00219 massB=0.964,after,0,0.0
p1,242,24,risk,0,168,214,0.76,0.9681,1,True,B,allenai/OLMo-2-1124-7B-Instruct,fewshot,riskneutral,0,0.99697,0.16013,1,,,massA=0.000485 massB=0.16,after,0,0.0
p1,16,1,risk,0,58,116,0.66,1.32,3,True,B,allenai/OLMo-2-1124-7B-Instruct,fewshot,riskneutral,0,0.99956,0.98972,0,,,massA=0.00044 massB=0.989,after,0,0.0
p1,29,2,risk,0,162,661,0.26,1.0609,4,False,A,allenai/OLMo-2-1124-7B-Instruct,fewshot,riskneutral,0,0.75635,0.43669,0,,,massA=0.33 massB=0.106,after,0,0.0
p1,162,16,risk,0,139,234,0.6,1.0101,1,True,B,allenai/OLMo-2-1124-7B-Instruct,fewshot,riskneutral,0,0.99474,0.14286,1,,,massA=0.000752 massB=0.142,after,0,0.0
p1,19,1,risk,0,58,116,0.66,1.32,4,False,A,allenai/OLMo-2-1124-7B-Instruct,fewshot,riskneutral,0,0.8808,0.56606,0,,,massA=0.499 massB=0.0675,after,0,0.0
p1,199,19,risk,0,64,122,0.49,0.9341,4,False,A,allenai/OLMo-2-1124-7B-Instruct,fewshot,riskneutral,0,0.57749,0.51789,0,,,massA=0.299 massB=0.219,after,0,0.0
p1,5,0,risk,0,186,984,0.26,1.3755,2,False,A,allenai/OLMo-2-1124-7B-Instruct,fewshot,riskneutral,0,0.97667,0.87503,0,,,massA=0.855 massB=0.0204,after,0,0.0
p1,144,14,risk,0,81,201,0.68,1.6874,2,True,B,allenai/OLMo-2-1124-7B-Instruct,fewshot,riskneutral,0,0.9992,0.96243,0,,,massA=0.000768 massB=0.962,after,0,0.0
p1,108,10,risk,0,111,278,0.58,1.4526,4,True,B,allenai/OLMo-2-1124-7B-Instruct,fewshot,riskneutral,0,0.99509,0.60613,0,,,massA=0.00297 massB=0.603,after,0,0.0
p1,301,30,risk,0,149,447,0.26,0.78,0,False,A,allenai/OLMo-2-1124-7B-Instruct,fewshot,riskneutral,0,0.63341,0.83132,0,,,massA=0.527 massB=0.305,after,0,0.0
p1,148,14,risk,0,81,201,0.68,1.6874,4,True,B,allenai/OLMo-2-1124-7B-Instruct,fewshot,riskneutral,0,0.9969,0.64811,0,,,massA=0.00201 massB=0.646,after,0,0.0
p1,15,1,risk,0,58,116,0.66,1.32,2,False,A,allenai/OLMo-2-1124-7B-Instruct,fewshot,riskneutral,0,0.99755,0.94592,0,,,massA=0.944 massB=0.00232,after,0,0.0
p1,20,2,risk,0,162,661,0.26,1.0609,0,True,B,allenai/OLMo-2-1124-7B-Instruct,fewshot,riskneutral,0,0.99553,0.90585,0,,,massA=0.00405 massB=0.902,after,0,0.0
p1,193,19,risk,0,64,122,0.49,0.9341,1,False,A,allenai/OLMo-2-1124-7B-Instruct,fewshot,riskneutral,0,0.90084,0.01388,1,,,massA=0.0125 massB=0.00138,after,0,0.0
p1,63,6,risk,0,94,101,0.71,0.7629,1,False,A,allenai/OLMo-2-1124-7B-Instruct,fewshot,riskneutral,0,0.98942,0.00614,1,,,massA=0.00608 massB=6.5e-05,after,0,0.0
p1,167,16,risk,0,139,234,0.6,1.0101,3,False,A,allenai/OLMo-2-1124-7B-Instruct,fewshot,riskneutral,0,0.97539,0.58665,0,,,massA=0.572 massB=0.0144,after,0,0.0
p1,357,35,risk,0,91,133,0.68,0.9938,3,False,A,allenai/OLMo-2-1124-7B-Instruct,fewshot,riskneutral,0,0.97805,0.68107,0,,,massA=0.666 massB=0.0149,after,0,0.0
p1,58,5,risk,0,162,381,0.46,1.0819,4,True,B,allenai/OLMo-2-1124-7B-Instruct,fewshot,riskneutral,0,0.99271,0.5209,0,,,massA=0.0038 massB=0.517,after,0,0.0
p1,309,30,risk,0,149,447,0.26,0.78,4,False,A,allenai/OLMo-2-1124-7B-Instruct,fewshot,riskneutral,0,0.40168,0.65438,0,,,massA=0.263 massB=0.392,after,0,0.0
p1,147,14,risk,0,81,201,0.68,1.6874,3,False,A,allenai/OLMo-2-1124-7B-Instruct,fewshot,riskneutral,0,0.92576,0.62361,0,,,massA=0.577 massB=0.0463,after,0,0.0
p1,42,4,risk,0,29,71,0.55,1.3466,1,True,B,allenai/OLMo-2-1124-7B-Instruct,fewshot,riskneutral,0,0.9944,0.12839,1,,,massA=0.000719 massB=0.128,after,0,0.0
p1,249,24,risk,0,168,214,0.76,0.9681,4,False,A,allenai/OLMo-2-1124-7B-Instruct,fewshot,riskneutral,0,0.98188,0.57707,0,,,massA=0.567 massB=0.0105,after,0,0.0
p1,311,31,risk,0,51,151,0.29,0.8586,0,False,A,allenai/OLMo-2-1124-7B-Instruct,fewshot,riskneutral,0,0.81757,0.8448,0,,,massA=0.691 massB=0.154,after,0,0.0
p1,163,16,risk,0,139,234,0.6,1.0101,1,False,A,allenai/OLMo-2-1124-7B-Instruct,fewshot,riskneutral,0,0.98947,0.01187,1,,,massA=0.0117 massB=0.000125,after,0,0.0
p1,122,12,risk,0,164,541,0.38,1.2535,1,True,B,allenai/OLMo-2-1124-7B-Instruct,fewshot,riskneutral,0,0.99567,0.09133,1,,,massA=0.000396 massB=0.0909,after,0,0.0
p1,388,38,risk,0,183,609,0.38,1.2646,4,True,B,allenai/OLMo-2-1124-7B-Instruct,fewshot,riskneutral,0,0.9949,0.54797,0,,,massA=0.00279 massB=0.545,after,0,0.0
p1,168,16,risk,0,139,234,0.6,1.0101,4,True,B,allenai/OLMo-2-1124-7B-Instruct,fewshot,riskneutral,0,0.99436,0.63436,0,,,massA=0.00358 massB=0.631,after,0,0.0
p1,192,19,risk,0,64,122,0.49,0.9341,1,True,B,allenai/OLMo-2-1124-7B-Instruct,fewshot,riskneutral,0,0.99541,0.1563,1,,,massA=0.000718 massB=0.156,after,0,0.0
p1,266,26,risk,0,59,151,0.36,0.9214,3,True,B,allenai/OLMo-2-1124-7B-Instruct,fewshot,riskneutral,0,0.99924,0.98934,0,,,massA=0.000753 massB=0.989,after,0,0.0
p1,300,30,risk,0,149,447,0.26,0.78,0,True,B,allenai/OLMo-2-1124-7B-Instruct,fewshot,riskneutral,0,0.9949,0.89966,0,,,massA=0.00459 massB=0.895,after,0,0.0
p1,282,28,risk,0,132,181,0.76,1.0421,1,True,B,allenai/OLMo-2-1124-7B-Instruct,fewshot,riskneutral,0,0.99701,0.12625,1,,,massA=0.000378 massB=0.126,after,0,0.0
p1,219,21,risk,0,106,206,0.73,1.4187,4,False,A,allenai/OLMo-2-1124-7B-Instruct,fewshot,riskneutral,0,0.9679,0.42698,0,,,massA=0.413 massB=0.0137,after,0,0.0
p1,101,10,risk,0,111,278,0.58,1.4526,0,False,A,allenai/OLMo-2-1124-7B-Instruct,fewshot,riskneutral,0,0.68257,0.86986,0,,,massA=0.594 massB=0.276,after,0,0.0
p1,123,12,risk,0,164,541,0.38,1.2535,1,False,A,allenai/OLMo-2-1124-7B-Instruct,fewshot,riskneutral,0,0.98565,0.01838,1,,,massA=0.0181 massB=0.000264,after,0,0.0
p1,82,8,risk,0,62,263,0.33,1.3998,1,True,B,allenai/OLMo-2-1124-7B-Instruct,fewshot,riskneutral,0,0.99718,0.10915,1,,,massA=0.000308 massB=0.109,after,0,0.0
p1,268,26,risk,0,59,151,0.36,0.9214,4,True,B,allenai/OLMo-2-1124-7B-Instruct,fewshot,riskneutral,0,0.99574,0.76626,0,,,massA=0.00327 massB=0.763,after,0,0.0
p1,151,15,risk,0,82,113,0.74,1.0198,0,False,A,allenai/OLMo-2-1124-7B-Instruct,fewshot,riskneutral,0,0.80685,0.76226,0,,,massA=0.615 massB=0.147,after,0,0.0
p1,171,17,risk,0,117,362,0.42,1.2995,0,False,A,allenai/OLMo-2-1124-7B-Instruct,fewshot,riskneutral,0,0.70578,0.8468,0,,,massA=0.598 massB=0.249,after,0,0.0
p1,375,37,risk,0,151,252,0.68,1.1348,2,False,A,allenai/OLMo-2-1124-7B-Instruct,fewshot,riskneutral,0,0.99833,0.91966,0,,,massA=0.918 massB=0.00154,after,0,0.0
p1,6,0,risk,0,186,984,0.26,1.3755,3,True,B,allenai/OLMo-2-1124-7B-Instruct,fewshot,riskneutral,0,0.99894,0.97274,0,,,massA=0.00103 massB=0.972,after,0,0.0
p1,326,32,risk,0,131,236,0.57,1.0269,3,True,B,allenai/OLMo-2-1124-7B-Instruct,fewshot,riskneutral,0,0.99926,0.98673,0,,,massA=0.000734 massB=0.986,after,0,0.0
p1,227,22,risk,0,81,163,0.72,1.4489,3,False,A,allenai/OLMo-2-1124-7B-Instruct,fewshot,riskneutral,0,0.97501,0.54375,0,,,massA=0.53 massB=0.0136,after,0,0.0
p1,279,27,risk,0,166,433,0.53,1.3825,4,False,A,allenai/OLMo-2-1124-7B-Instruct,fewshot,riskneutral,0,0.85293,0.62835,0,,,massA=0.536 massB=0.0924,after,0,0.0
p1,376,37,risk,0,151,252,0.68,1.1348,3,True,B,allenai/OLMo-2-1124-7B-Instruct,fewshot,riskneutral,0,0.99955,0.98618,0,,,massA=0.000445 massB=0.986,after,0,0.0
p1,392,39,risk,0,178,567,0.32,1.0193,1,True,B,allenai/OLMo-2-1124-7B-Instruct,fewshot,riskneutral,0,0.99747,0.25129,0,,,massA=0.000636 massB=0.251,after,0,0.0
p1,331,33,risk,0,142,446,0.53,1.6646,0,False,A,allenai/OLMo-2-1124-7B-Instruct,fewshot,riskneutral,0,0.70089,0.84282,0,,,massA=0.591 massB=0.252,after,0,0.0
p1,93,9,risk,0,49,153,0.26,0.8118,1,False,A,allenai/OLMo-2-1124-7B-Instruct,fewshot,riskneutral,0,0.87229,0.01878,1,,,massA=0.0164 massB=0.0024,after,0,0.0
p1,125,12,risk,0,164,541,0.38,1.2535,2,False,A,allenai/OLMo-2-1124-7B-Instruct,fewshot,riskneutral,0,0.98698,0.88104,0,,,massA=0.87 massB=0.0115,after,0,0.0
p1,344,34,risk,0,52,96,0.63,1.1631,2,True,B,allenai/OLMo-2-1124-7B-Instruct,fewshot,riskneutral,0,0.99906,0.98255,0,,,massA=0.000924 massB=0.982,after,0,0.0
p1,9,0,risk,0,186,984,0.26,1.3755,4,False,A,allenai/OLMo-2-1124-7B-Instruct,fewshot,riskneutral,0,0.70902,0.43033,0,,,massA=0.305 massB=0.125,after,0,0.0
p1,297,29,risk,0,79,81,0.83,0.851,3,False,A,allenai/OLMo-2-1124-7B-Instruct,fewshot,riskneutral,0,0.98527,0.58603,0,,,massA=0.577 massB=0.00863,after,0,0.0
p1,161,16,risk,0,139,234,0.6,1.0101,0,False,A,allenai/OLMo-2-1124-7B-Instruct,fewshot,riskneutral,0,0.87578,0.8294,0,,,massA=0.726 massB=0.103,after,0,0.0
p1,386,38,risk,0,183,609,0.38,1.2646,3,True,B,allenai/OLMo-2-1124-7B-Instruct,fewshot,riskneutral,0,0.99921,0.97679,0,,,massA=0.000773 massB=0.976,after,0,0.0
p1,289,28,risk,0,132,181,0.76,1.0421,4,False,A,allenai/OLMo-2-1124-7B-Instruct,fewshot,riskneutral,0,0.97024,0.47055,0,,,massA=0.457 massB=0.014,after,0,0.0
p1,356,35,risk,0,91,133,0.68,0.9938,3,True,B,allenai/OLMo-2-1124-7B-Instruct,fewshot,riskneutral,0,0.99957,0.98946,0,,,massA=0.000429 massB=0.989,after,0,0.0
p1,304,30,risk,0,149,447,0.26,0.78,2,True,B,allenai/OLMo-2-1124-7B-Instruct,fewshot,riskneutral,0,0.99599,0.93057,0,,,massA=0.00373 massB=0.927,after,0,0.0
p1,234,23,risk,0,91,626,0.23,1.5822,2,True,B,allenai/OLMo-2-1124-7B-Instruct,fewshot,riskneutral,0,0.99652,0.92595,0,,,massA=0.00323 massB=0.923,after,0,0.0
p1,320,32,risk,0,131,236,0.57,1.0269,0,True,B,allenai/OLMo-2-1124-7B-Instruct,fewshot,riskneutral,0,0.99713,0.9347,0,,,massA=0.00268 massB=0.932,after,0,0.0
p1,76,7,risk,0,63,98,0.64,0.9956,3,True,B,allenai/OLMo-2-1124-7B-Instruct,fewshot,riskneutral,0,0.99888,0.98778,0,,,massA=0.00111 massB=0.987,after,0,0.0
p1,202,20,risk,0,186,266,0.63,0.901,1,True,B,allenai/OLMo-2-1124-7B-Instruct,fewshot,riskneutral,0,0.9939,0.17809,1,,,massA=0.00109 massB=0.177,after,0,0.0
p1,399,39,risk,0,178,567,0.32,1.0193,4,False,A,allenai/OLMo-2-1124-7B-Instruct,fewshot,riskneutral,0,0.83332,0.60051,0,,,massA=0.5 massB=0.1,after,0,0.0
p1,139,13,risk,0,72,88,0.64,0.7822,4,False,A,allenai/OLMo-2-1124-7B-Instruct,fewshot,riskneutral,0,0.69264,0.70813,0,,,massA=0.49 massB=0.218,after,0,0.0
p1,178,17,risk,0,117,362,0.42,1.2995,4,True,B,allenai/OLMo-2-1124-7B-Instruct,fewshot,riskneutral,0,0.99423,0.57231,0,,,massA=0.00331 massB=0.569,after,0,0.0
p1,145,14,risk,0,81,201,0.68,1.6874,2,False,A,allenai/OLMo-2-1124-7B-Instruct,fewshot,riskneutral,0,0.99108,0.86613,0,,,massA=0.858 massB=0.00772,after,0,0.0
p1,212,21,risk,0,106,206,0.73,1.4187,1,True,B,allenai/OLMo-2-1124-7B-Instruct,fewshot,riskneutral,0,0.99607,0.07414,1,,,massA=0.000291 massB=0.0738,after,0,0.0
p1,248,24,risk,0,168,214,0.76,0.9681,4,True,B,allenai/OLMo-2-1124-7B-Instruct,fewshot,riskneutral,0,0.99574,0.71766,0,,,massA=0.00306 massB=0.715,after,0,0.0
p1,65,6,risk,0,94,101,0.71,0.7629,2,False,A,allenai/OLMo-2-1124-7B-Instruct,fewshot,riskneutral,0,0.99822,0.8424,0,,,massA=0.841 massB=0.0015,after,0,0.0
p1,78,7,risk,0,63,98,0.64,0.9956,4,True,B,allenai/OLMo-2-1124-7B-Instruct,fewshot,riskneutral,0,0.98935,0.62327,0,,,massA=0.00664 massB=0.617,after,0,0.0
p1,56,5,risk,0,162,381,0.46,1.0819,3,True,B,allenai/OLMo-2-1124-7B-Instruct,fewshot,riskneutral,0,0.9989,0.97551,0,,,massA=0.00107 massB=0.974,after,0,0.0
p1,34,3,risk,0,46,158,0.33,1.1335,2,True,B,allenai/OLMo-2-1124-7B-Instruct,fewshot,riskneutral,0,0.99621,0.97224,0,,,massA=0.00369 massB=0.969,after,0,0.0
p1,302,30,risk,0,149,447,0.26,0.78,1,True,B,allenai/OLMo-2-1124-7B-Instruct,fewshot,riskneutral,0,0.99632,0.14504,1,,,massA=0.000533 massB=0.145,after,0,0.0
p1,246,24,risk,0,168,214,0.76,0.9681,3,True,B,allenai/OLMo-2-1124-7B-Instruct,fewshot,riskneutral,0,0.99956,0.98374,0,,,massA=0.00043 massB=0.983,after,0,0.0
p1,342,34,risk,0,52,96,0.63,1.1631,1,True,B,allenai/OLMo-2-1124-7B-Instruct,fewshot,riskneutral,0,0.99853,0.31409,0,,,massA=0.000461 massB=0.314,after,0,0.0
p1,41,4,risk,0,29,71,0.55,1.3466,0,False,A,allenai/OLMo-2-1124-7B-Instruct,fewshot,riskneutral,0,0.5506,0.79551,0,,,massA=0.438 massB=0.358,after,0,0.0
p1,372,37,risk,0,151,252,0.68,1.1348,1,True,B,allenai/OLMo-2-1124-7B-Instruct,fewshot,riskneutral,0,0.99745,0.13836,1,,,massA=0.000353 massB=0.138,after,0,0.0
p1,345,34,risk,0,52,96,0.63,1.1631,2,False,A,allenai/OLMo-2-1124-7B-Instruct,fewshot,riskneutral,0,0.9968,0.90126,0,,,massA=0.898 massB=0.00288,after,0,0.0
p1,229,22,risk,0,81,163,0.72,1.4489,4,False,A,allenai/OLMo-2-1124-7B-Instruct,fewshot,riskneutral,0,0.95362,0.38705,0,,,massA=0.369 massB=0.018,after,0,0.0
p1,315,31,risk,0,51,151,0.29,0.8586,2,False,A,allenai/OLMo-2-1124-7B-Instruct,fewshot,riskneutral,0,0.98201,0.87735,0,,,massA=0.862 massB=0.0158,after,0,0.0
p1,190,19,risk,0,64,122,0.49,0.9341,0,True,B,allenai/OLMo-2-1124-7B-Instruct,fewshot,riskneutral,0,0.99502,0.94998,0,,,massA=0.00473 massB=0.945,after,0,0.0
p1,35,3,risk,0,46,158,0.33,1.1335,2,False,A,allenai/OLMo-2-1124-7B-Instruct,fewshot,riskneutral,0,0.95885,0.89114,0,,,massA=0.854 massB=0.0367,after,0,0.0
p1,184,18,risk,0,41,61,0.58,0.8629,2,True,B,allenai/OLMo-2-1124-7B-Instruct,fewshot,riskneutral,0,0.99356,0.98257,0,,,massA=0.00633 massB=0.976,after,0,0.0
p1,327,32,risk,0,131,236,0.57,1.0269,3,False,A,allenai/OLMo-2-1124-7B-Instruct,fewshot,riskneutral,0,0.95362,0.62682,0,,,massA=0.598 massB=0.0291,after,0,0.0
p1,269,26,risk,0,59,151,0.36,0.9214,4,False,A,allenai/OLMo-2-1124-7B-Instruct,fewshot,riskneutral,0,0.75201,0.51269,0,,,massA=0.386 massB=0.127,after,0,0.0
p1,69,6,risk,0,94,101,0.71,0.7629,4,False,A,allenai/OLMo-2-1124-7B-Instruct,fewshot,riskneutral,0,0.97887,0.41702,0,,,massA=0.408 massB=0.00881,after,0,0.0
p1,305,30,risk,0,149,447,0.26,0.78,2,False,A,allenai/OLMo-2-1124-7B-Instruct,fewshot,riskneutral,0,0.94165,0.865,0,,,massA=0.815 massB=0.0505,after,0,0.0
p1,358,35,risk,0,91,133,0.68,0.9938,4,True,B,allenai/OLMo-2-1124-7B-Instruct,fewshot,riskneutral,0,0.99668,0.75805,0,,,massA=0.00252 massB=0.756,after,0,0.0
p1,366,36,risk,0,98,227,0.47,1.0887,3,True,B,allenai/OLMo-2-1124-7B-Instruct,fewshot,riskneutral,0,0.99922,0.98648,0,,,massA=0.000769 massB=0.986,after,0,0.0
p1,278,27,risk,0,166,433,0.53,1.3825,4,True,B,allenai/OLMo-2-1124-7B-Instruct,fewshot,riskneutral,0,0.99404,0.57673,0,,,massA=0.00344 massB=0.573,after,0,0.0
p1,153,15,risk,0,82,113,0.74,1.0198,1,False,A,allenai/OLMo-2-1124-7B-Instruct,fewshot,riskneutral,0,0.99268,0.00659,1,,,massA=0.00654 massB=4.82e-05,after,0,0.0
p1,195,19,risk,0,64,122,0.49,0.9341,2,False,A,allenai/OLMo-2-1124-7B-Instruct,fewshot,riskneutral,0,0.98999,0.82945,0,,,massA=0.821 massB=0.00831,after,0,0.0
p1,47,4,risk,0,29,71,0.55,1.3466,3,False,A,allenai/OLMo-2-1124-7B-Instruct,fewshot,riskneutral,0,0.62245,0.72113,0,,,massA=0.449 massB=0.272,after,0,0.0
p1,85,8,risk,0,62,263,0.33,1.3998,2,False,A,allenai/OLMo-2-1124-7B-Instruct,fewshot,riskneutral,0,0.98785,0.87815,0,,,massA=0.867 massB=0.0107,after,0,0.0
p1,23,2,risk,0,162,661,0.26,1.0609,1,False,A,allenai/OLMo-2-1124-7B-Instruct,fewshot,riskneutral,0,0.97537,0.01818,1,,,massA=0.0177 massB=0.000448,after,0,0.0
p1,256,25,risk,0,124,207,0.76,1.2687,3,True,B,allenai/OLMo-2-1124-7B-Instruct,fewshot,riskneutral,0,0.99919,0.98078,0,,,massA=0.000795 massB=0.98,after,0,0.0
p1,225,22,risk,0,81,163,0.72,1.4489,2,False,A,allenai/OLMo-2-1124-7B-Instruct,fewshot,riskneutral,0,0.99795,0.87728,0,,,massA=0.875 massB=0.0018,after,0,0.0
p1,293,29,risk,0,79,81,0.83,0.851,1,False,A,allenai/OLMo-2-1124-7B-Instruct,fewshot,riskneutral,0,0.98469,0.01272,1,,,massA=0.0125 massB=0.000195,after,0,0.0
p1,88,8,risk,0,62,263,0.33,1.3998,4,True,B,allenai/OLMo-2-1124-7B-Instruct,fewshot,riskneutral,0,0.99101,0.51631,0,,,massA=0.00464 massB=0.512,after,0,0.0
p1,134,13,risk,0,72,88,0.64,0.7822,2,True,B,allenai/OLMo-2-1124-7B-Instruct,fewshot,riskneutral,0,0.99743,0.97851,0,,,massA=0.00252 massB=0.976,after,0,0.0
p1,136,13,risk,0,72,88,0.64,0.7822,3,True,B,allenai/OLMo-2-1124-7B-Instruct,fewshot,riskneutral,0,0.99932,0.99195,0,,,massA=0.000672 massB=0.991,after,0,0.0
p1,46,4,risk,0,29,71,0.55,1.3466,3,True,B,allenai/OLMo-2-1124-7B-Instruct,fewshot,riskneutral,0,0.99854,0.99027,0,,,massA=0.00144 massB=0.989,after,0,0.0
p1,348,34,risk,0,52,96,0.63,1.1631,4,True,B,allenai/OLMo-2-1124-7B-Instruct,fewshot,riskneutral,0,0.99557,0.83933,0,,,massA=0.00372 massB=0.836,after,0,0.0
p1,14,1,risk,0,58,116,0.66,1.32,2,True,B,allenai/OLMo-2-1124-7B-Instruct,fewshot,riskneutral,0,0.99874,0.9742,0,,,massA=0.00123 massB=0.973,after,0,0.0
p1,117,11,risk,0,54,68,0.81,1.02,3,False,A,allenai/OLMo-2-1124-7B-Instruct,fewshot,riskneutral,0,0.95431,0.69623,0,,,massA=0.664 massB=0.0318,after,0,0.0
p1,335,33,risk,0,142,446,0.53,1.6646,2,False,A,allenai/OLMo-2-1124-7B-Instruct,fewshot,riskneutral,0,0.95397,0.88615,0,,,massA=0.845 massB=0.0408,after,0,0.0
p1,75,7,risk,0,63,98,0.64,0.9956,2,False,A,allenai/OLMo-2-1124-7B-Instruct,fewshot,riskneutral,0,0.99665,0.89988,0,,,massA=0.897 massB=0.00302,after,0,0.0
p1,130,13,risk,0,72,88,0.64,0.7822,0,True,B,allenai/OLMo-2-1124-7B-Instruct,fewshot,riskneutral,0,0.99733,0.9526,0,,,massA=0.00255 massB=0.95,after,0,0.0
p1,172,17,risk,0,117,362,0.42,1.2995,1,True,B,allenai/OLMo-2-1124-7B-Instruct,fewshot,riskneutral,0,0.99478,0.13171,1,,,massA=0.000688 massB=0.131,after,0,0.0
p1,381,38,risk,0,183,609,0.38,1.2646,0,False,A,allenai/OLMo-2-1124-7B-Instruct,fewshot,riskneutral,0,0.70578,0.87522,0,,,massA=0.618 massB=0.258,after,0,0.0
p1,231,23,risk,0,91,626,0.23,1.5822,0,False,A,allenai/OLMo-2-1124-7B-Instruct,fewshot,riskneutral,0,0.8606,0.79346,0,,,massA=0.683 massB=0.111,after,0,0.0
p1,61,6,risk,0,94,101,0.71,0.7629,0,False,A,allenai/OLMo-2-1124-7B-Instruct,fewshot,riskneutral,0,0.81048,0.696,0,,,massA=0.564 massB=0.132,after,0,0.0
p1,66,6,risk,0,94,101,0.71,0.7629,3,True,B,allenai/OLMo-2-1124-7B-Instruct,fewshot,riskneutral,0,0.99943,0.9873,0,,,massA=0.000559 massB=0.987,after,0,0.0
p1,364,36,risk,0,98,227,0.47,1.0887,2,True,B,allenai/OLMo-2-1124-7B-Instruct,fewshot,riskneutral,0,0.99813,0.95888,0,,,massA=0.00179 massB=0.957,after,0,0.0
p1,157,15,risk,0,82,113,0.74,1.0198,3,False,A,allenai/OLMo-2-1124-7B-Instruct,fewshot,riskneutral,0,0.98131,0.53489,0,,,massA=0.525 massB=0.01,after,0,0.0
p1,31,3,risk,0,46,158,0.33,1.1335,0,False,A,allenai/OLMo-2-1124-7B-Instruct,fewshot,riskneutral,0,0.63883,0.86777,0,,,massA=0.554 massB=0.313,after,0,0.0
p2,379,12,gain,0,164,541,0.38,1.2535,4,False,A,allenai/OLMo-2-1124-7B-Instruct,fewshot,riskneutral,0,0.71383,0.63553,0,,,massA=0.454 massB=0.182,after,0,0.0
p2,232,7,mixed,63,63,98,0.64,0.9956,1,True,B,allenai/OLMo-2-1124-7B-Instruct,fewshot,riskneutral,0,0.97967,0.95282,0,,,massA=0.0194 massB=0.933,after,0,0.0
p2,430,14,gain,0,81,201,0.68,1.6874,0,True,B,allenai/OLMo-2-1124-7B-Instruct,fewshot,riskneutral,0,0.98636,0.86886,0,,,massA=0.0118 massB=0.857,after,0,0.0
p2,153,5,neutral,0,162,381,0.46,1.0819,1,False,A,allenai/OLMo-2-1124-7B-Instruct,fewshot,riskneutral,0,0.99629,0.81395,0,,,massA=0.811 massB=0.00302,after,0,0.0
p2,1001,33,gain,0,142,446,0.53,1.6646,0,False,A,allenai/OLMo-2-1124-7B-Instruct,fewshot,riskneutral,0,0.66017,0.85919,0,,,massA=0.567 massB=0.292,after,0,0.0
p2,632,21,neutral,0,106,206,0.73,1.4187,1,True,B,allenai/OLMo-2-1124-7B-Instruct,fewshot,riskneutral,0,0.98188,0.82334,0,,,massA=0.0149 massB=0.808,after,0,0.0
p2,546,18,neutral,0,41,61,0.58,0.8629,3,True,B,allenai/OLMo-2-1124-7B-Instruct,fewshot,riskneutral,0,0.99843,0.97265,0,,,massA=0.00153 massB=0.971,after,0,0.0
p2,371,12,gain,0,164,541,0.38,1.2535,0,False,A,allenai/OLMo-2-1124-7B-Instruct,fewshot,riskneutral,0,0.82894,0.861,0,,,massA=0.714 massB=0.147,after,0,0.0
p2,283,9,gain,0,49,153,0.26,0.8118,1,False,A,allenai/OLMo-2-1124-7B-Instruct,fewshot,riskneutral,0,0.61877,0.89679,0,,,massA=0.555 massB=0.342,after,0,0.0
p2,256,8,gain,0,62,263,0.33,1.3998,3,True,B,allenai/OLMo-2-1124-7B-Instruct,fewshot,riskneutral,0,0.99901,0.96833,0,,,massA=0.000954 massB=0.967,after,0,0.0
p2,1127,37,gain,0,151,252,0.68,1.1348,3,False,A,allenai/OLMo-2-1124-7B-Instruct,fewshot,riskneutral,0,0.91118,0.88155,0,,,massA=0.803 massB=0.0783,after,0,0.0
p2,264,8,mixed,62,62,263,0.33,1.3998,2,True,B,allenai/OLMo-2-1124-7B-Instruct,fewshot,riskneutral,0,0.98757,0.98487,0,,,massA=0.0122 massB=0.973,after,0,0.0
p2,1266,33,dominant,0,142,179,1.0,1.2606,0,True,B,allenai/OLMo-2-1124-7B-Instruct,fewshot,riskneutral,0,0.98561,0.96539,0,,,massA=0.0139 massB=0.951,after,0,0.0
p2,868,28,mixed,132,132,181,0.76,1.0421,4,True,B,allenai/OLMo-2-1124-7B-Instruct,fewshot,riskneutral,0,0.98615,0.66957,0,,,massA=0.00927 massB=0.66,after,0,0.0
p2,711,23,mixed,91,91,626,0.23,1.5822,0,False,A,allenai/OLMo-2-1124-7B-Instruct,fewshot,riskneutral,0,0.92684,0.92265,0,,,massA=0.855 massB=0.0675,after,0,0.0
p2,152,5,neutral,0,162,381,0.46,1.0819,1,True,B,allenai/OLMo-2-1124-7B-Instruct,fewshot,riskneutral,0,0.97998,0.74719,0,,,massA=0.015 massB=0.732,after,0,0.0
p2,919,30,gain,0,149,447,0.26,0.78,4,False,A,allenai/OLMo-2-1124-7B-Instruct,fewshot,riskneutral,0,0.16344,0.8251,0,,,massA=0.135 massB=0.69,after,0,0.0
p2,747,24,mixed,168,168,214,0.76,0.9681,3,False,A,allenai/OLMo-2-1124-7B-Instruct,fewshot,riskneutral,0,0.64243,0.92629,0,,,massA=0.595 massB=0.331,after,0,0.0
p2,129,4,neutral,0,29,71,0.55,1.3466,4,False,A,allenai/OLMo-2-1124-7B-Instruct,fewshot,riskneutral,0,0.56601,0.46653,0,,,massA=0.264 massB=0.202,after,0,0.0
p2,560,18,mixed,41,41,61,0.58,0.8629,0,True,B,allenai/OLMo-2-1124-7B-Instruct,fewshot,riskneutral,0,0.98718,0.95282,0,,,massA=0.0122 massB=0.941,after,0,0.0
p2,193,6,gain,0,94,101,0.71,0.7629,1,False,A,allenai/OLMo-2-1124-7B-Instruct,fewshot,riskneutral,0,0.98991,0.84365,0,,,massA=0.835 massB=0.00851,after,0,0.0
p2,575,19,neutral,0,64,122,0.49,0.9341,2,False,A,allenai/OLMo-2-1124-7B-Instruct,fewshot,riskneutral,0,0.99366,0.81184,0,,,massA=0.807 massB=0.00515,after,0,0.0
p2,571,19,neutral,0,64,122,0.49,0.9341,0,False,A,allenai/OLMo-2-1124-7B-Instruct,fewshot,riskneutral,0,0.65135,0.84849,0,,,massA=0.553 massB=0.296,after,0,0.0
p2,54,1,mixed,58,58,116,0.66,1.32,2,True,B,allenai/OLMo-2-1124-7B-Instruct,fewshot,riskneutral,0,0.98757,0.98371,0,,,massA=0.0122 massB=0.971,after,0,0.0
p2,1042,34,mixed,52,52,96,0.63,1.1631,1,True,B,allenai/OLMo-2-1124-7B-Instruct,fewshot,riskneutral,0,0.98884,0.95878,0,,,massA=0.0107 massB=0.948,after,0,0.0
p2,111,3,mixed,46,46,158,0.33,1.1335,0,False,A,allenai/OLMo-2-1124-7B-Instruct,fewshot,riskneutral,0,0.86522,0.92316,0,,,massA=0.799 massB=0.124,after,0,0.0
p2,1105,36,mixed,98,98,227,0.47,1.0887,2,False,A,allenai/OLMo-2-1124-7B-Instruct,fewshot,riskneutral,0,0.99502,0.96903,0,,,massA=0.964 massB=0.00483,after,0,0.0
p2,227,7,gain,0,63,98,0.64,0.9956,3,False,A,allenai/OLMo-2-1124-7B-Instruct,fewshot,riskneutral,0,0.8872,0.90325,0,,,massA=0.801 massB=0.102,after,0,0.0
p2,1089,36,neutral,0,98,227,0.47,1.0887,4,False,A,allenai/OLMo-2-1124-7B-Instruct,fewshot,riskneutral,0,0.52926,0.46267,0,,,massA=0.245 massB=0.218,after,0,0.0
p2,727,24,neutral,0,168,214,0.76,0.9681,3,False,A,allenai/OLMo-2-1124-7B-Instruct,fewshot,riskneutral,0,0.93487,0.80405,0,,,massA=0.752 massB=0.0524,after,0,0.0
p2,399,13,neutral,0,72,88,0.64,0.7822,4,False,A,allenai/OLMo-2-1124-7B-Instruct,fewshot,riskneutral,0,0.83114,0.57197,0,,,massA=0.475 massB=0.0966,after,0,0.0
p2,1078,35,mixed,91,91,133,0.68,0.9938,4,True,B,allenai/OLMo-2-1124-7B-Instruct,fewshot,riskneutral,0,0.98572,0.71051,0,,,massA=0.0101 massB=0.7,after,0,0.0
p2,496,16,gain,0,139,234,0.6,1.0101,3,True,B,allenai/OLMo-2-1124-7B-Instruct,fewshot,riskneutral,0,0.99867,0.94972,0,,,massA=0.00126 massB=0.948,after,0,0.0
p2,1014,33,mixed,142,142,446,0.53,1.6646,2,True,B,allenai/OLMo-2-1124-7B-Instruct,fewshot,riskneutral,0,0.9908,0.98544,0,,,massA=0.00906 massB=0.976,after,0,0.0
p2,443,14,mixed,81,81,201,0.68,1.6874,1,False,A,allenai/OLMo-2-1124-7B-Instruct,fewshot,riskneutral,0,0.99436,0.92559,0,,,massA=0.92 massB=0.00522,after,0,0.0
p2,1224,12,dominant,0,164,181,1.0,1.1037,2,True,B,allenai/OLMo-2-1124-7B-Instruct,fewshot,riskneutral,0,0.97771,0.98523,0,,,massA=0.022 massB=0.963,after,0,0.0
p2,41,1,gain,0,58,116,0.66,1.32,0,False,A,allenai/OLMo-2-1124-7B-Instruct,fewshot,riskneutral,0,0.97364,0.91904,0,,,massA=0.895 massB=0.0242,after,0,0.0
p2,69,2,neutral,0,162,661,0.26,1.0609,4,False,A,allenai/OLMo-2-1124-7B-Instruct,fewshot,riskneutral,0,0.6893,0.46013,0,,,massA=0.317 massB=0.143,after,0,0.0
p2,625,20,mixed,186,186,266,0.63,0.901,2,False,A,allenai/OLMo-2-1124-7B-Instruct,fewshot,riskneutral,0,0.9931,0.96674,0,,,massA=0.96 massB=0.00667,after,0,0.0
p2,254,8,gain,0,62,263,0.33,1.3998,2,True,B,allenai/OLMo-2-1124-7B-Instruct,fewshot,riskneutral,0,0.9836,0.98305,0,,,massA=0.0161 massB=0.967,after,0,0.0
p2,528,17,gain,0,117,362,0.42,1.2995,4,True,B,allenai/OLMo-2-1124-7B-Instruct,fewshot,riskneutral,0,0.99574,0.93455,0,,,massA=0.00399 massB=0.931,after,0,0.0
p2,276,9,neutral,0,49,153,0.26,0.8118,3,True,B,allenai/OLMo-2-1124-7B-Instruct,fewshot,riskneutral,0,0.99879,0.95447,0,,,massA=0.00115 massB=0.953,after,0,0.0
p2,929,30,mixed,149,149,447,0.26,0.78,4,False,A,allenai/OLMo-2-1124-7B-Instruct,fewshot,riskneutral,0,0.9149,0.69696,0,,,massA=0.638 massB=0.0593,after,0,0.0
p2,700,23,gain,0,91,626,0.23,1.5822,0,True,B,allenai/OLMo-2-1124-7B-Instruct,fewshot,riskneutral,0,0.98967,0.92926,0,,,massA=0.0096 massB=0.92,after,0,0.0
p2,908,30,neutral,0,149,447,0.26,0.78,4,True,B,allenai/OLMo-2-1124-7B-Instruct,fewshot,riskneutral,0,0.99739,0.71729,0,,,massA=0.00187 massB=0.715,after,0,0.0
p2,809,26,mixed,59,59,151,0.36,0.9214,4,False,A,allenai/OLMo-2-1124-7B-Instruct,fewshot,riskneutral,0,0.84286,0.73371,0,,,massA=0.618 massB=0.115,after,0,0.0
p2,207,6,mixed,94,94,101,0.71,0.7629,3,False,A,allenai/OLMo-2-1124-7B-Instruct,fewshot,riskneutral,0,0.77594,0.90823,0,,,massA=0.705 massB=0.203,after,0,0.0
p2,216,7,neutral,0,63,98,0.64,0.9956,3,True,B,allenai/OLMo-2-1124-7B-Instruct,fewshot,riskneutral,0,0.99928,0.95811,0,,,massA=0.000691 massB=0.957,after,0,0.0
p2,601,20,neutral,0,186,266,0.63,0.901,0,False,A,allenai/OLMo-2-1124-7B-Instruct,fewshot,riskneutral,0,0.76207,0.90855,0,,,massA=0.692 massB=0.216,after,0,0.0
p2,317,10,gain,0,111,278,0.58,1.4526,3,False,A,allenai/OLMo-2-1124-7B-Instruct,fewshot,riskneutral,0,0.67747,0.87914,0,,,massA=0.596 massB=0.284,after,0,0.0
p2,1069,35,gain,0,91,133,0.68,0.9938,4,False,A,allenai/OLMo-2-1124-7B-Instruct,fewshot,riskneutral,0,0.8808,0.58816,0,,,massA=0.518 massB=0.0701,after,0,0.0
p2,42,1,gain,0,58,116,0.66,1.32,1,True,B,allenai/OLMo-2-1124-7B-Instruct,fewshot,riskneutral,0,0.93582,0.91433,0,,,massA=0.0587 massB=0.856,after,0,0.0
p2,1035,34,gain,0,52,96,0.63,1.1631,2,False,A,allenai/OLMo-2-1124-7B-Instruct,fewshot,riskneutral,0,0.99771,0.98605,0,,,massA=0.984 massB=0.00226,after,0,0.0
p2,475,15,mixed,82,82,113,0.74,1.0198,2,False,A,allenai/OLMo-2-1124-7B-Instruct,fewshot,riskneutral,0,0.99709,0.97405,0,,,massA=0.971 massB=0.00284,after,0,0.0
p2,610,20,gain,0,186,266,0.63,0.901,0,True,B,allenai/OLMo-2-1124-7B-Instruct,fewshot,riskneutral,0,0.98688,0.90772,0,,,massA=0.0119 massB=0.896,after,0,0.0
p2,773,25,mixed,124,124,207,0.76,1.2687,1,False,A,allenai/OLMo-2-1124-7B-Instruct,fewshot,riskneutral,0,0.99884,0.90739,0,,,massA=0.906 massB=0.00105,after,0,0.0
p2,1269,34,dominant,0,52,110,1.0,2.1154,3,False,A,allenai/OLMo-2-1124-7B-Instruct,fewshot,riskneutral,0,0.11358,0.92929,0,,,massA=0.106 massB=0.824,after,0,0.0
p2,243,8,neutral,0,62,263,0.33,1.3998,1,False,A,allenai/OLMo-2-1124-7B-Instruct,fewshot,riskneutral,0,0.99122,0.76805,0,,,massA=0.761 massB=0.00674,after,0,0.0
p2,416,13,mixed,72,72,88,0.64,0.7822,3,True,B,allenai/OLMo-2-1124-7B-Instruct,fewshot,riskneutral,0,0.99654,0.96995,0,,,massA=0.00335 massB=0.967,after,0,0.0
p2,1241,20,dominant,0,186,229,1.0,1.2312,2,False,A,allenai/OLMo-2-1124-7B-Instruct,fewshot,riskneutral,0,0.3057,0.97986,0,,,massA=0.3 massB=0.68,after,0,0.0
p2,580,19,gain,0,64,122,0.49,0.9341,0,True,B,allenai/OLMo-2-1124-7B-Instruct,fewshot,riskneutral,0,0.98058,0.91649,0,,,massA=0.0178 massB=0.899,after,0,0.0
p2,754,25,neutral,0,124,207,0.76,1.2687,2,True,B,allenai/OLMo-2-1124-7B-Instruct,fewshot,riskneutral,0,0.99938,0.96986,0,,,massA=0.000605 massB=0.969,after,0,0.0
p2,1128,37,gain,0,151,252,0.68,1.1348,4,True,B,allenai/OLMo-2-1124-7B-Instruct,fewshot,riskneutral,0,0.99722,0.93723,0,,,massA=0.0026 massB=0.935,after,0,0.0
p2,612,20,gain,0,186,266,0.63,0.901,1,True,B,allenai/OLMo-2-1124-7B-Instruct,fewshot,riskneutral,0,0.85873,0.90651,0,,,massA=0.128 massB=0.778,after,0,0.0
p2,549,18,neutral,0,41,61,0.58,0.8629,4,False,A,allenai/OLMo-2-1124-7B-Instruct,fewshot,riskneutral,0,0.96432,0.37215,0,,,massA=0.359 massB=0.0133,after,0,0.0
p2,478,15,mixed,82,82,113,0.74,1.0198,4,True,B,allenai/OLMo-2-1124-7B-Instruct,fewshot,riskneutral,0,0.98295,0.67778,0,,,massA=0.0116 massB=0.666,after,0,0.0
p2,938,31,neutral,0,51,151,0.29,0.8586,4,True,B,allenai/OLMo-2-1124-7B-Instruct,fewshot,riskneutral,0,0.99685,0.85901,0,,,massA=0.0027 massB=0.856,after,0,0.0
p2,162,5,gain,0,162,381,0.46,1.0819,1,True,B,allenai/OLMo-2-1124-7B-Instruct,fewshot,riskneutral,0,0.93488,0.92176,0,,,massA=0.06 massB=0.862,after,0,0.0
p2,343,11,gain,0,54,68,0.81,1.02,1,False,A,allenai/OLMo-2-1124-7B-Instruct,fewshot,riskneutral,0,0.96432,0.9326,0,,,massA=0.899 massB=0.0333,after,0,0.0
p2,779,25,mixed,124,124,207,0.76,1.2687,4,False,A,allenai/OLMo-2-1124-7B-Instruct,fewshot,riskneutral,0,0.97324,0.67027,0,,,massA=0.652 massB=0.0179,after,0,0.0
p2,740,24,mixed,168,168,214,0.76,0.9681,0,True,B,allenai/OLMo-2-1124-7B-Instruct,fewshot,riskneutral,0,0.99532,0.96449,0,,,massA=0.00452 massB=0.96,after,0,0.0
p2,1256,28,dominant,0,132,158,1.0,1.197,3,True,B,allenai/OLMo-2-1124-7B-Instruct,fewshot,riskneutral,0,0.99423,0.93752,0,,,massA=0.00541 massB=0.932,after,0,0.0
p2,1159,38,gain,0,183,609,0.38,1.2646,4,False,A,allenai/OLMo-2-1124-7B-Instruct,fewshot,riskneutral,0,0.73106,0.66876,0,,,massA=0.489 massB=0.18,after,0,0.0
p2,229,7,gain,0,63,98,0.64,0.9956,4,False,A,allenai/OLMo-2-1124-7B-Instruct,fewshot,riskneutral,0,0.97135,0.66987,0,,,massA=0.651 massB=0.0192,after,0,0.0
p2,12,0,gain,0,186,984,0.26,1.3755,1,True,B,allenai/OLMo-2-1124-7B-Instruct,fewshot,riskneutral,0,0.80809,0.81462,0,,,massA=0.156 massB=0.658,after,0,0.0
p2,8,0,neutral,0,186,984,0.26,1.3755,4,True,B,allenai/OLMo-2-1124-7B-Instruct,fewshot,riskneutral,0,0.99623,0.63693,0,,,massA=0.0024 massB=0.635,after,0,0.0
p2,449,14,mixed,81,81,201,0.68,1.6874,4,False,A,allenai/OLMo-2-1124-7B-Instruct,fewshot,riskneutral,0,0.95854,0.74208,0,,,massA=0.711 massB=0.0308,after,0,0.0
p2,1164,38,mixed,183,183,609,0.38,1.2646,2,True,B,allenai/OLMo-2-1124-7B-Instruct,fewshot,riskneutral,0,0.99044,0.98862,0,,,massA=0.00945 massB=0.979,after,0,0.0
p2,780,26,neutral,0,59,151,0.36,0.9214,0,True,B,allenai/OLMo-2-1124-7B-Instruct,fewshot,riskneutral,0,0.99739,0.93396,0,,,massA=0.00244 massB=0.932,after,0,0.0
p2,993,33,neutral,0,142,446,0.53,1.6646,1,False,A,allenai/OLMo-2-1124-7B-Instruct,fewshot,riskneutral,0,0.97649,0.73424,0,,,massA=0.717 massB=0.0173,after,0,0.0
p2,1086,36,neutral,0,98,227,0.47,1.0887,3,True,B,allenai/OLMo-2-1124-7B-Instruct,fewshot,riskneutral,0,0.99945,0.96417,0,,,massA=0.000529 massB=0.964,after,0,0.0
p2,344,11,gain,0,54,68,0.81,1.02,2,True,B,allenai/OLMo-2-1124-7B-Instruct,fewshot,riskneutral,0,0.93343,0.98219,0,,,massA=0.0654 massB=0.917,after,0,0.0
p2,266,8,mixed,62,62,263,0.33,1.3998,3,True,B,allenai/OLMo-2-1124-7B-Instruct,fewshot,riskneutral,0,0.99657,0.97806,0,,,massA=0.00335 massB=0.975,after,0,0.0
p2,1026,34,neutral,0,52,96,0.63,1.1631,3,True,B,allenai/OLMo-2-1124-7B-Instruct,fewshot,riskneutral,0,0.99957,0.96926,0,,,massA=0.000414 massB=0.969,after,0,0.0
p2,812,27,neutral,0,166,433,0.53,1.3825,1,True,B,allenai/OLMo-2-1124-7B-Instruct,fewshot,riskneutral,0,0.96641,0.70538,0,,,massA=0.0237 massB=0.682,after,0,0.0
p2,1108,36,mixed,98,98,227,0.47,1.0887,4,True,B,allenai/OLMo-2-1124-7B-Instruct,fewshot,riskneutral,0,0.98688,0.8078,0,,,massA=0.0106 massB=0.797,after,0,0.0
p2,1262,31,dominant,0,51,73,1.0,1.4314,1,True,B,allenai/OLMo-2-1124-7B-Instruct,fewshot,riskneutral,0,0.98282,0.98621,0,,,massA=0.0169 massB=0.969,after,0,0.0
p2,184,6,neutral,0,94,101,0.71,0.7629,2,True,B,allenai/OLMo-2-1124-7B-Instruct,fewshot,riskneutral,0,0.99922,0.97108,0,,,massA=0.00076 massB=0.97,after,0,0.0
p2,660,22,neutral,0,81,163,0.72,1.4489,0,True,B,allenai/OLMo-2-1124-7B-Instruct,fewshot,riskneutral,0,0.99848,0.9423,0,,,massA=0.00144 massB=0.941,after,0,0.0
p2,586,19,gain,0,64,122,0.49,0.9341,3,True,B,allenai/OLMo-2-1124-7B-Instruct,fewshot,riskneutral,0,0.9981,0.95991,0,,,massA=0.00182 massB=0.958,after,0,0.0
p2,1155,38,gain,0,183,609,0.38,1.2646,2,False,A,allenai/OLMo-2-1124-7B-Instruct,fewshot,riskneutral,0,0.98975,0.97754,0,,,massA=0.968 massB=0.01,after,0,0.0
p2,1211,5,dominant,0,162,206,1.0,1.2716,3,False,A,allenai/OLMo-2-1124-7B-Instruct,fewshot,riskneutral,0,0.07586,0.90137,0,,,massA=0.0684 massB=0.833,after,0,0.0
p2,796,26,gain,0,59,151,0.36,0.9214,3,True,B,allenai/OLMo-2-1124-7B-Instruct,fewshot,riskneutral,0,0.99867,0.9758,0,,,massA=0.00129 massB=0.975,after,0,0.0
p2,105,3,gain,0,46,158,0.33,1.1335,2,False,A,allenai/OLMo-2-1124-7B-Instruct,fewshot,riskneutral,0,0.98876,0.97549,0,,,massA=0.965 massB=0.011,after,0,0.0
p2,485,16,neutral,0,139,234,0.6,1.0101,2,False,A,allenai/OLMo-2-1124-7B-Instruct,fewshot,riskneutral,0,0.9994,0.83701,0,,,massA=0.837 massB=0.000504,after,0,0.0
p2,127,4,neutral,0,29,71,0.55,1.3466,3,False,A,allenai/OLMo-2-1124-7B-Instruct,fewshot,riskneutral,0,0.36477,0.72778,0,,,massA=0.265 massB=0.462,after,0,0.0
p2,365,12,neutral,0,164,541,0.38,1.2535,2,False,A,allenai/OLMo-2-1124-7B-Instruct,fewshot,riskneutral,0,0.99532,0.86452,0,,,massA=0.86 massB=0.00405,after,0,0.0
p2,1196,39,mixed,178,178,567,0.32,1.0193,3,True,B,allenai/OLMo-2-1124-7B-Instruct,fewshot,riskneutral,0,0.99673,0.97946,0,,,massA=0.00321 massB=0.976,after,0,0.0
p2,695,23,neutral,0,91,626,0.23,1.5822,2,False,A,allenai/OLMo-2-1124-7B-Instruct,fewshot,riskneutral,0,0.98615,0.81856,0,,,massA=0.807 massB=0.0113,after,0,0.0
p2,426,14,neutral,0,81,201,0.68,1.6874,3,True,B,allenai/OLMo-2-1124-7B-Instruct,fewshot,riskneutral,0,0.99974,0.97655,0,,,massA=0.00025 massB=0.976,after,0,0.0
p2,251,8,gain,0,62,263,0.33,1.3998,0,False,A,allenai/OLMo-2-1124-7B-Instruct,fewshot,riskneutral,0,0.86154,0.84324,0,,,massA=0.726 massB=0.117,after,0,0.0
p2,420,14,neutral,0,81,201,0.68,1.6874,0,True,B,allenai/OLMo-2-1124-7B-Instruct,fewshot,riskneutral,0,0.99826,0.94154,0,,,massA=0.00164 massB=0.94,after,0,0.0
p2,1040,34,mixed,52,52,96,0.63,1.1631,0,True,B,allenai/OLMo-2-1124-7B-Instruct,fewshot,riskneutral,0,0.99059,0.96747,0,,,massA=0.00911 massB=0.958,after,0,0.0
p2,822,27,gain,0,166,433,0.53,1.3825,1,True,B,allenai/OLMo-2-1124-7B-Instruct,fewshot,riskneutral,0,0.95598,0.89686,0,,,massA=0.0395 massB=0.857,after,0,0.0
p2,714,23,mixed,91,91,626,0.23,1.5822,2,True,B,allenai/OLMo-2-1124-7B-Instruct,fewshot,riskneutral,0,0.98626,0.98705,0,,,massA=0.0136 massB=0.973,after,0,0.0
p2,363,12,neutral,0,164,541,0.38,1.2535,1,False,A,allenai/OLMo-2-1124-7B-Instruct,fewshot,riskneutral,0,0.99162,0.77883,0,,,massA=0.772 massB=0.00653,after,0,0.0
p2,904,30,neutral,0,149,447,0.26,0.78,2,True,B,allenai/OLMo-2-1124-7B-Instruct,fewshot,riskneutral,0,0.9989,0.95077,0,,,massA=0.00104 massB=0.95,after,0,0.0
p2,210,7,neutral,0,63,98,0.64,0.9956,0,True,B,allenai/OLMo-2-1124-7B-Instruct,fewshot,riskneutral,0,0.99646,0.94829,0,,,massA=0.00336 massB=0.945,after,0,0.0
p2,911,30,gain,0,149,447,0.26,0.78,0,False,A,allenai/OLMo-2-1124-7B-Instruct,fewshot,riskneutral,0,0.57176,0.87826,0,,,massA=0.502 massB=0.376,after,0,0.0
p2,992,33,neutral,0,142,446,0.53,1.6646,1,True,B,allenai/OLMo-2-1124-7B-Instruct,fewshot,riskneutral,0,0.98229,0.79516,0,,,massA=0.0141 massB=0.781,after,0,0.0
p2,124,4,neutral,0,29,71,0.55,1.3466,2,True,B,allenai/OLMo-2-1124-7B-Instruct,fewshot,riskneutral,0,0.997,0.95986,0,,,massA=0.00288 massB=0.957,after,0,0.0
p2,147,4,mixed,29,29,71,0.55,1.3466,3,False,A,allenai/OLMo-2-1124-7B-Instruct,fewshot,riskneutral,0,0.68595,0.92651,0,,,massA=0.636 massB=0.291,after,0,0.0
p2,467,15,gain,0,82,113,0.74,1.0198,3,False,A,allenai/OLMo-2-1124-7B-Instruct,fewshot,riskneutral,0,0.91671,0.92109,0,,,massA=0.844 massB=0.0767,after,0,0.0
p2,552,18,gain,0,41,61,0.58,0.8629,1,True,B,allenai/OLMo-2-1124-7B-Instruct,fewshot,riskneutral,0,0.85777,0.93243,0,,,massA=0.133 massB=0.8,after,0,0.0
p2,977,32,gain,0,131,236,0.57,1.0269,3,False,A,allenai/OLMo-2-1124-7B-Instruct,fewshot,riskneutral,0,0.80194,0.90276,0,,,massA=0.724 massB=0.179,after,0,0.0
p2,310,10,gain,0,111,278,0.58,1.4526,0,True,B,allenai/OLMo-2-1124-7B-Instruct,fewshot,riskneutral,0,0.99142,0.91137,0,,,massA=0.00782 massB=0.904,after,0,0.0
p2,397,13,neutral,0,72,88,0.64,0.7822,3,False,A,allenai/OLMo-2-1124-7B-Instruct,fewshot,riskneutral,0,0.85488,0.80927,0,,,massA=0.692 massB=0.117,after,0,0.0
p2,1129,37,gain,0,151,252,0.68,1.1348,4,False,A,allenai/OLMo-2-1124-7B-Instruct,fewshot,riskneutral,0,0.96036,0.64794,0,,,massA=0.622 massB=0.0257,after,0,0.0
p2,626,20,mixed,186,186,266,0.63,0.901,3,True,B,allenai/OLMo-2-1124-7B-Instruct,fewshot,riskneutral,0,0.99758,0.97822,0,,,massA=0.00236 massB=0.976,after,0,0.0
p2,662,22,neutral,0,81,163,0.72,1.4489,1,True,B,allenai/OLMo-2-1124-7B-Instruct,fewshot,riskneutral,0,0.98951,0.80579,0,,,massA=0.00845 massB=0.797,after,0,0.0
p2,943,31,gain,0,51,151,0.29,0.8586,1,False,A,allenai/OLMo-2-1124-7B-Instruct,fewshot,riskneutral,0,0.82782,0.84483,0,,,massA=0.699 massB=0.145,after,0,0.0
p2,186,6,neutral,0,94,101,0.71,0.7629,3,True,B,allenai/OLMo-2-1124-7B-Instruct,fewshot,riskneutral,0,0.99917,0.95181,0,,,massA=0.000787 massB=0.951,after,0,0.0
p2,274,9,neutral,0,49,153,0.26,0.8118,2,True,B,allenai/OLMo-2-1124-7B-Instruct,fewshot,riskneutral,0,0.99903,0.97389,0,,,massA=0.000948 massB=0.973,after,0,0.0
p2,503,16,mixed,139,139,234,0.6,1.0101,1,False,A,allenai/OLMo-2-1124-7B-Instruct,fewshot,riskneutral,0,0.99449,0.88709,0,,,massA=0.882 massB=0.00489,after,0,0.0
p2,983,32,mixed,131,131,236,0.57,1.0269,1,False,A,allenai/OLMo-2-1124-7B-Instruct,fewshot,riskneutral,0,0.9947,0.90465,0,,,massA=0.9 massB=0.0048,after,0,0.0
p2,937,31,neutral,0,51,151,0.29,0.8586,3,False,A,allenai/OLMo-2-1124-7B-Instruct,fewshot,riskneutral,0,0.81286,0.64794,0,,,massA=0.527 massB=0.121,after,0,0.0
p2,765,25,gain,0,124,207,0.76,1.2687,2,False,A,allenai/OLMo-2-1124-7B-Instruct,fewshot,riskneutral,0,0.99869,0.98207,0,,,massA=0.981 massB=0.00129,after,0,0.0
p2,1034,34,gain,0,52,96,0.63,1.1631,2,True,B,allenai/OLMo-2-1124-7B-Instruct,fewshot,riskneutral,0,0.9752,0.9856,0,,,massA=0.0244 massB=0.961,after,0,0.0
p2,959,31,mixed,51,51,151,0.29,0.8586,4,False,A,allenai/OLMo-2-1124-7B-Instruct,fewshot,riskneutral,0,0.92359,0.68227,0,,,massA=0.63 massB=0.0521,after,0,0.0
p2,272,9,neutral,0,49,153,0.26,0.8118,1,True,B,allenai/OLMo-2-1124-7B-Instruct,fewshot,riskneutral,0,0.9926,0.89394,0,,,massA=0.00662 massB=0.887,after,0,0.0
p2,368,12,neutral,0,164,541,0.38,1.2535,4,True,B,allenai/OLMo-2-1124-7B-Instruct,fewshot,riskneutral,0,0.99726,0.825,0,,,massA=0.00226 massB=0.823,after,0,0.0
p2,279,9,neutral,0,49,153,0.26,0.8118,4,False,A,allenai/OLMo-2-1124-7B-Instruct,fewshot,riskneutral,0,0.48437,0.49484,0,,,massA=0.24 massB=0.255,after,0,0.0
p2,522,17,gain,0,117,362,0.42,1.2995,1,True,B,allenai/OLMo-2-1124-7B-Instruct,fewshot,riskneutral,0,0.84287,0.90965,0,,,massA=0.143 massB=0.767,after,0,0.0
p2,1130,37,mixed,151,151,252,0.68,1.1348,0,True,B,allenai/OLMo-2-1124-7B-Instruct,fewshot,riskneutral,0,0.99543,0.96497,0,,,massA=0.00441 massB=0.961,after,0,0.0
p2,332,11,neutral,0,54,68,0.81,1.02,1,True,B,allenai/OLMo-2-1124-7B-Instruct,fewshot,riskneutral,0,0.98583,0.89171,0,,,massA=0.0126 massB=0.879,after,0,0.0
p2,737,24,gain,0,168,214,0.76,0.9681,3,False,A,allenai/OLMo-2-1124-7B-Instruct,fewshot,riskneutral,0,0.93245,0.92495,0,,,massA=0.862 massB=0.0625,after,0,0.0
p2,60,2,neutral,0,162,661,0.26,1.0609,0,True,B,allenai/OLMo-2-1124-7B-Instruct,fewshot,riskneutral,0,0.9979,0.92049,0,,,massA=0.00193 massB=0.919,after,0,0.0
p2,297,9,mixed,49,49,153,0.26,0.8118,3,False,A,allenai/OLMo-2-1124-7B-Instruct,fewshot,riskneutral,0,0.79692,0.94404,0,,,massA=0.752 massB=0.192,after,0,0.0
p2,35,1,neutral,0,58,116,0.66,1.32,2,False,A,allenai/OLMo-2-1124-7B-Instruct,fewshot,riskneutral,0,0.99883,0.89661,0,,,massA=0.896 massB=0.00105,after,0,0.0
p2,386,12,mixed,164,164,541,0.38,1.2535,3,True,B,allenai/OLMo-2-1124-7B-Instruct,fewshot,riskneutral,0,0.99722,0.97821,0,,,massA=0.00272 massB=0.975,after,0,0.0
p2,280,9,gain,0,49,153,0.26,0.8118,0,True,B,allenai/OLMo-2-1124-7B-Instruct,fewshot,riskneutral,0,0.97888,0.91288,0,,,massA=0.0193 massB=0.894,after,0,0.0
p2,1073,35,mixed,91,91,133,0.68,0.9938,1,False,A,allenai/OLMo-2-1124-7B-Instruct,fewshot,riskneutral,0,0.99142,0.90496,0,,,massA=0.897 massB=0.00776,after,0,0.0
p2,181,6,neutral,0,94,101,0.71,0.7629,0,False,A,allenai/OLMo-2-1124-7B-Instruct,fewshot,riskneutral,0,0.72174,0.74947,0,,,massA=0.541 massB=0.209,after,0,0.0
p2,925,30,mixed,149,149,447,0.26,0.78,2,False,A,allenai/OLMo-2-1124-7B-Instruct,fewshot,riskneutral,0,0.98999,0.9685,0,,,massA=0.959 massB=0.0097,after,0,0.0
p2,493,16,gain,0,139,234,0.6,1.0101,1,False,A,allenai/OLMo-2-1124-7B-Instruct,fewshot,riskneutral,0,0.98446,0.89761,0,,,massA=0.884 massB=0.014,after,0,0.0
p2,723,24,neutral,0,168,214,0.76,0.9681,1,False,A,allenai/OLMo-2-1124-7B-Instruct,fewshot,riskneutral,0,0.99896,0.68366,0,,,massA=0.683 massB=0.000711,after,0,0.0
p2,1198,39,mixed,178,178,567,0.32,1.0193,4,True,B,allenai/OLMo-2-1124-7B-Instruct,fewshot,riskneutral,0,0.98858,0.84802,0,,,massA=0.00968 massB=0.838,after,0,0.0
p2,208,6,mixed,94,94,101,0.71,0.7629,4,True,B,allenai/OLMo-2-1124-7B-Instruct,fewshot,riskneutral,0,0.97951,0.66339,0,,,massA=0.0136 massB=0.65,after,0,0.0
p2,406,13,gain,0,72,88,0.64,0.7822,3,True,B,allenai/OLMo-2-1124-7B-Instruct,fewshot,riskneutral,0,0.99626,0.94722,0,,,massA=0.00354 massB=0.944,after,0,0.0
p2,697,23,neutral,0,91,626,0.23,1.5822,3,False,A,allenai/OLMo-2-1124-7B-Instruct,fewshot,riskneutral,0,0.77999,0.60121,0,,,massA=0.469 massB=0.132,after,0,0.0
p2,761,25,gain,0,124,207,0.76,1.2687,0,False,A,allenai/OLMo-2-1124-7B-Instruct,fewshot,riskneutral,0,0.93812,0.90147,0,,,massA=0.846 massB=0.0558,after,0,0.0
p2,1190,39,mixed,178,178,567,0.32,1.0193,0,True,B,allenai/OLMo-2-1124-7B-Instruct,fewshot,riskneutral,0,0.99404,0.97144,0,,,massA=0.00579 massB=0.966,after,0,0.0
p2,985,32,mixed,131,131,236,0.57,1.0269,2,False,A,allenai/OLMo-2-1124-7B-Instruct,fewshot,riskneutral,0,0.99716,0.96975,0,,,massA=0.967 massB=0.00276,after,0,0.0
p2,7,0,neutral,0,186,984,0.26,1.3755,3,False,A,allenai/OLMo-2-1124-7B-Instruct,fewshot,riskneutral,0,0.71859,0.57951,0,,,massA=0.416 massB=0.163,after,0,0.0
p2,1062,35,gain,0,91,133,0.68,0.9938,1,True,B,allenai/OLMo-2-1124-7B-Instruct,fewshot,riskneutral,0,0.91671,0.93554,0,,,massA=0.0779 massB=0.858,after,0,0.0
p2,749,24,mixed,168,168,214,0.76,0.9681,4,False,A,allenai/OLMo-2-1124-7B-Instruct,fewshot,riskneutral,0,0.93812,0.63516,0,,,massA=0.596 massB=0.0393,after,0,0.0
p2,690,23,neutral,0,91,626,0.23,1.5822,0,True,B,allenai/OLMo-2-1124-7B-Instruct,fewshot,riskneutral,0,0.99833,0.92472,0,,,massA=0.00155 massB=0.923,after,0,0.0
p2,996,33,neutral,0,142,446,0.53,1.6646,3,True,B,allenai/OLMo-2-1124-7B-Instruct,fewshot,riskneutral,0,0.99916,0.95274,0,,,massA=0.000803 massB=0.952,after,0,0.0
p2,846,28,neutral,0,132,181,0.76,1.0421,3,True,B,allenai/OLMo-2-1124-7B-Instruct,fewshot,riskneutral,0,0.99978,0.97811,0,,,massA=0.000219 massB=0.978,after,0,0.0
p2,57,1,mixed,58,58,116,0.66,1.32,3,False,A,allenai/OLMo-2-1124-7B-Instruct,fewshot,riskneutral,0,0.86522,0.92759,0,,,massA=0.803 massB=0.125,after,0,0.0
p2,1182,39,gain,0,178,567,0.32,1.0193,1,True,B,allenai/OLMo-2-1124-7B-Instruct,fewshot,riskneutral,0,0.93948,0.91134,0,,,massA=0.0552 massB=0.856,after,0,0.0
p2,308,10,neutral,0,111,278,0.58,1.4526,4,True,B,allenai/OLMo-2-1124-7B-Instruct,fewshot,riskneutral,0,0.99743,0.76484,0,,,massA=0.00197 massB=0.763,after,0,0.0
p2,1120,37,gain,0,151,252,0.68,1.1348,0,True,B,allenai/OLMo-2-1124-7B-Instruct,fewshot,riskneutral,0,0.98967,0.91376,0,,,massA=0.00944 massB=0.904,after,0,0.0
p2,725,24,neutral,0,168,214,0.76,0.9681,2,False,A,allenai/OLMo-2-1124-7B-Instruct,fewshot,riskneutral,0,0.99953,0.90121,0,,,massA=0.901 massB=0.000426,after,0,0.0
p2,1206,3,dominant,0,46,58,1.0,1.2609,3,True,B,allenai/OLMo-2-1124-7B-Instruct,fewshot,riskneutral,0,0.98698,0.94957,0,,,massA=0.0124 massB=0.937,after,0,0.0
p2,581,19,gain,0,64,122,0.49,0.9341,0,False,A,allenai/OLMo-2-1124-7B-Instruct,fewshot,riskneutral,0,0.8606,0.86888,0,,,massA=0.748 massB=0.121,after,0,0.0
p2,119,3,mixed,46,46,158,0.33,1.1335,4,False,A,allenai/OLMo-2-1124-7B-Instruct,fewshot,riskneutral,0,0.83114,0.69776,0,,,massA=0.58 massB=0.118,after,0,0.0
p2,15,0,gain,0,186,984,0.26,1.3755,2,False,A,allenai/OLMo-2-1124-7B-Instruct,fewshot,riskneutral,0,0.99037,0.97186,0,,,massA=0.962 massB=0.00936,after,0,0.0
p2,1037,34,gain,0,52,96,0.63,1.1631,3,False,A,allenai/OLMo-2-1124-7B-Instruct,fewshot,riskneutral,0,0.82219,0.91733,0,,,massA=0.754 massB=0.163,after,0,0.0
p2,647,21,gain,0,106,206,0.73,1.4187,3,False,A,allenai/OLMo-2-1124-7B-Instruct,fewshot,riskneutral,0,0.91964,0.90674,0,,,massA=0.834 massB=0.0729,after,0,0.0
p2,1122,37,gain,0,151,252,0.68,1.1348,1,True,B,allenai/OLMo-2-1124-7B-Instruct,fewshot,riskneutral,0,0.9179,0.91251,0,,,massA=0.0749 massB=0.838,after,0,0.0
p2,1252,26,dominant,0,59,73,1.0,1.2373,2,True,B,allenai/OLMo-2-1124-7B-Instruct,fewshot,riskneutral,0,0.99431,0.9922,0,,,massA=0.00564 massB=0.987,after,0,0.0
p2,961,32,neutral,0,131,236,0.57,1.0269,0,False,A,allenai/OLMo-2-1124-7B-Instruct,fewshot,riskneutral,0,0.85391,0.85601,0,,,massA=0.731 massB=0.125,after,0,0.0
p2,897,29,mixed,79,79,81,0.83,0.851,3,False,A,allenai/OLMo-2-1124-7B-Instruct,fewshot,riskneutral,0,0.39607,0.90319,0,,,massA=0.358 massB=0.545,after,0,0.0
p2,991,33,neutral,0,142,446,0.53,1.6646,0,False,A,allenai/OLMo-2-1124-7B-Instruct,fewshot,riskneutral,0,0.60579,0.87171,0,,,massA=0.528 massB=0.344,after,0,0.0
p2,680,22,mixed,81,81,163,0.72,1.4489,0,True,B,allenai/OLMo-2-1124-7B-Instruct,fewshot,riskneutral,0,0.99445,0.96415,0,,,massA=0.00536 massB=0.959,after,0,0.0
p2,651,21,mixed,106,106,206,0.73,1.4187,0,False,A,allenai/OLMo-2-1124-7B-Instruct,fewshot,riskneutral,0,0.91118,0.90974,0,,,massA=0.829 massB=0.0808,after,0,0.0
p2,976,32,gain,0,131,236,0.57,1.0269,3,True,B,allenai/OLMo-2-1124-7B-Instruct,fewshot,riskneutral,0,0.99892,0.97302,0,,,massA=0.00105 massB=0.972,after,0,0.0
p2,807,26,mixed,59,59,151,0.36,0.9214,3,False,A,allenai/OLMo-2-1124-7B-Instruct,fewshot,riskneutral,0,0.5851,0.94846,0,,,massA=0.555 massB=0.394,after,0,0.0
p2,537,17,mixed,117,117,362,0.42,1.2995,3,False,A,allenai/OLMo-2-1124-7B-Instruct,fewshot,riskneutral,0,0.61878,0.93186,0,,,massA=0.577 massB=0.355,after,0,0.0
p2,916,30,gain,0,149,447,0.26,0.78,3,True,B,allenai/OLMo-2-1124-7B-Instruct,fewshot,riskneutral,0,0.99853,0.96212,0,,,massA=0.00141 massB=0.961,after,0,0.0
p2,787,26,neutral,0,59,151,0.36,0.9214,3,False,A,allenai/OLMo-2-1124-7B-Instruct,fewshot,riskneutral,0,0.84997,0.70571,0,,,massA=0.6 massB=0.106,after,0,0.0
p2,922,30,mixed,149,149,447,0.26,0.78,1,True,B,allenai/OLMo-2-1124-7B-Instruct,fewshot,riskneutral,0,0.97904,0.94528,0,,,massA=0.0198 massB=0.925,after,0,0.0
p2,1011,33,mixed,142,142,446,0.53,1.6646,0,False,A,allenai/OLMo-2-1124-7B-Instruct,fewshot,riskneutral,0,0.92359,0.92249,0,,,massA=0.852 massB=0.0705,after,0,0.0
p2,314,10,gain,0,111,278,0.58,1.4526,2,True,B,allenai/OLMo-2-1124-7B-Instruct,fewshot,riskneutral,0,0.98795,0.98137,0,,,massA=0.0118 massB=0.97,after,0,0.0
p2,268,8,mixed,62,62,263,0.33,1.3998,4,True,B,allenai/OLMo-2-1124-7B-Instruct,fewshot,riskneutral,0,0.98615,0.83437,0,,,massA=0.0116 massB=0.823,after,0,0.0
p2,220,7,gain,0,63,98,0.64,0.9956,0,True,B,allenai/OLMo-2-1124-7B-Instruct,fewshot,riskneutral,0,0.98295,0.88092,0,,,massA=0.015 massB=0.866,after,0,0.0
p2,1131,37,mixed,151,151,252,0.68,1.1348,0,False,A,allenai/OLMo-2-1124-7B-Instruct,fewshot,riskneutral,0,0.92523,0.91513,0,,,massA=0.847 massB=0.0684,after,0,0.0
p2,454,15,neutral,0,82,113,0.74,1.0198,2,True,B,allenai/OLMo-2-1124-7B-Instruct,fewshot,riskneutral,0,0.99966,0.97972,0,,,massA=0.000336 massB=0.979,after,0,0.0
p2,1203,1,dominant,0,58,72,1.0,1.2414,3,False,A,allenai/OLMo-2-1124-7B-Instruct,fewshot,riskneutral,0,0.03789,0.91978,0,,,massA=0.0349 massB=0.885,after,0,0.0
p2,611,20,gain,0,186,266,0.63,0.901,0,False,A,allenai/OLMo-2-1124-7B-Instruct,fewshot,riskneutral,0,0.95565,0.93177,0,,,massA=0.89 massB=0.0413,after,0,0.0
p2,1201,0,dominant,0,186,240,1.0,1.2903,4,False,A,allenai/OLMo-2-1124-7B-Instruct,fewshot,riskneutral,0,0.88161,0.79047,0,,,massA=0.697 massB=0.0936,after,0,0.0
p2,810,27,neutral,0,166,433,0.53,1.3825,0,True,B,allenai/OLMo-2-1124-7B-Instruct,fewshot,riskneutral,0,0.997,0.91228,0,,,massA=0.00274 massB=0.91,after,0,0.0
p2,480,16,neutral,0,139,234,0.6,1.0101,0,True,B,allenai/OLMo-2-1124-7B-Instruct,fewshot,riskneutral,0,0.99838,0.95015,0,,,massA=0.00154 massB=0.949,after,0,0.0
p2,629,20,mixed,186,186,266,0.63,0.901,4,False,A,allenai/OLMo-2-1124-7B-Instruct,fewshot,riskneutral,0,0.9149,0.60462,0,,,massA=0.553 massB=0.0515,after,0,0.0
p2,446,14,mixed,81,81,201,0.68,1.6874,3,True,B,allenai/OLMo-2-1124-7B-Instruct,fewshot,riskneutral,0,0.99755,0.97396,0,,,massA=0.00239 massB=0.972,after,0,0.0
p2,731,24,gain,0,168,214,0.76,0.9681,0,False,A,allenai/OLMo-2-1124-7B-Instruct,fewshot,riskneutral,0,0.93146,0.91924,0,,,massA=0.856 massB=0.063,after,0,0.0
p2,194,6,gain,0,94,101,0.71,0.7629,2,True,B,allenai/OLMo-2-1124-7B-Instruct,fewshot,riskneutral,0,0.97443,0.98118,0,,,massA=0.0251 massB=0.956,after,0,0.0
p2,91,3,neutral,0,46,158,0.33,1.1335,0,False,A,allenai/OLMo-2-1124-7B-Instruct,fewshot,riskneutral,0,0.56409,0.88074,0,,,massA=0.497 massB=0.384,after,0,0.0
p2,529,17,gain,0,117,362,0.42,1.2995,4,False,A,allenai/OLMo-2-1124-7B-Instruct,fewshot,riskneutral,0,0.32252,0.68763,0,,,massA=0.222 massB=0.466,after,0,0.0
p2,1004,33,gain,0,142,446,0.53,1.6646,2,True,B,allenai/OLMo-2-1124-7B-Instruct,fewshot,riskneutral,0,0.98667,0.98047,0,,,massA=0.0131 massB=0.967,after,0,0.0
p2,172,5,mixed,162,162,381,0.46,1.0819,1,True,B,allenai/OLMo-2-1124-7B-Instruct,fewshot,riskneutral,0,0.98117,0.96376,0,,,massA=0.0182 massB=0.946,after,0,0.0
p2,1209,4,dominant,0,29,56,1.0,1.931,1,False,A,allenai/OLMo-2-1124-7B-Instruct,fewshot,riskneutral,0,0.32252,0.96447,0,,,massA=0.311 massB=0.653,after,0,0.0
p2,318,10,gain,0,111,278,0.58,1.4526,4,True,B,allenai/OLMo-2-1124-7B-Instruct,fewshot,riskneutral,0,0.99685,0.9416,0,,,massA=0.00296 massB=0.939,after,0,0.0
p2,967,32,neutral,0,131,236,0.57,1.0269,3,False,A,allenai/OLMo-2-1124-7B-Instruct,fewshot,riskneutral,0,0.84492,0.74422,0,,,massA=0.629 massB=0.115,after,0,0.0
p2,841,28,neutral,0,132,181,0.76,1.0421,0,False,A,allenai/OLMo-2-1124-7B-Instruct,fewshot,riskneutral,0,0.87321,0.84944,0,,,massA=0.742 massB=0.108,after,0,0.0
p2,1160,38,mixed,183,183,609,0.38,1.2646,0,True,B,allenai/OLMo-2-1124-7B-Instruct,fewshot,riskneutral,0,0.99449,0.97239,0,,,massA=0.00536 massB=0.967,after,0,0.0
p2,384,12,mixed,164,164,541,0.38,1.2535,2,True,B,allenai/OLMo-2-1124-7B-Instruct,fewshot,riskneutral,0,0.99136,0.98758,0,,,massA=0.00854 massB=0.979,after,0,0.0
p2,821,27,gain,0,166,433,0.53,1.3825,0,False,A,allenai/OLMo-2-1124-7B-Instruct,fewshot,riskneutral,0,0.93046,0.8938,0,,,massA=0.832 massB=0.0622,after,0,0.0
p2,70,2,gain,0,162,661,0.26,1.0609,0,True,B,allenai/OLMo-2-1124-7B-Instruct,fewshot,riskneutral,0,0.98718,0.90709,0,,,massA=0.0116 massB=0.895,after,0,0.0
p2,1076,35,mixed,91,91,133,0.68,0.9938,3,True,B,allenai/OLMo-2-1124-7B-Instruct,fewshot,riskneutral,0,0.99741,0.97172,0,,,massA=0.00252 massB=0.969,after,0,0.0
p2,177,5,mixed,162,162,381,0.46,1.0819,3,False,A,allenai/OLMo-2-1124-7B-Instruct,fewshot,riskneutral,0,0.78399,0.92779,0,,,massA=0.727 massB=0.2,after,0,0.0
p2,688,22,mixed,81,81,163,0.72,1.4489,4,True,B,allenai/OLMo-2-1124-7B-Instruct,fewshot,riskneutral,0,0.98849,0.80389,0,,,massA=0.00925 massB=0.795,after,0,0.0
p2,670,22,gain,0,81,163,0.72,1.4489,0,True,B,allenai/OLMo-2-1124-7B-Instruct,fewshot,riskneutral,0,0.98967,0.88309,0,,,massA=0.00912 massB=0.874,after,0,0.0
p2,896,29,mixed,79,79,81,0.83,0.851,3,True,B,allenai/OLMo-2-1124-7B-Instruct,fewshot,riskneutral,0,0.99498,0.95339,0,,,massA=0.00479 massB=0.949,after,0,0.0
p2,372,12,gain,0,164,541,0.38,1.2535,1,True,B,allenai/OLMo-2-1124-7B-Instruct,fewshot,riskneutral,0,0.9679,0.91635,0,,,massA=0.0294 massB=0.887,after,0,0.0
p2,434,14,gain,0,81,201,0.68,1.6874,2,True,B,allenai/OLMo-2-1124-7B-Instruct,fewshot,riskneutral,0,0.98188,0.9825,0,,,massA=0.0178 massB=0.965,after,0,0.0
p2,1173,39,neutral,0,178,567,0.32,1.0193,1,False,A,allenai/OLMo-2-1124-7B-Instruct,fewshot,riskneutral,0,0.97997,0.75521,0,,,massA=0.74 massB=0.0151,after,0,0.0
p2,928,30,mixed,149,149,447,0.26,0.78,4,True,B,allenai/OLMo-2-1124-7B-Instruct,fewshot,riskneutral,0,0.98013,0.75225,0,,,massA=0.0149 massB=0.737,after,0,0.0
p2,191,6,gain,0,94,101,0.71,0.7629,0,False,A,allenai/OLMo-2-1124-7B-Instruct,fewshot,riskneutral,0,0.90261,0.81259,0,,,massA=0.733 massB=0.0791,after,0,0.0
p2,133,4,gain,0,29,71,0.55,1.3466,1,False,A,allenai/OLMo-2-1124-7B-Instruct,fewshot,riskneutral,0,0.95397,0.94248,0,,,massA=0.899 massB=0.0434,after,0,0.0
p2,635,21,neutral,0,106,206,0.73,1.4187,2,False,A,allenai/OLMo-2-1124-7B-Instruct,fewshot,riskneutral,0,0.99939,0.82218,0,,,massA=0.822 massB=0.000499,after,0,0.0
p2,990,33,neutral,0,142,446,0.53,1.6646,0,True,B,allenai/OLMo-2-1124-7B-Instruct,fewshot,riskneutral,0,0.99673,0.91122,0,,,massA=0.00298 massB=0.908,after,0,0.0
p2,536,17,mixed,117,117,362,0.42,1.2995,3,True,B,allenai/OLMo-2-1124-7B-Instruct,fewshot,riskneutral,0,0.99654,0.97647,0,,,massA=0.00338 massB=0.973,after,0,0.0
p2,1245,22,dominant,0,81,109,1.0,1.3457,1,False,A,allenai/OLMo-2-1124-7B-Instruct,fewshot,riskneutral,0,0.52731,0.958,0,,,massA=0.505 massB=0.453,after,0,0.0
p2,833,27,mixed,166,166,433,0.53,1.3825,1,False,A,allenai/OLMo-2-1124-7B-Instruct,fewshot,riskneutral,0,0.99498,0.90477,0,,,massA=0.9 massB=0.00454,after,0,0.0
p2,702,23,gain,0,91,626,0.23,1.5822,1,True,B,allenai/OLMo-2-1124-7B-Instruct,fewshot,riskneutral,0,0.96036,0.93016,0,,,massA=0.0369 massB=0.893,after,0,0.0
p2,407,13,gain,0,72,88,0.64,0.7822,3,False,A,allenai/OLMo-2-1124-7B-Instruct,fewshot,riskneutral,0,0.18952,0.90627,0,,,massA=0.172 massB=0.735,after,0,0.0
p2,710,23,mixed,91,91,626,0.23,1.5822,0,True,B,allenai/OLMo-2-1124-7B-Instruct,fewshot,riskneutral,0,0.99188,0.97127,0,,,massA=0.00789 massB=0.963,after,0,0.0
p2,253,8,gain,0,62,263,0.33,1.3998,1,False,A,allenai/OLMo-2-1124-7B-Instruct,fewshot,riskneutral,0,0.91429,0.88507,0,,,massA=0.809 massB=0.0759,after,0,0.0
p2,234,7,mixed,63,63,98,0.64,0.9956,2,True,B,allenai/OLMo-2-1124-7B-Instruct,fewshot,riskneutral,0,0.98409,0.98613,0,,,massA=0.0157 massB=0.97,after,0,0.0
p2,1135,37,mixed,151,151,252,0.68,1.1348,2,False,A,allenai/OLMo-2-1124-7B-Instruct,fewshot,riskneutral,0,0.99783,0.97226,0,,,massA=0.97 massB=0.00211,after,0,0.0
p2,1088,36,neutral,0,98,227,0.47,1.0887,4,True,B,allenai/OLMo-2-1124-7B-Instruct,fewshot,riskneutral,0,0.99596,0.75831,0,,,massA=0.00306 massB=0.755,after,0,0.0
p2,906,30,neutral,0,149,447,0.26,0.78,3,True,B,allenai/OLMo-2-1124-7B-Instruct,fewshot,riskneutral,0,0.99912,0.93489,0,,,massA=0.000819 massB=0.934,after,0,0.0
p2,413,13,mixed,72,72,88,0.64,0.7822,1,False,A,allenai/OLMo-2-1124-7B-Instruct,fewshot,riskneutral,0,0.95078,0.85779,0,,,massA=0.816 massB=0.0422,after,0,0.0
p2,385,12,mixed,164,164,541,0.38,1.2535,2,False,A,allenai/OLMo-2-1124-7B-Instruct,fewshot,riskneutral,0,0.9957,0.96882,0,,,massA=0.965 massB=0.00416,after,0,0.0
p2,131,4,gain,0,29,71,0.55,1.3466,0,False,A,allenai/OLMo-2-1124-7B-Instruct,fewshot,riskneutral,0,0.83114,0.8687,0,,,massA=0.722 massB=0.147,after,0,0.0
p2,1258,29,dominant,0,79,118,1.0,1.4937,3,True,B,allenai/OLMo-2-1124-7B-Instruct,fewshot,riskneutral,0,0.99521,0.957,0,,,massA=0.00459 massB=0.952,after,0,0.0
p2,182,6,neutral,0,94,101,0.71,0.7629,1,True,B,allenai/OLMo-2-1124-7B-Instruct,fewshot,riskneutral,0,0.972,0.78936,0,,,massA=0.0221 massB=0.767,after,0,0.0
p2,849,28,neutral,0,132,181,0.76,1.0421,4,False,A,allenai/OLMo-2-1124-7B-Instruct,fewshot,riskneutral,0,0.97788,0.33566,0,,,massA=0.328 massB=0.00742,after,0,0.0
p2,987,32,mixed,131,131,236,0.57,1.0269,3,False,A,allenai/OLMo-2-1124-7B-Instruct,fewshot,riskneutral,0,0.75347,0.93603,0,,,massA=0.705 massB=0.231,after,0,0.0
p2,604,20,neutral,0,186,266,0.63,0.901,2,True,B,allenai/OLMo-2-1124-7B-Instruct,fewshot,riskneutral,0,0.99929,0.9743,0,,,massA=0.000694 massB=0.974,after,0,0.0
p2,778,25,mixed,124,124,207,0.76,1.2687,4,True,B,allenai/OLMo-2-1124-7B-Instruct,fewshot,riskneutral,0,0.98747,0.72932,0,,,massA=0.00914 massB=0.72,after,0,0.0
p2,415,13,mixed,72,72,88,0.64,0.7822,2,False,A,allenai/OLMo-2-1124-7B-Instruct,fewshot,riskneutral,0,0.97982,0.96885,0,,,massA=0.949 massB=0.0195,after,0,0.0
p2,1248,24,dominant,0,168,180,1.0,1.0714,1,True,B,allenai/OLMo-2-1124-7B-Instruct,fewshot,riskneutral,0,0.88953,0.96558,0,,,massA=0.107 massB=0.859,after,0,0.0
p2,593,19,mixed,64,64,122,0.49,0.9341,1,False,A,allenai/OLMo-2-1124-7B-Instruct,fewshot,riskneutral,0,0.96909,0.89863,0,,,massA=0.871 massB=0.0278,after,0,0.0
p2,649,21,gain,0,106,206,0.73,1.4187,4,False,A,allenai/OLMo-2-1124-7B-Instruct,fewshot,riskneutral,0,0.96267,0.67543,0,,,massA=0.65 massB=0.0252,after,0,0.0
p2,80,2,mixed,162,162,661,0.26,1.0609,0,True,B,allenai/OLMo-2-1124-7B-Instruct,fewshot,riskneutral,0,0.99142,0.97291,0,,,massA=0.00835 massB=0.965,after,0,0.0
p2,490,16,gain,0,139,234,0.6,1.0101,0,True,B,allenai/OLMo-2-1124-7B-Instruct,fewshot,riskneutral,0,0.99162,0.88519,0,,,massA=0.00742 massB=0.878,after,0,0.0
p2,867,28,mixed,132,132,181,0.76,1.0421,3,False,A,allenai/OLMo-2-1124-7B-Instruct,fewshot,riskneutral,0,0.76348,0.92418,0,,,massA=0.706 massB=0.219,after,0,0.0
p2,587,19,gain,0,64,122,0.49,0.9341,3,False,A,allenai/OLMo-2-1124-7B-Instruct,fewshot,riskneutral,0,0.37571,0.89423,0,,,massA=0.336 massB=0.558,after,0,0.0
p2,429,14,neutral,0,81,201,0.68,1.6874,4,False,A,allenai/OLMo-2-1124-7B-Instruct,fewshot,riskneutral,0,0.82104,0.3677,0,,,massA=0.302 massB=0.0658,after,0,0.0
p2,418,13,mixed,72,72,88,0.64,0.7822,4,True,B,allenai/OLMo-2-1124-7B-Instruct,fewshot,riskneutral,0,0.98028,0.60066,0,,,massA=0.0118 massB=0.589,after,0,0.0
p2,492,16,gain,0,139,234,0.6,1.0101,1,True,B,allenai/OLMo-2-1124-7B-Instruct,fewshot,riskneutral,0,0.91671,0.91275,0,,,massA=0.076 massB=0.837,after,0,0.0
p2,1043,34,mixed,52,52,96,0.63,1.1631,1,False,A,allenai/OLMo-2-1124-7B-Instruct,fewshot,riskneutral,0,0.99341,0.92476,0,,,massA=0.919 massB=0.00609,after,0,0.0
p2,113,3,mixed,46,46,158,0.33,1.1335,1,False,A,allenai/OLMo-2-1124-7B-Instruct,fewshot,riskneutral,0,0.88242,0.86518,0,,,massA=0.763 massB=0.102,after,0,0.0
p2,296,9,mixed,49,49,153,0.26,0.8118,3,True,B,allenai/OLMo-2-1124-7B-Instruct,fewshot,riskneutral,0,0.99449,0.9772,0,,,massA=0.00539 massB=0.972,after,0,0.0
p2,106,3,gain,0,46,158,0.33,1.1335,3,True,B,allenai/OLMo-2-1124-7B-Instruct,fewshot,riskneutral,0,0.99838,0.97487,0,,,massA=0.00158 massB=0.973,after,0,0.0
p2,96,3,neutral,0,46,158,0.33,1.1335,3,True,B,allenai/OLMo-2-1124-7B-Instruct,fewshot,riskneutral,0,0.99913,0.96727,0,,,massA=0.000838 massB=0.966,after,0,0.0
p2,1168,38,mixed,183,183,609,0.38,1.2646,4,True,B,allenai/OLMo-2-1124-7B-Instruct,fewshot,riskneutral,0,0.98967,0.81796,0,,,massA=0.00845 massB=0.81,after,0,0.0
p2,678,22,gain,0,81,163,0.72,1.4489,4,True,B,allenai/OLMo-2-1124-7B-Instruct,fewshot,riskneutral,0,0.99615,0.93647,0,,,massA=0.00361 massB=0.933,after,0,0.0
p2,249,8,neutral,0,62,263,0.33,1.3998,4,False,A,allenai/OLMo-2-1124-7B-Instruct,fewshot,riskneutral,0,0.69264,0.38541,0,,,massA=0.267 massB=0.118,after,0,0.0
p2,518,17,neutral,0,117,362,0.42,1.2995,4,True,B,allenai/OLMo-2-1124-7B-Instruct,fewshot,riskneutral,0,0.99665,0.74154,0,,,massA=0.00248 massB=0.739,after,0,0.0
p2,88,2,mixed,162,162,661,0.26,1.0609,4,True,B,allenai/OLMo-2-1124-7B-Instruct,fewshot,riskneutral,0,0.9836,0.82559,0,,,massA=0.0135 massB=0.812,after,0,0.0
p2,289,9,gain,0,49,153,0.26,0.8118,4,False,A,allenai/OLMo-2-1124-7B-Instruct,fewshot,riskneutral,0,0.62246,0.63368,0,,,massA=0.394 massB=0.239,after,0,0.0
p2,914,30,gain,0,149,447,0.26,0.78,2,True,B,allenai/OLMo-2-1124-7B-Instruct,fewshot,riskneutral,0,0.98504,0.98021,0,,,massA=0.0147 massB=0.966,after,0,0.0
p2,885,29,gain,0,79,81,0.83,0.851,2,False,A,allenai/OLMo-2-1124-7B-Instruct,fewshot,riskneutral,0,0.98229,0.96436,0,,,massA=0.947 massB=0.0171,after,0,0.0
p2,640,21,gain,0,106,206,0.73,1.4187,0,True,B,allenai/OLMo-2-1124-7B-Instruct,fewshot,riskneutral,0,0.99122,0.92591,0,,,massA=0.00813 massB=0.918,after,0,0.0
p2,766,25,gain,0,124,207,0.76,1.2687,3,True,B,allenai/OLMo-2-1124-7B-Instruct,fewshot,riskneutral,0,0.99803,0.94991,0,,,massA=0.00187 massB=0.948,after,0,0.0
p2,470,15,mixed,82,82,113,0.74,1.0198,0,True,B,allenai/OLMo-2-1124-7B-Instruct,fewshot,riskneutral,0,0.99293,0.95832,0,,,massA=0.00677 massB=0.952,after,0,0.0
p2,463,15,gain,0,82,113,0.74,1.0198,1,False,A,allenai/OLMo-2-1124-7B-Instruct,fewshot,riskneutral,0,0.99236,0.90956,0,,,massA=0.903 massB=0.00695,after,0,0.0
p2,163,5,gain,0,162,381,0.46,1.0819,1,False,A,allenai/OLMo-2-1124-7B-Instruct,fewshot,riskneutral,0,0.88079,0.88134,0,,,massA=0.776 massB=0.105,after,0,0.0
p2,175,5,mixed,162,162,381,0.46,1.0819,2,False,A,allenai/OLMo-2-1124-7B-Instruct,fewshot,riskneutral,0,0.99707,0.96866,0,,,massA=0.966 massB=0.00284,after,0,0.0
p2,473,15,mixed,82,82,113,0.74,1.0198,1,False,A,allenai/OLMo-2-1124-7B-Instruct,fewshot,riskneutral,0,0.9969,0.92408,0,,,massA=0.921 massB=0.00286,after,0,0.0
p2,313,10,gain,0,111,278,0.58,1.4526,1,False,A,allenai/OLMo-2-1124-7B-Instruct,fewshot,riskneutral,0,0.93534,0.84435,0,,,massA=0.79 massB=0.0546,after,0,0.0
p2,712,23,mixed,91,91,626,0.23,1.5822,1,True,B,allenai/OLMo-2-1124-7B-Instruct,fewshot,riskneutral,0,0.98594,0.95865,0,,,massA=0.0135 massB=0.945,after,0,0.0
p2,1257,28,dominant,0,132,158,1.0,1.197,1,False,A,allenai/OLMo-2-1124-7B-Instruct,fewshot,riskneutral,0,0.54092,0.94913,0,,,massA=0.513 massB=0.436,after,0,0.0
p2,790,26,gain,0,59,151,0.36,0.9214,0,True,B,allenai/OLMo-2-1124-7B-Instruct,fewshot,riskneutral,0,0.98718,0.94499,0,,,massA=0.0121 massB=0.933,after,0,0.0
p2,1253,26,dominant,0,59,73,1.0,1.2373,3,False,A,allenai/OLMo-2-1124-7B-Instruct,fewshot,riskneutral,0,0.05921,0.92756,0,,,massA=0.0549 massB=0.873,after,0,0.0
p2,685,22,mixed,81,81,163,0.72,1.4489,2,False,A,allenai/OLMo-2-1124-7B-Instruct,fewshot,riskneutral,0,0.99876,0.97485,0,,,massA=0.974 massB=0.00121,after,0,0.0
p2,1138,37,mixed,151,151,252,0.68,1.1348,4,True,B,allenai/OLMo-2-1124-7B-Instruct,fewshot,riskneutral,0,0.98901,0.71103,0,,,massA=0.00781 massB=0.703,after,0,0.0
p2,755,25,neutral,0,124,207,0.76,1.2687,2,False,A,allenai/OLMo-2-1124-7B-Instruct,fewshot,riskneutral,0,0.99915,0.8519,0,,,massA=0.851 massB=0.000726,after,0,0.0
p2,1028,34,neutral,0,52,96,0.63,1.1631,4,True,B,allenai/OLMo-2-1124-7B-Instruct,fewshot,riskneutral,0,0.99907,0.91462,0,,,massA=0.000846 massB=0.914,after,0,0.0
p2,238,7,mixed,63,63,98,0.64,0.9956,4,True,B,allenai/OLMo-2-1124-7B-Instruct,fewshot,riskneutral,0,0.98102,0.72461,0,,,massA=0.0138 massB=0.711,after,0,0.0
p2,16,0,gain,0,186,984,0.26,1.3755,3,True,B,allenai/OLMo-2-1124-7B-Instruct,fewshot,riskneutral,0,0.9986,0.96094,0,,,massA=0.00134 massB=0.96,after,0,0.0
p2,804,26,mixed,59,59,151,0.36,0.9214,2,True,B,allenai/OLMo-2-1124-7B-Instruct,fewshot,riskneutral,0,0.97935,0.98749,0,,,massA=0.0204 massB=0.967,after,0,0.0
p2,1020,34,neutral,0,52,96,0.63,1.1631,0,True,B,allenai/OLMo-2-1124-7B-Instruct,fewshot,riskneutral,0,0.99816,0.93933,0,,,massA=0.00173 massB=0.938,after,0,0.0
p2,607,20,neutral,0,186,266,0.63,0.901,3,False,A,allenai/OLMo-2-1124-7B-Instruct,fewshot,riskneutral,0,0.79944,0.79994,0,,,massA=0.64 massB=0.16,after,0,0.0
p2,47,1,gain,0,58,116,0.66,1.32,3,False,A,allenai/OLMo-2-1124-7B-Instruct,fewshot,riskneutral,0,0.93391,0.92012,0,,,massA=0.859 massB=0.0608,after,0,0.0
p2,401,13,gain,0,72,88,0.64,0.7822,0,False,A,allenai/OLMo-2-1124-7B-Instruct,fewshot,riskneutral,0,0.6058,0.88417,0,,,massA=0.536 massB=0.349,after,0,0.0
p2,594,19,mixed,64,64,122,0.49,0.9341,2,True,B,allenai/OLMo-2-1124-7B-Instruct,fewshot,riskneutral,0,0.98269,0.98807,0,,,massA=0.0171 massB=0.971,after,0,0.0
p2,159,5,neutral,0,162,381,0.46,1.0819,4,False,A,allenai/OLMo-2-1124-7B-Instruct,fewshot,riskneutral,0,0.91906,0.49226,0,,,massA=0.452 massB=0.0398,after,0,0.0
p2,1012,33,mixed,142,142,446,0.53,1.6646,1,True,B,allenai/OLMo-2-1124-7B-Instruct,fewshot,riskneutral,0,0.98527,0.95554,0,,,massA=0.0141 massB=0.941,after,0,0.0
p2,717,23,mixed,91,91,626,0.23,1.5822,3,False,A,allenai/OLMo-2-1124-7B-Instruct,fewshot,riskneutral,0,0.8606,0.93936,0,,,massA=0.808 massB=0.131,after,0,0.0
p2,202,6,mixed,94,94,101,0.71,0.7629,1,True,B,allenai/OLMo-2-1124-7B-Instruct,fewshot,riskneutral,0,0.98926,0.94915,0,,,massA=0.0102 massB=0.939,after,0,0.0
p2,72,2,gain,0,162,661,0.26,1.0609,1,True,B,allenai/OLMo-2-1124-7B-Instruct,fewshot,riskneutral,0,0.9033,0.91528,0,,,massA=0.0885 massB=0.827,after,0,0.0
p2,460,15,gain,0,82,113,0.74,1.0198,0,True,B,allenai/OLMo-2-1124-7B-Instruct,fewshot,riskneutral,0,0.98959,0.9084,0,,,massA=0.00945 massB=0.899,after,0,0.0
p2,542,18,neutral,0,41,61,0.58,0.8629,1,True,B,allenai/OLMo-2-1124-7B-Instruct,fewshot,riskneutral,0,0.99282,0.94298,0,,,massA=0.00677 massB=0.936,after,0,0.0
p2,1158,38,gain,0,183,609,0.38,1.2646,4,True,B,allenai/OLMo-2-1124-7B-Instruct,fewshot,riskneutral,0,0.99764,0.89504,0,,,massA=0.00211 massB=0.893,after,0,0.0
p2,108,3,gain,0,46,158,0.33,1.1335,4,True,B,allenai/OLMo-2-1124-7B-Instruct,fewshot,riskneutral,0,0.99587,0.95685,0,,,massA=0.00396 massB=0.953,after,0,0.0
p2,628,20,mixed,186,186,266,0.63,0.901,4,True,B,allenai/OLMo-2-1124-7B-Instruct,fewshot,riskneutral,0,0.98657,0.73486,0,,,massA=0.00987 massB=0.725,after,0,0.0
p2,246,8,neutral,0,62,263,0.33,1.3998,3,True,B,allenai/OLMo-2-1124-7B-Instruct,fewshot,riskneutral,0,0.99907,0.95548,0,,,massA=0.000884 massB=0.955,after,0,0.0
p2,865,28,mixed,132,132,181,0.76,1.0421,2,False,A,allenai/OLMo-2-1124-7B-Instruct,fewshot,riskneutral,0,0.99737,0.97398,0,,,massA=0.971 massB=0.00256,after,0,0.0
p2,891,29,mixed,79,79,81,0.83,0.851,0,False,A,allenai/OLMo-2-1124-7B-Instruct,fewshot,riskneutral,0,0.76489,0.89173,0,,,massA=0.682 massB=0.21,after,0,0.0
p2,866,28,mixed,132,132,181,0.76,1.0421,3,True,B,allenai/OLMo-2-1124-7B-Instruct,fewshot,riskneutral,0,0.99829,0.976,0,,,massA=0.00167 massB=0.974,after,0,0.0
p2,946,31,gain,0,51,151,0.29,0.8586,3,True,B,allenai/OLMo-2-1124-7B-Instruct,fewshot,riskneutral,0,0.99711,0.97014,0,,,massA=0.0028 massB=0.967,after,0,0.0
p2,68,2,neutral,0,162,661,0.26,1.0609,4,True,B,allenai/OLMo-2-1124-7B-Instruct,fewshot,riskneutral,0,0.99688,0.72536,0,,,massA=0.00227 massB=0.723,after,0,0.0
p2,203,6,mixed,94,94,101,0.71,0.7629,1,False,A,allenai/OLMo-2-1124-7B-Instruct,fewshot,riskneutral,0,0.99014,0.91916,0,,,massA=0.91 massB=0.00906,after,0,0.0
p2,1083,36,neutral,0,98,227,0.47,1.0887,1,False,A,allenai/OLMo-2-1124-7B-Instruct,fewshot,riskneutral,0,0.98229,0.80762,0,,,massA=0.793 massB=0.0143,after,0,0.0
p2,732,24,gain,0,168,214,0.76,0.9681,1,True,B,allenai/OLMo-2-1124-7B-Instruct,fewshot,riskneutral,0,0.8634,0.91684,0,,,massA=0.125 massB=0.792,after,0,0.0
p2,656,21,mixed,106,106,206,0.73,1.4187,3,True,B,allenai/OLMo-2-1124-7B-Instruct,fewshot,riskneutral,0,0.99707,0.97737,0,,,massA=0.00287 massB=0.975,after,0,0.0
p2,11,0,gain,0,186,984,0.26,1.3755,0,False,A,allenai/OLMo-2-1124-7B-Instruct,fewshot,riskneutral,0,0.89983,0.85187,0,,,massA=0.767 massB=0.0853,after,0,0.0
p2,758,25,neutral,0,124,207,0.76,1.2687,4,True,B,allenai/OLMo-2-1124-7B-Instruct,fewshot,riskneutral,0,0.99782,0.83641,0,,,massA=0.00183 massB=0.835,after,0,0.0
p2,56,1,mixed,58,58,116,0.66,1.32,3,True,B,allenai/OLMo-2-1124-7B-Instruct,fewshot,riskneutral,0,0.99676,0.96682,0,,,massA=0.00313 massB=0.964,after,0,0.0
p2,1167,38,mixed,183,183,609,0.38,1.2646,3,False,A,allenai/OLMo-2-1124-7B-Instruct,fewshot,riskneutral,0,0.53898,0.94623,0,,,massA=0.51 massB=0.436,after,0,0.0
p2,696,23,neutral,0,91,626,0.23,1.5822,3,True,B,allenai/OLMo-2-1124-7B-Instruct,fewshot,riskneutral,0,0.99948,0.95252,0,,,massA=0.000499 massB=0.952,after,0,0.0
p2,306,10,neutral,0,111,278,0.58,1.4526,3,True,B,allenai/OLMo-2-1124-7B-Instruct,fewshot,riskneutral,0,0.99956,0.96702,0,,,massA=0.000421 massB=0.967,after,0,0.0
p2,136,4,gain,0,29,71,0.55,1.3466,3,True,B,allenai/OLMo-2-1124-7B-Instruct,fewshot,riskneutral,0,0.99775,0.95668,0,,,massA=0.00215 massB=0.955,after,0,0.0
p2,447,14,mixed,81,81,201,0.68,1.6874,3,False,A,allenai/OLMo-2-1124-7B-Instruct,fewshot,riskneutral,0,0.79438,0.93615,0,,,massA=0.744 massB=0.192,after,0,0.0
p2,829,27,gain,0,166,433,0.53,1.3825,4,False,A,allenai/OLMo-2-1124-7B-Instruct,fewshot,riskneutral,0,0.95532,0.71379,0,,,massA=0.682 massB=0.0319,after,0,0.0
p2,777,25,mixed,124,124,207,0.76,1.2687,3,False,A,allenai/OLMo-2-1124-7B-Instruct,fewshot,riskneutral,0,0.90053,0.91834,0,,,massA=0.827 massB=0.0913,after,0,0.0
p2,383,12,mixed,164,164,541,0.38,1.2535,1,False,A,allenai/OLMo-2-1124-7B-Instruct,fewshot,riskneutral,0,0.98943,0.90131,0,,,massA=0.892 massB=0.00953,after,0,0.0
p2,222,7,gain,0,63,98,0.64,0.9956,1,True,B,allenai/OLMo-2-1124-7B-Instruct,fewshot,riskneutral,0,0.92359,0.94091,0,,,massA=0.0719 massB=0.869,after,0,0.0
p2,1087,36,neutral,0,98,227,0.47,1.0887,3,False,A,allenai/OLMo-2-1124-7B-Instruct,fewshot,riskneutral,0,0.61509,0.78711,0,,,massA=0.484 massB=0.303,after,0,0.0
p2,226,7,gain,0,63,98,0.64,0.9956,3,True,B,allenai/OLMo-2-1124-7B-Instruct,fewshot,riskneutral,0,0.99762,0.94131,0,,,massA=0.00224 massB=0.939,after,0,0.0
p2,160,5,gain,0,162,381,0.46,1.0819,0,True,B,allenai/OLMo-2-1124-7B-Instruct,fewshot,riskneutral,0,0.98657,0.88065,0,,,massA=0.0118 massB=0.869,after,0,0.0
p2,48,1,gain,0,58,116,0.66,1.32,4,True,B,allenai/OLMo-2-1124-7B-Instruct,fewshot,riskneutral,0,0.99605,0.93142,0,,,massA=0.00367 massB=0.928,after,0,0.0
p2,940,31,gain,0,51,151,0.29,0.8586,0,True,B,allenai/OLMo-2-1124-7B-Instruct,fewshot,riskneutral,0,0.98058,0.93943,0,,,massA=0.0182 massB=0.921,after,0,0.0
p2,20,0,mixed,186,186,984,0.26,1.3755,0,True,B,allenai/OLMo-2-1124-7B-Instruct,fewshot,riskneutral,0,0.9932,0.97229,0,,,massA=0.00661 massB=0.966,after,0,0.0
p2,818,27,neutral,0,166,433,0.53,1.3825,4,True,B,allenai/OLMo-2-1124-7B-Instruct,fewshot,riskneutral,0,0.99766,0.7937,0,,,massA=0.00186 massB=0.792,after,0,0.0
p2,576,19,neutral,0,64,122,0.49,0.9341,3,True,B,allenai/OLMo-2-1124-7B-Instruct,fewshot,riskneutral,0,0.99908,0.96312,0,,,massA=0.000884 massB=0.962,after,0,0.0
p2,26,0,mixed,186,186,984,0.26,1.3755,3,True,B,allenai/OLMo-2-1124-7B-Instruct,fewshot,riskneutral,0,0.99654,0.98092,0,,,massA=0.00339 massB=0.978,after,0,0.0
p2,573,19,neutral,0,64,122,0.49,0.9341,1,False,A,allenai/OLMo-2-1124-7B-Instruct,fewshot,riskneutral,0,0.98999,0.6656,0,,,massA=0.659 massB=0.00667,after,0,0.0
p2,781,26,neutral,0,59,151,0.36,0.9214,0,False,A,allenai/OLMo-2-1124-7B-Instruct,fewshot,riskneutral,0,0.83868,0.8679,0,,,massA=0.728 massB=0.14,after,0,0.0
p2,559,18,gain,0,41,61,0.58,0.8629,4,False,A,allenai/OLMo-2-1124-7B-Instruct,fewshot,riskneutral,0,0.96267,0.59073,0,,,massA=0.569 massB=0.0221,after,0,0.0
p2,839,27,mixed,166,166,433,0.53,1.3825,4,False,A,allenai/OLMo-2-1124-7B-Instruct,fewshot,riskneutral,0,0.96538,0.70292,0,,,massA=0.679 massB=0.0243,after,0,0.0
p2,764,25,gain,0,124,207,0.76,1.2687,2,True,B,allenai/OLMo-2-1124-7B-Instruct,fewshot,riskneutral,0,0.98647,0.97982,0,,,massA=0.0133 massB=0.967,after,0,0.0
p2,858,28,gain,0,132,181,0.76,1.0421,4,True,B,allenai/OLMo-2-1124-7B-Instruct,fewshot,riskneutral,0,0.99668,0.95446,0,,,massA=0.00317 massB=0.951,after,0,0.0
p2,198,6,gain,0,94,101,0.71,0.7629,4,True,B,allenai/OLMo-2-1124-7B-Instruct,fewshot,riskneutral,0,0.99445,0.91841,0,,,massA=0.0051 massB=0.913,after,0,0.0
p2,899,29,mixed,79,79,81,0.83,0.851,4,False,A,allenai/OLMo-2-1124-7B-Instruct,fewshot,riskneutral,0,0.88876,0.65543,0,,,massA=0.583 massB=0.0729,after,0,0.0
p2,752,25,neutral,0,124,207,0.76,1.2687,1,True,B,allenai/OLMo-2-1124-7B-Instruct,fewshot,riskneutral,0,0.98282,0.84934,0,,,massA=0.0146 massB=0.835,after,0,0.0
p2,183,6,neutral,0,94,101,0.71,0.7629,1,False,A,allenai/OLMo-2-1124-7B-Instruct,fewshot,riskneutral,0,0.99815,0.64332,0,,,massA=0.642 massB=0.00119,after,0,0.0
p2,277,9,neutral,0,49,153,0.26,0.8118,3,False,A,allenai/OLMo-2-1124-7B-Instruct,fewshot,riskneutral,0,0.66192,0.64629,0,,,massA=0.428 massB=0.218,after,0,0.0
p2,1186,39,gain,0,178,567,0.32,1.0193,3,True,B,allenai/OLMo-2-1124-7B-Instruct,fewshot,riskneutral,0,0.99886,0.96227,0,,,massA=0.0011 massB=0.961,after,0,0.0
p2,894,29,mixed,79,79,81,0.83,0.851,2,True,B,allenai/OLMo-2-1124-7B-Instruct,fewshot,riskneutral,0,0.95186,0.97652,0,,,massA=0.047 massB=0.93,after,0,0.0
p2,1141,38,neutral,0,183,609,0.38,1.2646,0,False,A,allenai/OLMo-2-1124-7B-Instruct,fewshot,riskneutral,0,0.68594,0.87626,0,,,massA=0.601 massB=0.275,after,0,0.0
p2,53,1,mixed,58,58,116,0.66,1.32,1,False,A,allenai/OLMo-2-1124-7B-Instruct,fewshot,riskneutral,0,0.99293,0.86593,0,,,massA=0.86 massB=0.00612,after,0,0.0
p2,282,9,gain,0,49,153,0.26,0.8118,1,True,B,allenai/OLMo-2-1124-7B-Instruct,fewshot,riskneutral,0,0.89553,0.93586,0,,,massA=0.0978 massB=0.838,after,0,0.0
p2,1010,33,mixed,142,142,446,0.53,1.6646,0,True,B,allenai/OLMo-2-1124-7B-Instruct,fewshot,riskneutral,0,0.9947,0.96471,0,,,massA=0.00511 massB=0.96,after,0,0.0
p2,623,20,mixed,186,186,266,0.63,0.901,1,False,A,allenai/OLMo-2-1124-7B-Instruct,fewshot,riskneutral,0,0.99539,0.85532,0,,,massA=0.851 massB=0.00394,after,0,0.0
p2,122,4,neutral,0,29,71,0.55,1.3466,1,True,B,allenai/OLMo-2-1124-7B-Instruct,fewshot,riskneutral,0,0.98013,0.87784,0,,,massA=0.0174 massB=0.86,after,0,0.0
p2,452,15,neutral,0,82,113,0.74,1.0198,1,True,B,allenai/OLMo-2-1124-7B-Instruct,fewshot,riskneutral,0,0.99431,0.91125,0,,,massA=0.00518 massB=0.906,after,0,0.0
p2,1117,37,neutral,0,151,252,0.68,1.1348,3,False,A,allenai/OLMo-2-1124-7B-Instruct,fewshot,riskneutral,0,0.92192,0.74898,0,,,massA=0.69 massB=0.0585,after,0,0.0
p2,190,6,gain,0,94,101,0.71,0.7629,0,True,B,allenai/OLMo-2-1124-7B-Instruct,fewshot,riskneutral,0,0.98504,0.87155,0,,,massA=0.013 massB=0.859,after,0,0.0
p2,464,15,gain,0,82,113,0.74,1.0198,2,True,B,allenai/OLMo-2-1124-7B-Instruct,fewshot,riskneutral,0,0.98678,0.98587,0,,,massA=0.013 massB=0.973,after,0,0.0
p2,881,29,gain,0,79,81,0.83,0.851,0,False,A,allenai/OLMo-2-1124-7B-Instruct,fewshot,riskneutral,0,0.82333,0.81071,0,,,massA=0.667 massB=0.143,after,0,0.0
p2,980,32,mixed,131,131,236,0.57,1.0269,0,True,B,allenai/OLMo-2-1124-7B-Instruct,fewshot,riskneutral,0,0.99532,0.96708,0,,,massA=0.00453 massB=0.963,after,0,0.0
p2,793,26,gain,0,59,151,0.36,0.9214,1,False,A,allenai/OLMo-2-1124-7B-Instruct,fewshot,riskneutral,0,0.65841,0.91666,0,,,massA=0.604 massB=0.313,after,0,0.0
p2,1197,39,mixed,178,178,567,0.32,1.0193,3,False,A,allenai/OLMo-2-1124-7B-Instruct,fewshot,riskneutral,0,0.66192,0.94516,0,,,massA=0.626 massB=0.32,after,0,0.0
p2,1232,16,dominant,0,139,190,1.0,1.3669,2,True,B,allenai/OLMo-2-1124-7B-Instruct,fewshot,riskneutral,0,0.99688,0.99138,0,,,massA=0.0031 massB=0.988,after,0,0.0
p2,880,29,gain,0,79,81,0.83,0.851,0,True,B,allenai/OLMo-2-1124-7B-Instruct,fewshot,riskneutral,0,0.97178,0.87029,0,,,massA=0.0246 massB=0.846,after,0,0.0
p2,595,19,mixed,64,64,122,0.49,0.9341,2,False,A,allenai/OLMo-2-1124-7B-Instruct,fewshot,riskneutral,0,0.99366,0.97013,0,,,massA=0.964 massB=0.00615,after,0,0.0
p2,1068,35,gain,0,91,133,0.68,0.9938,4,True,B,allenai/OLMo-2-1124-7B-Instruct,fewshot,riskneutral,0,0.9949,0.9381,0,,,massA=0.00478 massB=0.933,after,0,0.0
p2,1098,36,gain,0,98,227,0.47,1.0887,4,True,B,allenai/OLMo-2-1124-7B-Instruct,fewshot,riskneutral,0,0.99599,0.93156,0,,,massA=0.00373 massB=0.928,after,0,0.0
p2,25,0,mixed,186,186,984,0.26,1.3755,2,False,A,allenai/OLMo-2-1124-7B-Instruct,fewshot,riskneutral,0,0.99404,0.97587,0,,,massA=0.97 massB=0.00581,after,0,0.0
p2,620,20,mixed,186,186,266,0.63,0.901,0,True,B,allenai/OLMo-2-1124-7B-Instruct,fewshot,riskneutral,0,0.99361,0.96366,0,,,massA=0.00616 massB=0.958,after,0,0.0
p2,622,20,mixed,186,186,266,0.63,0.901,1,True,B,allenai/OLMo-2-1124-7B-Instruct,fewshot,riskneutral,0,0.98959,0.95655,0,,,massA=0.00996 massB=0.947,after,0,0.0
p2,66,2,neutral,0,162,661,0.26,1.0609,3,True,B,allenai/OLMo-2-1124-7B-Instruct,fewshot,riskneutral,0,0.99922,0.95375,0,,,massA=0.000743 massB=0.953,after,0,0.0
p2,510,17,neutral,0,117,362,0.42,1.2995,0,True,B,allenai/OLMo-2-1124-7B-Instruct,fewshot,riskneutral,0,0.99692,0.90192,0,,,massA=0.00277 massB=0.899,after,0,0.0
p2,927,30,mixed,149,149,447,0.26,0.78,3,False,A,allenai/OLMo-2-1124-7B-Instruct,fewshot,riskneutral,0,0.60206,0.92576,0,,,massA=0.557 massB=0.368,after,0,0.0
p2,9,0,neutral,0,186,984,0.26,1.3755,4,False,A,allenai/OLMo-2-1124-7B-Instruct,fewshot,riskneutral,0,0.67576,0.39364,0,,,massA=0.266 massB=0.128,after,0,0.0
p2,1061,35,gain,0,91,133,0.68,0.9938,0,False,A,allenai/OLMo-2-1124-7B-Instruct,fewshot,riskneutral,0,0.90599,0.8812,0,,,massA=0.798 massB=0.0828,after,0,0.0
p2,517,17,neutral,0,117,362,0.42,1.2995,3,False,A,allenai/OLMo-2-1124-7B-Instruct,fewshot,riskneutral,0,0.43206,0.79086,0,,,massA=0.342 massB=0.449,after,0,0.0
p2,799,26,gain,0,59,151,0.36,0.9214,4,False,A,allenai/OLMo-2-1124-7B-Instruct,fewshot,riskneutral,0,0.80685,0.68743,0,,,massA=0.555 massB=0.133,after,0,0.0
p2,1239,19,dominant,0,64,91,1.0,1.4219,4,False,A,allenai/OLMo-2-1124-7B-Instruct,fewshot,riskneutral,0,0.60206,0.89077,0,,,massA=0.536 massB=0.354,after,0,0.0
p2,116,3,mixed,46,46,158,0.33,1.1335,3,True,B,allenai/OLMo-2-1124-7B-Instruct,fewshot,riskneutral,0,0.99395,0.97378,0,,,massA=0.00589 massB=0.968,after,0,0.0
p2,1264,32,dominant,0,131,144,1.0,1.0992,4,True,B,allenai/OLMo-2-1124-7B-Instruct,fewshot,riskneutral,0,0.97241,0.94972,0,,,massA=0.0262 massB=0.924,after,0,0.0
p2,870,29,neutral,0,79,81,0.83,0.851,0,True,B,allenai/OLMo-2-1124-7B-Instruct,fewshot,riskneutral,0,0.99466,0.9109,0,,,massA=0.00487 massB=0.906,after,0,0.0
p2,104,3,gain,0,46,158,0.33,1.1335,2,True,B,allenai/OLMo-2-1124-7B-Instruct,fewshot,riskneutral,0,0.97822,0.98845,0,,,massA=0.0215 massB=0.967,after,0,0.0
p2,76,2,gain,0,162,661,0.26,1.0609,3,True,B,allenai/OLMo-2-1124-7B-Instruct,fewshot,riskneutral,0,0.99834,0.96566,0,,,massA=0.0016 massB=0.964,after,0,0.0
p2,46,1,gain,0,58,116,0.66,1.32,3,True,B,allenai/OLMo-2-1124-7B-Instruct,fewshot,riskneutral,0,0.99865,0.95458,0,,,massA=0.00128 massB=0.953,after,0,0.0
p2,1205,2,dominant,0,162,174,1.0,1.0741,4,False,A,allenai/OLMo-2-1124-7B-Instruct,fewshot,riskneutral,0,0.94499,0.92479,0,,,massA=0.874 massB=0.0509,after,0,0.0
p2,1217,8,dominant,0,62,121,1.0,1.9516,4,False,A,allenai/OLMo-2-1124-7B-Instruct,fewshot,riskneutral,0,0.92841,0.90067,0,,,massA=0.836 massB=0.0645,after,0,0.0
p2,346,11,gain,0,54,68,0.81,1.02,3,True,B,allenai/OLMo-2-1124-7B-Instruct,fewshot,riskneutral,0,0.99535,0.94738,0,,,massA=0.0044 massB=0.943,after,0,0.0
p2,1000,33,gain,0,142,446,0.53,1.6646,0,True,B,allenai/OLMo-2-1124-7B-Instruct,fewshot,riskneutral,0,0.98876,0.90205,0,,,massA=0.0101 massB=0.892,after,0,0.0
p2,1219,9,dominant,0,49,82,1.0,1.6735,1,False,A,allenai/OLMo-2-1124-7B-Instruct,fewshot,riskneutral,0,0.64601,0.96842,0,,,massA=0.626 massB=0.343,after,0,0.0
p2,999,33,neutral,0,142,446,0.53,1.6646,4,False,A,allenai/OLMo-2-1124-7B-Instruct,fewshot,riskneutral,0,0.39606,0.64419,0,,,massA=0.255 massB=0.389,after,0,0.0
p2,570,19,neutral,0,64,122,0.49,0.9341,0,True,B,allenai/OLMo-2-1124-7B-Instruct,fewshot,riskneutral,0,0.99726,0.94293,0,,,massA=0.00258 massB=0.94,after,0,0.0
p2,1178,39,neutral,0,178,567,0.32,1.0193,4,True,B,allenai/OLMo-2-1124-7B-Instruct,fewshot,riskneutral,0,0.99865,0.87119,0,,,massA=0.00117 massB=0.87,after,0,0.0
p2,173,5,mixed,162,162,381,0.46,1.0819,1,False,A,allenai/OLMo-2-1124-7B-Instruct,fewshot,riskneutral,0,0.98688,0.90511,0,,,massA=0.893 massB=0.0119,after,0,0.0
p2,51,1,mixed,58,58,116,0.66,1.32,0,False,A,allenai/OLMo-2-1124-7B-Instruct,fewshot,riskneutral,0,0.95663,0.8989,0,,,massA=0.86 massB=0.039,after,0,0.0
p2,62,2,neutral,0,162,661,0.26,1.0609,1,True,B,allenai/OLMo-2-1124-7B-Instruct,fewshot,riskneutral,0,0.9847,0.78102,0,,,massA=0.012 massB=0.769,after,0,0.0
p2,715,23,mixed,91,91,626,0.23,1.5822,2,False,A,allenai/OLMo-2-1124-7B-Instruct,fewshot,riskneutral,0,0.99709,0.96939,0,,,massA=0.967 massB=0.00282,after,0,0.0
p2,64,2,neutral,0,162,661,0.26,1.0609,2,True,B,allenai/OLMo-2-1124-7B-Instruct,fewshot,riskneutral,0,0.99912,0.95705,0,,,massA=0.000845 massB=0.956,after,0,0.0
p2,588,19,gain,0,64,122,0.49,0.9341,4,True,B,allenai/OLMo-2-1124-7B-Instruct,fewshot,riskneutral,0,0.994,0.92886,0,,,massA=0.00558 massB=0.923,after,0,0.0
p2,45,1,gain,0,58,116,0.66,1.32,2,False,A,allenai/OLMo-2-1124-7B-Instruct,fewshot,riskneutral,0,0.99869,0.9816,0,,,massA=0.98 massB=0.00129,after,0,0.0
p2,869,28,mixed,132,132,181,0.76,1.0421,4,False,A,allenai/OLMo-2-1124-7B-Instruct,fewshot,riskneutral,0,0.96564,0.61242,0,,,massA=0.591 massB=0.021,after,0,0.0
p2,132,4,gain,0,29,71,0.55,1.3466,1,True,B,allenai/OLMo-2-1124-7B-Instruct,fewshot,riskneutral,0,0.93535,0.93872,0,,,massA=0.0607 massB=0.878,after,0,0.0
p2,783,26,neutral,0,59,151,0.36,0.9214,1,False,A,allenai/OLMo-2-1124-7B-Instruct,fewshot,riskneutral,0,0.98766,0.80502,0,,,massA=0.795 massB=0.00993,after,0,0.0
p2,322,10,mixed,111,111,278,0.58,1.4526,1,True,B,allenai/OLMo-2-1124-7B-Instruct,fewshot,riskneutral,0,0.98959,0.95706,0,,,massA=0.00996 massB=0.947,after,0,0.0
p2,782,26,neutral,0,59,151,0.36,0.9214,1,True,B,allenai/OLMo-2-1124-7B-Instruct,fewshot,riskneutral,0,0.99395,0.9013,0,,,massA=0.00545 massB=0.896,after,0,0.0
p2,951,31,mixed,51,51,151,0.29,0.8586,0,False,A,allenai/OLMo-2-1124-7B-Instruct,fewshot,riskneutral,0,0.88642,0.92072,0,,,massA=0.816 massB=0.105,after,0,0.0
p2,201,6,mixed,94,94,101,0.71,0.7629,0,False,A,allenai/OLMo-2-1124-7B-Instruct,fewshot,riskneutral,0,0.83441,0.90013,0,,,massA=0.751 massB=0.149,after,0,0.0
p2,657,21,mixed,106,106,206,0.73,1.4187,3,False,A,allenai/OLMo-2-1124-7B-Instruct,fewshot,riskneutral,0,0.82783,0.92606,0,,,massA=0.767 massB=0.159,after,0,0.0
p2,1276,38,dominant,0,183,201,1.0,1.0984,2,True,B,allenai/OLMo-2-1124-7B-Instruct,fewshot,riskneutral,0,0.96538,0.9868,0,,,massA=0.0342 massB=0.953,after,0,0.0
p2,1184,39,gain,0,178,567,0.32,1.0193,2,True,B,allenai/OLMo-2-1124-7B-Instruct,fewshot,riskneutral,0,0.98688,0.98013,0,,,massA=0.0129 massB=0.967,after,0,0.0
p2,22,0,mixed,186,186,984,0.26,1.3755,1,True,B,allenai/OLMo-2-1124-7B-Instruct,fewshot,riskneutral,0,0.98926,0.96745,0,,,massA=0.0104 massB=0.957,after,0,0.0
p2,1153,38,gain,0,183,609,0.38,1.2646,1,False,A,allenai/OLMo-2-1124-7B-Instruct,fewshot,riskneutral,0,0.67917,0.86377,0,,,massA=0.587 massB=0.277,after,0,0.0
p2,509,16,mixed,139,139,234,0.6,1.0101,4,False,A,allenai/OLMo-2-1124-7B-Instruct,fewshot,riskneutral,0,0.94335,0.60525,0,,,massA=0.571 massB=0.0343,after,0,0.0
p2,1222,11,dominant,0,54,73,1.0,1.3519,4,True,B,allenai/OLMo-2-1124-7B-Instruct,fewshot,riskneutral,0,0.99022,0.96033,0,,,massA=0.0094 massB=0.951,after,0,0.0
p2,1210,5,dominant,0,162,206,1.0,1.2716,1,True,B,allenai/OLMo-2-1124-7B-Instruct,fewshot,riskneutral,0,0.8977,0.95546,0,,,massA=0.0977 massB=0.858,after,0,0.0
p2,83,2,mixed,162,162,661,0.26,1.0609,1,False,A,allenai/OLMo-2-1124-7B-Instruct,fewshot,riskneutral,0,0.96405,0.87811,0,,,massA=0.847 massB=0.0316,after,0,0.0
p2,212,7,neutral,0,63,98,0.64,0.9956,1,True,B,allenai/OLMo-2-1124-7B-Instruct,fewshot,riskneutral,0,0.98668,0.90762,0,,,massA=0.0121 massB=0.896,after,0,0.0
p2,872,29,neutral,0,79,81,0.83,0.851,1,True,B,allenai/OLMo-2-1124-7B-Instruct,fewshot,riskneutral,0,0.96432,0.83859,0,,,massA=0.0299 massB=0.809,after,0,0.0
p2,682,22,mixed,81,81,163,0.72,1.4489,1,True,B,allenai/OLMo-2-1124-7B-Instruct,fewshot,riskneutral,0,0.98493,0.96212,0,,,massA=0.0145 massB=0.948,after,0,0.0
p2,832,27,mixed,166,166,433,0.53,1.3825,1,True,B,allenai/OLMo-2-1124-7B-Instruct,fewshot,riskneutral,0,0.99181,0.96509,0,,,massA=0.0079 massB=0.957,after,0,0.0
p2,425,14,neutral,0,81,201,0.68,1.6874,2,False,A,allenai/OLMo-2-1124-7B-Instruct,fewshot,riskneutral,0,0.99635,0.84255,0,,,massA=0.839 massB=0.00308,after,0,0.0
p2,578,19,neutral,0,64,122,0.49,0.9341,4,True,B,allenai/OLMo-2-1124-7B-Instruct,fewshot,riskneutral,0,0.9968,0.85709,0,,,massA=0.00274 massB=0.854,after,0,0.0
p2,361,12,neutral,0,164,541,0.38,1.2535,0,False,A,allenai/OLMo-2-1124-7B-Instruct,fewshot,riskneutral,0,0.81523,0.85115,0,,,massA=0.694 massB=0.157,after,0,0.0
p2,5,0,neutral,0,186,984,0.26,1.3755,2,False,A,allenai/OLMo-2-1124-7B-Instruct,fewshot,riskneutral,0,0.9855,0.86213,0,,,massA=0.85 massB=0.0125,after,0,0.0
p2,444,14,mixed,81,81,201,0.68,1.6874,2,True,B,allenai/OLMo-2-1124-7B-Instruct,fewshot,riskneutral,0,0.99181,0.98854,0,,,massA=0.00809 massB=0.98,after,0,0.0
p2,556,18,gain,0,41,61,0.58,0.8629,3,True,B,allenai/OLMo-2-1124-7B-Instruct,fewshot,riskneutral,0,0.99615,0.9523,0,,,massA=0.00367 massB=0.949,after,0,0.0
p2,350,11,mixed,54,54,68,0.81,1.02,0,True,B,allenai/OLMo-2-1124-7B-Instruct,fewshot,riskneutral,0,0.98943,0.95473,0,,,massA=0.0101 massB=0.945,after,0,0.0
p2,1265,32,dominant,0,131,144,1.0,1.0992,2,False,A,allenai/OLMo-2-1124-7B-Instruct,fewshot,riskneutral,0,0.57177,0.97321,0,,,massA=0.556 massB=0.417,after,0,0.0
p2,260,8,mixed,62,62,263,0.33,1.3998,0,True,B,allenai/OLMo-2-1124-7B-Instruct,fewshot,riskneutral,0,0.99282,0.97066,0,,,massA=0.00697 massB=0.964,after,0,0.0
p2,408,13,gain,0,72,88,0.64,0.7822,4,True,B,allenai/OLMo-2-1124-7B-Instruct,fewshot,riskneutral,0,0.99188,0.92729,0,,,massA=0.00753 massB=0.92,after,0,0.0
p2,90,3,neutral,0,46,158,0.33,1.1335,0,True,B,allenai/OLMo-2-1124-7B-Instruct,fewshot,riskneutral,0,0.9969,0.934,0,,,massA=0.00289 massB=0.931,after,0,0.0
p2,498,16,gain,0,139,234,0.6,1.0101,4,True,B,allenai/OLMo-2-1124-7B-Instruct,fewshot,riskneutral,0,0.99646,0.92168,0,,,massA=0.00326 massB=0.918,after,0,0.0
p2,1147,38,neutral,0,183,609,0.38,1.2646,3,False,A,allenai/OLMo-2-1124-7B-Instruct,fewshot,riskneutral,0,0.69761,0.73699,0,,,massA=0.514 massB=0.223,after,0,0.0
p2,476,15,mixed,82,82,113,0.74,1.0198,3,True,B,allenai/OLMo-2-1124-7B-Instruct,fewshot,riskneutral,0,0.99779,0.97139,0,,,massA=0.00215 massB=0.969,after,0,0.0
p2,1185,39,gain,0,178,567,0.32,1.0193,2,False,A,allenai/OLMo-2-1124-7B-Instruct,fewshot,riskneutral,0,0.99395,0.98316,0,,,massA=0.977 massB=0.00595,after,0,0.0
p2,915,30,gain,0,149,447,0.26,0.78,2,False,A,allenai/OLMo-2-1124-7B-Instruct,fewshot,riskneutral,0,0.93245,0.97353,0,,,massA=0.908 massB=0.0658,after,0,0.0
p2,989,32,mixed,131,131,236,0.57,1.0269,4,False,A,allenai/OLMo-2-1124-7B-Instruct,fewshot,riskneutral,0,0.96741,0.69832,0,,,massA=0.676 massB=0.0228,after,0,0.0
p2,561,18,mixed,41,41,61,0.58,0.8629,0,False,A,allenai/OLMo-2-1124-7B-Instruct,fewshot,riskneutral,0,0.72331,0.89289,0,,,massA=0.646 massB=0.247,after,0,0.0
p2,824,27,gain,0,166,433,0.53,1.3825,2,True,B,allenai/OLMo-2-1124-7B-Instruct,fewshot,riskneutral,0,0.99087,0.98198,0,,,massA=0.00896 massB=0.973,after,0,0.0
p2,666,22,neutral,0,81,163,0.72,1.4489,3,True,B,allenai/OLMo-2-1124-7B-Instruct,fewshot,riskneutral,0,0.99983,0.97588,0,,,massA=0.00017 massB=0.976,after,0,0.0
p2,291,9,mixed,49,49,153,0.26,0.8118,0,False,A,allenai/OLMo-2-1124-7B-Instruct,fewshot,riskneutral,0,0.91551,0.9271,0,,,massA=0.849 massB=0.0783,after,0,0.0
p2,751,25,neutral,0,124,207,0.76,1.2687,0,False,A,allenai/OLMo-2-1124-7B-Instruct,fewshot,riskneutral,0,0.84997,0.89854,0,,,massA=0.764 massB=0.135,after,0,0.0
p2,982,32,mixed,131,131,236,0.57,1.0269,1,True,B,allenai/OLMo-2-1124-7B-Instruct,fewshot,riskneutral,0,0.99066,0.96375,0,,,massA=0.009 massB=0.955,after,0,0.0
p2,114,3,mixed,46,46,158,0.33,1.1335,2,True,B,allenai/OLMo-2-1124-7B-Instruct,fewshot,riskneutral,0,0.97685,0.9848,0,,,massA=0.0228 massB=0.962,after,0,0.0
p2,1101,36,mixed,98,98,227,0.47,1.0887,0,False,A,allenai/OLMo-2-1124-7B-Instruct,fewshot,riskneutral,0,0.92684,0.93488,0,,,massA=0.866 massB=0.0684,after,0,0.0
p2,1202,1,dominant,0,58,72,1.0,1.2414,0,True,B,allenai/OLMo-2-1124-7B-Instruct,fewshot,riskneutral,0,0.98058,0.96819,0,,,massA=0.0188 massB=0.949,after,0,0.0
p2,621,20,mixed,186,186,266,0.63,0.901,0,False,A,allenai/OLMo-2-1124-7B-Instruct,fewshot,riskneutral,0,0.83441,0.89998,0,,,massA=0.751 massB=0.149,after,0,0.0
p2,1194,39,mixed,178,178,567,0.32,1.0193,2,True,B,allenai/OLMo-2-1124-7B-Instruct,fewshot,riskneutral,0,0.98918,0.98734,0,,,massA=0.0107 massB=0.977,after,0,0.0
p2,687,22,mixed,81,81,163,0.72,1.4489,3,False,A,allenai/OLMo-2-1124-7B-Instruct,fewshot,riskneutral,0,0.92359,0.93183,0,,,massA=0.861 massB=0.0712,after,0,0.0
p2,689,22,mixed,81,81,163,0.72,1.4489,4,False,A,allenai/OLMo-2-1124-7B-Instruct,fewshot,riskneutral,0,0.97178,0.67827,0,,,massA=0.659 massB=0.0191,after,0,0.0
p2,600,20,neutral,0,186,266,0.63,0.901,0,True,B,allenai/OLMo-2-1124-7B-Instruct,fewshot,riskneutral,0,0.99822,0.95303,0,,,massA=0.0017 massB=0.951,after,0,0.0
p2,1274,37,dominant,0,151,193,1.0,1.2781,0,True,B,allenai/OLMo-2-1124-7B-Instruct,fewshot,riskneutral,0,0.98678,0.96519,0,,,massA=0.0128 massB=0.952,after,0,0.0
p2,707,23,gain,0,91,626,0.23,1.5822,3,False,A,allenai/OLMo-2-1124-7B-Instruct,fewshot,riskneutral,0,0.50586,0.86477,0,,,massA=0.437 massB=0.427,after,0,0.0
p2,1049,34,mixed,52,52,96,0.63,1.1631,4,False,A,allenai/OLMo-2-1124-7B-Instruct,fewshot,riskneutral,0,0.94499,0.62957,0,,,massA=0.595 massB=0.0346,after,0,0.0
p2,362,12,neutral,0,164,541,0.38,1.2535,1,True,B,allenai/OLMo-2-1124-7B-Instruct,fewshot,riskneutral,0,0.98283,0.72592,0,,,massA=0.0125 massB=0.713,after,0,0.0
p2,501,16,mixed,139,139,234,0.6,1.0101,0,False,A,allenai/OLMo-2-1124-7B-Instruct,fewshot,riskneutral,0,0.86971,0.88152,0,,,massA=0.767 massB=0.115,after,0,0.0
p2,513,17,neutral,0,117,362,0.42,1.2995,1,False,A,allenai/OLMo-2-1124-7B-Instruct,fewshot,riskneutral,0,0.96666,0.79793,0,,,massA=0.771 massB=0.0266,after,0,0.0
p2,138,4,gain,0,29,71,0.55,1.3466,4,True,B,allenai/OLMo-2-1124-7B-Instruct,fewshot,riskneutral,0,0.9931,0.91533,0,,,massA=0.00632 massB=0.909,after,0,0.0
p2,791,26,gain,0,59,151,0.36,0.9214,0,False,A,allenai/OLMo-2-1124-7B-Instruct,fewshot,riskneutral,0,0.87748,0.89255,0,,,massA=0.783 massB=0.109,after,0,0.0
p2,956,31,mixed,51,51,151,0.29,0.8586,3,True,B,allenai/OLMo-2-1124-7B-Instruct,fewshot,riskneutral,0,0.99427,0.97902,0,,,massA=0.00561 massB=0.973,after,0,0.0
p2,909,30,neutral,0,149,447,0.26,0.78,4,False,A,allenai/OLMo-2-1124-7B-Instruct,fewshot,riskneutral,0,0.25534,0.66589,0,,,massA=0.17 massB=0.496,after,0,0.0
p2,639,21,neutral,0,106,206,0.73,1.4187,4,False,A,allenai/OLMo-2-1124-7B-Instruct,fewshot,riskneutral,0,0.97805,0.42704,0,,,massA=0.418 massB=0.00937,after,0,0.0
p2,21,0,mixed,186,186,984,0.26,1.3755,0,False,A,allenai/OLMo-2-1124-7B-Instruct,fewshot,riskneutral,0,0.89912,0.91438,0,,,massA=0.822 massB=0.0922,after,0,0.0
p2,837,27,mixed,166,166,433,0.53,1.3825,3,False,A,allenai/OLMo-2-1124-7B-Instruct,fewshot,riskneutral,0,0.83868,0.94486,0,,,massA=0.792 massB=0.152,after,0,0.0
p2,942,31,gain,0,51,151,0.29,0.8586,1,True,B,allenai/OLMo-2-1124-7B-Instruct,fewshot,riskneutral,0,0.93947,0.9517,0,,,massA=0.0576 massB=0.894,after,0,0.0
p2,412,13,mixed,72,72,88,0.64,0.7822,1,True,B,allenai/OLMo-2-1124-7B-Instruct,fewshot,riskneutral,0,0.97805,0.9359,0,,,massA=0.0205 massB=0.915,after,0,0.0
p2,325,10,mixed,111,111,278,0.58,1.4526,2,False,A,allenai/OLMo-2-1124-7B-Instruct,fewshot,riskneutral,0,0.99724,0.96961,0,,,massA=0.967 massB=0.00267,after,0,0.0
p2,1003,33,gain,0,142,446,0.53,1.6646,1,False,A,allenai/OLMo-2-1124-7B-Instruct,fewshot,riskneutral,0,0.74613,0.85586,0,,,massA=0.639 massB=0.217,after,0,0.0
p2,847,28,neutral,0,132,181,0.76,1.0421,3,False,A,allenai/OLMo-2-1124-7B-Instruct,fewshot,riskneutral,0,0.95362,0.73763,0,,,massA=0.703 massB=0.0342,after,0,0.0
p2,112,3,mixed,46,46,158,0.33,1.1335,1,True,B,allenai/OLMo-2-1124-7B-Instruct,fewshot,riskneutral,0,0.97631,0.94884,0,,,massA=0.0225 massB=0.926,after,0,0.0
p2,926,30,mixed,149,149,447,0.26,0.78,3,True,B,allenai/OLMo-2-1124-7B-Instruct,fewshot,riskneutral,0,0.99462,0.97124,0,,,massA=0.00523 massB=0.966,after,0,0.0
p2,913,30,gain,0,149,447,0.26,0.78,1,False,A,allenai/OLMo-2-1124-7B-Instruct,fewshot,riskneutral,0,0.5506,0.87422,0,,,massA=0.481 massB=0.393,after,0,0.0
p2,281,9,gain,0,49,153,0.26,0.8118,0,False,A,allenai/OLMo-2-1124-7B-Instruct,fewshot,riskneutral,0,0.79692,0.85797,0,,,massA=0.684 massB=0.174,after,0,0.0
p2,1251,25,dominant,0,124,182,1.0,1.4677,1,False,A,allenai/OLMo-2-1124-7B-Instruct,fewshot,riskneutral,0,0.74316,0.95687,0,,,massA=0.711 massB=0.246,after,0,0.0
p2,523,17,gain,0,117,362,0.42,1.2995,1,False,A,allenai/OLMo-2-1124-7B-Instruct,fewshot,riskneutral,0,0.45519,0.87286,0,,,massA=0.397 massB=0.476,after,0,0.0
p2,196,6,gain,0,94,101,0.71,0.7629,3,True,B,allenai/OLMo-2-1124-7B-Instruct,fewshot,riskneutral,0,0.99773,0.94662,0,,,massA=0.00215 massB=0.944,after,0,0.0
p2,1121,37,gain,0,151,252,0.68,1.1348,0,False,A,allenai/OLMo-2-1124-7B-Instruct,fewshot,riskneutral,0,0.94293,0.88668,0,,,massA=0.836 massB=0.0506,after,0,0.0
p2,673,22,gain,0,81,163,0.72,1.4489,1,False,A,allenai/OLMo-2-1124-7B-Instruct,fewshot,riskneutral,0,0.98822,0.84885,0,,,massA=0.839 massB=0.01,after,0,0.0
p2,775,25,mixed,124,124,207,0.76,1.2687,2,False,A,allenai/OLMo-2-1124-7B-Instruct,fewshot,riskneutral,0,0.9986,0.96755,0,,,massA=0.966 massB=0.00135,after,0,0.0
p2,1021,34,neutral,0,52,96,0.63,1.1631,0,False,A,allenai/OLMo-2-1124-7B-Instruct,fewshot,riskneutral,0,0.81757,0.86038,0,,,massA=0.703 massB=0.157,after,0,0.0
p2,903,30,neutral,0,149,447,0.26,0.78,1,False,A,allenai/OLMo-2-1124-7B-Instruct,fewshot,riskneutral,0,0.93812,0.7789,0,,,massA=0.731 massB=0.0482,after,0,0.0
p2,1067,35,gain,0,91,133,0.68,0.9938,3,False,A,allenai/OLMo-2-1124-7B-Instruct,fewshot,riskneutral,0,0.82446,0.83634,0,,,massA=0.69 massB=0.147,after,0,0.0
p2,1056,35,neutral,0,91,133,0.68,0.9938,3,True,B,allenai/OLMo-2-1124-7B-Instruct,fewshot,riskneutral,0,0.9998,0.97735,0,,,massA=0.000193 massB=0.977,after,0,0.0
p2,820,27,gain,0,166,433,0.53,1.3825,0,True,B,allenai/OLMo-2-1124-7B-Instruct,fewshot,riskneutral,0,0.99066,0.90435,0,,,massA=0.00845 massB=0.896,after,0,0.0
p2,86,2,mixed,162,162,661,0.26,1.0609,3,True,B,allenai/OLMo-2-1124-7B-Instruct,fewshot,riskneutral,0,0.99567,0.97861,0,,,massA=0.00424 massB=0.974,after,0,0.0
p2,334,11,neutral,0,54,68,0.81,1.02,2,True,B,allenai/OLMo-2-1124-7B-Instruct,fewshot,riskneutral,0,0.9987,0.97426,0,,,massA=0.00127 massB=0.973,after,0,0.0
p2,102,3,gain,0,46,158,0.33,1.1335,1,True,B,allenai/OLMo-2-1124-7B-Instruct,fewshot,riskneutral,0,0.94892,0.95504,0,,,massA=0.0488 massB=0.906,after,0,0.0
p2,1172,39,neutral,0,178,567,0.32,1.0193,1,True,B,allenai/OLMo-2-1124-7B-Instruct,fewshot,riskneutral,0,0.99095,0.83761,0,,,massA=0.00758 massB=0.83,after,0,0.0
p2,205,6,mixed,94,94,101,0.71,0.7629,2,False,A,allenai/OLMo-2-1124-7B-Instruct,fewshot,riskneutral,0,0.99331,0.97271,0,,,massA=0.966 massB=0.00651,after,0,0.0
p2,898,29,mixed,79,79,81,0.83,0.851,4,True,B,allenai/OLMo-2-1124-7B-Instruct,fewshot,riskneutral,0,0.9722,0.66081,0,,,massA=0.0184 massB=0.642,after,0,0.0
p2,524,17,gain,0,117,362,0.42,1.2995,2,True,B,allenai/OLMo-2-1124-7B-Instruct,fewshot,riskneutral,0,0.97324,0.97876,0,,,massA=0.0262 massB=0.953,after,0,0.0
p2,738,24,gain,0,168,214,0.76,0.9681,4,True,B,allenai/OLMo-2-1124-7B-Instruct,fewshot,riskneutral,0,0.9956,0.92613,0,,,massA=0.00407 massB=0.922,after,0,0.0
p2,1099,36,gain,0,98,227,0.47,1.0887,4,False,A,allenai/OLMo-2-1124-7B-Instruct,fewshot,riskneutral,0,0.43398,0.66816,0,,,massA=0.29 massB=0.378,after,0,0.0
p2,918,30,gain,0,149,447,0.26,0.78,4,True,B,allenai/OLMo-2-1124-7B-Instruct,fewshot,riskneutral,0,0.99702,0.92537,0,,,massA=0.00276 massB=0.923,after,0,0.0
p2,273,9,neutral,0,49,153,0.26,0.8118,1,False,A,allenai/OLMo-2-1124-7B-Instruct,fewshot,riskneutral,0,0.97443,0.80182,0,,,massA=0.781 massB=0.0205,after,0,0.0
p2,331,11,neutral,0,54,68,0.81,1.02,0,False,A,allenai/OLMo-2-1124-7B-Instruct,fewshot,riskneutral,0,0.64422,0.87032,0,,,massA=0.561 massB=0.31,after,0,0.0
p2,500,16,mixed,139,139,234,0.6,1.0101,0,True,B,allenai/OLMo-2-1124-7B-Instruct,fewshot,riskneutral,0,0.99449,0.95252,0,,,massA=0.00525 massB=0.947,after,0,0.0
p2,28,0,mixed,186,186,984,0.26,1.3755,4,True,B,allenai/OLMo-2-1124-7B-Instruct,fewshot,riskneutral,0,0.98776,0.82904,0,,,massA=0.0101 massB=0.819,after,0,0.0
p2,440,14,mixed,81,81,201,0.68,1.6874,0,True,B,allenai/OLMo-2-1124-7B-Instruct,fewshot,riskneutral,0,0.99431,0.96586,0,,,massA=0.00549 massB=0.96,after,0,0.0
p2,411,13,mixed,72,72,88,0.64,0.7822,0,False,A,allenai/OLMo-2-1124-7B-Instruct,fewshot,riskneutral,0,0.75636,0.90885,0,,,massA=0.687 massB=0.221,after,0,0.0
p2,750,25,neutral,0,124,207,0.76,1.2687,0,True,B,allenai/OLMo-2-1124-7B-Instruct,fewshot,riskneutral,0,0.99858,0.96034,0,,,massA=0.00137 massB=0.959,after,0,0.0
p2,642,21,gain,0,106,206,0.73,1.4187,1,True,B,allenai/OLMo-2-1124-7B-Instruct,fewshot,riskneutral,0,0.89698,0.9005,0,,,massA=0.0928 massB=0.808,after,0,0.0
p2,1006,33,gain,0,142,446,0.53,1.6646,3,True,B,allenai/OLMo-2-1124-7B-Instruct,fewshot,riskneutral,0,0.99861,0.96063,0,,,massA=0.00133 massB=0.959,after,0,0.0
p2,944,31,gain,0,51,151,0.29,0.8586,2,True,B,allenai/OLMo-2-1124-7B-Instruct,fewshot,riskneutral,0,0.96862,0.98797,0,,,massA=0.031 massB=0.957,after,0,0.0
p2,798,26,gain,0,59,151,0.36,0.9214,4,True,B,allenai/OLMo-2-1124-7B-Instruct,fewshot,riskneutral,0,0.99635,0.95457,0,,,massA=0.00348 massB=0.951,after,0,0.0
p2,774,25,mixed,124,124,207,0.76,1.2687,2,True,B,allenai/OLMo-2-1124-7B-Instruct,fewshot,riskneutral,0,0.99265,0.98677,0,,,massA=0.00725 massB=0.98,after,0,0.0
p2,955,31,mixed,51,51,151,0.29,0.8586,2,False,A,allenai/OLMo-2-1124-7B-Instruct,fewshot,riskneutral,0,0.98831,0.97576,0,,,massA=0.964 massB=0.0114,after,0,0.0
p2,1071,35,mixed,91,91,133,0.68,0.9938,0,False,A,allenai/OLMo-2-1124-7B-Instruct,fewshot,riskneutral,0,0.86339,0.92303,0,,,massA=0.797 massB=0.126,after,0,0.0
p2,972,32,gain,0,131,236,0.57,1.0269,1,True,B,allenai/OLMo-2-1124-7B-Instruct,fewshot,riskneutral,0,0.93903,0.92522,0,,,massA=0.0564 massB=0.869,after,0,0.0
p2,638,21,neutral,0,106,206,0.73,1.4187,4,True,B,allenai/OLMo-2-1124-7B-Instruct,fewshot,riskneutral,0,0.99688,0.84627,0,,,massA=0.00264 massB=0.844,after,0,0.0
p2,236,7,mixed,63,63,98,0.64,0.9956,3,True,B,allenai/OLMo-2-1124-7B-Instruct,fewshot,riskneutral,0,0.99652,0.97602,0,,,massA=0.0034 massB=0.973,after,0,0.0
p2,336,11,neutral,0,54,68,0.81,1.02,3,True,B,allenai/OLMo-2-1124-7B-Instruct,fewshot,riskneutral,0,0.99893,0.95882,0,,,massA=0.00103 massB=0.958,after,0,0.0
p2,768,25,gain,0,124,207,0.76,1.2687,4,True,B,allenai/OLMo-2-1124-7B-Instruct,fewshot,riskneutral,0,0.99587,0.91883,0,,,massA=0.0038 massB=0.915,after,0,0.0
p2,228,7,gain,0,63,98,0.64,0.9956,4,True,B,allenai/OLMo-2-1124-7B-Instruct,fewshot,riskneutral,0,0.99486,0.89622,0,,,massA=0.00461 massB=0.892,after,0,0.0
p2,579,19,neutral,0,64,122,0.49,0.9341,4,False,A,allenai/OLMo-2-1124-7B-Instruct,fewshot,riskneutral,0,0.49023,0.46812,0,,,massA=0.229 massB=0.239,after,0,0.0
p2,145,4,mixed,29,29,71,0.55,1.3466,2,False,A,allenai/OLMo-2-1124-7B-Instruct,fewshot,riskneutral,0,0.99482,0.98123,0,,,massA=0.976 massB=0.00508,after,0,0.0
p2,1273,36,dominant,0,98,155,1.0,1.5816,0,False,A,allenai/OLMo-2-1124-7B-Instruct,fewshot,riskneutral,0,0.05878,0.97086,0,,,massA=0.0571 massB=0.914,after,0,0.0
p2,199,6,gain,0,94,101,0.71,0.7629,4,False,A,allenai/OLMo-2-1124-7B-Instruct,fewshot,riskneutral,0,0.89405,0.46084,0,,,massA=0.412 massB=0.0488,after,0,0.0
p2,907,30,neutral,0,149,447,0.26,0.78,3,False,A,allenai/OLMo-2-1124-7B-Instruct,fewshot,riskneutral,0,0.5506,0.72812,0,,,massA=0.401 massB=0.327,after,0,0.0
p2,369,12,neutral,0,164,541,0.38,1.2535,4,False,A,allenai/OLMo-2-1124-7B-Instruct,fewshot,riskneutral,0,0.72951,0.54624,0,,,massA=0.398 massB=0.148,after,0,0.0
p2,95,3,neutral,0,46,158,0.33,1.1335,2,False,A,allenai/OLMo-2-1124-7B-Instruct,fewshot,riskneutral,0,0.96239,0.86049,0,,,massA=0.828 massB=0.0324,after,0,0.0
p2,1085,36,neutral,0,98,227,0.47,1.0887,2,False,A,allenai/OLMo-2-1124-7B-Instruct,fewshot,riskneutral,0,0.99108,0.82739,0,,,massA=0.82 massB=0.00738,after,0,0.0
p2,842,28,neutral,0,132,181,0.76,1.0421,1,True,B,allenai/OLMo-2-1124-7B-Instruct,fewshot,riskneutral,0,0.98795,0.86723,0,,,massA=0.0105 massB=0.857,after,0,0.0
p2,320,10,mixed,111,111,278,0.58,1.4526,0,True,B,allenai/OLMo-2-1124-7B-Instruct,fewshot,riskneutral,0,0.99431,0.96674,0,,,massA=0.0055 massB=0.961,after,0,0.0
p2,917,30,gain,0,149,447,0.26,0.78,3,False,A,allenai/OLMo-2-1124-7B-Instruct,fewshot,riskneutral,0,0.07531,0.9337,0,,,massA=0.0703 massB=0.863,after,0,0.0
p2,169,5,gain,0,162,381,0.46,1.0819,4,False,A,allenai/OLMo-2-1124-7B-Instruct,fewshot,riskneutral,0,0.93947,0.6576,0,,,massA=0.618 massB=0.0398,after,0,0.0
p2,165,5,gain,0,162,381,0.46,1.0819,2,False,A,allenai/OLMo-2-1124-7B-Instruct,fewshot,riskneutral,0,0.99822,0.98226,0,,,massA=0.981 massB=0.00175,after,0,0.0
p2,298,9,mixed,49,49,153,0.26,0.8118,4,True,B,allenai/OLMo-2-1124-7B-Instruct,fewshot,riskneutral,0,0.98174,0.83508,0,,,massA=0.0153 massB=0.82,after,0,0.0
p2,486,16,neutral,0,139,234,0.6,1.0101,3,True,B,allenai/OLMo-2-1124-7B-Instruct,fewshot,riskneutral,0,0.99978,0.97543,0,,,massA=0.000217 massB=0.975,after,0,0.0
p2,650,21,mixed,106,106,206,0.73,1.4187,0,True,B,allenai/OLMo-2-1124-7B-Instruct,fewshot,riskneutral,0,0.99409,0.96874,0,,,massA=0.00573 massB=0.963,after,0,0.0
p2,13,0,gain,0,186,984,0.26,1.3755,1,False,A,allenai/OLMo-2-1124-7B-Instruct,fewshot,riskneutral,0,0.69097,0.81568,0,,,massA=0.564 massB=0.252,after,0,0.0
p2,797,26,gain,0,59,151,0.36,0.9214,3,False,A,allenai/OLMo-2-1124-7B-Instruct,fewshot,riskneutral,0,0.54092,0.9057,0,,,massA=0.49 massB=0.416,after,0,0.0
p2,300,10,neutral,0,111,278,0.58,1.4526,0,True,B,allenai/OLMo-2-1124-7B-Instruct,fewshot,riskneutral,0,0.99733,0.92257,0,,,massA=0.00247 massB=0.92,after,0,0.0
p2,179,5,mixed,162,162,381,0.46,1.0819,4,False,A,allenai/OLMo-2-1124-7B-Instruct,fewshot,riskneutral,0,0.95598,0.68497,0,,,massA=0.655 massB=0.0302,after,0,0.0
p2,450,15,neutral,0,82,113,0.74,1.0198,0,True,B,allenai/OLMo-2-1124-7B-Instruct,fewshot,riskneutral,0,0.99833,0.94211,0,,,massA=0.00158 massB=0.941,after,0,0.0
p2,99,3,neutral,0,46,158,0.33,1.1335,4,False,A,allenai/OLMo-2-1124-7B-Instruct,fewshot,riskneutral,0,0.51171,0.44734,0,,,massA=0.229 massB=0.218,after,0,0.0
p2,391,13,neutral,0,72,88,0.64,0.7822,0,False,A,allenai/OLMo-2-1124-7B-Instruct,fewshot,riskneutral,0,0.78266,0.91666,0,,,massA=0.717 massB=0.199,after,0,0.0
p2,1066,35,gain,0,91,133,0.68,0.9938,3,True,B,allenai/OLMo-2-1124-7B-Instruct,fewshot,riskneutral,0,0.99865,0.96642,0,,,massA=0.0013 massB=0.965,after,0,0.0
p2,472,15,mixed,82,82,113,0.74,1.0198,1,True,B,allenai/OLMo-2-1124-7B-Instruct,fewshot,riskneutral,0,0.98718,0.9481,0,,,massA=0.0122 massB=0.936,after,0,0.0
p2,1214,7,dominant,0,63,81,1.0,1.2857,2,True,B,allenai/OLMo-2-1124-7B-Instruct,fewshot,riskneutral,0,0.9967,0.99299,0,,,massA=0.00328 massB=0.99,after,0,0.0
p2,248,8,neutral,0,62,263,0.33,1.3998,4,True,B,allenai/OLMo-2-1124-7B-Instruct,fewshot,riskneutral,0,0.99707,0.75158,0,,,massA=0.00221 massB=0.749,after,0,0.0
p2,1271,35,dominant,0,91,107,1.0,1.1758,3,False,A,allenai/OLMo-2-1124-7B-Instruct,fewshot,riskneutral,0,0.06754,0.90211,0,,,massA=0.0609 massB=0.841,after,0,0.0
p2,451,15,neutral,0,82,113,0.74,1.0198,0,False,A,allenai/OLMo-2-1124-7B-Instruct,fewshot,riskneutral,0,0.80069,0.81508,0,,,massA=0.653 massB=0.162,after,0,0.0
p2,174,5,mixed,162,162,381,0.46,1.0819,2,True,B,allenai/OLMo-2-1124-7B-Instruct,fewshot,riskneutral,0,0.98028,0.98508,0,,,massA=0.0194 massB=0.966,after,0,0.0
p2,878,29,neutral,0,79,81,0.83,0.851,4,True,B,allenai/OLMo-2-1124-7B-Instruct,fewshot,riskneutral,0,0.99641,0.76791,0,,,massA=0.00276 massB=0.765,after,0,0.0
p2,373,12,gain,0,164,541,0.38,1.2535,1,False,A,allenai/OLMo-2-1124-7B-Instruct,fewshot,riskneutral,0,0.84182,0.87813,0,,,massA=0.739 massB=0.139,after,0,0.0
p2,508,16,mixed,139,139,234,0.6,1.0101,4,True,B,allenai/OLMo-2-1124-7B-Instruct,fewshot,riskneutral,0,0.98747,0.70231,0,,,massA=0.0088 massB=0.694,after,0,0.0
p2,1180,39,gain,0,178,567,0.32,1.0193,0,True,B,allenai/OLMo-2-1124-7B-Instruct,fewshot,riskneutral,0,0.99006,0.89175,0,,,massA=0.00886 massB=0.883,after,0,0.0
p2,1249,24,dominant,0,168,180,1.0,1.0714,3,False,A,allenai/OLMo-2-1124-7B-Instruct,fewshot,riskneutral,0,0.09535,0.89757,0,,,massA=0.0856 massB=0.812,after,0,0.0
p2,36,1,neutral,0,58,116,0.66,1.32,3,True,B,allenai/OLMo-2-1124-7B-Instruct,fewshot,riskneutral,0,0.99974,0.9731,0,,,massA=0.000253 massB=0.973,after,0,0.0
p2,931,31,neutral,0,51,151,0.29,0.8586,0,False,A,allenai/OLMo-2-1124-7B-Instruct,fewshot,riskneutral,0,0.74167,0.88191,0,,,massA=0.654 massB=0.228,after,0,0.0
p2,134,4,gain,0,29,71,0.55,1.3466,2,True,B,allenai/OLMo-2-1124-7B-Instruct,fewshot,riskneutral,0,0.93487,0.97961,0,,,massA=0.0638 massB=0.916,after,0,0.0
p2,543,18,neutral,0,41,61,0.58,0.8629,1,False,A,allenai/OLMo-2-1124-7B-Instruct,fewshot,riskneutral,0,0.99762,0.7703,0,,,massA=0.768 massB=0.00183,after,0,0.0
p2,613,20,gain,0,186,266,0.63,0.901,1,False,A,allenai/OLMo-2-1124-7B-Instruct,fewshot,riskneutral,0,0.99044,0.89563,0,,,massA=0.887 massB=0.00856,after,0,0.0
p2,1179,39,neutral,0,178,567,0.32,1.0193,4,False,A,allenai/OLMo-2-1124-7B-Instruct,fewshot,riskneutral,0,0.77458,0.43146,0,,,massA=0.334 massB=0.0973,after,0,0.0
p2,693,23,neutral,0,91,626,0.23,1.5822,1,False,A,allenai/OLMo-2-1124-7B-Instruct,fewshot,riskneutral,0,0.99108,0.5843,0,,,massA=0.579 massB=0.00521,after,0,0.0
p2,1052,35,neutral,0,91,133,0.68,0.9938,1,True,B,allenai/OLMo-2-1124-7B-Instruct,fewshot,riskneutral,0,0.99557,0.91327,0,,,massA=0.00405 massB=0.909,after,0,0.0
p2,883,29,gain,0,79,81,0.83,0.851,1,False,A,allenai/OLMo-2-1124-7B-Instruct,fewshot,riskneutral,0,0.96512,0.84386,0,,,massA=0.814 massB=0.0294,after,0,0.0
p2,691,23,neutral,0,91,626,0.23,1.5822,0,False,A,allenai/OLMo-2-1124-7B-Instruct,fewshot,riskneutral,0,0.80563,0.82158,0,,,massA=0.662 massB=0.16,after,0,0.0
p2,784,26,neutral,0,59,151,0.36,0.9214,2,True,B,allenai/OLMo-2-1124-7B-Instruct,fewshot,riskneutral,0,0.99945,0.9792,0,,,massA=0.000541 massB=0.979,after,0,0.0
p2,164,5,gain,0,162,381,0.46,1.0819,2,True,B,allenai/OLMo-2-1124-7B-Instruct,fewshot,riskneutral,0,0.98372,0.97966,0,,,massA=0.0159 massB=0.964,after,0,0.0
p2,176,5,mixed,162,162,381,0.46,1.0819,3,True,B,allenai/OLMo-2-1124-7B-Instruct,fewshot,riskneutral,0,0.99702,0.97499,0,,,massA=0.00291 massB=0.972,after,0,0.0
p2,303,10,neutral,0,111,278,0.58,1.4526,1,False,A,allenai/OLMo-2-1124-7B-Instruct,fewshot,riskneutral,0,0.99553,0.73048,0,,,massA=0.727 massB=0.00326,after,0,0.0
p2,893,29,mixed,79,79,81,0.83,0.851,1,False,A,allenai/OLMo-2-1124-7B-Instruct,fewshot,riskneutral,0,0.96978,0.84684,0,,,massA=0.821 massB=0.0256,after,0,0.0
p2,479,15,mixed,82,82,113,0.74,1.0198,4,False,A,allenai/OLMo-2-1124-7B-Instruct,fewshot,riskneutral,0,0.94815,0.63591,0,,,massA=0.603 massB=0.033,after,0,0.0
p2,125,4,neutral,0,29,71,0.55,1.3466,2,False,A,allenai/OLMo-2-1124-7B-Instruct,fewshot,riskneutral,0,0.98538,0.80926,0,,,massA=0.797 massB=0.0118,after,0,0.0
p2,161,5,gain,0,162,381,0.46,1.0819,0,False,A,allenai/OLMo-2-1124-7B-Instruct,fewshot,riskneutral,0,0.92995,0.89554,0,,,massA=0.833 massB=0.0627,after,0,0.0
p2,107,3,gain,0,46,158,0.33,1.1335,3,False,A,allenai/OLMo-2-1124-7B-Instruct,fewshot,riskneutral,0,0.61693,0.90058,0,,,massA=0.556 massB=0.345,after,0,0.0
p2,1171,39,neutral,0,178,567,0.32,1.0193,0,False,A,allenai/OLMo-2-1124-7B-Instruct,fewshot,riskneutral,0,0.67917,0.86834,0,,,massA=0.59 massB=0.279,after,0,0.0
p2,633,21,neutral,0,106,206,0.73,1.4187,1,False,A,allenai/OLMo-2-1124-7B-Instruct,fewshot,riskneutral,0,0.99883,0.54105,0,,,massA=0.54 massB=0.000635,after,0,0.0
p2,619,20,gain,0,186,266,0.63,0.901,4,False,A,allenai/OLMo-2-1124-7B-Instruct,fewshot,riskneutral,0,0.97091,0.68315,0,,,massA=0.663 massB=0.0199,after,0,0.0
p2,724,24,neutral,0,168,214,0.76,0.9681,2,True,B,allenai/OLMo-2-1124-7B-Instruct,fewshot,riskneutral,0,0.99955,0.97696,0,,,massA=0.000443 massB=0.977,after,0,0.0
p2,964,32,neutral,0,131,236,0.57,1.0269,2,True,B,allenai/OLMo-2-1124-7B-Instruct,fewshot,riskneutral,0,0.99949,0.97344,0,,,massA=0.000498 massB=0.973,after,0,0.0
p2,535,17,mixed,117,117,362,0.42,1.2995,2,False,A,allenai/OLMo-2-1124-7B-Instruct,fewshot,riskneutral,0,0.9955,0.96751,0,,,massA=0.963 massB=0.00436,after,0,0.0
p2,1247,23,dominant,0,91,132,1.0,1.4505,4,False,A,allenai/OLMo-2-1124-7B-Instruct,fewshot,riskneutral,0,0.37938,0.91033,0,,,massA=0.345 massB=0.565,after,0,0.0
p2,1237,18,dominant,0,41,88,1.0,2.1463,0,False,A,allenai/OLMo-2-1124-7B-Instruct,fewshot,riskneutral,0,0.03259,0.97992,0,,,massA=0.0319 massB=0.948,after,0,0.0
p2,1015,33,mixed,142,142,446,0.53,1.6646,2,False,A,allenai/OLMo-2-1124-7B-Instruct,fewshot,riskneutral,0,0.99827,0.97085,0,,,massA=0.969 massB=0.00168,after,0,0.0
p2,905,30,neutral,0,149,447,0.26,0.78,2,False,A,allenai/OLMo-2-1124-7B-Instruct,fewshot,riskneutral,0,0.97482,0.88478,0,,,massA=0.863 massB=0.0223,after,0,0.0
p2,261,8,mixed,62,62,263,0.33,1.3998,0,False,A,allenai/OLMo-2-1124-7B-Instruct,fewshot,riskneutral,0,0.8872,0.92194,0,,,massA=0.818 massB=0.104,after,0,0.0
p2,602,20,neutral,0,186,266,0.63,0.901,1,True,B,allenai/OLMo-2-1124-7B-Instruct,fewshot,riskneutral,0,0.98088,0.87534,0,,,massA=0.0167 massB=0.859,after,0,0.0
p2,1230,15,dominant,0,82,114,1.0,1.3902,2,True,B,allenai/OLMo-2-1124-7B-Instruct,fewshot,riskneutral,0,0.99729,0.98907,0,,,massA=0.00269 massB=0.986,after,0,0.0
p2,965,32,neutral,0,131,236,0.57,1.0269,2,False,A,allenai/OLMo-2-1124-7B-Instruct,fewshot,riskneutral,0,0.99876,0.83055,0,,,massA=0.83 massB=0.00103,after,0,0.0
p2,808,26,mixed,59,59,151,0.36,0.9214,4,True,B,allenai/OLMo-2-1124-7B-Instruct,fewshot,riskneutral,0,0.98434,0.82593,0,,,massA=0.0129 massB=0.813,after,0,0.0
p2,679,22,gain,0,81,163,0.72,1.4489,4,False,A,allenai/OLMo-2-1124-7B-Instruct,fewshot,riskneutral,0,0.96432,0.65764,0,,,massA=0.634 massB=0.0235,after,0,0.0
p2,830,27,mixed,166,166,433,0.53,1.3825,0,True,B,allenai/OLMo-2-1124-7B-Instruct,fewshot,riskneutral,0,0.99453,0.97254,0,,,massA=0.00532 massB=0.967,after,0,0.0
p2,753,25,neutral,0,124,207,0.76,1.2687,1,False,A,allenai/OLMo-2-1124-7B-Instruct,fewshot,riskneutral,0,0.99861,0.60965,0,,,massA=0.609 massB=0.00085,after,0,0.0
p2,655,21,mixed,106,106,206,0.73,1.4187,2,False,A,allenai/OLMo-2-1124-7B-Instruct,fewshot,riskneutral,0,0.9982,0.9714,0,,,massA=0.97 massB=0.00175,after,0,0.0
p2,84,2,mixed,162,162,661,0.26,1.0609,2,True,B,allenai/OLMo-2-1124-7B-Instruct,fewshot,riskneutral,0,0.97855,0.98644,0,,,massA=0.0212 massB=0.965,after,0,0.0
p2,1234,17,dominant,0,117,129,1.0,1.1026,4,True,B,allenai/OLMo-2-1124-7B-Instruct,fewshot,riskneutral,0,0.87148,0.92659,0,,,massA=0.119 massB=0.808,after,0,0.0
p2,242,8,neutral,0,62,263,0.33,1.3998,1,True,B,allenai/OLMo-2-1124-7B-Instruct,fewshot,riskneutral,0,0.99156,0.81535,0,,,massA=0.00689 massB=0.808,after,0,0.0
p2,1228,14,dominant,0,81,135,1.0,1.6667,1,True,B,allenai/OLMo-2-1124-7B-Instruct,fewshot,riskneutral,0,0.96486,0.97496,0,,,massA=0.0343 massB=0.941,after,0,0.0
p2,78,2,gain,0,162,661,0.26,1.0609,4,True,B,allenai/OLMo-2-1124-7B-Instruct,fewshot,riskneutral,0,0.99649,0.94975,0,,,massA=0.00333 massB=0.946,after,0,0.0
p2,504,16,mixed,139,139,234,0.6,1.0101,2,True,B,allenai/OLMo-2-1124-7B-Instruct,fewshot,riskneutral,0,0.98926,0.98484,0,,,massA=0.0106 massB=0.974,after,0,0.0
p2,823,27,gain,0,166,433,0.53,1.3825,1,False,A,allenai/OLMo-2-1124-7B-Instruct,fewshot,riskneutral,0,0.98926,0.85205,0,,,massA=0.843 massB=0.00915,after,0,0.0
p2,167,5,gain,0,162,381,0.46,1.0819,3,False,A,allenai/OLMo-2-1124-7B-Instruct,fewshot,riskneutral,0,0.71383,0.90729,0,,,massA=0.648 massB=0.26,after,0,0.0
p2,873,29,neutral,0,79,81,0.83,0.851,1,False,A,allenai/OLMo-2-1124-7B-Instruct,fewshot,riskneutral,0,0.99785,0.7081,0,,,massA=0.707 massB=0.00152,after,0,0.0
p2,814,27,neutral,0,166,433,0.53,1.3825,2,True,B,allenai/OLMo-2-1124-7B-Instruct,fewshot,riskneutral,0,0.9992,0.95188,0,,,massA=0.000762 massB=0.951,after,0,0.0
p2,729,24,neutral,0,168,214,0.76,0.9681,4,False,A,allenai/OLMo-2-1124-7B-Instruct,fewshot,riskneutral,0,0.98321,0.43701,0,,,massA=0.43 massB=0.00734,after,0,0.0
p2,606,20,neutral,0,186,266,0.63,0.901,3,True,B,allenai/OLMo-2-1124-7B-Instruct,fewshot,riskneutral,0,0.99971,0.98052,0,,,massA=0.000287 massB=0.98,after,0,0.0
p2,562,18,mixed,41,41,61,0.58,0.8629,1,True,B,allenai/OLMo-2-1124-7B-Instruct,fewshot,riskneutral,0,0.96838,0.9418,0,,,massA=0.0298 massB=0.912,after,0,0.0
p2,547,18,neutral,0,41,61,0.58,0.8629,3,False,A,allenai/OLMo-2-1124-7B-Instruct,fewshot,riskneutral,0,0.82446,0.75692,0,,,massA=0.624 massB=0.133,after,0,0.0
p2,1029,34,neutral,0,52,96,0.63,1.1631,4,False,A,allenai/OLMo-2-1124-7B-Instruct,fewshot,riskneutral,0,0.82782,0.30059,0,,,massA=0.249 massB=0.0518,after,0,0.0
p2,461,15,gain,0,82,113,0.74,1.0198,0,False,A,allenai/OLMo-2-1124-7B-Instruct,fewshot,riskneutral,0,0.92944,0.90356,0,,,massA=0.84 massB=0.0638,after,0,0.0
p2,140,4,mixed,29,29,71,0.55,1.3466,0,True,B,allenai/OLMo-2-1124-7B-Instruct,fewshot,riskneutral,0,0.98991,0.96325,0,,,massA=0.00972 massB=0.954,after,0,0.0
p2,223,7,gain,0,63,98,0.64,0.9956,1,False,A,allenai/OLMo-2-1124-7B-Instruct,fewshot,riskneutral,0,0.97024,0.9193,0,,,massA=0.892 massB=0.0274,after,0,0.0
p2,966,32,neutral,0,131,236,0.57,1.0269,3,True,B,allenai/OLMo-2-1124-7B-Instruct,fewshot,riskneutral,0,0.99974,0.98004,0,,,massA=0.000257 massB=0.98,after,0,0.0
p2,614,20,gain,0,186,266,0.63,0.901,2,True,B,allenai/OLMo-2-1124-7B-Instruct,fewshot,riskneutral,0,0.98145,0.98239,0,,,massA=0.0182 massB=0.964,after,0,0.0
p2,367,12,neutral,0,164,541,0.38,1.2535,3,False,A,allenai/OLMo-2-1124-7B-Instruct,fewshot,riskneutral,0,0.82219,0.75027,0,,,massA=0.617 massB=0.133,after,0,0.0
p2,439,14,gain,0,81,201,0.68,1.6874,4,False,A,allenai/OLMo-2-1124-7B-Instruct,fewshot,riskneutral,0,0.92304,0.66517,0,,,massA=0.614 massB=0.0512,after,0,0.0
p2,358,11,mixed,54,54,68,0.81,1.02,4,True,B,allenai/OLMo-2-1124-7B-Instruct,fewshot,riskneutral,0,0.97822,0.6773,0,,,massA=0.0148 massB=0.663,after,0,0.0
p2,569,18,mixed,41,41,61,0.58,0.8629,4,False,A,allenai/OLMo-2-1124-7B-Instruct,fewshot,riskneutral,0,0.81989,0.65952,0,,,massA=0.541 massB=0.119,after,0,0.0
p2,1125,37,gain,0,151,252,0.68,1.1348,2,False,A,allenai/OLMo-2-1124-7B-Instruct,fewshot,riskneutral,0,0.99916,0.97763,0,,,massA=0.977 massB=0.000817,after,0,0.0
p2,874,29,neutral,0,79,81,0.83,0.851,2,True,B,allenai/OLMo-2-1124-7B-Instruct,fewshot,riskneutral,0,0.99866,0.97779,0,,,massA=0.00131 massB=0.976,after,0,0.0
p2,157,5,neutral,0,162,381,0.46,1.0819,3,False,A,allenai/OLMo-2-1124-7B-Instruct,fewshot,riskneutral,0,0.88798,0.78302,0,,,massA=0.695 massB=0.0877,after,0,0.0
p2,1142,38,neutral,0,183,609,0.38,1.2646,1,True,B,allenai/OLMo-2-1124-7B-Instruct,fewshot,riskneutral,0,0.98561,0.66055,0,,,massA=0.00951 massB=0.651,after,0,0.0
p2,188,6,neutral,0,94,101,0.71,0.7629,4,True,B,allenai/OLMo-2-1124-7B-Instruct,fewshot,riskneutral,0,0.9968,0.71919,0,,,massA=0.0023 massB=0.717,after,0,0.0
p2,327,10,mixed,111,111,278,0.58,1.4526,3,False,A,allenai/OLMo-2-1124-7B-Instruct,fewshot,riskneutral,0,0.77594,0.93575,0,,,massA=0.726 massB=0.21,after,0,0.0
p2,838,27,mixed,166,166,433,0.53,1.3825,4,True,B,allenai/OLMo-2-1124-7B-Instruct,fewshot,riskneutral,0,0.98813,0.8191,0,,,massA=0.00972 massB=0.809,after,0,0.0
p2,811,27,neutral,0,166,433,0.53,1.3825,0,False,A,allenai/OLMo-2-1124-7B-Instruct,fewshot,riskneutral,0,0.78399,0.88609,0,,,massA=0.695 massB=0.191,after,0,0.0
p2,1060,35,gain,0,91,133,0.68,0.9938,0,True,B,allenai/OLMo-2-1124-7B-Instruct,fewshot,riskneutral,0,0.98615,0.9238,0,,,massA=0.0128 massB=0.911,after,0,0.0
p2,185,6,neutral,0,94,101,0.71,0.7629,2,False,A,allenai/OLMo-2-1124-7B-Instruct,fewshot,riskneutral,0,0.99865,0.76295,0,,,massA=0.762 massB=0.00103,after,0,0.0
p2,155,5,neutral,0,162,381,0.46,1.0819,2,False,A,allenai/OLMo-2-1124-7B-Instruct,fewshot,riskneutral,0,0.99868,0.90795,0,,,massA=0.907 massB=0.0012,after,0,0.0
p2,533,17,mixed,117,117,362,0.42,1.2995,1,False,A,allenai/OLMo-2-1124-7B-Instruct,fewshot,riskneutral,0,0.98926,0.92189,0,,,massA=0.912 massB=0.0099,after,0,0.0
p2,1118,37,neutral,0,151,252,0.68,1.1348,4,True,B,allenai/OLMo-2-1124-7B-Instruct,fewshot,riskneutral,0,0.99843,0.83276,0,,,massA=0.00131 massB=0.831,after,0,0.0
p2,1192,39,mixed,178,178,567,0.32,1.0193,1,True,B,allenai/OLMo-2-1124-7B-Instruct,fewshot,riskneutral,0,0.98983,0.95605,0,,,massA=0.00972 massB=0.946,after,0,0.0
p2,692,23,neutral,0,91,626,0.23,1.5822,1,True,B,allenai/OLMo-2-1124-7B-Instruct,fewshot,riskneutral,0,0.99635,0.82858,0,,,massA=0.00302 massB=0.826,after,0,0.0
p2,582,19,gain,0,64,122,0.49,0.9341,1,True,B,allenai/OLMo-2-1124-7B-Instruct,fewshot,riskneutral,0,0.93675,0.93843,0,,,massA=0.0594 massB=0.879,after,0,0.0
p2,852,28,gain,0,132,181,0.76,1.0421,1,True,B,allenai/OLMo-2-1124-7B-Instruct,fewshot,riskneutral,0,0.87915,0.89904,0,,,massA=0.109 massB=0.79,after,0,0.0
p2,667,22,neutral,0,81,163,0.72,1.4489,3,False,A,allenai/OLMo-2-1124-7B-Instruct,fewshot,riskneutral,0,0.92577,0.71424,0,,,massA=0.661 massB=0.053,after,0,0.0
p2,716,23,mixed,91,91,626,0.23,1.5822,3,True,B,allenai/OLMo-2-1124-7B-Instruct,fewshot,riskneutral,0,0.99557,0.97779,0,,,massA=0.00434 massB=0.973,after,0,0.0
p2,1090,36,gain,0,98,227,0.47,1.0887,0,True,B,allenai/OLMo-2-1124-7B-Instruct,fewshot,riskneutral,0,0.99022,0.92223,0,,,massA=0.00902 massB=0.913,after,0,0.0
p2,424,14,neutral,0,81,201,0.68,1.6874,2,True,B,allenai/OLMo-2-1124-7B-Instruct,fewshot,riskneutral,0,0.99964,0.97722,0,,,massA=0.000356 massB=0.977,after,0,0.0
p2,676,22,gain,0,81,163,0.72,1.4489,3,True,B,allenai/OLMo-2-1124-7B-Instruct,fewshot,riskneutral,0,0.99835,0.94567,0,,,massA=0.00156 massB=0.944,after,0,0.0
p2,189,6,neutral,0,94,101,0.71,0.7629,4,False,A,allenai/OLMo-2-1124-7B-Instruct,fewshot,riskneutral,0,0.9659,0.16012,1,,,massA=0.155 massB=0.00546,after,0,0.0
p2,151,5,neutral,0,162,381,0.46,1.0819,0,False,A,allenai/OLMo-2-1124-7B-Instruct,fewshot,riskneutral,0,0.87997,0.88515,0,,,massA=0.779 massB=0.106,after,0,0.0
p2,952,31,mixed,51,51,151,0.29,0.8586,1,True,B,allenai/OLMo-2-1124-7B-Instruct,fewshot,riskneutral,0,0.97771,0.96186,0,,,massA=0.0214 massB=0.94,after,0,0.0
p2,563,18,mixed,41,41,61,0.58,0.8629,1,False,A,allenai/OLMo-2-1124-7B-Instruct,fewshot,riskneutral,0,0.72951,0.87194,0,,,massA=0.636 massB=0.236,after,0,0.0
p2,178,5,mixed,162,162,381,0.46,1.0819,4,True,B,allenai/OLMo-2-1124-7B-Instruct,fewshot,riskneutral,0,0.98229,0.73297,0,,,massA=0.013 massB=0.72,after,0,0.0
p2,1033,34,gain,0,52,96,0.63,1.1631,1,False,A,allenai/OLMo-2-1124-7B-Instruct,fewshot,riskneutral,0,0.97702,0.9141,0,,,massA=0.893 massB=0.021,after,0,0.0
p2,863,28,mixed,132,132,181,0.76,1.0421,1,False,A,allenai/OLMo-2-1124-7B-Instruct,fewshot,riskneutral,0,0.99758,0.88808,0,,,massA=0.886 massB=0.00215,after,0,0.0
p2,402,13,gain,0,72,88,0.64,0.7822,1,True,B,allenai/OLMo-2-1124-7B-Instruct,fewshot,riskneutral,0,0.87235,0.93953,0,,,massA=0.12 massB=0.82,after,0,0.0
p2,675,22,gain,0,81,163,0.72,1.4489,2,False,A,allenai/OLMo-2-1124-7B-Instruct,fewshot,riskneutral,0,0.99867,0.97634,0,,,massA=0.975 massB=0.0013,after,0,0.0
p2,187,6,neutral,0,94,101,0.71,0.7629,3,False,A,allenai/OLMo-2-1124-7B-Instruct,fewshot,riskneutral,0,0.87663,0.61812,0,,,massA=0.542 massB=0.0763,after,0,0.0
p2,805,26,mixed,59,59,151,0.36,0.9214,2,False,A,allenai/OLMo-2-1124-7B-Instruct,fewshot,riskneutral,0,0.97404,0.97657,0,,,massA=0.951 massB=0.0253,after,0,0.0
p2,1084,36,neutral,0,98,227,0.47,1.0887,2,True,B,allenai/OLMo-2-1124-7B-Instruct,fewshot,riskneutral,0,0.99931,0.97112,0,,,massA=0.000665 massB=0.97,after,0,0.0
p2,825,27,gain,0,166,433,0.53,1.3825,2,False,A,allenai/OLMo-2-1124-7B-Instruct,fewshot,riskneutral,0,0.99927,0.98217,0,,,massA=0.981 massB=0.000716,after,0,0.0
p2,1116,37,neutral,0,151,252,0.68,1.1348,3,True,B,allenai/OLMo-2-1124-7B-Instruct,fewshot,riskneutral,0,0.99983,0.97412,0,,,massA=0.000166 massB=0.974,after,0,0.0
p2,1132,37,mixed,151,151,252,0.68,1.1348,1,True,B,allenai/OLMo-2-1124-7B-Instruct,fewshot,riskneutral,0,0.98991,0.95842,0,,,massA=0.00967 massB=0.949,after,0,0.0
p2,512,17,neutral,0,117,362,0.42,1.2995,1,True,B,allenai/OLMo-2-1124-7B-Instruct,fewshot,riskneutral,0,0.97789,0.7414,0,,,massA=0.0164 massB=0.725,after,0,0.0
p2,815,27,neutral,0,166,433,0.53,1.3825,2,False,A,allenai/OLMo-2-1124-7B-Instruct,fewshot,riskneutral,0,0.99838,0.89803,0,,,massA=0.897 massB=0.00146,after,0,0.0
p2,574,19,neutral,0,64,122,0.49,0.9341,2,True,B,allenai/OLMo-2-1124-7B-Instruct,fewshot,riskneutral,0,0.99938,0.97687,0,,,massA=0.000609 massB=0.976,after,0,0.0
p2,698,23,neutral,0,91,626,0.23,1.5822,4,True,B,allenai/OLMo-2-1124-7B-Instruct,fewshot,riskneutral,0,0.9966,0.77135,0,,,massA=0.00262 massB=0.769,after,0,0.0
p2,910,30,gain,0,149,447,0.26,0.78,0,True,B,allenai/OLMo-2-1124-7B-Instruct,fewshot,riskneutral,0,0.98967,0.9032,0,,,massA=0.00933 massB=0.894,after,0,0.0
p2,843,28,neutral,0,132,181,0.76,1.0421,1,False,A,allenai/OLMo-2-1124-7B-Instruct,fewshot,riskneutral,0,0.99931,0.7081,0,,,massA=0.708 massB=0.000489,after,0,0.0
p2,527,17,gain,0,117,362,0.42,1.2995,3,False,A,allenai/OLMo-2-1124-7B-Instruct,fewshot,riskneutral,0,0.11596,0.90248,0,,,massA=0.105 massB=0.798,after,0,0.0
p2,1187,39,gain,0,178,567,0.32,1.0193,3,False,A,allenai/OLMo-2-1124-7B-Instruct,fewshot,riskneutral,0,0.37387,0.92785,0,,,massA=0.347 massB=0.581,after,0,0.0
p2,1092,36,gain,0,98,227,0.47,1.0887,1,True,B,allenai/OLMo-2-1124-7B-Instruct,fewshot,riskneutral,0,0.95293,0.92833,0,,,massA=0.0437 massB=0.885,after,0,0.0
p2,1002,33,gain,0,142,446,0.53,1.6646,1,True,B,allenai/OLMo-2-1124-7B-Instruct,fewshot,riskneutral,0,0.92893,0.87494,0,,,massA=0.0622 massB=0.813,after,0,0.0
p2,285,9,gain,0,49,153,0.26,0.8118,2,False,A,allenai/OLMo-2-1124-7B-Instruct,fewshot,riskneutral,0,0.96716,0.97476,0,,,massA=0.943 massB=0.032,after,0,0.0
p2,245,8,neutral,0,62,263,0.33,1.3998,2,False,A,allenai/OLMo-2-1124-7B-Instruct,fewshot,riskneutral,0,0.994,0.82811,0,,,massA=0.823 massB=0.00497,after,0,0.0
p2,1181,39,gain,0,178,567,0.32,1.0193,0,False,A,allenai/OLMo-2-1124-7B-Instruct,fewshot,riskneutral,0,0.86613,0.89551,0,,,massA=0.776 massB=0.12,after,0,0.0
p2,130,4,gain,0,29,71,0.55,1.3466,0,True,B,allenai/OLMo-2-1124-7B-Instruct,fewshot,riskneutral,0,0.98013,0.90444,0,,,massA=0.018 massB=0.886,after,0,0.0
p2,888,29,gain,0,79,81,0.83,0.851,4,True,B,allenai/OLMo-2-1124-7B-Instruct,fewshot,riskneutral,0,0.98667,0.91139,0,,,massA=0.0121 massB=0.899,after,0,0.0
p2,630,21,neutral,0,106,206,0.73,1.4187,0,True,B,allenai/OLMo-2-1124-7B-Instruct,fewshot,riskneutral,0,0.99793,0.96115,0,,,massA=0.00199 massB=0.959,after,0,0.0
p2,85,2,mixed,162,162,661,0.26,1.0609,2,False,A,allenai/OLMo-2-1124-7B-Instruct,fewshot,riskneutral,0,0.99218,0.96993,0,,,massA=0.962 massB=0.00758,after,0,0.0
p2,403,13,gain,0,72,88,0.64,0.7822,1,False,A,allenai/OLMo-2-1124-7B-Instruct,fewshot,riskneutral,0,0.69925,0.88938,0,,,massA=0.622 massB=0.267,after,0,0.0
p2,1246,23,dominant,0,91,132,1.0,1.4505,0,True,B,allenai/OLMo-2-1124-7B-Instruct,fewshot,riskneutral,0,0.98469,0.96914,0,,,massA=0.0148 massB=0.954,after,0,0.0
p2,146,4,mixed,29,29,71,0.55,1.3466,3,True,B,allenai/OLMo-2-1124-7B-Instruct,fewshot,riskneutral,0,0.99553,0.97181,0,,,massA=0.00434 massB=0.967,after,0,0.0
p2,433,14,gain,0,81,201,0.68,1.6874,1,False,A,allenai/OLMo-2-1124-7B-Instruct,fewshot,riskneutral,0,0.96459,0.8896,0,,,massA=0.858 massB=0.0315,after,0,0.0
p2,1215,7,dominant,0,63,81,1.0,1.2857,2,False,A,allenai/OLMo-2-1124-7B-Instruct,fewshot,riskneutral,0,0.52147,0.97083,0,,,massA=0.506 massB=0.465,after,0,0.0
p2,1100,36,mixed,98,98,227,0.47,1.0887,0,True,B,allenai/OLMo-2-1124-7B-Instruct,fewshot,riskneutral,0,0.99409,0.97266,0,,,massA=0.00575 massB=0.967,after,0,0.0
p2,850,28,gain,0,132,181,0.76,1.0421,0,True,B,allenai/OLMo-2-1124-7B-Instruct,fewshot,riskneutral,0,0.98698,0.88394,0,,,massA=0.0115 massB=0.872,after,0,0.0
p2,197,6,gain,0,94,101,0.71,0.7629,3,False,A,allenai/OLMo-2-1124-7B-Instruct,fewshot,riskneutral,0,0.91789,0.78023,0,,,massA=0.716 massB=0.0641,after,0,0.0
p2,565,18,mixed,41,41,61,0.58,0.8629,2,False,A,allenai/OLMo-2-1124-7B-Instruct,fewshot,riskneutral,0,0.97463,0.97192,0,,,massA=0.947 massB=0.0247,after,0,0.0
p2,1075,35,mixed,91,91,133,0.68,0.9938,2,False,A,allenai/OLMo-2-1124-7B-Instruct,fewshot,riskneutral,0,0.99543,0.97255,0,,,massA=0.968 massB=0.00445,after,0,0.0
p2,895,29,mixed,79,79,81,0.83,0.851,2,False,A,allenai/OLMo-2-1124-7B-Instruct,fewshot,riskneutral,0,0.98282,0.96915,0,,,massA=0.952 massB=0.0166,after,0,0.0
p2,1242,21,dominant,0,106,147,1.0,1.3868,4,True,B,allenai/OLMo-2-1124-7B-Instruct,fewshot,riskneutral,0,0.99293,0.96077,0,,,massA=0.00679 massB=0.954,after,0,0.0
p2,572,19,neutral,0,64,122,0.49,0.9341,1,True,B,allenai/OLMo-2-1124-7B-Instruct,fewshot,riskneutral,0,0.99102,0.86995,0,,,massA=0.00782 massB=0.862,after,0,0.0
p2,441,14,mixed,81,81,201,0.68,1.6874,0,False,A,allenai/OLMo-2-1124-7B-Instruct,fewshot,riskneutral,0,0.93767,0.93082,0,,,massA=0.873 massB=0.058,after,0,0.0
p2,233,7,mixed,63,63,98,0.64,0.9956,1,False,A,allenai/OLMo-2-1124-7B-Instruct,fewshot,riskneutral,0,0.98421,0.91844,0,,,massA=0.904 massB=0.0145,after,0,0.0
p2,89,2,mixed,162,162,661,0.26,1.0609,4,False,A,allenai/OLMo-2-1124-7B-Instruct,fewshot,riskneutral,0,0.92577,0.68306,0,,,massA=0.632 massB=0.0507,after,0,0.0
p2,395,13,neutral,0,72,88,0.64,0.7822,2,False,A,allenai/OLMo-2-1124-7B-Instruct,fewshot,riskneutral,0,0.99741,0.92776,0,,,massA=0.925 massB=0.0024,after,0,0.0
p2,886,29,gain,0,79,81,0.83,0.851,3,True,B,allenai/OLMo-2-1124-7B-Instruct,fewshot,riskneutral,0,0.99688,0.93157,0,,,massA=0.00291 massB=0.929,after,0,0.0
p2,1244,22,dominant,0,81,109,1.0,1.3457,0,True,B,allenai/OLMo-2-1124-7B-Instruct,fewshot,riskneutral,0,0.98849,0.96796,0,,,massA=0.0111 massB=0.957,after,0,0.0
p2,1177,39,neutral,0,178,567,0.32,1.0193,3,False,A,allenai/OLMo-2-1124-7B-Instruct,fewshot,riskneutral,0,0.72331,0.73138,0,,,massA=0.529 massB=0.202,after,0,0.0
p2,337,11,neutral,0,54,68,0.81,1.02,3,False,A,allenai/OLMo-2-1124-7B-Instruct,fewshot,riskneutral,0,0.71383,0.7396,0,,,massA=0.528 massB=0.212,after,0,0.0
p2,156,5,neutral,0,162,381,0.46,1.0819,3,True,B,allenai/OLMo-2-1124-7B-Instruct,fewshot,riskneutral,0,0.99933,0.95598,0,,,massA=0.00064 massB=0.955,after,0,0.0
p2,1055,35,neutral,0,91,133,0.68,0.9938,2,False,A,allenai/OLMo-2-1124-7B-Instruct,fewshot,riskneutral,0,0.99815,0.84079,0,,,massA=0.839 massB=0.00156,after,0,0.0
p2,794,26,gain,0,59,151,0.36,0.9214,2,True,B,allenai/OLMo-2-1124-7B-Instruct,fewshot,riskneutral,0,0.98321,0.98822,0,,,massA=0.0166 massB=0.972,after,0,0.0
p2,1174,39,neutral,0,178,567,0.32,1.0193,2,True,B,allenai/OLMo-2-1124-7B-Instruct,fewshot,riskneutral,0,0.99947,0.96372,0,,,massA=0.000514 massB=0.963,after,0,0.0
p2,1106,36,mixed,98,98,227,0.47,1.0887,3,True,B,allenai/OLMo-2-1124-7B-Instruct,fewshot,riskneutral,0,0.99729,0.98,0,,,massA=0.00266 massB=0.977,after,0,0.0
p2,739,24,gain,0,168,214,0.76,0.9681,4,False,A,allenai/OLMo-2-1124-7B-Instruct,fewshot,riskneutral,0,0.95362,0.73568,0,,,massA=0.702 massB=0.0341,after,0,0.0
p2,1213,6,dominant,0,94,128,1.0,1.3617,4,False,A,allenai/OLMo-2-1124-7B-Instruct,fewshot,riskneutral,0,0.69925,0.87215,0,,,massA=0.61 massB=0.262,after,0,0.0
p2,3,0,neutral,0,186,984,0.26,1.3755,1,False,A,allenai/OLMo-2-1124-7B-Instruct,fewshot,riskneutral,0,0.98583,0.6337,0,,,massA=0.625 massB=0.00898,after,0,0.0
p2,681,22,mixed,81,81,163,0.72,1.4489,0,False,A,allenai/OLMo-2-1124-7B-Instruct,fewshot,riskneutral,0,0.95598,0.91144,0,,,massA=0.871 massB=0.0401,after,0,0.0
p2,1204,2,dominant,0,162,174,1.0,1.0741,0,True,B,allenai/OLMo-2-1124-7B-Instruct,fewshot,riskneutral,0,0.96006,0.94596,0,,,massA=0.0378 massB=0.908,after,0,0.0
p2,936,31,neutral,0,51,151,0.29,0.8586,3,True,B,allenai/OLMo-2-1124-7B-Instruct,fewshot,riskneutral,0,0.99841,0.9599,0,,,massA=0.00152 massB=0.958,after,0,0.0
p2,1152,38,gain,0,183,609,0.38,1.2646,1,True,B,allenai/OLMo-2-1124-7B-Instruct,fewshot,riskneutral,0,0.94418,0.88016,0,,,massA=0.0491 massB=0.831,after,0,0.0
p2,354,11,mixed,54,54,68,0.81,1.02,2,True,B,allenai/OLMo-2-1124-7B-Instruct,fewshot,riskneutral,0,0.96378,0.98008,0,,,massA=0.0355 massB=0.945,after,0,0.0
p2,1144,38,neutral,0,183,609,0.38,1.2646,2,True,B,allenai/OLMo-2-1124-7B-Instruct,fewshot,riskneutral,0,0.99932,0.95567,0,,,massA=0.000647 massB=0.955,after,0,0.0
p2,1050,35,neutral,0,91,133,0.68,0.9938,0,True,B,allenai/OLMo-2-1124-7B-Instruct,fewshot,riskneutral,0,0.99846,0.95598,0,,,massA=0.00147 massB=0.955,after,0,0.0
p2,975,32,gain,0,131,236,0.57,1.0269,2,False,A,allenai/OLMo-2-1124-7B-Instruct,fewshot,riskneutral,0,0.99829,0.98046,0,,,massA=0.979 massB=0.00168,after,0,0.0
p2,1143,38,neutral,0,183,609,0.38,1.2646,1,False,A,allenai/OLMo-2-1124-7B-Instruct,fewshot,riskneutral,0,0.98708,0.68123,0,,,massA=0.672 massB=0.0088,after,0,0.0
p2,1119,37,neutral,0,151,252,0.68,1.1348,4,False,A,allenai/OLMo-2-1124-7B-Instruct,fewshot,riskneutral,0,0.92469,0.44587,0,,,massA=0.412 massB=0.0336,after,0,0.0
p2,290,9,mixed,49,49,153,0.26,0.8118,0,True,B,allenai/OLMo-2-1124-7B-Instruct,fewshot,riskneutral,0,0.99014,0.97224,0,,,massA=0.00959 massB=0.963,after,0,0.0
p2,819,27,neutral,0,166,433,0.53,1.3825,4,False,A,allenai/OLMo-2-1124-7B-Instruct,fewshot,riskneutral,0,0.81523,0.60639,0,,,massA=0.494 massB=0.112,after,0,0.0
p2,627,20,mixed,186,186,266,0.63,0.901,3,False,A,allenai/OLMo-2-1124-7B-Instruct,fewshot,riskneutral,0,0.64958,0.93037,0,,,massA=0.604 massB=0.326,after,0,0.0
p2,1048,34,mixed,52,52,96,0.63,1.1631,4,True,B,allenai/OLMo-2-1124-7B-Instruct,fewshot,riskneutral,0,0.98469,0.75862,0,,,massA=0.0116 massB=0.747,after,0,0.0
p2,538,17,mixed,117,117,362,0.42,1.2995,4,True,B,allenai/OLMo-2-1124-7B-Instruct,fewshot,riskneutral,0,0.9836,0.77675,0,,,massA=0.0127 massB=0.764,after,0,0.0
p2,495,16,gain,0,139,234,0.6,1.0101,2,False,A,allenai/OLMo-2-1124-7B-Instruct,fewshot,riskneutral,0,0.99918,0.9822,0,,,massA=0.981 massB=0.000805,after,0,0.0
p2,971,32,gain,0,131,236,0.57,1.0269,0,False,A,allenai/OLMo-2-1124-7B-Instruct,fewshot,riskneutral,0,0.91611,0.88553,0,,,massA=0.811 massB=0.0743,after,0,0.0
p2,59,1,mixed,58,58,116,0.66,1.32,4,False,A,allenai/OLMo-2-1124-7B-Instruct,fewshot,riskneutral,0,0.97091,0.63995,0,,,massA=0.621 massB=0.0186,after,0,0.0
p2,728,24,neutral,0,168,214,0.76,0.9681,4,True,B,allenai/OLMo-2-1124-7B-Instruct,fewshot,riskneutral,0,0.99851,0.84035,0,,,massA=0.00125 massB=0.839,after,0,0.0
p2,892,29,mixed,79,79,81,0.83,0.851,1,True,B,allenai/OLMo-2-1124-7B-Instruct,fewshot,riskneutral,0,0.95431,0.90239,0,,,massA=0.0412 massB=0.861,after,0,0.0
p2,221,7,gain,0,63,98,0.64,0.9956,0,False,A,allenai/OLMo-2-1124-7B-Instruct,fewshot,riskneutral,0,0.9576,0.90584,0,,,massA=0.867 massB=0.0384,after,0,0.0
p2,200,6,mixed,94,94,101,0.71,0.7629,0,True,B,allenai/OLMo-2-1124-7B-Instruct,fewshot,riskneutral,0,0.99162,0.95354,0,,,massA=0.00799 massB=0.946,after,0,0.0
p2,1047,34,mixed,52,52,96,0.63,1.1631,3,False,A,allenai/OLMo-2-1124-7B-Instruct,fewshot,riskneutral,0,0.80194,0.94134,0,,,massA=0.755 massB=0.186,after,0,0.0
p2,497,16,gain,0,139,234,0.6,1.0101,3,False,A,allenai/OLMo-2-1124-7B-Instruct,fewshot,riskneutral,0,0.84696,0.8773,0,,,massA=0.743 massB=0.134,after,0,0.0
p2,653,21,mixed,106,106,206,0.73,1.4187,1,False,A,allenai/OLMo-2-1124-7B-Instruct,fewshot,riskneutral,0,0.99816,0.90022,0,,,massA=0.899 massB=0.00166,after,0,0.0
p2,801,26,mixed,59,59,151,0.36,0.9214,0,False,A,allenai/OLMo-2-1124-7B-Instruct,fewshot,riskneutral,0,0.87408,0.93758,0,,,massA=0.82 massB=0.118,after,0,0.0
p2,995,33,neutral,0,142,446,0.53,1.6646,2,False,A,allenai/OLMo-2-1124-7B-Instruct,fewshot,riskneutral,0,0.98187,0.87386,0,,,massA=0.858 massB=0.0158,after,0,0.0
p2,718,23,mixed,91,91,626,0.23,1.5822,4,True,B,allenai/OLMo-2-1124-7B-Instruct,fewshot,riskneutral,0,0.98242,0.84365,0,,,massA=0.0148 massB=0.829,after,0,0.0
p2,217,7,neutral,0,63,98,0.64,0.9956,3,False,A,allenai/OLMo-2-1124-7B-Instruct,fewshot,riskneutral,0,0.8606,0.63009,0,,,massA=0.542 massB=0.0878,after,0,0.0
p2,507,16,mixed,139,139,234,0.6,1.0101,3,False,A,allenai/OLMo-2-1124-7B-Instruct,fewshot,riskneutral,0,0.66017,0.90621,0,,,massA=0.598 massB=0.308,after,0,0.0
p2,1270,35,dominant,0,91,107,1.0,1.1758,0,True,B,allenai/OLMo-2-1124-7B-Instruct,fewshot,riskneutral,0,0.98594,0.96927,0,,,massA=0.0136 massB=0.956,after,0,0.0
p2,756,25,neutral,0,124,207,0.76,1.2687,3,True,B,allenai/OLMo-2-1124-7B-Instruct,fewshot,riskneutral,0,0.99969,0.97395,0,,,massA=0.0003 massB=0.974,after,0,0.0
p2,789,26,neutral,0,59,151,0.36,0.9214,4,False,A,allenai/OLMo-2-1124-7B-Instruct,fewshot,riskneutral,0,0.7074,0.465,0,,,massA=0.329 massB=0.136,after,0,0.0
p2,405,13,gain,0,72,88,0.64,0.7822,2,False,A,allenai/OLMo-2-1124-7B-Instruct,fewshot,riskneutral,0,0.87915,0.97356,0,,,massA=0.856 massB=0.118,after,0,0.0
p2,259,8,gain,0,62,263,0.33,1.3998,4,False,A,allenai/OLMo-2-1124-7B-Instruct,fewshot,riskneutral,0,0.81167,0.56597,0,,,massA=0.459 massB=0.107,after,0,0.0
p2,598,19,mixed,64,64,122,0.49,0.9341,4,True,B,allenai/OLMo-2-1124-7B-Instruct,fewshot,riskneutral,0,0.98201,0.79518,0,,,massA=0.0143 massB=0.781,after,0,0.0
p2,658,21,mixed,106,106,206,0.73,1.4187,4,True,B,allenai/OLMo-2-1124-7B-Instruct,fewshot,riskneutral,0,0.98688,0.83041,0,,,massA=0.0109 massB=0.82,after,0,0.0
p2,1093,36,gain,0,98,227,0.47,1.0887,1,False,A,allenai/OLMo-2-1124-7B-Instruct,fewshot,riskneutral,0,0.61138,0.8958,0,,,massA=0.548 massB=0.348,after,0,0.0
p2,341,11,gain,0,54,68,0.81,1.02,0,False,A,allenai/OLMo-2-1124-7B-Instruct,fewshot,riskneutral,0,0.87831,0.8779,0,,,massA=0.771 massB=0.107,after,0,0.0
p2,1140,38,neutral,0,183,609,0.38,1.2646,0,True,B,allenai/OLMo-2-1124-7B-Instruct,fewshot,riskneutral,0,0.99844,0.90191,0,,,massA=0.00141 massB=0.901,after,0,0.0
p2,1077,35,mixed,91,91,133,0.68,0.9938,3,False,A,allenai/OLMo-2-1124-7B-Instruct,fewshot,riskneutral,0,0.74909,0.93279,0,,,massA=0.699 massB=0.234,after,0,0.0
p2,27,0,mixed,186,186,984,0.26,1.3755,3,False,A,allenai/OLMo-2-1124-7B-Instruct,fewshot,riskneutral,0,0.67576,0.94291,0,,,massA=0.637 massB=0.306,after,0,0.0
p2,1162,38,mixed,183,183,609,0.38,1.2646,1,True,B,allenai/OLMo-2-1124-7B-Instruct,fewshot,riskneutral,0,0.99029,0.96788,0,,,massA=0.0094 massB=0.958,after,0,0.0
p2,879,29,neutral,0,79,81,0.83,0.851,4,False,A,allenai/OLMo-2-1124-7B-Instruct,fewshot,riskneutral,0,0.97649,0.32203,0,,,massA=0.314 massB=0.00757,after,0,0.0
p2,469,15,gain,0,82,113,0.74,1.0198,4,False,A,allenai/OLMo-2-1124-7B-Instruct,fewshot,riskneutral,0,0.92469,0.66573,0,,,massA=0.616 massB=0.0501,after,0,0.0
p2,857,28,gain,0,132,181,0.76,1.0421,3,False,A,allenai/OLMo-2-1124-7B-Instruct,fewshot,riskneutral,0,0.90261,0.91098,0,,,massA=0.822 massB=0.0887,after,0,0.0
p2,347,11,gain,0,54,68,0.81,1.02,3,False,A,allenai/OLMo-2-1124-7B-Instruct,fewshot,riskneutral,0,0.7931,0.87379,0,,,massA=0.693 massB=0.181,after,0,0.0
p2,684,22,mixed,81,81,163,0.72,1.4489,2,True,B,allenai/OLMo-2-1124-7B-Instruct,fewshot,riskneutral,0,0.99254,0.98883,0,,,massA=0.00738 massB=0.981,after,0,0.0
p2,370,12,gain,0,164,541,0.38,1.2535,0,True,B,allenai/OLMo-2-1124-7B-Instruct,fewshot,riskneutral,0,0.99404,0.89239,0,,,massA=0.00532 massB=0.887,after,0,0.0
p2,541,18,neutral,0,41,61,0.58,0.8629,0,False,A,allenai/OLMo-2-1124-7B-Instruct,fewshot,riskneutral,0,0.71382,0.87729,0,,,massA=0.626 massB=0.251,after,0,0.0
p2,816,27,neutral,0,166,433,0.53,1.3825,3,True,B,allenai/OLMo-2-1124-7B-Instruct,fewshot,riskneutral,0,0.99937,0.95076,0,,,massA=0.000598 massB=0.95,after,0,0.0
p2,335,11,neutral,0,54,68,0.81,1.02,2,False,A,allenai/OLMo-2-1124-7B-Instruct,fewshot,riskneutral,0,0.99807,0.88852,0,,,massA=0.887 massB=0.00172,after,0,0.0
p2,1110,37,neutral,0,151,252,0.68,1.1348,0,True,B,allenai/OLMo-2-1124-7B-Instruct,fewshot,riskneutral,0,0.99895,0.95759,0,,,massA=0.001 massB=0.957,after,0,0.0
p2,398,13,neutral,0,72,88,0.64,0.7822,4,True,B,allenai/OLMo-2-1124-7B-Instruct,fewshot,riskneutral,0,0.99793,0.88946,0,,,massA=0.00184 massB=0.888,after,0,0.0
p2,34,1,neutral,0,58,116,0.66,1.32,2,True,B,allenai/OLMo-2-1124-7B-Instruct,fewshot,riskneutral,0,0.99967,0.98276,0,,,massA=0.000321 massB=0.982,after,0,0.0
p2,664,22,neutral,0,81,163,0.72,1.4489,2,True,B,allenai/OLMo-2-1124-7B-Instruct,fewshot,riskneutral,0,0.99968,0.97478,0,,,massA=0.000308 massB=0.974,after,0,0.0
p2,342,11,gain,0,54,68,0.81,1.02,1,True,B,allenai/OLMo-2-1124-7B-Instruct,fewshot,riskneutral,0,0.8439,0.93546,0,,,massA=0.146 massB=0.789,after,0,0.0
p2,458,15,neutral,0,82,113,0.74,1.0198,4,True,B,allenai/OLMo-2-1124-7B-Instruct,fewshot,riskneutral,0,0.99886,0.84948,0,,,massA=0.00097 massB=0.849,after,0,0.0
p2,1036,34,gain,0,52,96,0.63,1.1631,3,True,B,allenai/OLMo-2-1124-7B-Instruct,fewshot,riskneutral,0,0.99769,0.95565,0,,,massA=0.0022 massB=0.953,after,0,0.0
p2,592,19,mixed,64,64,122,0.49,0.9341,1,True,B,allenai/OLMo-2-1124-7B-Instruct,fewshot,riskneutral,0,0.98967,0.96953,0,,,massA=0.01 massB=0.96,after,0,0.0
p2,380,12,mixed,164,164,541,0.38,1.2535,0,True,B,allenai/OLMo-2-1124-7B-Instruct,fewshot,riskneutral,0,0.9949,0.97234,0,,,massA=0.00496 massB=0.967,after,0,0.0
p2,953,31,mixed,51,51,151,0.29,0.8586,1,False,A,allenai/OLMo-2-1124-7B-Instruct,fewshot,riskneutral,0,0.90053,0.88487,0,,,massA=0.797 massB=0.088,after,0,0.0
p2,442,14,mixed,81,81,201,0.68,1.6874,1,True,B,allenai/OLMo-2-1124-7B-Instruct,fewshot,riskneutral,0,0.98776,0.96433,0,,,massA=0.0118 massB=0.953,after,0,0.0
p2,275,9,neutral,0,49,153,0.26,0.8118,2,False,A,allenai/OLMo-2-1124-7B-Instruct,fewshot,riskneutral,0,0.95222,0.85092,0,,,massA=0.81 massB=0.0407,after,0,0.0
p2,795,26,gain,0,59,151,0.36,0.9214,2,False,A,allenai/OLMo-2-1124-7B-Instruct,fewshot,riskneutral,0,0.99122,0.98071,0,,,massA=0.972 massB=0.00861,after,0,0.0
p2,646,21,gain,0,106,206,0.73,1.4187,3,True,B,allenai/OLMo-2-1124-7B-Instruct,fewshot,riskneutral,0,0.99856,0.96074,0,,,massA=0.00139 massB=0.959,after,0,0.0
p2,954,31,mixed,51,51,151,0.29,0.8586,2,True,B,allenai/OLMo-2-1124-7B-Instruct,fewshot,riskneutral,0,0.97667,0.9882,0,,,massA=0.0231 massB=0.965,after,0,0.0
p2,284,9,gain,0,49,153,0.26,0.8118,2,True,B,allenai/OLMo-2-1124-7B-Instruct,fewshot,riskneutral,0,0.95791,0.98352,0,,,massA=0.0414 massB=0.942,after,0,0.0
p2,135,4,gain,0,29,71,0.55,1.3466,2,False,A,allenai/OLMo-2-1124-7B-Instruct,fewshot,riskneutral,0,0.98795,0.98025,0,,,massA=0.968 massB=0.0118,after,0,0.0
p2,360,12,neutral,0,164,541,0.38,1.2535,0,True,B,allenai/OLMo-2-1124-7B-Instruct,fewshot,riskneutral,0,0.99813,0.90485,0,,,massA=0.00169 massB=0.903,after,0,0.0
p2,1038,34,gain,0,52,96,0.63,1.1631,4,True,B,allenai/OLMo-2-1124-7B-Instruct,fewshot,riskneutral,0,0.99596,0.92362,0,,,massA=0.00373 massB=0.92,after,0,0.0
p2,351,11,mixed,54,54,68,0.81,1.02,0,False,A,allenai/OLMo-2-1124-7B-Instruct,fewshot,riskneutral,0,0.73259,0.90025,0,,,massA=0.66 massB=0.241,after,0,0.0
p2,505,16,mixed,139,139,234,0.6,1.0101,2,False,A,allenai/OLMo-2-1124-7B-Instruct,fewshot,riskneutral,0,0.99593,0.96699,0,,,massA=0.963 massB=0.00394,after,0,0.0
p2,770,25,mixed,124,124,207,0.76,1.2687,0,True,B,allenai/OLMo-2-1124-7B-Instruct,fewshot,riskneutral,0,0.99543,0.95836,0,,,massA=0.00438 massB=0.954,after,0,0.0
p2,315,10,gain,0,111,278,0.58,1.4526,2,False,A,allenai/OLMo-2-1124-7B-Instruct,fewshot,riskneutral,0,0.99641,0.97117,0,,,massA=0.968 massB=0.00349,after,0,0.0
p2,1051,35,neutral,0,91,133,0.68,0.9938,0,False,A,allenai/OLMo-2-1124-7B-Instruct,fewshot,riskneutral,0,0.81523,0.8688,0,,,massA=0.708 massB=0.161,after,0,0.0
p2,218,7,neutral,0,63,98,0.64,0.9956,4,True,B,allenai/OLMo-2-1124-7B-Instruct,fewshot,riskneutral,0,0.99816,0.86011,0,,,massA=0.00158 massB=0.859,after,0,0.0
p2,1059,35,neutral,0,91,133,0.68,0.9938,4,False,A,allenai/OLMo-2-1124-7B-Instruct,fewshot,riskneutral,0,0.89029,0.36095,0,,,massA=0.321 massB=0.0396,after,0,0.0
p2,652,21,mixed,106,106,206,0.73,1.4187,1,True,B,allenai/OLMo-2-1124-7B-Instruct,fewshot,riskneutral,0,0.98893,0.95987,0,,,massA=0.0106 massB=0.949,after,0,0.0
p2,844,28,neutral,0,132,181,0.76,1.0421,2,True,B,allenai/OLMo-2-1124-7B-Instruct,fewshot,riskneutral,0,0.99956,0.97775,0,,,massA=0.000433 massB=0.977,after,0,0.0
p2,644,21,gain,0,106,206,0.73,1.4187,2,True,B,allenai/OLMo-2-1124-7B-Instruct,fewshot,riskneutral,0,0.98698,0.97872,0,,,massA=0.0127 massB=0.966,after,0,0.0
p2,1150,38,gain,0,183,609,0.38,1.2646,0,True,B,allenai/OLMo-2-1124-7B-Instruct,fewshot,riskneutral,0,0.99181,0.89228,0,,,massA=0.00731 massB=0.885,after,0,0.0
p2,352,11,mixed,54,54,68,0.81,1.02,1,True,B,allenai/OLMo-2-1124-7B-Instruct,fewshot,riskneutral,0,0.97091,0.91571,0,,,massA=0.0266 massB=0.889,after,0,0.0
p2,884,29,gain,0,79,81,0.83,0.851,2,True,B,allenai/OLMo-2-1124-7B-Instruct,fewshot,riskneutral,0,0.93812,0.97982,0,,,massA=0.0606 massB=0.919,after,0,0.0
p2,757,25,neutral,0,124,207,0.76,1.2687,3,False,A,allenai/OLMo-2-1124-7B-Instruct,fewshot,riskneutral,0,0.91243,0.76392,0,,,massA=0.697 massB=0.0669,after,0,0.0
p2,271,9,neutral,0,49,153,0.26,0.8118,0,False,A,allenai/OLMo-2-1124-7B-Instruct,fewshot,riskneutral,0,0.59266,0.88217,0,,,massA=0.523 massB=0.359,after,0,0.0
p2,278,9,neutral,0,49,153,0.26,0.8118,4,True,B,allenai/OLMo-2-1124-7B-Instruct,fewshot,riskneutral,0,0.99739,0.80265,0,,,massA=0.0021 massB=0.801,after,0,0.0
p2,419,13,mixed,72,72,88,0.64,0.7822,4,False,A,allenai/OLMo-2-1124-7B-Instruct,fewshot,riskneutral,0,0.88563,0.58584,0,,,massA=0.519 massB=0.067,after,0,0.0
p2,813,27,neutral,0,166,433,0.53,1.3825,1,False,A,allenai/OLMo-2-1124-7B-Instruct,fewshot,riskneutral,0,0.99697,0.76312,0,,,massA=0.761 massB=0.00231,after,0,0.0
p2,641,21,gain,0,106,206,0.73,1.4187,0,False,A,allenai/OLMo-2-1124-7B-Instruct,fewshot,riskneutral,0,0.91964,0.89716,0,,,massA=0.825 massB=0.0721,after,0,0.0
p2,1133,37,mixed,151,151,252,0.68,1.1348,1,False,A,allenai/OLMo-2-1124-7B-Instruct,fewshot,riskneutral,0,0.99532,0.88942,0,,,massA=0.885 massB=0.00416,after,0,0.0
p2,1243,21,dominant,0,106,147,1.0,1.3868,3,False,A,allenai/OLMo-2-1124-7B-Instruct,fewshot,riskneutral,0,0.06097,0.89001,0,,,massA=0.0543 massB=0.836,after,0,0.0
p2,302,10,neutral,0,111,278,0.58,1.4526,1,True,B,allenai/OLMo-2-1124-7B-Instruct,fewshot,riskneutral,0,0.98698,0.81951,0,,,massA=0.0107 massB=0.809,after,0,0.0
p2,531,17,mixed,117,117,362,0.42,1.2995,0,False,A,allenai/OLMo-2-1124-7B-Instruct,fewshot,riskneutral,0,0.87493,0.8949,0,,,massA=0.783 massB=0.112,after,0,0.0
p2,118,3,mixed,46,46,158,0.33,1.1335,4,True,B,allenai/OLMo-2-1124-7B-Instruct,fewshot,riskneutral,0,0.98145,0.81014,0,,,massA=0.015 massB=0.795,after,0,0.0
p2,860,28,mixed,132,132,181,0.76,1.0421,0,True,B,allenai/OLMo-2-1124-7B-Instruct,fewshot,riskneutral,0,0.99509,0.9602,0,,,massA=0.00471 massB=0.955,after,0,0.0
p2,631,21,neutral,0,106,206,0.73,1.4187,0,False,A,allenai/OLMo-2-1124-7B-Instruct,fewshot,riskneutral,0,0.77046,0.85945,0,,,massA=0.662 massB=0.197,after,0,0.0
p2,171,5,mixed,162,162,381,0.46,1.0819,0,False,A,allenai/OLMo-2-1124-7B-Instruct,fewshot,riskneutral,0,0.93391,0.89988,0,,,massA=0.84 massB=0.0595,after,0,0.0
p2,762,25,gain,0,124,207,0.76,1.2687,1,True,B,allenai/OLMo-2-1124-7B-Instruct,fewshot,riskneutral,0,0.91731,0.90782,0,,,massA=0.0751 massB=0.833,after,0,0.0
p2,861,28,mixed,132,132,181,0.76,1.0421,0,False,A,allenai/OLMo-2-1124-7B-Instruct,fewshot,riskneutral,0,0.89256,0.89944,0,,,massA=0.803 massB=0.0966,after,0,0.0
p2,1103,36,mixed,98,98,227,0.47,1.0887,1,False,A,allenai/OLMo-2-1124-7B-Instruct,fewshot,riskneutral,0,0.98708,0.93681,0,,,massA=0.925 massB=0.0121,after,0,0.0
p2,231,7,mixed,63,63,98,0.64,0.9956,0,False,A,allenai/OLMo-2-1124-7B-Instruct,fewshot,riskneutral,0,0.90665,0.92608,0,,,massA=0.84 massB=0.0864,after,0,0.0
p2,643,21,gain,0,106,206,0.73,1.4187,1,False,A,allenai/OLMo-2-1124-7B-Instruct,fewshot,riskneutral,0,0.99418,0.85329,0,,,massA=0.848 massB=0.00497,after,0,0.0
p2,468,15,gain,0,82,113,0.74,1.0198,4,True,B,allenai/OLMo-2-1124-7B-Instruct,fewshot,riskneutral,0,0.99643,0.92957,0,,,massA=0.00331 massB=0.926,after,0,0.0
p2,806,26,mixed,59,59,151,0.36,0.9214,3,True,B,allenai/OLMo-2-1124-7B-Instruct,fewshot,riskneutral,0,0.99494,0.97935,0,,,massA=0.00496 massB=0.974,after,0,0.0
p2,409,13,gain,0,72,88,0.64,0.7822,4,False,A,allenai/OLMo-2-1124-7B-Instruct,fewshot,riskneutral,0,0.5564,0.69876,0,,,massA=0.389 massB=0.31,after,0,0.0
p2,624,20,mixed,186,186,266,0.63,0.901,2,True,B,allenai/OLMo-2-1124-7B-Instruct,fewshot,riskneutral,0,0.99073,0.98578,0,,,massA=0.00914 massB=0.977,after,0,0.0
p2,465,15,gain,0,82,113,0.74,1.0198,2,False,A,allenai/OLMo-2-1124-7B-Instruct,fewshot,riskneutral,0,0.99806,0.98296,0,,,massA=0.981 massB=0.00191,after,0,0.0
p2,382,12,mixed,164,164,541,0.38,1.2535,1,True,B,allenai/OLMo-2-1124-7B-Instruct,fewshot,riskneutral,0,0.98813,0.96378,0,,,massA=0.0114 massB=0.952,after,0,0.0
p2,431,14,gain,0,81,201,0.68,1.6874,0,False,A,allenai/OLMo-2-1124-7B-Instruct,fewshot,riskneutral,0,0.91118,0.86819,0,,,massA=0.791 massB=0.0771,after,0,0.0
p2,109,3,gain,0,46,158,0.33,1.1335,4,False,A,allenai/OLMo-2-1124-7B-Instruct,fewshot,riskneutral,0,0.8044,0.63542,0,,,massA=0.511 massB=0.124,after,0,0.0
p2,1268,34,dominant,0,52,110,1.0,2.1154,3,True,B,allenai/OLMo-2-1124-7B-Instruct,fewshot,riskneutral,0,0.99409,0.95991,0,,,massA=0.00567 massB=0.954,after,0,0.0
p2,1277,38,dominant,0,183,201,1.0,1.0984,2,False,A,allenai/OLMo-2-1124-7B-Instruct,fewshot,riskneutral,0,0.3522,0.97825,0,,,massA=0.345 massB=0.634,after,0,0.0
p2,1161,38,mixed,183,183,609,0.38,1.2646,0,False,A,allenai/OLMo-2-1124-7B-Instruct,fewshot,riskneutral,0,0.83224,0.92494,0,,,massA=0.77 massB=0.155,after,0,0.0
p2,677,22,gain,0,81,163,0.72,1.4489,3,False,A,allenai/OLMo-2-1124-7B-Instruct,fewshot,riskneutral,0,0.95186,0.84737,0,,,massA=0.807 massB=0.0408,after,0,0.0
p2,1136,37,mixed,151,151,252,0.68,1.1348,3,True,B,allenai/OLMo-2-1124-7B-Instruct,fewshot,riskneutral,0,0.99816,0.97628,0,,,massA=0.0018 massB=0.974,after,0,0.0
p2,511,17,neutral,0,117,362,0.42,1.2995,0,False,A,allenai/OLMo-2-1124-7B-Instruct,fewshot,riskneutral,0,0.57367,0.87239,0,,,massA=0.5 massB=0.372,after,0,0.0
p2,1212,6,dominant,0,94,128,1.0,1.3617,3,True,B,allenai/OLMo-2-1124-7B-Instruct,fewshot,riskneutral,0,0.99059,0.94913,0,,,massA=0.00893 massB=0.94,after,0,0.0
p2,1,0,neutral,0,186,984,0.26,1.3755,0,False,A,allenai/OLMo-2-1124-7B-Instruct,fewshot,riskneutral,0,0.81989,0.83237,0,,,massA=0.682 massB=0.15,after,0,0.0
p2,55,1,mixed,58,58,116,0.66,1.32,2,False,A,allenai/OLMo-2-1124-7B-Instruct,fewshot,riskneutral,0,0.99865,0.9732,0,,,massA=0.972 massB=0.00131,after,0,0.0
p2,589,19,gain,0,64,122,0.49,0.9341,4,False,A,allenai/OLMo-2-1124-7B-Instruct,fewshot,riskneutral,0,0.48048,0.68571,0,,,massA=0.329 massB=0.356,after,0,0.0
p2,488,16,neutral,0,139,234,0.6,1.0101,4,True,B,allenai/OLMo-2-1124-7B-Instruct,fewshot,riskneutral,0,0.99777,0.84158,0,,,massA=0.00188 massB=0.84,after,0,0.0
p2,923,30,mixed,149,149,447,0.26,0.78,1,False,A,allenai/OLMo-2-1124-7B-Instruct,fewshot,riskneutral,0,0.96323,0.87845,0,,,massA=0.846 massB=0.0323,after,0,0.0
p2,1170,39,neutral,0,178,567,0.32,1.0193,0,True,B,allenai/OLMo-2-1124-7B-Instruct,fewshot,riskneutral,0,0.99745,0.91217,0,,,massA=0.00233 massB=0.91,after,0,0.0
p2,267,8,mixed,62,62,263,0.33,1.3998,3,False,A,allenai/OLMo-2-1124-7B-Instruct,fewshot,riskneutral,0,0.56218,0.94354,0,,,massA=0.53 massB=0.413,after,0,0.0
p2,204,6,mixed,94,94,101,0.71,0.7629,2,True,B,allenai/OLMo-2-1124-7B-Instruct,fewshot,riskneutral,0,0.97737,0.98362,0,,,massA=0.0223 massB=0.961,after,0,0.0
p2,686,22,mixed,81,81,163,0.72,1.4489,3,True,B,allenai/OLMo-2-1124-7B-Instruct,fewshot,riskneutral,0,0.998,0.97634,0,,,massA=0.00195 massB=0.974,after,0,0.0
p2,453,15,neutral,0,82,113,0.74,1.0198,1,False,A,allenai/OLMo-2-1124-7B-Instruct,fewshot,riskneutral,0,0.99886,0.6124,0,,,massA=0.612 massB=0.000697,after,0,0.0
p2,154,5,neutral,0,162,381,0.46,1.0819,2,True,B,allenai/OLMo-2-1124-7B-Instruct,fewshot,riskneutral,0,0.99932,0.96359,0,,,massA=0.000653 massB=0.963,after,0,0.0
p2,974,32,gain,0,131,236,0.57,1.0269,2,True,B,allenai/OLMo-2-1124-7B-Instruct,fewshot,riskneutral,0,0.99194,0.98505,0,,,massA=0.00794 massB=0.977,after,0,0.0
p2,150,5,neutral,0,162,381,0.46,1.0819,0,True,B,allenai/OLMo-2-1124-7B-Instruct,fewshot,riskneutral,0,0.99758,0.92889,0,,,massA=0.00224 massB=0.927,after,0,0.0
p2,244,8,neutral,0,62,263,0.33,1.3998,2,True,B,allenai/OLMo-2-1124-7B-Instruct,fewshot,riskneutral,0,0.99916,0.96146,0,,,massA=0.00081 massB=0.961,after,0,0.0
p2,295,9,mixed,49,49,153,0.26,0.8118,2,False,A,allenai/OLMo-2-1124-7B-Instruct,fewshot,riskneutral,0,0.994,0.97502,0,,,massA=0.969 massB=0.00585,after,0,0.0
p2,877,29,neutral,0,79,81,0.83,0.851,3,False,A,allenai/OLMo-2-1124-7B-Instruct,fewshot,riskneutral,0,0.93343,0.67968,0,,,massA=0.634 massB=0.0452,after,0,0.0
p2,744,24,mixed,168,168,214,0.76,0.9681,2,True,B,allenai/OLMo-2-1124-7B-Instruct,fewshot,riskneutral,0,0.99101,0.99001,0,,,massA=0.0089 massB=0.981,after,0,0.0
p2,704,23,gain,0,91,626,0.23,1.5822,2,True,B,allenai/OLMo-2-1124-7B-Instruct,fewshot,riskneutral,0,0.98738,0.98545,0,,,massA=0.0124 massB=0.973,after,0,0.0
p2,100,3,gain,0,46,158,0.33,1.1335,0,True,B,allenai/OLMo-2-1124-7B-Instruct,fewshot,riskneutral,0,0.98594,0.94927,0,,,massA=0.0134 massB=0.936,after,0,0.0
p2,17,0,gain,0,186,984,0.26,1.3755,3,False,A,allenai/OLMo-2-1124-7B-Instruct,fewshot,riskneutral,0,0.46684,0.85348,0,,,massA=0.398 massB=0.455,after,0,0.0
p2,1044,34,mixed,52,52,96,0.63,1.1631,2,True,B,allenai/OLMo-2-1124-7B-Instruct,fewshot,riskneutral,0,0.98043,0.98695,0,,,massA=0.0193 massB=0.968,after,0,0.0
p2,1018,33,mixed,142,142,446,0.53,1.6646,4,True,B,allenai/OLMo-2-1124-7B-Instruct,fewshot,riskneutral,0,0.98718,0.78164,0,,,massA=0.01 massB=0.772,after,0,0.0
p2,292,9,mixed,49,49,153,0.26,0.8118,1,True,B,allenai/OLMo-2-1124-7B-Instruct,fewshot,riskneutral,0,0.98295,0.9598,0,,,massA=0.0164 massB=0.943,after,0,0.0
p2,920,30,mixed,149,149,447,0.26,0.78,0,True,B,allenai/OLMo-2-1124-7B-Instruct,fewshot,riskneutral,0,0.99175,0.96657,0,,,massA=0.00798 massB=0.959,after,0,0.0
p2,491,16,gain,0,139,234,0.6,1.0101,0,False,A,allenai/OLMo-2-1124-7B-Instruct,fewshot,riskneutral,0,0.93628,0.88851,0,,,massA=0.832 massB=0.0566,after,0,0.0
p2,110,3,mixed,46,46,158,0.33,1.1335,0,True,B,allenai/OLMo-2-1124-7B-Instruct,fewshot,riskneutral,0,0.99037,0.96867,0,,,massA=0.00933 massB=0.959,after,0,0.0
p2,211,7,neutral,0,63,98,0.64,0.9956,0,False,A,allenai/OLMo-2-1124-7B-Instruct,fewshot,riskneutral,0,0.72174,0.8129,0,,,massA=0.587 massB=0.226,after,0,0.0
p2,1022,34,neutral,0,52,96,0.63,1.1631,1,True,B,allenai/OLMo-2-1124-7B-Instruct,fewshot,riskneutral,0,0.99423,0.916,0,,,massA=0.00529 massB=0.911,after,0,0.0
p2,40,1,gain,0,58,116,0.66,1.32,0,True,B,allenai/OLMo-2-1124-7B-Instruct,fewshot,riskneutral,0,0.98876,0.90808,0,,,massA=0.0102 massB=0.898,after,0,0.0
p2,484,16,neutral,0,139,234,0.6,1.0101,2,True,B,allenai/OLMo-2-1124-7B-Instruct,fewshot,riskneutral,0,0.99936,0.96929,0,,,massA=0.000619 massB=0.969,after,0,0.0
p2,748,24,mixed,168,168,214,0.76,0.9681,4,True,B,allenai/OLMo-2-1124-7B-Instruct,fewshot,riskneutral,0,0.98795,0.71884,0,,,massA=0.00866 massB=0.71,after,0,0.0
p2,835,27,mixed,166,166,433,0.53,1.3825,2,False,A,allenai/OLMo-2-1124-7B-Instruct,fewshot,riskneutral,0,0.99806,0.96911,0,,,massA=0.967 massB=0.00188,after,0,0.0
p2,263,8,mixed,62,62,263,0.33,1.3998,1,False,A,allenai/OLMo-2-1124-7B-Instruct,fewshot,riskneutral,0,0.91611,0.88019,0,,,massA=0.806 massB=0.0738,after,0,0.0
p2,969,32,neutral,0,131,236,0.57,1.0269,4,False,A,allenai/OLMo-2-1124-7B-Instruct,fewshot,riskneutral,0,0.89625,0.33756,0,,,massA=0.303 massB=0.035,after,0,0.0
p2,77,2,gain,0,162,661,0.26,1.0609,3,False,A,allenai/OLMo-2-1124-7B-Instruct,fewshot,riskneutral,0,0.44746,0.9027,0,,,massA=0.404 massB=0.499,after,0,0.0
p2,1189,39,gain,0,178,567,0.32,1.0193,4,False,A,allenai/OLMo-2-1124-7B-Instruct,fewshot,riskneutral,0,0.74909,0.68223,0,,,massA=0.511 massB=0.171,after,0,0.0
p2,986,32,mixed,131,131,236,0.57,1.0269,3,True,B,allenai/OLMo-2-1124-7B-Instruct,fewshot,riskneutral,0,0.99764,0.97986,0,,,massA=0.00231 massB=0.978,after,0,0.0
p2,1137,37,mixed,151,151,252,0.68,1.1348,3,False,A,allenai/OLMo-2-1124-7B-Instruct,fewshot,riskneutral,0,0.85294,0.93046,0,,,massA=0.794 massB=0.137,after,0,0.0
p2,1278,39,dominant,0,178,205,1.0,1.1517,4,True,B,allenai/OLMo-2-1124-7B-Instruct,fewshot,riskneutral,0,0.91964,0.95032,0,,,massA=0.0764 massB=0.874,after,0,0.0
p2,871,29,neutral,0,79,81,0.83,0.851,0,False,A,allenai/OLMo-2-1124-7B-Instruct,fewshot,riskneutral,0,0.81405,0.8539,0,,,massA=0.695 massB=0.159,after,0,0.0
p2,708,23,gain,0,91,626,0.23,1.5822,4,True,B,allenai/OLMo-2-1124-7B-Instruct,fewshot,riskneutral,0,0.99612,0.95225,0,,,massA=0.0037 massB=0.949,after,0,0.0
p2,1115,37,neutral,0,151,252,0.68,1.1348,2,False,A,allenai/OLMo-2-1124-7B-Instruct,fewshot,riskneutral,0,0.999,0.88803,0,,,massA=0.887 massB=0.000888,after,0,0.0
p2,1032,34,gain,0,52,96,0.63,1.1631,1,True,B,allenai/OLMo-2-1124-7B-Instruct,fewshot,riskneutral,0,0.94699,0.94847,0,,,massA=0.0503 massB=0.898,after,0,0.0
p2,435,14,gain,0,81,201,0.68,1.6874,2,False,A,allenai/OLMo-2-1124-7B-Instruct,fewshot,riskneutral,0,0.9972,0.97752,0,,,massA=0.975 massB=0.00274,after,0,0.0
p2,671,22,gain,0,81,163,0.72,1.4489,0,False,A,allenai/OLMo-2-1124-7B-Instruct,fewshot,riskneutral,0,0.95823,0.87771,0,,,massA=0.841 massB=0.0367,after,0,0.0
p2,506,16,mixed,139,139,234,0.6,1.0101,3,True,B,allenai/OLMo-2-1124-7B-Instruct,fewshot,riskneutral,0,0.99758,0.96787,0,,,massA=0.00234 massB=0.966,after,0,0.0
p2,120,4,neutral,0,29,71,0.55,1.3466,0,True,B,allenai/OLMo-2-1124-7B-Instruct,fewshot,riskneutral,0,0.99073,0.88917,0,,,massA=0.00824 massB=0.881,after,0,0.0
p2,1261,30,dominant,0,149,187,1.0,1.255,3,False,A,allenai/OLMo-2-1124-7B-Instruct,fewshot,riskneutral,0,0.07316,0.9082,0,,,massA=0.0664 massB=0.842,after,0,0.0
p2,58,1,mixed,58,58,116,0.66,1.32,4,True,B,allenai/OLMo-2-1124-7B-Instruct,fewshot,riskneutral,0,0.98538,0.68706,0,,,massA=0.01 massB=0.677,after,0,0.0
p2,734,24,gain,0,168,214,0.76,0.9681,2,True,B,allenai/OLMo-2-1124-7B-Instruct,fewshot,riskneutral,0,0.97951,0.98321,0,,,massA=0.0201 massB=0.963,after,0,0.0
p2,521,17,gain,0,117,362,0.42,1.2995,0,False,A,allenai/OLMo-2-1124-7B-Instruct,fewshot,riskneutral,0,0.64601,0.84082,0,,,massA=0.543 massB=0.298,after,0,0.0
p2,345,11,gain,0,54,68,0.81,1.02,2,False,A,allenai/OLMo-2-1124-7B-Instruct,fewshot,riskneutral,0,0.99546,0.98212,0,,,massA=0.978 massB=0.00446,after,0,0.0
p2,49,1,gain,0,58,116,0.66,1.32,4,False,A,allenai/OLMo-2-1124-7B-Instruct,fewshot,riskneutral,0,0.95532,0.69326,0,,,massA=0.662 massB=0.031,after,0,0.0
p2,1124,37,gain,0,151,252,0.68,1.1348,2,True,B,allenai/OLMo-2-1124-7B-Instruct,fewshot,riskneutral,0,0.98804,0.98248,0,,,massA=0.0118 massB=0.971,after,0,0.0
p2,525,17,gain,0,117,362,0.42,1.2995,2,False,A,allenai/OLMo-2-1124-7B-Instruct,fewshot,riskneutral,0,0.97069,0.96712,0,,,massA=0.939 massB=0.0283,after,0,0.0
p2,1235,17,dominant,0,117,129,1.0,1.1026,4,False,A,allenai/OLMo-2-1124-7B-Instruct,fewshot,riskneutral,0,0.92304,0.93074,0,,,massA=0.859 massB=0.0716,after,0,0.0
p2,1208,4,dominant,0,29,56,1.0,1.931,1,True,B,allenai/OLMo-2-1124-7B-Instruct,fewshot,riskneutral,0,0.9576,0.97891,0,,,massA=0.0415 massB=0.937,after,0,0.0
p2,618,20,gain,0,186,266,0.63,0.901,4,True,B,allenai/OLMo-2-1124-7B-Instruct,fewshot,riskneutral,0,0.99517,0.92646,0,,,massA=0.00447 massB=0.922,after,0,0.0
p2,1275,37,dominant,0,151,193,1.0,1.2781,2,False,A,allenai/OLMo-2-1124-7B-Instruct,fewshot,riskneutral,0,0.4149,0.97834,0,,,massA=0.406 massB=0.572,after,0,0.0
p2,694,23,neutral,0,91,626,0.23,1.5822,2,True,B,allenai/OLMo-2-1124-7B-Instruct,fewshot,riskneutral,0,0.99933,0.95991,0,,,massA=0.000645 massB=0.959,after,0,0.0
p2,1013,33,mixed,142,142,446,0.53,1.6646,1,False,A,allenai/OLMo-2-1124-7B-Instruct,fewshot,riskneutral,0,0.99486,0.90129,0,,,massA=0.897 massB=0.00463,after,0,0.0
p2,356,11,mixed,54,54,68,0.81,1.02,3,True,B,allenai/OLMo-2-1124-7B-Instruct,fewshot,riskneutral,0,0.99623,0.96718,0,,,massA=0.00364 massB=0.964,after,0,0.0
p2,539,17,mixed,117,117,362,0.42,1.2995,4,False,A,allenai/OLMo-2-1124-7B-Instruct,fewshot,riskneutral,0,0.94738,0.68899,0,,,massA=0.653 massB=0.0363,after,0,0.0
p2,1260,30,dominant,0,149,187,1.0,1.255,1,True,B,allenai/OLMo-2-1124-7B-Instruct,fewshot,riskneutral,0,0.9515,0.97612,0,,,massA=0.0473 massB=0.929,after,0,0.0
p2,121,4,neutral,0,29,71,0.55,1.3466,0,False,A,allenai/OLMo-2-1124-7B-Instruct,fewshot,riskneutral,0,0.44166,0.78956,0,,,massA=0.349 massB=0.441,after,0,0.0
p2,663,22,neutral,0,81,163,0.72,1.4489,1,False,A,allenai/OLMo-2-1124-7B-Instruct,fewshot,riskneutral,0,0.99793,0.67218,0,,,massA=0.671 massB=0.00139,after,0,0.0
p2,1079,35,mixed,91,91,133,0.68,0.9938,4,False,A,allenai/OLMo-2-1124-7B-Instruct,fewshot,riskneutral,0,0.93582,0.65214,0,,,massA=0.61 massB=0.0419,after,0,0.0
p2,269,8,mixed,62,62,263,0.33,1.3998,4,False,A,allenai/OLMo-2-1124-7B-Instruct,fewshot,riskneutral,0,0.88404,0.71821,0,,,massA=0.635 massB=0.0833,after,0,0.0
p2,10,0,gain,0,186,984,0.26,1.3755,0,True,B,allenai/OLMo-2-1124-7B-Instruct,fewshot,riskneutral,0,0.98776,0.88328,0,,,massA=0.0108 massB=0.872,after,0,0.0
p2,115,3,mixed,46,46,158,0.33,1.1335,2,False,A,allenai/OLMo-2-1124-7B-Instruct,fewshot,riskneutral,0,0.98959,0.9731,0,,,massA=0.963 massB=0.0101,after,0,0.0
p2,143,4,mixed,29,29,71,0.55,1.3466,1,False,A,allenai/OLMo-2-1124-7B-Instruct,fewshot,riskneutral,0,0.97613,0.92697,0,,,massA=0.905 massB=0.0221,after,0,0.0
p2,270,9,neutral,0,49,153,0.26,0.8118,0,True,B,allenai/OLMo-2-1124-7B-Instruct,fewshot,riskneutral,0,0.99733,0.93272,0,,,massA=0.00249 massB=0.93,after,0,0.0
p2,255,8,gain,0,62,263,0.33,1.3998,2,False,A,allenai/OLMo-2-1124-7B-Instruct,fewshot,riskneutral,0,0.98893,0.96779,0,,,massA=0.957 massB=0.0107,after,0,0.0
p2,31,1,neutral,0,58,116,0.66,1.32,0,False,A,allenai/OLMo-2-1124-7B-Instruct,fewshot,riskneutral,0,0.85391,0.87655,0,,,massA=0.748 massB=0.128,after,0,0.0
p2,887,29,gain,0,79,81,0.83,0.851,3,False,A,allenai/OLMo-2-1124-7B-Instruct,fewshot,riskneutral,0,0.69596,0.78025,0,,,massA=0.543 massB=0.237,after,0,0.0
p2,608,20,neutral,0,186,266,0.63,0.901,4,True,B,allenai/OLMo-2-1124-7B-Instruct,fewshot,riskneutral,0,0.99758,0.83743,0,,,massA=0.00202 massB=0.835,after,0,0.0
p2,722,24,neutral,0,168,214,0.76,0.9681,1,True,B,allenai/OLMo-2-1124-7B-Instruct,fewshot,riskneutral,0,0.98493,0.84565,0,,,massA=0.0127 massB=0.833,after,0,0.0
p2,889,29,gain,0,79,81,0.83,0.851,4,False,A,allenai/OLMo-2-1124-7B-Instruct,fewshot,riskneutral,0,0.82894,0.69844,0,,,massA=0.579 massB=0.119,after,0,0.0
p2,792,26,gain,0,59,151,0.36,0.9214,1,True,B,allenai/OLMo-2-1124-7B-Instruct,fewshot,riskneutral,0,0.96154,0.95657,0,,,massA=0.0368 massB=0.92,after,0,0.0
p2,445,14,mixed,81,81,201,0.68,1.6874,2,False,A,allenai/OLMo-2-1124-7B-Instruct,fewshot,riskneutral,0,0.998,0.97967,0,,,massA=0.978 massB=0.00196,after,0,0.0
p2,477,15,mixed,82,82,113,0.74,1.0198,3,False,A,allenai/OLMo-2-1124-7B-Instruct,fewshot,riskneutral,0,0.73716,0.93159,0,,,massA=0.687 massB=0.245,after,0,0.0
p2,1166,38,mixed,183,183,609,0.38,1.2646,3,True,B,allenai/OLMo-2-1124-7B-Instruct,fewshot,riskneutral,0,0.99733,0.98222,0,,,massA=0.00263 massB=0.98,after,0,0.0
p2,18,0,gain,0,186,984,0.26,1.3755,4,True,B,allenai/OLMo-2-1124-7B-Instruct,fewshot,riskneutral,0,0.99665,0.90054,0,,,massA=0.00302 massB=0.898,after,0,0.0
p2,195,6,gain,0,94,101,0.71,0.7629,2,False,A,allenai/OLMo-2-1124-7B-Instruct,fewshot,riskneutral,0,0.99741,0.96719,0,,,massA=0.965 massB=0.00251,after,0,0.0
p2,890,29,mixed,79,79,81,0.83,0.851,0,True,B,allenai/OLMo-2-1124-7B-Instruct,fewshot,riskneutral,0,0.98321,0.94449,0,,,massA=0.0159 massB=0.929,after,0,0.0
p2,24,0,mixed,186,186,984,0.26,1.3755,2,True,B,allenai/OLMo-2-1124-7B-Instruct,fewshot,riskneutral,0,0.99051,0.98895,0,,,massA=0.00938 massB=0.98,after,0,0.0
p2,1114,37,neutral,0,151,252,0.68,1.1348,2,True,B,allenai/OLMo-2-1124-7B-Instruct,fewshot,riskneutral,0,0.99954,0.97212,0,,,massA=0.000451 massB=0.972,after,0,0.0
p2,763,25,gain,0,124,207,0.76,1.2687,1,False,A,allenai/OLMo-2-1124-7B-Instruct,fewshot,riskneutral,0,0.99371,0.88303,0,,,massA=0.877 massB=0.00555,after,0,0.0
p2,319,10,gain,0,111,278,0.58,1.4526,4,False,A,allenai/OLMo-2-1124-7B-Instruct,fewshot,riskneutral,0,0.82894,0.61694,0,,,massA=0.511 massB=0.106,after,0,0.0
p2,166,5,gain,0,162,381,0.46,1.0819,3,True,B,allenai/OLMo-2-1124-7B-Instruct,fewshot,riskneutral,0,0.99804,0.95098,0,,,massA=0.00186 massB=0.949,after,0,0.0
p2,788,26,neutral,0,59,151,0.36,0.9214,4,True,B,allenai/OLMo-2-1124-7B-Instruct,fewshot,riskneutral,0,0.99798,0.87033,0,,,massA=0.00176 massB=0.869,after,0,0.0
p2,82,2,mixed,162,162,661,0.26,1.0609,1,True,B,allenai/OLMo-2-1124-7B-Instruct,fewshot,riskneutral,0,0.98422,0.96299,0,,,massA=0.0152 massB=0.948,after,0,0.0
p2,577,19,neutral,0,64,122,0.49,0.9341,3,False,A,allenai/OLMo-2-1124-7B-Instruct,fewshot,riskneutral,0,0.5564,0.68232,0,,,massA=0.38 massB=0.303,after,0,0.0
p2,63,2,neutral,0,162,661,0.26,1.0609,1,False,A,allenai/OLMo-2-1124-7B-Instruct,fewshot,riskneutral,0,0.98087,0.73701,0,,,massA=0.723 massB=0.0141,after,0,0.0
p2,487,16,neutral,0,139,234,0.6,1.0101,3,False,A,allenai/OLMo-2-1124-7B-Instruct,fewshot,riskneutral,0,0.86431,0.67207,0,,,massA=0.581 massB=0.0912,after,0,0.0
p2,609,20,neutral,0,186,266,0.63,0.901,4,False,A,allenai/OLMo-2-1124-7B-Instruct,fewshot,riskneutral,0,0.93046,0.43508,0,,,massA=0.405 massB=0.0303,after,0,0.0
p2,981,32,mixed,131,131,236,0.57,1.0269,0,False,A,allenai/OLMo-2-1124-7B-Instruct,fewshot,riskneutral,0,0.88484,0.90646,0,,,massA=0.802 massB=0.104,after,0,0.0
p2,856,28,gain,0,132,181,0.76,1.0421,3,True,B,allenai/OLMo-2-1124-7B-Instruct,fewshot,riskneutral,0,0.99812,0.954,0,,,massA=0.0018 massB=0.952,after,0,0.0
p2,1227,13,dominant,0,72,119,1.0,1.6528,3,False,A,allenai/OLMo-2-1124-7B-Instruct,fewshot,riskneutral,0,0.08093,0.92881,0,,,massA=0.0752 massB=0.854,after,0,0.0
p2,1195,39,mixed,178,178,567,0.32,1.0193,2,False,A,allenai/OLMo-2-1124-7B-Instruct,fewshot,riskneutral,0,0.99265,0.97159,0,,,massA=0.964 massB=0.00714,after,0,0.0
p2,309,10,neutral,0,111,278,0.58,1.4526,4,False,A,allenai/OLMo-2-1124-7B-Instruct,fewshot,riskneutral,0,0.83004,0.36971,0,,,massA=0.307 massB=0.0628,after,0,0.0
p2,772,25,mixed,124,124,207,0.76,1.2687,1,True,B,allenai/OLMo-2-1124-7B-Instruct,fewshot,riskneutral,0,0.98831,0.95013,0,,,massA=0.0111 massB=0.939,after,0,0.0
p2,52,1,mixed,58,58,116,0.66,1.32,1,True,B,allenai/OLMo-2-1124-7B-Instruct,fewshot,riskneutral,0,0.98728,0.95549,0,,,massA=0.0122 massB=0.943,after,0,0.0
p2,1097,36,gain,0,98,227,0.47,1.0887,3,False,A,allenai/OLMo-2-1124-7B-Instruct,fewshot,riskneutral,0,0.10448,0.93275,0,,,massA=0.0975 massB=0.835,after,0,0.0
p2,39,1,neutral,0,58,116,0.66,1.32,4,False,A,allenai/OLMo-2-1124-7B-Instruct,fewshot,riskneutral,0,0.85488,0.49649,0,,,massA=0.424 massB=0.072,after,0,0.0
p2,661,22,neutral,0,81,163,0.72,1.4489,0,False,A,allenai/OLMo-2-1124-7B-Instruct,fewshot,riskneutral,0,0.83655,0.87672,0,,,massA=0.733 massB=0.143,after,0,0.0
p2,516,17,neutral,0,117,362,0.42,1.2995,3,True,B,allenai/OLMo-2-1124-7B-Instruct,fewshot,riskneutral,0,0.99885,0.94688,0,,,massA=0.00109 massB=0.946,after,0,0.0
p2,432,14,gain,0,81,201,0.68,1.6874,1,True,B,allenai/OLMo-2-1124-7B-Instruct,fewshot,riskneutral,0,0.94079,0.92399,0,,,massA=0.0547 massB=0.869,after,0,0.0
p2,1126,37,gain,0,151,252,0.68,1.1348,3,True,B,allenai/OLMo-2-1124-7B-Instruct,fewshot,riskneutral,0,0.99876,0.96405,0,,,massA=0.0012 massB=0.963,after,0,0.0
p2,1231,15,dominant,0,82,114,1.0,1.3902,4,False,A,allenai/OLMo-2-1124-7B-Instruct,fewshot,riskneutral,0,0.83973,0.89187,0,,,massA=0.749 massB=0.143,after,0,0.0
p2,845,28,neutral,0,132,181,0.76,1.0421,2,False,A,allenai/OLMo-2-1124-7B-Instruct,fewshot,riskneutral,0,0.9995,0.81887,0,,,massA=0.818 massB=0.000406,after,0,0.0
p2,305,10,neutral,0,111,278,0.58,1.4526,2,False,A,allenai/OLMo-2-1124-7B-Instruct,fewshot,riskneutral,0,0.99574,0.79803,0,,,massA=0.795 massB=0.0034,after,0,0.0
p2,636,21,neutral,0,106,206,0.73,1.4187,3,True,B,allenai/OLMo-2-1124-7B-Instruct,fewshot,riskneutral,0,0.99969,0.97514,0,,,massA=0.000304 massB=0.975,after,0,0.0
p2,94,3,neutral,0,46,158,0.33,1.1335,2,True,B,allenai/OLMo-2-1124-7B-Instruct,fewshot,riskneutral,0,0.99909,0.97968,0,,,massA=0.000896 massB=0.979,after,0,0.0
p2,1223,11,dominant,0,54,73,1.0,1.3519,3,False,A,allenai/OLMo-2-1124-7B-Instruct,fewshot,riskneutral,0,0.0424,0.93436,0,,,massA=0.0396 massB=0.895,after,0,0.0
p2,1102,36,mixed,98,98,227,0.47,1.0887,1,True,B,allenai/OLMo-2-1124-7B-Instruct,fewshot,riskneutral,0,0.98959,0.9736,0,,,massA=0.0101 massB=0.963,after,0,0.0
p2,1095,36,gain,0,98,227,0.47,1.0887,2,False,A,allenai/OLMo-2-1124-7B-Instruct,fewshot,riskneutral,0,0.95728,0.97504,0,,,massA=0.933 massB=0.0417,after,0,0.0
p2,137,4,gain,0,29,71,0.55,1.3466,3,False,A,allenai/OLMo-2-1124-7B-Instruct,fewshot,riskneutral,0,0.59643,0.88196,0,,,massA=0.526 massB=0.356,after,0,0.0
p2,393,13,neutral,0,72,88,0.64,0.7822,1,False,A,allenai/OLMo-2-1124-7B-Instruct,fewshot,riskneutral,0,0.99632,0.85969,0,,,massA=0.857 massB=0.00316,after,0,0.0
p2,709,23,gain,0,91,626,0.23,1.5822,4,False,A,allenai/OLMo-2-1124-7B-Instruct,fewshot,riskneutral,0,0.47268,0.69048,0,,,massA=0.326 massB=0.364,after,0,0.0
p2,557,18,gain,0,41,61,0.58,0.8629,3,False,A,allenai/OLMo-2-1124-7B-Instruct,fewshot,riskneutral,0,0.83224,0.87507,0,,,massA=0.728 massB=0.147,after,0,0.0
p2,859,28,gain,0,132,181,0.76,1.0421,4,False,A,allenai/OLMo-2-1124-7B-Instruct,fewshot,riskneutral,0,0.95498,0.723,0,,,massA=0.69 massB=0.0325,after,0,0.0
p2,1233,16,dominant,0,139,190,1.0,1.3669,2,False,A,allenai/OLMo-2-1124-7B-Instruct,fewshot,riskneutral,0,0.24364,0.97733,0,,,massA=0.238 massB=0.739,after,0,0.0
p2,1254,27,dominant,0,166,204,1.0,1.2289,0,True,B,allenai/OLMo-2-1124-7B-Instruct,fewshot,riskneutral,0,0.98708,0.96354,0,,,massA=0.0124 massB=0.951,after,0,0.0
p2,941,31,gain,0,51,151,0.29,0.8586,0,False,A,allenai/OLMo-2-1124-7B-Instruct,fewshot,riskneutral,0,0.84696,0.84822,0,,,massA=0.718 massB=0.13,after,0,0.0
p2,92,3,neutral,0,46,158,0.33,1.1335,1,True,B,allenai/OLMo-2-1124-7B-Instruct,fewshot,riskneutral,0,0.9959,0.92793,0,,,massA=0.00381 massB=0.924,after,0,0.0
p2,126,4,neutral,0,29,71,0.55,1.3466,3,True,B,allenai/OLMo-2-1124-7B-Instruct,fewshot,riskneutral,0,0.99826,0.95035,0,,,massA=0.00165 massB=0.949,after,0,0.0
p2,876,29,neutral,0,79,81,0.83,0.851,3,True,B,allenai/OLMo-2-1124-7B-Instruct,fewshot,riskneutral,0,0.99916,0.94784,0,,,massA=0.000799 massB=0.947,after,0,0.0
p2,672,22,gain,0,81,163,0.72,1.4489,1,True,B,allenai/OLMo-2-1124-7B-Instruct,fewshot,riskneutral,0,0.9033,0.89364,0,,,massA=0.0864 massB=0.807,after,0,0.0
p2,357,11,mixed,54,54,68,0.81,1.02,3,False,A,allenai/OLMo-2-1124-7B-Instruct,fewshot,riskneutral,0,0.5813,0.9226,0,,,massA=0.536 massB=0.386,after,0,0.0
p2,1163,38,mixed,183,183,609,0.38,1.2646,1,False,A,allenai/OLMo-2-1124-7B-Instruct,fewshot,riskneutral,0,0.98572,0.92915,0,,,massA=0.916 massB=0.0133,after,0,0.0
p2,1263,31,dominant,0,51,73,1.0,1.4314,0,False,A,allenai/OLMo-2-1124-7B-Instruct,fewshot,riskneutral,0,0.04638,0.97574,0,,,massA=0.0453 massB=0.93,after,0,0.0
p2,1145,38,neutral,0,183,609,0.38,1.2646,2,False,A,allenai/OLMo-2-1124-7B-Instruct,fewshot,riskneutral,0,0.99277,0.88598,0,,,massA=0.88 massB=0.00641,after,0,0.0
p2,978,32,gain,0,131,236,0.57,1.0269,4,True,B,allenai/OLMo-2-1124-7B-Instruct,fewshot,riskneutral,0,0.99685,0.95215,0,,,massA=0.003 massB=0.949,after,0,0.0
p2,427,14,neutral,0,81,201,0.68,1.6874,3,False,A,allenai/OLMo-2-1124-7B-Instruct,fewshot,riskneutral,0,0.82333,0.7172,0,,,massA=0.59 massB=0.127,after,0,0.0
p2,301,10,neutral,0,111,278,0.58,1.4526,0,False,A,allenai/OLMo-2-1124-7B-Instruct,fewshot,riskneutral,0,0.68257,0.89434,0,,,massA=0.61 massB=0.284,after,0,0.0
p2,1030,34,gain,0,52,96,0.63,1.1631,0,True,B,allenai/OLMo-2-1124-7B-Instruct,fewshot,riskneutral,0,0.98397,0.90934,0,,,massA=0.0146 massB=0.895,after,0,0.0
p2,831,27,mixed,166,166,433,0.53,1.3825,0,False,A,allenai/OLMo-2-1124-7B-Instruct,fewshot,riskneutral,0,0.9263,0.92101,0,,,massA=0.853 massB=0.0679,after,0,0.0
p2,615,20,gain,0,186,266,0.63,0.901,2,False,A,allenai/OLMo-2-1124-7B-Instruct,fewshot,riskneutral,0,0.99926,0.98244,0,,,massA=0.982 massB=0.000728,after,0,0.0
p2,4,0,neutral,0,186,984,0.26,1.3755,2,True,B,allenai/OLMo-2-1124-7B-Instruct,fewshot,riskneutral,0,0.99888,0.94952,0,,,massA=0.00107 massB=0.948,after,0,0.0
p2,730,24,gain,0,168,214,0.76,0.9681,0,True,B,allenai/OLMo-2-1124-7B-Instruct,fewshot,riskneutral,0,0.98626,0.88888,0,,,massA=0.0122 massB=0.877,after,0,0.0
p2,348,11,gain,0,54,68,0.81,1.02,4,True,B,allenai/OLMo-2-1124-7B-Instruct,fewshot,riskneutral,0,0.99006,0.93505,0,,,massA=0.00929 massB=0.926,after,0,0.0
p2,1200,0,dominant,0,186,240,1.0,1.2903,0,True,B,allenai/OLMo-2-1124-7B-Instruct,fewshot,riskneutral,0,0.99175,0.96955,0,,,massA=0.008 massB=0.962,after,0,0.0
p2,215,7,neutral,0,63,98,0.64,0.9956,2,False,A,allenai/OLMo-2-1124-7B-Instruct,fewshot,riskneutral,0,0.9985,0.86229,0,,,massA=0.861 massB=0.00129,after,0,0.0
p2,933,31,neutral,0,51,151,0.29,0.8586,1,False,A,allenai/OLMo-2-1124-7B-Instruct,fewshot,riskneutral,0,0.99474,0.70313,0,,,massA=0.699 massB=0.0037,after,0,0.0
p2,550,18,gain,0,41,61,0.58,0.8629,0,True,B,allenai/OLMo-2-1124-7B-Instruct,fewshot,riskneutral,0,0.96956,0.90099,0,,,massA=0.0274 massB=0.874,after,0,0.0
p2,87,2,mixed,162,162,661,0.26,1.0609,3,False,A,allenai/OLMo-2-1124-7B-Instruct,fewshot,riskneutral,0,0.62062,0.9375,0,,,massA=0.582 massB=0.356,after,0,0.0
p2,733,24,gain,0,168,214,0.76,0.9681,1,False,A,allenai/OLMo-2-1124-7B-Instruct,fewshot,riskneutral,0,0.98831,0.887,0,,,massA=0.877 massB=0.0104,after,0,0.0
p2,1225,12,dominant,0,164,181,1.0,1.1037,0,False,A,allenai/OLMo-2-1124-7B-Instruct,fewshot,riskneutral,0,0.06608,0.96132,0,,,massA=0.0635 massB=0.898,after,0,0.0
p2,526,17,gain,0,117,362,0.42,1.2995,3,True,B,allenai/OLMo-2-1124-7B-Instruct,fewshot,riskneutral,0,0.99747,0.95744,0,,,massA=0.00242 massB=0.955,after,0,0.0
p2,307,10,neutral,0,111,278,0.58,1.4526,3,False,A,allenai/OLMo-2-1124-7B-Instruct,fewshot,riskneutral,0,0.67747,0.79884,0,,,massA=0.541 massB=0.258,after,0,0.0
p2,29,0,mixed,186,186,984,0.26,1.3755,4,False,A,allenai/OLMo-2-1124-7B-Instruct,fewshot,riskneutral,0,0.92893,0.689,0,,,massA=0.64 massB=0.049,after,0,0.0
p2,1027,34,neutral,0,52,96,0.63,1.1631,3,False,A,allenai/OLMo-2-1124-7B-Instruct,fewshot,riskneutral,0,0.85966,0.67916,0,,,massA=0.584 massB=0.0953,after,0,0.0
p2,1236,18,dominant,0,41,88,1.0,2.1463,2,True,B,allenai/OLMo-2-1124-7B-Instruct,fewshot,riskneutral,0,0.99351,0.99163,0,,,massA=0.00643 massB=0.985,after,0,0.0
p2,294,9,mixed,49,49,153,0.26,0.8118,2,True,B,allenai/OLMo-2-1124-7B-Instruct,fewshot,riskneutral,0,0.97967,0.98772,0,,,massA=0.0201 massB=0.968,after,0,0.0
p2,65,2,neutral,0,162,661,0.26,1.0609,2,False,A,allenai/OLMo-2-1124-7B-Instruct,fewshot,riskneutral,0,0.98434,0.87534,0,,,massA=0.862 massB=0.0137,after,0,0.0
p2,436,14,gain,0,81,201,0.68,1.6874,3,True,B,allenai/OLMo-2-1124-7B-Instruct,fewshot,riskneutral,0,0.99816,0.94566,0,,,massA=0.00174 massB=0.944,after,0,0.0
p2,645,21,gain,0,106,206,0.73,1.4187,2,False,A,allenai/OLMo-2-1124-7B-Instruct,fewshot,riskneutral,0,0.99874,0.9784,0,,,massA=0.977 massB=0.00123,after,0,0.0
p2,1008,33,gain,0,142,446,0.53,1.6646,4,True,B,allenai/OLMo-2-1124-7B-Instruct,fewshot,riskneutral,0,0.99695,0.93637,0,,,massA=0.00286 massB=0.934,after,0,0.0
p2,258,8,gain,0,62,263,0.33,1.3998,4,True,B,allenai/OLMo-2-1124-7B-Instruct,fewshot,riskneutral,0,0.9968,0.9327,0,,,massA=0.00298 massB=0.93,after,0,0.0
p2,339,11,neutral,0,54,68,0.81,1.02,4,False,A,allenai/OLMo-2-1124-7B-Instruct,fewshot,riskneutral,0,0.92248,0.44869,0,,,massA=0.414 massB=0.0348,after,0,0.0
p2,378,12,gain,0,164,541,0.38,1.2535,4,True,B,allenai/OLMo-2-1124-7B-Instruct,fewshot,riskneutral,0,0.9981,0.94274,0,,,massA=0.00179 massB=0.941,after,0,0.0
p2,901,30,neutral,0,149,447,0.26,0.78,0,False,A,allenai/OLMo-2-1124-7B-Instruct,fewshot,riskneutral,0,0.60952,0.85365,0,,,massA=0.52 massB=0.333,after,0,0.0
p2,957,31,mixed,51,51,151,0.29,0.8586,3,False,A,allenai/OLMo-2-1124-7B-Instruct,fewshot,riskneutral,0,0.66367,0.93518,0,,,massA=0.621 massB=0.315,after,0,0.0
p2,583,19,gain,0,64,122,0.49,0.9341,1,False,A,allenai/OLMo-2-1124-7B-Instruct,fewshot,riskneutral,0,0.83548,0.89011,0,,,massA=0.744 massB=0.146,after,0,0.0
p2,43,1,gain,0,58,116,0.66,1.32,1,False,A,allenai/OLMo-2-1124-7B-Instruct,fewshot,riskneutral,0,0.99194,0.8777,0,,,massA=0.871 massB=0.00708,after,0,0.0
p2,617,20,gain,0,186,266,0.63,0.901,3,False,A,allenai/OLMo-2-1124-7B-Instruct,fewshot,riskneutral,0,0.92995,0.92997,0,,,massA=0.865 massB=0.0651,after,0,0.0
p2,1031,34,gain,0,52,96,0.63,1.1631,0,False,A,allenai/OLMo-2-1124-7B-Instruct,fewshot,riskneutral,0,0.92136,0.91597,0,,,massA=0.844 massB=0.072,after,0,0.0
p2,1065,35,gain,0,91,133,0.68,0.9938,2,False,A,allenai/OLMo-2-1124-7B-Instruct,fewshot,riskneutral,0,0.99218,0.97035,0,,,massA=0.963 massB=0.00758,after,0,0.0
p2,213,7,neutral,0,63,98,0.64,0.9956,1,False,A,allenai/OLMo-2-1124-7B-Instruct,fewshot,riskneutral,0,0.99823,0.67275,0,,,massA=0.672 massB=0.00119,after,0,0.0
p2,326,10,mixed,111,111,278,0.58,1.4526,3,True,B,allenai/OLMo-2-1124-7B-Instruct,fewshot,riskneutral,0,0.99774,0.9782,0,,,massA=0.00221 massB=0.976,after,0,0.0
p2,554,18,gain,0,41,61,0.58,0.8629,2,True,B,allenai/OLMo-2-1124-7B-Instruct,fewshot,riskneutral,0,0.94122,0.98365,0,,,massA=0.0578 massB=0.926,after,0,0.0
p2,457,15,neutral,0,82,113,0.74,1.0198,3,False,A,allenai/OLMo-2-1124-7B-Instruct,fewshot,riskneutral,0,0.93096,0.72344,0,,,massA=0.673 massB=0.0499,after,0,0.0
p2,1157,38,gain,0,183,609,0.38,1.2646,3,False,A,allenai/OLMo-2-1124-7B-Instruct,fewshot,riskneutral,0,0.34158,0.91416,0,,,massA=0.312 massB=0.602,after,0,0.0
p2,585,19,gain,0,64,122,0.49,0.9341,2,False,A,allenai/OLMo-2-1124-7B-Instruct,fewshot,riskneutral,0,0.98647,0.9759,0,,,massA=0.963 massB=0.0132,after,0,0.0
p2,1149,38,neutral,0,183,609,0.38,1.2646,4,False,A,allenai/OLMo-2-1124-7B-Instruct,fewshot,riskneutral,0,0.64779,0.5785,0,,,massA=0.375 massB=0.204,after,0,0.0
p2,1154,38,gain,0,183,609,0.38,1.2646,2,True,B,allenai/OLMo-2-1124-7B-Instruct,fewshot,riskneutral,0,0.99224,0.98023,0,,,massA=0.0076 massB=0.973,after,0,0.0
p2,483,16,neutral,0,139,234,0.6,1.0101,1,False,A,allenai/OLMo-2-1124-7B-Instruct,fewshot,riskneutral,0,0.9984,0.71436,0,,,massA=0.713 massB=0.00114,after,0,0.0
p2,962,32,neutral,0,131,236,0.57,1.0269,1,True,B,allenai/OLMo-2-1124-7B-Instruct,fewshot,riskneutral,0,0.99304,0.90534,0,,,massA=0.0063 massB=0.899,after,0,0.0
p2,603,20,neutral,0,186,266,0.63,0.901,1,False,A,allenai/OLMo-2-1124-7B-Instruct,fewshot,riskneutral,0,0.99692,0.72543,0,,,massA=0.723 massB=0.00223,after,0,0.0
p2,741,24,mixed,168,168,214,0.76,0.9681,0,False,A,allenai/OLMo-2-1124-7B-Instruct,fewshot,riskneutral,0,0.86247,0.89395,0,,,massA=0.771 massB=0.123,after,0,0.0
p2,674,22,gain,0,81,163,0.72,1.4489,2,True,B,allenai/OLMo-2-1124-7B-Instruct,fewshot,riskneutral,0,0.98698,0.98155,0,,,massA=0.0128 massB=0.969,after,0,0.0
p2,471,15,mixed,82,82,113,0.74,1.0198,0,False,A,allenai/OLMo-2-1124-7B-Instruct,fewshot,riskneutral,0,0.88404,0.92327,0,,,massA=0.816 massB=0.107,after,0,0.0
p2,1046,34,mixed,52,52,96,0.63,1.1631,3,True,B,allenai/OLMo-2-1124-7B-Instruct,fewshot,riskneutral,0,0.9957,0.97715,0,,,massA=0.0042 massB=0.973,after,0,0.0
p2,286,9,gain,0,49,153,0.26,0.8118,3,True,B,allenai/OLMo-2-1124-7B-Instruct,fewshot,riskneutral,0,0.99749,0.95786,0,,,massA=0.00241 massB=0.955,after,0,0.0
p2,1207,3,dominant,0,46,58,1.0,1.2609,0,False,A,allenai/OLMo-2-1124-7B-Instruct,fewshot,riskneutral,0,0.04535,0.97683,0,,,massA=0.0443 massB=0.933,after,0,0.0
p2,1139,37,mixed,151,151,252,0.68,1.1348,4,False,A,allenai/OLMo-2-1124-7B-Instruct,fewshot,riskneutral,0,0.96932,0.6482,0,,,massA=0.628 massB=0.0199,after,0,0.0
p2,1188,39,gain,0,178,567,0.32,1.0193,4,True,B,allenai/OLMo-2-1124-7B-Instruct,fewshot,riskneutral,0,0.99737,0.93875,0,,,massA=0.00247 massB=0.936,after,0,0.0
p2,1111,37,neutral,0,151,252,0.68,1.1348,0,False,A,allenai/OLMo-2-1124-7B-Instruct,fewshot,riskneutral,0,0.83973,0.87414,0,,,massA=0.734 massB=0.14,after,0,0.0
p2,1151,38,gain,0,183,609,0.38,1.2646,0,False,A,allenai/OLMo-2-1124-7B-Instruct,fewshot,riskneutral,0,0.75347,0.88736,0,,,massA=0.669 massB=0.219,after,0,0.0
p2,1255,27,dominant,0,166,204,1.0,1.2289,2,False,A,allenai/OLMo-2-1124-7B-Instruct,fewshot,riskneutral,0,0.45133,0.97637,0,,,massA=0.441 massB=0.536,after,0,0.0
p2,848,28,neutral,0,132,181,0.76,1.0421,4,True,B,allenai/OLMo-2-1124-7B-Instruct,fewshot,riskneutral,0,0.99894,0.91302,0,,,massA=0.000965 massB=0.912,after,0,0.0
p2,875,29,neutral,0,79,81,0.83,0.851,2,False,A,allenai/OLMo-2-1124-7B-Instruct,fewshot,riskneutral,0,0.99943,0.89154,0,,,massA=0.891 massB=0.000506,after,0,0.0
p2,544,18,neutral,0,41,61,0.58,0.8629,2,True,B,allenai/OLMo-2-1124-7B-Instruct,fewshot,riskneutral,0,0.99783,0.97719,0,,,massA=0.00212 massB=0.975,after,0,0.0
p2,584,19,gain,0,64,122,0.49,0.9341,2,True,B,allenai/OLMo-2-1124-7B-Instruct,fewshot,riskneutral,0,0.96909,0.98582,0,,,massA=0.0305 massB=0.955,after,0,0.0
p2,0,0,neutral,0,186,984,0.26,1.3755,0,True,B,allenai/OLMo-2-1124-7B-Instruct,fewshot,riskneutral,0,0.99829,0.91928,0,,,massA=0.00158 massB=0.918,after,0,0.0
p2,23,0,mixed,186,186,984,0.26,1.3755,1,False,A,allenai/OLMo-2-1124-7B-Instruct,fewshot,riskneutral,0,0.99066,0.88328,0,,,massA=0.875 massB=0.00825,after,0,0.0
p2,1081,36,neutral,0,98,227,0.47,1.0887,0,False,A,allenai/OLMo-2-1124-7B-Instruct,fewshot,riskneutral,0,0.67917,0.88976,0,,,massA=0.604 massB=0.285,after,0,0.0
p2,1016,33,mixed,142,142,446,0.53,1.6646,3,True,B,allenai/OLMo-2-1124-7B-Instruct,fewshot,riskneutral,0,0.99775,0.9792,0,,,massA=0.00221 massB=0.977,after,0,0.0
p2,776,25,mixed,124,124,207,0.76,1.2687,3,True,B,allenai/OLMo-2-1124-7B-Instruct,fewshot,riskneutral,0,0.99829,0.97234,0,,,massA=0.00166 massB=0.971,after,0,0.0
p2,1019,33,mixed,142,142,446,0.53,1.6646,4,False,A,allenai/OLMo-2-1124-7B-Instruct,fewshot,riskneutral,0,0.97262,0.73149,0,,,massA=0.711 massB=0.02,after,0,0.0
p2,659,21,mixed,106,106,206,0.73,1.4187,4,False,A,allenai/OLMo-2-1124-7B-Instruct,fewshot,riskneutral,0,0.97558,0.69038,0,,,massA=0.674 massB=0.0169,after,0,0.0
p2,735,24,gain,0,168,214,0.76,0.9681,2,False,A,allenai/OLMo-2-1124-7B-Instruct,fewshot,riskneutral,0,0.99863,0.98528,0,,,massA=0.984 massB=0.00135,after,0,0.0
p2,736,24,gain,0,168,214,0.76,0.9681,3,True,B,allenai/OLMo-2-1124-7B-Instruct,fewshot,riskneutral,0,0.99806,0.95146,0,,,massA=0.00185 massB=0.95,after,0,0.0
p2,329,10,mixed,111,111,278,0.58,1.4526,4,False,A,allenai/OLMo-2-1124-7B-Instruct,fewshot,riskneutral,0,0.95696,0.75807,0,,,massA=0.725 massB=0.0326,after,0,0.0
p2,786,26,neutral,0,59,151,0.36,0.9214,3,True,B,allenai/OLMo-2-1124-7B-Instruct,fewshot,riskneutral,0,0.99942,0.9714,0,,,massA=0.000561 massB=0.971,after,0,0.0
p2,743,24,mixed,168,168,214,0.76,0.9681,1,False,A,allenai/OLMo-2-1124-7B-Instruct,fewshot,riskneutral,0,0.99697,0.88945,0,,,massA=0.887 massB=0.00269,after,0,0.0
p2,548,18,neutral,0,41,61,0.58,0.8629,4,True,B,allenai/OLMo-2-1124-7B-Instruct,fewshot,riskneutral,0,0.9968,0.86568,0,,,massA=0.00277 massB=0.863,after,0,0.0
p2,81,2,mixed,162,162,661,0.26,1.0609,0,False,A,allenai/OLMo-2-1124-7B-Instruct,fewshot,riskneutral,0,0.87235,0.91058,0,,,massA=0.794 massB=0.116,after,0,0.0
p2,404,13,gain,0,72,88,0.64,0.7822,2,True,B,allenai/OLMo-2-1124-7B-Instruct,fewshot,riskneutral,0,0.95078,0.9842,0,,,massA=0.0484 massB=0.936,after,0,0.0
p2,312,10,gain,0,111,278,0.58,1.4526,1,True,B,allenai/OLMo-2-1124-7B-Instruct,fewshot,riskneutral,0,0.92684,0.90981,0,,,massA=0.0666 massB=0.843,after,0,0.0
p2,1007,33,gain,0,142,446,0.53,1.6646,3,False,A,allenai/OLMo-2-1124-7B-Instruct,fewshot,riskneutral,0,0.14805,0.92442,0,,,massA=0.137 massB=0.788,after,0,0.0
p2,769,25,gain,0,124,207,0.76,1.2687,4,False,A,allenai/OLMo-2-1124-7B-Instruct,fewshot,riskneutral,0,0.96459,0.62894,0,,,massA=0.607 massB=0.0223,after,0,0.0
p2,1191,39,mixed,178,178,567,0.32,1.0193,0,False,A,allenai/OLMo-2-1124-7B-Instruct,fewshot,riskneutral,0,0.85872,0.91713,0,,,massA=0.788 massB=0.13,after,0,0.0
p2,170,5,mixed,162,162,381,0.46,1.0819,0,True,B,allenai/OLMo-2-1124-7B-Instruct,fewshot,riskneutral,0,0.99271,0.96262,0,,,massA=0.00702 massB=0.956,after,0,0.0
p2,590,19,mixed,64,64,122,0.49,0.9341,0,True,B,allenai/OLMo-2-1124-7B-Instruct,fewshot,riskneutral,0,0.99087,0.97429,0,,,massA=0.00889 massB=0.965,after,0,0.0
p2,481,16,neutral,0,139,234,0.6,1.0101,0,False,A,allenai/OLMo-2-1124-7B-Instruct,fewshot,riskneutral,0,0.84182,0.85591,0,,,massA=0.721 massB=0.135,after,0,0.0
p2,1216,8,dominant,0,62,121,1.0,1.9516,2,True,B,allenai/OLMo-2-1124-7B-Instruct,fewshot,riskneutral,0,0.99913,0.99268,0,,,massA=0.000863 massB=0.992,after,0,0.0
p2,438,14,gain,0,81,201,0.68,1.6874,4,True,B,allenai/OLMo-2-1124-7B-Instruct,fewshot,riskneutral,0,0.99702,0.92159,0,,,massA=0.00275 massB=0.919,after,0,0.0
p2,149,4,mixed,29,29,71,0.55,1.3466,4,False,A,allenai/OLMo-2-1124-7B-Instruct,fewshot,riskneutral,0,0.93096,0.69066,0,,,massA=0.643 massB=0.0477,after,0,0.0
p2,1259,29,dominant,0,79,118,1.0,1.4937,1,False,A,allenai/OLMo-2-1124-7B-Instruct,fewshot,riskneutral,0,0.66366,0.95151,0,,,massA=0.631 massB=0.32,after,0,0.0
p2,250,8,gain,0,62,263,0.33,1.3998,0,True,B,allenai/OLMo-2-1124-7B-Instruct,fewshot,riskneutral,0,0.98867,0.92453,0,,,massA=0.0105 massB=0.914,after,0,0.0
p2,366,12,neutral,0,164,541,0.38,1.2535,3,True,B,allenai/OLMo-2-1124-7B-Instruct,fewshot,riskneutral,0,0.9996,0.95584,0,,,massA=0.000382 massB=0.955,after,0,0.0
p2,1104,36,mixed,98,98,227,0.47,1.0887,2,True,B,allenai/OLMo-2-1124-7B-Instruct,fewshot,riskneutral,0,0.99115,0.98788,0,,,massA=0.00874 massB=0.979,after,0,0.0
p2,958,31,mixed,51,51,151,0.29,0.8586,4,True,B,allenai/OLMo-2-1124-7B-Instruct,fewshot,riskneutral,0,0.98188,0.80739,0,,,massA=0.0146 massB=0.793,after,0,0.0
p2,225,7,gain,0,63,98,0.64,0.9956,2,False,A,allenai/OLMo-2-1124-7B-Instruct,fewshot,riskneutral,0,0.99891,0.98483,0,,,massA=0.984 massB=0.00107,after,0,0.0
p2,1063,35,gain,0,91,133,0.68,0.9938,1,False,A,allenai/OLMo-2-1124-7B-Instruct,fewshot,riskneutral,0,0.97919,0.84522,0,,,massA=0.828 massB=0.0176,after,0,0.0
p2,1054,35,neutral,0,91,133,0.68,0.9938,2,True,B,allenai/OLMo-2-1124-7B-Instruct,fewshot,riskneutral,0,0.99962,0.97652,0,,,massA=0.000367 massB=0.976,after,0,0.0
p2,551,18,gain,0,41,61,0.58,0.8629,0,False,A,allenai/OLMo-2-1124-7B-Instruct,fewshot,riskneutral,0,0.92683,0.85724,0,,,massA=0.795 massB=0.0627,after,0,0.0
p2,706,23,gain,0,91,626,0.23,1.5822,3,True,B,allenai/OLMo-2-1124-7B-Instruct,fewshot,riskneutral,0,0.99895,0.97363,0,,,massA=0.00102 massB=0.973,after,0,0.0
p2,1226,13,dominant,0,72,119,1.0,1.6528,4,True,B,allenai/OLMo-2-1124-7B-Instruct,fewshot,riskneutral,0,0.9979,0.97604,0,,,massA=0.00205 massB=0.974,after,0,0.0
p2,1238,19,dominant,0,64,91,1.0,1.4219,3,True,B,allenai/OLMo-2-1124-7B-Instruct,fewshot,riskneutral,0,0.99059,0.94311,0,,,massA=0.00888 massB=0.934,after,0,0.0
p2,1024,34,neutral,0,52,96,0.63,1.1631,2,True,B,allenai/OLMo-2-1124-7B-Instruct,fewshot,riskneutral,0,0.99959,0.9862,0,,,massA=0.000407 massB=0.986,after,0,0.0
p2,948,31,gain,0,51,151,0.29,0.8586,4,True,B,allenai/OLMo-2-1124-7B-Instruct,fewshot,riskneutral,0,0.99457,0.94512,0,,,massA=0.00513 massB=0.94,after,0,0.0
p2,180,6,neutral,0,94,101,0.71,0.7629,0,True,B,allenai/OLMo-2-1124-7B-Instruct,fewshot,riskneutral,0,0.99697,0.90458,0,,,massA=0.00274 massB=0.902,after,0,0.0
p2,1070,35,mixed,91,91,133,0.68,0.9938,0,True,B,allenai/OLMo-2-1124-7B-Instruct,fewshot,riskneutral,0,0.9931,0.96108,0,,,massA=0.00664 massB=0.954,after,0,0.0
p2,1123,37,gain,0,151,252,0.68,1.1348,1,False,A,allenai/OLMo-2-1124-7B-Instruct,fewshot,riskneutral,0,0.99066,0.86257,0,,,massA=0.855 massB=0.00806,after,0,0.0
p2,668,22,neutral,0,81,163,0.72,1.4489,4,True,B,allenai/OLMo-2-1124-7B-Instruct,fewshot,riskneutral,0,0.99854,0.80682,0,,,massA=0.00117 massB=0.806,after,0,0.0
p2,1112,37,neutral,0,151,252,0.68,1.1348,1,True,B,allenai/OLMo-2-1124-7B-Instruct,fewshot,riskneutral,0,0.99044,0.84264,0,,,massA=0.00805 massB=0.835,after,0,0.0
p2,1272,36,dominant,0,98,155,1.0,1.5816,1,True,B,allenai/OLMo-2-1124-7B-Instruct,fewshot,riskneutral,0,0.97613,0.97526,0,,,massA=0.0233 massB=0.952,after,0,0.0
p2,567,18,mixed,41,41,61,0.58,0.8629,3,False,A,allenai/OLMo-2-1124-7B-Instruct,fewshot,riskneutral,0,0.38122,0.93495,0,,,massA=0.356 massB=0.579,after,0,0.0
p2,1109,36,mixed,98,98,227,0.47,1.0887,4,False,A,allenai/OLMo-2-1124-7B-Instruct,fewshot,riskneutral,0,0.93767,0.67665,0,,,massA=0.634 massB=0.0422,after,0,0.0
p2,826,27,gain,0,166,433,0.53,1.3825,3,True,B,allenai/OLMo-2-1124-7B-Instruct,fewshot,riskneutral,0,0.99885,0.95567,0,,,massA=0.0011 massB=0.955,after,0,0.0
p2,37,1,neutral,0,58,116,0.66,1.32,3,False,A,allenai/OLMo-2-1124-7B-Instruct,fewshot,riskneutral,0,0.88404,0.75857,0,,,massA=0.671 massB=0.088,after,0,0.0
p2,192,6,gain,0,94,101,0.71,0.7629,1,True,B,allenai/OLMo-2-1124-7B-Instruct,fewshot,riskneutral,0,0.92737,0.93464,0,,,massA=0.0679 massB=0.867,after,0,0.0
p2,1009,33,gain,0,142,446,0.53,1.6646,4,False,A,allenai/OLMo-2-1124-7B-Instruct,fewshot,riskneutral,0,0.50976,0.73961,0,,,massA=0.377 massB=0.363,after,0,0.0
p2,1229,14,dominant,0,81,135,1.0,1.6667,1,False,A,allenai/OLMo-2-1124-7B-Instruct,fewshot,riskneutral,0,0.6334,0.95615,0,,,massA=0.606 massB=0.351,after,0,0.0
p2,6,0,neutral,0,186,984,0.26,1.3755,3,True,B,allenai/OLMo-2-1124-7B-Instruct,fewshot,riskneutral,0,0.99911,0.93673,0,,,massA=0.000834 massB=0.936,after,0,0.0
p2,1183,39,gain,0,178,567,0.32,1.0193,1,False,A,allenai/OLMo-2-1124-7B-Instruct,fewshot,riskneutral,0,0.76629,0.87247,0,,,massA=0.669 massB=0.204,after,0,0.0
p2,61,2,neutral,0,162,661,0.26,1.0609,0,False,A,allenai/OLMo-2-1124-7B-Instruct,fewshot,riskneutral,0,0.79692,0.83498,0,,,massA=0.665 massB=0.17,after,0,0.0
p2,555,18,gain,0,41,61,0.58,0.8629,2,False,A,allenai/OLMo-2-1124-7B-Instruct,fewshot,riskneutral,0,0.99768,0.97789,0,,,massA=0.976 massB=0.00227,after,0,0.0
p2,979,32,gain,0,131,236,0.57,1.0269,4,False,A,allenai/OLMo-2-1124-7B-Instruct,fewshot,riskneutral,0,0.91118,0.6486,0,,,massA=0.591 massB=0.0576,after,0,0.0
p2,530,17,mixed,117,117,362,0.42,1.2995,0,True,B,allenai/OLMo-2-1124-7B-Instruct,fewshot,riskneutral,0,0.99218,0.96474,0,,,massA=0.00754 massB=0.957,after,0,0.0
p2,1091,36,gain,0,98,227,0.47,1.0887,0,False,A,allenai/OLMo-2-1124-7B-Instruct,fewshot,riskneutral,0,0.7074,0.88602,0,,,massA=0.627 massB=0.259,after,0,0.0
p2,414,13,mixed,72,72,88,0.64,0.7822,2,True,B,allenai/OLMo-2-1124-7B-Instruct,fewshot,riskneutral,0,0.97649,0.98251,0,,,massA=0.0231 massB=0.959,after,0,0.0
p2,1165,38,mixed,183,183,609,0.38,1.2646,2,False,A,allenai/OLMo-2-1124-7B-Instruct,fewshot,riskneutral,0,0.99423,0.97725,0,,,massA=0.972 massB=0.00564,after,0,0.0
p2,311,10,gain,0,111,278,0.58,1.4526,0,False,A,allenai/OLMo-2-1124-7B-Instruct,fewshot,riskneutral,0,0.89697,0.87449,0,,,massA=0.784 massB=0.0901,after,0,0.0
p2,665,22,neutral,0,81,163,0.72,1.4489,2,False,A,allenai/OLMo-2-1124-7B-Instruct,fewshot,riskneutral,0,0.99846,0.82222,0,,,massA=0.821 massB=0.00126,after,0,0.0
p2,963,32,neutral,0,131,236,0.57,1.0269,1,False,A,allenai/OLMo-2-1124-7B-Instruct,fewshot,riskneutral,0,0.99751,0.6466,0,,,massA=0.645 massB=0.00161,after,0,0.0
p2,396,13,neutral,0,72,88,0.64,0.7822,3,True,B,allenai/OLMo-2-1124-7B-Instruct,fewshot,riskneutral,0,0.9995,0.96764,0,,,massA=0.000483 massB=0.967,after,0,0.0
p2,462,15,gain,0,82,113,0.74,1.0198,1,True,B,allenai/OLMo-2-1124-7B-Instruct,fewshot,riskneutral,0,0.92577,0.93045,0,,,massA=0.0691 massB=0.861,after,0,0.0
p2,719,23,mixed,91,91,626,0.23,1.5822,4,False,A,allenai/OLMo-2-1124-7B-Instruct,fewshot,riskneutral,0,0.94777,0.7246,0,,,massA=0.687 massB=0.0378,after,0,0.0
p2,219,7,neutral,0,63,98,0.64,0.9956,4,False,A,allenai/OLMo-2-1124-7B-Instruct,fewshot,riskneutral,0,0.95759,0.21593,0,,,massA=0.207 massB=0.00916,after,0,0.0
p2,30,1,neutral,0,58,116,0.66,1.32,0,True,B,allenai/OLMo-2-1124-7B-Instruct,fewshot,riskneutral,0,0.99819,0.93549,0,,,massA=0.00169 massB=0.934,after,0,0.0
p2,767,25,gain,0,124,207,0.76,1.2687,3,False,A,allenai/OLMo-2-1124-7B-Instruct,fewshot,riskneutral,0,0.87579,0.88926,0,,,massA=0.779 massB=0.11,after,0,0.0
p2,359,11,mixed,54,54,68,0.81,1.02,4,False,A,allenai/OLMo-2-1124-7B-Instruct,fewshot,riskneutral,0,0.85585,0.59391,0,,,massA=0.508 massB=0.0856,after,0,0.0
p2,101,3,gain,0,46,158,0.33,1.1335,0,False,A,allenai/OLMo-2-1124-7B-Instruct,fewshot,riskneutral,0,0.9149,0.87607,0,,,massA=0.802 massB=0.0746,after,0,0.0
p2,364,12,neutral,0,164,541,0.38,1.2535,2,True,B,allenai/OLMo-2-1124-7B-Instruct,fewshot,riskneutral,0,0.99942,0.95967,0,,,massA=0.000558 massB=0.959,after,0,0.0
p2,558,18,gain,0,41,61,0.58,0.8629,4,True,B,allenai/OLMo-2-1124-7B-Instruct,fewshot,riskneutral,0,0.99006,0.93702,0,,,massA=0.00931 massB=0.928,after,0,0.0
p2,1096,36,gain,0,98,227,0.47,1.0887,3,True,B,allenai/OLMo-2-1124-7B-Instruct,fewshot,riskneutral,0,0.99872,0.96888,0,,,massA=0.00124 massB=0.968,after,0,0.0
p2,502,16,mixed,139,139,234,0.6,1.0101,1,True,B,allenai/OLMo-2-1124-7B-Instruct,fewshot,riskneutral,0,0.98256,0.94951,0,,,massA=0.0166 massB=0.933,after,0,0.0
p2,862,28,mixed,132,132,181,0.76,1.0421,1,True,B,allenai/OLMo-2-1124-7B-Instruct,fewshot,riskneutral,0,0.98738,0.94933,0,,,massA=0.012 massB=0.937,after,0,0.0
p2,422,14,neutral,0,81,201,0.68,1.6874,1,True,B,allenai/OLMo-2-1124-7B-Instruct,fewshot,riskneutral,0,0.99088,0.84513,0,,,massA=0.00771 massB=0.837,after,0,0.0
p2,713,23,mixed,91,91,626,0.23,1.5822,1,False,A,allenai/OLMo-2-1124-7B-Instruct,fewshot,riskneutral,0,0.98991,0.92071,0,,,massA=0.911 massB=0.00929,after,0,0.0
p2,1058,35,neutral,0,91,133,0.68,0.9938,4,True,B,allenai/OLMo-2-1124-7B-Instruct,fewshot,riskneutral,0,0.99867,0.87071,0,,,massA=0.00115 massB=0.87,after,0,0.0
p2,840,28,neutral,0,132,181,0.76,1.0421,0,True,B,allenai/OLMo-2-1124-7B-Instruct,fewshot,riskneutral,0,0.99822,0.94705,0,,,massA=0.00169 massB=0.945,after,0,0.0
p2,648,21,gain,0,106,206,0.73,1.4187,4,True,B,allenai/OLMo-2-1124-7B-Instruct,fewshot,riskneutral,0,0.99524,0.94527,0,,,massA=0.00449 massB=0.941,after,0,0.0
p2,75,2,gain,0,162,661,0.26,1.0609,2,False,A,allenai/OLMo-2-1124-7B-Instruct,fewshot,riskneutral,0,0.97156,0.97716,0,,,massA=0.949 massB=0.0278,after,0,0.0
p2,1176,39,neutral,0,178,567,0.32,1.0193,3,True,B,allenai/OLMo-2-1124-7B-Instruct,fewshot,riskneutral,0,0.9996,0.96346,0,,,massA=0.000385 massB=0.963,after,0,0.0
p2,494,16,gain,0,139,234,0.6,1.0101,2,True,B,allenai/OLMo-2-1124-7B-Instruct,fewshot,riskneutral,0,0.98831,0.97833,0,,,massA=0.0114 massB=0.967,after,0,0.0
p2,239,7,mixed,63,63,98,0.64,0.9956,4,False,A,allenai/OLMo-2-1124-7B-Instruct,fewshot,riskneutral,0,0.9149,0.60496,0,,,massA=0.553 massB=0.0515,after,0,0.0
p2,375,12,gain,0,164,541,0.38,1.2535,2,False,A,allenai/OLMo-2-1124-7B-Instruct,fewshot,riskneutral,0,0.99236,0.97766,0,,,massA=0.97 massB=0.00747,after,0,0.0
p2,669,22,neutral,0,81,163,0.72,1.4489,4,False,A,allenai/OLMo-2-1124-7B-Instruct,fewshot,riskneutral,0,0.94459,0.36745,0,,,massA=0.347 massB=0.0204,after,0,0.0
p2,935,31,neutral,0,51,151,0.29,0.8586,2,False,A,allenai/OLMo-2-1124-7B-Instruct,fewshot,riskneutral,0,0.99224,0.85538,0,,,massA=0.849 massB=0.00663,after,0,0.0
p2,456,15,neutral,0,82,113,0.74,1.0198,3,True,B,allenai/OLMo-2-1124-7B-Instruct,fewshot,riskneutral,0,0.99974,0.98072,0,,,massA=0.00025 massB=0.98,after,0,0.0
p2,128,4,neutral,0,29,71,0.55,1.3466,4,True,B,allenai/OLMo-2-1124-7B-Instruct,fewshot,riskneutral,0,0.99718,0.79332,0,,,massA=0.00224 massB=0.791,after,0,0.0
p2,599,19,mixed,64,64,122,0.49,0.9341,4,False,A,allenai/OLMo-2-1124-7B-Instruct,fewshot,riskneutral,0,0.88484,0.65856,0,,,massA=0.583 massB=0.0758,after,0,0.0
p2,597,19,mixed,64,64,122,0.49,0.9341,3,False,A,allenai/OLMo-2-1124-7B-Instruct,fewshot,riskneutral,0,0.65842,0.93852,0,,,massA=0.618 massB=0.321,after,0,0.0
p2,515,17,neutral,0,117,362,0.42,1.2995,2,False,A,allenai/OLMo-2-1124-7B-Instruct,fewshot,riskneutral,0,0.97649,0.88605,0,,,massA=0.865 massB=0.0208,after,0,0.0
p2,240,8,neutral,0,62,263,0.33,1.3998,0,True,B,allenai/OLMo-2-1124-7B-Instruct,fewshot,riskneutral,0,0.99632,0.91108,0,,,massA=0.00335 massB=0.908,after,0,0.0
p2,2,0,neutral,0,186,984,0.26,1.3755,1,True,B,allenai/OLMo-2-1124-7B-Instruct,fewshot,riskneutral,0,0.95697,0.54017,0,,,massA=0.0232 massB=0.517,after,0,0.0
p2,1039,34,gain,0,52,96,0.63,1.1631,4,False,A,allenai/OLMo-2-1124-7B-Instruct,fewshot,riskneutral,0,0.9454,0.72696,0,,,massA=0.687 massB=0.0397,after,0,0.0
p2,930,31,neutral,0,51,151,0.29,0.8586,0,True,B,allenai/OLMo-2-1124-7B-Instruct,fewshot,riskneutral,0,0.99563,0.93417,0,,,massA=0.00408 massB=0.93,after,0,0.0
p2,703,23,gain,0,91,626,0.23,1.5822,1,False,A,allenai/OLMo-2-1124-7B-Instruct,fewshot,riskneutral,0,0.76489,0.84097,0,,,massA=0.643 massB=0.198,after,0,0.0
p2,988,32,mixed,131,131,236,0.57,1.0269,4,True,B,allenai/OLMo-2-1124-7B-Instruct,fewshot,riskneutral,0,0.98849,0.80589,0,,,massA=0.00927 massB=0.797,after,0,0.0
p2,428,14,neutral,0,81,201,0.68,1.6874,4,True,B,allenai/OLMo-2-1124-7B-Instruct,fewshot,riskneutral,0,0.99909,0.85623,0,,,massA=0.00078 massB=0.855,after,0,0.0
p2,237,7,mixed,63,63,98,0.64,0.9956,3,False,A,allenai/OLMo-2-1124-7B-Instruct,fewshot,riskneutral,0,0.73716,0.93477,0,,,massA=0.689 massB=0.246,after,0,0.0
p2,455,15,neutral,0,82,113,0.74,1.0198,2,False,A,allenai/OLMo-2-1124-7B-Instruct,fewshot,riskneutral,0,0.9991,0.80099,0,,,massA=0.8 massB=0.000721,after,0,0.0
p2,158,5,neutral,0,162,381,0.46,1.0819,4,True,B,allenai/OLMo-2-1124-7B-Instruct,fewshot,riskneutral,0,0.99657,0.78493,0,,,massA=0.00269 massB=0.782,after,0,0.0
p2,1080,36,neutral,0,98,227,0.47,1.0887,0,True,B,allenai/OLMo-2-1124-7B-Instruct,fewshot,riskneutral,0,0.99749,0.92581,0,,,massA=0.00233 massB=0.923,after,0,0.0
p2,759,25,neutral,0,124,207,0.76,1.2687,4,False,A,allenai/OLMo-2-1124-7B-Instruct,fewshot,riskneutral,0,0.96182,0.39008,0,,,massA=0.375 massB=0.0149,after,0,0.0
p2,745,24,mixed,168,168,214,0.76,0.9681,2,False,A,allenai/OLMo-2-1124-7B-Instruct,fewshot,riskneutral,0,0.99683,0.97499,0,,,massA=0.972 massB=0.00309,after,0,0.0
p2,1113,37,neutral,0,151,252,0.68,1.1348,1,False,A,allenai/OLMo-2-1124-7B-Instruct,fewshot,riskneutral,0,0.99819,0.62392,0,,,massA=0.623 massB=0.00113,after,0,0.0
p2,564,18,mixed,41,41,61,0.58,0.8629,2,True,B,allenai/OLMo-2-1124-7B-Instruct,fewshot,riskneutral,0,0.95431,0.98318,0,,,massA=0.0449 massB=0.938,after,0,0.0
p2,616,20,gain,0,186,266,0.63,0.901,3,True,B,allenai/OLMo-2-1124-7B-Instruct,fewshot,riskneutral,0,0.99807,0.95628,0,,,massA=0.00184 massB=0.954,after,0,0.0
p2,168,5,gain,0,162,381,0.46,1.0819,4,True,B,allenai/OLMo-2-1124-7B-Instruct,fewshot,riskneutral,0,0.99654,0.94031,0,,,massA=0.00325 massB=0.937,after,0,0.0
p2,771,25,mixed,124,124,207,0.76,1.2687,0,False,A,allenai/OLMo-2-1124-7B-Instruct,fewshot,riskneutral,0,0.93096,0.89101,0,,,massA=0.83 massB=0.0615,after,0,0.0
p2,950,31,mixed,51,51,151,0.29,0.8586,0,True,B,allenai/OLMo-2-1124-7B-Instruct,fewshot,riskneutral,0,0.99066,0.97414,0,,,massA=0.0091 massB=0.965,after,0,0.0
p2,389,12,mixed,164,164,541,0.38,1.2535,4,False,A,allenai/OLMo-2-1124-7B-Instruct,fewshot,riskneutral,0,0.95257,0.71026,0,,,massA=0.677 massB=0.0337,after,0,0.0
p2,834,27,mixed,166,166,433,0.53,1.3825,2,True,B,allenai/OLMo-2-1124-7B-Instruct,fewshot,riskneutral,0,0.99331,0.98836,0,,,massA=0.00661 massB=0.982,after,0,0.0
p2,800,26,mixed,59,59,151,0.36,0.9214,0,True,B,allenai/OLMo-2-1124-7B-Instruct,fewshot,riskneutral,0,0.99175,0.9764,0,,,massA=0.00806 massB=0.968,after,0,0.0
p2,566,18,mixed,41,41,61,0.58,0.8629,3,True,B,allenai/OLMo-2-1124-7B-Instruct,fewshot,riskneutral,0,0.99371,0.96798,0,,,massA=0.00609 massB=0.962,after,0,0.0
p2,803,26,mixed,59,59,151,0.36,0.9214,1,False,A,allenai/OLMo-2-1124-7B-Instruct,fewshot,riskneutral,0,0.92136,0.91251,0,,,massA=0.841 massB=0.0718,after,0,0.0
p2,1045,34,mixed,52,52,96,0.63,1.1631,2,False,A,allenai/OLMo-2-1124-7B-Instruct,fewshot,riskneutral,0,0.99478,0.97658,0,,,massA=0.971 massB=0.0051,after,0,0.0
p2,637,21,neutral,0,106,206,0.73,1.4187,3,False,A,allenai/OLMo-2-1124-7B-Instruct,fewshot,riskneutral,0,0.91244,0.75024,0,,,massA=0.685 massB=0.0657,after,0,0.0
p2,934,31,neutral,0,51,151,0.29,0.8586,2,True,B,allenai/OLMo-2-1124-7B-Instruct,fewshot,riskneutral,0,0.99875,0.97483,0,,,massA=0.00122 massB=0.974,after,0,0.0
p2,1267,33,dominant,0,142,179,1.0,1.2606,2,False,A,allenai/OLMo-2-1124-7B-Instruct,fewshot,riskneutral,0,0.2814,0.97905,0,,,massA=0.276 massB=0.704,after,0,0.0
p2,93,3,neutral,0,46,158,0.33,1.1335,1,False,A,allenai/OLMo-2-1124-7B-Instruct,fewshot,riskneutral,0,0.97702,0.8314,0,,,massA=0.812 massB=0.0191,after,0,0.0
p2,1240,20,dominant,0,186,229,1.0,1.2312,0,True,B,allenai/OLMo-2-1124-7B-Instruct,fewshot,riskneutral,0,0.9855,0.96881,0,,,massA=0.0141 massB=0.955,after,0,0.0
p2,97,3,neutral,0,46,158,0.33,1.1335,3,False,A,allenai/OLMo-2-1124-7B-Instruct,fewshot,riskneutral,0,0.61508,0.75566,0,,,massA=0.465 massB=0.291,after,0,0.0
p2,1218,9,dominant,0,49,82,1.0,1.6735,1,True,B,allenai/OLMo-2-1124-7B-Instruct,fewshot,riskneutral,0,0.97463,0.98569,0,,,massA=0.025 massB=0.961,after,0,0.0
p2,699,23,neutral,0,91,626,0.23,1.5822,4,False,A,allenai/OLMo-2-1124-7B-Instruct,fewshot,riskneutral,0,0.65489,0.36048,0,,,massA=0.236 massB=0.124,after,0,0.0
p2,864,28,mixed,132,132,181,0.76,1.0421,2,True,B,allenai/OLMo-2-1124-7B-Instruct,fewshot,riskneutral,0,0.99087,0.98618,0,,,massA=0.009 massB=0.977,after,0,0.0
p2,293,9,mixed,49,49,153,0.26,0.8118,1,False,A,allenai/OLMo-2-1124-7B-Instruct,fewshot,riskneutral,0,0.9515,0.8994,0,,,massA=0.856 massB=0.0436,after,0,0.0
p2,973,32,gain,0,131,236,0.57,1.0269,1,False,A,allenai/OLMo-2-1124-7B-Instruct,fewshot,riskneutral,0,0.97935,0.87397,0,,,massA=0.856 massB=0.018,after,0,0.0
p2,720,24,neutral,0,168,214,0.76,0.9681,0,True,B,allenai/OLMo-2-1124-7B-Instruct,fewshot,riskneutral,0,0.99849,0.95275,0,,,massA=0.00144 massB=0.951,after,0,0.0
p2,851,28,gain,0,132,181,0.76,1.0421,0,False,A,allenai/OLMo-2-1124-7B-Instruct,fewshot,riskneutral,0,0.92577,0.91235,0,,,massA=0.845 massB=0.0677,after,0,0.0
p2,340,11,gain,0,54,68,0.81,1.02,0,True,B,allenai/OLMo-2-1124-7B-Instruct,fewshot,riskneutral,0,0.96886,0.90099,0,,,massA=0.0281 massB=0.873,after,0,0.0
p2,1250,25,dominant,0,124,182,1.0,1.4677,0,True,B,allenai/OLMo-2-1124-7B-Instruct,fewshot,riskneutral,0,0.98991,0.97024,0,,,massA=0.00979 massB=0.96,after,0,0.0
p2,142,4,mixed,29,29,71,0.55,1.3466,1,True,B,allenai/OLMo-2-1124-7B-Instruct,fewshot,riskneutral,0,0.98728,0.95712,0,,,massA=0.0122 massB=0.945,after,0,0.0
p2,421,14,neutral,0,81,201,0.68,1.6874,0,False,A,allenai/OLMo-2-1124-7B-Instruct,fewshot,riskneutral,0,0.7931,0.86947,0,,,massA=0.69 massB=0.18,after,0,0.0
p2,73,2,gain,0,162,661,0.26,1.0609,1,False,A,allenai/OLMo-2-1124-7B-Instruct,fewshot,riskneutral,0,0.72797,0.87433,0,,,massA=0.636 massB=0.238,after,0,0.0
p2,882,29,gain,0,79,81,0.83,0.851,1,True,B,allenai/OLMo-2-1124-7B-Instruct,fewshot,riskneutral,0,0.76909,0.87763,0,,,massA=0.203 massB=0.675,after,0,0.0
p2,532,17,mixed,117,117,362,0.42,1.2995,1,True,B,allenai/OLMo-2-1124-7B-Instruct,fewshot,riskneutral,0,0.98073,0.95876,0,,,massA=0.0185 massB=0.94,after,0,0.0
p2,947,31,gain,0,51,151,0.29,0.8586,3,False,A,allenai/OLMo-2-1124-7B-Instruct,fewshot,riskneutral,0,0.49219,0.86321,0,,,massA=0.425 massB=0.438,after,0,0.0
p2,1017,33,mixed,142,142,446,0.53,1.6646,3,False,A,allenai/OLMo-2-1124-7B-Instruct,fewshot,riskneutral,0,0.77865,0.93965,0,,,massA=0.732 massB=0.208,after,0,0.0
p2,324,10,mixed,111,111,278,0.58,1.4526,2,True,B,allenai/OLMo-2-1124-7B-Instruct,fewshot,riskneutral,0,0.98876,0.98499,0,,,massA=0.0111 massB=0.974,after,0,0.0
p2,828,27,gain,0,166,433,0.53,1.3825,4,True,B,allenai/OLMo-2-1124-7B-Instruct,fewshot,riskneutral,0,0.99739,0.93924,0,,,massA=0.00245 massB=0.937,after,0,0.0
p2,760,25,gain,0,124,207,0.76,1.2687,0,True,B,allenai/OLMo-2-1124-7B-Instruct,fewshot,riskneutral,0,0.98822,0.8971,0,,,massA=0.0106 massB=0.887,after,0,0.0
p2,355,11,mixed,54,54,68,0.81,1.02,2,False,A,allenai/OLMo-2-1124-7B-Instruct,fewshot,riskneutral,0,0.97649,0.96711,0,,,massA=0.944 massB=0.0227,after,0,0.0
p2,448,14,mixed,81,81,201,0.68,1.6874,4,True,B,allenai/OLMo-2-1124-7B-Instruct,fewshot,riskneutral,0,0.98804,0.81081,0,,,massA=0.0097 massB=0.801,after,0,0.0
p2,299,9,mixed,49,49,153,0.26,0.8118,4,False,A,allenai/OLMo-2-1124-7B-Instruct,fewshot,riskneutral,0,0.90926,0.71346,0,,,massA=0.649 massB=0.0647,after,0,0.0
p2,1279,39,dominant,0,178,205,1.0,1.1517,2,False,A,allenai/OLMo-2-1124-7B-Instruct,fewshot,riskneutral,0,0.5851,0.97831,0,,,massA=0.572 massB=0.406,after,0,0.0
p2,520,17,gain,0,117,362,0.42,1.2995,0,True,B,allenai/OLMo-2-1124-7B-Instruct,fewshot,riskneutral,0,0.98088,0.8964,0,,,massA=0.0171 massB=0.879,after,0,0.0
p2,123,4,neutral,0,29,71,0.55,1.3466,1,False,A,allenai/OLMo-2-1124-7B-Instruct,fewshot,riskneutral,0,0.97558,0.661,0,,,massA=0.645 massB=0.0161,after,0,0.0
p2,785,26,neutral,0,59,151,0.36,0.9214,2,False,A,allenai/OLMo-2-1124-7B-Instruct,fewshot,riskneutral,0,0.99277,0.84291,0,,,massA=0.837 massB=0.0061,after,0,0.0
p2,1005,33,gain,0,142,446,0.53,1.6646,2,False,A,allenai/OLMo-2-1124-7B-Instruct,fewshot,riskneutral,0,0.98943,0.97944,0,,,massA=0.969 massB=0.0104,after,0,0.0
p2,316,10,gain,0,111,278,0.58,1.4526,3,True,B,allenai/OLMo-2-1124-7B-Instruct,fewshot,riskneutral,0,0.99882,0.96175,0,,,massA=0.00113 massB=0.961,after,0,0.0
p2,553,18,gain,0,41,61,0.58,0.8629,1,False,A,allenai/OLMo-2-1124-7B-Instruct,fewshot,riskneutral,0,0.97903,0.88819,0,,,massA=0.87 massB=0.0186,after,0,0.0
p2,1146,38,neutral,0,183,609,0.38,1.2646,3,True,B,allenai/OLMo-2-1124-7B-Instruct,fewshot,riskneutral,0,0.99958,0.94637,0,,,massA=0.0004 massB=0.946,after,0,0.0
p2,534,17,mixed,117,117,362,0.42,1.2995,2,True,B,allenai/OLMo-2-1124-7B-Instruct,fewshot,riskneutral,0,0.98594,0.98568,0,,,massA=0.0139 massB=0.972,after,0,0.0
p2,924,30,mixed,149,149,447,0.26,0.78,2,True,B,allenai/OLMo-2-1124-7B-Instruct,fewshot,riskneutral,0,0.97822,0.98346,0,,,massA=0.0214 massB=0.962,after,0,0.0
p2,921,30,mixed,149,149,447,0.26,0.78,0,False,A,allenai/OLMo-2-1124-7B-Instruct,fewshot,riskneutral,0,0.85391,0.91078,0,,,massA=0.778 massB=0.133,after,0,0.0
p2,437,14,gain,0,81,201,0.68,1.6874,3,False,A,allenai/OLMo-2-1124-7B-Instruct,fewshot,riskneutral,0,0.79182,0.82814,0,,,massA=0.656 massB=0.172,after,0,0.0
p2,74,2,gain,0,162,661,0.26,1.0609,2,True,B,allenai/OLMo-2-1124-7B-Instruct,fewshot,riskneutral,0,0.98309,0.98057,0,,,massA=0.0166 massB=0.964,after,0,0.0
p2,853,28,gain,0,132,181,0.76,1.0421,1,False,A,allenai/OLMo-2-1124-7B-Instruct,fewshot,riskneutral,0,0.99282,0.90292,0,,,massA=0.896 massB=0.00648,after,0,0.0
p2,1199,39,mixed,178,178,567,0.32,1.0193,4,False,A,allenai/OLMo-2-1124-7B-Instruct,fewshot,riskneutral,0,0.91181,0.74414,0,,,massA=0.679 massB=0.0656,after,0,0.0
p2,854,28,gain,0,132,181,0.76,1.0421,2,True,B,allenai/OLMo-2-1124-7B-Instruct,fewshot,riskneutral,0,0.98469,0.98202,0,,,massA=0.015 massB=0.967,after,0,0.0
p2,1107,36,mixed,98,98,227,0.47,1.0887,3,False,A,allenai/OLMo-2-1124-7B-Instruct,fewshot,riskneutral,0,0.76908,0.94309,0,,,massA=0.725 massB=0.218,after,0,0.0
p2,304,10,neutral,0,111,278,0.58,1.4526,2,True,B,allenai/OLMo-2-1124-7B-Instruct,fewshot,riskneutral,0,0.99931,0.96405,0,,,massA=0.000668 massB=0.963,after,0,0.0
p2,423,14,neutral,0,81,201,0.68,1.6874,1,False,A,allenai/OLMo-2-1124-7B-Instruct,fewshot,riskneutral,0,0.9958,0.69757,0,,,massA=0.695 massB=0.00293,after,0,0.0
p2,519,17,neutral,0,117,362,0.42,1.2995,4,False,A,allenai/OLMo-2-1124-7B-Instruct,fewshot,riskneutral,0,0.46684,0.61018,0,,,massA=0.285 massB=0.325,after,0,0.0
p2,466,15,gain,0,82,113,0.74,1.0198,3,True,B,allenai/OLMo-2-1124-7B-Instruct,fewshot,riskneutral,0,0.99852,0.96064,0,,,massA=0.00142 massB=0.959,after,0,0.0
p2,287,9,gain,0,49,153,0.26,0.8118,3,False,A,allenai/OLMo-2-1124-7B-Instruct,fewshot,riskneutral,0,0.44746,0.87286,0,,,massA=0.391 massB=0.482,after,0,0.0
p2,970,32,gain,0,131,236,0.57,1.0269,0,True,B,allenai/OLMo-2-1124-7B-Instruct,fewshot,riskneutral,0,0.99162,0.93383,0,,,massA=0.00783 massB=0.926,after,0,0.0
p2,968,32,neutral,0,131,236,0.57,1.0269,4,True,B,allenai/OLMo-2-1124-7B-Instruct,fewshot,riskneutral,0,0.99793,0.85879,0,,,massA=0.00177 massB=0.857,after,0,0.0
p2,705,23,gain,0,91,626,0.23,1.5822,2,False,A,allenai/OLMo-2-1124-7B-Instruct,fewshot,riskneutral,0,0.97613,0.96954,0,,,massA=0.946 massB=0.0231,after,0,0.0
p2,1220,10,dominant,0,111,138,1.0,1.2432,3,True,B,allenai/OLMo-2-1124-7B-Instruct,fewshot,riskneutral,0,0.99037,0.93871,0,,,massA=0.00904 massB=0.93,after,0,0.0
p2,374,12,gain,0,164,541,0.38,1.2535,2,True,B,allenai/OLMo-2-1124-7B-Instruct,fewshot,riskneutral,0,0.99356,0.97965,0,,,massA=0.00631 massB=0.973,after,0,0.0
p2,139,4,gain,0,29,71,0.55,1.3466,4,False,A,allenai/OLMo-2-1124-7B-Instruct,fewshot,riskneutral,0,0.91551,0.59732,0,,,massA=0.547 massB=0.0505,after,0,0.0
p2,141,4,mixed,29,29,71,0.55,1.3466,0,False,A,allenai/OLMo-2-1124-7B-Instruct,fewshot,riskneutral,0,0.85681,0.91602,0,,,massA=0.785 massB=0.131,after,0,0.0
p2,482,16,neutral,0,139,234,0.6,1.0101,1,True,B,allenai/OLMo-2-1124-7B-Instruct,fewshot,riskneutral,0,0.98334,0.86017,0,,,massA=0.0143 massB=0.846,after,0,0.0
p2,1148,38,neutral,0,183,609,0.38,1.2646,4,True,B,allenai/OLMo-2-1124-7B-Instruct,fewshot,riskneutral,0,0.99638,0.67458,0,,,massA=0.00244 massB=0.672,after,0,0.0
p2,394,13,neutral,0,72,88,0.64,0.7822,2,True,B,allenai/OLMo-2-1124-7B-Instruct,fewshot,riskneutral,0,0.99929,0.98253,0,,,massA=0.000697 massB=0.982,after,0,0.0
p2,654,21,mixed,106,106,206,0.73,1.4187,2,True,B,allenai/OLMo-2-1124-7B-Instruct,fewshot,riskneutral,0,0.98795,0.98647,0,,,massA=0.0119 massB=0.975,after,0,0.0
p2,38,1,neutral,0,58,116,0.66,1.32,4,True,B,allenai/OLMo-2-1124-7B-Instruct,fewshot,riskneutral,0,0.99877,0.88116,0,,,massA=0.00108 massB=0.88,after,0,0.0
p2,683,22,mixed,81,81,163,0.72,1.4489,1,False,A,allenai/OLMo-2-1124-7B-Instruct,fewshot,riskneutral,0,0.99741,0.92236,0,,,massA=0.92 massB=0.00239,after,0,0.0
p2,902,30,neutral,0,149,447,0.26,0.78,1,True,B,allenai/OLMo-2-1124-7B-Instruct,fewshot,riskneutral,0,0.98594,0.80721,0,,,massA=0.0114 massB=0.796,after,0,0.0
p2,44,1,gain,0,58,116,0.66,1.32,2,True,B,allenai/OLMo-2-1124-7B-Instruct,fewshot,riskneutral,0,0.98561,0.98308,0,,,massA=0.0141 massB=0.969,after,0,0.0
p2,33,1,neutral,0,58,116,0.66,1.32,1,False,A,allenai/OLMo-2-1124-7B-Instruct,fewshot,riskneutral,0,0.99593,0.74356,0,,,massA=0.741 massB=0.00303,after,0,0.0
p2,330,11,neutral,0,54,68,0.81,1.02,0,True,B,allenai/OLMo-2-1124-7B-Instruct,fewshot,riskneutral,0,0.99395,0.89265,0,,,massA=0.0054 massB=0.887,after,0,0.0
p2,939,31,neutral,0,51,151,0.29,0.8586,4,False,A,allenai/OLMo-2-1124-7B-Instruct,fewshot,riskneutral,0,0.72952,0.40214,0,,,massA=0.293 massB=0.109,after,0,0.0
p2,855,28,gain,0,132,181,0.76,1.0421,2,False,A,allenai/OLMo-2-1124-7B-Instruct,fewshot,riskneutral,0,0.99877,0.98447,0,,,massA=0.983 massB=0.00121,after,0,0.0
p2,1156,38,gain,0,183,609,0.38,1.2646,3,True,B,allenai/OLMo-2-1124-7B-Instruct,fewshot,riskneutral,0,0.99929,0.96175,0,,,massA=0.000685 massB=0.961,after,0,0.0
p2,214,7,neutral,0,63,98,0.64,0.9956,2,True,B,allenai/OLMo-2-1124-7B-Instruct,fewshot,riskneutral,0,0.99935,0.98213,0,,,massA=0.000635 massB=0.981,after,0,0.0
p2,377,12,gain,0,164,541,0.38,1.2535,3,False,A,allenai/OLMo-2-1124-7B-Instruct,fewshot,riskneutral,0,0.50781,0.89854,0,,,massA=0.456 massB=0.442,after,0,0.0
p2,545,18,neutral,0,41,61,0.58,0.8629,2,False,A,allenai/OLMo-2-1124-7B-Instruct,fewshot,riskneutral,0,0.99749,0.9101,0,,,massA=0.908 massB=0.00229,after,0,0.0
p2,1175,39,neutral,0,178,567,0.32,1.0193,2,False,A,allenai/OLMo-2-1124-7B-Instruct,fewshot,riskneutral,0,0.99254,0.89057,0,,,massA=0.884 massB=0.00664,after,0,0.0
p2,262,8,mixed,62,62,263,0.33,1.3998,1,True,B,allenai/OLMo-2-1124-7B-Instruct,fewshot,riskneutral,0,0.98538,0.96194,0,,,massA=0.0141 massB=0.948,after,0,0.0
p2,726,24,neutral,0,168,214,0.76,0.9681,3,True,B,allenai/OLMo-2-1124-7B-Instruct,fewshot,riskneutral,0,0.99979,0.97232,0,,,massA=0.000202 massB=0.972,after,0,0.0
p2,568,18,mixed,41,41,61,0.58,0.8629,4,True,B,allenai/OLMo-2-1124-7B-Instruct,fewshot,riskneutral,0,0.97443,0.68889,0,,,massA=0.0176 massB=0.671,after,0,0.0
p2,321,10,mixed,111,111,278,0.58,1.4526,0,False,A,allenai/OLMo-2-1124-7B-Instruct,fewshot,riskneutral,0,0.90329,0.91638,0,,,massA=0.828 massB=0.0886,after,0,0.0
p2,591,19,mixed,64,64,122,0.49,0.9341,0,False,A,allenai/OLMo-2-1124-7B-Instruct,fewshot,riskneutral,0,0.92136,0.93286,0,,,massA=0.859 massB=0.0734,after,0,0.0
p2,994,33,neutral,0,142,446,0.53,1.6646,2,True,B,allenai/OLMo-2-1124-7B-Instruct,fewshot,riskneutral,0,0.99889,0.95098,0,,,massA=0.00106 massB=0.95,after,0,0.0
p2,1041,34,mixed,52,52,96,0.63,1.1631,0,False,A,allenai/OLMo-2-1124-7B-Instruct,fewshot,riskneutral,0,0.89912,0.92455,0,,,massA=0.831 massB=0.0933,after,0,0.0
p2,1057,35,neutral,0,91,133,0.68,0.9938,3,False,A,allenai/OLMo-2-1124-7B-Instruct,fewshot,riskneutral,0,0.90465,0.7383,0,,,massA=0.668 massB=0.0704,after,0,0.0
p2,701,23,gain,0,91,626,0.23,1.5822,0,False,A,allenai/OLMo-2-1124-7B-Instruct,fewshot,riskneutral,0,0.81641,0.84754,0,,,massA=0.692 massB=0.156,after,0,0.0
p2,390,13,neutral,0,72,88,0.64,0.7822,0,True,B,allenai/OLMo-2-1124-7B-Instruct,fewshot,riskneutral,0,0.99577,0.92119,0,,,massA=0.0039 massB=0.917,after,0,0.0
p2,1193,39,mixed,178,178,567,0.32,1.0193,1,False,A,allenai/OLMo-2-1124-7B-Instruct,fewshot,riskneutral,0,0.98813,0.89976,0,,,massA=0.889 massB=0.0107,after,0,0.0
p2,1023,34,neutral,0,52,96,0.63,1.1631,1,False,A,allenai/OLMo-2-1124-7B-Instruct,fewshot,riskneutral,0,0.99649,0.72289,0,,,massA=0.72 massB=0.00254,after,0,0.0
p2,742,24,mixed,168,168,214,0.76,0.9681,1,True,B,allenai/OLMo-2-1124-7B-Instruct,fewshot,riskneutral,0,0.99014,0.96156,0,,,massA=0.00948 massB=0.952,after,0,0.0
p2,224,7,gain,0,63,98,0.64,0.9956,2,True,B,allenai/OLMo-2-1124-7B-Instruct,fewshot,riskneutral,0,0.97855,0.98491,0,,,massA=0.0211 massB=0.964,after,0,0.0
p2,79,2,gain,0,162,661,0.26,1.0609,4,False,A,allenai/OLMo-2-1124-7B-Instruct,fewshot,riskneutral,0,0.70578,0.6912,0,,,massA=0.488 massB=0.203,after,0,0.0
p2,746,24,mixed,168,168,214,0.76,0.9681,3,True,B,allenai/OLMo-2-1124-7B-Instruct,fewshot,riskneutral,0,0.99822,0.97649,0,,,massA=0.00174 massB=0.975,after,0,0.0
p2,257,8,gain,0,62,263,0.33,1.3998,3,False,A,allenai/OLMo-2-1124-7B-Instruct,fewshot,riskneutral,0,0.67405,0.8928,0,,,massA=0.602 massB=0.291,after,0,0.0
p2,1072,35,mixed,91,91,133,0.68,0.9938,1,True,B,allenai/OLMo-2-1124-7B-Instruct,fewshot,riskneutral,0,0.98647,0.95195,0,,,massA=0.0129 massB=0.939,after,0,0.0
p2,14,0,gain,0,186,984,0.26,1.3755,2,True,B,allenai/OLMo-2-1124-7B-Instruct,fewshot,riskneutral,0,0.9855,0.97686,0,,,massA=0.0142 massB=0.963,after,0,0.0
p2,241,8,neutral,0,62,263,0.33,1.3998,0,False,A,allenai/OLMo-2-1124-7B-Instruct,fewshot,riskneutral,0,0.63159,0.87728,0,,,massA=0.554 massB=0.323,after,0,0.0
p2,288,9,gain,0,49,153,0.26,0.8118,4,True,B,allenai/OLMo-2-1124-7B-Instruct,fewshot,riskneutral,0,0.99361,0.91682,0,,,massA=0.00586 massB=0.911,after,0,0.0
p2,387,12,mixed,164,164,541,0.38,1.2535,3,False,A,allenai/OLMo-2-1124-7B-Instruct,fewshot,riskneutral,0,0.69761,0.92915,0,,,massA=0.648 massB=0.281,after,0,0.0
p2,410,13,mixed,72,72,88,0.64,0.7822,0,True,B,allenai/OLMo-2-1124-7B-Instruct,fewshot,riskneutral,0,0.98951,0.95387,0,,,massA=0.01 massB=0.944,after,0,0.0
p2,984,32,mixed,131,131,236,0.57,1.0269,2,True,B,allenai/OLMo-2-1124-7B-Instruct,fewshot,riskneutral,0,0.99271,0.9869,0,,,massA=0.00719 massB=0.98,after,0,0.0
p2,1053,35,neutral,0,91,133,0.68,0.9938,1,False,A,allenai/OLMo-2-1124-7B-Instruct,fewshot,riskneutral,0,0.99862,0.60717,0,,,massA=0.606 massB=0.00084,after,0,0.0
p2,1025,34,neutral,0,52,96,0.63,1.1631,2,False,A,allenai/OLMo-2-1124-7B-Instruct,fewshot,riskneutral,0,0.99826,0.8733,0,,,massA=0.872 massB=0.00152,after,0,0.0
p2,459,15,neutral,0,82,113,0.74,1.0198,4,False,A,allenai/OLMo-2-1124-7B-Instruct,fewshot,riskneutral,0,0.9458,0.27256,0,,,massA=0.258 massB=0.0148,after,0,0.0
p2,827,27,gain,0,166,433,0.53,1.3825,3,False,A,allenai/OLMo-2-1124-7B-Instruct,fewshot,riskneutral,0,0.85966,0.91262,0,,,massA=0.785 massB=0.128,after,0,0.0
p2,634,21,neutral,0,106,206,0.73,1.4187,2,True,B,allenai/OLMo-2-1124-7B-Instruct,fewshot,riskneutral,0,0.99938,0.97067,0,,,massA=0.000603 massB=0.97,after,0,0.0
p2,328,10,mixed,111,111,278,0.58,1.4526,4,True,B,allenai/OLMo-2-1124-7B-Instruct,fewshot,riskneutral,0,0.98572,0.8307,0,,,massA=0.0119 massB=0.819,after,0,0.0
p2,144,4,mixed,29,29,71,0.55,1.3466,2,True,B,allenai/OLMo-2-1124-7B-Instruct,fewshot,riskneutral,0,0.97649,0.98509,0,,,massA=0.0232 massB=0.962,after,0,0.0
p2,98,3,neutral,0,46,158,0.33,1.1335,4,True,B,allenai/OLMo-2-1124-7B-Instruct,fewshot,riskneutral,0,0.99753,0.8084,0,,,massA=0.002 massB=0.806,after,0,0.0
p2,596,19,mixed,64,64,122,0.49,0.9341,3,True,B,allenai/OLMo-2-1124-7B-Instruct,fewshot,riskneutral,0,0.99602,0.97669,0,,,massA=0.00388 massB=0.973,after,0,0.0
p2,900,30,neutral,0,149,447,0.26,0.78,0,True,B,allenai/OLMo-2-1124-7B-Instruct,fewshot,riskneutral,0,0.99751,0.89207,0,,,massA=0.00222 massB=0.89,after,0,0.0
p2,388,12,mixed,164,164,541,0.38,1.2535,4,True,B,allenai/OLMo-2-1124-7B-Instruct,fewshot,riskneutral,0,0.98615,0.82315,0,,,massA=0.0114 massB=0.812,after,0,0.0
p2,338,11,neutral,0,54,68,0.81,1.02,4,True,B,allenai/OLMo-2-1124-7B-Instruct,fewshot,riskneutral,0,0.99773,0.83116,0,,,massA=0.00189 massB=0.829,after,0,0.0
p2,945,31,gain,0,51,151,0.29,0.8586,2,False,A,allenai/OLMo-2-1124-7B-Instruct,fewshot,riskneutral,0,0.99037,0.97725,0,,,massA=0.968 massB=0.00941,after,0,0.0
p2,1082,36,neutral,0,98,227,0.47,1.0887,1,True,B,allenai/OLMo-2-1124-7B-Instruct,fewshot,riskneutral,0,0.98738,0.86007,0,,,massA=0.0109 massB=0.849,after,0,0.0
p2,117,3,mixed,46,46,158,0.33,1.1335,3,False,A,allenai/OLMo-2-1124-7B-Instruct,fewshot,riskneutral,0,0.60952,0.94074,0,,,massA=0.573 massB=0.367,after,0,0.0
p2,323,10,mixed,111,111,278,0.58,1.4526,1,False,A,allenai/OLMo-2-1124-7B-Instruct,fewshot,riskneutral,0,0.99494,0.91426,0,,,massA=0.91 massB=0.00463,after,0,0.0
p2,912,30,gain,0,149,447,0.26,0.78,1,True,B,allenai/OLMo-2-1124-7B-Instruct,fewshot,riskneutral,0,0.95151,0.91482,0,,,massA=0.0444 massB=0.87,after,0,0.0
p2,514,17,neutral,0,117,362,0.42,1.2995,2,True,B,allenai/OLMo-2-1124-7B-Instruct,fewshot,riskneutral,0,0.99901,0.96272,0,,,massA=0.000956 massB=0.962,after,0,0.0
p2,949,31,gain,0,51,151,0.29,0.8586,4,False,A,allenai/OLMo-2-1124-7B-Instruct,fewshot,riskneutral,0,0.75636,0.61641,0,,,massA=0.466 massB=0.15,after,0,0.0
p2,148,4,mixed,29,29,71,0.55,1.3466,4,True,B,allenai/OLMo-2-1124-7B-Instruct,fewshot,riskneutral,0,0.98321,0.79898,0,,,massA=0.0134 massB=0.786,after,0,0.0
p2,381,12,mixed,164,164,541,0.38,1.2535,0,False,A,allenai/OLMo-2-1124-7B-Instruct,fewshot,riskneutral,0,0.87915,0.90848,0,,,massA=0.799 massB=0.11,after,0,0.0
p2,1074,35,mixed,91,91,133,0.68,0.9938,2,True,B,allenai/OLMo-2-1124-7B-Instruct,fewshot,riskneutral,0,0.98718,0.98426,0,,,massA=0.0126 massB=0.972,after,0,0.0
p2,206,6,mixed,94,94,101,0.71,0.7629,3,True,B,allenai/OLMo-2-1124-7B-Instruct,fewshot,riskneutral,0,0.99635,0.96768,0,,,massA=0.00353 massB=0.964,after,0,0.0
p2,1169,38,mixed,183,183,609,0.38,1.2646,4,False,A,allenai/OLMo-2-1124-7B-Instruct,fewshot,riskneutral,0,0.94335,0.73301,0,,,massA=0.691 massB=0.0415,after,0,0.0
p2,605,20,neutral,0,186,266,0.63,0.901,2,False,A,allenai/OLMo-2-1124-7B-Instruct,fewshot,riskneutral,0,0.99823,0.90389,0,,,massA=0.902 massB=0.0016,after,0,0.0
p2,489,16,neutral,0,139,234,0.6,1.0101,4,False,A,allenai/OLMo-2-1124-7B-Instruct,fewshot,riskneutral,0,0.93046,0.39645,0,,,massA=0.369 massB=0.0276,after,0,0.0
p2,50,1,mixed,58,58,116,0.66,1.32,0,True,B,allenai/OLMo-2-1124-7B-Instruct,fewshot,riskneutral,0,0.99351,0.95255,0,,,massA=0.00618 massB=0.946,after,0,0.0
p2,721,24,neutral,0,168,214,0.76,0.9681,0,False,A,allenai/OLMo-2-1124-7B-Instruct,fewshot,riskneutral,0,0.88161,0.89829,0,,,massA=0.792 massB=0.106,after,0,0.0
p2,252,8,gain,0,62,263,0.33,1.3998,1,True,B,allenai/OLMo-2-1124-7B-Instruct,fewshot,riskneutral,0,0.95041,0.92409,0,,,massA=0.0458 massB=0.878,after,0,0.0
p2,400,13,gain,0,72,88,0.64,0.7822,0,True,B,allenai/OLMo-2-1124-7B-Instruct,fewshot,riskneutral,0,0.97178,0.86662,0,,,massA=0.0245 massB=0.842,after,0,0.0
p2,417,13,mixed,72,72,88,0.64,0.7822,3,False,A,allenai/OLMo-2-1124-7B-Instruct,fewshot,riskneutral,0,0.48438,0.93209,0,,,massA=0.451 massB=0.481,after,0,0.0
p2,71,2,gain,0,162,661,0.26,1.0609,0,False,A,allenai/OLMo-2-1124-7B-Instruct,fewshot,riskneutral,0,0.77458,0.88784,0,,,massA=0.688 massB=0.2,after,0,0.0
p2,1064,35,gain,0,91,133,0.68,0.9938,2,True,B,allenai/OLMo-2-1124-7B-Instruct,fewshot,riskneutral,0,0.97838,0.98433,0,,,massA=0.0213 massB=0.963,after,0,0.0
p2,32,1,neutral,0,58,116,0.66,1.32,1,True,B,allenai/OLMo-2-1124-7B-Instruct,fewshot,riskneutral,0,0.99044,0.85662,0,,,massA=0.00819 massB=0.848,after,0,0.0
p2,247,8,neutral,0,62,263,0.33,1.3998,3,False,A,allenai/OLMo-2-1124-7B-Instruct,fewshot,riskneutral,0,0.75635,0.68105,0,,,massA=0.515 massB=0.166,after,0,0.0
p2,1094,36,gain,0,98,227,0.47,1.0887,2,True,B,allenai/OLMo-2-1124-7B-Instruct,fewshot,riskneutral,0,0.98458,0.98324,0,,,massA=0.0152 massB=0.968,after,0,0.0
p2,836,27,mixed,166,166,433,0.53,1.3825,3,True,B,allenai/OLMo-2-1124-7B-Instruct,fewshot,riskneutral,0,0.99814,0.98202,0,,,massA=0.00183 massB=0.98,after,0,0.0
p2,817,27,neutral,0,166,433,0.53,1.3825,3,False,A,allenai/OLMo-2-1124-7B-Instruct,fewshot,riskneutral,0,0.78923,0.84198,0,,,massA=0.665 massB=0.177,after,0,0.0
p2,540,18,neutral,0,41,61,0.58,0.8629,0,True,B,allenai/OLMo-2-1124-7B-Instruct,fewshot,riskneutral,0,0.99315,0.93232,0,,,massA=0.00639 massB=0.926,after,0,0.0
p2,230,7,mixed,63,63,98,0.64,0.9956,0,True,B,allenai/OLMo-2-1124-7B-Instruct,fewshot,riskneutral,0,0.99168,0.96841,0,,,massA=0.00805 massB=0.96,after,0,0.0
p2,960,32,neutral,0,131,236,0.57,1.0269,0,True,B,allenai/OLMo-2-1124-7B-Instruct,fewshot,riskneutral,0,0.998,0.94635,0,,,massA=0.0019 massB=0.944,after,0,0.0
p2,353,11,mixed,54,54,68,0.81,1.02,1,False,A,allenai/OLMo-2-1124-7B-Instruct,fewshot,riskneutral,0,0.97501,0.85804,0,,,massA=0.837 massB=0.0214,after,0,0.0
p2,376,12,gain,0,164,541,0.38,1.2535,3,True,B,allenai/OLMo-2-1124-7B-Instruct,fewshot,riskneutral,0,0.99936,0.9642,0,,,massA=0.000621 massB=0.964,after,0,0.0
p2,1221,10,dominant,0,111,138,1.0,1.2432,4,False,A,allenai/OLMo-2-1124-7B-Instruct,fewshot,riskneutral,0,0.66367,0.87434,0,,,massA=0.58 massB=0.294,after,0,0.0
p2,349,11,gain,0,54,68,0.81,1.02,4,False,A,allenai/OLMo-2-1124-7B-Instruct,fewshot,riskneutral,0,0.96211,0.68836,0,,,massA=0.662 massB=0.0261,after,0,0.0
p2,103,3,gain,0,46,158,0.33,1.1335,1,False,A,allenai/OLMo-2-1124-7B-Instruct,fewshot,riskneutral,0,0.90397,0.90746,0,,,massA=0.82 massB=0.0871,after,0,0.0
p2,474,15,mixed,82,82,113,0.74,1.0198,2,True,B,allenai/OLMo-2-1124-7B-Instruct,fewshot,riskneutral,0,0.98397,0.98341,0,,,massA=0.0158 massB=0.968,after,0,0.0
p2,499,16,gain,0,139,234,0.6,1.0101,4,False,A,allenai/OLMo-2-1124-7B-Instruct,fewshot,riskneutral,0,0.92136,0.64822,0,,,massA=0.597 massB=0.051,after,0,0.0
p2,333,11,neutral,0,54,68,0.81,1.02,1,False,A,allenai/OLMo-2-1124-7B-Instruct,fewshot,riskneutral,0,0.9956,0.78849,0,,,massA=0.785 massB=0.00347,after,0,0.0
p2,1134,37,mixed,151,151,252,0.68,1.1348,2,True,B,allenai/OLMo-2-1124-7B-Instruct,fewshot,riskneutral,0,0.99212,0.98689,0,,,massA=0.00777 massB=0.979,after,0,0.0
p2,392,13,neutral,0,72,88,0.64,0.7822,1,True,B,allenai/OLMo-2-1124-7B-Instruct,fewshot,riskneutral,0,0.98626,0.91554,0,,,massA=0.0126 massB=0.903,after,0,0.0
p2,67,2,neutral,0,162,661,0.26,1.0609,3,False,A,allenai/OLMo-2-1124-7B-Instruct,fewshot,riskneutral,0,0.73412,0.64474,0,,,massA=0.473 massB=0.171,after,0,0.0
p2,265,8,mixed,62,62,263,0.33,1.3998,2,False,A,allenai/OLMo-2-1124-7B-Instruct,fewshot,riskneutral,0,0.98858,0.96777,0,,,massA=0.957 massB=0.0111,after,0,0.0
p2,235,7,mixed,63,63,98,0.64,0.9956,2,False,A,allenai/OLMo-2-1124-7B-Instruct,fewshot,riskneutral,0,0.99431,0.97358,0,,,massA=0.968 massB=0.00554,after,0,0.0
p2,998,33,neutral,0,142,446,0.53,1.6646,4,True,B,allenai/OLMo-2-1124-7B-Instruct,fewshot,riskneutral,0,0.99726,0.8203,0,,,massA=0.00224 massB=0.818,after,0,0.0
p2,802,26,mixed,59,59,151,0.36,0.9214,1,True,B,allenai/OLMo-2-1124-7B-Instruct,fewshot,riskneutral,0,0.9855,0.96714,0,,,massA=0.014 massB=0.953,after,0,0.0
p2,932,31,neutral,0,51,151,0.29,0.8586,1,True,B,allenai/OLMo-2-1124-7B-Instruct,fewshot,riskneutral,0,0.99029,0.91539,0,,,massA=0.00889 massB=0.907,after,0,0.0
p2,19,0,gain,0,186,984,0.26,1.3755,4,False,A,allenai/OLMo-2-1124-7B-Instruct,fewshot,riskneutral,0,0.74017,0.6029,0,,,massA=0.446 massB=0.157,after,0,0.0
p2,209,6,mixed,94,94,101,0.71,0.7629,4,False,A,allenai/OLMo-2-1124-7B-Instruct,fewshot,riskneutral,0,0.92995,0.61594,0,,,massA=0.573 massB=0.0431,after,0,0.0
p2,997,33,neutral,0,142,446,0.53,1.6646,3,False,A,allenai/OLMo-2-1124-7B-Instruct,fewshot,riskneutral,0,0.50781,0.83804,0,,,massA=0.426 massB=0.412,after,0,0.0
