instrument,trial_id,gamble_id,frame,anchor,sure,hi,p,ev_ratio,template_id,safe_first,gamble_letter,model,fmt,induce,reason,p_gamble,ab_mass,excluded,reason_ended,reasoning,note,induce_position,sample,temperature
p1,247,24,risk,0,168,214,0.76,0.9681,3,False,A,meta-llama/Llama-3.1-8B-Instruct,chat,riskneutral,0,0.87579,0.00029,1,,,massA=0.000257 massB=3.64e-05,after,0,0.0
p1,283,28,risk,0,132,181,0.76,1.0421,1,False,A,meta-llama/Llama-3.1-8B-Instruct,chat,riskneutral,0,0.53121,1e-05,1,,,massA=6.21e-06 massB=5.48e-06,after,0,0.0
p1,208,20,risk,0,186,266,0.63,0.901,4,True,B,meta-llama/Llama-3.1-8B-Instruct,chat,riskneutral,0,0.87408,5e-05,1,,,massA=5.85e-06 massB=4.06e-05,after,0,0.0
p1,232,23,risk,0,91,626,0.23,1.5822,1,True,B,meta-llama/Llama-3.1-8B-Instruct,chat,riskneutral,0,0.93991,0.00016,1,,,massA=9.42e-06 massB=0.000147,after,0,0.0
p1,267,26,risk,0,59,151,0.36,0.9214,3,False,A,meta-llama/Llama-3.1-8B-Instruct,chat,riskneutral,0,0.90862,0.00012,1,,,massA=0.000109 massB=1.1e-05,after,0,0.0
p1,80,8,risk,0,62,263,0.33,1.3998,0,True,B,meta-llama/Llama-3.1-8B-Instruct,chat,riskneutral,0,0.93146,0.01043,1,,,massA=0.000715 massB=0.00972,after,0,0.0
p1,97,9,risk,0,49,153,0.26,0.8118,3,False,A,meta-llama/Llama-3.1-8B-Instruct,chat,riskneutral,0,0.87579,0.00012,1,,,massA=0.000102 massB=1.44e-05,after,0,0.0
p1,265,26,risk,0,59,151,0.36,0.9214,2,False,A,meta-llama/Llama-3.1-8B-Instruct,chat,riskneutral,0,0.65489,8e-05,1,,,massA=5.41e-05 massB=2.85e-05,after,0,0.0
p1,223,22,risk,0,81,163,0.72,1.4489,1,False,A,meta-llama/Llama-3.1-8B-Instruct,chat,riskneutral,0,0.56025,1e-05,1,,,massA=3.82e-06 massB=3e-06,after,0,0.0
p1,12,1,risk,0,58,116,0.66,1.32,1,True,B,meta-llama/Llama-3.1-8B-Instruct,chat,riskneutral,0,0.94418,0.00033,1,,,massA=1.85e-05 massB=0.000313,after,0,0.0
p1,211,21,risk,0,106,206,0.73,1.4187,0,False,A,meta-llama/Llama-3.1-8B-Instruct,chat,riskneutral,0,0.61878,0.00062,1,,,massA=0.000382 massB=0.000235,after,0,0.0
p1,298,29,risk,0,79,81,0.83,0.851,4,True,B,meta-llama/Llama-3.1-8B-Instruct,chat,riskneutral,0,0.88404,0.00012,1,,,massA=1.39e-05 massB=0.000106,after,0,0.0
p1,259,25,risk,0,124,207,0.76,1.2687,4,False,A,meta-llama/Llama-3.1-8B-Instruct,chat,riskneutral,0,0.6943,0.0,1,,,massA=1.93e-06 massB=8.48e-07,after,0,0.0
p1,87,8,risk,0,62,263,0.33,1.3998,3,False,A,meta-llama/Llama-3.1-8B-Instruct,chat,riskneutral,0,0.90991,0.00018,1,,,massA=0.000161 massB=1.6e-05,after,0,0.0
p1,32,3,risk,0,46,158,0.33,1.1335,1,True,B,meta-llama/Llama-3.1-8B-Instruct,chat,riskneutral,0,0.91848,0.00018,1,,,massA=1.47e-05 massB=0.000166,after,0,0.0
p1,276,27,risk,0,166,433,0.53,1.3825,3,True,B,meta-llama/Llama-3.1-8B-Instruct,chat,riskneutral,0,0.81287,0.00857,1,,,massA=0.0016 massB=0.00696,after,0,0.0
p1,287,28,risk,0,132,181,0.76,1.0421,3,False,A,meta-llama/Llama-3.1-8B-Instruct,chat,riskneutral,0,0.89479,0.00021,1,,,massA=0.000189 massB=2.22e-05,after,0,0.0
p1,367,36,risk,0,98,227,0.47,1.0887,3,False,A,meta-llama/Llama-3.1-8B-Instruct,chat,riskneutral,0,0.90053,0.00023,1,,,massA=0.000204 massB=2.25e-05,after,0,0.0
p1,355,35,risk,0,91,133,0.68,0.9938,2,False,A,meta-llama/Llama-3.1-8B-Instruct,chat,riskneutral,0,0.69264,9e-05,1,,,massA=6.42e-05 massB=2.85e-05,after,0,0.0
p1,126,12,risk,0,164,541,0.38,1.2535,3,True,B,meta-llama/Llama-3.1-8B-Instruct,chat,riskneutral,0,0.8439,0.00642,1,,,massA=0.001 massB=0.00542,after,0,0.0
p1,36,3,risk,0,46,158,0.33,1.1335,3,True,B,meta-llama/Llama-3.1-8B-Instruct,chat,riskneutral,0,0.71859,0.00547,1,,,massA=0.00154 massB=0.00393,after,0,0.0
p1,245,24,risk,0,168,214,0.76,0.9681,2,False,A,meta-llama/Llama-3.1-8B-Instruct,chat,riskneutral,0,0.61509,9e-05,1,,,massA=5.26e-05 massB=3.29e-05,after,0,0.0
p1,177,17,risk,0,117,362,0.42,1.2995,3,False,A,meta-llama/Llama-3.1-8B-Instruct,chat,riskneutral,0,0.8977,0.00015,1,,,massA=0.000133 massB=1.52e-05,after,0,0.0
p1,133,13,risk,0,72,88,0.64,0.7822,1,False,A,meta-llama/Llama-3.1-8B-Instruct,chat,riskneutral,0,0.62246,1e-05,1,,,massA=4.04e-06 massB=2.45e-06,after,0,0.0
p1,312,31,risk,0,51,151,0.29,0.8586,1,True,B,meta-llama/Llama-3.1-8B-Instruct,chat,riskneutral,0,0.92414,0.00015,1,,,massA=1.12e-05 massB=0.000137,after,0,0.0
p1,221,22,risk,0,81,163,0.72,1.4489,0,False,A,meta-llama/Llama-3.1-8B-Instruct,chat,riskneutral,0,0.59267,0.00028,1,,,massA=0.000166 massB=0.000114,after,0,0.0
p1,280,28,risk,0,132,181,0.76,1.0421,0,True,B,meta-llama/Llama-3.1-8B-Instruct,chat,riskneutral,0,0.93812,0.00878,1,,,massA=0.000544 massB=0.00824,after,0,0.0
p1,164,16,risk,0,139,234,0.6,1.0101,2,True,B,meta-llama/Llama-3.1-8B-Instruct,chat,riskneutral,0,0.86704,0.00336,1,,,massA=0.000447 massB=0.00291,after,0,0.0
p1,124,12,risk,0,164,541,0.38,1.2535,2,True,B,meta-llama/Llama-3.1-8B-Instruct,chat,riskneutral,0,0.85195,0.00309,1,,,massA=0.000457 massB=0.00263,after,0,0.0
p1,332,33,risk,0,142,446,0.53,1.6646,1,True,B,meta-llama/Llama-3.1-8B-Instruct,chat,riskneutral,0,0.94815,0.00038,1,,,massA=1.97e-05 massB=0.000361,after,0,0.0
p1,226,22,risk,0,81,163,0.72,1.4489,3,True,B,meta-llama/Llama-3.1-8B-Instruct,chat,riskneutral,0,0.80317,0.0037,1,,,massA=0.000728 massB=0.00297,after,0,0.0
p1,391,39,risk,0,178,567,0.32,1.0193,0,False,A,meta-llama/Llama-3.1-8B-Instruct,chat,riskneutral,0,0.6478,0.0004,1,,,massA=0.000262 massB=0.000142,after,0,0.0
p1,81,8,risk,0,62,263,0.33,1.3998,0,False,A,meta-llama/Llama-3.1-8B-Instruct,chat,riskneutral,0,0.64064,0.00039,1,,,massA=0.000248 massB=0.000139,after,0,0.0
p1,71,7,risk,0,63,98,0.64,0.9956,0,False,A,meta-llama/Llama-3.1-8B-Instruct,chat,riskneutral,0,0.67233,0.00019,1,,,massA=0.000125 massB=6.08e-05,after,0,0.0
p1,17,1,risk,0,58,116,0.66,1.32,3,False,A,meta-llama/Llama-3.1-8B-Instruct,chat,riskneutral,0,0.92079,0.00029,1,,,massA=0.000267 massB=2.3e-05,after,0,0.0
p1,236,23,risk,0,91,626,0.23,1.5822,3,True,B,meta-llama/Llama-3.1-8B-Instruct,chat,riskneutral,0,0.81989,0.00218,1,,,massA=0.000393 massB=0.00179,after,0,0.0
p1,206,20,risk,0,186,266,0.63,0.901,3,True,B,meta-llama/Llama-3.1-8B-Instruct,chat,riskneutral,0,0.81048,0.00509,1,,,massA=0.000964 massB=0.00412,after,0,0.0
p1,68,6,risk,0,94,101,0.71,0.7629,4,True,B,meta-llama/Llama-3.1-8B-Instruct,chat,riskneutral,0,0.88876,9e-05,1,,,massA=1.05e-05 massB=8.4e-05,after,0,0.0
p1,337,33,risk,0,142,446,0.53,1.6646,3,False,A,meta-llama/Llama-3.1-8B-Instruct,chat,riskneutral,0,0.9149,0.00026,1,,,massA=0.00024 massB=2.23e-05,after,0,0.0
p1,44,4,risk,0,29,71,0.55,1.3466,2,True,B,meta-llama/Llama-3.1-8B-Instruct,chat,riskneutral,0,0.85966,0.00255,1,,,massA=0.000358 massB=0.00219,after,0,0.0
p1,188,18,risk,0,41,61,0.58,0.8629,4,True,B,meta-llama/Llama-3.1-8B-Instruct,chat,riskneutral,0,0.86883,6e-05,1,,,massA=7.22e-06 massB=4.78e-05,after,0,0.0
p1,354,35,risk,0,91,133,0.68,0.9938,2,True,B,meta-llama/Llama-3.1-8B-Instruct,chat,riskneutral,0,0.88243,0.00316,1,,,massA=0.000371 massB=0.00279,after,0,0.0
p1,210,21,risk,0,106,206,0.73,1.4187,0,True,B,meta-llama/Llama-3.1-8B-Instruct,chat,riskneutral,0,0.95915,0.01491,1,,,massA=0.000609 massB=0.0143,after,0,0.0
p1,60,6,risk,0,94,101,0.71,0.7629,0,True,B,meta-llama/Llama-3.1-8B-Instruct,chat,riskneutral,0,0.95663,0.01565,1,,,massA=0.000679 massB=0.015,after,0,0.0
p1,70,7,risk,0,63,98,0.64,0.9956,0,True,B,meta-llama/Llama-3.1-8B-Instruct,chat,riskneutral,0,0.95114,0.00725,1,,,massA=0.000354 massB=0.00689,after,0,0.0
p1,273,27,risk,0,166,433,0.53,1.3825,1,False,A,meta-llama/Llama-3.1-8B-Instruct,chat,riskneutral,0,0.58889,1e-05,1,,,massA=7.14e-06 massB=4.99e-06,after,0,0.0
p1,174,17,risk,0,117,362,0.42,1.2995,2,True,B,meta-llama/Llama-3.1-8B-Instruct,chat,riskneutral,0,0.85391,0.00189,1,,,massA=0.000276 massB=0.00161,after,0,0.0
p1,100,10,risk,0,111,278,0.58,1.4526,0,True,B,meta-llama/Llama-3.1-8B-Instruct,chat,riskneutral,0,0.9458,0.01657,1,,,massA=0.000898 massB=0.0157,after,0,0.0
p1,176,17,risk,0,117,362,0.42,1.2995,3,True,B,meta-llama/Llama-3.1-8B-Instruct,chat,riskneutral,0,0.83332,0.00488,1,,,massA=0.000813 massB=0.00407,after,0,0.0
p1,272,27,risk,0,166,433,0.53,1.3825,1,True,B,meta-llama/Llama-3.1-8B-Instruct,chat,riskneutral,0,0.94251,0.00041,1,,,massA=2.37e-05 massB=0.000388,after,0,0.0
p1,149,14,risk,0,81,201,0.68,1.6874,4,False,A,meta-llama/Llama-3.1-8B-Instruct,chat,riskneutral,0,0.74466,0.0,1,,,massA=2.35e-06 massB=8.07e-07,after,0,0.0
p1,294,29,risk,0,79,81,0.83,0.851,2,True,B,meta-llama/Llama-3.1-8B-Instruct,chat,riskneutral,0,0.83332,0.00568,1,,,massA=0.000946 massB=0.00473,after,0,0.0
p1,385,38,risk,0,183,609,0.38,1.2646,2,False,A,meta-llama/Llama-3.1-8B-Instruct,chat,riskneutral,0,0.59267,5e-05,1,,,massA=3.14e-05 massB=2.16e-05,after,0,0.0
p1,64,6,risk,0,94,101,0.71,0.7629,2,True,B,meta-llama/Llama-3.1-8B-Instruct,chat,riskneutral,0,0.87235,0.0039,1,,,massA=0.000498 massB=0.0034,after,0,0.0
p1,241,24,risk,0,168,214,0.76,0.9681,0,False,A,meta-llama/Llama-3.1-8B-Instruct,chat,riskneutral,0,0.60766,0.00046,1,,,massA=0.000278 massB=0.000179,after,0,0.0
p1,37,3,risk,0,46,158,0.33,1.1335,3,False,A,meta-llama/Llama-3.1-8B-Instruct,chat,riskneutral,0,0.91848,0.00019,1,,,massA=0.000172 massB=1.52e-05,after,0,0.0
p1,198,19,risk,0,64,122,0.49,0.9341,4,True,B,meta-llama/Llama-3.1-8B-Instruct,chat,riskneutral,0,0.83332,0.00011,1,,,massA=1.78e-05 massB=8.9e-05,after,0,0.0
p1,216,21,risk,0,106,206,0.73,1.4187,3,True,B,meta-llama/Llama-3.1-8B-Instruct,chat,riskneutral,0,0.79566,0.00579,1,,,massA=0.00118 massB=0.00461,after,0,0.0
p1,360,36,risk,0,98,227,0.47,1.0887,0,True,B,meta-llama/Llama-3.1-8B-Instruct,chat,riskneutral,0,0.95663,0.02138,1,,,massA=0.000927 massB=0.0205,after,0,0.0
p1,254,25,risk,0,124,207,0.76,1.2687,2,True,B,meta-llama/Llama-3.1-8B-Instruct,chat,riskneutral,0,0.85777,0.00401,1,,,massA=0.00057 massB=0.00344,after,0,0.0
p1,258,25,risk,0,124,207,0.76,1.2687,4,True,B,meta-llama/Llama-3.1-8B-Instruct,chat,riskneutral,0,0.88404,7e-05,1,,,massA=8.25e-06 massB=6.29e-05,after,0,0.0
p1,377,37,risk,0,151,252,0.68,1.1348,3,False,A,meta-llama/Llama-3.1-8B-Instruct,chat,riskneutral,0,0.9149,0.00019,1,,,massA=0.000175 massB=1.63e-05,after,0,0.0
p1,120,12,risk,0,164,541,0.38,1.2535,0,True,B,meta-llama/Llama-3.1-8B-Instruct,chat,riskneutral,0,0.95328,0.01171,1,,,massA=0.000547 massB=0.0112,after,0,0.0
p1,389,38,risk,0,183,609,0.38,1.2646,4,False,A,meta-llama/Llama-3.1-8B-Instruct,chat,riskneutral,0,0.76065,0.0,1,,,massA=1.44e-06 massB=4.52e-07,after,0,0.0
p1,281,28,risk,0,132,181,0.76,1.0421,0,False,A,meta-llama/Llama-3.1-8B-Instruct,chat,riskneutral,0,0.61509,0.00042,1,,,massA=0.000257 massB=0.000161,after,0,0.0
p1,260,26,risk,0,59,151,0.36,0.9214,0,True,B,meta-llama/Llama-3.1-8B-Instruct,chat,riskneutral,0,0.94499,0.00755,1,,,massA=0.000415 massB=0.00713,after,0,0.0
p1,146,14,risk,0,81,201,0.68,1.6874,3,True,B,meta-llama/Llama-3.1-8B-Instruct,chat,riskneutral,0,0.82219,0.00351,1,,,massA=0.000624 massB=0.00288,after,0,0.0
p1,179,17,risk,0,117,362,0.42,1.2995,4,False,A,meta-llama/Llama-3.1-8B-Instruct,chat,riskneutral,0,0.76207,0.0,1,,,massA=2.17e-06 massB=6.78e-07,after,0,0.0
p1,271,27,risk,0,166,433,0.53,1.3825,0,False,A,meta-llama/Llama-3.1-8B-Instruct,chat,riskneutral,0,0.68595,0.0005,1,,,massA=0.000341 massB=0.000156,after,0,0.0
p1,264,26,risk,0,59,151,0.36,0.9214,2,True,B,meta-llama/Llama-3.1-8B-Instruct,chat,riskneutral,0,0.84797,0.00182,1,,,massA=0.000276 massB=0.00154,after,0,0.0
p1,290,29,risk,0,79,81,0.83,0.851,0,True,B,meta-llama/Llama-3.1-8B-Instruct,chat,riskneutral,0,0.95186,0.01724,1,,,massA=0.00083 massB=0.0164,after,0,0.0
p1,343,34,risk,0,52,96,0.63,1.1631,1,False,A,meta-llama/Llama-3.1-8B-Instruct,chat,riskneutral,0,0.64064,1e-05,1,,,massA=4.19e-06 massB=2.35e-06,after,0,0.0
p1,286,28,risk,0,132,181,0.76,1.0421,3,True,B,meta-llama/Llama-3.1-8B-Instruct,chat,riskneutral,0,0.72798,0.00442,1,,,massA=0.0012 massB=0.00322,after,0,0.0
p1,51,5,risk,0,162,381,0.46,1.0819,0,False,A,meta-llama/Llama-3.1-8B-Instruct,chat,riskneutral,0,0.65489,0.00049,1,,,massA=0.000319 massB=0.000168,after,0,0.0
p1,252,25,risk,0,124,207,0.76,1.2687,1,True,B,meta-llama/Llama-3.1-8B-Instruct,chat,riskneutral,0,0.94165,0.0003,1,,,massA=1.74e-05 massB=0.00028,after,0,0.0
p1,107,10,risk,0,111,278,0.58,1.4526,3,False,A,meta-llama/Llama-3.1-8B-Instruct,chat,riskneutral,0,0.89625,0.0002,1,,,massA=0.000181 massB=2.1e-05,after,0,0.0
p1,173,17,risk,0,117,362,0.42,1.2995,1,False,A,meta-llama/Llama-3.1-8B-Instruct,chat,riskneutral,0,0.5351,1e-05,1,,,massA=4.65e-06 massB=4.04e-06,after,0,0.0
p1,382,38,risk,0,183,609,0.38,1.2646,1,True,B,meta-llama/Llama-3.1-8B-Instruct,chat,riskneutral,0,0.94335,0.00023,1,,,massA=1.31e-05 massB=0.000218,after,0,0.0
p1,59,5,risk,0,162,381,0.46,1.0819,4,False,A,meta-llama/Llama-3.1-8B-Instruct,chat,riskneutral,0,0.75492,0.0,1,,,massA=2.39e-06 massB=7.75e-07,after,0,0.0
p1,330,33,risk,0,142,446,0.53,1.6646,0,True,B,meta-llama/Llama-3.1-8B-Instruct,chat,riskneutral,0,0.94738,0.01502,1,,,massA=0.000791 massB=0.0142,after,0,0.0
p1,317,31,risk,0,51,151,0.29,0.8586,3,False,A,meta-llama/Llama-3.1-8B-Instruct,chat,riskneutral,0,0.87235,0.00017,1,,,massA=0.000148 massB=2.17e-05,after,0,0.0
p1,99,9,risk,0,49,153,0.26,0.8118,4,False,A,meta-llama/Llama-3.1-8B-Instruct,chat,riskneutral,0,0.70416,0.0,1,,,massA=1.86e-06 massB=7.8e-07,after,0,0.0
p1,308,30,risk,0,149,447,0.26,0.78,4,True,B,meta-llama/Llama-3.1-8B-Instruct,chat,riskneutral,0,0.86522,3e-05,1,,,massA=4.63e-06 massB=2.97e-05,after,0,0.0
p1,54,5,risk,0,162,381,0.46,1.0819,2,True,B,meta-llama/Llama-3.1-8B-Instruct,chat,riskneutral,0,0.85966,0.00205,1,,,massA=0.000288 massB=0.00176,after,0,0.0
p1,350,35,risk,0,91,133,0.68,0.9938,0,True,B,meta-llama/Llama-3.1-8B-Instruct,chat,riskneutral,0,0.95041,0.01129,1,,,massA=0.00056 massB=0.0107,after,0,0.0
p1,194,19,risk,0,64,122,0.49,0.9341,2,True,B,meta-llama/Llama-3.1-8B-Instruct,chat,riskneutral,0,0.79819,0.00334,1,,,massA=0.000675 massB=0.00267,after,0,0.0
p1,39,3,risk,0,46,158,0.33,1.1335,4,False,A,meta-llama/Llama-3.1-8B-Instruct,chat,riskneutral,0,0.77322,0.0,1,,,massA=2.84e-06 massB=8.34e-07,after,0,0.0
p1,230,23,risk,0,91,626,0.23,1.5822,0,True,B,meta-llama/Llama-3.1-8B-Instruct,chat,riskneutral,0,0.94418,0.00662,1,,,massA=0.00037 massB=0.00625,after,0,0.0
p1,53,5,risk,0,162,381,0.46,1.0819,1,False,A,meta-llama/Llama-3.1-8B-Instruct,chat,riskneutral,0,0.56985,1e-05,1,,,massA=6.98e-06 massB=5.27e-06,after,0,0.0
p1,250,25,risk,0,124,207,0.76,1.2687,0,True,B,meta-llama/Llama-3.1-8B-Instruct,chat,riskneutral,0,0.94418,0.01011,1,,,massA=0.000565 massB=0.00955,after,0,0.0
p1,90,9,risk,0,49,153,0.26,0.8118,0,True,B,meta-llama/Llama-3.1-8B-Instruct,chat,riskneutral,0,0.94251,0.0061,1,,,massA=0.000351 massB=0.00575,after,0,0.0
p1,48,4,risk,0,29,71,0.55,1.3466,4,True,B,meta-llama/Llama-3.1-8B-Instruct,chat,riskneutral,0,0.8808,9e-05,1,,,massA=1.05e-05 massB=7.76e-05,after,0,0.0
p1,251,25,risk,0,124,207,0.76,1.2687,0,False,A,meta-llama/Llama-3.1-8B-Instruct,chat,riskneutral,0,0.63341,0.00048,1,,,massA=0.000304 massB=0.000176,after,0,0.0
p1,102,10,risk,0,111,278,0.58,1.4526,1,True,B,meta-llama/Llama-3.1-8B-Instruct,chat,riskneutral,0,0.92523,0.00033,1,,,massA=2.47e-05 massB=0.000305,after,0,0.0
p1,328,32,risk,0,131,236,0.57,1.0269,4,True,B,meta-llama/Llama-3.1-8B-Instruct,chat,riskneutral,0,0.88404,7e-05,1,,,massA=8.24e-06 massB=6.28e-05,after,0,0.0
p1,109,10,risk,0,111,278,0.58,1.4526,4,False,A,meta-llama/Llama-3.1-8B-Instruct,chat,riskneutral,0,0.73716,0.0,1,,,massA=2.07e-06 massB=7.37e-07,after,0,0.0
p1,261,26,risk,0,59,151,0.36,0.9214,0,False,A,meta-llama/Llama-3.1-8B-Instruct,chat,riskneutral,0,0.64423,0.00027,1,,,massA=0.000172 massB=9.51e-05,after,0,0.0
p1,220,22,risk,0,81,163,0.72,1.4489,0,True,B,meta-llama/Llama-3.1-8B-Instruct,chat,riskneutral,0,0.95663,0.01004,1,,,massA=0.000435 massB=0.0096,after,0,0.0
p1,323,32,risk,0,131,236,0.57,1.0269,1,False,A,meta-llama/Llama-3.1-8B-Instruct,chat,riskneutral,0,0.5851,1e-05,1,,,massA=5.64e-06 massB=4e-06,after,0,0.0
p1,374,37,risk,0,151,252,0.68,1.1348,2,True,B,meta-llama/Llama-3.1-8B-Instruct,chat,riskneutral,0,0.85585,0.00231,1,,,massA=0.000333 massB=0.00197,after,0,0.0
p1,284,28,risk,0,132,181,0.76,1.0421,2,True,B,meta-llama/Llama-3.1-8B-Instruct,chat,riskneutral,0,0.8439,0.00214,1,,,massA=0.000334 massB=0.0018,after,0,0.0
p1,10,1,risk,0,58,116,0.66,1.32,0,True,B,meta-llama/Llama-3.1-8B-Instruct,chat,riskneutral,0,0.94892,0.01507,1,,,massA=0.00077 massB=0.0143,after,0,0.0
p1,224,22,risk,0,81,163,0.72,1.4489,2,True,B,meta-llama/Llama-3.1-8B-Instruct,chat,riskneutral,0,0.87235,0.00222,1,,,massA=0.000284 massB=0.00194,after,0,0.0
p1,292,29,risk,0,79,81,0.83,0.851,1,True,B,meta-llama/Llama-3.1-8B-Instruct,chat,riskneutral,0,0.94499,0.00034,1,,,massA=1.86e-05 massB=0.000319,after,0,0.0
p1,235,23,risk,0,91,626,0.23,1.5822,2,False,A,meta-llama/Llama-3.1-8B-Instruct,chat,riskneutral,0,0.56218,7e-05,1,,,massA=3.97e-05 massB=3.09e-05,after,0,0.0
p1,182,18,risk,0,41,61,0.58,0.8629,1,True,B,meta-llama/Llama-3.1-8B-Instruct,chat,riskneutral,0,0.94251,0.00016,1,,,massA=9.02e-06 massB=0.000148,after,0,0.0
p1,299,29,risk,0,79,81,0.83,0.851,4,False,A,meta-llama/Llama-3.1-8B-Instruct,chat,riskneutral,0,0.80441,0.0,1,,,massA=3.75e-06 massB=9.12e-07,after,0,0.0
p1,196,19,risk,0,64,122,0.49,0.9341,3,True,B,meta-llama/Llama-3.1-8B-Instruct,chat,riskneutral,0,0.71223,0.00659,1,,,massA=0.0019 massB=0.00469,after,0,0.0
p1,291,29,risk,0,79,81,0.83,0.851,0,False,A,meta-llama/Llama-3.1-8B-Instruct,chat,riskneutral,0,0.70902,0.00048,1,,,massA=0.000338 massB=0.000139,after,0,0.0
p1,353,35,risk,0,91,133,0.68,0.9938,1,False,A,meta-llama/Llama-3.1-8B-Instruct,chat,riskneutral,0,0.60393,1e-05,1,,,massA=6.5e-06 massB=4.26e-06,after,0,0.0
p1,166,16,risk,0,139,234,0.6,1.0101,3,True,B,meta-llama/Llama-3.1-8B-Instruct,chat,riskneutral,0,0.7773,0.00387,1,,,massA=0.000861 massB=0.00301,after,0,0.0
p1,104,10,risk,0,111,278,0.58,1.4526,2,True,B,meta-llama/Llama-3.1-8B-Instruct,chat,riskneutral,0,0.80563,0.0043,1,,,massA=0.000835 massB=0.00346,after,0,0.0
p1,380,38,risk,0,183,609,0.38,1.2646,0,True,B,meta-llama/Llama-3.1-8B-Instruct,chat,riskneutral,0,0.95728,0.00946,1,,,massA=0.000404 massB=0.00906,after,0,0.0
p1,27,2,risk,0,162,661,0.26,1.0609,3,False,A,meta-llama/Llama-3.1-8B-Instruct,chat,riskneutral,0,0.86522,0.00017,1,,,massA=0.000146 massB=2.28e-05,after,0,0.0
p1,114,11,risk,0,54,68,0.81,1.02,2,True,B,meta-llama/Llama-3.1-8B-Instruct,chat,riskneutral,0,0.85585,0.00278,1,,,massA=0.000401 massB=0.00238,after,0,0.0
p1,336,33,risk,0,142,446,0.53,1.6646,3,True,B,meta-llama/Llama-3.1-8B-Instruct,chat,riskneutral,0,0.80563,0.00837,1,,,massA=0.00163 massB=0.00674,after,0,0.0
p1,138,13,risk,0,72,88,0.64,0.7822,4,True,B,meta-llama/Llama-3.1-8B-Instruct,chat,riskneutral,0,0.85585,5e-05,1,,,massA=7.7e-06 massB=4.57e-05,after,0,0.0
p1,115,11,risk,0,54,68,0.81,1.02,2,False,A,meta-llama/Llama-3.1-8B-Instruct,chat,riskneutral,0,0.68931,0.00012,1,,,massA=8.26e-05 massB=3.72e-05,after,0,0.0
p1,26,2,risk,0,162,661,0.26,1.0609,3,True,B,meta-llama/Llama-3.1-8B-Instruct,chat,riskneutral,0,0.78793,0.0042,1,,,massA=0.00089 massB=0.00331,after,0,0.0
p1,262,26,risk,0,59,151,0.36,0.9214,1,True,B,meta-llama/Llama-3.1-8B-Instruct,chat,riskneutral,0,0.9263,0.00014,1,,,massA=1e-05 massB=0.000126,after,0,0.0
p1,52,5,risk,0,162,381,0.46,1.0819,1,True,B,meta-llama/Llama-3.1-8B-Instruct,chat,riskneutral,0,0.93629,0.00023,1,,,massA=1.48e-05 massB=0.000218,after,0,0.0
p1,384,38,risk,0,183,609,0.38,1.2646,2,True,B,meta-llama/Llama-3.1-8B-Instruct,chat,riskneutral,0,0.86154,0.00249,1,,,massA=0.000345 massB=0.00215,after,0,0.0
p1,201,20,risk,0,186,266,0.63,0.901,0,False,A,meta-llama/Llama-3.1-8B-Instruct,chat,riskneutral,0,0.71542,0.0004,1,,,massA=0.000286 massB=0.000114,after,0,0.0
p1,209,20,risk,0,186,266,0.63,0.901,4,False,A,meta-llama/Llama-3.1-8B-Instruct,chat,riskneutral,0,0.78266,0.0,1,,,massA=1.83e-06 massB=5.08e-07,after,0,0.0
p1,200,20,risk,0,186,266,0.63,0.901,0,True,B,meta-llama/Llama-3.1-8B-Instruct,chat,riskneutral,0,0.94335,0.0076,1,,,massA=0.00043 massB=0.00717,after,0,0.0
p1,2,0,risk,0,186,984,0.26,1.3755,1,True,B,meta-llama/Llama-3.1-8B-Instruct,chat,riskneutral,0,0.93146,0.00016,1,,,massA=1.08e-05 massB=0.000147,after,0,0.0
p1,74,7,risk,0,63,98,0.64,0.9956,2,True,B,meta-llama/Llama-3.1-8B-Instruct,chat,riskneutral,0,0.8706,0.00216,1,,,massA=0.00028 massB=0.00188,after,0,0.0
p1,296,29,risk,0,79,81,0.83,0.851,3,True,B,meta-llama/Llama-3.1-8B-Instruct,chat,riskneutral,0,0.76065,0.00714,1,,,massA=0.00171 massB=0.00543,after,0,0.0
p1,57,5,risk,0,162,381,0.46,1.0819,3,False,A,meta-llama/Llama-3.1-8B-Instruct,chat,riskneutral,0,0.8977,0.00021,1,,,massA=0.000187 massB=2.13e-05,after,0,0.0
p1,21,2,risk,0,162,661,0.26,1.0609,0,False,A,meta-llama/Llama-3.1-8B-Instruct,chat,riskneutral,0,0.5775,0.00038,1,,,massA=0.00022 massB=0.000161,after,0,0.0
p1,334,33,risk,0,142,446,0.53,1.6646,2,True,B,meta-llama/Llama-3.1-8B-Instruct,chat,riskneutral,0,0.84997,0.00348,1,,,massA=0.000522 massB=0.00296,after,0,0.0
p1,169,16,risk,0,139,234,0.6,1.0101,4,False,A,meta-llama/Llama-3.1-8B-Instruct,chat,riskneutral,0,0.73259,0.0,1,,,massA=3e-06 massB=1.1e-06,after,0,0.0
p1,346,34,risk,0,52,96,0.63,1.1631,3,True,B,meta-llama/Llama-3.1-8B-Instruct,chat,riskneutral,0,0.75201,0.00354,1,,,massA=0.000878 massB=0.00266,after,0,0.0
p1,18,1,risk,0,58,116,0.66,1.32,4,True,B,meta-llama/Llama-3.1-8B-Instruct,chat,riskneutral,0,0.8706,9e-05,1,,,massA=1.13e-05 massB=7.62e-05,after,0,0.0
p1,237,23,risk,0,91,626,0.23,1.5822,3,False,A,meta-llama/Llama-3.1-8B-Instruct,chat,riskneutral,0,0.89625,0.0001,1,,,massA=9.14e-05 massB=1.06e-05,after,0,0.0
p1,339,33,risk,0,142,446,0.53,1.6646,4,False,A,meta-llama/Llama-3.1-8B-Instruct,chat,riskneutral,0,0.75779,0.0,1,,,massA=2.5e-06 massB=7.98e-07,after,0,0.0
p1,94,9,risk,0,49,153,0.26,0.8118,2,True,B,meta-llama/Llama-3.1-8B-Instruct,chat,riskneutral,0,0.81523,0.00156,1,,,massA=0.000289 massB=0.00127,after,0,0.0
p1,158,15,risk,0,82,113,0.74,1.0198,4,True,B,meta-llama/Llama-3.1-8B-Instruct,chat,riskneutral,0,0.88404,7e-05,1,,,massA=7.83e-06 massB=5.97e-05,after,0,0.0
p1,175,17,risk,0,117,362,0.42,1.2995,2,False,A,meta-llama/Llama-3.1-8B-Instruct,chat,riskneutral,0,0.61138,6e-05,1,,,massA=3.7e-05 massB=2.35e-05,after,0,0.0
p1,183,18,risk,0,41,61,0.58,0.8629,1,False,A,meta-llama/Llama-3.1-8B-Instruct,chat,riskneutral,0,0.64064,1e-05,1,,,massA=4.4e-06 massB=2.47e-06,after,0,0.0
p1,207,20,risk,0,186,266,0.63,0.901,3,False,A,meta-llama/Llama-3.1-8B-Instruct,chat,riskneutral,0,0.92304,0.00024,1,,,massA=0.000225 massB=1.88e-05,after,0,0.0
p1,333,33,risk,0,142,446,0.53,1.6646,1,False,A,meta-llama/Llama-3.1-8B-Instruct,chat,riskneutral,0,0.5851,1e-05,1,,,massA=7.56e-06 massB=5.36e-06,after,0,0.0
p1,316,31,risk,0,51,151,0.29,0.8586,3,True,B,meta-llama/Llama-3.1-8B-Instruct,chat,riskneutral,0,0.79566,0.00273,1,,,massA=0.000558 massB=0.00217,after,0,0.0
p1,79,7,risk,0,63,98,0.64,0.9956,4,False,A,meta-llama/Llama-3.1-8B-Instruct,chat,riskneutral,0,0.74762,0.0,1,,,massA=2.37e-06 massB=8.01e-07,after,0,0.0
p1,150,15,risk,0,82,113,0.74,1.0198,0,True,B,meta-llama/Llama-3.1-8B-Instruct,chat,riskneutral,0,0.95791,0.01008,1,,,massA=0.000424 massB=0.00966,after,0,0.0
p1,322,32,risk,0,131,236,0.57,1.0269,1,True,B,meta-llama/Llama-3.1-8B-Instruct,chat,riskneutral,0,0.94499,0.00032,1,,,massA=1.76e-05 massB=0.000303,after,0,0.0
p1,239,23,risk,0,91,626,0.23,1.5822,4,False,A,meta-llama/Llama-3.1-8B-Instruct,chat,riskneutral,0,0.76207,0.0,1,,,massA=1.92e-06 massB=6e-07,after,0,0.0
p1,396,39,risk,0,178,567,0.32,1.0193,3,True,B,meta-llama/Llama-3.1-8B-Instruct,chat,riskneutral,0,0.81523,0.00428,1,,,massA=0.00079 massB=0.00349,after,0,0.0
p1,142,14,risk,0,81,201,0.68,1.6874,1,True,B,meta-llama/Llama-3.1-8B-Instruct,chat,riskneutral,0,0.95186,0.0003,1,,,massA=1.43e-05 massB=0.000282,after,0,0.0
p1,62,6,risk,0,94,101,0.71,0.7629,1,True,B,meta-llama/Llama-3.1-8B-Instruct,chat,riskneutral,0,0.95328,0.00035,1,,,massA=1.62e-05 massB=0.000331,after,0,0.0
p1,263,26,risk,0,59,151,0.36,0.9214,1,False,A,meta-llama/Llama-3.1-8B-Instruct,chat,riskneutral,0,0.62977,1e-05,1,,,massA=3.48e-06 massB=2.04e-06,after,0,0.0
p1,378,37,risk,0,151,252,0.68,1.1348,4,True,B,meta-llama/Llama-3.1-8B-Instruct,chat,riskneutral,0,0.84594,3e-05,1,,,massA=5.06e-06 massB=2.78e-05,after,0,0.0
p1,160,16,risk,0,139,234,0.6,1.0101,0,True,B,meta-llama/Llama-3.1-8B-Instruct,chat,riskneutral,0,0.94251,0.01036,1,,,massA=0.000596 massB=0.00977,after,0,0.0
p1,383,38,risk,0,183,609,0.38,1.2646,1,False,A,meta-llama/Llama-3.1-8B-Instruct,chat,riskneutral,0,0.55833,1e-05,1,,,massA=4e-06 massB=3.17e-06,after,0,0.0
p1,112,11,risk,0,54,68,0.81,1.02,1,True,B,meta-llama/Llama-3.1-8B-Instruct,chat,riskneutral,0,0.94738,0.00026,1,,,massA=1.39e-05 massB=0.000249,after,0,0.0
p1,156,15,risk,0,82,113,0.74,1.0198,3,True,B,meta-llama/Llama-3.1-8B-Instruct,chat,riskneutral,0,0.77458,0.00482,1,,,massA=0.00109 massB=0.00373,after,0,0.0
p1,38,3,risk,0,46,158,0.33,1.1335,4,True,B,meta-llama/Llama-3.1-8B-Instruct,chat,riskneutral,0,0.80069,4e-05,1,,,massA=7.52e-06 massB=3.02e-05,after,0,0.0
p1,128,12,risk,0,164,541,0.38,1.2535,4,True,B,meta-llama/Llama-3.1-8B-Instruct,chat,riskneutral,0,0.88243,5e-05,1,,,massA=5.3e-06 massB=3.98e-05,after,0,0.0
p1,217,21,risk,0,106,206,0.73,1.4187,3,False,A,meta-llama/Llama-3.1-8B-Instruct,chat,riskneutral,0,0.88563,0.00028,1,,,massA=0.000248 massB=3.21e-05,after,0,0.0
p1,318,31,risk,0,51,151,0.29,0.8586,4,True,B,meta-llama/Llama-3.1-8B-Instruct,chat,riskneutral,0,0.84797,5e-05,1,,,massA=8.04e-06 massB=4.49e-05,after,0,0.0
p1,55,5,risk,0,162,381,0.46,1.0819,2,False,A,meta-llama/Llama-3.1-8B-Instruct,chat,riskneutral,0,0.64064,8e-05,1,,,massA=5.38e-05 massB=3.02e-05,after,0,0.0
p1,96,9,risk,0,49,153,0.26,0.8118,3,True,B,meta-llama/Llama-3.1-8B-Instruct,chat,riskneutral,0,0.76065,0.00209,1,,,massA=0.0005 massB=0.00159,after,0,0.0
p1,8,0,risk,0,186,984,0.26,1.3755,4,True,B,meta-llama/Llama-3.1-8B-Instruct,chat,riskneutral,0,0.83332,3e-05,1,,,massA=5.08e-06 massB=2.54e-05,after,0,0.0
p1,132,13,risk,0,72,88,0.64,0.7822,1,True,B,meta-llama/Llama-3.1-8B-Instruct,chat,riskneutral,0,0.93535,0.00019,1,,,massA=1.2e-05 massB=0.000174,after,0,0.0
p1,340,34,risk,0,52,96,0.63,1.1631,0,True,B,meta-llama/Llama-3.1-8B-Instruct,chat,riskneutral,0,0.94418,0.00693,1,,,massA=0.000387 massB=0.00655,after,0,0.0
p1,28,2,risk,0,162,661,0.26,1.0609,4,True,B,meta-llama/Llama-3.1-8B-Instruct,chat,riskneutral,0,0.84183,3e-05,1,,,massA=5.53e-06 massB=2.94e-05,after,0,0.0
p1,77,7,risk,0,63,98,0.64,0.9956,3,False,A,meta-llama/Llama-3.1-8B-Instruct,chat,riskneutral,0,0.91118,0.00011,1,,,massA=0.000102 massB=9.94e-06,after,0,0.0
p1,349,34,risk,0,52,96,0.63,1.1631,4,False,A,meta-llama/Llama-3.1-8B-Instruct,chat,riskneutral,0,0.78923,0.0,1,,,massA=2.24e-06 massB=5.99e-07,after,0,0.0
p1,371,37,risk,0,151,252,0.68,1.1348,0,False,A,meta-llama/Llama-3.1-8B-Instruct,chat,riskneutral,0,0.68595,0.00038,1,,,massA=0.000259 massB=0.000119,after,0,0.0
p1,0,0,risk,0,186,984,0.26,1.3755,0,True,B,meta-llama/Llama-3.1-8B-Instruct,chat,riskneutral,0,0.93991,0.0081,1,,,massA=0.000487 massB=0.00762,after,0,0.0
p1,111,11,risk,0,54,68,0.81,1.02,0,False,A,meta-llama/Llama-3.1-8B-Instruct,chat,riskneutral,0,0.67576,0.00051,1,,,massA=0.000347 massB=0.000166,after,0,0.0
p1,238,23,risk,0,91,626,0.23,1.5822,4,True,B,meta-llama/Llama-3.1-8B-Instruct,chat,riskneutral,0,0.84594,3e-05,1,,,massA=4.41e-06 massB=2.42e-05,after,0,0.0
p1,7,0,risk,0,186,984,0.26,1.3755,3,False,A,meta-llama/Llama-3.1-8B-Instruct,chat,riskneutral,0,0.8872,0.00017,1,,,massA=0.00015 massB=1.91e-05,after,0,0.0
p1,40,4,risk,0,29,71,0.55,1.3466,0,True,B,meta-llama/Llama-3.1-8B-Instruct,chat,riskneutral,0,0.94251,0.01304,1,,,massA=0.00075 massB=0.0123,after,0,0.0
p1,393,39,risk,0,178,567,0.32,1.0193,1,False,A,meta-llama/Llama-3.1-8B-Instruct,chat,riskneutral,0,0.54674,1e-05,1,,,massA=7.04e-06 massB=5.84e-06,after,0,0.0
p1,3,0,risk,0,186,984,0.26,1.3755,1,False,A,meta-llama/Llama-3.1-8B-Instruct,chat,riskneutral,0,0.59643,1e-05,1,,,massA=6.27e-06 massB=4.24e-06,after,0,0.0
p1,154,15,risk,0,82,113,0.74,1.0198,2,True,B,meta-llama/Llama-3.1-8B-Instruct,chat,riskneutral,0,0.8872,0.00277,1,,,massA=0.000313 massB=0.00246,after,0,0.0
p1,129,12,risk,0,164,541,0.38,1.2535,4,False,A,meta-llama/Llama-3.1-8B-Instruct,chat,riskneutral,0,0.73564,0.0,1,,,massA=2.21e-06 massB=7.93e-07,after,0,0.0
p1,203,20,risk,0,186,266,0.63,0.901,1,False,A,meta-llama/Llama-3.1-8B-Instruct,chat,riskneutral,0,0.61138,1e-05,1,,,massA=7.15e-06 massB=4.54e-06,after,0,0.0
p1,118,11,risk,0,54,68,0.81,1.02,4,True,B,meta-llama/Llama-3.1-8B-Instruct,chat,riskneutral,0,0.8808,6e-05,1,,,massA=7.39e-06 massB=5.46e-05,after,0,0.0
p1,137,13,risk,0,72,88,0.64,0.7822,3,False,A,meta-llama/Llama-3.1-8B-Instruct,chat,riskneutral,0,0.90599,0.00011,1,,,massA=0.000104 massB=1.08e-05,after,0,0.0
p1,95,9,risk,0,49,153,0.26,0.8118,2,False,A,meta-llama/Llama-3.1-8B-Instruct,chat,riskneutral,0,0.55833,6e-05,1,,,massA=3.28e-05 massB=2.6e-05,after,0,0.0
p1,33,3,risk,0,46,158,0.33,1.1335,1,False,A,meta-llama/Llama-3.1-8B-Instruct,chat,riskneutral,0,0.64243,1e-05,1,,,massA=4.21e-06 massB=2.34e-06,after,0,0.0
p1,321,32,risk,0,131,236,0.57,1.0269,0,False,A,meta-llama/Llama-3.1-8B-Instruct,chat,riskneutral,0,0.68257,0.00033,1,,,massA=0.000225 massB=0.000104,after,0,0.0
p1,91,9,risk,0,49,153,0.26,0.8118,0,False,A,meta-llama/Llama-3.1-8B-Instruct,chat,riskneutral,0,0.57368,0.0003,1,,,massA=0.000173 massB=0.000129,after,0,0.0
p1,73,7,risk,0,63,98,0.64,0.9956,1,False,A,meta-llama/Llama-3.1-8B-Instruct,chat,riskneutral,0,0.60766,1e-05,1,,,massA=4.16e-06 massB=2.68e-06,after,0,0.0
p1,86,8,risk,0,62,263,0.33,1.3998,3,True,B,meta-llama/Llama-3.1-8B-Instruct,chat,riskneutral,0,0.70579,0.00525,1,,,massA=0.00154 massB=0.00371,after,0,0.0
p1,25,2,risk,0,162,661,0.26,1.0609,2,False,A,meta-llama/Llama-3.1-8B-Instruct,chat,riskneutral,0,0.56602,0.0001,1,,,massA=5.55e-05 massB=4.26e-05,after,0,0.0
p1,197,19,risk,0,64,122,0.49,0.9341,3,False,A,meta-llama/Llama-3.1-8B-Instruct,chat,riskneutral,0,0.89029,0.00022,1,,,massA=0.000198 massB=2.44e-05,after,0,0.0
p1,155,15,risk,0,82,113,0.74,1.0198,2,False,A,meta-llama/Llama-3.1-8B-Instruct,chat,riskneutral,0,0.68257,8e-05,1,,,massA=5.75e-05 massB=2.67e-05,after,0,0.0
p1,135,13,risk,0,72,88,0.64,0.7822,2,False,A,meta-llama/Llama-3.1-8B-Instruct,chat,riskneutral,0,0.67576,7e-05,1,,,massA=4.82e-05 massB=2.31e-05,after,0,0.0
p1,185,18,risk,0,41,61,0.58,0.8629,2,False,A,meta-llama/Llama-3.1-8B-Instruct,chat,riskneutral,0,0.69925,5e-05,1,,,massA=3.72e-05 massB=1.6e-05,after,0,0.0
p1,92,9,risk,0,49,153,0.26,0.8118,1,True,B,meta-llama/Llama-3.1-8B-Instruct,chat,riskneutral,0,0.9149,0.00011,1,,,massA=9.66e-06 massB=0.000104,after,0,0.0
p1,370,37,risk,0,151,252,0.68,1.1348,0,True,B,meta-llama/Llama-3.1-8B-Instruct,chat,riskneutral,0,0.94418,0.00628,1,,,massA=0.000351 massB=0.00593,after,0,0.0
p1,398,39,risk,0,178,567,0.32,1.0193,4,True,B,meta-llama/Llama-3.1-8B-Instruct,chat,riskneutral,0,0.86339,4e-05,1,,,massA=6.04e-06 massB=3.82e-05,after,0,0.0
p1,140,14,risk,0,81,201,0.68,1.6874,0,True,B,meta-llama/Llama-3.1-8B-Instruct,chat,riskneutral,0,0.96323,0.00855,1,,,massA=0.000314 massB=0.00824,after,0,0.0
p1,243,24,risk,0,168,214,0.76,0.9681,1,False,A,meta-llama/Llama-3.1-8B-Instruct,chat,riskneutral,0,0.51172,1e-05,1,,,massA=6.75e-06 massB=6.44e-06,after,0,0.0
p1,253,25,risk,0,124,207,0.76,1.2687,1,False,A,meta-llama/Llama-3.1-8B-Instruct,chat,riskneutral,0,0.5351,1e-05,1,,,massA=6.64e-06 massB=5.77e-06,after,0,0.0
p1,352,35,risk,0,91,133,0.68,0.9938,1,True,B,meta-llama/Llama-3.1-8B-Instruct,chat,riskneutral,0,0.9466,0.00026,1,,,massA=1.37e-05 massB=0.000243,after,0,0.0
p1,303,30,risk,0,149,447,0.26,0.78,1,False,A,meta-llama/Llama-3.1-8B-Instruct,chat,riskneutral,0,0.54286,1e-05,1,,,massA=5.34e-06 massB=4.5e-06,after,0,0.0
p1,84,8,risk,0,62,263,0.33,1.3998,2,True,B,meta-llama/Llama-3.1-8B-Instruct,chat,riskneutral,0,0.7773,0.00261,1,,,massA=0.000581 massB=0.00203,after,0,0.0
p1,365,36,risk,0,98,227,0.47,1.0887,2,False,A,meta-llama/Llama-3.1-8B-Instruct,chat,riskneutral,0,0.57368,0.0001,1,,,massA=5.96e-05 massB=4.43e-05,after,0,0.0
p1,369,36,risk,0,98,227,0.47,1.0887,4,False,A,meta-llama/Llama-3.1-8B-Instruct,chat,riskneutral,0,0.74017,0.0,1,,,massA=2.38e-06 massB=8.36e-07,after,0,0.0
p1,113,11,risk,0,54,68,0.81,1.02,1,False,A,meta-llama/Llama-3.1-8B-Instruct,chat,riskneutral,0,0.59267,2e-05,1,,,massA=1.17e-05 massB=8.04e-06,after,0,0.0
p1,186,18,risk,0,41,61,0.58,0.8629,3,True,B,meta-llama/Llama-3.1-8B-Instruct,chat,riskneutral,0,0.77458,0.00402,1,,,massA=0.000907 massB=0.00312,after,0,0.0
p1,341,34,risk,0,52,96,0.63,1.1631,0,False,A,meta-llama/Llama-3.1-8B-Instruct,chat,riskneutral,0,0.71859,0.00023,1,,,massA=0.000163 massB=6.37e-05,after,0,0.0
p1,313,31,risk,0,51,151,0.29,0.8586,1,False,A,meta-llama/Llama-3.1-8B-Instruct,chat,riskneutral,0,0.58889,1e-05,1,,,massA=4.3e-06 massB=3e-06,after,0,0.0
p1,143,14,risk,0,81,201,0.68,1.6874,1,False,A,meta-llama/Llama-3.1-8B-Instruct,chat,riskneutral,0,0.59643,1e-05,1,,,massA=5.23e-06 massB=3.54e-06,after,0,0.0
p1,72,7,risk,0,63,98,0.64,0.9956,1,True,B,meta-llama/Llama-3.1-8B-Instruct,chat,riskneutral,0,0.94165,0.00022,1,,,massA=1.3e-05 massB=0.00021,after,0,0.0
p1,170,17,risk,0,117,362,0.42,1.2995,0,True,B,meta-llama/Llama-3.1-8B-Instruct,chat,riskneutral,0,0.94335,0.0088,1,,,massA=0.000499 massB=0.0083,after,0,0.0
p1,181,18,risk,0,41,61,0.58,0.8629,0,False,A,meta-llama/Llama-3.1-8B-Instruct,chat,riskneutral,0,0.70253,0.00021,1,,,massA=0.000146 massB=6.17e-05,after,0,0.0
p1,1,0,risk,0,186,984,0.26,1.3755,0,False,A,meta-llama/Llama-3.1-8B-Instruct,chat,riskneutral,0,0.65842,0.00068,1,,,massA=0.000451 massB=0.000234,after,0,0.0
p1,105,10,risk,0,111,278,0.58,1.4526,2,False,A,meta-llama/Llama-3.1-8B-Instruct,chat,riskneutral,0,0.6478,8e-05,1,,,massA=5.31e-05 massB=2.89e-05,after,0,0.0
p1,11,1,risk,0,58,116,0.66,1.32,0,False,A,meta-llama/Llama-3.1-8B-Instruct,chat,riskneutral,0,0.68595,0.0004,1,,,massA=0.000274 massB=0.000125,after,0,0.0
p1,244,24,risk,0,168,214,0.76,0.9681,2,True,B,meta-llama/Llama-3.1-8B-Instruct,chat,riskneutral,0,0.86154,0.0027,1,,,massA=0.000373 massB=0.00232,after,0,0.0
p1,165,16,risk,0,139,234,0.6,1.0101,2,False,A,meta-llama/Llama-3.1-8B-Instruct,chat,riskneutral,0,0.62246,8e-05,1,,,massA=5.28e-05 massB=3.2e-05,after,0,0.0
p1,361,36,risk,0,98,227,0.47,1.0887,0,False,A,meta-llama/Llama-3.1-8B-Instruct,chat,riskneutral,0,0.59267,0.00051,1,,,massA=0.000302 massB=0.000208,after,0,0.0
p1,233,23,risk,0,91,626,0.23,1.5822,1,False,A,meta-llama/Llama-3.1-8B-Instruct,chat,riskneutral,0,0.56218,1e-05,1,,,massA=3.36e-06 massB=2.62e-06,after,0,0.0
p1,30,3,risk,0,46,158,0.33,1.1335,0,True,B,meta-llama/Llama-3.1-8B-Instruct,chat,riskneutral,0,0.93721,0.01011,1,,,massA=0.000635 massB=0.00947,after,0,0.0
p1,13,1,risk,0,58,116,0.66,1.32,1,False,A,meta-llama/Llama-3.1-8B-Instruct,chat,riskneutral,0,0.59643,1e-05,1,,,massA=7.2e-06 massB=4.87e-06,after,0,0.0
p1,347,34,risk,0,52,96,0.63,1.1631,3,False,A,meta-llama/Llama-3.1-8B-Instruct,chat,riskneutral,0,0.9263,0.00017,1,,,massA=0.000154 massB=1.22e-05,after,0,0.0
p1,119,11,risk,0,54,68,0.81,1.02,4,False,A,meta-llama/Llama-3.1-8B-Instruct,chat,riskneutral,0,0.76207,0.0,1,,,massA=2.92e-06 massB=9.1e-07,after,0,0.0
p1,257,25,risk,0,124,207,0.76,1.2687,3,False,A,meta-llama/Llama-3.1-8B-Instruct,chat,riskneutral,0,0.89181,0.00022,1,,,massA=0.000194 massB=2.36e-05,after,0,0.0
p1,255,25,risk,0,124,207,0.76,1.2687,2,False,A,meta-llama/Llama-3.1-8B-Instruct,chat,riskneutral,0,0.63341,0.00013,1,,,massA=8.03e-05 massB=4.65e-05,after,0,0.0
p1,310,31,risk,0,51,151,0.29,0.8586,0,True,B,meta-llama/Llama-3.1-8B-Instruct,chat,riskneutral,0,0.94335,0.00832,1,,,massA=0.000471 massB=0.00785,after,0,0.0
p1,43,4,risk,0,29,71,0.55,1.3466,1,False,A,meta-llama/Llama-3.1-8B-Instruct,chat,riskneutral,0,0.63341,1e-05,1,,,massA=5.04e-06 massB=2.92e-06,after,0,0.0
p1,228,22,risk,0,81,163,0.72,1.4489,4,True,B,meta-llama/Llama-3.1-8B-Instruct,chat,riskneutral,0,0.8706,5e-05,1,,,massA=6.93e-06 massB=4.66e-05,after,0,0.0
p1,103,10,risk,0,111,278,0.58,1.4526,1,False,A,meta-llama/Llama-3.1-8B-Instruct,chat,riskneutral,0,0.52342,1e-05,1,,,massA=4.86e-06 massB=4.43e-06,after,0,0.0
p1,83,8,risk,0,62,263,0.33,1.3998,1,False,A,meta-llama/Llama-3.1-8B-Instruct,chat,riskneutral,0,0.5813,1e-05,1,,,massA=5.94e-06 massB=4.28e-06,after,0,0.0
p1,274,27,risk,0,166,433,0.53,1.3825,2,True,B,meta-llama/Llama-3.1-8B-Instruct,chat,riskneutral,0,0.85966,0.00337,1,,,massA=0.000473 massB=0.0029,after,0,0.0
p1,4,0,risk,0,186,984,0.26,1.3755,2,True,B,meta-llama/Llama-3.1-8B-Instruct,chat,riskneutral,0,0.8439,0.00198,1,,,massA=0.000309 massB=0.00167,after,0,0.0
p1,277,27,risk,0,166,433,0.53,1.3825,3,False,A,meta-llama/Llama-3.1-8B-Instruct,chat,riskneutral,0,0.91848,0.00028,1,,,massA=0.000261 massB=2.31e-05,after,0,0.0
p1,275,27,risk,0,166,433,0.53,1.3825,2,False,A,meta-llama/Llama-3.1-8B-Instruct,chat,riskneutral,0,0.68931,6e-05,1,,,massA=4.35e-05 massB=1.96e-05,after,0,0.0
p1,307,30,risk,0,149,447,0.26,0.78,3,False,A,meta-llama/Llama-3.1-8B-Instruct,chat,riskneutral,0,0.8706,0.00019,1,,,massA=0.000162 massB=2.41e-05,after,0,0.0
p1,325,32,risk,0,131,236,0.57,1.0269,2,False,A,meta-llama/Llama-3.1-8B-Instruct,chat,riskneutral,0,0.68257,8e-05,1,,,massA=5.47e-05 massB=2.55e-05,after,0,0.0
p1,306,30,risk,0,149,447,0.26,0.78,3,True,B,meta-llama/Llama-3.1-8B-Instruct,chat,riskneutral,0,0.74909,0.00354,1,,,massA=0.000889 massB=0.00265,after,0,0.0
p1,397,39,risk,0,178,567,0.32,1.0193,3,False,A,meta-llama/Llama-3.1-8B-Instruct,chat,riskneutral,0,0.89912,0.00018,1,,,massA=0.000163 massB=1.83e-05,after,0,0.0
p1,89,8,risk,0,62,263,0.33,1.3998,4,False,A,meta-llama/Llama-3.1-8B-Instruct,chat,riskneutral,0,0.77046,0.0,1,,,massA=2.56e-06 massB=7.64e-07,after,0,0.0
p1,362,36,risk,0,98,227,0.47,1.0887,1,True,B,meta-llama/Llama-3.1-8B-Instruct,chat,riskneutral,0,0.95041,0.00051,1,,,massA=2.55e-05 massB=0.000488,after,0,0.0
p1,22,2,risk,0,162,661,0.26,1.0609,1,True,B,meta-llama/Llama-3.1-8B-Instruct,chat,riskneutral,0,0.92523,0.00018,1,,,massA=1.34e-05 massB=0.000166,after,0,0.0
p1,324,32,risk,0,131,236,0.57,1.0269,2,True,B,meta-llama/Llama-3.1-8B-Instruct,chat,riskneutral,0,0.85585,0.00337,1,,,massA=0.000486 massB=0.00289,after,0,0.0
p1,131,13,risk,0,72,88,0.64,0.7822,0,False,A,meta-llama/Llama-3.1-8B-Instruct,chat,riskneutral,0,0.65135,0.00015,1,,,massA=9.96e-05 massB=5.33e-05,after,0,0.0
p1,152,15,risk,0,82,113,0.74,1.0198,1,True,B,meta-llama/Llama-3.1-8B-Instruct,chat,riskneutral,0,0.95728,0.00031,1,,,massA=1.3e-05 massB=0.000292,after,0,0.0
p1,187,18,risk,0,41,61,0.58,0.8629,3,False,A,meta-llama/Llama-3.1-8B-Instruct,chat,riskneutral,0,0.90991,0.00015,1,,,massA=0.000137 massB=1.35e-05,after,0,0.0
p1,213,21,risk,0,106,206,0.73,1.4187,1,False,A,meta-llama/Llama-3.1-8B-Instruct,chat,riskneutral,0,0.55061,1e-05,1,,,massA=6.96e-06 massB=5.68e-06,after,0,0.0
p1,189,18,risk,0,41,61,0.58,0.8629,4,False,A,meta-llama/Llama-3.1-8B-Instruct,chat,riskneutral,0,0.77999,0.0,1,,,massA=2.34e-06 massB=6.6e-07,after,0,0.0
p1,373,37,risk,0,151,252,0.68,1.1348,1,False,A,meta-llama/Llama-3.1-8B-Instruct,chat,riskneutral,0,0.5813,1e-05,1,,,massA=7.74e-06 massB=5.57e-06,after,0,0.0
p1,285,28,risk,0,132,181,0.76,1.0421,2,False,A,meta-llama/Llama-3.1-8B-Instruct,chat,riskneutral,0,0.63341,0.00011,1,,,massA=6.72e-05 massB=3.89e-05,after,0,0.0
p1,205,20,risk,0,186,266,0.63,0.901,2,False,A,meta-llama/Llama-3.1-8B-Instruct,chat,riskneutral,0,0.70253,9e-05,1,,,massA=6.26e-05 massB=2.65e-05,after,0,0.0
p1,270,27,risk,0,166,433,0.53,1.3825,0,True,B,meta-llama/Llama-3.1-8B-Instruct,chat,riskneutral,0,0.94418,0.01818,1,,,massA=0.00101 massB=0.0172,after,0,0.0
p1,110,11,risk,0,54,68,0.81,1.02,0,True,B,meta-llama/Llama-3.1-8B-Instruct,chat,riskneutral,0,0.95257,0.00961,1,,,massA=0.000456 massB=0.00916,after,0,0.0
p1,50,5,risk,0,162,381,0.46,1.0819,0,True,B,meta-llama/Llama-3.1-8B-Instruct,chat,riskneutral,0,0.93812,0.0078,1,,,massA=0.000483 massB=0.00732,after,0,0.0
p1,390,39,risk,0,178,567,0.32,1.0193,0,True,B,meta-llama/Llama-3.1-8B-Instruct,chat,riskneutral,0,0.94418,0.0102,1,,,massA=0.00057 massB=0.00963,after,0,0.0
p1,98,9,risk,0,49,153,0.26,0.8118,4,True,B,meta-llama/Llama-3.1-8B-Instruct,chat,riskneutral,0,0.82671,3e-05,1,,,massA=4.91e-06 massB=2.34e-05,after,0,0.0
p1,379,37,risk,0,151,252,0.68,1.1348,4,False,A,meta-llama/Llama-3.1-8B-Instruct,chat,riskneutral,0,0.76207,0.0,1,,,massA=1.95e-06 massB=6.09e-07,after,0,0.0
p1,106,10,risk,0,111,278,0.58,1.4526,3,True,B,meta-llama/Llama-3.1-8B-Instruct,chat,riskneutral,0,0.78266,0.00743,1,,,massA=0.00161 massB=0.00581,after,0,0.0
p1,24,2,risk,0,162,661,0.26,1.0609,2,True,B,meta-llama/Llama-3.1-8B-Instruct,chat,riskneutral,0,0.83114,0.00245,1,,,massA=0.000413 massB=0.00203,after,0,0.0
p1,45,4,risk,0,29,71,0.55,1.3466,2,False,A,meta-llama/Llama-3.1-8B-Instruct,chat,riskneutral,0,0.67576,7e-05,1,,,massA=4.98e-05 massB=2.39e-05,after,0,0.0
p1,240,24,risk,0,168,214,0.76,0.9681,0,True,B,meta-llama/Llama-3.1-8B-Instruct,chat,riskneutral,0,0.95328,0.01153,1,,,massA=0.000539 massB=0.011,after,0,0.0
p1,214,21,risk,0,106,206,0.73,1.4187,2,True,B,meta-llama/Llama-3.1-8B-Instruct,chat,riskneutral,0,0.8872,0.00443,1,,,massA=0.0005 massB=0.00393,after,0,0.0
p1,314,31,risk,0,51,151,0.29,0.8586,2,True,B,meta-llama/Llama-3.1-8B-Instruct,chat,riskneutral,0,0.85391,0.00315,1,,,massA=0.00046 massB=0.00269,after,0,0.0
p1,319,31,risk,0,51,151,0.29,0.8586,4,False,A,meta-llama/Llama-3.1-8B-Instruct,chat,riskneutral,0,0.72331,0.0,1,,,massA=2.65e-06 massB=1.01e-06,after,0,0.0
p1,159,15,risk,0,82,113,0.74,1.0198,4,False,A,meta-llama/Llama-3.1-8B-Instruct,chat,riskneutral,0,0.74167,0.0,1,,,massA=2.47e-06 massB=8.59e-07,after,0,0.0
p1,222,22,risk,0,81,163,0.72,1.4489,1,True,B,meta-llama/Llama-3.1-8B-Instruct,chat,riskneutral,0,0.94815,0.00023,1,,,massA=1.21e-05 massB=0.000221,after,0,0.0
p1,329,32,risk,0,131,236,0.57,1.0269,4,False,A,meta-llama/Llama-3.1-8B-Instruct,chat,riskneutral,0,0.75055,0.0,1,,,massA=1.86e-06 massB=6.18e-07,after,0,0.0
p1,191,19,risk,0,64,122,0.49,0.9341,0,False,A,meta-llama/Llama-3.1-8B-Instruct,chat,riskneutral,0,0.62977,0.00027,1,,,massA=0.000172 massB=0.000101,after,0,0.0
p1,180,18,risk,0,41,61,0.58,0.8629,0,True,B,meta-llama/Llama-3.1-8B-Instruct,chat,riskneutral,0,0.94499,0.00827,1,,,massA=0.000455 massB=0.00781,after,0,0.0
p1,215,21,risk,0,106,206,0.73,1.4187,2,False,A,meta-llama/Llama-3.1-8B-Instruct,chat,riskneutral,0,0.64423,0.00022,1,,,massA=0.000139 massB=7.65e-05,after,0,0.0
p1,351,35,risk,0,91,133,0.68,0.9938,0,False,A,meta-llama/Llama-3.1-8B-Instruct,chat,riskneutral,0,0.67918,0.00037,1,,,massA=0.000251 massB=0.000119,after,0,0.0
p1,295,29,risk,0,79,81,0.83,0.851,2,False,A,meta-llama/Llama-3.1-8B-Instruct,chat,riskneutral,0,0.74017,0.00011,1,,,massA=8.22e-05 massB=2.88e-05,after,0,0.0
p1,116,11,risk,0,54,68,0.81,1.02,3,True,B,meta-llama/Llama-3.1-8B-Instruct,chat,riskneutral,0,0.79819,0.00552,1,,,massA=0.00111 massB=0.00441,after,0,0.0
p1,49,4,risk,0,29,71,0.55,1.3466,4,False,A,meta-llama/Llama-3.1-8B-Instruct,chat,riskneutral,0,0.80194,0.0,1,,,massA=3.35e-06 massB=8.28e-07,after,0,0.0
p1,394,39,risk,0,178,567,0.32,1.0193,2,True,B,meta-llama/Llama-3.1-8B-Instruct,chat,riskneutral,0,0.84997,0.00254,1,,,massA=0.000382 massB=0.00216,after,0,0.0
p1,387,38,risk,0,183,609,0.38,1.2646,3,False,A,meta-llama/Llama-3.1-8B-Instruct,chat,riskneutral,0,0.89029,0.00015,1,,,massA=0.00013 massB=1.6e-05,after,0,0.0
p1,141,14,risk,0,81,201,0.68,1.6874,0,False,A,meta-llama/Llama-3.1-8B-Instruct,chat,riskneutral,0,0.62977,0.00034,1,,,massA=0.000213 massB=0.000125,after,0,0.0
p1,395,39,risk,0,178,567,0.32,1.0193,2,False,A,meta-llama/Llama-3.1-8B-Instruct,chat,riskneutral,0,0.61138,0.00012,1,,,massA=7.47e-05 massB=4.75e-05,after,0,0.0
p1,127,12,risk,0,164,541,0.38,1.2535,3,False,A,meta-llama/Llama-3.1-8B-Instruct,chat,riskneutral,0,0.89625,0.00025,1,,,massA=0.000225 massB=2.61e-05,after,0,0.0
p1,368,36,risk,0,98,227,0.47,1.0887,4,True,B,meta-llama/Llama-3.1-8B-Instruct,chat,riskneutral,0,0.88404,0.00011,1,,,massA=1.24e-05 massB=9.43e-05,after,0,0.0
p1,359,35,risk,0,91,133,0.68,0.9938,4,False,A,meta-llama/Llama-3.1-8B-Instruct,chat,riskneutral,0,0.75492,0.0,1,,,massA=2.39e-06 massB=7.76e-07,after,0,0.0
p1,338,33,risk,0,142,446,0.53,1.6646,4,True,B,meta-llama/Llama-3.1-8B-Instruct,chat,riskneutral,0,0.87748,8e-05,1,,,massA=9.41e-06 massB=6.74e-05,after,0,0.0
p1,218,21,risk,0,106,206,0.73,1.4187,4,True,B,meta-llama/Llama-3.1-8B-Instruct,chat,riskneutral,0,0.88563,8e-05,1,,,massA=9.33e-06 massB=7.22e-05,after,0,0.0
p1,288,28,risk,0,132,181,0.76,1.0421,4,True,B,meta-llama/Llama-3.1-8B-Instruct,chat,riskneutral,0,0.87408,6e-05,1,,,massA=6.94e-06 massB=4.82e-05,after,0,0.0
p1,67,6,risk,0,94,101,0.71,0.7629,3,False,A,meta-llama/Llama-3.1-8B-Instruct,chat,riskneutral,0,0.9149,0.00032,1,,,massA=0.000293 massB=2.73e-05,after,0,0.0
p1,121,12,risk,0,164,541,0.38,1.2535,0,False,A,meta-llama/Llama-3.1-8B-Instruct,chat,riskneutral,0,0.62977,0.00047,1,,,massA=0.000297 massB=0.000175,after,0,0.0
p1,363,36,risk,0,98,227,0.47,1.0887,1,False,A,meta-llama/Llama-3.1-8B-Instruct,chat,riskneutral,0,0.52732,1e-05,1,,,massA=5.5e-06 massB=4.93e-06,after,0,0.0
p1,204,20,risk,0,186,266,0.63,0.901,2,True,B,meta-llama/Llama-3.1-8B-Instruct,chat,riskneutral,0,0.85585,0.00246,1,,,massA=0.000355 massB=0.00211,after,0,0.0
p1,242,24,risk,0,168,214,0.76,0.9681,1,True,B,meta-llama/Llama-3.1-8B-Instruct,chat,riskneutral,0,0.9466,0.0003,1,,,massA=1.59e-05 massB=0.000281,after,0,0.0
p1,16,1,risk,0,58,116,0.66,1.32,3,True,B,meta-llama/Llama-3.1-8B-Instruct,chat,riskneutral,0,0.74614,0.00737,1,,,massA=0.00187 massB=0.0055,after,0,0.0
p1,29,2,risk,0,162,661,0.26,1.0609,4,False,A,meta-llama/Llama-3.1-8B-Instruct,chat,riskneutral,0,0.6943,0.0,1,,,massA=1.89e-06 massB=8.3e-07,after,0,0.0
p1,162,16,risk,0,139,234,0.6,1.0101,1,True,B,meta-llama/Llama-3.1-8B-Instruct,chat,riskneutral,0,0.92192,0.00015,1,,,massA=1.17e-05 massB=0.000138,after,0,0.0
p1,19,1,risk,0,58,116,0.66,1.32,4,False,A,meta-llama/Llama-3.1-8B-Instruct,chat,riskneutral,0,0.7773,0.0,1,,,massA=3.25e-06 massB=9.31e-07,after,0,0.0
p1,199,19,risk,0,64,122,0.49,0.9341,4,False,A,meta-llama/Llama-3.1-8B-Instruct,chat,riskneutral,0,0.81048,0.0,1,,,massA=3.56e-06 massB=8.32e-07,after,0,0.0
p1,5,0,risk,0,186,984,0.26,1.3755,2,False,A,meta-llama/Llama-3.1-8B-Instruct,chat,riskneutral,0,0.63341,0.00013,1,,,massA=8.23e-05 massB=4.76e-05,after,0,0.0
p1,144,14,risk,0,81,201,0.68,1.6874,2,True,B,meta-llama/Llama-3.1-8B-Instruct,chat,riskneutral,0,0.87915,0.00297,1,,,massA=0.000359 massB=0.00261,after,0,0.0
p1,108,10,risk,0,111,278,0.58,1.4526,4,True,B,meta-llama/Llama-3.1-8B-Instruct,chat,riskneutral,0,0.8706,0.0001,1,,,massA=1.29e-05 massB=8.7e-05,after,0,0.0
p1,301,30,risk,0,149,447,0.26,0.78,0,False,A,meta-llama/Llama-3.1-8B-Instruct,chat,riskneutral,0,0.59643,0.00077,1,,,massA=0.00046 massB=0.000311,after,0,0.0
p1,148,14,risk,0,81,201,0.68,1.6874,4,True,B,meta-llama/Llama-3.1-8B-Instruct,chat,riskneutral,0,0.86339,5e-05,1,,,massA=6.3e-06 massB=3.98e-05,after,0,0.0
p1,15,1,risk,0,58,116,0.66,1.32,2,False,A,meta-llama/Llama-3.1-8B-Instruct,chat,riskneutral,0,0.69596,8e-05,1,,,massA=5.87e-05 massB=2.56e-05,after,0,0.0
p1,20,2,risk,0,162,661,0.26,1.0609,0,True,B,meta-llama/Llama-3.1-8B-Instruct,chat,riskneutral,0,0.93629,0.00791,1,,,massA=0.000504 massB=0.0074,after,0,0.0
p1,193,19,risk,0,64,122,0.49,0.9341,1,False,A,meta-llama/Llama-3.1-8B-Instruct,chat,riskneutral,0,0.62612,1e-05,1,,,massA=4.84e-06 massB=2.89e-06,after,0,0.0
p1,63,6,risk,0,94,101,0.71,0.7629,1,False,A,meta-llama/Llama-3.1-8B-Instruct,chat,riskneutral,0,0.59643,1e-05,1,,,massA=8.68e-06 massB=5.87e-06,after,0,0.0
p1,167,16,risk,0,139,234,0.6,1.0101,3,False,A,meta-llama/Llama-3.1-8B-Instruct,chat,riskneutral,0,0.90599,0.00018,1,,,massA=0.00016 massB=1.66e-05,after,0,0.0
p1,357,35,risk,0,91,133,0.68,0.9938,3,False,A,meta-llama/Llama-3.1-8B-Instruct,chat,riskneutral,0,0.92414,0.00021,1,,,massA=0.000194 massB=1.59e-05,after,0,0.0
p1,58,5,risk,0,162,381,0.46,1.0819,4,True,B,meta-llama/Llama-3.1-8B-Instruct,chat,riskneutral,0,0.8808,5e-05,1,,,massA=6.01e-06 massB=4.44e-05,after,0,0.0
p1,309,30,risk,0,149,447,0.26,0.78,4,False,A,meta-llama/Llama-3.1-8B-Instruct,chat,riskneutral,0,0.68763,0.0,1,,,massA=2e-06 massB=9.09e-07,after,0,0.0
p1,147,14,risk,0,81,201,0.68,1.6874,3,False,A,meta-llama/Llama-3.1-8B-Instruct,chat,riskneutral,0,0.89912,0.00017,1,,,massA=0.000151 massB=1.7e-05,after,0,0.0
p1,42,4,risk,0,29,71,0.55,1.3466,1,True,B,meta-llama/Llama-3.1-8B-Instruct,chat,riskneutral,0,0.93245,0.00018,1,,,massA=1.2e-05 massB=0.000166,after,0,0.0
p1,249,24,risk,0,168,214,0.76,0.9681,4,False,A,meta-llama/Llama-3.1-8B-Instruct,chat,riskneutral,0,0.66715,0.0,1,,,massA=2.11e-06 massB=1.05e-06,after,0,0.0
p1,311,31,risk,0,51,151,0.29,0.8586,0,False,A,meta-llama/Llama-3.1-8B-Instruct,chat,riskneutral,0,0.5775,0.00049,1,,,massA=0.000286 massB=0.000209,after,0,0.0
p1,163,16,risk,0,139,234,0.6,1.0101,1,False,A,meta-llama/Llama-3.1-8B-Instruct,chat,riskneutral,0,0.61509,1e-05,1,,,massA=5.26e-06 massB=3.29e-06,after,0,0.0
p1,122,12,risk,0,164,541,0.38,1.2535,1,True,B,meta-llama/Llama-3.1-8B-Instruct,chat,riskneutral,0,0.9458,0.00024,1,,,massA=1.28e-05 massB=0.000223,after,0,0.0
p1,388,38,risk,0,183,609,0.38,1.2646,4,True,B,meta-llama/Llama-3.1-8B-Instruct,chat,riskneutral,0,0.87579,5e-05,1,,,massA=5.68e-06 massB=4e-05,after,0,0.0
p1,168,16,risk,0,139,234,0.6,1.0101,4,True,B,meta-llama/Llama-3.1-8B-Instruct,chat,riskneutral,0,0.85391,4e-05,1,,,massA=6.11e-06 massB=3.57e-05,after,0,0.0
p1,192,19,risk,0,64,122,0.49,0.9341,1,True,B,meta-llama/Llama-3.1-8B-Instruct,chat,riskneutral,0,0.93046,0.00028,1,,,massA=1.95e-05 massB=0.000261,after,0,0.0
p1,266,26,risk,0,59,151,0.36,0.9214,3,True,B,meta-llama/Llama-3.1-8B-Instruct,chat,riskneutral,0,0.77458,0.00266,1,,,massA=0.0006 massB=0.00206,after,0,0.0
p1,300,30,risk,0,149,447,0.26,0.78,0,True,B,meta-llama/Llama-3.1-8B-Instruct,chat,riskneutral,0,0.93991,0.01157,1,,,massA=0.000695 massB=0.0109,after,0,0.0
p1,282,28,risk,0,132,181,0.76,1.0421,1,True,B,meta-llama/Llama-3.1-8B-Instruct,chat,riskneutral,0,0.94165,0.00034,1,,,massA=1.96e-05 massB=0.000317,after,0,0.0
p1,219,21,risk,0,106,206,0.73,1.4187,4,False,A,meta-llama/Llama-3.1-8B-Instruct,chat,riskneutral,0,0.71542,0.0,1,,,massA=2.94e-06 massB=1.17e-06,after,0,0.0
p1,101,10,risk,0,111,278,0.58,1.4526,0,False,A,meta-llama/Llama-3.1-8B-Instruct,chat,riskneutral,0,0.66888,0.00033,1,,,massA=0.000224 massB=0.000111,after,0,0.0
p1,123,12,risk,0,164,541,0.38,1.2535,1,False,A,meta-llama/Llama-3.1-8B-Instruct,chat,riskneutral,0,0.54286,1e-05,1,,,massA=7.82e-06 massB=6.58e-06,after,0,0.0
p1,82,8,risk,0,62,263,0.33,1.3998,1,True,B,meta-llama/Llama-3.1-8B-Instruct,chat,riskneutral,0,0.92523,0.00021,1,,,massA=1.6e-05 massB=0.000197,after,0,0.0
p1,268,26,risk,0,59,151,0.36,0.9214,4,True,B,meta-llama/Llama-3.1-8B-Instruct,chat,riskneutral,0,0.85391,4e-05,1,,,massA=5.74e-06 massB=3.35e-05,after,0,0.0
p1,151,15,risk,0,82,113,0.74,1.0198,0,False,A,meta-llama/Llama-3.1-8B-Instruct,chat,riskneutral,0,0.66888,0.0004,1,,,massA=0.000269 massB=0.000133,after,0,0.0
p1,171,17,risk,0,117,362,0.42,1.2995,0,False,A,meta-llama/Llama-3.1-8B-Instruct,chat,riskneutral,0,0.64423,0.00027,1,,,massA=0.000176 massB=9.72e-05,after,0,0.0
p1,375,37,risk,0,151,252,0.68,1.1348,2,False,A,meta-llama/Llama-3.1-8B-Instruct,chat,riskneutral,0,0.67576,0.0001,1,,,massA=6.63e-05 massB=3.18e-05,after,0,0.0
p1,6,0,risk,0,186,984,0.26,1.3755,3,True,B,meta-llama/Llama-3.1-8B-Instruct,chat,riskneutral,0,0.8439,0.00378,1,,,massA=0.000589 massB=0.00319,after,0,0.0
p1,326,32,risk,0,131,236,0.57,1.0269,3,True,B,meta-llama/Llama-3.1-8B-Instruct,chat,riskneutral,0,0.79311,0.00538,1,,,massA=0.00111 massB=0.00427,after,0,0.0
p1,227,22,risk,0,81,163,0.72,1.4489,3,False,A,meta-llama/Llama-3.1-8B-Instruct,chat,riskneutral,0,0.88563,0.00015,1,,,massA=0.000135 massB=1.74e-05,after,0,0.0
p1,279,27,risk,0,166,433,0.53,1.3825,4,False,A,meta-llama/Llama-3.1-8B-Instruct,chat,riskneutral,0,0.77594,0.0,1,,,massA=2.88e-06 massB=8.33e-07,after,0,0.0
p1,376,37,risk,0,151,252,0.68,1.1348,3,True,B,meta-llama/Llama-3.1-8B-Instruct,chat,riskneutral,0,0.77458,0.00351,1,,,massA=0.000792 massB=0.00272,after,0,0.0
p1,392,39,risk,0,178,567,0.32,1.0193,1,True,B,meta-llama/Llama-3.1-8B-Instruct,chat,riskneutral,0,0.9458,0.0002,1,,,massA=1.09e-05 massB=0.000189,after,0,0.0
p1,331,33,risk,0,142,446,0.53,1.6646,0,False,A,meta-llama/Llama-3.1-8B-Instruct,chat,riskneutral,0,0.69596,0.00045,1,,,massA=0.000313 massB=0.000137,after,0,0.0
p1,93,9,risk,0,49,153,0.26,0.8118,1,False,A,meta-llama/Llama-3.1-8B-Instruct,chat,riskneutral,0,0.6058,0.0,1,,,massA=2.96e-06 massB=1.93e-06,after,0,0.0
p1,125,12,risk,0,164,541,0.38,1.2535,2,False,A,meta-llama/Llama-3.1-8B-Instruct,chat,riskneutral,0,0.56985,8e-05,1,,,massA=4.63e-05 massB=3.5e-05,after,0,0.0
p1,344,34,risk,0,52,96,0.63,1.1631,2,True,B,meta-llama/Llama-3.1-8B-Instruct,chat,riskneutral,0,0.81757,0.00175,1,,,massA=0.00032 massB=0.00143,after,0,0.0
p1,9,0,risk,0,186,984,0.26,1.3755,4,False,A,meta-llama/Llama-3.1-8B-Instruct,chat,riskneutral,0,0.76065,0.0,1,,,massA=2.65e-06 massB=8.34e-07,after,0,0.0
p1,297,29,risk,0,79,81,0.83,0.851,3,False,A,meta-llama/Llama-3.1-8B-Instruct,chat,riskneutral,0,0.92841,0.00026,1,,,massA=0.000245 massB=1.89e-05,after,0,0.0
p1,161,16,risk,0,139,234,0.6,1.0101,0,False,A,meta-llama/Llama-3.1-8B-Instruct,chat,riskneutral,0,0.66888,0.00024,1,,,massA=0.000158 massB=7.84e-05,after,0,0.0
p1,386,38,risk,0,183,609,0.38,1.2646,3,True,B,meta-llama/Llama-3.1-8B-Instruct,chat,riskneutral,0,0.86704,0.00687,1,,,massA=0.000914 massB=0.00596,after,0,0.0
p1,289,28,risk,0,132,181,0.76,1.0421,4,False,A,meta-llama/Llama-3.1-8B-Instruct,chat,riskneutral,0,0.67918,0.0,1,,,massA=1.95e-06 massB=9.22e-07,after,0,0.0
p1,356,35,risk,0,91,133,0.68,0.9938,3,True,B,meta-llama/Llama-3.1-8B-Instruct,chat,riskneutral,0,0.76629,0.00513,1,,,massA=0.0012 massB=0.00393,after,0,0.0
p1,304,30,risk,0,149,447,0.26,0.78,2,True,B,meta-llama/Llama-3.1-8B-Instruct,chat,riskneutral,0,0.83762,0.00221,1,,,massA=0.00036 massB=0.00185,after,0,0.0
p1,234,23,risk,0,91,626,0.23,1.5822,2,True,B,meta-llama/Llama-3.1-8B-Instruct,chat,riskneutral,0,0.84594,0.0021,1,,,massA=0.000324 massB=0.00178,after,0,0.0
p1,320,32,risk,0,131,236,0.57,1.0269,0,True,B,meta-llama/Llama-3.1-8B-Instruct,chat,riskneutral,0,0.94165,0.01331,1,,,massA=0.000777 massB=0.0125,after,0,0.0
p1,76,7,risk,0,63,98,0.64,0.9956,3,True,B,meta-llama/Llama-3.1-8B-Instruct,chat,riskneutral,0,0.76065,0.00361,1,,,massA=0.000863 massB=0.00274,after,0,0.0
p1,202,20,risk,0,186,266,0.63,0.901,1,True,B,meta-llama/Llama-3.1-8B-Instruct,chat,riskneutral,0,0.93629,0.00021,1,,,massA=1.33e-05 massB=0.000196,after,0,0.0
p1,399,39,risk,0,178,567,0.32,1.0193,4,False,A,meta-llama/Llama-3.1-8B-Instruct,chat,riskneutral,0,0.73106,0.0,1,,,massA=2.6e-06 massB=9.55e-07,after,0,0.0
p1,139,13,risk,0,72,88,0.64,0.7822,4,False,A,meta-llama/Llama-3.1-8B-Instruct,chat,riskneutral,0,0.73412,0.0,1,,,massA=2.46e-06 massB=8.89e-07,after,0,0.0
p1,178,17,risk,0,117,362,0.42,1.2995,4,True,B,meta-llama/Llama-3.1-8B-Instruct,chat,riskneutral,0,0.8706,5e-05,1,,,massA=6.2e-06 massB=4.17e-05,after,0,0.0
p1,145,14,risk,0,81,201,0.68,1.6874,2,False,A,meta-llama/Llama-3.1-8B-Instruct,chat,riskneutral,0,0.6478,0.00015,1,,,massA=9.79e-05 massB=5.32e-05,after,0,0.0
p1,212,21,risk,0,106,206,0.73,1.4187,1,True,B,meta-llama/Llama-3.1-8B-Instruct,chat,riskneutral,0,0.95465,0.00039,1,,,massA=1.76e-05 massB=0.00037,after,0,0.0
p1,248,24,risk,0,168,214,0.76,0.9681,4,True,B,meta-llama/Llama-3.1-8B-Instruct,chat,riskneutral,0,0.88243,6e-05,1,,,massA=6.95e-06 massB=5.21e-05,after,0,0.0
p1,65,6,risk,0,94,101,0.71,0.7629,2,False,A,meta-llama/Llama-3.1-8B-Instruct,chat,riskneutral,0,0.70579,0.00014,1,,,massA=9.84e-05 massB=4.1e-05,after,0,0.0
p1,78,7,risk,0,63,98,0.64,0.9956,4,True,B,meta-llama/Llama-3.1-8B-Instruct,chat,riskneutral,0,0.83762,4e-05,1,,,massA=6.41e-06 massB=3.31e-05,after,0,0.0
p1,56,5,risk,0,162,381,0.46,1.0819,3,True,B,meta-llama/Llama-3.1-8B-Instruct,chat,riskneutral,0,0.78266,0.00497,1,,,massA=0.00108 massB=0.00389,after,0,0.0
p1,34,3,risk,0,46,158,0.33,1.1335,2,True,B,meta-llama/Llama-3.1-8B-Instruct,chat,riskneutral,0,0.79311,0.00213,1,,,massA=0.00044 massB=0.00169,after,0,0.0
p1,302,30,risk,0,149,447,0.26,0.78,1,True,B,meta-llama/Llama-3.1-8B-Instruct,chat,riskneutral,0,0.93046,0.00019,1,,,massA=1.31e-05 massB=0.000175,after,0,0.0
p1,246,24,risk,0,168,214,0.76,0.9681,3,True,B,meta-llama/Llama-3.1-8B-Instruct,chat,riskneutral,0,0.7773,0.00642,1,,,massA=0.00143 massB=0.00499,after,0,0.0
p1,342,34,risk,0,52,96,0.63,1.1631,1,True,B,meta-llama/Llama-3.1-8B-Instruct,chat,riskneutral,0,0.93721,0.00017,1,,,massA=1.08e-05 massB=0.000162,after,0,0.0
p1,41,4,risk,0,29,71,0.55,1.3466,0,False,A,meta-llama/Llama-3.1-8B-Instruct,chat,riskneutral,0,0.69925,0.00024,1,,,massA=0.000167 massB=7.18e-05,after,0,0.0
p1,372,37,risk,0,151,252,0.68,1.1348,1,True,B,meta-llama/Llama-3.1-8B-Instruct,chat,riskneutral,0,0.93721,0.00015,1,,,massA=9.64e-06 massB=0.000144,after,0,0.0
p1,345,34,risk,0,52,96,0.63,1.1631,2,False,A,meta-llama/Llama-3.1-8B-Instruct,chat,riskneutral,0,0.69925,6e-05,1,,,massA=4.24e-05 massB=1.83e-05,after,0,0.0
p1,229,22,risk,0,81,163,0.72,1.4489,4,False,A,meta-llama/Llama-3.1-8B-Instruct,chat,riskneutral,0,0.70416,0.0,1,,,massA=1.75e-06 massB=7.33e-07,after,0,0.0
p1,315,31,risk,0,51,151,0.29,0.8586,2,False,A,meta-llama/Llama-3.1-8B-Instruct,chat,riskneutral,0,0.55833,0.00014,1,,,massA=7.91e-05 massB=6.26e-05,after,0,0.0
p1,190,19,risk,0,64,122,0.49,0.9341,0,True,B,meta-llama/Llama-3.1-8B-Instruct,chat,riskneutral,0,0.94165,0.01425,1,,,massA=0.000831 massB=0.0134,after,0,0.0
p1,35,3,risk,0,46,158,0.33,1.1335,2,False,A,meta-llama/Llama-3.1-8B-Instruct,chat,riskneutral,0,0.60393,0.0001,1,,,massA=6.04e-05 massB=3.96e-05,after,0,0.0
p1,184,18,risk,0,41,61,0.58,0.8629,2,True,B,meta-llama/Llama-3.1-8B-Instruct,chat,riskneutral,0,0.86704,0.00269,1,,,massA=0.000358 massB=0.00233,after,0,0.0
p1,327,32,risk,0,131,236,0.57,1.0269,3,False,A,meta-llama/Llama-3.1-8B-Instruct,chat,riskneutral,0,0.92304,0.00021,1,,,massA=0.000197 massB=1.64e-05,after,0,0.0
p1,269,26,risk,0,59,151,0.36,0.9214,4,False,A,meta-llama/Llama-3.1-8B-Instruct,chat,riskneutral,0,0.77458,0.0,1,,,massA=2.18e-06 massB=6.33e-07,after,0,0.0
p1,69,6,risk,0,94,101,0.71,0.7629,4,False,A,meta-llama/Llama-3.1-8B-Instruct,chat,riskneutral,0,0.75923,1e-05,1,,,massA=4.74e-06 massB=1.5e-06,after,0,0.0
p1,305,30,risk,0,149,447,0.26,0.78,2,False,A,meta-llama/Llama-3.1-8B-Instruct,chat,riskneutral,0,0.56602,0.00012,1,,,massA=6.72e-05 massB=5.15e-05,after,0,0.0
p1,358,35,risk,0,91,133,0.68,0.9938,4,True,B,meta-llama/Llama-3.1-8B-Instruct,chat,riskneutral,0,0.87235,6e-05,1,,,massA=7.5e-06 massB=5.13e-05,after,0,0.0
p1,366,36,risk,0,98,227,0.47,1.0887,3,True,B,meta-llama/Llama-3.1-8B-Instruct,chat,riskneutral,0,0.75491,0.00676,1,,,massA=0.00166 massB=0.0051,after,0,0.0
p1,278,27,risk,0,166,433,0.53,1.3825,4,True,B,meta-llama/Llama-3.1-8B-Instruct,chat,riskneutral,0,0.8808,0.00011,1,,,massA=1.35e-05 massB=9.99e-05,after,0,0.0
p1,153,15,risk,0,82,113,0.74,1.0198,1,False,A,meta-llama/Llama-3.1-8B-Instruct,chat,riskneutral,0,0.56218,1e-05,1,,,massA=5.91e-06 massB=4.6e-06,after,0,0.0
p1,195,19,risk,0,64,122,0.49,0.9341,2,False,A,meta-llama/Llama-3.1-8B-Instruct,chat,riskneutral,0,0.62977,6e-05,1,,,massA=3.53e-05 massB=2.08e-05,after,0,0.0
p1,47,4,risk,0,29,71,0.55,1.3466,3,False,A,meta-llama/Llama-3.1-8B-Instruct,chat,riskneutral,0,0.92841,0.00018,1,,,massA=0.000164 massB=1.27e-05,after,0,0.0
p1,85,8,risk,0,62,263,0.33,1.3998,2,False,A,meta-llama/Llama-3.1-8B-Instruct,chat,riskneutral,0,0.60019,0.00011,1,,,massA=6.56e-05 massB=4.37e-05,after,0,0.0
p1,23,2,risk,0,162,661,0.26,1.0609,1,False,A,meta-llama/Llama-3.1-8B-Instruct,chat,riskneutral,0,0.55061,1e-05,1,,,massA=5.96e-06 massB=4.87e-06,after,0,0.0
p1,256,25,risk,0,124,207,0.76,1.2687,3,True,B,meta-llama/Llama-3.1-8B-Instruct,chat,riskneutral,0,0.76065,0.00468,1,,,massA=0.00112 massB=0.00356,after,0,0.0
p1,225,22,risk,0,81,163,0.72,1.4489,2,False,A,meta-llama/Llama-3.1-8B-Instruct,chat,riskneutral,0,0.61509,6e-05,1,,,massA=3.75e-05 massB=2.35e-05,after,0,0.0
p1,293,29,risk,0,79,81,0.83,0.851,1,False,A,meta-llama/Llama-3.1-8B-Instruct,chat,riskneutral,0,0.65842,1e-05,1,,,massA=7.7e-06 massB=4e-06,after,0,0.0
p1,88,8,risk,0,62,263,0.33,1.3998,4,True,B,meta-llama/Llama-3.1-8B-Instruct,chat,riskneutral,0,0.83332,6e-05,1,,,massA=9.26e-06 massB=4.63e-05,after,0,0.0
p1,134,13,risk,0,72,88,0.64,0.7822,2,True,B,meta-llama/Llama-3.1-8B-Instruct,chat,riskneutral,0,0.85195,0.00211,1,,,massA=0.000312 massB=0.0018,after,0,0.0
p1,136,13,risk,0,72,88,0.64,0.7822,3,True,B,meta-llama/Llama-3.1-8B-Instruct,chat,riskneutral,0,0.74614,0.00392,1,,,massA=0.000995 massB=0.00292,after,0,0.0
p1,46,4,risk,0,29,71,0.55,1.3466,3,True,B,meta-llama/Llama-3.1-8B-Instruct,chat,riskneutral,0,0.76908,0.00519,1,,,massA=0.0012 massB=0.00399,after,0,0.0
p1,348,34,risk,0,52,96,0.63,1.1631,4,True,B,meta-llama/Llama-3.1-8B-Instruct,chat,riskneutral,0,0.84997,5e-05,1,,,massA=6.97e-06 massB=3.95e-05,after,0,0.0
p1,14,1,risk,0,58,116,0.66,1.32,2,True,B,meta-llama/Llama-3.1-8B-Instruct,chat,riskneutral,0,0.87408,0.00439,1,,,massA=0.000553 massB=0.00384,after,0,0.0
p1,117,11,risk,0,54,68,0.81,1.02,3,False,A,meta-llama/Llama-3.1-8B-Instruct,chat,riskneutral,0,0.90599,0.00024,1,,,massA=0.000213 massB=2.21e-05,after,0,0.0
p1,335,33,risk,0,142,446,0.53,1.6646,2,False,A,meta-llama/Llama-3.1-8B-Instruct,chat,riskneutral,0,0.65489,8e-05,1,,,massA=5.21e-05 massB=2.74e-05,after,0,0.0
p1,75,7,risk,0,63,98,0.64,0.9956,2,False,A,meta-llama/Llama-3.1-8B-Instruct,chat,riskneutral,0,0.68257,8e-05,1,,,massA=5.34e-05 massB=2.48e-05,after,0,0.0
p1,130,13,risk,0,72,88,0.64,0.7822,0,True,B,meta-llama/Llama-3.1-8B-Instruct,chat,riskneutral,0,0.94079,0.00686,1,,,massA=0.000406 massB=0.00645,after,0,0.0
p1,172,17,risk,0,117,362,0.42,1.2995,1,True,B,meta-llama/Llama-3.1-8B-Instruct,chat,riskneutral,0,0.93902,0.0002,1,,,massA=1.22e-05 massB=0.000187,after,0,0.0
p1,381,38,risk,0,183,609,0.38,1.2646,0,False,A,meta-llama/Llama-3.1-8B-Instruct,chat,riskneutral,0,0.61878,0.0003,1,,,massA=0.000187 massB=0.000115,after,0,0.0
p1,231,23,risk,0,91,626,0.23,1.5822,0,False,A,meta-llama/Llama-3.1-8B-Instruct,chat,riskneutral,0,0.60766,0.00031,1,,,massA=0.000191 massB=0.000124,after,0,0.0
p1,61,6,risk,0,94,101,0.71,0.7629,0,False,A,meta-llama/Llama-3.1-8B-Instruct,chat,riskneutral,0,0.66888,0.00057,1,,,massA=0.000382 massB=0.000189,after,0,0.0
p1,66,6,risk,0,94,101,0.71,0.7629,3,True,B,meta-llama/Llama-3.1-8B-Instruct,chat,riskneutral,0,0.80807,0.00677,1,,,massA=0.0013 massB=0.00547,after,0,0.0
p1,364,36,risk,0,98,227,0.47,1.0887,2,True,B,meta-llama/Llama-3.1-8B-Instruct,chat,riskneutral,0,0.85195,0.00433,1,,,massA=0.000641 massB=0.00369,after,0,0.0
p1,157,15,risk,0,82,113,0.74,1.0198,3,False,A,meta-llama/Llama-3.1-8B-Instruct,chat,riskneutral,0,0.90991,0.00023,1,,,massA=0.000214 massB=2.12e-05,after,0,0.0
p1,31,3,risk,0,46,158,0.33,1.1335,0,False,A,meta-llama/Llama-3.1-8B-Instruct,chat,riskneutral,0,0.65489,0.0003,1,,,massA=0.000196 massB=0.000103,after,0,0.0
p2,379,12,gain,0,164,541,0.38,1.2535,4,False,A,meta-llama/Llama-3.1-8B-Instruct,chat,riskneutral,0,0.50976,0.0,1,,,massA=1.64e-06 massB=1.58e-06,after,0,0.0
p2,232,7,mixed,63,63,98,0.64,0.9956,1,True,B,meta-llama/Llama-3.1-8B-Instruct,chat,riskneutral,0,0.9458,0.00127,1,,,massA=6.9e-05 massB=0.0012,after,0,0.0
p2,430,14,gain,0,81,201,0.68,1.6874,0,True,B,meta-llama/Llama-3.1-8B-Instruct,chat,riskneutral,0,0.95915,0.00518,1,,,massA=0.000212 massB=0.00497,after,0,0.0
p2,153,5,neutral,0,162,381,0.46,1.0819,1,False,A,meta-llama/Llama-3.1-8B-Instruct,chat,riskneutral,0,0.5,0.00029,1,,,massA=0.000146 massB=0.000146,after,0,0.0
p2,1001,33,gain,0,142,446,0.53,1.6646,0,False,A,meta-llama/Llama-3.1-8B-Instruct,chat,riskneutral,0,0.77999,8e-05,1,,,massA=6.54e-05 massB=1.84e-05,after,0,0.0
p2,632,21,neutral,0,106,206,0.73,1.4187,1,True,B,meta-llama/Llama-3.1-8B-Instruct,chat,riskneutral,0,0.98849,0.02173,1,,,massA=0.00025 massB=0.0215,after,0,0.0
p2,546,18,neutral,0,41,61,0.58,0.8629,3,True,B,meta-llama/Llama-3.1-8B-Instruct,chat,riskneutral,0,0.94335,0.0476,1,,,massA=0.0027 massB=0.0449,after,0,0.0
p2,371,12,gain,0,164,541,0.38,1.2535,0,False,A,meta-llama/Llama-3.1-8B-Instruct,chat,riskneutral,0,0.71223,6e-05,1,,,massA=4.12e-05 massB=1.66e-05,after,0,0.0
p2,283,9,gain,0,49,153,0.26,0.8118,1,False,A,meta-llama/Llama-3.1-8B-Instruct,chat,riskneutral,0,0.41111,0.00011,1,,,massA=4.62e-05 massB=6.62e-05,after,0,0.0
p2,256,8,gain,0,62,263,0.33,1.3998,3,True,B,meta-llama/Llama-3.1-8B-Instruct,chat,riskneutral,0,0.8977,0.009,1,,,massA=0.000921 massB=0.00808,after,0,0.0
p2,1127,37,gain,0,151,252,0.68,1.1348,3,False,A,meta-llama/Llama-3.1-8B-Instruct,chat,riskneutral,0,0.55447,0.00028,1,,,massA=0.000155 massB=0.000125,after,0,0.0
p2,264,8,mixed,62,62,263,0.33,1.3998,2,True,B,meta-llama/Llama-3.1-8B-Instruct,chat,riskneutral,0,0.89912,0.00299,1,,,massA=0.000302 massB=0.00269,after,0,0.0
p2,1266,33,dominant,0,142,179,1.0,1.2606,0,True,B,meta-llama/Llama-3.1-8B-Instruct,chat,riskneutral,0,0.84183,0.10342,1,,,massA=0.0164 massB=0.0871,after,0,0.0
p2,868,28,mixed,132,132,181,0.76,1.0421,4,True,B,meta-llama/Llama-3.1-8B-Instruct,chat,riskneutral,0,0.92304,0.00114,1,,,massA=8.75e-05 massB=0.00105,after,0,0.0
p2,711,23,mixed,91,91,626,0.23,1.5822,0,False,A,meta-llama/Llama-3.1-8B-Instruct,chat,riskneutral,0,0.87579,0.00015,1,,,massA=0.000127 massB=1.81e-05,after,0,0.0
p2,152,5,neutral,0,162,381,0.46,1.0819,1,True,B,meta-llama/Llama-3.1-8B-Instruct,chat,riskneutral,0,0.97771,0.01191,1,,,massA=0.000265 massB=0.0116,after,0,0.0
p2,919,30,gain,0,149,447,0.26,0.78,4,False,A,meta-llama/Llama-3.1-8B-Instruct,chat,riskneutral,0,0.47658,0.0,1,,,massA=1.47e-06 massB=1.61e-06,after,0,0.0
p2,747,24,mixed,168,168,214,0.76,0.9681,3,False,A,meta-llama/Llama-3.1-8B-Instruct,chat,riskneutral,0,0.88404,0.00015,1,,,massA=0.000134 massB=1.75e-05,after,0,0.0
p2,129,4,neutral,0,29,71,0.55,1.3466,4,False,A,meta-llama/Llama-3.1-8B-Instruct,chat,riskneutral,0,0.68257,1e-05,1,,,massA=6.15e-06 massB=2.86e-06,after,0,0.0
p2,560,18,mixed,41,41,61,0.58,0.8629,0,True,B,meta-llama/Llama-3.1-8B-Instruct,chat,riskneutral,0,0.92414,0.0125,1,,,massA=0.000948 massB=0.0115,after,0,0.0
p2,193,6,gain,0,94,101,0.71,0.7629,1,False,A,meta-llama/Llama-3.1-8B-Instruct,chat,riskneutral,0,0.45714,0.00017,1,,,massA=7.74e-05 massB=9.19e-05,after,0,0.0
p2,575,19,neutral,0,64,122,0.49,0.9341,2,False,A,meta-llama/Llama-3.1-8B-Instruct,chat,riskneutral,0,0.51172,9e-05,1,,,massA=4.59e-05 massB=4.38e-05,after,0,0.0
p2,571,19,neutral,0,64,122,0.49,0.9341,0,False,A,meta-llama/Llama-3.1-8B-Instruct,chat,riskneutral,0,0.55061,0.0009,1,,,massA=0.000494 massB=0.000403,after,0,0.0
p2,54,1,mixed,58,58,116,0.66,1.32,2,True,B,meta-llama/Llama-3.1-8B-Instruct,chat,riskneutral,0,0.83548,0.00363,1,,,massA=0.000597 massB=0.00303,after,0,0.0
p2,1042,34,mixed,52,52,96,0.63,1.1631,1,True,B,meta-llama/Llama-3.1-8B-Instruct,chat,riskneutral,0,0.94418,0.00162,1,,,massA=9.07e-05 massB=0.00153,after,0,0.0
p2,111,3,mixed,46,46,158,0.33,1.1335,0,False,A,meta-llama/Llama-3.1-8B-Instruct,chat,riskneutral,0,0.93902,0.00017,1,,,massA=0.000161 massB=1.05e-05,after,0,0.0
p2,1105,36,mixed,98,98,227,0.47,1.0887,2,False,A,meta-llama/Llama-3.1-8B-Instruct,chat,riskneutral,0,0.7773,9e-05,1,,,massA=7.13e-05 massB=2.04e-05,after,0,0.0
p2,227,7,gain,0,63,98,0.64,0.9956,3,False,A,meta-llama/Llama-3.1-8B-Instruct,chat,riskneutral,0,0.56602,0.00021,1,,,massA=0.000118 massB=9.03e-05,after,0,0.0
p2,1089,36,neutral,0,98,227,0.47,1.0887,4,False,A,meta-llama/Llama-3.1-8B-Instruct,chat,riskneutral,0,0.60019,1e-05,1,,,massA=3.49e-06 massB=2.33e-06,after,0,0.0
p2,727,24,neutral,0,168,214,0.76,0.9681,3,False,A,meta-llama/Llama-3.1-8B-Instruct,chat,riskneutral,0,0.5351,0.00819,1,,,massA=0.00439 massB=0.00381,after,0,0.0
p2,399,13,neutral,0,72,88,0.64,0.7822,4,False,A,meta-llama/Llama-3.1-8B-Instruct,chat,riskneutral,0,0.64243,1e-05,1,,,massA=3.28e-06 massB=1.83e-06,after,0,0.0
p2,1078,35,mixed,91,91,133,0.68,0.9938,4,True,B,meta-llama/Llama-3.1-8B-Instruct,chat,riskneutral,0,0.93146,0.00145,1,,,massA=9.93e-05 massB=0.00135,after,0,0.0
p2,496,16,gain,0,139,234,0.6,1.0101,3,True,B,meta-llama/Llama-3.1-8B-Instruct,chat,riskneutral,0,0.8808,0.0116,1,,,massA=0.00138 massB=0.0102,after,0,0.0
p2,1014,33,mixed,142,142,446,0.53,1.6646,2,True,B,meta-llama/Llama-3.1-8B-Instruct,chat,riskneutral,0,0.89912,0.0043,1,,,massA=0.000433 massB=0.00386,after,0,0.0
p2,443,14,mixed,81,81,201,0.68,1.6874,1,False,A,meta-llama/Llama-3.1-8B-Instruct,chat,riskneutral,0,0.79053,4e-05,1,,,massA=3.2e-05 massB=8.48e-06,after,0,0.0
p2,1224,12,dominant,0,164,181,1.0,1.1037,2,True,B,meta-llama/Llama-3.1-8B-Instruct,chat,riskneutral,0,0.75491,0.02913,1,,,massA=0.00714 massB=0.022,after,0,0.0
p2,41,1,gain,0,58,116,0.66,1.32,0,False,A,meta-llama/Llama-3.1-8B-Instruct,chat,riskneutral,0,0.79819,6e-05,1,,,massA=5.01e-05 massB=1.27e-05,after,0,0.0
p2,69,2,neutral,0,162,661,0.26,1.0609,4,False,A,meta-llama/Llama-3.1-8B-Instruct,chat,riskneutral,0,0.54286,0.0,1,,,massA=2.6e-06 massB=2.19e-06,after,0,0.0
p2,625,20,mixed,186,186,266,0.63,0.901,2,False,A,meta-llama/Llama-3.1-8B-Instruct,chat,riskneutral,0,0.80563,5e-05,1,,,massA=4.27e-05 massB=1.03e-05,after,0,0.0
p2,254,8,gain,0,62,263,0.33,1.3998,2,True,B,meta-llama/Llama-3.1-8B-Instruct,chat,riskneutral,0,0.94815,0.00201,1,,,massA=0.000104 massB=0.0019,after,0,0.0
p2,528,17,gain,0,117,362,0.42,1.2995,4,True,B,meta-llama/Llama-3.1-8B-Instruct,chat,riskneutral,0,0.9173,3e-05,1,,,massA=2.55e-06 massB=2.83e-05,after,0,0.0
p2,276,9,neutral,0,49,153,0.26,0.8118,3,True,B,meta-llama/Llama-3.1-8B-Instruct,chat,riskneutral,0,0.9458,0.05753,1,,,massA=0.00312 massB=0.0544,after,0,0.0
p2,929,30,mixed,149,149,447,0.26,0.78,4,False,A,meta-llama/Llama-3.1-8B-Instruct,chat,riskneutral,0,0.80441,1e-05,1,,,massA=5.82e-06 massB=1.41e-06,after,0,0.0
p2,700,23,gain,0,91,626,0.23,1.5822,0,True,B,meta-llama/Llama-3.1-8B-Instruct,chat,riskneutral,0,0.93629,0.00347,1,,,massA=0.000221 massB=0.00325,after,0,0.0
p2,908,30,neutral,0,149,447,0.26,0.78,4,True,B,meta-llama/Llama-3.1-8B-Instruct,chat,riskneutral,0,0.90862,7e-05,1,,,massA=6.72e-06 massB=6.69e-05,after,0,0.0
p2,809,26,mixed,59,59,151,0.36,0.9214,4,False,A,meta-llama/Llama-3.1-8B-Instruct,chat,riskneutral,0,0.81523,0.0,1,,,massA=2.7e-06 massB=6.13e-07,after,0,0.0
p2,207,6,mixed,94,94,101,0.71,0.7629,3,False,A,meta-llama/Llama-3.1-8B-Instruct,chat,riskneutral,0,0.89181,0.00018,1,,,massA=0.000161 massB=1.95e-05,after,0,0.0
p2,216,7,neutral,0,63,98,0.64,0.9956,3,True,B,meta-llama/Llama-3.1-8B-Instruct,chat,riskneutral,0,0.96095,0.06271,1,,,massA=0.00245 massB=0.0603,after,0,0.0
p2,601,20,neutral,0,186,266,0.63,0.901,0,False,A,meta-llama/Llama-3.1-8B-Instruct,chat,riskneutral,0,0.65489,0.00081,1,,,massA=0.000531 massB=0.00028,after,0,0.0
p2,317,10,gain,0,111,278,0.58,1.4526,3,False,A,meta-llama/Llama-3.1-8B-Instruct,chat,riskneutral,0,0.53121,0.0004,1,,,massA=0.000211 massB=0.000186,after,0,0.0
p2,1069,35,gain,0,91,133,0.68,0.9938,4,False,A,meta-llama/Llama-3.1-8B-Instruct,chat,riskneutral,0,0.52342,0.0,1,,,massA=1.65e-06 massB=1.5e-06,after,0,0.0
p2,42,1,gain,0,58,116,0.66,1.32,1,True,B,meta-llama/Llama-3.1-8B-Instruct,chat,riskneutral,0,0.97904,0.00414,1,,,massA=8.68e-05 massB=0.00406,after,0,0.0
p2,1035,34,gain,0,52,96,0.63,1.1631,2,False,A,meta-llama/Llama-3.1-8B-Instruct,chat,riskneutral,0,0.68931,4e-05,1,,,massA=3.07e-05 massB=1.38e-05,after,0,0.0
p2,475,15,mixed,82,82,113,0.74,1.0198,2,False,A,meta-llama/Llama-3.1-8B-Instruct,chat,riskneutral,0,0.73106,8e-05,1,,,massA=5.74e-05 massB=2.11e-05,after,0,0.0
p2,610,20,gain,0,186,266,0.63,0.901,0,True,B,meta-llama/Llama-3.1-8B-Instruct,chat,riskneutral,0,0.93902,0.00449,1,,,massA=0.000274 massB=0.00421,after,0,0.0
p2,773,25,mixed,124,124,207,0.76,1.2687,1,False,A,meta-llama/Llama-3.1-8B-Instruct,chat,riskneutral,0,0.76065,3e-05,1,,,massA=2.15e-05 massB=6.75e-06,after,0,0.0
p2,1269,34,dominant,0,52,110,1.0,2.1154,3,False,A,meta-llama/Llama-3.1-8B-Instruct,chat,riskneutral,0,0.62612,0.23853,0,,,massA=0.149 massB=0.0892,after,0,0.0
p2,243,8,neutral,0,62,263,0.33,1.3998,1,False,A,meta-llama/Llama-3.1-8B-Instruct,chat,riskneutral,0,0.45714,0.0006,1,,,massA=0.000274 massB=0.000326,after,0,0.0
p2,416,13,mixed,72,72,88,0.64,0.7822,3,True,B,meta-llama/Llama-3.1-8B-Instruct,chat,riskneutral,0,0.80069,0.00922,1,,,massA=0.00184 massB=0.00739,after,0,0.0
p2,1241,20,dominant,0,186,229,1.0,1.2312,2,False,A,meta-llama/Llama-3.1-8B-Instruct,chat,riskneutral,0,0.66541,0.01357,1,,,massA=0.00903 massB=0.00454,after,0,0.0
p2,580,19,gain,0,64,122,0.49,0.9341,0,True,B,meta-llama/Llama-3.1-8B-Instruct,chat,riskneutral,0,0.89181,0.00601,1,,,massA=0.000651 massB=0.00536,after,0,0.0
p2,754,25,neutral,0,124,207,0.76,1.2687,2,True,B,meta-llama/Llama-3.1-8B-Instruct,chat,riskneutral,0,0.87748,0.00268,1,,,massA=0.000329 massB=0.00236,after,0,0.0
p2,1128,37,gain,0,151,252,0.68,1.1348,4,True,B,meta-llama/Llama-3.1-8B-Instruct,chat,riskneutral,0,0.93391,5e-05,1,,,massA=3.08e-06 massB=4.35e-05,after,0,0.0
p2,612,20,gain,0,186,266,0.63,0.901,1,True,B,meta-llama/Llama-3.1-8B-Instruct,chat,riskneutral,0,0.97935,0.00276,1,,,massA=5.71e-05 massB=0.00271,after,0,0.0
p2,549,18,neutral,0,41,61,0.58,0.8629,4,False,A,meta-llama/Llama-3.1-8B-Instruct,chat,riskneutral,0,0.65666,0.0,1,,,massA=3.13e-06 massB=1.63e-06,after,0,0.0
p2,478,15,mixed,82,82,113,0.74,1.0198,4,True,B,meta-llama/Llama-3.1-8B-Instruct,chat,riskneutral,0,0.93146,0.00087,1,,,massA=5.98e-05 massB=0.000813,after,0,0.0
p2,938,31,neutral,0,51,151,0.29,0.8586,4,True,B,meta-llama/Llama-3.1-8B-Instruct,chat,riskneutral,0,0.89479,9e-05,1,,,massA=9.3e-06 massB=7.91e-05,after,0,0.0
p2,162,5,gain,0,162,381,0.46,1.0819,1,True,B,meta-llama/Llama-3.1-8B-Instruct,chat,riskneutral,0,0.96979,0.00301,1,,,massA=9.09e-05 massB=0.00292,after,0,0.0
p2,343,11,gain,0,54,68,0.81,1.02,1,False,A,meta-llama/Llama-3.1-8B-Instruct,chat,riskneutral,0,0.4649,0.00015,1,,,massA=6.9e-05 massB=7.94e-05,after,0,0.0
p2,779,25,mixed,124,124,207,0.76,1.2687,4,False,A,meta-llama/Llama-3.1-8B-Instruct,chat,riskneutral,0,0.82559,1e-05,1,,,massA=5.71e-06 massB=1.21e-06,after,0,0.0
p2,740,24,mixed,168,168,214,0.76,0.9681,0,True,B,meta-llama/Llama-3.1-8B-Instruct,chat,riskneutral,0,0.94418,0.0172,1,,,massA=0.00096 massB=0.0162,after,0,0.0
p2,1256,28,dominant,0,132,158,1.0,1.197,3,True,B,meta-llama/Llama-3.1-8B-Instruct,chat,riskneutral,0,0.75779,0.24771,0,,,massA=0.06 massB=0.188,after,0,0.0
p2,1159,38,gain,0,183,609,0.38,1.2646,4,False,A,meta-llama/Llama-3.1-8B-Instruct,chat,riskneutral,0,0.51757,0.0,1,,,massA=1.64e-06 massB=1.53e-06,after,0,0.0
p2,229,7,gain,0,63,98,0.64,0.9956,4,False,A,meta-llama/Llama-3.1-8B-Instruct,chat,riskneutral,0,0.55833,0.0,1,,,massA=1.63e-06 massB=1.29e-06,after,0,0.0
p2,12,0,gain,0,186,984,0.26,1.3755,1,True,B,meta-llama/Llama-3.1-8B-Instruct,chat,riskneutral,0,0.95791,0.00242,1,,,massA=0.000102 massB=0.00232,after,0,0.0
p2,8,0,neutral,0,186,984,0.26,1.3755,4,True,B,meta-llama/Llama-3.1-8B-Instruct,chat,riskneutral,0,0.88876,5e-05,1,,,massA=5.93e-06 massB=4.74e-05,after,0,0.0
p2,449,14,mixed,81,81,201,0.68,1.6874,4,False,A,meta-llama/Llama-3.1-8B-Instruct,chat,riskneutral,0,0.82783,1e-05,1,,,massA=6.03e-06 massB=1.25e-06,after,0,0.0
p2,1164,38,mixed,183,183,609,0.38,1.2646,2,True,B,meta-llama/Llama-3.1-8B-Instruct,chat,riskneutral,0,0.88404,0.00324,1,,,massA=0.000375 massB=0.00286,after,0,0.0
p2,780,26,neutral,0,59,151,0.36,0.9214,0,True,B,meta-llama/Llama-3.1-8B-Instruct,chat,riskneutral,0,0.95397,0.01093,1,,,massA=0.000503 massB=0.0104,after,0,0.0
p2,993,33,neutral,0,142,446,0.53,1.6646,1,False,A,meta-llama/Llama-3.1-8B-Instruct,chat,riskneutral,0,0.51562,0.0004,1,,,massA=0.000205 massB=0.000193,after,0,0.0
p2,1086,36,neutral,0,98,227,0.47,1.0887,3,True,B,meta-llama/Llama-3.1-8B-Instruct,chat,riskneutral,0,0.94499,0.11649,1,,,massA=0.00641 massB=0.11,after,0,0.0
p2,344,11,gain,0,54,68,0.81,1.02,2,True,B,meta-llama/Llama-3.1-8B-Instruct,chat,riskneutral,0,0.93721,0.00146,1,,,massA=9.17e-05 massB=0.00137,after,0,0.0
p2,266,8,mixed,62,62,263,0.33,1.3998,3,True,B,meta-llama/Llama-3.1-8B-Instruct,chat,riskneutral,0,0.89331,0.01284,1,,,massA=0.00137 massB=0.0115,after,0,0.0
p2,1026,34,neutral,0,52,96,0.63,1.1631,3,True,B,meta-llama/Llama-3.1-8B-Instruct,chat,riskneutral,0,0.9466,0.06162,1,,,massA=0.00329 massB=0.0583,after,0,0.0
p2,812,27,neutral,0,166,433,0.53,1.3825,1,True,B,meta-llama/Llama-3.1-8B-Instruct,chat,riskneutral,0,0.98229,0.0195,1,,,massA=0.000345 massB=0.0192,after,0,0.0
p2,1108,36,mixed,98,98,227,0.47,1.0887,4,True,B,meta-llama/Llama-3.1-8B-Instruct,chat,riskneutral,0,0.93812,0.00135,1,,,massA=8.33e-05 massB=0.00126,after,0,0.0
p2,1262,31,dominant,0,51,73,1.0,1.4314,1,True,B,meta-llama/Llama-3.1-8B-Instruct,chat,riskneutral,0,0.90465,0.28099,0,,,massA=0.0268 massB=0.254,after,0,0.0
p2,184,6,neutral,0,94,101,0.71,0.7629,2,True,B,meta-llama/Llama-3.1-8B-Instruct,chat,riskneutral,0,0.92523,0.00309,1,,,massA=0.000231 massB=0.00286,after,0,0.0
p2,660,22,neutral,0,81,163,0.72,1.4489,0,True,B,meta-llama/Llama-3.1-8B-Instruct,chat,riskneutral,0,0.96979,0.01716,1,,,massA=0.000518 massB=0.0166,after,0,0.0
p2,586,19,gain,0,64,122,0.49,0.9341,3,True,B,meta-llama/Llama-3.1-8B-Instruct,chat,riskneutral,0,0.86883,0.00918,1,,,massA=0.0012 massB=0.00797,after,0,0.0
p2,1155,38,gain,0,183,609,0.38,1.2646,2,False,A,meta-llama/Llama-3.1-8B-Instruct,chat,riskneutral,0,0.56602,0.0001,1,,,massA=5.64e-05 massB=4.32e-05,after,0,0.0
p2,1211,5,dominant,0,162,206,1.0,1.2716,3,False,A,meta-llama/Llama-3.1-8B-Instruct,chat,riskneutral,0,0.60393,0.19587,1,,,massA=0.118 massB=0.0776,after,0,0.0
p2,796,26,gain,0,59,151,0.36,0.9214,3,True,B,meta-llama/Llama-3.1-8B-Instruct,chat,riskneutral,0,0.85391,0.00423,1,,,massA=0.000619 massB=0.00362,after,0,0.0
p2,105,3,gain,0,46,158,0.33,1.1335,2,False,A,meta-llama/Llama-3.1-8B-Instruct,chat,riskneutral,0,0.67918,7e-05,1,,,massA=4.55e-05 massB=2.15e-05,after,0,0.0
p2,485,16,neutral,0,139,234,0.6,1.0101,2,False,A,meta-llama/Llama-3.1-8B-Instruct,chat,riskneutral,0,0.56602,7e-05,1,,,massA=4.14e-05 massB=3.17e-05,after,0,0.0
p2,127,4,neutral,0,29,71,0.55,1.3466,3,False,A,meta-llama/Llama-3.1-8B-Instruct,chat,riskneutral,0,0.59267,0.00596,1,,,massA=0.00353 massB=0.00243,after,0,0.0
p2,365,12,neutral,0,164,541,0.38,1.2535,2,False,A,meta-llama/Llama-3.1-8B-Instruct,chat,riskneutral,0,0.43398,0.00012,1,,,massA=5.03e-05 massB=6.56e-05,after,0,0.0
p2,1196,39,mixed,178,178,567,0.32,1.0193,3,True,B,meta-llama/Llama-3.1-8B-Instruct,chat,riskneutral,0,0.86154,0.01581,1,,,massA=0.00219 massB=0.0136,after,0,0.0
p2,695,23,neutral,0,91,626,0.23,1.5822,2,False,A,meta-llama/Llama-3.1-8B-Instruct,chat,riskneutral,0,0.47658,7e-05,1,,,massA=3.22e-05 massB=3.54e-05,after,0,0.0
p2,426,14,neutral,0,81,201,0.68,1.6874,3,True,B,meta-llama/Llama-3.1-8B-Instruct,chat,riskneutral,0,0.95915,0.07456,1,,,massA=0.00305 massB=0.0715,after,0,0.0
p2,251,8,gain,0,62,263,0.33,1.3998,0,False,A,meta-llama/Llama-3.1-8B-Instruct,chat,riskneutral,0,0.80069,5e-05,1,,,massA=4.33e-05 massB=1.08e-05,after,0,0.0
p2,420,14,neutral,0,81,201,0.68,1.6874,0,True,B,meta-llama/Llama-3.1-8B-Instruct,chat,riskneutral,0,0.97024,0.01671,1,,,massA=0.000497 massB=0.0162,after,0,0.0
p2,1040,34,mixed,52,52,96,0.63,1.1631,0,True,B,meta-llama/Llama-3.1-8B-Instruct,chat,riskneutral,0,0.92841,0.01157,1,,,massA=0.000829 massB=0.0107,after,0,0.0
p2,822,27,gain,0,166,433,0.53,1.3825,1,True,B,meta-llama/Llama-3.1-8B-Instruct,chat,riskneutral,0,0.96267,0.00271,1,,,massA=0.000101 massB=0.00261,after,0,0.0
p2,714,23,mixed,91,91,626,0.23,1.5822,2,True,B,meta-llama/Llama-3.1-8B-Instruct,chat,riskneutral,0,0.92523,0.00312,1,,,massA=0.000233 massB=0.00289,after,0,0.0
p2,363,12,neutral,0,164,541,0.38,1.2535,1,False,A,meta-llama/Llama-3.1-8B-Instruct,chat,riskneutral,0,0.40733,0.00054,1,,,massA=0.000219 massB=0.000319,after,0,0.0
p2,904,30,neutral,0,149,447,0.26,0.78,2,True,B,meta-llama/Llama-3.1-8B-Instruct,chat,riskneutral,0,0.76348,0.0021,1,,,massA=0.000498 massB=0.00161,after,0,0.0
p2,210,7,neutral,0,63,98,0.64,0.9956,0,True,B,meta-llama/Llama-3.1-8B-Instruct,chat,riskneutral,0,0.96153,0.01037,1,,,massA=0.000399 massB=0.00998,after,0,0.0
p2,911,30,gain,0,149,447,0.26,0.78,0,False,A,meta-llama/Llama-3.1-8B-Instruct,chat,riskneutral,0,0.68257,6e-05,1,,,massA=4.28e-05 massB=1.99e-05,after,0,0.0
p2,992,33,neutral,0,142,446,0.53,1.6646,1,True,B,meta-llama/Llama-3.1-8B-Instruct,chat,riskneutral,0,0.98434,0.02082,1,,,massA=0.000326 massB=0.0205,after,0,0.0
p2,124,4,neutral,0,29,71,0.55,1.3466,2,True,B,meta-llama/Llama-3.1-8B-Instruct,chat,riskneutral,0,0.89181,0.00249,1,,,massA=0.00027 massB=0.00222,after,0,0.0
p2,147,4,mixed,29,29,71,0.55,1.3466,3,False,A,meta-llama/Llama-3.1-8B-Instruct,chat,riskneutral,0,0.91244,0.00014,1,,,massA=0.000125 massB=1.2e-05,after,0,0.0
p2,467,15,gain,0,82,113,0.74,1.0198,3,False,A,meta-llama/Llama-3.1-8B-Instruct,chat,riskneutral,0,0.48828,0.00024,1,,,massA=0.000117 massB=0.000122,after,0,0.0
p2,552,18,gain,0,41,61,0.58,0.8629,1,True,B,meta-llama/Llama-3.1-8B-Instruct,chat,riskneutral,0,0.95976,0.0026,1,,,massA=0.000105 massB=0.0025,after,0,0.0
p2,977,32,gain,0,131,236,0.57,1.0269,3,False,A,meta-llama/Llama-3.1-8B-Instruct,chat,riskneutral,0,0.59267,0.00032,1,,,massA=0.000189 massB=0.00013,after,0,0.0
p2,310,10,gain,0,111,278,0.58,1.4526,0,True,B,meta-llama/Llama-3.1-8B-Instruct,chat,riskneutral,0,0.91611,0.00481,1,,,massA=0.000403 massB=0.00441,after,0,0.0
p2,397,13,neutral,0,72,88,0.64,0.7822,3,False,A,meta-llama/Llama-3.1-8B-Instruct,chat,riskneutral,0,0.54286,0.00319,1,,,massA=0.00173 massB=0.00146,after,0,0.0
p2,1129,37,gain,0,151,252,0.68,1.1348,4,False,A,meta-llama/Llama-3.1-8B-Instruct,chat,riskneutral,0,0.50781,0.0,1,,,massA=1.44e-06 massB=1.39e-06,after,0,0.0
p2,626,20,mixed,186,186,266,0.63,0.901,3,True,B,meta-llama/Llama-3.1-8B-Instruct,chat,riskneutral,0,0.81048,0.01039,1,,,massA=0.00197 massB=0.00842,after,0,0.0
p2,662,22,neutral,0,81,163,0.72,1.4489,1,True,B,meta-llama/Llama-3.1-8B-Instruct,chat,riskneutral,0,0.9855,0.01608,1,,,massA=0.000233 massB=0.0159,after,0,0.0
p2,943,31,gain,0,51,151,0.29,0.8586,1,False,A,meta-llama/Llama-3.1-8B-Instruct,chat,riskneutral,0,0.43398,0.00011,1,,,massA=4.83e-05 massB=6.31e-05,after,0,0.0
p2,186,6,neutral,0,94,101,0.71,0.7629,3,True,B,meta-llama/Llama-3.1-8B-Instruct,chat,riskneutral,0,0.96267,0.09136,1,,,massA=0.00341 massB=0.0879,after,0,0.0
p2,274,9,neutral,0,49,153,0.26,0.8118,2,True,B,meta-llama/Llama-3.1-8B-Instruct,chat,riskneutral,0,0.78531,0.00137,1,,,massA=0.000293 massB=0.00107,after,0,0.0
p2,503,16,mixed,139,139,234,0.6,1.0101,1,False,A,meta-llama/Llama-3.1-8B-Instruct,chat,riskneutral,0,0.80807,2e-05,1,,,massA=2e-05 massB=4.76e-06,after,0,0.0
p2,983,32,mixed,131,131,236,0.57,1.0269,1,False,A,meta-llama/Llama-3.1-8B-Instruct,chat,riskneutral,0,0.79053,5e-05,1,,,massA=3.65e-05 massB=9.67e-06,after,0,0.0
p2,937,31,neutral,0,51,151,0.29,0.8586,3,False,A,meta-llama/Llama-3.1-8B-Instruct,chat,riskneutral,0,0.4149,0.0056,1,,,massA=0.00232 massB=0.00328,after,0,0.0
p2,765,25,gain,0,124,207,0.76,1.2687,2,False,A,meta-llama/Llama-3.1-8B-Instruct,chat,riskneutral,0,0.55833,7e-05,1,,,massA=3.79e-05 massB=3e-05,after,0,0.0
p2,1034,34,gain,0,52,96,0.63,1.1631,2,True,B,meta-llama/Llama-3.1-8B-Instruct,chat,riskneutral,0,0.93812,0.00118,1,,,massA=7.3e-05 massB=0.00111,after,0,0.0
p2,959,31,mixed,51,51,151,0.29,0.8586,4,False,A,meta-llama/Llama-3.1-8B-Instruct,chat,riskneutral,0,0.83004,1e-05,1,,,massA=4.33e-06 massB=8.86e-07,after,0,0.0
p2,272,9,neutral,0,49,153,0.26,0.8118,1,True,B,meta-llama/Llama-3.1-8B-Instruct,chat,riskneutral,0,0.97443,0.0096,1,,,massA=0.000246 massB=0.00936,after,0,0.0
p2,368,12,neutral,0,164,541,0.38,1.2535,4,True,B,meta-llama/Llama-3.1-8B-Instruct,chat,riskneutral,0,0.92736,8e-05,1,,,massA=6.07e-06 massB=7.75e-05,after,0,0.0
p2,279,9,neutral,0,49,153,0.26,0.8118,4,False,A,meta-llama/Llama-3.1-8B-Instruct,chat,riskneutral,0,0.56218,0.0,1,,,massA=2.09e-06 massB=1.62e-06,after,0,0.0
p2,522,17,gain,0,117,362,0.42,1.2995,1,True,B,meta-llama/Llama-3.1-8B-Instruct,chat,riskneutral,0,0.96838,0.00238,1,,,massA=7.52e-05 massB=0.0023,after,0,0.0
p2,1130,37,mixed,151,151,252,0.68,1.1348,0,True,B,meta-llama/Llama-3.1-8B-Instruct,chat,riskneutral,0,0.94738,0.02876,1,,,massA=0.00151 massB=0.0273,after,0,0.0
p2,332,11,neutral,0,54,68,0.81,1.02,1,True,B,meta-llama/Llama-3.1-8B-Instruct,chat,riskneutral,0,0.98527,0.02255,1,,,massA=0.000332 massB=0.0222,after,0,0.0
p2,737,24,gain,0,168,214,0.76,0.9681,3,False,A,meta-llama/Llama-3.1-8B-Instruct,chat,riskneutral,0,0.48828,0.0004,1,,,massA=0.000194 massB=0.000203,after,0,0.0
p2,60,2,neutral,0,162,661,0.26,1.0609,0,True,B,meta-llama/Llama-3.1-8B-Instruct,chat,riskneutral,0,0.95041,0.01459,1,,,massA=0.000724 massB=0.0139,after,0,0.0
p2,297,9,mixed,49,49,153,0.26,0.8118,3,False,A,meta-llama/Llama-3.1-8B-Instruct,chat,riskneutral,0,0.87147,6e-05,1,,,massA=5.28e-05 massB=7.79e-06,after,0,0.0
p2,35,1,neutral,0,58,116,0.66,1.32,2,False,A,meta-llama/Llama-3.1-8B-Instruct,chat,riskneutral,0,0.60393,0.0001,1,,,massA=6e-05 massB=3.94e-05,after,0,0.0
p2,386,12,mixed,164,164,541,0.38,1.2535,3,True,B,meta-llama/Llama-3.1-8B-Instruct,chat,riskneutral,0,0.88876,0.0188,1,,,massA=0.00209 massB=0.0167,after,0,0.0
p2,280,9,gain,0,49,153,0.26,0.8118,0,True,B,meta-llama/Llama-3.1-8B-Instruct,chat,riskneutral,0,0.90465,0.00238,1,,,massA=0.000227 massB=0.00215,after,0,0.0
p2,1073,35,mixed,91,91,133,0.68,0.9938,1,False,A,meta-llama/Llama-3.1-8B-Instruct,chat,riskneutral,0,0.74017,6e-05,1,,,massA=4.16e-05 massB=1.46e-05,after,0,0.0
p2,181,6,neutral,0,94,101,0.71,0.7629,0,False,A,meta-llama/Llama-3.1-8B-Instruct,chat,riskneutral,0,0.60393,0.00125,1,,,massA=0.000758 massB=0.000497,after,0,0.0
p2,925,30,mixed,149,149,447,0.26,0.78,2,False,A,meta-llama/Llama-3.1-8B-Instruct,chat,riskneutral,0,0.73716,0.00011,1,,,massA=8.12e-05 massB=2.89e-05,after,0,0.0
p2,493,16,gain,0,139,234,0.6,1.0101,1,False,A,meta-llama/Llama-3.1-8B-Instruct,chat,riskneutral,0,0.5813,0.00014,1,,,massA=7.99e-05 massB=5.75e-05,after,0,0.0
p2,723,24,neutral,0,168,214,0.76,0.9681,1,False,A,meta-llama/Llama-3.1-8B-Instruct,chat,riskneutral,0,0.51172,0.0004,1,,,massA=0.000202 massB=0.000193,after,0,0.0
p2,1198,39,mixed,178,178,567,0.32,1.0193,4,True,B,meta-llama/Llama-3.1-8B-Instruct,chat,riskneutral,0,0.94165,0.00124,1,,,massA=7.23e-05 massB=0.00117,after,0,0.0
p2,208,6,mixed,94,94,101,0.71,0.7629,4,True,B,meta-llama/Llama-3.1-8B-Instruct,chat,riskneutral,0,0.9173,0.00085,1,,,massA=7.03e-05 massB=0.00078,after,0,0.0
p2,406,13,gain,0,72,88,0.64,0.7822,3,True,B,meta-llama/Llama-3.1-8B-Instruct,chat,riskneutral,0,0.86154,0.0095,1,,,massA=0.00132 massB=0.00819,after,0,0.0
p2,697,23,neutral,0,91,626,0.23,1.5822,3,False,A,meta-llama/Llama-3.1-8B-Instruct,chat,riskneutral,0,0.45714,0.00568,1,,,massA=0.0026 massB=0.00308,after,0,0.0
p2,761,25,gain,0,124,207,0.76,1.2687,0,False,A,meta-llama/Llama-3.1-8B-Instruct,chat,riskneutral,0,0.72798,5e-05,1,,,massA=3.43e-05 massB=1.28e-05,after,0,0.0
p2,1190,39,mixed,178,178,567,0.32,1.0193,0,True,B,meta-llama/Llama-3.1-8B-Instruct,chat,riskneutral,0,0.9458,0.02205,1,,,massA=0.0012 massB=0.0209,after,0,0.0
p2,985,32,mixed,131,131,236,0.57,1.0269,2,False,A,meta-llama/Llama-3.1-8B-Instruct,chat,riskneutral,0,0.75201,8e-05,1,,,massA=5.91e-05 massB=1.95e-05,after,0,0.0
p2,7,0,neutral,0,186,984,0.26,1.3755,3,False,A,meta-llama/Llama-3.1-8B-Instruct,chat,riskneutral,0,0.4649,0.00589,1,,,massA=0.00274 massB=0.00315,after,0,0.0
p2,1062,35,gain,0,91,133,0.68,0.9938,1,True,B,meta-llama/Llama-3.1-8B-Instruct,chat,riskneutral,0,0.9752,0.00302,1,,,massA=7.49e-05 massB=0.00295,after,0,0.0
p2,749,24,mixed,168,168,214,0.76,0.9681,4,False,A,meta-llama/Llama-3.1-8B-Instruct,chat,riskneutral,0,0.83441,1e-05,1,,,massA=6.52e-06 massB=1.29e-06,after,0,0.0
p2,690,23,neutral,0,91,626,0.23,1.5822,0,True,B,meta-llama/Llama-3.1-8B-Instruct,chat,riskneutral,0,0.95397,0.01332,1,,,massA=0.000613 massB=0.0127,after,0,0.0
p2,996,33,neutral,0,142,446,0.53,1.6646,3,True,B,meta-llama/Llama-3.1-8B-Instruct,chat,riskneutral,0,0.93812,0.12455,1,,,massA=0.00771 massB=0.117,after,0,0.0
p2,846,28,neutral,0,132,181,0.76,1.0421,3,True,B,meta-llama/Llama-3.1-8B-Instruct,chat,riskneutral,0,0.94892,0.07998,1,,,massA=0.00409 massB=0.0759,after,0,0.0
p2,57,1,mixed,58,58,116,0.66,1.32,3,False,A,meta-llama/Llama-3.1-8B-Instruct,chat,riskneutral,0,0.91611,0.00031,1,,,massA=0.000286 massB=2.62e-05,after,0,0.0
p2,1182,39,gain,0,178,567,0.32,1.0193,1,True,B,meta-llama/Llama-3.1-8B-Instruct,chat,riskneutral,0,0.97241,0.00347,1,,,massA=9.56e-05 massB=0.00337,after,0,0.0
p2,308,10,neutral,0,111,278,0.58,1.4526,4,True,B,meta-llama/Llama-3.1-8B-Instruct,chat,riskneutral,0,0.9263,0.00014,1,,,massA=1.06e-05 massB=0.000134,after,0,0.0
p2,1120,37,gain,0,151,252,0.68,1.1348,0,True,B,meta-llama/Llama-3.1-8B-Instruct,chat,riskneutral,0,0.94165,0.00438,1,,,massA=0.000256 massB=0.00413,after,0,0.0
p2,725,24,neutral,0,168,214,0.76,0.9681,2,False,A,meta-llama/Llama-3.1-8B-Instruct,chat,riskneutral,0,0.55833,9e-05,1,,,massA=4.88e-05 massB=3.86e-05,after,0,0.0
p2,1206,3,dominant,0,46,58,1.0,1.2609,3,True,B,meta-llama/Llama-3.1-8B-Instruct,chat,riskneutral,0,0.77999,0.23067,0,,,massA=0.0507 massB=0.18,after,0,0.0
p2,581,19,gain,0,64,122,0.49,0.9341,0,False,A,meta-llama/Llama-3.1-8B-Instruct,chat,riskneutral,0,0.78266,4e-05,1,,,massA=3.35e-05 massB=9.3e-06,after,0,0.0
p2,119,3,mixed,46,46,158,0.33,1.1335,4,False,A,meta-llama/Llama-3.1-8B-Instruct,chat,riskneutral,0,0.87235,1e-05,1,,,massA=4.45e-06 massB=6.51e-07,after,0,0.0
p2,15,0,gain,0,186,984,0.26,1.3755,2,False,A,meta-llama/Llama-3.1-8B-Instruct,chat,riskneutral,0,0.64423,0.00011,1,,,massA=7.36e-05 massB=4.07e-05,after,0,0.0
p2,1037,34,gain,0,52,96,0.63,1.1631,3,False,A,meta-llama/Llama-3.1-8B-Instruct,chat,riskneutral,0,0.5775,0.00023,1,,,massA=0.000135 massB=9.9e-05,after,0,0.0
p2,647,21,gain,0,106,206,0.73,1.4187,3,False,A,meta-llama/Llama-3.1-8B-Instruct,chat,riskneutral,0,0.51952,0.00046,1,,,massA=0.00024 massB=0.000222,after,0,0.0
p2,1122,37,gain,0,151,252,0.68,1.1348,1,True,B,meta-llama/Llama-3.1-8B-Instruct,chat,riskneutral,0,0.97443,0.00264,1,,,massA=6.75e-05 massB=0.00257,after,0,0.0
p2,1252,26,dominant,0,59,73,1.0,1.2373,2,True,B,meta-llama/Llama-3.1-8B-Instruct,chat,riskneutral,0,0.81523,0.04137,1,,,massA=0.00764 massB=0.0337,after,0,0.0
p2,961,32,neutral,0,131,236,0.57,1.0269,0,False,A,meta-llama/Llama-3.1-8B-Instruct,chat,riskneutral,0,0.61509,0.00081,1,,,massA=0.000501 massB=0.000313,after,0,0.0
p2,897,29,mixed,79,79,81,0.83,0.851,3,False,A,meta-llama/Llama-3.1-8B-Instruct,chat,riskneutral,0,0.87408,0.00026,1,,,massA=0.000226 massB=3.25e-05,after,0,0.0
p2,991,33,neutral,0,142,446,0.53,1.6646,0,False,A,meta-llama/Llama-3.1-8B-Instruct,chat,riskneutral,0,0.61138,0.00111,1,,,massA=0.00068 massB=0.000432,after,0,0.0
p2,680,22,mixed,81,81,163,0.72,1.4489,0,True,B,meta-llama/Llama-3.1-8B-Instruct,chat,riskneutral,0,0.92944,0.01786,1,,,massA=0.00126 massB=0.0166,after,0,0.0
p2,651,21,mixed,106,106,206,0.73,1.4187,0,False,A,meta-llama/Llama-3.1-8B-Instruct,chat,riskneutral,0,0.92736,0.00026,1,,,massA=0.000239 massB=1.88e-05,after,0,0.0
p2,976,32,gain,0,131,236,0.57,1.0269,3,True,B,meta-llama/Llama-3.1-8B-Instruct,chat,riskneutral,0,0.8706,0.00822,1,,,massA=0.00106 massB=0.00716,after,0,0.0
p2,807,26,mixed,59,59,151,0.36,0.9214,3,False,A,meta-llama/Llama-3.1-8B-Instruct,chat,riskneutral,0,0.87408,6e-05,1,,,massA=5.25e-05 massB=7.57e-06,after,0,0.0
p2,537,17,mixed,117,117,362,0.42,1.2995,3,False,A,meta-llama/Llama-3.1-8B-Instruct,chat,riskneutral,0,0.88876,0.00015,1,,,massA=0.000134 massB=1.68e-05,after,0,0.0
p2,916,30,gain,0,149,447,0.26,0.78,3,True,B,meta-llama/Llama-3.1-8B-Instruct,chat,riskneutral,0,0.85195,0.00514,1,,,massA=0.00076 massB=0.00438,after,0,0.0
p2,787,26,neutral,0,59,151,0.36,0.9214,3,False,A,meta-llama/Llama-3.1-8B-Instruct,chat,riskneutral,0,0.48048,0.0041,1,,,massA=0.00197 massB=0.00213,after,0,0.0
p2,922,30,mixed,149,149,447,0.26,0.78,1,True,B,meta-llama/Llama-3.1-8B-Instruct,chat,riskneutral,0,0.9466,0.00214,1,,,massA=0.000114 massB=0.00202,after,0,0.0
p2,1011,33,mixed,142,142,446,0.53,1.6646,0,False,A,meta-llama/Llama-3.1-8B-Instruct,chat,riskneutral,0,0.93146,0.00035,1,,,massA=0.000327 massB=2.4e-05,after,0,0.0
p2,314,10,gain,0,111,278,0.58,1.4526,2,True,B,meta-llama/Llama-3.1-8B-Instruct,chat,riskneutral,0,0.93902,0.00204,1,,,massA=0.000125 massB=0.00192,after,0,0.0
p2,268,8,mixed,62,62,263,0.33,1.3998,4,True,B,meta-llama/Llama-3.1-8B-Instruct,chat,riskneutral,0,0.92304,0.00084,1,,,massA=6.45e-05 massB=0.000773,after,0,0.0
p2,220,7,gain,0,63,98,0.64,0.9956,0,True,B,meta-llama/Llama-3.1-8B-Instruct,chat,riskneutral,0,0.92079,0.00363,1,,,massA=0.000288 massB=0.00334,after,0,0.0
p2,1131,37,mixed,151,151,252,0.68,1.1348,0,False,A,meta-llama/Llama-3.1-8B-Instruct,chat,riskneutral,0,0.91848,0.00034,1,,,massA=0.000316 massB=2.8e-05,after,0,0.0
p2,454,15,neutral,0,82,113,0.74,1.0198,2,True,B,meta-llama/Llama-3.1-8B-Instruct,chat,riskneutral,0,0.90192,0.00213,1,,,massA=0.000209 massB=0.00192,after,0,0.0
p2,1203,1,dominant,0,58,72,1.0,1.2414,3,False,A,meta-llama/Llama-3.1-8B-Instruct,chat,riskneutral,0,0.55447,0.17801,1,,,massA=0.0987 massB=0.0793,after,0,0.0
p2,611,20,gain,0,186,266,0.63,0.901,0,False,A,meta-llama/Llama-3.1-8B-Instruct,chat,riskneutral,0,0.74317,4e-05,1,,,massA=3.12e-05 massB=1.08e-05,after,0,0.0
p2,1201,0,dominant,0,186,240,1.0,1.2903,4,False,A,meta-llama/Llama-3.1-8B-Instruct,chat,riskneutral,0,0.73716,0.00576,1,,,massA=0.00425 massB=0.00151,after,0,0.0
p2,810,27,neutral,0,166,433,0.53,1.3825,0,True,B,meta-llama/Llama-3.1-8B-Instruct,chat,riskneutral,0,0.95728,0.02865,1,,,massA=0.00122 massB=0.0274,after,0,0.0
p2,480,16,neutral,0,139,234,0.6,1.0101,0,True,B,meta-llama/Llama-3.1-8B-Instruct,chat,riskneutral,0,0.95186,0.01337,1,,,massA=0.000644 massB=0.0127,after,0,0.0
p2,629,20,mixed,186,186,266,0.63,0.901,4,False,A,meta-llama/Llama-3.1-8B-Instruct,chat,riskneutral,0,0.85096,1e-05,1,,,massA=4.32e-06 massB=7.56e-07,after,0,0.0
p2,446,14,mixed,81,81,201,0.68,1.6874,3,True,B,meta-llama/Llama-3.1-8B-Instruct,chat,riskneutral,0,0.85585,0.01306,1,,,massA=0.00188 massB=0.0112,after,0,0.0
p2,731,24,gain,0,168,214,0.76,0.9681,0,False,A,meta-llama/Llama-3.1-8B-Instruct,chat,riskneutral,0,0.70902,6e-05,1,,,massA=4.46e-05 massB=1.83e-05,after,0,0.0
p2,194,6,gain,0,94,101,0.71,0.7629,2,True,B,meta-llama/Llama-3.1-8B-Instruct,chat,riskneutral,0,0.95328,0.00278,1,,,massA=0.00013 massB=0.00265,after,0,0.0
p2,91,3,neutral,0,46,158,0.33,1.1335,0,False,A,meta-llama/Llama-3.1-8B-Instruct,chat,riskneutral,0,0.56218,0.00096,1,,,massA=0.000537 massB=0.000419,after,0,0.0
p2,529,17,gain,0,117,362,0.42,1.2995,4,False,A,meta-llama/Llama-3.1-8B-Instruct,chat,riskneutral,0,0.5351,0.0,1,,,massA=1.61e-06 massB=1.4e-06,after,0,0.0
p2,1004,33,gain,0,142,446,0.53,1.6646,2,True,B,meta-llama/Llama-3.1-8B-Instruct,chat,riskneutral,0,0.9458,0.00211,1,,,massA=0.000114 massB=0.002,after,0,0.0
p2,172,5,mixed,162,162,381,0.46,1.0819,1,True,B,meta-llama/Llama-3.1-8B-Instruct,chat,riskneutral,0,0.95728,0.00348,1,,,massA=0.000149 massB=0.00333,after,0,0.0
p2,1209,4,dominant,0,29,56,1.0,1.931,1,False,A,meta-llama/Llama-3.1-8B-Instruct,chat,riskneutral,0,0.4649,0.26215,0,,,massA=0.122 massB=0.14,after,0,0.0
p2,318,10,gain,0,111,278,0.58,1.4526,4,True,B,meta-llama/Llama-3.1-8B-Instruct,chat,riskneutral,0,0.92523,4e-05,1,,,massA=3.26e-06 massB=4.03e-05,after,0,0.0
p2,967,32,neutral,0,131,236,0.57,1.0269,3,False,A,meta-llama/Llama-3.1-8B-Instruct,chat,riskneutral,0,0.54674,0.0088,1,,,massA=0.00481 massB=0.00399,after,0,0.0
p2,841,28,neutral,0,132,181,0.76,1.0421,0,False,A,meta-llama/Llama-3.1-8B-Instruct,chat,riskneutral,0,0.56985,0.0008,1,,,massA=0.000454 massB=0.000343,after,0,0.0
p2,1160,38,mixed,183,183,609,0.38,1.2646,0,True,B,meta-llama/Llama-3.1-8B-Instruct,chat,riskneutral,0,0.95186,0.0212,1,,,massA=0.00102 massB=0.0202,after,0,0.0
p2,384,12,mixed,164,164,541,0.38,1.2535,2,True,B,meta-llama/Llama-3.1-8B-Instruct,chat,riskneutral,0,0.89029,0.00348,1,,,massA=0.000382 massB=0.0031,after,0,0.0
p2,821,27,gain,0,166,433,0.53,1.3825,0,False,A,meta-llama/Llama-3.1-8B-Instruct,chat,riskneutral,0,0.7773,9e-05,1,,,massA=7.23e-05 massB=2.07e-05,after,0,0.0
p2,70,2,gain,0,162,661,0.26,1.0609,0,True,B,meta-llama/Llama-3.1-8B-Instruct,chat,riskneutral,0,0.93535,0.00432,1,,,massA=0.000279 massB=0.00404,after,0,0.0
p2,1076,35,mixed,91,91,133,0.68,0.9938,3,True,B,meta-llama/Llama-3.1-8B-Instruct,chat,riskneutral,0,0.85195,0.01326,1,,,massA=0.00196 massB=0.0113,after,0,0.0
p2,177,5,mixed,162,162,381,0.46,1.0819,3,False,A,meta-llama/Llama-3.1-8B-Instruct,chat,riskneutral,0,0.87408,0.00018,1,,,massA=0.00016 massB=2.3e-05,after,0,0.0
p2,688,22,mixed,81,81,163,0.72,1.4489,4,True,B,meta-llama/Llama-3.1-8B-Instruct,chat,riskneutral,0,0.90862,0.00092,1,,,massA=8.45e-05 massB=0.00084,after,0,0.0
p2,670,22,gain,0,81,163,0.72,1.4489,0,True,B,meta-llama/Llama-3.1-8B-Instruct,chat,riskneutral,0,0.93146,0.00434,1,,,massA=0.000298 massB=0.00404,after,0,0.0
p2,896,29,mixed,79,79,81,0.83,0.851,3,True,B,meta-llama/Llama-3.1-8B-Instruct,chat,riskneutral,0,0.82894,0.01542,1,,,massA=0.00264 massB=0.0128,after,0,0.0
p2,372,12,gain,0,164,541,0.38,1.2535,1,True,B,meta-llama/Llama-3.1-8B-Instruct,chat,riskneutral,0,0.97156,0.00265,1,,,massA=7.53e-05 massB=0.00257,after,0,0.0
p2,434,14,gain,0,81,201,0.68,1.6874,2,True,B,meta-llama/Llama-3.1-8B-Instruct,chat,riskneutral,0,0.95532,0.00287,1,,,massA=0.000128 massB=0.00274,after,0,0.0
p2,1173,39,neutral,0,178,567,0.32,1.0193,1,False,A,meta-llama/Llama-3.1-8B-Instruct,chat,riskneutral,0,0.43782,0.00082,1,,,massA=0.000361 massB=0.000463,after,0,0.0
p2,928,30,mixed,149,149,447,0.26,0.78,4,True,B,meta-llama/Llama-3.1-8B-Instruct,chat,riskneutral,0,0.9344,0.0012,1,,,massA=7.89e-05 massB=0.00112,after,0,0.0
p2,191,6,gain,0,94,101,0.71,0.7629,0,False,A,meta-llama/Llama-3.1-8B-Instruct,chat,riskneutral,0,0.70253,8e-05,1,,,massA=5.58e-05 massB=2.36e-05,after,0,0.0
p2,133,4,gain,0,29,71,0.55,1.3466,1,False,A,meta-llama/Llama-3.1-8B-Instruct,chat,riskneutral,0,0.60019,6e-05,1,,,massA=3.72e-05 massB=2.48e-05,after,0,0.0
p2,635,21,neutral,0,106,206,0.73,1.4187,2,False,A,meta-llama/Llama-3.1-8B-Instruct,chat,riskneutral,0,0.53898,0.00021,1,,,massA=0.000111 massB=9.49e-05,after,0,0.0
p2,990,33,neutral,0,142,446,0.53,1.6646,0,True,B,meta-llama/Llama-3.1-8B-Instruct,chat,riskneutral,0,0.95854,0.02328,1,,,massA=0.000965 massB=0.0223,after,0,0.0
p2,536,17,mixed,117,117,362,0.42,1.2995,3,True,B,meta-llama/Llama-3.1-8B-Instruct,chat,riskneutral,0,0.89029,0.01541,1,,,massA=0.00169 massB=0.0137,after,0,0.0
p2,1245,22,dominant,0,81,109,1.0,1.3457,1,False,A,meta-llama/Llama-3.1-8B-Instruct,chat,riskneutral,0,0.53121,0.23281,0,,,massA=0.124 massB=0.109,after,0,0.0
p2,833,27,mixed,166,166,433,0.53,1.3825,1,False,A,meta-llama/Llama-3.1-8B-Instruct,chat,riskneutral,0,0.77184,4e-05,1,,,massA=3.47e-05 massB=1.03e-05,after,0,0.0
p2,702,23,gain,0,91,626,0.23,1.5822,1,True,B,meta-llama/Llama-3.1-8B-Instruct,chat,riskneutral,0,0.96486,0.00311,1,,,massA=0.000109 massB=0.003,after,0,0.0
p2,407,13,gain,0,72,88,0.64,0.7822,3,False,A,meta-llama/Llama-3.1-8B-Instruct,chat,riskneutral,0,0.53121,0.00018,1,,,massA=9.61e-05 massB=8.48e-05,after,0,0.0
p2,710,23,mixed,91,91,626,0.23,1.5822,0,True,B,meta-llama/Llama-3.1-8B-Instruct,chat,riskneutral,0,0.94335,0.0147,1,,,massA=0.000833 massB=0.0139,after,0,0.0
p2,253,8,gain,0,62,263,0.33,1.3998,1,False,A,meta-llama/Llama-3.1-8B-Instruct,chat,riskneutral,0,0.5,0.0002,1,,,massA=0.000101 massB=0.000101,after,0,0.0
p2,234,7,mixed,63,63,98,0.64,0.9956,2,True,B,meta-llama/Llama-3.1-8B-Instruct,chat,riskneutral,0,0.87748,0.00269,1,,,massA=0.00033 massB=0.00236,after,0,0.0
p2,1135,37,mixed,151,151,252,0.68,1.1348,2,False,A,meta-llama/Llama-3.1-8B-Instruct,chat,riskneutral,0,0.70579,0.00016,1,,,massA=0.000112 massB=4.67e-05,after,0,0.0
p2,1088,36,neutral,0,98,227,0.47,1.0887,4,True,B,meta-llama/Llama-3.1-8B-Instruct,chat,riskneutral,0,0.93343,0.00018,1,,,massA=1.21e-05 massB=0.000169,after,0,0.0
p2,906,30,neutral,0,149,447,0.26,0.78,3,True,B,meta-llama/Llama-3.1-8B-Instruct,chat,riskneutral,0,0.94251,0.07341,1,,,massA=0.00422 massB=0.0692,after,0,0.0
p2,413,13,mixed,72,72,88,0.64,0.7822,1,False,A,meta-llama/Llama-3.1-8B-Instruct,chat,riskneutral,0,0.76908,3e-05,1,,,massA=2.28e-05 massB=6.84e-06,after,0,0.0
p2,385,12,mixed,164,164,541,0.38,1.2535,2,False,A,meta-llama/Llama-3.1-8B-Instruct,chat,riskneutral,0,0.73716,6e-05,1,,,massA=4.67e-05 massB=1.67e-05,after,0,0.0
p2,131,4,gain,0,29,71,0.55,1.3466,0,False,A,meta-llama/Llama-3.1-8B-Instruct,chat,riskneutral,0,0.79311,5e-05,1,,,massA=4.2e-05 massB=1.1e-05,after,0,0.0
p2,1258,29,dominant,0,79,118,1.0,1.4937,3,True,B,meta-llama/Llama-3.1-8B-Instruct,chat,riskneutral,0,0.81523,0.27238,0,,,massA=0.0503 massB=0.222,after,0,0.0
p2,182,6,neutral,0,94,101,0.71,0.7629,1,True,B,meta-llama/Llama-3.1-8B-Instruct,chat,riskneutral,0,0.99044,0.03016,1,,,massA=0.000288 massB=0.0299,after,0,0.0
p2,849,28,neutral,0,132,181,0.76,1.0421,4,False,A,meta-llama/Llama-3.1-8B-Instruct,chat,riskneutral,0,0.53898,1e-05,1,,,massA=3.01e-06 massB=2.57e-06,after,0,0.0
p2,987,32,mixed,131,131,236,0.57,1.0269,3,False,A,meta-llama/Llama-3.1-8B-Instruct,chat,riskneutral,0,0.90465,0.00023,1,,,massA=0.000207 massB=2.18e-05,after,0,0.0
p2,604,20,neutral,0,186,266,0.63,0.901,2,True,B,meta-llama/Llama-3.1-8B-Instruct,chat,riskneutral,0,0.90192,0.00238,1,,,massA=0.000233 massB=0.00214,after,0,0.0
p2,778,25,mixed,124,124,207,0.76,1.2687,4,True,B,meta-llama/Llama-3.1-8B-Instruct,chat,riskneutral,0,0.93812,0.00144,1,,,massA=8.9e-05 massB=0.00135,after,0,0.0
p2,415,13,mixed,72,72,88,0.64,0.7822,2,False,A,meta-llama/Llama-3.1-8B-Instruct,chat,riskneutral,0,0.77458,8e-05,1,,,massA=6.53e-05 massB=1.9e-05,after,0,0.0
p2,1248,24,dominant,0,168,180,1.0,1.0714,1,True,B,meta-llama/Llama-3.1-8B-Instruct,chat,riskneutral,0,0.93343,0.49484,0,,,massA=0.0329 massB=0.462,after,0,0.0
p2,593,19,mixed,64,64,122,0.49,0.9341,1,False,A,meta-llama/Llama-3.1-8B-Instruct,chat,riskneutral,0,0.76629,3e-05,1,,,massA=2.17e-05 massB=6.61e-06,after,0,0.0
p2,649,21,gain,0,106,206,0.73,1.4187,4,False,A,meta-llama/Llama-3.1-8B-Instruct,chat,riskneutral,0,0.46879,0.0,1,,,massA=2.13e-06 massB=2.41e-06,after,0,0.0
p2,80,2,mixed,162,162,661,0.26,1.0609,0,True,B,meta-llama/Llama-3.1-8B-Instruct,chat,riskneutral,0,0.93535,0.01858,1,,,massA=0.0012 massB=0.0174,after,0,0.0
p2,490,16,gain,0,139,234,0.6,1.0101,0,True,B,meta-llama/Llama-3.1-8B-Instruct,chat,riskneutral,0,0.90862,0.00483,1,,,massA=0.000441 massB=0.00439,after,0,0.0
p2,867,28,mixed,132,132,181,0.76,1.0421,3,False,A,meta-llama/Llama-3.1-8B-Instruct,chat,riskneutral,0,0.89181,0.00015,1,,,massA=0.000136 massB=1.65e-05,after,0,0.0
p2,587,19,gain,0,64,122,0.49,0.9341,3,False,A,meta-llama/Llama-3.1-8B-Instruct,chat,riskneutral,0,0.50391,0.00022,1,,,massA=0.000109 massB=0.000107,after,0,0.0
p2,429,14,neutral,0,81,201,0.68,1.6874,4,False,A,meta-llama/Llama-3.1-8B-Instruct,chat,riskneutral,0,0.61509,1e-05,1,,,massA=3.19e-06 massB=2e-06,after,0,0.0
p2,418,13,mixed,72,72,88,0.64,0.7822,4,True,B,meta-llama/Llama-3.1-8B-Instruct,chat,riskneutral,0,0.90192,0.00066,1,,,massA=6.48e-05 massB=0.000596,after,0,0.0
p2,492,16,gain,0,139,234,0.6,1.0101,1,True,B,meta-llama/Llama-3.1-8B-Instruct,chat,riskneutral,0,0.96641,0.00606,1,,,massA=0.000203 massB=0.00585,after,0,0.0
p2,1043,34,mixed,52,52,96,0.63,1.1631,1,False,A,meta-llama/Llama-3.1-8B-Instruct,chat,riskneutral,0,0.80069,3e-05,1,,,massA=2.19e-05 massB=5.45e-06,after,0,0.0
p2,113,3,mixed,46,46,158,0.33,1.1335,1,False,A,meta-llama/Llama-3.1-8B-Instruct,chat,riskneutral,0,0.76908,3e-05,1,,,massA=2.39e-05 massB=7.17e-06,after,0,0.0
p2,296,9,mixed,49,49,153,0.26,0.8118,3,True,B,meta-llama/Llama-3.1-8B-Instruct,chat,riskneutral,0,0.8439,0.0089,1,,,massA=0.00139 massB=0.00751,after,0,0.0
p2,106,3,gain,0,46,158,0.33,1.1335,3,True,B,meta-llama/Llama-3.1-8B-Instruct,chat,riskneutral,0,0.89029,0.00771,1,,,massA=0.000845 massB=0.00686,after,0,0.0
p2,96,3,neutral,0,46,158,0.33,1.1335,3,True,B,meta-llama/Llama-3.1-8B-Instruct,chat,riskneutral,0,0.92944,0.12745,1,,,massA=0.00899 massB=0.118,after,0,0.0
p2,1168,38,mixed,183,183,609,0.38,1.2646,4,True,B,meta-llama/Llama-3.1-8B-Instruct,chat,riskneutral,0,0.94418,0.00127,1,,,massA=7.11e-05 massB=0.0012,after,0,0.0
p2,678,22,gain,0,81,163,0.72,1.4489,4,True,B,meta-llama/Llama-3.1-8B-Instruct,chat,riskneutral,0,0.93294,4e-05,1,,,massA=2.44e-06 massB=3.39e-05,after,0,0.0
p2,249,8,neutral,0,62,263,0.33,1.3998,4,False,A,meta-llama/Llama-3.1-8B-Instruct,chat,riskneutral,0,0.61509,1e-05,1,,,massA=3.98e-06 massB=2.49e-06,after,0,0.0
p2,518,17,neutral,0,117,362,0.42,1.2995,4,True,B,meta-llama/Llama-3.1-8B-Instruct,chat,riskneutral,0,0.92841,0.00011,1,,,massA=8.13e-06 massB=0.000105,after,0,0.0
p2,88,2,mixed,162,162,661,0.26,1.0609,4,True,B,meta-llama/Llama-3.1-8B-Instruct,chat,riskneutral,0,0.93343,0.00114,1,,,massA=7.57e-05 massB=0.00106,after,0,0.0
p2,289,9,gain,0,49,153,0.26,0.8118,4,False,A,meta-llama/Llama-3.1-8B-Instruct,chat,riskneutral,0,0.50195,0.0,1,,,massA=1.17e-06 massB=1.16e-06,after,0,0.0
p2,914,30,gain,0,149,447,0.26,0.78,2,True,B,meta-llama/Llama-3.1-8B-Instruct,chat,riskneutral,0,0.91848,0.00114,1,,,massA=9.31e-05 massB=0.00105,after,0,0.0
p2,885,29,gain,0,79,81,0.83,0.851,2,False,A,meta-llama/Llama-3.1-8B-Instruct,chat,riskneutral,0,0.60019,0.0001,1,,,massA=6.08e-05 massB=4.05e-05,after,0,0.0
p2,640,21,gain,0,106,206,0.73,1.4187,0,True,B,meta-llama/Llama-3.1-8B-Instruct,chat,riskneutral,0,0.92944,0.00471,1,,,massA=0.000332 massB=0.00438,after,0,0.0
p2,766,25,gain,0,124,207,0.76,1.2687,3,True,B,meta-llama/Llama-3.1-8B-Instruct,chat,riskneutral,0,0.86704,0.00781,1,,,massA=0.00104 massB=0.00677,after,0,0.0
p2,470,15,mixed,82,82,113,0.74,1.0198,0,True,B,meta-llama/Llama-3.1-8B-Instruct,chat,riskneutral,0,0.93245,0.01551,1,,,massA=0.00105 massB=0.0145,after,0,0.0
p2,463,15,gain,0,82,113,0.74,1.0198,1,False,A,meta-llama/Llama-3.1-8B-Instruct,chat,riskneutral,0,0.52342,7e-05,1,,,massA=3.6e-05 massB=3.28e-05,after,0,0.0
p2,163,5,gain,0,162,381,0.46,1.0819,1,False,A,meta-llama/Llama-3.1-8B-Instruct,chat,riskneutral,0,0.50391,0.00016,1,,,massA=7.86e-05 massB=7.74e-05,after,0,0.0
p2,175,5,mixed,162,162,381,0.46,1.0819,2,False,A,meta-llama/Llama-3.1-8B-Instruct,chat,riskneutral,0,0.76065,0.00012,1,,,massA=8.87e-05 massB=2.79e-05,after,0,0.0
p2,473,15,mixed,82,82,113,0.74,1.0198,1,False,A,meta-llama/Llama-3.1-8B-Instruct,chat,riskneutral,0,0.78266,4e-05,1,,,massA=2.92e-05 massB=8.11e-06,after,0,0.0
p2,313,10,gain,0,111,278,0.58,1.4526,1,False,A,meta-llama/Llama-3.1-8B-Instruct,chat,riskneutral,0,0.53898,0.00014,1,,,massA=7.44e-05 massB=6.36e-05,after,0,0.0
p2,712,23,mixed,91,91,626,0.23,1.5822,1,True,B,meta-llama/Llama-3.1-8B-Instruct,chat,riskneutral,0,0.96323,0.00332,1,,,massA=0.000122 massB=0.0032,after,0,0.0
p2,1257,28,dominant,0,132,158,1.0,1.197,1,False,A,meta-llama/Llama-3.1-8B-Instruct,chat,riskneutral,0,0.4225,0.24864,0,,,massA=0.105 massB=0.144,after,0,0.0
p2,790,26,gain,0,59,151,0.36,0.9214,0,True,B,meta-llama/Llama-3.1-8B-Instruct,chat,riskneutral,0,0.89181,0.00215,1,,,massA=0.000233 massB=0.00192,after,0,0.0
p2,1253,26,dominant,0,59,73,1.0,1.2373,3,False,A,meta-llama/Llama-3.1-8B-Instruct,chat,riskneutral,0,0.5775,0.16267,1,,,massA=0.0939 massB=0.0687,after,0,0.0
p2,685,22,mixed,81,81,163,0.72,1.4489,2,False,A,meta-llama/Llama-3.1-8B-Instruct,chat,riskneutral,0,0.71859,7e-05,1,,,massA=4.73e-05 massB=1.85e-05,after,0,0.0
p2,1138,37,mixed,151,151,252,0.68,1.1348,4,True,B,meta-llama/Llama-3.1-8B-Instruct,chat,riskneutral,0,0.94251,0.00248,1,,,massA=0.000142 massB=0.00233,after,0,0.0
p2,755,25,neutral,0,124,207,0.76,1.2687,2,False,A,meta-llama/Llama-3.1-8B-Instruct,chat,riskneutral,0,0.55447,0.00013,1,,,massA=7.06e-05 massB=5.67e-05,after,0,0.0
p2,1028,34,neutral,0,52,96,0.63,1.1631,4,True,B,meta-llama/Llama-3.1-8B-Instruct,chat,riskneutral,0,0.90053,8e-05,1,,,massA=7.74e-06 massB=7e-05,after,0,0.0
p2,238,7,mixed,63,63,98,0.64,0.9956,4,True,B,meta-llama/Llama-3.1-8B-Instruct,chat,riskneutral,0,0.90991,0.00059,1,,,massA=5.29e-05 massB=0.000535,after,0,0.0
p2,16,0,gain,0,186,984,0.26,1.3755,3,True,B,meta-llama/Llama-3.1-8B-Instruct,chat,riskneutral,0,0.85966,0.00683,1,,,massA=0.000959 massB=0.00587,after,0,0.0
p2,804,26,mixed,59,59,151,0.36,0.9214,2,True,B,meta-llama/Llama-3.1-8B-Instruct,chat,riskneutral,0,0.88563,0.00277,1,,,massA=0.000316 massB=0.00245,after,0,0.0
p2,1020,34,neutral,0,52,96,0.63,1.1631,0,True,B,meta-llama/Llama-3.1-8B-Instruct,chat,riskneutral,0,0.96323,0.00973,1,,,massA=0.000358 massB=0.00937,after,0,0.0
p2,607,20,neutral,0,186,266,0.63,0.901,3,False,A,meta-llama/Llama-3.1-8B-Instruct,chat,riskneutral,0,0.60019,0.00871,1,,,massA=0.00523 massB=0.00348,after,0,0.0
p2,47,1,gain,0,58,116,0.66,1.32,3,False,A,meta-llama/Llama-3.1-8B-Instruct,chat,riskneutral,0,0.61509,0.00032,1,,,massA=0.000196 massB=0.000122,after,0,0.0
p2,401,13,gain,0,72,88,0.64,0.7822,0,False,A,meta-llama/Llama-3.1-8B-Instruct,chat,riskneutral,0,0.74909,4e-05,1,,,massA=3.31e-05 massB=1.11e-05,after,0,0.0
p2,594,19,mixed,64,64,122,0.49,0.9341,2,True,B,meta-llama/Llama-3.1-8B-Instruct,chat,riskneutral,0,0.86522,0.00265,1,,,massA=0.000357 massB=0.00229,after,0,0.0
p2,159,5,neutral,0,162,381,0.46,1.0819,4,False,A,meta-llama/Llama-3.1-8B-Instruct,chat,riskneutral,0,0.61138,1e-05,1,,,massA=3.51e-06 massB=2.23e-06,after,0,0.0
p2,1012,33,mixed,142,142,446,0.53,1.6646,1,True,B,meta-llama/Llama-3.1-8B-Instruct,chat,riskneutral,0,0.96641,0.00361,1,,,massA=0.000121 massB=0.00349,after,0,0.0
p2,717,23,mixed,91,91,626,0.23,1.5822,3,False,A,meta-llama/Llama-3.1-8B-Instruct,chat,riskneutral,0,0.8439,0.0001,1,,,massA=8.39e-05 massB=1.55e-05,after,0,0.0
p2,202,6,mixed,94,94,101,0.71,0.7629,1,True,B,meta-llama/Llama-3.1-8B-Instruct,chat,riskneutral,0,0.92944,0.00163,1,,,massA=0.000115 massB=0.00152,after,0,0.0
p2,72,2,gain,0,162,661,0.26,1.0609,1,True,B,meta-llama/Llama-3.1-8B-Instruct,chat,riskneutral,0,0.96538,0.00205,1,,,massA=7.08e-05 massB=0.00197,after,0,0.0
p2,460,15,gain,0,82,113,0.74,1.0198,0,True,B,meta-llama/Llama-3.1-8B-Instruct,chat,riskneutral,0,0.94418,0.00501,1,,,massA=0.000279 massB=0.00473,after,0,0.0
p2,542,18,neutral,0,41,61,0.58,0.8629,1,True,B,meta-llama/Llama-3.1-8B-Instruct,chat,riskneutral,0,0.98657,0.01075,1,,,massA=0.000144 massB=0.0106,after,0,0.0
p2,1158,38,gain,0,183,609,0.38,1.2646,4,True,B,meta-llama/Llama-3.1-8B-Instruct,chat,riskneutral,0,0.93767,5e-05,1,,,massA=2.93e-06 massB=4.41e-05,after,0,0.0
p2,108,3,gain,0,46,158,0.33,1.1335,4,True,B,meta-llama/Llama-3.1-8B-Instruct,chat,riskneutral,0,0.90599,3e-05,1,,,massA=3.08e-06 massB=2.97e-05,after,0,0.0
p2,628,20,mixed,186,186,266,0.63,0.901,4,True,B,meta-llama/Llama-3.1-8B-Instruct,chat,riskneutral,0,0.92304,0.00077,1,,,massA=5.95e-05 massB=0.000714,after,0,0.0
p2,246,8,neutral,0,62,263,0.33,1.3998,3,True,B,meta-llama/Llama-3.1-8B-Instruct,chat,riskneutral,0,0.90599,0.10122,1,,,massA=0.00952 massB=0.0917,after,0,0.0
p2,865,28,mixed,132,132,181,0.76,1.0421,2,False,A,meta-llama/Llama-3.1-8B-Instruct,chat,riskneutral,0,0.74317,6e-05,1,,,massA=4.81e-05 massB=1.66e-05,after,0,0.0
p2,891,29,mixed,79,79,81,0.83,0.851,0,False,A,meta-llama/Llama-3.1-8B-Instruct,chat,riskneutral,0,0.91244,0.00044,1,,,massA=0.0004 massB=3.84e-05,after,0,0.0
p2,866,28,mixed,132,132,181,0.76,1.0421,3,True,B,meta-llama/Llama-3.1-8B-Instruct,chat,riskneutral,0,0.82894,0.0113,1,,,massA=0.00193 massB=0.00937,after,0,0.0
p2,946,31,gain,0,51,151,0.29,0.8586,3,True,B,meta-llama/Llama-3.1-8B-Instruct,chat,riskneutral,0,0.84594,0.00405,1,,,massA=0.000624 massB=0.00343,after,0,0.0
p2,68,2,neutral,0,162,661,0.26,1.0609,4,True,B,meta-llama/Llama-3.1-8B-Instruct,chat,riskneutral,0,0.90465,7e-05,1,,,massA=6.93e-06 massB=6.58e-05,after,0,0.0
p2,203,6,mixed,94,94,101,0.71,0.7629,1,False,A,meta-llama/Llama-3.1-8B-Instruct,chat,riskneutral,0,0.77458,4e-05,1,,,massA=2.82e-05 massB=8.19e-06,after,0,0.0
p2,1083,36,neutral,0,98,227,0.47,1.0887,1,False,A,meta-llama/Llama-3.1-8B-Instruct,chat,riskneutral,0,0.43015,0.00057,1,,,massA=0.000247 massB=0.000328,after,0,0.0
p2,732,24,gain,0,168,214,0.76,0.9681,1,True,B,meta-llama/Llama-3.1-8B-Instruct,chat,riskneutral,0,0.96741,0.00271,1,,,massA=8.83e-05 massB=0.00262,after,0,0.0
p2,656,21,mixed,106,106,206,0.73,1.4187,3,True,B,meta-llama/Llama-3.1-8B-Instruct,chat,riskneutral,0,0.83332,0.01612,1,,,massA=0.00269 massB=0.0134,after,0,0.0
p2,11,0,gain,0,186,984,0.26,1.3755,0,False,A,meta-llama/Llama-3.1-8B-Instruct,chat,riskneutral,0,0.74909,7e-05,1,,,massA=4.94e-05 massB=1.66e-05,after,0,0.0
p2,758,25,neutral,0,124,207,0.76,1.2687,4,True,B,meta-llama/Llama-3.1-8B-Instruct,chat,riskneutral,0,0.93046,0.00013,1,,,massA=9.07e-06 massB=0.000121,after,0,0.0
p2,56,1,mixed,58,58,116,0.66,1.32,3,True,B,meta-llama/Llama-3.1-8B-Instruct,chat,riskneutral,0,0.82671,0.02468,1,,,massA=0.00428 massB=0.0204,after,0,0.0
p2,1167,38,mixed,183,183,609,0.38,1.2646,3,False,A,meta-llama/Llama-3.1-8B-Instruct,chat,riskneutral,0,0.87579,9e-05,1,,,massA=8.11e-05 massB=1.15e-05,after,0,0.0
p2,696,23,neutral,0,91,626,0.23,1.5822,3,True,B,meta-llama/Llama-3.1-8B-Instruct,chat,riskneutral,0,0.92841,0.05986,1,,,massA=0.00429 massB=0.0556,after,0,0.0
p2,306,10,neutral,0,111,278,0.58,1.4526,3,True,B,meta-llama/Llama-3.1-8B-Instruct,chat,riskneutral,0,0.94815,0.08828,1,,,massA=0.00458 massB=0.0837,after,0,0.0
p2,136,4,gain,0,29,71,0.55,1.3466,3,True,B,meta-llama/Llama-3.1-8B-Instruct,chat,riskneutral,0,0.86154,0.00816,1,,,massA=0.00113 massB=0.00703,after,0,0.0
p2,447,14,mixed,81,81,201,0.68,1.6874,3,False,A,meta-llama/Llama-3.1-8B-Instruct,chat,riskneutral,0,0.88243,0.00016,1,,,massA=0.000139 massB=1.85e-05,after,0,0.0
p2,829,27,gain,0,166,433,0.53,1.3825,4,False,A,meta-llama/Llama-3.1-8B-Instruct,chat,riskneutral,0,0.55447,1e-05,1,,,massA=2.99e-06 massB=2.4e-06,after,0,0.0
p2,777,25,mixed,124,124,207,0.76,1.2687,3,False,A,meta-llama/Llama-3.1-8B-Instruct,chat,riskneutral,0,0.88563,0.00013,1,,,massA=0.000117 massB=1.51e-05,after,0,0.0
p2,383,12,mixed,164,164,541,0.38,1.2535,1,False,A,meta-llama/Llama-3.1-8B-Instruct,chat,riskneutral,0,0.70579,3e-05,1,,,massA=1.91e-05 massB=7.94e-06,after,0,0.0
p2,222,7,gain,0,63,98,0.64,0.9956,1,True,B,meta-llama/Llama-3.1-8B-Instruct,chat,riskneutral,0,0.9458,0.00234,1,,,massA=0.000127 massB=0.00221,after,0,0.0
p2,1087,36,neutral,0,98,227,0.47,1.0887,3,False,A,meta-llama/Llama-3.1-8B-Instruct,chat,riskneutral,0,0.49219,0.00887,1,,,massA=0.00437 massB=0.00451,after,0,0.0
p2,226,7,gain,0,63,98,0.64,0.9956,3,True,B,meta-llama/Llama-3.1-8B-Instruct,chat,riskneutral,0,0.87579,0.00743,1,,,massA=0.000923 massB=0.00651,after,0,0.0
p2,160,5,gain,0,162,381,0.46,1.0819,0,True,B,meta-llama/Llama-3.1-8B-Instruct,chat,riskneutral,0,0.92414,0.00475,1,,,massA=0.00036 massB=0.00439,after,0,0.0
p2,48,1,gain,0,58,116,0.66,1.32,4,True,B,meta-llama/Llama-3.1-8B-Instruct,chat,riskneutral,0,0.94079,7e-05,1,,,massA=4.43e-06 massB=7.04e-05,after,0,0.0
p2,940,31,gain,0,51,151,0.29,0.8586,0,True,B,meta-llama/Llama-3.1-8B-Instruct,chat,riskneutral,0,0.90329,0.00391,1,,,massA=0.000378 massB=0.00353,after,0,0.0
p2,20,0,mixed,186,186,984,0.26,1.3755,0,True,B,meta-llama/Llama-3.1-8B-Instruct,chat,riskneutral,0,0.93535,0.01668,1,,,massA=0.00108 massB=0.0156,after,0,0.0
p2,818,27,neutral,0,166,433,0.53,1.3825,4,True,B,meta-llama/Llama-3.1-8B-Instruct,chat,riskneutral,0,0.92079,0.00013,1,,,massA=1.05e-05 massB=0.000122,after,0,0.0
p2,576,19,neutral,0,64,122,0.49,0.9341,3,True,B,meta-llama/Llama-3.1-8B-Instruct,chat,riskneutral,0,0.9344,0.11511,1,,,massA=0.00755 massB=0.108,after,0,0.0
p2,26,0,mixed,186,186,984,0.26,1.3755,3,True,B,meta-llama/Llama-3.1-8B-Instruct,chat,riskneutral,0,0.84594,0.012,1,,,massA=0.00185 massB=0.0101,after,0,0.0
p2,573,19,neutral,0,64,122,0.49,0.9341,1,False,A,meta-llama/Llama-3.1-8B-Instruct,chat,riskneutral,0,0.48828,0.00043,1,,,massA=0.000209 massB=0.000219,after,0,0.0
p2,781,26,neutral,0,59,151,0.36,0.9214,0,False,A,meta-llama/Llama-3.1-8B-Instruct,chat,riskneutral,0,0.55833,0.00073,1,,,massA=0.000408 massB=0.000323,after,0,0.0
p2,559,18,gain,0,41,61,0.58,0.8629,4,False,A,meta-llama/Llama-3.1-8B-Instruct,chat,riskneutral,0,0.55254,0.0,1,,,massA=1.59e-06 massB=1.29e-06,after,0,0.0
p2,839,27,mixed,166,166,433,0.53,1.3825,4,False,A,meta-llama/Llama-3.1-8B-Instruct,chat,riskneutral,0,0.86883,1e-05,1,,,massA=9.72e-06 massB=1.47e-06,after,0,0.0
p2,764,25,gain,0,124,207,0.76,1.2687,2,True,B,meta-llama/Llama-3.1-8B-Instruct,chat,riskneutral,0,0.94418,0.00119,1,,,massA=6.65e-05 massB=0.00112,after,0,0.0
p2,858,28,gain,0,132,181,0.76,1.0421,4,True,B,meta-llama/Llama-3.1-8B-Instruct,chat,riskneutral,0,0.92736,4e-05,1,,,massA=2.96e-06 massB=3.78e-05,after,0,0.0
p2,198,6,gain,0,94,101,0.71,0.7629,4,True,B,meta-llama/Llama-3.1-8B-Instruct,chat,riskneutral,0,0.93812,7e-05,1,,,massA=4.03e-06 massB=6.12e-05,after,0,0.0
p2,899,29,mixed,79,79,81,0.83,0.851,4,False,A,meta-llama/Llama-3.1-8B-Instruct,chat,riskneutral,0,0.85777,1e-05,1,,,massA=8.5e-06 massB=1.41e-06,after,0,0.0
p2,752,25,neutral,0,124,207,0.76,1.2687,1,True,B,meta-llama/Llama-3.1-8B-Instruct,chat,riskneutral,0,0.98282,0.02223,1,,,massA=0.000382 massB=0.0218,after,0,0.0
p2,183,6,neutral,0,94,101,0.71,0.7629,1,False,A,meta-llama/Llama-3.1-8B-Instruct,chat,riskneutral,0,0.48828,0.0006,1,,,massA=0.000293 massB=0.000307,after,0,0.0
p2,277,9,neutral,0,49,153,0.26,0.8118,3,False,A,meta-llama/Llama-3.1-8B-Instruct,chat,riskneutral,0,0.43398,0.00398,1,,,massA=0.00173 massB=0.00225,after,0,0.0
p2,1186,39,gain,0,178,567,0.32,1.0193,3,True,B,meta-llama/Llama-3.1-8B-Instruct,chat,riskneutral,0,0.88876,0.00852,1,,,massA=0.000948 massB=0.00757,after,0,0.0
p2,894,29,mixed,79,79,81,0.83,0.851,2,True,B,meta-llama/Llama-3.1-8B-Instruct,chat,riskneutral,0,0.84997,0.0039,1,,,massA=0.000586 massB=0.00332,after,0,0.0
p2,1141,38,neutral,0,183,609,0.38,1.2646,0,False,A,meta-llama/Llama-3.1-8B-Instruct,chat,riskneutral,0,0.51952,0.00078,1,,,massA=0.000405 massB=0.000375,after,0,0.0
p2,53,1,mixed,58,58,116,0.66,1.32,1,False,A,meta-llama/Llama-3.1-8B-Instruct,chat,riskneutral,0,0.82219,3e-05,1,,,massA=2.42e-05 massB=5.24e-06,after,0,0.0
p2,282,9,gain,0,49,153,0.26,0.8118,1,True,B,meta-llama/Llama-3.1-8B-Instruct,chat,riskneutral,0,0.91964,0.0015,1,,,massA=0.00012 massB=0.00138,after,0,0.0
p2,1010,33,mixed,142,142,446,0.53,1.6646,0,True,B,meta-llama/Llama-3.1-8B-Instruct,chat,riskneutral,0,0.95663,0.02633,1,,,massA=0.00114 massB=0.0252,after,0,0.0
p2,623,20,mixed,186,186,266,0.63,0.901,1,False,A,meta-llama/Llama-3.1-8B-Instruct,chat,riskneutral,0,0.76348,3e-05,1,,,massA=2.02e-05 massB=6.25e-06,after,0,0.0
p2,122,4,neutral,0,29,71,0.55,1.3466,1,True,B,meta-llama/Llama-3.1-8B-Instruct,chat,riskneutral,0,0.98636,0.01725,1,,,massA=0.000235 massB=0.017,after,0,0.0
p2,452,15,neutral,0,82,113,0.74,1.0198,1,True,B,meta-llama/Llama-3.1-8B-Instruct,chat,riskneutral,0,0.98757,0.02416,1,,,massA=0.0003 massB=0.0239,after,0,0.0
p2,1117,37,neutral,0,151,252,0.68,1.1348,3,False,A,meta-llama/Llama-3.1-8B-Instruct,chat,riskneutral,0,0.60766,0.00778,1,,,massA=0.00473 massB=0.00305,after,0,0.0
p2,190,6,gain,0,94,101,0.71,0.7629,0,True,B,meta-llama/Llama-3.1-8B-Instruct,chat,riskneutral,0,0.92304,0.00525,1,,,massA=0.000404 massB=0.00485,after,0,0.0
p2,464,15,gain,0,82,113,0.74,1.0198,2,True,B,meta-llama/Llama-3.1-8B-Instruct,chat,riskneutral,0,0.95915,0.00232,1,,,massA=9.48e-05 massB=0.00223,after,0,0.0
p2,881,29,gain,0,79,81,0.83,0.851,0,False,A,meta-llama/Llama-3.1-8B-Instruct,chat,riskneutral,0,0.72174,0.0001,1,,,massA=7.56e-05 massB=2.92e-05,after,0,0.0
p2,980,32,mixed,131,131,236,0.57,1.0269,0,True,B,meta-llama/Llama-3.1-8B-Instruct,chat,riskneutral,0,0.93991,0.01845,1,,,massA=0.00111 massB=0.0173,after,0,0.0
p2,793,26,gain,0,59,151,0.36,0.9214,1,False,A,meta-llama/Llama-3.1-8B-Instruct,chat,riskneutral,0,0.46102,6e-05,1,,,massA=2.61e-05 massB=3.05e-05,after,0,0.0
p2,1197,39,mixed,178,178,567,0.32,1.0193,3,False,A,meta-llama/Llama-3.1-8B-Instruct,chat,riskneutral,0,0.89698,0.0001,1,,,massA=8.94e-05 massB=1.03e-05,after,0,0.0
p2,1232,16,dominant,0,139,190,1.0,1.3669,2,True,B,meta-llama/Llama-3.1-8B-Instruct,chat,riskneutral,0,0.82671,0.0507,1,,,massA=0.00879 massB=0.0419,after,0,0.0
p2,880,29,gain,0,79,81,0.83,0.851,0,True,B,meta-llama/Llama-3.1-8B-Instruct,chat,riskneutral,0,0.91611,0.00761,1,,,massA=0.000638 massB=0.00697,after,0,0.0
p2,595,19,mixed,64,64,122,0.49,0.9341,2,False,A,meta-llama/Llama-3.1-8B-Instruct,chat,riskneutral,0,0.76629,6e-05,1,,,massA=4.64e-05 massB=1.41e-05,after,0,0.0
p2,1068,35,gain,0,91,133,0.68,0.9938,4,True,B,meta-llama/Llama-3.1-8B-Instruct,chat,riskneutral,0,0.94777,6e-05,1,,,massA=2.94e-06 massB=5.33e-05,after,0,0.0
p2,1098,36,gain,0,98,227,0.47,1.0887,4,True,B,meta-llama/Llama-3.1-8B-Instruct,chat,riskneutral,0,0.93858,5e-05,1,,,massA=3.33e-06 massB=5.08e-05,after,0,0.0
p2,25,0,mixed,186,186,984,0.26,1.3755,2,False,A,meta-llama/Llama-3.1-8B-Instruct,chat,riskneutral,0,0.77458,7e-05,1,,,massA=5.08e-05 massB=1.48e-05,after,0,0.0
p2,620,20,mixed,186,186,266,0.63,0.901,0,True,B,meta-llama/Llama-3.1-8B-Instruct,chat,riskneutral,0,0.92944,0.01214,1,,,massA=0.000857 massB=0.0113,after,0,0.0
p2,622,20,mixed,186,186,266,0.63,0.901,1,True,B,meta-llama/Llama-3.1-8B-Instruct,chat,riskneutral,0,0.94499,0.00133,1,,,massA=7.32e-05 massB=0.00126,after,0,0.0
p2,66,2,neutral,0,162,661,0.26,1.0609,3,True,B,meta-llama/Llama-3.1-8B-Instruct,chat,riskneutral,0,0.93902,0.08124,1,,,massA=0.00495 massB=0.0763,after,0,0.0
p2,510,17,neutral,0,117,362,0.42,1.2995,0,True,B,meta-llama/Llama-3.1-8B-Instruct,chat,riskneutral,0,0.94967,0.01309,1,,,massA=0.000659 massB=0.0124,after,0,0.0
p2,927,30,mixed,149,149,447,0.26,0.78,3,False,A,meta-llama/Llama-3.1-8B-Instruct,chat,riskneutral,0,0.8706,0.00013,1,,,massA=0.000116 massB=1.72e-05,after,0,0.0
p2,9,0,neutral,0,186,984,0.26,1.3755,4,False,A,meta-llama/Llama-3.1-8B-Instruct,chat,riskneutral,0,0.60766,1e-05,1,,,massA=3.66e-06 massB=2.36e-06,after,0,0.0
p2,1061,35,gain,0,91,133,0.68,0.9938,0,False,A,meta-llama/Llama-3.1-8B-Instruct,chat,riskneutral,0,0.75779,5e-05,1,,,massA=3.59e-05 massB=1.15e-05,after,0,0.0
p2,517,17,neutral,0,117,362,0.42,1.2995,3,False,A,meta-llama/Llama-3.1-8B-Instruct,chat,riskneutral,0,0.44939,0.00572,1,,,massA=0.00257 massB=0.00315,after,0,0.0
p2,799,26,gain,0,59,151,0.36,0.9214,4,False,A,meta-llama/Llama-3.1-8B-Instruct,chat,riskneutral,0,0.52537,0.0,1,,,massA=1.05e-06 massB=9.45e-07,after,0,0.0
p2,1239,19,dominant,0,64,91,1.0,1.4219,4,False,A,meta-llama/Llama-3.1-8B-Instruct,chat,riskneutral,0,0.69925,0.00712,1,,,massA=0.00498 massB=0.00214,after,0,0.0
p2,116,3,mixed,46,46,158,0.33,1.1335,3,True,B,meta-llama/Llama-3.1-8B-Instruct,chat,riskneutral,0,0.86883,0.01424,1,,,massA=0.00187 massB=0.0124,after,0,0.0
p2,1264,32,dominant,0,131,144,1.0,1.0992,4,True,B,meta-llama/Llama-3.1-8B-Instruct,chat,riskneutral,0,0.47658,0.01227,1,,,massA=0.00642 massB=0.00585,after,0,0.0
p2,870,29,neutral,0,79,81,0.83,0.851,0,True,B,meta-llama/Llama-3.1-8B-Instruct,chat,riskneutral,0,0.9752,0.03478,1,,,massA=0.000862 massB=0.0339,after,0,0.0
p2,104,3,gain,0,46,158,0.33,1.1335,2,True,B,meta-llama/Llama-3.1-8B-Instruct,chat,riskneutral,0,0.93629,0.00166,1,,,massA=0.000106 massB=0.00156,after,0,0.0
p2,76,2,gain,0,162,661,0.26,1.0609,3,True,B,meta-llama/Llama-3.1-8B-Instruct,chat,riskneutral,0,0.87235,0.00517,1,,,massA=0.00066 massB=0.00451,after,0,0.0
p2,46,1,gain,0,58,116,0.66,1.32,3,True,B,meta-llama/Llama-3.1-8B-Instruct,chat,riskneutral,0,0.88404,0.01316,1,,,massA=0.00153 massB=0.0116,after,0,0.0
p2,1205,2,dominant,0,162,174,1.0,1.0741,4,False,A,meta-llama/Llama-3.1-8B-Instruct,chat,riskneutral,0,0.70579,0.00758,1,,,massA=0.00535 massB=0.00223,after,0,0.0
p2,1217,8,dominant,0,62,121,1.0,1.9516,4,False,A,meta-llama/Llama-3.1-8B-Instruct,chat,riskneutral,0,0.68257,0.00897,1,,,massA=0.00612 massB=0.00285,after,0,0.0
p2,346,11,gain,0,54,68,0.81,1.02,3,True,B,meta-llama/Llama-3.1-8B-Instruct,chat,riskneutral,0,0.88876,0.00927,1,,,massA=0.00103 massB=0.00824,after,0,0.0
p2,1000,33,gain,0,142,446,0.53,1.6646,0,True,B,meta-llama/Llama-3.1-8B-Instruct,chat,riskneutral,0,0.92944,0.00643,1,,,massA=0.000454 massB=0.00598,after,0,0.0
p2,1219,9,dominant,0,49,82,1.0,1.6735,1,False,A,meta-llama/Llama-3.1-8B-Instruct,chat,riskneutral,0,0.42632,0.20167,0,,,massA=0.086 massB=0.116,after,0,0.0
p2,999,33,neutral,0,142,446,0.53,1.6646,4,False,A,meta-llama/Llama-3.1-8B-Instruct,chat,riskneutral,0,0.59267,1e-05,1,,,massA=3.9e-06 massB=2.68e-06,after,0,0.0
p2,570,19,neutral,0,64,122,0.49,0.9341,0,True,B,meta-llama/Llama-3.1-8B-Instruct,chat,riskneutral,0,0.94251,0.0231,1,,,massA=0.00133 massB=0.0218,after,0,0.0
p2,1178,39,neutral,0,178,567,0.32,1.0193,4,True,B,meta-llama/Llama-3.1-8B-Instruct,chat,riskneutral,0,0.9263,0.00011,1,,,massA=7.9e-06 massB=9.92e-05,after,0,0.0
p2,173,5,mixed,162,162,381,0.46,1.0819,1,False,A,meta-llama/Llama-3.1-8B-Instruct,chat,riskneutral,0,0.69264,5e-05,1,,,massA=3.71e-05 massB=1.65e-05,after,0,0.0
p2,51,1,mixed,58,58,116,0.66,1.32,0,False,A,meta-llama/Llama-3.1-8B-Instruct,chat,riskneutral,0,0.93721,0.00036,1,,,massA=0.000333 massB=2.23e-05,after,0,0.0
p2,62,2,neutral,0,162,661,0.26,1.0609,1,True,B,meta-llama/Llama-3.1-8B-Instruct,chat,riskneutral,0,0.97199,0.01409,1,,,massA=0.000395 massB=0.0137,after,0,0.0
p2,715,23,mixed,91,91,626,0.23,1.5822,2,False,A,meta-llama/Llama-3.1-8B-Instruct,chat,riskneutral,0,0.6478,9e-05,1,,,massA=5.53e-05 massB=3.01e-05,after,0,0.0
p2,64,2,neutral,0,162,661,0.26,1.0609,2,True,B,meta-llama/Llama-3.1-8B-Instruct,chat,riskneutral,0,0.81048,0.0026,1,,,massA=0.000493 massB=0.00211,after,0,0.0
p2,588,19,gain,0,64,122,0.49,0.9341,4,True,B,meta-llama/Llama-3.1-8B-Instruct,chat,riskneutral,0,0.88953,2e-05,1,,,massA=2.38e-06 massB=1.91e-05,after,0,0.0
p2,45,1,gain,0,58,116,0.66,1.32,2,False,A,meta-llama/Llama-3.1-8B-Instruct,chat,riskneutral,0,0.65489,7e-05,1,,,massA=4.78e-05 massB=2.52e-05,after,0,0.0
p2,869,28,mixed,132,132,181,0.76,1.0421,4,False,A,meta-llama/Llama-3.1-8B-Instruct,chat,riskneutral,0,0.83441,1e-05,1,,,massA=5.04e-06 massB=1e-06,after,0,0.0
p2,132,4,gain,0,29,71,0.55,1.3466,1,True,B,meta-llama/Llama-3.1-8B-Instruct,chat,riskneutral,0,0.95532,0.00289,1,,,massA=0.000129 massB=0.00276,after,0,0.0
p2,783,26,neutral,0,59,151,0.36,0.9214,1,False,A,meta-llama/Llama-3.1-8B-Instruct,chat,riskneutral,0,0.48828,0.00024,1,,,massA=0.000115 massB=0.00012,after,0,0.0
p2,322,10,mixed,111,111,278,0.58,1.4526,1,True,B,meta-llama/Llama-3.1-8B-Instruct,chat,riskneutral,0,0.95791,0.00219,1,,,massA=9.23e-05 massB=0.0021,after,0,0.0
p2,782,26,neutral,0,59,151,0.36,0.9214,1,True,B,meta-llama/Llama-3.1-8B-Instruct,chat,riskneutral,0,0.98458,0.01063,1,,,massA=0.000164 massB=0.0105,after,0,0.0
p2,951,31,mixed,51,51,151,0.29,0.8586,0,False,A,meta-llama/Llama-3.1-8B-Instruct,chat,riskneutral,0,0.91368,0.00022,1,,,massA=0.0002 massB=1.89e-05,after,0,0.0
p2,201,6,mixed,94,94,101,0.71,0.7629,0,False,A,meta-llama/Llama-3.1-8B-Instruct,chat,riskneutral,0,0.9263,0.00023,1,,,massA=0.00021 massB=1.67e-05,after,0,0.0
p2,657,21,mixed,106,106,206,0.73,1.4187,3,False,A,meta-llama/Llama-3.1-8B-Instruct,chat,riskneutral,0,0.90731,0.00029,1,,,massA=0.000261 massB=2.67e-05,after,0,0.0
p2,1276,38,dominant,0,183,201,1.0,1.0984,2,True,B,meta-llama/Llama-3.1-8B-Instruct,chat,riskneutral,0,0.74317,0.04454,1,,,massA=0.0114 massB=0.0331,after,0,0.0
p2,1184,39,gain,0,178,567,0.32,1.0193,2,True,B,meta-llama/Llama-3.1-8B-Instruct,chat,riskneutral,0,0.92192,0.00186,1,,,massA=0.000145 massB=0.00171,after,0,0.0
p2,22,0,mixed,186,186,984,0.26,1.3755,1,True,B,meta-llama/Llama-3.1-8B-Instruct,chat,riskneutral,0,0.94335,0.00191,1,,,massA=0.000108 massB=0.0018,after,0,0.0
p2,1153,38,gain,0,183,609,0.38,1.2646,1,False,A,meta-llama/Llama-3.1-8B-Instruct,chat,riskneutral,0,0.40733,0.00025,1,,,massA=0.000103 massB=0.000151,after,0,0.0
p2,509,16,mixed,139,139,234,0.6,1.0101,4,False,A,meta-llama/Llama-3.1-8B-Instruct,chat,riskneutral,0,0.84492,1e-05,1,,,massA=5.1e-06 massB=9.35e-07,after,0,0.0
p2,1222,11,dominant,0,54,73,1.0,1.3519,4,True,B,meta-llama/Llama-3.1-8B-Instruct,chat,riskneutral,0,0.52342,0.01913,1,,,massA=0.00912 massB=0.01,after,0,0.0
p2,1210,5,dominant,0,162,206,1.0,1.2716,1,True,B,meta-llama/Llama-3.1-8B-Instruct,chat,riskneutral,0,0.9263,0.32123,0,,,massA=0.0237 massB=0.298,after,0,0.0
p2,83,2,mixed,162,162,661,0.26,1.0609,1,False,A,meta-llama/Llama-3.1-8B-Instruct,chat,riskneutral,0,0.68595,3e-05,1,,,massA=2.35e-05 massB=1.08e-05,after,0,0.0
p2,212,7,neutral,0,63,98,0.64,0.9956,1,True,B,meta-llama/Llama-3.1-8B-Instruct,chat,riskneutral,0,0.98594,0.01215,1,,,massA=0.000171 massB=0.012,after,0,0.0
p2,872,29,neutral,0,79,81,0.83,0.851,1,True,B,meta-llama/Llama-3.1-8B-Instruct,chat,riskneutral,0,0.98636,0.04487,1,,,massA=0.000612 massB=0.0443,after,0,0.0
p2,682,22,mixed,81,81,163,0.72,1.4489,1,True,B,meta-llama/Llama-3.1-8B-Instruct,chat,riskneutral,0,0.94165,0.00184,1,,,massA=0.000108 massB=0.00174,after,0,0.0
p2,832,27,mixed,166,166,433,0.53,1.3825,1,True,B,meta-llama/Llama-3.1-8B-Instruct,chat,riskneutral,0,0.96538,0.00338,1,,,massA=0.000117 massB=0.00326,after,0,0.0
p2,425,14,neutral,0,81,201,0.68,1.6874,2,False,A,meta-llama/Llama-3.1-8B-Instruct,chat,riskneutral,0,0.55061,0.00018,1,,,massA=9.99e-05 massB=8.15e-05,after,0,0.0
p2,578,19,neutral,0,64,122,0.49,0.9341,4,True,B,meta-llama/Llama-3.1-8B-Instruct,chat,riskneutral,0,0.8977,0.00014,1,,,massA=1.44e-05 massB=0.000126,after,0,0.0
p2,361,12,neutral,0,164,541,0.38,1.2535,0,False,A,meta-llama/Llama-3.1-8B-Instruct,chat,riskneutral,0,0.5351,0.00102,1,,,massA=0.000547 massB=0.000475,after,0,0.0
p2,5,0,neutral,0,186,984,0.26,1.3755,2,False,A,meta-llama/Llama-3.1-8B-Instruct,chat,riskneutral,0,0.46879,0.00015,1,,,massA=6.97e-05 massB=7.9e-05,after,0,0.0
p2,444,14,mixed,81,81,201,0.68,1.6874,2,True,B,meta-llama/Llama-3.1-8B-Instruct,chat,riskneutral,0,0.89181,0.0032,1,,,massA=0.000346 massB=0.00285,after,0,0.0
p2,556,18,gain,0,41,61,0.58,0.8629,3,True,B,meta-llama/Llama-3.1-8B-Instruct,chat,riskneutral,0,0.85966,0.00612,1,,,massA=0.000858 massB=0.00526,after,0,0.0
p2,350,11,mixed,54,54,68,0.81,1.02,0,True,B,meta-llama/Llama-3.1-8B-Instruct,chat,riskneutral,0,0.91611,0.01148,1,,,massA=0.000963 massB=0.0105,after,0,0.0
p2,1265,32,dominant,0,131,144,1.0,1.0992,2,False,A,meta-llama/Llama-3.1-8B-Instruct,chat,riskneutral,0,0.76065,0.01274,1,,,massA=0.00969 massB=0.00305,after,0,0.0
p2,260,8,mixed,62,62,263,0.33,1.3998,0,True,B,meta-llama/Llama-3.1-8B-Instruct,chat,riskneutral,0,0.94738,0.01826,1,,,massA=0.000961 massB=0.0173,after,0,0.0
p2,408,13,gain,0,72,88,0.64,0.7822,4,True,B,meta-llama/Llama-3.1-8B-Instruct,chat,riskneutral,0,0.93721,6e-05,1,,,massA=3.89e-06 massB=5.81e-05,after,0,0.0
p2,90,3,neutral,0,46,158,0.33,1.1335,0,True,B,meta-llama/Llama-3.1-8B-Instruct,chat,riskneutral,0,0.93902,0.01867,1,,,massA=0.00114 massB=0.0175,after,0,0.0
p2,498,16,gain,0,139,234,0.6,1.0101,4,True,B,meta-llama/Llama-3.1-8B-Instruct,chat,riskneutral,0,0.9173,5e-05,1,,,massA=4.55e-06 massB=5.04e-05,after,0,0.0
p2,1147,38,neutral,0,183,609,0.38,1.2646,3,False,A,meta-llama/Llama-3.1-8B-Instruct,chat,riskneutral,0,0.42632,0.00608,1,,,massA=0.00259 massB=0.00349,after,0,0.0
p2,476,15,mixed,82,82,113,0.74,1.0198,3,True,B,meta-llama/Llama-3.1-8B-Instruct,chat,riskneutral,0,0.82219,0.01304,1,,,massA=0.00232 massB=0.0107,after,0,0.0
p2,1185,39,gain,0,178,567,0.32,1.0193,2,False,A,meta-llama/Llama-3.1-8B-Instruct,chat,riskneutral,0,0.58889,0.0001,1,,,massA=5.74e-05 massB=4.01e-05,after,0,0.0
p2,915,30,gain,0,149,447,0.26,0.78,2,False,A,meta-llama/Llama-3.1-8B-Instruct,chat,riskneutral,0,0.5813,0.0001,1,,,massA=5.82e-05 massB=4.19e-05,after,0,0.0
p2,989,32,mixed,131,131,236,0.57,1.0269,4,False,A,meta-llama/Llama-3.1-8B-Instruct,chat,riskneutral,0,0.84997,1e-05,1,,,massA=6.29e-06 massB=1.11e-06,after,0,0.0
p2,561,18,mixed,41,41,61,0.58,0.8629,0,False,A,meta-llama/Llama-3.1-8B-Instruct,chat,riskneutral,0,0.92192,0.00017,1,,,massA=0.000161 massB=1.36e-05,after,0,0.0
p2,824,27,gain,0,166,433,0.53,1.3825,2,True,B,meta-llama/Llama-3.1-8B-Instruct,chat,riskneutral,0,0.93721,0.00184,1,,,massA=0.000115 massB=0.00172,after,0,0.0
p2,666,22,neutral,0,81,163,0.72,1.4489,3,True,B,meta-llama/Llama-3.1-8B-Instruct,chat,riskneutral,0,0.96036,0.07737,1,,,massA=0.00307 massB=0.0743,after,0,0.0
p2,291,9,mixed,49,49,153,0.26,0.8118,0,False,A,meta-llama/Llama-3.1-8B-Instruct,chat,riskneutral,0,0.89912,0.00011,1,,,massA=0.000101 massB=1.13e-05,after,0,0.0
p2,751,25,neutral,0,124,207,0.76,1.2687,0,False,A,meta-llama/Llama-3.1-8B-Instruct,chat,riskneutral,0,0.5851,0.00105,1,,,massA=0.000617 massB=0.000438,after,0,0.0
p2,982,32,mixed,131,131,236,0.57,1.0269,1,True,B,meta-llama/Llama-3.1-8B-Instruct,chat,riskneutral,0,0.95532,0.00241,1,,,massA=0.000108 massB=0.0023,after,0,0.0
p2,114,3,mixed,46,46,158,0.33,1.1335,2,True,B,meta-llama/Llama-3.1-8B-Instruct,chat,riskneutral,0,0.89029,0.00296,1,,,massA=0.000325 massB=0.00264,after,0,0.0
p2,1101,36,mixed,98,98,227,0.47,1.0887,0,False,A,meta-llama/Llama-3.1-8B-Instruct,chat,riskneutral,0,0.94165,0.00032,1,,,massA=0.000298 massB=1.84e-05,after,0,0.0
p2,1202,1,dominant,0,58,72,1.0,1.2414,0,True,B,meta-llama/Llama-3.1-8B-Instruct,chat,riskneutral,0,0.8977,0.12616,1,,,massA=0.0129 massB=0.113,after,0,0.0
p2,621,20,mixed,186,186,266,0.63,0.901,0,False,A,meta-llama/Llama-3.1-8B-Instruct,chat,riskneutral,0,0.92841,0.00017,1,,,massA=0.000153 massB=1.18e-05,after,0,0.0
p2,1194,39,mixed,178,178,567,0.32,1.0193,2,True,B,meta-llama/Llama-3.1-8B-Instruct,chat,riskneutral,0,0.8977,0.00403,1,,,massA=0.000412 massB=0.00362,after,0,0.0
p2,687,22,mixed,81,81,163,0.72,1.4489,3,False,A,meta-llama/Llama-3.1-8B-Instruct,chat,riskneutral,0,0.8808,0.00014,1,,,massA=0.00012 massB=1.63e-05,after,0,0.0
p2,689,22,mixed,81,81,163,0.72,1.4489,4,False,A,meta-llama/Llama-3.1-8B-Instruct,chat,riskneutral,0,0.84797,1e-05,1,,,massA=5.53e-06 massB=9.91e-07,after,0,0.0
p2,600,20,neutral,0,186,266,0.63,0.901,0,True,B,meta-llama/Llama-3.1-8B-Instruct,chat,riskneutral,0,0.96036,0.01738,1,,,massA=0.000689 massB=0.0167,after,0,0.0
p2,1274,37,dominant,0,151,193,1.0,1.2781,0,True,B,meta-llama/Llama-3.1-8B-Instruct,chat,riskneutral,0,0.91848,0.16163,1,,,massA=0.0132 massB=0.148,after,0,0.0
p2,707,23,gain,0,91,626,0.23,1.5822,3,False,A,meta-llama/Llama-3.1-8B-Instruct,chat,riskneutral,0,0.47658,0.00032,1,,,massA=0.000153 massB=0.000168,after,0,0.0
p2,1049,34,mixed,52,52,96,0.63,1.1631,4,False,A,meta-llama/Llama-3.1-8B-Instruct,chat,riskneutral,0,0.85681,1e-05,1,,,massA=5.27e-06 massB=8.8e-07,after,0,0.0
p2,362,12,neutral,0,164,541,0.38,1.2535,1,True,B,meta-llama/Llama-3.1-8B-Instruct,chat,riskneutral,0,0.97871,0.01977,1,,,massA=0.000421 massB=0.0193,after,0,0.0
p2,501,16,mixed,139,139,234,0.6,1.0101,0,False,A,meta-llama/Llama-3.1-8B-Instruct,chat,riskneutral,0,0.93146,0.00017,1,,,massA=0.000162 massB=1.19e-05,after,0,0.0
p2,513,17,neutral,0,117,362,0.42,1.2995,1,False,A,meta-llama/Llama-3.1-8B-Instruct,chat,riskneutral,0,0.43782,0.00026,1,,,massA=0.000113 massB=0.000145,after,0,0.0
p2,138,4,gain,0,29,71,0.55,1.3466,4,True,B,meta-llama/Llama-3.1-8B-Instruct,chat,riskneutral,0,0.91848,4e-05,1,,,massA=3.54e-06 massB=3.99e-05,after,0,0.0
p2,791,26,gain,0,59,151,0.36,0.9214,0,False,A,meta-llama/Llama-3.1-8B-Instruct,chat,riskneutral,0,0.73412,2e-05,1,,,massA=1.76e-05 massB=6.37e-06,after,0,0.0
p2,956,31,mixed,51,51,151,0.29,0.8586,3,True,B,meta-llama/Llama-3.1-8B-Instruct,chat,riskneutral,0,0.81523,0.01097,1,,,massA=0.00203 massB=0.00894,after,0,0.0
p2,909,30,neutral,0,149,447,0.26,0.78,4,False,A,meta-llama/Llama-3.1-8B-Instruct,chat,riskneutral,0,0.5641,0.0,1,,,massA=2.55e-06 massB=1.97e-06,after,0,0.0
p2,639,21,neutral,0,106,206,0.73,1.4187,4,False,A,meta-llama/Llama-3.1-8B-Instruct,chat,riskneutral,0,0.55833,1e-05,1,,,massA=4.46e-06 massB=3.53e-06,after,0,0.0
p2,21,0,mixed,186,186,984,0.26,1.3755,0,False,A,meta-llama/Llama-3.1-8B-Instruct,chat,riskneutral,0,0.91244,0.00013,1,,,massA=0.000117 massB=1.13e-05,after,0,0.0
p2,837,27,mixed,166,166,433,0.53,1.3825,3,False,A,meta-llama/Llama-3.1-8B-Instruct,chat,riskneutral,0,0.90991,0.00025,1,,,massA=0.000231 massB=2.28e-05,after,0,0.0
p2,942,31,gain,0,51,151,0.29,0.8586,1,True,B,meta-llama/Llama-3.1-8B-Instruct,chat,riskneutral,0,0.94165,0.00165,1,,,massA=9.63e-05 massB=0.00155,after,0,0.0
p2,412,13,mixed,72,72,88,0.64,0.7822,1,True,B,meta-llama/Llama-3.1-8B-Instruct,chat,riskneutral,0,0.93245,0.00111,1,,,massA=7.46e-05 massB=0.00103,after,0,0.0
p2,325,10,mixed,111,111,278,0.58,1.4526,2,False,A,meta-llama/Llama-3.1-8B-Instruct,chat,riskneutral,0,0.72487,0.0001,1,,,massA=7.01e-05 massB=2.66e-05,after,0,0.0
p2,1003,33,gain,0,142,446,0.53,1.6646,1,False,A,meta-llama/Llama-3.1-8B-Instruct,chat,riskneutral,0,0.51562,0.00017,1,,,massA=8.77e-05 massB=8.24e-05,after,0,0.0
p2,847,28,neutral,0,132,181,0.76,1.0421,3,False,A,meta-llama/Llama-3.1-8B-Instruct,chat,riskneutral,0,0.49219,0.00645,1,,,massA=0.00318 massB=0.00328,after,0,0.0
p2,112,3,mixed,46,46,158,0.33,1.1335,1,True,B,meta-llama/Llama-3.1-8B-Instruct,chat,riskneutral,0,0.95397,0.00227,1,,,massA=0.000104 massB=0.00216,after,0,0.0
p2,926,30,mixed,149,149,447,0.26,0.78,3,True,B,meta-llama/Llama-3.1-8B-Instruct,chat,riskneutral,0,0.84797,0.01425,1,,,massA=0.00217 massB=0.0121,after,0,0.0
p2,913,30,gain,0,149,447,0.26,0.78,1,False,A,meta-llama/Llama-3.1-8B-Instruct,chat,riskneutral,0,0.37023,0.00015,1,,,massA=5.58e-05 massB=9.5e-05,after,0,0.0
p2,281,9,gain,0,49,153,0.26,0.8118,0,False,A,meta-llama/Llama-3.1-8B-Instruct,chat,riskneutral,0,0.70902,4e-05,1,,,massA=2.99e-05 massB=1.23e-05,after,0,0.0
p2,1251,25,dominant,0,124,182,1.0,1.4677,1,False,A,meta-llama/Llama-3.1-8B-Instruct,chat,riskneutral,0,0.48438,0.17882,1,,,massA=0.0866 massB=0.0922,after,0,0.0
p2,523,17,gain,0,117,362,0.42,1.2995,1,False,A,meta-llama/Llama-3.1-8B-Instruct,chat,riskneutral,0,0.46102,0.00015,1,,,massA=6.69e-05 massB=7.82e-05,after,0,0.0
p2,196,6,gain,0,94,101,0.71,0.7629,3,True,B,meta-llama/Llama-3.1-8B-Instruct,chat,riskneutral,0,0.87748,0.01186,1,,,massA=0.00145 massB=0.0104,after,0,0.0
p2,1121,37,gain,0,151,252,0.68,1.1348,0,False,A,meta-llama/Llama-3.1-8B-Instruct,chat,riskneutral,0,0.74017,5e-05,1,,,massA=3.58e-05 massB=1.26e-05,after,0,0.0
p2,673,22,gain,0,81,163,0.72,1.4489,1,False,A,meta-llama/Llama-3.1-8B-Instruct,chat,riskneutral,0,0.53898,6e-05,1,,,massA=3.3e-05 massB=2.83e-05,after,0,0.0
p2,775,25,mixed,124,124,207,0.76,1.2687,2,False,A,meta-llama/Llama-3.1-8B-Instruct,chat,riskneutral,0,0.72487,7e-05,1,,,massA=4.87e-05 massB=1.85e-05,after,0,0.0
p2,1021,34,neutral,0,52,96,0.63,1.1631,0,False,A,meta-llama/Llama-3.1-8B-Instruct,chat,riskneutral,0,0.66888,0.00041,1,,,massA=0.000277 massB=0.000137,after,0,0.0
p2,903,30,neutral,0,149,447,0.26,0.78,1,False,A,meta-llama/Llama-3.1-8B-Instruct,chat,riskneutral,0,0.32424,0.00064,1,,,massA=0.000206 massB=0.00043,after,0,0.0
p2,1067,35,gain,0,91,133,0.68,0.9938,3,False,A,meta-llama/Llama-3.1-8B-Instruct,chat,riskneutral,0,0.50391,0.00025,1,,,massA=0.000127 massB=0.000125,after,0,0.0
p2,1056,35,neutral,0,91,133,0.68,0.9938,3,True,B,meta-llama/Llama-3.1-8B-Instruct,chat,riskneutral,0,0.95257,0.07862,1,,,massA=0.00373 massB=0.0749,after,0,0.0
p2,820,27,gain,0,166,433,0.53,1.3825,0,True,B,meta-llama/Llama-3.1-8B-Instruct,chat,riskneutral,0,0.92192,0.00701,1,,,massA=0.000548 massB=0.00647,after,0,0.0
p2,86,2,mixed,162,162,661,0.26,1.0609,3,True,B,meta-llama/Llama-3.1-8B-Instruct,chat,riskneutral,0,0.8439,0.01175,1,,,massA=0.00183 massB=0.00992,after,0,0.0
p2,334,11,neutral,0,54,68,0.81,1.02,2,True,B,meta-llama/Llama-3.1-8B-Instruct,chat,riskneutral,0,0.8977,0.00238,1,,,massA=0.000243 massB=0.00213,after,0,0.0
p2,102,3,gain,0,46,158,0.33,1.1335,1,True,B,meta-llama/Llama-3.1-8B-Instruct,chat,riskneutral,0,0.96267,0.00293,1,,,massA=0.000109 massB=0.00282,after,0,0.0
p2,1172,39,neutral,0,178,567,0.32,1.0193,1,True,B,meta-llama/Llama-3.1-8B-Instruct,chat,riskneutral,0,0.97998,0.02515,1,,,massA=0.000504 massB=0.0246,after,0,0.0
p2,205,6,mixed,94,94,101,0.71,0.7629,2,False,A,meta-llama/Llama-3.1-8B-Instruct,chat,riskneutral,0,0.72174,0.0001,1,,,massA=7.18e-05 massB=2.77e-05,after,0,0.0
p2,898,29,mixed,79,79,81,0.83,0.851,4,True,B,meta-llama/Llama-3.1-8B-Instruct,chat,riskneutral,0,0.90053,0.00126,1,,,massA=0.000125 massB=0.00114,after,0,0.0
p2,524,17,gain,0,117,362,0.42,1.2995,2,True,B,meta-llama/Llama-3.1-8B-Instruct,chat,riskneutral,0,0.9263,0.00134,1,,,massA=9.87e-05 massB=0.00124,after,0,0.0
p2,738,24,gain,0,168,214,0.76,0.9681,4,True,B,meta-llama/Llama-3.1-8B-Instruct,chat,riskneutral,0,0.93721,6e-05,1,,,massA=4.07e-06 massB=6.08e-05,after,0,0.0
p2,1099,36,gain,0,98,227,0.47,1.0887,4,False,A,meta-llama/Llama-3.1-8B-Instruct,chat,riskneutral,0,0.51562,0.0,1,,,massA=1.8e-06 massB=1.69e-06,after,0,0.0
p2,918,30,gain,0,149,447,0.26,0.78,4,True,B,meta-llama/Llama-3.1-8B-Instruct,chat,riskneutral,0,0.91848,3e-05,1,,,massA=2.72e-06 massB=3.06e-05,after,0,0.0
p2,273,9,neutral,0,49,153,0.26,0.8118,1,False,A,meta-llama/Llama-3.1-8B-Instruct,chat,riskneutral,0,0.35577,0.00023,1,,,massA=8.32e-05 massB=0.000151,after,0,0.0
p2,331,11,neutral,0,54,68,0.81,1.02,0,False,A,meta-llama/Llama-3.1-8B-Instruct,chat,riskneutral,0,0.60393,0.00091,1,,,massA=0.00055 massB=0.000361,after,0,0.0
p2,500,16,mixed,139,139,234,0.6,1.0101,0,True,B,meta-llama/Llama-3.1-8B-Instruct,chat,riskneutral,0,0.93721,0.01531,1,,,massA=0.000962 massB=0.0144,after,0,0.0
p2,28,0,mixed,186,186,984,0.26,1.3755,4,True,B,meta-llama/Llama-3.1-8B-Instruct,chat,riskneutral,0,0.93046,0.00067,1,,,massA=4.65e-05 massB=0.000622,after,0,0.0
p2,440,14,mixed,81,81,201,0.68,1.6874,0,True,B,meta-llama/Llama-3.1-8B-Instruct,chat,riskneutral,0,0.93991,0.01953,1,,,massA=0.00117 massB=0.0184,after,0,0.0
p2,411,13,mixed,72,72,88,0.64,0.7822,0,False,A,meta-llama/Llama-3.1-8B-Instruct,chat,riskneutral,0,0.9263,0.00014,1,,,massA=0.000131 massB=1.04e-05,after,0,0.0
p2,750,25,neutral,0,124,207,0.76,1.2687,0,True,B,meta-llama/Llama-3.1-8B-Instruct,chat,riskneutral,0,0.96538,0.02035,1,,,massA=0.000704 massB=0.0196,after,0,0.0
p2,642,21,gain,0,106,206,0.73,1.4187,1,True,B,meta-llama/Llama-3.1-8B-Instruct,chat,riskneutral,0,0.96838,0.00254,1,,,massA=8.02e-05 massB=0.00246,after,0,0.0
p2,1006,33,gain,0,142,446,0.53,1.6646,3,True,B,meta-llama/Llama-3.1-8B-Instruct,chat,riskneutral,0,0.8808,0.01244,1,,,massA=0.00148 massB=0.011,after,0,0.0
p2,944,31,gain,0,51,151,0.29,0.8586,2,True,B,meta-llama/Llama-3.1-8B-Instruct,chat,riskneutral,0,0.90731,0.00121,1,,,massA=0.000112 massB=0.0011,after,0,0.0
p2,798,26,gain,0,59,151,0.36,0.9214,4,True,B,meta-llama/Llama-3.1-8B-Instruct,chat,riskneutral,0,0.90397,2e-05,1,,,massA=1.87e-06 massB=1.76e-05,after,0,0.0
p2,774,25,mixed,124,124,207,0.76,1.2687,2,True,B,meta-llama/Llama-3.1-8B-Instruct,chat,riskneutral,0,0.87579,0.00294,1,,,massA=0.000365 massB=0.00257,after,0,0.0
p2,955,31,mixed,51,51,151,0.29,0.8586,2,False,A,meta-llama/Llama-3.1-8B-Instruct,chat,riskneutral,0,0.74909,7e-05,1,,,massA=5.35e-05 massB=1.79e-05,after,0,0.0
p2,1071,35,mixed,91,91,133,0.68,0.9938,0,False,A,meta-llama/Llama-3.1-8B-Instruct,chat,riskneutral,0,0.91118,0.00021,1,,,massA=0.000194 massB=1.89e-05,after,0,0.0
p2,972,32,gain,0,131,236,0.57,1.0269,1,True,B,meta-llama/Llama-3.1-8B-Instruct,chat,riskneutral,0,0.96211,0.00242,1,,,massA=9.16e-05 massB=0.00233,after,0,0.0
p2,638,21,neutral,0,106,206,0.73,1.4187,4,True,B,meta-llama/Llama-3.1-8B-Instruct,chat,riskneutral,0,0.92841,0.00015,1,,,massA=1.09e-05 massB=0.000141,after,0,0.0
p2,236,7,mixed,63,63,98,0.64,0.9956,3,True,B,meta-llama/Llama-3.1-8B-Instruct,chat,riskneutral,0,0.81757,0.00845,1,,,massA=0.00154 massB=0.00691,after,0,0.0
p2,336,11,neutral,0,54,68,0.81,1.02,3,True,B,meta-llama/Llama-3.1-8B-Instruct,chat,riskneutral,0,0.96323,0.09393,1,,,massA=0.00345 massB=0.0905,after,0,0.0
p2,768,25,gain,0,124,207,0.76,1.2687,4,True,B,meta-llama/Llama-3.1-8B-Instruct,chat,riskneutral,0,0.92841,4e-05,1,,,massA=2.81e-06 massB=3.65e-05,after,0,0.0
p2,228,7,gain,0,63,98,0.64,0.9956,4,True,B,meta-llama/Llama-3.1-8B-Instruct,chat,riskneutral,0,0.91848,4e-05,1,,,massA=3.44e-06 massB=3.88e-05,after,0,0.0
p2,579,19,neutral,0,64,122,0.49,0.9341,4,False,A,meta-llama/Llama-3.1-8B-Instruct,chat,riskneutral,0,0.67576,1e-05,1,,,massA=4.24e-06 massB=2.04e-06,after,0,0.0
p2,145,4,mixed,29,29,71,0.55,1.3466,2,False,A,meta-llama/Llama-3.1-8B-Instruct,chat,riskneutral,0,0.79311,6e-05,1,,,massA=4.75e-05 massB=1.24e-05,after,0,0.0
p2,1273,36,dominant,0,98,155,1.0,1.5816,0,False,A,meta-llama/Llama-3.1-8B-Instruct,chat,riskneutral,0,0.5,0.06919,1,,,massA=0.0346 massB=0.0346,after,0,0.0
p2,199,6,gain,0,94,101,0.71,0.7629,4,False,A,meta-llama/Llama-3.1-8B-Instruct,chat,riskneutral,0,0.45714,0.0,1,,,massA=1.93e-06 massB=2.29e-06,after,0,0.0
p2,907,30,neutral,0,149,447,0.26,0.78,3,False,A,meta-llama/Llama-3.1-8B-Instruct,chat,riskneutral,0,0.4187,0.00716,1,,,massA=0.003 massB=0.00416,after,0,0.0
p2,369,12,neutral,0,164,541,0.38,1.2535,4,False,A,meta-llama/Llama-3.1-8B-Instruct,chat,riskneutral,0,0.57559,1e-05,1,,,massA=3.08e-06 massB=2.27e-06,after,0,0.0
p2,95,3,neutral,0,46,158,0.33,1.1335,2,False,A,meta-llama/Llama-3.1-8B-Instruct,chat,riskneutral,0,0.48828,9e-05,1,,,massA=4.27e-05 massB=4.47e-05,after,0,0.0
p2,1085,36,neutral,0,98,227,0.47,1.0887,2,False,A,meta-llama/Llama-3.1-8B-Instruct,chat,riskneutral,0,0.4649,0.00014,1,,,massA=6.34e-05 massB=7.3e-05,after,0,0.0
p2,842,28,neutral,0,132,181,0.76,1.0421,1,True,B,meta-llama/Llama-3.1-8B-Instruct,chat,riskneutral,0,0.98058,0.01946,1,,,massA=0.000378 massB=0.0191,after,0,0.0
p2,320,10,mixed,111,111,278,0.58,1.4526,0,True,B,meta-llama/Llama-3.1-8B-Instruct,chat,riskneutral,0,0.95041,0.0198,1,,,massA=0.000982 massB=0.0188,after,0,0.0
p2,917,30,gain,0,149,447,0.26,0.78,3,False,A,meta-llama/Llama-3.1-8B-Instruct,chat,riskneutral,0,0.43782,0.00035,1,,,massA=0.000153 massB=0.000197,after,0,0.0
p2,169,5,gain,0,162,381,0.46,1.0819,4,False,A,meta-llama/Llama-3.1-8B-Instruct,chat,riskneutral,0,0.51367,0.0,1,,,massA=1.33e-06 massB=1.26e-06,after,0,0.0
p2,165,5,gain,0,162,381,0.46,1.0819,2,False,A,meta-llama/Llama-3.1-8B-Instruct,chat,riskneutral,0,0.61138,9e-05,1,,,massA=5.63e-05 massB=3.58e-05,after,0,0.0
p2,298,9,mixed,49,49,153,0.26,0.8118,4,True,B,meta-llama/Llama-3.1-8B-Instruct,chat,riskneutral,0,0.91964,0.00068,1,,,massA=5.44e-05 massB=0.000622,after,0,0.0
p2,486,16,neutral,0,139,234,0.6,1.0101,3,True,B,meta-llama/Llama-3.1-8B-Instruct,chat,riskneutral,0,0.95257,0.0785,1,,,massA=0.00372 massB=0.0748,after,0,0.0
p2,650,21,mixed,106,106,206,0.73,1.4187,0,True,B,meta-llama/Llama-3.1-8B-Instruct,chat,riskneutral,0,0.94079,0.01839,1,,,massA=0.00109 massB=0.0173,after,0,0.0
p2,13,0,gain,0,186,984,0.26,1.3755,1,False,A,meta-llama/Llama-3.1-8B-Instruct,chat,riskneutral,0,0.42632,0.00021,1,,,massA=9.03e-05 massB=0.000122,after,0,0.0
p2,797,26,gain,0,59,151,0.36,0.9214,3,False,A,meta-llama/Llama-3.1-8B-Instruct,chat,riskneutral,0,0.44939,0.00016,1,,,massA=7.16e-05 massB=8.78e-05,after,0,0.0
p2,300,10,neutral,0,111,278,0.58,1.4526,0,True,B,meta-llama/Llama-3.1-8B-Instruct,chat,riskneutral,0,0.96323,0.02268,1,,,massA=0.000834 massB=0.0218,after,0,0.0
p2,179,5,mixed,162,162,381,0.46,1.0819,4,False,A,meta-llama/Llama-3.1-8B-Instruct,chat,riskneutral,0,0.83441,1e-05,1,,,massA=6.51e-06 massB=1.29e-06,after,0,0.0
p2,450,15,neutral,0,82,113,0.74,1.0198,0,True,B,meta-llama/Llama-3.1-8B-Instruct,chat,riskneutral,0,0.97113,0.01683,1,,,massA=0.000486 massB=0.0163,after,0,0.0
p2,99,3,neutral,0,46,158,0.33,1.1335,4,False,A,meta-llama/Llama-3.1-8B-Instruct,chat,riskneutral,0,0.63522,1e-05,1,,,massA=3.39e-06 massB=1.95e-06,after,0,0.0
p2,391,13,neutral,0,72,88,0.64,0.7822,0,False,A,meta-llama/Llama-3.1-8B-Instruct,chat,riskneutral,0,0.58889,0.00038,1,,,massA=0.000225 massB=0.000157,after,0,0.0
p2,1066,35,gain,0,91,133,0.68,0.9938,3,True,B,meta-llama/Llama-3.1-8B-Instruct,chat,riskneutral,0,0.90192,0.01112,1,,,massA=0.00109 massB=0.01,after,0,0.0
p2,472,15,mixed,82,82,113,0.74,1.0198,1,True,B,meta-llama/Llama-3.1-8B-Instruct,chat,riskneutral,0,0.94251,0.00182,1,,,massA=0.000105 massB=0.00172,after,0,0.0
p2,1214,7,dominant,0,63,81,1.0,1.2857,2,True,B,meta-llama/Llama-3.1-8B-Instruct,chat,riskneutral,0,0.63703,0.02296,1,,,massA=0.00833 massB=0.0146,after,0,0.0
p2,248,8,neutral,0,62,263,0.33,1.3998,4,True,B,meta-llama/Llama-3.1-8B-Instruct,chat,riskneutral,0,0.8808,0.0001,1,,,massA=1.17e-05 massB=8.62e-05,after,0,0.0
p2,1271,35,dominant,0,91,107,1.0,1.1758,3,False,A,meta-llama/Llama-3.1-8B-Instruct,chat,riskneutral,0,0.61878,0.19036,1,,,massA=0.118 massB=0.0726,after,0,0.0
p2,451,15,neutral,0,82,113,0.74,1.0198,0,False,A,meta-llama/Llama-3.1-8B-Instruct,chat,riskneutral,0,0.61878,0.00095,1,,,massA=0.00059 massB=0.000363,after,0,0.0
p2,174,5,mixed,162,162,381,0.46,1.0819,2,True,B,meta-llama/Llama-3.1-8B-Instruct,chat,riskneutral,0,0.87579,0.00485,1,,,massA=0.000603 massB=0.00425,after,0,0.0
p2,878,29,neutral,0,79,81,0.83,0.851,4,True,B,meta-llama/Llama-3.1-8B-Instruct,chat,riskneutral,0,0.93046,0.00024,1,,,massA=1.65e-05 massB=0.000221,after,0,0.0
p2,373,12,gain,0,164,541,0.38,1.2535,1,False,A,meta-llama/Llama-3.1-8B-Instruct,chat,riskneutral,0,0.42632,0.00022,1,,,massA=9.46e-05 massB=0.000127,after,0,0.0
p2,508,16,mixed,139,139,234,0.6,1.0101,4,True,B,meta-llama/Llama-3.1-8B-Instruct,chat,riskneutral,0,0.92304,0.00111,1,,,massA=8.56e-05 massB=0.00103,after,0,0.0
p2,1180,39,gain,0,178,567,0.32,1.0193,0,True,B,meta-llama/Llama-3.1-8B-Instruct,chat,riskneutral,0,0.93343,0.00445,1,,,massA=0.000296 massB=0.00415,after,0,0.0
p2,1249,24,dominant,0,168,180,1.0,1.0714,3,False,A,meta-llama/Llama-3.1-8B-Instruct,chat,riskneutral,0,0.51952,0.23747,0,,,massA=0.123 massB=0.114,after,0,0.0
p2,36,1,neutral,0,58,116,0.66,1.32,3,True,B,meta-llama/Llama-3.1-8B-Instruct,chat,riskneutral,0,0.95041,0.09225,1,,,massA=0.00457 massB=0.0877,after,0,0.0
p2,931,31,neutral,0,51,151,0.29,0.8586,0,False,A,meta-llama/Llama-3.1-8B-Instruct,chat,riskneutral,0,0.48438,0.00121,1,,,massA=0.000585 massB=0.000623,after,0,0.0
p2,134,4,gain,0,29,71,0.55,1.3466,2,True,B,meta-llama/Llama-3.1-8B-Instruct,chat,riskneutral,0,0.94418,0.0023,1,,,massA=0.000128 massB=0.00217,after,0,0.0
p2,543,18,neutral,0,41,61,0.58,0.8629,1,False,A,meta-llama/Llama-3.1-8B-Instruct,chat,riskneutral,0,0.63703,0.00018,1,,,massA=0.000116 massB=6.64e-05,after,0,0.0
p2,613,20,gain,0,186,266,0.63,0.901,1,False,A,meta-llama/Llama-3.1-8B-Instruct,chat,riskneutral,0,0.52342,0.00012,1,,,massA=6.06e-05 massB=5.52e-05,after,0,0.0
p2,1179,39,neutral,0,178,567,0.32,1.0193,4,False,A,meta-llama/Llama-3.1-8B-Instruct,chat,riskneutral,0,0.56602,1e-05,1,,,massA=4.05e-06 massB=3.11e-06,after,0,0.0
p2,693,23,neutral,0,91,626,0.23,1.5822,1,False,A,meta-llama/Llama-3.1-8B-Instruct,chat,riskneutral,0,0.48828,0.00035,1,,,massA=0.000171 massB=0.00018,after,0,0.0
p2,1052,35,neutral,0,91,133,0.68,0.9938,1,True,B,meta-llama/Llama-3.1-8B-Instruct,chat,riskneutral,0,0.98757,0.01492,1,,,massA=0.000185 massB=0.0147,after,0,0.0
p2,883,29,gain,0,79,81,0.83,0.851,1,False,A,meta-llama/Llama-3.1-8B-Instruct,chat,riskneutral,0,0.53898,0.00015,1,,,massA=8.08e-05 massB=6.91e-05,after,0,0.0
p2,691,23,neutral,0,91,626,0.23,1.5822,0,False,A,meta-llama/Llama-3.1-8B-Instruct,chat,riskneutral,0,0.51562,0.0008,1,,,massA=0.000414 massB=0.000389,after,0,0.0
p2,784,26,neutral,0,59,151,0.36,0.9214,2,True,B,meta-llama/Llama-3.1-8B-Instruct,chat,riskneutral,0,0.83762,0.0017,1,,,massA=0.000276 massB=0.00142,after,0,0.0
p2,164,5,gain,0,162,381,0.46,1.0819,2,True,B,meta-llama/Llama-3.1-8B-Instruct,chat,riskneutral,0,0.93902,0.002,1,,,massA=0.000122 massB=0.00188,after,0,0.0
p2,176,5,mixed,162,162,381,0.46,1.0819,3,True,B,meta-llama/Llama-3.1-8B-Instruct,chat,riskneutral,0,0.86883,0.02047,1,,,massA=0.00268 massB=0.0178,after,0,0.0
p2,303,10,neutral,0,111,278,0.58,1.4526,1,False,A,meta-llama/Llama-3.1-8B-Instruct,chat,riskneutral,0,0.46879,0.00034,1,,,massA=0.000158 massB=0.000179,after,0,0.0
p2,893,29,mixed,79,79,81,0.83,0.851,1,False,A,meta-llama/Llama-3.1-8B-Instruct,chat,riskneutral,0,0.80563,5e-05,1,,,massA=3.9e-05 massB=9.4e-06,after,0,0.0
p2,479,15,mixed,82,82,113,0.74,1.0198,4,False,A,meta-llama/Llama-3.1-8B-Instruct,chat,riskneutral,0,0.81641,1e-05,1,,,massA=4.18e-06 massB=9.41e-07,after,0,0.0
p2,125,4,neutral,0,29,71,0.55,1.3466,2,False,A,meta-llama/Llama-3.1-8B-Instruct,chat,riskneutral,0,0.56218,8e-05,1,,,massA=4.43e-05 massB=3.45e-05,after,0,0.0
p2,161,5,gain,0,162,381,0.46,1.0819,0,False,A,meta-llama/Llama-3.1-8B-Instruct,chat,riskneutral,0,0.74614,5e-05,1,,,massA=3.67e-05 massB=1.25e-05,after,0,0.0
p2,107,3,gain,0,46,158,0.33,1.1335,3,False,A,meta-llama/Llama-3.1-8B-Instruct,chat,riskneutral,0,0.53898,0.00026,1,,,massA=0.00014 massB=0.000119,after,0,0.0
p2,1171,39,neutral,0,178,567,0.32,1.0193,0,False,A,meta-llama/Llama-3.1-8B-Instruct,chat,riskneutral,0,0.55447,0.00099,1,,,massA=0.000548 massB=0.00044,after,0,0.0
p2,633,21,neutral,0,106,206,0.73,1.4187,1,False,A,meta-llama/Llama-3.1-8B-Instruct,chat,riskneutral,0,0.51562,0.00084,1,,,massA=0.000435 massB=0.000409,after,0,0.0
p2,619,20,gain,0,186,266,0.63,0.901,4,False,A,meta-llama/Llama-3.1-8B-Instruct,chat,riskneutral,0,0.53898,0.0,1,,,massA=1.34e-06 massB=1.15e-06,after,0,0.0
p2,724,24,neutral,0,168,214,0.76,0.9681,2,True,B,meta-llama/Llama-3.1-8B-Instruct,chat,riskneutral,0,0.87408,0.0022,1,,,massA=0.000278 massB=0.00193,after,0,0.0
p2,964,32,neutral,0,131,236,0.57,1.0269,2,True,B,meta-llama/Llama-3.1-8B-Instruct,chat,riskneutral,0,0.85391,0.0033,1,,,massA=0.000481 massB=0.00281,after,0,0.0
p2,535,17,mixed,117,117,362,0.42,1.2995,2,False,A,meta-llama/Llama-3.1-8B-Instruct,chat,riskneutral,0,0.74317,7e-05,1,,,massA=5.29e-05 massB=1.83e-05,after,0,0.0
p2,1247,23,dominant,0,91,132,1.0,1.4505,4,False,A,meta-llama/Llama-3.1-8B-Instruct,chat,riskneutral,0,0.70902,0.0104,1,,,massA=0.00737 massB=0.00303,after,0,0.0
p2,1237,18,dominant,0,41,88,1.0,2.1463,0,False,A,meta-llama/Llama-3.1-8B-Instruct,chat,riskneutral,0,0.49609,0.08567,1,,,massA=0.0425 massB=0.0432,after,0,0.0
p2,1015,33,mixed,142,142,446,0.53,1.6646,2,False,A,meta-llama/Llama-3.1-8B-Instruct,chat,riskneutral,0,0.77999,9e-05,1,,,massA=7.13e-05 massB=2.01e-05,after,0,0.0
p2,905,30,neutral,0,149,447,0.26,0.78,2,False,A,meta-llama/Llama-3.1-8B-Instruct,chat,riskneutral,0,0.44167,0.00013,1,,,massA=5.59e-05 massB=7.07e-05,after,0,0.0
p2,261,8,mixed,62,62,263,0.33,1.3998,0,False,A,meta-llama/Llama-3.1-8B-Instruct,chat,riskneutral,0,0.93812,0.00014,1,,,massA=0.000129 massB=8.54e-06,after,0,0.0
p2,602,20,neutral,0,186,266,0.63,0.901,1,True,B,meta-llama/Llama-3.1-8B-Instruct,chat,riskneutral,0,0.98504,0.02119,1,,,massA=0.000317 massB=0.0209,after,0,0.0
p2,1230,15,dominant,0,82,114,1.0,1.3902,2,True,B,meta-llama/Llama-3.1-8B-Instruct,chat,riskneutral,0,0.78793,0.04088,1,,,massA=0.00867 massB=0.0322,after,0,0.0
p2,965,32,neutral,0,131,236,0.57,1.0269,2,False,A,meta-llama/Llama-3.1-8B-Instruct,chat,riskneutral,0,0.5775,0.0001,1,,,massA=5.83e-05 massB=4.26e-05,after,0,0.0
p2,808,26,mixed,59,59,151,0.36,0.9214,4,True,B,meta-llama/Llama-3.1-8B-Instruct,chat,riskneutral,0,0.92523,0.00063,1,,,massA=4.72e-05 massB=0.000584,after,0,0.0
p2,679,22,gain,0,81,163,0.72,1.4489,4,False,A,meta-llama/Llama-3.1-8B-Instruct,chat,riskneutral,0,0.5,0.0,1,,,massA=2.01e-06 massB=2.01e-06,after,0,0.0
p2,830,27,mixed,166,166,433,0.53,1.3825,0,True,B,meta-llama/Llama-3.1-8B-Instruct,chat,riskneutral,0,0.95114,0.02331,1,,,massA=0.00114 massB=0.0222,after,0,0.0
p2,753,25,neutral,0,124,207,0.76,1.2687,1,False,A,meta-llama/Llama-3.1-8B-Instruct,chat,riskneutral,0,0.50391,0.00044,1,,,massA=0.000223 massB=0.000219,after,0,0.0
p2,655,21,mixed,106,106,206,0.73,1.4187,2,False,A,meta-llama/Llama-3.1-8B-Instruct,chat,riskneutral,0,0.76908,8e-05,1,,,massA=6.05e-05 massB=1.82e-05,after,0,0.0
p2,84,2,mixed,162,162,661,0.26,1.0609,2,True,B,meta-llama/Llama-3.1-8B-Instruct,chat,riskneutral,0,0.86339,0.00346,1,,,massA=0.000473 massB=0.00299,after,0,0.0
p2,1234,17,dominant,0,117,129,1.0,1.1026,4,True,B,meta-llama/Llama-3.1-8B-Instruct,chat,riskneutral,0,0.43398,0.01413,1,,,massA=0.008 massB=0.00613,after,0,0.0
p2,242,8,neutral,0,62,263,0.33,1.3998,1,True,B,meta-llama/Llama-3.1-8B-Instruct,chat,riskneutral,0,0.96153,0.02434,1,,,massA=0.000936 massB=0.0234,after,0,0.0
p2,1228,14,dominant,0,81,135,1.0,1.6667,1,True,B,meta-llama/Llama-3.1-8B-Instruct,chat,riskneutral,0,0.91368,0.29987,0,,,massA=0.0259 massB=0.274,after,0,0.0
p2,78,2,gain,0,162,661,0.26,1.0609,4,True,B,meta-llama/Llama-3.1-8B-Instruct,chat,riskneutral,0,0.92022,3e-05,1,,,massA=2.25e-06 massB=2.6e-05,after,0,0.0
p2,504,16,mixed,139,139,234,0.6,1.0101,2,True,B,meta-llama/Llama-3.1-8B-Instruct,chat,riskneutral,0,0.88404,0.00296,1,,,massA=0.000343 massB=0.00262,after,0,0.0
p2,823,27,gain,0,166,433,0.53,1.3825,1,False,A,meta-llama/Llama-3.1-8B-Instruct,chat,riskneutral,0,0.55061,0.00013,1,,,massA=7.3e-05 massB=5.96e-05,after,0,0.0
p2,167,5,gain,0,162,381,0.46,1.0819,3,False,A,meta-llama/Llama-3.1-8B-Instruct,chat,riskneutral,0,0.51562,0.00032,1,,,massA=0.000165 massB=0.000155,after,0,0.0
p2,873,29,neutral,0,79,81,0.83,0.851,1,False,A,meta-llama/Llama-3.1-8B-Instruct,chat,riskneutral,0,0.71223,0.00055,1,,,massA=0.000388 massB=0.000157,after,0,0.0
p2,814,27,neutral,0,166,433,0.53,1.3825,2,True,B,meta-llama/Llama-3.1-8B-Instruct,chat,riskneutral,0,0.86339,0.00295,1,,,massA=0.000403 massB=0.00255,after,0,0.0
p2,729,24,neutral,0,168,214,0.76,0.9681,4,False,A,meta-llama/Llama-3.1-8B-Instruct,chat,riskneutral,0,0.5,1e-05,1,,,massA=3.11e-06 massB=3.11e-06,after,0,0.0
p2,606,20,neutral,0,186,266,0.63,0.901,3,True,B,meta-llama/Llama-3.1-8B-Instruct,chat,riskneutral,0,0.94892,0.06969,1,,,massA=0.00356 massB=0.0661,after,0,0.0
p2,562,18,mixed,41,41,61,0.58,0.8629,1,True,B,meta-llama/Llama-3.1-8B-Instruct,chat,riskneutral,0,0.94335,0.00135,1,,,massA=7.64e-05 massB=0.00127,after,0,0.0
p2,547,18,neutral,0,41,61,0.58,0.8629,3,False,A,meta-llama/Llama-3.1-8B-Instruct,chat,riskneutral,0,0.60019,0.0036,1,,,massA=0.00216 massB=0.00144,after,0,0.0
p2,1029,34,neutral,0,52,96,0.63,1.1631,4,False,A,meta-llama/Llama-3.1-8B-Instruct,chat,riskneutral,0,0.68426,0.0,1,,,massA=3.09e-06 massB=1.43e-06,after,0,0.0
p2,461,15,gain,0,82,113,0.74,1.0198,0,False,A,meta-llama/Llama-3.1-8B-Instruct,chat,riskneutral,0,0.74017,5e-05,1,,,massA=3.9e-05 massB=1.37e-05,after,0,0.0
p2,140,4,mixed,29,29,71,0.55,1.3466,0,True,B,meta-llama/Llama-3.1-8B-Instruct,chat,riskneutral,0,0.93902,0.01734,1,,,massA=0.00106 massB=0.0163,after,0,0.0
p2,223,7,gain,0,63,98,0.64,0.9956,1,False,A,meta-llama/Llama-3.1-8B-Instruct,chat,riskneutral,0,0.59643,0.0001,1,,,massA=5.75e-05 massB=3.89e-05,after,0,0.0
p2,966,32,neutral,0,131,236,0.57,1.0269,3,True,B,meta-llama/Llama-3.1-8B-Instruct,chat,riskneutral,0,0.94079,0.09214,1,,,massA=0.00546 massB=0.0867,after,0,0.0
p2,614,20,gain,0,186,266,0.63,0.901,2,True,B,meta-llama/Llama-3.1-8B-Instruct,chat,riskneutral,0,0.94815,0.00136,1,,,massA=7.07e-05 massB=0.00129,after,0,0.0
p2,367,12,neutral,0,164,541,0.38,1.2535,3,False,A,meta-llama/Llama-3.1-8B-Instruct,chat,riskneutral,0,0.39981,0.00986,1,,,massA=0.00394 massB=0.00592,after,0,0.0
p2,439,14,gain,0,81,201,0.68,1.6874,4,False,A,meta-llama/Llama-3.1-8B-Instruct,chat,riskneutral,0,0.48243,0.0,1,,,massA=1.89e-06 massB=2.02e-06,after,0,0.0
p2,358,11,mixed,54,54,68,0.81,1.02,4,True,B,meta-llama/Llama-3.1-8B-Instruct,chat,riskneutral,0,0.91964,0.00098,1,,,massA=7.85e-05 massB=0.000898,after,0,0.0
p2,569,18,mixed,41,41,61,0.58,0.8629,4,False,A,meta-llama/Llama-3.1-8B-Instruct,chat,riskneutral,0,0.83655,1e-05,1,,,massA=4.39e-06 massB=8.58e-07,after,0,0.0
p2,1125,37,gain,0,151,252,0.68,1.1348,2,False,A,meta-llama/Llama-3.1-8B-Instruct,chat,riskneutral,0,0.58889,8e-05,1,,,massA=4.69e-05 massB=3.28e-05,after,0,0.0
p2,874,29,neutral,0,79,81,0.83,0.851,2,True,B,meta-llama/Llama-3.1-8B-Instruct,chat,riskneutral,0,0.88563,0.00458,1,,,massA=0.000524 massB=0.00406,after,0,0.0
p2,157,5,neutral,0,162,381,0.46,1.0819,3,False,A,meta-llama/Llama-3.1-8B-Instruct,chat,riskneutral,0,0.53121,0.00634,1,,,massA=0.00337 massB=0.00297,after,0,0.0
p2,1142,38,neutral,0,183,609,0.38,1.2646,1,True,B,meta-llama/Llama-3.1-8B-Instruct,chat,riskneutral,0,0.9752,0.01698,1,,,massA=0.000421 massB=0.0166,after,0,0.0
p2,188,6,neutral,0,94,101,0.71,0.7629,4,True,B,meta-llama/Llama-3.1-8B-Instruct,chat,riskneutral,0,0.91964,0.00014,1,,,massA=1.14e-05 massB=0.000131,after,0,0.0
p2,327,10,mixed,111,111,278,0.58,1.4526,3,False,A,meta-llama/Llama-3.1-8B-Instruct,chat,riskneutral,0,0.88876,0.00021,1,,,massA=0.000185 massB=2.32e-05,after,0,0.0
p2,838,27,mixed,166,166,433,0.53,1.3825,4,True,B,meta-llama/Llama-3.1-8B-Instruct,chat,riskneutral,0,0.93721,0.00238,1,,,massA=0.00015 massB=0.00224,after,0,0.0
p2,811,27,neutral,0,166,433,0.53,1.3825,0,False,A,meta-llama/Llama-3.1-8B-Instruct,chat,riskneutral,0,0.60019,0.00113,1,,,massA=0.000678 massB=0.000452,after,0,0.0
p2,1060,35,gain,0,91,133,0.68,0.9938,0,True,B,meta-llama/Llama-3.1-8B-Instruct,chat,riskneutral,0,0.94967,0.00444,1,,,massA=0.000223 massB=0.00421,after,0,0.0
p2,185,6,neutral,0,94,101,0.71,0.7629,2,False,A,meta-llama/Llama-3.1-8B-Instruct,chat,riskneutral,0,0.60766,0.00012,1,,,massA=7.27e-05 massB=4.7e-05,after,0,0.0
p2,155,5,neutral,0,162,381,0.46,1.0819,2,False,A,meta-llama/Llama-3.1-8B-Instruct,chat,riskneutral,0,0.51172,0.0001,1,,,massA=5.27e-05 massB=5.03e-05,after,0,0.0
p2,533,17,mixed,117,117,362,0.42,1.2995,1,False,A,meta-llama/Llama-3.1-8B-Instruct,chat,riskneutral,0,0.72487,4e-05,1,,,massA=2.65e-05 massB=1e-05,after,0,0.0
p2,1118,37,neutral,0,151,252,0.68,1.1348,4,True,B,meta-llama/Llama-3.1-8B-Instruct,chat,riskneutral,0,0.90329,7e-05,1,,,massA=6.39e-06 massB=5.97e-05,after,0,0.0
p2,1192,39,mixed,178,178,567,0.32,1.0193,1,True,B,meta-llama/Llama-3.1-8B-Instruct,chat,riskneutral,0,0.96095,0.00295,1,,,massA=0.000115 massB=0.00283,after,0,0.0
p2,692,23,neutral,0,91,626,0.23,1.5822,1,True,B,meta-llama/Llama-3.1-8B-Instruct,chat,riskneutral,0,0.96432,0.01515,1,,,massA=0.000541 massB=0.0146,after,0,0.0
p2,582,19,gain,0,64,122,0.49,0.9341,1,True,B,meta-llama/Llama-3.1-8B-Instruct,chat,riskneutral,0,0.92192,0.00142,1,,,massA=0.000111 massB=0.00131,after,0,0.0
p2,852,28,gain,0,132,181,0.76,1.0421,1,True,B,meta-llama/Llama-3.1-8B-Instruct,chat,riskneutral,0,0.97113,0.00275,1,,,massA=7.93e-05 massB=0.00267,after,0,0.0
p2,667,22,neutral,0,81,163,0.72,1.4489,3,False,A,meta-llama/Llama-3.1-8B-Instruct,chat,riskneutral,0,0.48438,0.00489,1,,,massA=0.00237 massB=0.00252,after,0,0.0
p2,716,23,mixed,91,91,626,0.23,1.5822,3,True,B,meta-llama/Llama-3.1-8B-Instruct,chat,riskneutral,0,0.8808,0.01146,1,,,massA=0.00137 massB=0.0101,after,0,0.0
p2,1090,36,gain,0,98,227,0.47,1.0887,0,True,B,meta-llama/Llama-3.1-8B-Instruct,chat,riskneutral,0,0.91964,0.00609,1,,,massA=0.000489 massB=0.0056,after,0,0.0
p2,424,14,neutral,0,81,201,0.68,1.6874,2,True,B,meta-llama/Llama-3.1-8B-Instruct,chat,riskneutral,0,0.89625,0.00246,1,,,massA=0.000255 massB=0.0022,after,0,0.0
p2,676,22,gain,0,81,163,0.72,1.4489,3,True,B,meta-llama/Llama-3.1-8B-Instruct,chat,riskneutral,0,0.87915,0.00734,1,,,massA=0.000887 massB=0.00646,after,0,0.0
p2,189,6,neutral,0,94,101,0.71,0.7629,4,False,A,meta-llama/Llama-3.1-8B-Instruct,chat,riskneutral,0,0.65842,1e-05,1,,,massA=5.59e-06 massB=2.9e-06,after,0,0.0
p2,151,5,neutral,0,162,381,0.46,1.0819,0,False,A,meta-llama/Llama-3.1-8B-Instruct,chat,riskneutral,0,0.5775,0.00096,1,,,massA=0.000553 massB=0.000405,after,0,0.0
p2,952,31,mixed,51,51,151,0.29,0.8586,1,True,B,meta-llama/Llama-3.1-8B-Instruct,chat,riskneutral,0,0.92944,0.00121,1,,,massA=8.53e-05 massB=0.00112,after,0,0.0
p2,563,18,mixed,41,41,61,0.58,0.8629,1,False,A,meta-llama/Llama-3.1-8B-Instruct,chat,riskneutral,0,0.75779,3e-05,1,,,massA=2.09e-05 massB=6.67e-06,after,0,0.0
p2,178,5,mixed,162,162,381,0.46,1.0819,4,True,B,meta-llama/Llama-3.1-8B-Instruct,chat,riskneutral,0,0.94335,0.00167,1,,,massA=9.48e-05 massB=0.00158,after,0,0.0
p2,1033,34,gain,0,52,96,0.63,1.1631,1,False,A,meta-llama/Llama-3.1-8B-Instruct,chat,riskneutral,0,0.57368,8e-05,1,,,massA=4.48e-05 massB=3.33e-05,after,0,0.0
p2,863,28,mixed,132,132,181,0.76,1.0421,1,False,A,meta-llama/Llama-3.1-8B-Instruct,chat,riskneutral,0,0.7773,3e-05,1,,,massA=2.34e-05 massB=6.7e-06,after,0,0.0
p2,402,13,gain,0,72,88,0.64,0.7822,1,True,B,meta-llama/Llama-3.1-8B-Instruct,chat,riskneutral,0,0.95976,0.00262,1,,,massA=0.000106 massB=0.00252,after,0,0.0
p2,675,22,gain,0,81,163,0.72,1.4489,2,False,A,meta-llama/Llama-3.1-8B-Instruct,chat,riskneutral,0,0.56602,6e-05,1,,,massA=3.55e-05 massB=2.72e-05,after,0,0.0
p2,187,6,neutral,0,94,101,0.71,0.7629,3,False,A,meta-llama/Llama-3.1-8B-Instruct,chat,riskneutral,0,0.57368,0.0087,1,,,massA=0.00499 massB=0.00371,after,0,0.0
p2,805,26,mixed,59,59,151,0.36,0.9214,2,False,A,meta-llama/Llama-3.1-8B-Instruct,chat,riskneutral,0,0.73716,5e-05,1,,,massA=3.51e-05 massB=1.25e-05,after,0,0.0
p2,1084,36,neutral,0,98,227,0.47,1.0887,2,True,B,meta-llama/Llama-3.1-8B-Instruct,chat,riskneutral,0,0.85391,0.00352,1,,,massA=0.000515 massB=0.00301,after,0,0.0
p2,825,27,gain,0,166,433,0.53,1.3825,2,False,A,meta-llama/Llama-3.1-8B-Instruct,chat,riskneutral,0,0.65135,9e-05,1,,,massA=5.73e-05 massB=3.07e-05,after,0,0.0
p2,1116,37,neutral,0,151,252,0.68,1.1348,3,True,B,meta-llama/Llama-3.1-8B-Instruct,chat,riskneutral,0,0.93721,0.04983,1,,,massA=0.00313 massB=0.0467,after,0,0.0
p2,1132,37,mixed,151,151,252,0.68,1.1348,1,True,B,meta-llama/Llama-3.1-8B-Instruct,chat,riskneutral,0,0.95598,0.00332,1,,,massA=0.000146 massB=0.00317,after,0,0.0
p2,512,17,neutral,0,117,362,0.42,1.2995,1,True,B,meta-llama/Llama-3.1-8B-Instruct,chat,riskneutral,0,0.97998,0.01285,1,,,massA=0.000257 massB=0.0126,after,0,0.0
p2,815,27,neutral,0,166,433,0.53,1.3825,2,False,A,meta-llama/Llama-3.1-8B-Instruct,chat,riskneutral,0,0.54674,0.00012,1,,,massA=6.68e-05 massB=5.54e-05,after,0,0.0
p2,574,19,neutral,0,64,122,0.49,0.9341,2,True,B,meta-llama/Llama-3.1-8B-Instruct,chat,riskneutral,0,0.82446,0.00357,1,,,massA=0.000627 massB=0.00295,after,0,0.0
p2,698,23,neutral,0,91,626,0.23,1.5822,4,True,B,meta-llama/Llama-3.1-8B-Instruct,chat,riskneutral,0,0.90599,7e-05,1,,,massA=6.29e-06 massB=6.06e-05,after,0,0.0
p2,910,30,gain,0,149,447,0.26,0.78,0,True,B,meta-llama/Llama-3.1-8B-Instruct,chat,riskneutral,0,0.91368,0.00279,1,,,massA=0.00024 massB=0.00255,after,0,0.0
p2,843,28,neutral,0,132,181,0.76,1.0421,1,False,A,meta-llama/Llama-3.1-8B-Instruct,chat,riskneutral,0,0.48048,0.00027,1,,,massA=0.000129 massB=0.00014,after,0,0.0
p2,527,17,gain,0,117,362,0.42,1.2995,3,False,A,meta-llama/Llama-3.1-8B-Instruct,chat,riskneutral,0,0.49219,0.00029,1,,,massA=0.000142 massB=0.000147,after,0,0.0
p2,1187,39,gain,0,178,567,0.32,1.0193,3,False,A,meta-llama/Llama-3.1-8B-Instruct,chat,riskneutral,0,0.50391,0.00044,1,,,massA=0.000219 massB=0.000216,after,0,0.0
p2,1092,36,gain,0,98,227,0.47,1.0887,1,True,B,meta-llama/Llama-3.1-8B-Instruct,chat,riskneutral,0,0.96538,0.00538,1,,,massA=0.000186 massB=0.0052,after,0,0.0
p2,1002,33,gain,0,142,446,0.53,1.6646,1,True,B,meta-llama/Llama-3.1-8B-Instruct,chat,riskneutral,0,0.97199,0.00425,1,,,massA=0.000119 massB=0.00413,after,0,0.0
p2,285,9,gain,0,49,153,0.26,0.8118,2,False,A,meta-llama/Llama-3.1-8B-Instruct,chat,riskneutral,0,0.59643,7e-05,1,,,massA=4.09e-05 massB=2.77e-05,after,0,0.0
p2,245,8,neutral,0,62,263,0.33,1.3998,2,False,A,meta-llama/Llama-3.1-8B-Instruct,chat,riskneutral,0,0.47658,0.0001,1,,,massA=4.99e-05 massB=5.48e-05,after,0,0.0
p2,1181,39,gain,0,178,567,0.32,1.0193,0,False,A,meta-llama/Llama-3.1-8B-Instruct,chat,riskneutral,0,0.73106,6e-05,1,,,massA=4.46e-05 massB=1.64e-05,after,0,0.0
p2,130,4,gain,0,29,71,0.55,1.3466,0,True,B,meta-llama/Llama-3.1-8B-Instruct,chat,riskneutral,0,0.8977,0.0042,1,,,massA=0.00043 massB=0.00377,after,0,0.0
p2,888,29,gain,0,79,81,0.83,0.851,4,True,B,meta-llama/Llama-3.1-8B-Instruct,chat,riskneutral,0,0.9458,0.00013,1,,,massA=6.81e-06 massB=0.000119,after,0,0.0
p2,630,21,neutral,0,106,206,0.73,1.4187,0,True,B,meta-llama/Llama-3.1-8B-Instruct,chat,riskneutral,0,0.96741,0.02267,1,,,massA=0.000739 massB=0.0219,after,0,0.0
p2,85,2,mixed,162,162,661,0.26,1.0609,2,False,A,meta-llama/Llama-3.1-8B-Instruct,chat,riskneutral,0,0.74017,0.00011,1,,,massA=8.03e-05 massB=2.82e-05,after,0,0.0
p2,403,13,gain,0,72,88,0.64,0.7822,1,False,A,meta-llama/Llama-3.1-8B-Instruct,chat,riskneutral,0,0.53898,8e-05,1,,,massA=4.54e-05 massB=3.88e-05,after,0,0.0
p2,1246,23,dominant,0,91,132,1.0,1.4505,0,True,B,meta-llama/Llama-3.1-8B-Instruct,chat,riskneutral,0,0.90465,0.12884,1,,,massA=0.0123 massB=0.117,after,0,0.0
p2,146,4,mixed,29,29,71,0.55,1.3466,3,True,B,meta-llama/Llama-3.1-8B-Instruct,chat,riskneutral,0,0.84594,0.01452,1,,,massA=0.00224 massB=0.0123,after,0,0.0
p2,433,14,gain,0,81,201,0.68,1.6874,1,False,A,meta-llama/Llama-3.1-8B-Instruct,chat,riskneutral,0,0.48828,0.00016,1,,,massA=7.59e-05 massB=7.95e-05,after,0,0.0
p2,1215,7,dominant,0,63,81,1.0,1.2857,2,False,A,meta-llama/Llama-3.1-8B-Instruct,chat,riskneutral,0,0.79819,0.01011,1,,,massA=0.00807 massB=0.00204,after,0,0.0
p2,1100,36,mixed,98,98,227,0.47,1.0887,0,True,B,meta-llama/Llama-3.1-8B-Instruct,chat,riskneutral,0,0.94967,0.02715,1,,,massA=0.00137 massB=0.0258,after,0,0.0
p2,850,28,gain,0,132,181,0.76,1.0421,0,True,B,meta-llama/Llama-3.1-8B-Instruct,chat,riskneutral,0,0.91611,0.00342,1,,,massA=0.000287 massB=0.00313,after,0,0.0
p2,197,6,gain,0,94,101,0.71,0.7629,3,False,A,meta-llama/Llama-3.1-8B-Instruct,chat,riskneutral,0,0.46879,0.00052,1,,,massA=0.000243 massB=0.000275,after,0,0.0
p2,565,18,mixed,41,41,61,0.58,0.8629,2,False,A,meta-llama/Llama-3.1-8B-Instruct,chat,riskneutral,0,0.74317,8e-05,1,,,massA=5.65e-05 massB=1.95e-05,after,0,0.0
p2,1075,35,mixed,91,91,133,0.68,0.9938,2,False,A,meta-llama/Llama-3.1-8B-Instruct,chat,riskneutral,0,0.67576,9e-05,1,,,massA=6.34e-05 massB=3.04e-05,after,0,0.0
p2,895,29,mixed,79,79,81,0.83,0.851,2,False,A,meta-llama/Llama-3.1-8B-Instruct,chat,riskneutral,0,0.73412,0.00017,1,,,massA=0.000122 massB=4.44e-05,after,0,0.0
p2,1242,21,dominant,0,106,147,1.0,1.3868,4,True,B,meta-llama/Llama-3.1-8B-Instruct,chat,riskneutral,0,0.5,0.01695,1,,,massA=0.00848 massB=0.00848,after,0,0.0
p2,572,19,neutral,0,64,122,0.49,0.9341,1,True,B,meta-llama/Llama-3.1-8B-Instruct,chat,riskneutral,0,0.96095,0.0291,1,,,massA=0.00114 massB=0.028,after,0,0.0
p2,441,14,mixed,81,81,201,0.68,1.6874,0,False,A,meta-llama/Llama-3.1-8B-Instruct,chat,riskneutral,0,0.93146,0.00021,1,,,massA=0.000198 massB=1.45e-05,after,0,0.0
p2,233,7,mixed,63,63,98,0.64,0.9956,1,False,A,meta-llama/Llama-3.1-8B-Instruct,chat,riskneutral,0,0.81989,3e-05,1,,,massA=2.45e-05 massB=5.39e-06,after,0,0.0
p2,89,2,mixed,162,162,661,0.26,1.0609,4,False,A,meta-llama/Llama-3.1-8B-Instruct,chat,riskneutral,0,0.80441,1e-05,1,,,massA=4.39e-06 massB=1.07e-06,after,0,0.0
p2,395,13,neutral,0,72,88,0.64,0.7822,2,False,A,meta-llama/Llama-3.1-8B-Instruct,chat,riskneutral,0,0.58889,6e-05,1,,,massA=3.66e-05 massB=2.55e-05,after,0,0.0
p2,886,29,gain,0,79,81,0.83,0.851,3,True,B,meta-llama/Llama-3.1-8B-Instruct,chat,riskneutral,0,0.86339,0.01978,1,,,massA=0.0027 massB=0.0171,after,0,0.0
p2,1244,22,dominant,0,81,109,1.0,1.3457,0,True,B,meta-llama/Llama-3.1-8B-Instruct,chat,riskneutral,0,0.87915,0.13871,1,,,massA=0.0168 massB=0.122,after,0,0.0
p2,1177,39,neutral,0,178,567,0.32,1.0193,3,False,A,meta-llama/Llama-3.1-8B-Instruct,chat,riskneutral,0,0.47658,0.00836,1,,,massA=0.00398 massB=0.00437,after,0,0.0
p2,337,11,neutral,0,54,68,0.81,1.02,3,False,A,meta-llama/Llama-3.1-8B-Instruct,chat,riskneutral,0,0.59643,0.00973,1,,,massA=0.0058 massB=0.00393,after,0,0.0
p2,156,5,neutral,0,162,381,0.46,1.0819,3,True,B,meta-llama/Llama-3.1-8B-Instruct,chat,riskneutral,0,0.94335,0.08699,1,,,massA=0.00493 massB=0.0821,after,0,0.0
p2,1055,35,neutral,0,91,133,0.68,0.9938,2,False,A,meta-llama/Llama-3.1-8B-Instruct,chat,riskneutral,0,0.58889,0.0001,1,,,massA=5.88e-05 massB=4.1e-05,after,0,0.0
p2,794,26,gain,0,59,151,0.36,0.9214,2,True,B,meta-llama/Llama-3.1-8B-Instruct,chat,riskneutral,0,0.90329,0.00093,1,,,massA=8.98e-05 massB=0.000839,after,0,0.0
p2,1174,39,neutral,0,178,567,0.32,1.0193,2,True,B,meta-llama/Llama-3.1-8B-Instruct,chat,riskneutral,0,0.81989,0.00252,1,,,massA=0.000455 massB=0.00207,after,0,0.0
p2,1106,36,mixed,98,98,227,0.47,1.0887,3,True,B,meta-llama/Llama-3.1-8B-Instruct,chat,riskneutral,0,0.85966,0.01975,1,,,massA=0.00277 massB=0.017,after,0,0.0
p2,739,24,gain,0,168,214,0.76,0.9681,4,False,A,meta-llama/Llama-3.1-8B-Instruct,chat,riskneutral,0,0.4359,0.0,1,,,massA=1.63e-06 massB=2.11e-06,after,0,0.0
p2,1213,6,dominant,0,94,128,1.0,1.3617,4,False,A,meta-llama/Llama-3.1-8B-Instruct,chat,riskneutral,0,0.73106,0.00834,1,,,massA=0.00609 massB=0.00224,after,0,0.0
p2,3,0,neutral,0,186,984,0.26,1.3755,1,False,A,meta-llama/Llama-3.1-8B-Instruct,chat,riskneutral,0,0.43015,0.00059,1,,,massA=0.000254 massB=0.000336,after,0,0.0
p2,681,22,mixed,81,81,163,0.72,1.4489,0,False,A,meta-llama/Llama-3.1-8B-Instruct,chat,riskneutral,0,0.9263,0.00021,1,,,massA=0.000193 massB=1.53e-05,after,0,0.0
p2,1204,2,dominant,0,162,174,1.0,1.0741,0,True,B,meta-llama/Llama-3.1-8B-Instruct,chat,riskneutral,0,0.88876,0.16125,1,,,massA=0.0179 massB=0.143,after,0,0.0
p2,936,31,neutral,0,51,151,0.29,0.8586,3,True,B,meta-llama/Llama-3.1-8B-Instruct,chat,riskneutral,0,0.93535,0.04901,1,,,massA=0.00317 massB=0.0458,after,0,0.0
p2,1152,38,gain,0,183,609,0.38,1.2646,1,True,B,meta-llama/Llama-3.1-8B-Instruct,chat,riskneutral,0,0.97838,0.00389,1,,,massA=8.41e-05 massB=0.00381,after,0,0.0
p2,354,11,mixed,54,54,68,0.81,1.02,2,True,B,meta-llama/Llama-3.1-8B-Instruct,chat,riskneutral,0,0.85391,0.00267,1,,,massA=0.00039 massB=0.00228,after,0,0.0
p2,1144,38,neutral,0,183,609,0.38,1.2646,2,True,B,meta-llama/Llama-3.1-8B-Instruct,chat,riskneutral,0,0.83548,0.0019,1,,,massA=0.000313 massB=0.00159,after,0,0.0
p2,1050,35,neutral,0,91,133,0.68,0.9938,0,True,B,meta-llama/Llama-3.1-8B-Instruct,chat,riskneutral,0,0.96886,0.01672,1,,,massA=0.000521 massB=0.0162,after,0,0.0
p2,975,32,gain,0,131,236,0.57,1.0269,2,False,A,meta-llama/Llama-3.1-8B-Instruct,chat,riskneutral,0,0.65489,6e-05,1,,,massA=4.01e-05 massB=2.11e-05,after,0,0.0
p2,1143,38,neutral,0,183,609,0.38,1.2646,1,False,A,meta-llama/Llama-3.1-8B-Instruct,chat,riskneutral,0,0.39607,0.00031,1,,,massA=0.000121 massB=0.000185,after,0,0.0
p2,1119,37,neutral,0,151,252,0.68,1.1348,4,False,A,meta-llama/Llama-3.1-8B-Instruct,chat,riskneutral,0,0.62612,0.0,1,,,massA=2.87e-06 massB=1.71e-06,after,0,0.0
p2,290,9,mixed,49,49,153,0.26,0.8118,0,True,B,meta-llama/Llama-3.1-8B-Instruct,chat,riskneutral,0,0.92414,0.01331,1,,,massA=0.00101 massB=0.0123,after,0,0.0
p2,819,27,neutral,0,166,433,0.53,1.3825,4,False,A,meta-llama/Llama-3.1-8B-Instruct,chat,riskneutral,0,0.60393,1e-05,1,,,massA=4.66e-06 massB=3.05e-06,after,0,0.0
p2,627,20,mixed,186,186,266,0.63,0.901,3,False,A,meta-llama/Llama-3.1-8B-Instruct,chat,riskneutral,0,0.90797,0.00012,1,,,massA=0.000109 massB=1.11e-05,after,0,0.0
p2,1048,34,mixed,52,52,96,0.63,1.1631,4,True,B,meta-llama/Llama-3.1-8B-Instruct,chat,riskneutral,0,0.92304,0.00123,1,,,massA=9.47e-05 massB=0.00114,after,0,0.0
p2,538,17,mixed,117,117,362,0.42,1.2995,4,True,B,meta-llama/Llama-3.1-8B-Instruct,chat,riskneutral,0,0.94499,0.0014,1,,,massA=7.69e-05 massB=0.00132,after,0,0.0
p2,495,16,gain,0,139,234,0.6,1.0101,2,False,A,meta-llama/Llama-3.1-8B-Instruct,chat,riskneutral,0,0.70253,7e-05,1,,,massA=4.6e-05 massB=1.95e-05,after,0,0.0
p2,971,32,gain,0,131,236,0.57,1.0269,0,False,A,meta-llama/Llama-3.1-8B-Instruct,chat,riskneutral,0,0.79566,4e-05,1,,,massA=3.22e-05 massB=8.27e-06,after,0,0.0
p2,59,1,mixed,58,58,116,0.66,1.32,4,False,A,meta-llama/Llama-3.1-8B-Instruct,chat,riskneutral,0,0.87235,1e-05,1,,,massA=1.01e-05 massB=1.48e-06,after,0,0.0
p2,728,24,neutral,0,168,214,0.76,0.9681,4,True,B,meta-llama/Llama-3.1-8B-Instruct,chat,riskneutral,0,0.93812,0.00014,1,,,massA=8.54e-06 massB=0.000129,after,0,0.0
p2,892,29,mixed,79,79,81,0.83,0.851,1,True,B,meta-llama/Llama-3.1-8B-Instruct,chat,riskneutral,0,0.92944,0.00159,1,,,massA=0.000112 massB=0.00148,after,0,0.0
p2,221,7,gain,0,63,98,0.64,0.9956,0,False,A,meta-llama/Llama-3.1-8B-Instruct,chat,riskneutral,0,0.76065,6e-05,1,,,massA=4.78e-05 massB=1.5e-05,after,0,0.0
p2,200,6,mixed,94,94,101,0.71,0.7629,0,True,B,meta-llama/Llama-3.1-8B-Instruct,chat,riskneutral,0,0.90329,0.01364,1,,,massA=0.00132 massB=0.0123,after,0,0.0
p2,1047,34,mixed,52,52,96,0.63,1.1631,3,False,A,meta-llama/Llama-3.1-8B-Instruct,chat,riskneutral,0,0.88563,0.00013,1,,,massA=0.000114 massB=1.48e-05,after,0,0.0
p2,497,16,gain,0,139,234,0.6,1.0101,3,False,A,meta-llama/Llama-3.1-8B-Instruct,chat,riskneutral,0,0.59267,0.00035,1,,,massA=0.00021 massB=0.000144,after,0,0.0
p2,653,21,mixed,106,106,206,0.73,1.4187,1,False,A,meta-llama/Llama-3.1-8B-Instruct,chat,riskneutral,0,0.83332,4e-05,1,,,massA=2.92e-05 massB=5.85e-06,after,0,0.0
p2,801,26,mixed,59,59,151,0.36,0.9214,0,False,A,meta-llama/Llama-3.1-8B-Instruct,chat,riskneutral,0,0.90192,9e-05,1,,,massA=8.37e-05 massB=9.1e-06,after,0,0.0
p2,995,33,neutral,0,142,446,0.53,1.6646,2,False,A,meta-llama/Llama-3.1-8B-Instruct,chat,riskneutral,0,0.54286,0.00012,1,,,massA=6.65e-05 massB=5.6e-05,after,0,0.0
p2,718,23,mixed,91,91,626,0.23,1.5822,4,True,B,meta-llama/Llama-3.1-8B-Instruct,chat,riskneutral,0,0.93902,0.00131,1,,,massA=7.99e-05 massB=0.00123,after,0,0.0
p2,217,7,neutral,0,63,98,0.64,0.9956,3,False,A,meta-llama/Llama-3.1-8B-Instruct,chat,riskneutral,0,0.62246,0.00413,1,,,massA=0.00257 massB=0.00156,after,0,0.0
p2,507,16,mixed,139,139,234,0.6,1.0101,3,False,A,meta-llama/Llama-3.1-8B-Instruct,chat,riskneutral,0,0.89625,0.00014,1,,,massA=0.000126 massB=1.45e-05,after,0,0.0
p2,1270,35,dominant,0,91,107,1.0,1.1758,0,True,B,meta-llama/Llama-3.1-8B-Instruct,chat,riskneutral,0,0.9149,0.14867,1,,,massA=0.0127 massB=0.136,after,0,0.0
p2,756,25,neutral,0,124,207,0.76,1.2687,3,True,B,meta-llama/Llama-3.1-8B-Instruct,chat,riskneutral,0,0.9466,0.08508,1,,,massA=0.00454 massB=0.0805,after,0,0.0
p2,789,26,neutral,0,59,151,0.36,0.9214,4,False,A,meta-llama/Llama-3.1-8B-Instruct,chat,riskneutral,0,0.64601,0.0,1,,,massA=2.77e-06 massB=1.52e-06,after,0,0.0
p2,405,13,gain,0,72,88,0.64,0.7822,2,False,A,meta-llama/Llama-3.1-8B-Instruct,chat,riskneutral,0,0.64423,6e-05,1,,,massA=3.73e-05 massB=2.06e-05,after,0,0.0
p2,259,8,gain,0,62,263,0.33,1.3998,4,False,A,meta-llama/Llama-3.1-8B-Instruct,chat,riskneutral,0,0.57368,0.0,1,,,massA=2.27e-06 massB=1.69e-06,after,0,0.0
p2,598,19,mixed,64,64,122,0.49,0.9341,4,True,B,meta-llama/Llama-3.1-8B-Instruct,chat,riskneutral,0,0.90862,0.00075,1,,,massA=6.82e-05 massB=0.000678,after,0,0.0
p2,658,21,mixed,106,106,206,0.73,1.4187,4,True,B,meta-llama/Llama-3.1-8B-Instruct,chat,riskneutral,0,0.92523,0.00153,1,,,massA=0.000114 massB=0.00142,after,0,0.0
p2,1093,36,gain,0,98,227,0.47,1.0887,1,False,A,meta-llama/Llama-3.1-8B-Instruct,chat,riskneutral,0,0.49219,0.00019,1,,,massA=9.19e-05 massB=9.48e-05,after,0,0.0
p2,341,11,gain,0,54,68,0.81,1.02,0,False,A,meta-llama/Llama-3.1-8B-Instruct,chat,riskneutral,0,0.71542,5e-05,1,,,massA=3.75e-05 massB=1.49e-05,after,0,0.0
p2,1140,38,neutral,0,183,609,0.38,1.2646,0,True,B,meta-llama/Llama-3.1-8B-Instruct,chat,riskneutral,0,0.95728,0.01626,1,,,massA=0.000695 massB=0.0156,after,0,0.0
p2,1077,35,mixed,91,91,133,0.68,0.9938,3,False,A,meta-llama/Llama-3.1-8B-Instruct,chat,riskneutral,0,0.8808,0.0002,1,,,massA=0.000178 massB=2.41e-05,after,0,0.0
p2,27,0,mixed,186,186,984,0.26,1.3755,3,False,A,meta-llama/Llama-3.1-8B-Instruct,chat,riskneutral,0,0.8977,8e-05,1,,,massA=7.39e-05 massB=8.43e-06,after,0,0.0
p2,1162,38,mixed,183,183,609,0.38,1.2646,1,True,B,meta-llama/Llama-3.1-8B-Instruct,chat,riskneutral,0,0.96378,0.00291,1,,,massA=0.000105 massB=0.0028,after,0,0.0
p2,879,29,neutral,0,79,81,0.83,0.851,4,False,A,meta-llama/Llama-3.1-8B-Instruct,chat,riskneutral,0,0.68763,1e-05,1,,,massA=5.78e-06 massB=2.63e-06,after,0,0.0
p2,469,15,gain,0,82,113,0.74,1.0198,4,False,A,meta-llama/Llama-3.1-8B-Instruct,chat,riskneutral,0,0.45908,0.0,1,,,massA=1.47e-06 massB=1.73e-06,after,0,0.0
p2,857,28,gain,0,132,181,0.76,1.0421,3,False,A,meta-llama/Llama-3.1-8B-Instruct,chat,riskneutral,0,0.44939,0.00023,1,,,massA=0.000102 massB=0.000125,after,0,0.0
p2,347,11,gain,0,54,68,0.81,1.02,3,False,A,meta-llama/Llama-3.1-8B-Instruct,chat,riskneutral,0,0.50781,0.00035,1,,,massA=0.000177 massB=0.000172,after,0,0.0
p2,684,22,mixed,81,81,163,0.72,1.4489,2,True,B,meta-llama/Llama-3.1-8B-Instruct,chat,riskneutral,0,0.89479,0.00372,1,,,massA=0.000392 massB=0.00333,after,0,0.0
p2,370,12,gain,0,164,541,0.38,1.2535,0,True,B,meta-llama/Llama-3.1-8B-Instruct,chat,riskneutral,0,0.93721,0.00464,1,,,massA=0.000291 massB=0.00435,after,0,0.0
p2,541,18,neutral,0,41,61,0.58,0.8629,0,False,A,meta-llama/Llama-3.1-8B-Instruct,chat,riskneutral,0,0.61509,0.0005,1,,,massA=0.00031 massB=0.000194,after,0,0.0
p2,816,27,neutral,0,166,433,0.53,1.3825,3,True,B,meta-llama/Llama-3.1-8B-Instruct,chat,riskneutral,0,0.94079,0.12163,1,,,massA=0.0072 massB=0.114,after,0,0.0
p2,335,11,neutral,0,54,68,0.81,1.02,2,False,A,meta-llama/Llama-3.1-8B-Instruct,chat,riskneutral,0,0.57368,0.0001,1,,,massA=5.71e-05 massB=4.24e-05,after,0,0.0
p2,1110,37,neutral,0,151,252,0.68,1.1348,0,True,B,meta-llama/Llama-3.1-8B-Instruct,chat,riskneutral,0,0.96036,0.0136,1,,,massA=0.000539 massB=0.0131,after,0,0.0
p2,398,13,neutral,0,72,88,0.64,0.7822,4,True,B,meta-llama/Llama-3.1-8B-Instruct,chat,riskneutral,0,0.92079,0.00012,1,,,massA=9.45e-06 massB=0.00011,after,0,0.0
p2,34,1,neutral,0,58,116,0.66,1.32,2,True,B,meta-llama/Llama-3.1-8B-Instruct,chat,riskneutral,0,0.90731,0.00279,1,,,massA=0.000259 massB=0.00253,after,0,0.0
p2,664,22,neutral,0,81,163,0.72,1.4489,2,True,B,meta-llama/Llama-3.1-8B-Instruct,chat,riskneutral,0,0.89029,0.00145,1,,,massA=0.000159 massB=0.00129,after,0,0.0
p2,342,11,gain,0,54,68,0.81,1.02,1,True,B,meta-llama/Llama-3.1-8B-Instruct,chat,riskneutral,0,0.96036,0.00207,1,,,massA=8.22e-05 massB=0.00199,after,0,0.0
p2,458,15,neutral,0,82,113,0.74,1.0198,4,True,B,meta-llama/Llama-3.1-8B-Instruct,chat,riskneutral,0,0.93812,0.00014,1,,,massA=8.78e-06 massB=0.000133,after,0,0.0
p2,1036,34,gain,0,52,96,0.63,1.1631,3,True,B,meta-llama/Llama-3.1-8B-Instruct,chat,riskneutral,0,0.86883,0.00737,1,,,massA=0.000966 massB=0.0064,after,0,0.0
p2,592,19,mixed,64,64,122,0.49,0.9341,1,True,B,meta-llama/Llama-3.1-8B-Instruct,chat,riskneutral,0,0.93535,0.00138,1,,,massA=8.94e-05 massB=0.00129,after,0,0.0
p2,380,12,mixed,164,164,541,0.38,1.2535,0,True,B,meta-llama/Llama-3.1-8B-Instruct,chat,riskneutral,0,0.95114,0.02276,1,,,massA=0.00111 massB=0.0216,after,0,0.0
p2,953,31,mixed,51,51,151,0.29,0.8586,1,False,A,meta-llama/Llama-3.1-8B-Instruct,chat,riskneutral,0,0.76629,2e-05,1,,,massA=1.91e-05 massB=5.83e-06,after,0,0.0
p2,442,14,mixed,81,81,201,0.68,1.6874,1,True,B,meta-llama/Llama-3.1-8B-Instruct,chat,riskneutral,0,0.95532,0.00216,1,,,massA=9.65e-05 massB=0.00206,after,0,0.0
p2,275,9,neutral,0,49,153,0.26,0.8118,2,False,A,meta-llama/Llama-3.1-8B-Instruct,chat,riskneutral,0,0.42632,6e-05,1,,,massA=2.4e-05 massB=3.23e-05,after,0,0.0
p2,795,26,gain,0,59,151,0.36,0.9214,2,False,A,meta-llama/Llama-3.1-8B-Instruct,chat,riskneutral,0,0.60019,5e-05,1,,,massA=2.89e-05 massB=1.92e-05,after,0,0.0
p2,646,21,gain,0,106,206,0.73,1.4187,3,True,B,meta-llama/Llama-3.1-8B-Instruct,chat,riskneutral,0,0.87235,0.01012,1,,,massA=0.00129 massB=0.00883,after,0,0.0
p2,954,31,mixed,51,51,151,0.29,0.8586,2,True,B,meta-llama/Llama-3.1-8B-Instruct,chat,riskneutral,0,0.87579,0.0024,1,,,massA=0.000298 massB=0.0021,after,0,0.0
p2,284,9,gain,0,49,153,0.26,0.8118,2,True,B,meta-llama/Llama-3.1-8B-Instruct,chat,riskneutral,0,0.90192,0.00113,1,,,massA=0.000111 massB=0.00102,after,0,0.0
p2,135,4,gain,0,29,71,0.55,1.3466,2,False,A,meta-llama/Llama-3.1-8B-Instruct,chat,riskneutral,0,0.65489,5e-05,1,,,massA=3.5e-05 massB=1.84e-05,after,0,0.0
p2,360,12,neutral,0,164,541,0.38,1.2535,0,True,B,meta-llama/Llama-3.1-8B-Instruct,chat,riskneutral,0,0.95854,0.02023,1,,,massA=0.000839 massB=0.0194,after,0,0.0
p2,1038,34,gain,0,52,96,0.63,1.1631,4,True,B,meta-llama/Llama-3.1-8B-Instruct,chat,riskneutral,0,0.92469,4e-05,1,,,massA=2.75e-06 massB=3.37e-05,after,0,0.0
p2,351,11,mixed,54,54,68,0.81,1.02,0,False,A,meta-llama/Llama-3.1-8B-Instruct,chat,riskneutral,0,0.9173,0.00019,1,,,massA=0.000178 massB=1.61e-05,after,0,0.0
p2,505,16,mixed,139,139,234,0.6,1.0101,2,False,A,meta-llama/Llama-3.1-8B-Instruct,chat,riskneutral,0,0.78531,6e-05,1,,,massA=4.92e-05 massB=1.35e-05,after,0,0.0
p2,770,25,mixed,124,124,207,0.76,1.2687,0,True,B,meta-llama/Llama-3.1-8B-Instruct,chat,riskneutral,0,0.93343,0.01552,1,,,massA=0.00103 massB=0.0145,after,0,0.0
p2,315,10,gain,0,111,278,0.58,1.4526,2,False,A,meta-llama/Llama-3.1-8B-Instruct,chat,riskneutral,0,0.60019,9e-05,1,,,massA=5.12e-05 massB=3.41e-05,after,0,0.0
p2,1051,35,neutral,0,91,133,0.68,0.9938,0,False,A,meta-llama/Llama-3.1-8B-Instruct,chat,riskneutral,0,0.61509,0.00083,1,,,massA=0.000508 massB=0.000318,after,0,0.0
p2,218,7,neutral,0,63,98,0.64,0.9956,4,True,B,meta-llama/Llama-3.1-8B-Instruct,chat,riskneutral,0,0.92523,0.0001,1,,,massA=7.48e-06 massB=9.26e-05,after,0,0.0
p2,1059,35,neutral,0,91,133,0.68,0.9938,4,False,A,meta-llama/Llama-3.1-8B-Instruct,chat,riskneutral,0,0.60766,1e-05,1,,,massA=4.17e-06 massB=2.69e-06,after,0,0.0
p2,652,21,mixed,106,106,206,0.73,1.4187,1,True,B,meta-llama/Llama-3.1-8B-Instruct,chat,riskneutral,0,0.94418,0.00167,1,,,massA=9.31e-05 massB=0.00157,after,0,0.0
p2,844,28,neutral,0,132,181,0.76,1.0421,2,True,B,meta-llama/Llama-3.1-8B-Instruct,chat,riskneutral,0,0.86339,0.00181,1,,,massA=0.000247 massB=0.00156,after,0,0.0
p2,644,21,gain,0,106,206,0.73,1.4187,2,True,B,meta-llama/Llama-3.1-8B-Instruct,chat,riskneutral,0,0.94335,0.00173,1,,,massA=9.79e-05 massB=0.00163,after,0,0.0
p2,1150,38,gain,0,183,609,0.38,1.2646,0,True,B,meta-llama/Llama-3.1-8B-Instruct,chat,riskneutral,0,0.95532,0.00689,1,,,massA=0.000308 massB=0.00658,after,0,0.0
p2,352,11,mixed,54,54,68,0.81,1.02,1,True,B,meta-llama/Llama-3.1-8B-Instruct,chat,riskneutral,0,0.93535,0.00111,1,,,massA=7.16e-05 massB=0.00104,after,0,0.0
p2,884,29,gain,0,79,81,0.83,0.851,2,True,B,meta-llama/Llama-3.1-8B-Instruct,chat,riskneutral,0,0.92944,0.00298,1,,,massA=0.00021 massB=0.00277,after,0,0.0
p2,757,25,neutral,0,124,207,0.76,1.2687,3,False,A,meta-llama/Llama-3.1-8B-Instruct,chat,riskneutral,0,0.51172,0.0077,1,,,massA=0.00394 massB=0.00376,after,0,0.0
p2,271,9,neutral,0,49,153,0.26,0.8118,0,False,A,meta-llama/Llama-3.1-8B-Instruct,chat,riskneutral,0,0.49609,0.00085,1,,,massA=0.000423 massB=0.000429,after,0,0.0
p2,278,9,neutral,0,49,153,0.26,0.8118,4,True,B,meta-llama/Llama-3.1-8B-Instruct,chat,riskneutral,0,0.87915,5e-05,1,,,massA=6.39e-06 massB=4.65e-05,after,0,0.0
p2,419,13,mixed,72,72,88,0.64,0.7822,4,False,A,meta-llama/Llama-3.1-8B-Instruct,chat,riskneutral,0,0.84078,1e-05,1,,,massA=4.57e-06 massB=8.65e-07,after,0,0.0
p2,813,27,neutral,0,166,433,0.53,1.3825,1,False,A,meta-llama/Llama-3.1-8B-Instruct,chat,riskneutral,0,0.46879,0.00027,1,,,massA=0.000129 massB=0.000146,after,0,0.0
p2,641,21,gain,0,106,206,0.73,1.4187,0,False,A,meta-llama/Llama-3.1-8B-Instruct,chat,riskneutral,0,0.71859,7e-05,1,,,massA=4.67e-05 massB=1.83e-05,after,0,0.0
p2,1133,37,mixed,151,151,252,0.68,1.1348,1,False,A,meta-llama/Llama-3.1-8B-Instruct,chat,riskneutral,0,0.75779,5e-05,1,,,massA=3.99e-05 massB=1.28e-05,after,0,0.0
p2,1243,21,dominant,0,106,147,1.0,1.3868,3,False,A,meta-llama/Llama-3.1-8B-Instruct,chat,riskneutral,0,0.65135,0.16662,1,,,massA=0.109 massB=0.0581,after,0,0.0
p2,302,10,neutral,0,111,278,0.58,1.4526,1,True,B,meta-llama/Llama-3.1-8B-Instruct,chat,riskneutral,0,0.97241,0.02119,1,,,massA=0.000585 massB=0.0206,after,0,0.0
p2,531,17,mixed,117,117,362,0.42,1.2995,0,False,A,meta-llama/Llama-3.1-8B-Instruct,chat,riskneutral,0,0.9149,0.0002,1,,,massA=0.000182 massB=1.69e-05,after,0,0.0
p2,118,3,mixed,46,46,158,0.33,1.1335,4,True,B,meta-llama/Llama-3.1-8B-Instruct,chat,riskneutral,0,0.93046,0.00125,1,,,massA=8.66e-05 massB=0.00116,after,0,0.0
p2,860,28,mixed,132,132,181,0.76,1.0421,0,True,B,meta-llama/Llama-3.1-8B-Instruct,chat,riskneutral,0,0.92414,0.01528,1,,,massA=0.00116 massB=0.0141,after,0,0.0
p2,631,21,neutral,0,106,206,0.73,1.4187,0,False,A,meta-llama/Llama-3.1-8B-Instruct,chat,riskneutral,0,0.5775,0.00145,1,,,massA=0.000836 massB=0.000612,after,0,0.0
p2,171,5,mixed,162,162,381,0.46,1.0819,0,False,A,meta-llama/Llama-3.1-8B-Instruct,chat,riskneutral,0,0.91368,0.00029,1,,,massA=0.000263 massB=2.48e-05,after,0,0.0
p2,762,25,gain,0,124,207,0.76,1.2687,1,True,B,meta-llama/Llama-3.1-8B-Instruct,chat,riskneutral,0,0.96886,0.00175,1,,,massA=5.44e-05 massB=0.00169,after,0,0.0
p2,861,28,mixed,132,132,181,0.76,1.0421,0,False,A,meta-llama/Llama-3.1-8B-Instruct,chat,riskneutral,0,0.93046,0.00024,1,,,massA=0.00022 massB=1.65e-05,after,0,0.0
p2,1103,36,mixed,98,98,227,0.47,1.0887,1,False,A,meta-llama/Llama-3.1-8B-Instruct,chat,riskneutral,0,0.73412,6e-05,1,,,massA=4.23e-05 massB=1.53e-05,after,0,0.0
p2,231,7,mixed,63,63,98,0.64,0.9956,0,False,A,meta-llama/Llama-3.1-8B-Instruct,chat,riskneutral,0,0.93535,0.00019,1,,,massA=0.000177 massB=1.22e-05,after,0,0.0
p2,643,21,gain,0,106,206,0.73,1.4187,1,False,A,meta-llama/Llama-3.1-8B-Instruct,chat,riskneutral,0,0.52732,0.00012,1,,,massA=6.19e-05 massB=5.55e-05,after,0,0.0
p2,468,15,gain,0,82,113,0.74,1.0198,4,True,B,meta-llama/Llama-3.1-8B-Instruct,chat,riskneutral,0,0.94815,6e-05,1,,,massA=3.04e-06 massB=5.55e-05,after,0,0.0
p2,806,26,mixed,59,59,151,0.36,0.9214,3,True,B,meta-llama/Llama-3.1-8B-Instruct,chat,riskneutral,0,0.85585,0.01117,1,,,massA=0.00161 massB=0.00956,after,0,0.0
p2,409,13,gain,0,72,88,0.64,0.7822,4,False,A,meta-llama/Llama-3.1-8B-Instruct,chat,riskneutral,0,0.52537,0.0,1,,,massA=1.55e-06 massB=1.4e-06,after,0,0.0
p2,624,20,mixed,186,186,266,0.63,0.901,2,True,B,meta-llama/Llama-3.1-8B-Instruct,chat,riskneutral,0,0.85391,0.00232,1,,,massA=0.000339 massB=0.00198,after,0,0.0
p2,465,15,gain,0,82,113,0.74,1.0198,2,False,A,meta-llama/Llama-3.1-8B-Instruct,chat,riskneutral,0,0.55833,8e-05,1,,,massA=4.32e-05 massB=3.42e-05,after,0,0.0
p2,382,12,mixed,164,164,541,0.38,1.2535,1,True,B,meta-llama/Llama-3.1-8B-Instruct,chat,riskneutral,0,0.96036,0.00264,1,,,massA=0.000104 massB=0.00253,after,0,0.0
p2,431,14,gain,0,81,201,0.68,1.6874,0,False,A,meta-llama/Llama-3.1-8B-Instruct,chat,riskneutral,0,0.71223,6e-05,1,,,massA=4.25e-05 massB=1.72e-05,after,0,0.0
p2,109,3,gain,0,46,158,0.33,1.1335,4,False,A,meta-llama/Llama-3.1-8B-Instruct,chat,riskneutral,0,0.61878,0.0,1,,,massA=2.34e-06 massB=1.44e-06,after,0,0.0
p2,1268,34,dominant,0,52,110,1.0,2.1154,3,True,B,meta-llama/Llama-3.1-8B-Instruct,chat,riskneutral,0,0.76908,0.22814,0,,,massA=0.0527 massB=0.175,after,0,0.0
p2,1277,38,dominant,0,183,201,1.0,1.0984,2,False,A,meta-llama/Llama-3.1-8B-Instruct,chat,riskneutral,0,0.62977,0.02143,1,,,massA=0.0135 massB=0.00793,after,0,0.0
p2,1161,38,mixed,183,183,609,0.38,1.2646,0,False,A,meta-llama/Llama-3.1-8B-Instruct,chat,riskneutral,0,0.90991,0.00017,1,,,massA=0.000153 massB=1.51e-05,after,0,0.0
p2,677,22,gain,0,81,163,0.72,1.4489,3,False,A,meta-llama/Llama-3.1-8B-Instruct,chat,riskneutral,0,0.51562,0.00021,1,,,massA=0.000106 massB=0.0001,after,0,0.0
p2,1136,37,mixed,151,151,252,0.68,1.1348,3,True,B,meta-llama/Llama-3.1-8B-Instruct,chat,riskneutral,0,0.86522,0.01954,1,,,massA=0.00263 massB=0.0169,after,0,0.0
p2,511,17,neutral,0,117,362,0.42,1.2995,0,False,A,meta-llama/Llama-3.1-8B-Instruct,chat,riskneutral,0,0.54674,0.00062,1,,,massA=0.000342 massB=0.000283,after,0,0.0
p2,1212,6,dominant,0,94,128,1.0,1.3617,3,True,B,meta-llama/Llama-3.1-8B-Instruct,chat,riskneutral,0,0.80317,0.23375,0,,,massA=0.046 massB=0.188,after,0,0.0
p2,1,0,neutral,0,186,984,0.26,1.3755,0,False,A,meta-llama/Llama-3.1-8B-Instruct,chat,riskneutral,0,0.56602,0.00151,1,,,massA=0.000856 massB=0.000657,after,0,0.0
p2,55,1,mixed,58,58,116,0.66,1.32,2,False,A,meta-llama/Llama-3.1-8B-Instruct,chat,riskneutral,0,0.79566,9e-05,1,,,massA=6.76e-05 massB=1.74e-05,after,0,0.0
p2,589,19,gain,0,64,122,0.49,0.9341,4,False,A,meta-llama/Llama-3.1-8B-Instruct,chat,riskneutral,0,0.5851,0.0,1,,,massA=1.55e-06 massB=1.1e-06,after,0,0.0
p2,488,16,neutral,0,139,234,0.6,1.0101,4,True,B,meta-llama/Llama-3.1-8B-Instruct,chat,riskneutral,0,0.9173,0.00012,1,,,massA=1.01e-05 massB=0.000112,after,0,0.0
p2,923,30,mixed,149,149,447,0.26,0.78,1,False,A,meta-llama/Llama-3.1-8B-Instruct,chat,riskneutral,0,0.72798,3e-05,1,,,massA=2.37e-05 massB=8.85e-06,after,0,0.0
p2,1170,39,neutral,0,178,567,0.32,1.0193,0,True,B,meta-llama/Llama-3.1-8B-Instruct,chat,riskneutral,0,0.94892,0.02144,1,,,massA=0.0011 massB=0.0203,after,0,0.0
p2,267,8,mixed,62,62,263,0.33,1.3998,3,False,A,meta-llama/Llama-3.1-8B-Instruct,chat,riskneutral,0,0.88953,0.0001,1,,,massA=8.99e-05 massB=1.12e-05,after,0,0.0
p2,204,6,mixed,94,94,101,0.71,0.7629,2,True,B,meta-llama/Llama-3.1-8B-Instruct,chat,riskneutral,0,0.82671,0.00244,1,,,massA=0.000423 massB=0.00202,after,0,0.0
p2,686,22,mixed,81,81,163,0.72,1.4489,3,True,B,meta-llama/Llama-3.1-8B-Instruct,chat,riskneutral,0,0.83548,0.0111,1,,,massA=0.00183 massB=0.00927,after,0,0.0
p2,453,15,neutral,0,82,113,0.74,1.0198,1,False,A,meta-llama/Llama-3.1-8B-Instruct,chat,riskneutral,0,0.5,0.00034,1,,,massA=0.00017 massB=0.00017,after,0,0.0
p2,154,5,neutral,0,162,381,0.46,1.0819,2,True,B,meta-llama/Llama-3.1-8B-Instruct,chat,riskneutral,0,0.85391,0.00226,1,,,massA=0.00033 massB=0.00193,after,0,0.0
p2,974,32,gain,0,131,236,0.57,1.0269,2,True,B,meta-llama/Llama-3.1-8B-Instruct,chat,riskneutral,0,0.9458,0.00208,1,,,massA=0.000113 massB=0.00197,after,0,0.0
p2,150,5,neutral,0,162,381,0.46,1.0819,0,True,B,meta-llama/Llama-3.1-8B-Instruct,chat,riskneutral,0,0.94418,0.01348,1,,,massA=0.000753 massB=0.0127,after,0,0.0
p2,244,8,neutral,0,62,263,0.33,1.3998,2,True,B,meta-llama/Llama-3.1-8B-Instruct,chat,riskneutral,0,0.80563,0.00303,1,,,massA=0.000589 massB=0.00244,after,0,0.0
p2,295,9,mixed,49,49,153,0.26,0.8118,2,False,A,meta-llama/Llama-3.1-8B-Instruct,chat,riskneutral,0,0.73106,5e-05,1,,,massA=3.66e-05 massB=1.35e-05,after,0,0.0
p2,877,29,neutral,0,79,81,0.83,0.851,3,False,A,meta-llama/Llama-3.1-8B-Instruct,chat,riskneutral,0,0.70253,0.00747,1,,,massA=0.00525 massB=0.00222,after,0,0.0
p2,744,24,mixed,168,168,214,0.76,0.9681,2,True,B,meta-llama/Llama-3.1-8B-Instruct,chat,riskneutral,0,0.87915,0.00337,1,,,massA=0.000408 massB=0.00297,after,0,0.0
p2,704,23,gain,0,91,626,0.23,1.5822,2,True,B,meta-llama/Llama-3.1-8B-Instruct,chat,riskneutral,0,0.93046,0.00144,1,,,massA=0.0001 massB=0.00134,after,0,0.0
p2,100,3,gain,0,46,158,0.33,1.1335,0,True,B,meta-llama/Llama-3.1-8B-Instruct,chat,riskneutral,0,0.90991,0.00358,1,,,massA=0.000322 massB=0.00326,after,0,0.0
p2,17,0,gain,0,186,984,0.26,1.3755,3,False,A,meta-llama/Llama-3.1-8B-Instruct,chat,riskneutral,0,0.55447,0.00029,1,,,massA=0.000159 massB=0.000127,after,0,0.0
p2,1044,34,mixed,52,52,96,0.63,1.1631,2,True,B,meta-llama/Llama-3.1-8B-Instruct,chat,riskneutral,0,0.89912,0.00249,1,,,massA=0.000251 massB=0.00224,after,0,0.0
p2,1018,33,mixed,142,142,446,0.53,1.6646,4,True,B,meta-llama/Llama-3.1-8B-Instruct,chat,riskneutral,0,0.9466,0.00214,1,,,massA=0.000114 massB=0.00202,after,0,0.0
p2,292,9,mixed,49,49,153,0.26,0.8118,1,True,B,meta-llama/Llama-3.1-8B-Instruct,chat,riskneutral,0,0.94335,0.00139,1,,,massA=7.9e-05 massB=0.00132,after,0,0.0
p2,920,30,mixed,149,149,447,0.26,0.78,0,True,B,meta-llama/Llama-3.1-8B-Instruct,chat,riskneutral,0,0.92944,0.01885,1,,,massA=0.00133 massB=0.0175,after,0,0.0
p2,491,16,gain,0,139,234,0.6,1.0101,0,False,A,meta-llama/Llama-3.1-8B-Instruct,chat,riskneutral,0,0.80317,6e-05,1,,,massA=4.46e-05 massB=1.09e-05,after,0,0.0
p2,110,3,mixed,46,46,158,0.33,1.1335,0,True,B,meta-llama/Llama-3.1-8B-Instruct,chat,riskneutral,0,0.93812,0.02465,1,,,massA=0.00153 massB=0.0231,after,0,0.0
p2,211,7,neutral,0,63,98,0.64,0.9956,0,False,A,meta-llama/Llama-3.1-8B-Instruct,chat,riskneutral,0,0.64064,0.00053,1,,,massA=0.000336 massB=0.000189,after,0,0.0
p2,1022,34,neutral,0,52,96,0.63,1.1631,1,True,B,meta-llama/Llama-3.1-8B-Instruct,chat,riskneutral,0,0.98309,0.01135,1,,,massA=0.000192 massB=0.0112,after,0,0.0
p2,40,1,gain,0,58,116,0.66,1.32,0,True,B,meta-llama/Llama-3.1-8B-Instruct,chat,riskneutral,0,0.93535,0.00591,1,,,massA=0.000382 massB=0.00553,after,0,0.0
p2,484,16,neutral,0,139,234,0.6,1.0101,2,True,B,meta-llama/Llama-3.1-8B-Instruct,chat,riskneutral,0,0.90053,0.0028,1,,,massA=0.000279 massB=0.00252,after,0,0.0
p2,748,24,mixed,168,168,214,0.76,0.9681,4,True,B,meta-llama/Llama-3.1-8B-Instruct,chat,riskneutral,0,0.9344,0.00146,1,,,massA=9.6e-05 massB=0.00137,after,0,0.0
p2,835,27,mixed,166,166,433,0.53,1.3825,2,False,A,meta-llama/Llama-3.1-8B-Instruct,chat,riskneutral,0,0.80317,9e-05,1,,,massA=6.83e-05 massB=1.67e-05,after,0,0.0
p2,263,8,mixed,62,62,263,0.33,1.3998,1,False,A,meta-llama/Llama-3.1-8B-Instruct,chat,riskneutral,0,0.80069,3e-05,1,,,massA=2.68e-05 massB=6.68e-06,after,0,0.0
p2,969,32,neutral,0,131,236,0.57,1.0269,4,False,A,meta-llama/Llama-3.1-8B-Instruct,chat,riskneutral,0,0.60206,1e-05,1,,,massA=3.1e-06 massB=2.05e-06,after,0,0.0
p2,77,2,gain,0,162,661,0.26,1.0609,3,False,A,meta-llama/Llama-3.1-8B-Instruct,chat,riskneutral,0,0.50391,0.00027,1,,,massA=0.000137 massB=0.000135,after,0,0.0
p2,1189,39,gain,0,178,567,0.32,1.0193,4,False,A,meta-llama/Llama-3.1-8B-Instruct,chat,riskneutral,0,0.48438,0.0,1,,,massA=2.15e-06 massB=2.29e-06,after,0,0.0
p2,986,32,mixed,131,131,236,0.57,1.0269,3,True,B,meta-llama/Llama-3.1-8B-Instruct,chat,riskneutral,0,0.85195,0.01423,1,,,massA=0.00211 massB=0.0121,after,0,0.0
p2,1137,37,mixed,151,151,252,0.68,1.1348,3,False,A,meta-llama/Llama-3.1-8B-Instruct,chat,riskneutral,0,0.86522,0.00025,1,,,massA=0.000217 massB=3.38e-05,after,0,0.0
p2,1278,39,dominant,0,178,205,1.0,1.1517,4,True,B,meta-llama/Llama-3.1-8B-Instruct,chat,riskneutral,0,0.5,0.0159,1,,,massA=0.00795 massB=0.00795,after,0,0.0
p2,871,29,neutral,0,79,81,0.83,0.851,0,False,A,meta-llama/Llama-3.1-8B-Instruct,chat,riskneutral,0,0.64064,0.00111,1,,,massA=0.000709 massB=0.000398,after,0,0.0
p2,708,23,gain,0,91,626,0.23,1.5822,4,True,B,meta-llama/Llama-3.1-8B-Instruct,chat,riskneutral,0,0.94459,4e-05,1,,,massA=2.18e-06 massB=3.71e-05,after,0,0.0
p2,1115,37,neutral,0,151,252,0.68,1.1348,2,False,A,meta-llama/Llama-3.1-8B-Instruct,chat,riskneutral,0,0.58889,0.00011,1,,,massA=6.67e-05 massB=4.66e-05,after,0,0.0
p2,1032,34,gain,0,52,96,0.63,1.1631,1,True,B,meta-llama/Llama-3.1-8B-Instruct,chat,riskneutral,0,0.94967,0.00195,1,,,massA=9.83e-05 massB=0.00186,after,0,0.0
p2,435,14,gain,0,81,201,0.68,1.6874,2,False,A,meta-llama/Llama-3.1-8B-Instruct,chat,riskneutral,0,0.51952,0.00012,1,,,massA=6.01e-05 massB=5.56e-05,after,0,0.0
p2,671,22,gain,0,81,163,0.72,1.4489,0,False,A,meta-llama/Llama-3.1-8B-Instruct,chat,riskneutral,0,0.76629,5e-05,1,,,massA=3.59e-05 massB=1.1e-05,after,0,0.0
p2,506,16,mixed,139,139,234,0.6,1.0101,3,True,B,meta-llama/Llama-3.1-8B-Instruct,chat,riskneutral,0,0.85966,0.01573,1,,,massA=0.00221 massB=0.0135,after,0,0.0
p2,120,4,neutral,0,29,71,0.55,1.3466,0,True,B,meta-llama/Llama-3.1-8B-Instruct,chat,riskneutral,0,0.96153,0.01862,1,,,massA=0.000716 massB=0.0179,after,0,0.0
p2,1261,30,dominant,0,149,187,1.0,1.255,3,False,A,meta-llama/Llama-3.1-8B-Instruct,chat,riskneutral,0,0.50391,0.19196,1,,,massA=0.0967 massB=0.0952,after,0,0.0
p2,58,1,mixed,58,58,116,0.66,1.32,4,True,B,meta-llama/Llama-3.1-8B-Instruct,chat,riskneutral,0,0.90731,0.00167,1,,,massA=0.000155 massB=0.00152,after,0,0.0
p2,734,24,gain,0,168,214,0.76,0.9681,2,True,B,meta-llama/Llama-3.1-8B-Instruct,chat,riskneutral,0,0.94738,0.00195,1,,,massA=0.000102 massB=0.00184,after,0,0.0
p2,521,17,gain,0,117,362,0.42,1.2995,0,False,A,meta-llama/Llama-3.1-8B-Instruct,chat,riskneutral,0,0.75201,5e-05,1,,,massA=3.82e-05 massB=1.26e-05,after,0,0.0
p2,345,11,gain,0,54,68,0.81,1.02,2,False,A,meta-llama/Llama-3.1-8B-Instruct,chat,riskneutral,0,0.53898,8e-05,1,,,massA=4.06e-05 massB=3.48e-05,after,0,0.0
p2,49,1,gain,0,58,116,0.66,1.32,4,False,A,meta-llama/Llama-3.1-8B-Instruct,chat,riskneutral,0,0.56218,1e-05,1,,,massA=2.82e-06 massB=2.19e-06,after,0,0.0
p2,1124,37,gain,0,151,252,0.68,1.1348,2,True,B,meta-llama/Llama-3.1-8B-Instruct,chat,riskneutral,0,0.95598,0.00232,1,,,massA=0.000102 massB=0.00222,after,0,0.0
p2,525,17,gain,0,117,362,0.42,1.2995,2,False,A,meta-llama/Llama-3.1-8B-Instruct,chat,riskneutral,0,0.60019,6e-05,1,,,massA=3.54e-05 massB=2.36e-05,after,0,0.0
p2,1235,17,dominant,0,117,129,1.0,1.1026,4,False,A,meta-llama/Llama-3.1-8B-Instruct,chat,riskneutral,0,0.71542,0.01157,1,,,massA=0.00828 massB=0.00329,after,0,0.0
p2,1208,4,dominant,0,29,56,1.0,1.931,1,True,B,meta-llama/Llama-3.1-8B-Instruct,chat,riskneutral,0,0.9149,0.45632,0,,,massA=0.0388 massB=0.417,after,0,0.0
p2,618,20,gain,0,186,266,0.63,0.901,4,True,B,meta-llama/Llama-3.1-8B-Instruct,chat,riskneutral,0,0.93391,4e-05,1,,,massA=2.88e-06 massB=4.08e-05,after,0,0.0
p2,1275,37,dominant,0,151,193,1.0,1.2781,2,False,A,meta-llama/Llama-3.1-8B-Instruct,chat,riskneutral,0,0.66192,0.01551,1,,,massA=0.0103 massB=0.00524,after,0,0.0
p2,694,23,neutral,0,91,626,0.23,1.5822,2,True,B,meta-llama/Llama-3.1-8B-Instruct,chat,riskneutral,0,0.76908,0.00135,1,,,massA=0.000312 massB=0.00104,after,0,0.0
p2,1013,33,mixed,142,142,446,0.53,1.6646,1,False,A,meta-llama/Llama-3.1-8B-Instruct,chat,riskneutral,0,0.76629,6e-05,1,,,massA=4.49e-05 massB=1.37e-05,after,0,0.0
p2,356,11,mixed,54,54,68,0.81,1.02,3,True,B,meta-llama/Llama-3.1-8B-Instruct,chat,riskneutral,0,0.81757,0.0105,1,,,massA=0.00192 massB=0.00859,after,0,0.0
p2,539,17,mixed,117,117,362,0.42,1.2995,4,False,A,meta-llama/Llama-3.1-8B-Instruct,chat,riskneutral,0,0.83114,1e-05,1,,,massA=5.27e-06 massB=1.07e-06,after,0,0.0
p2,1260,30,dominant,0,149,187,1.0,1.255,1,True,B,meta-llama/Llama-3.1-8B-Instruct,chat,riskneutral,0,0.93721,0.44092,0,,,massA=0.0277 massB=0.413,after,0,0.0
p2,121,4,neutral,0,29,71,0.55,1.3466,0,False,A,meta-llama/Llama-3.1-8B-Instruct,chat,riskneutral,0,0.62612,0.00071,1,,,massA=0.000444 massB=0.000265,after,0,0.0
p2,663,22,neutral,0,81,163,0.72,1.4489,1,False,A,meta-llama/Llama-3.1-8B-Instruct,chat,riskneutral,0,0.46879,0.00025,1,,,massA=0.000117 massB=0.000132,after,0,0.0
p2,1079,35,mixed,91,91,133,0.68,0.9938,4,False,A,meta-llama/Llama-3.1-8B-Instruct,chat,riskneutral,0,0.84078,1e-05,1,,,massA=6.87e-06 massB=1.3e-06,after,0,0.0
p2,269,8,mixed,62,62,263,0.33,1.3998,4,False,A,meta-llama/Llama-3.1-8B-Instruct,chat,riskneutral,0,0.87493,1e-05,1,,,massA=4.85e-06 massB=6.93e-07,after,0,0.0
p2,10,0,gain,0,186,984,0.26,1.3755,0,True,B,meta-llama/Llama-3.1-8B-Instruct,chat,riskneutral,0,0.92414,0.00463,1,,,massA=0.000351 massB=0.00428,after,0,0.0
p2,115,3,mixed,46,46,158,0.33,1.1335,2,False,A,meta-llama/Llama-3.1-8B-Instruct,chat,riskneutral,0,0.76629,6e-05,1,,,massA=4.39e-05 massB=1.34e-05,after,0,0.0
p2,143,4,mixed,29,29,71,0.55,1.3466,1,False,A,meta-llama/Llama-3.1-8B-Instruct,chat,riskneutral,0,0.80563,2e-05,1,,,massA=1.73e-05 massB=4.17e-06,after,0,0.0
p2,270,9,neutral,0,49,153,0.26,0.8118,0,True,B,meta-llama/Llama-3.1-8B-Instruct,chat,riskneutral,0,0.95114,0.01067,1,,,massA=0.000521 massB=0.0101,after,0,0.0
p2,255,8,gain,0,62,263,0.33,1.3998,2,False,A,meta-llama/Llama-3.1-8B-Instruct,chat,riskneutral,0,0.65135,9e-05,1,,,massA=5.88e-05 massB=3.15e-05,after,0,0.0
p2,31,1,neutral,0,58,116,0.66,1.32,0,False,A,meta-llama/Llama-3.1-8B-Instruct,chat,riskneutral,0,0.63703,0.00101,1,,,massA=0.000642 massB=0.000366,after,0,0.0
p2,887,29,gain,0,79,81,0.83,0.851,3,False,A,meta-llama/Llama-3.1-8B-Instruct,chat,riskneutral,0,0.53121,0.00044,1,,,massA=0.000233 massB=0.000206,after,0,0.0
p2,608,20,neutral,0,186,266,0.63,0.901,4,True,B,meta-llama/Llama-3.1-8B-Instruct,chat,riskneutral,0,0.91368,9e-05,1,,,massA=8.12e-06 massB=8.59e-05,after,0,0.0
p2,722,24,neutral,0,168,214,0.76,0.9681,1,True,B,meta-llama/Llama-3.1-8B-Instruct,chat,riskneutral,0,0.98409,0.02348,1,,,massA=0.000373 massB=0.0231,after,0,0.0
p2,889,29,gain,0,79,81,0.83,0.851,4,False,A,meta-llama/Llama-3.1-8B-Instruct,chat,riskneutral,0,0.4552,1e-05,1,,,massA=2.55e-06 massB=3.05e-06,after,0,0.0
p2,792,26,gain,0,59,151,0.36,0.9214,1,True,B,meta-llama/Llama-3.1-8B-Instruct,chat,riskneutral,0,0.95728,0.00146,1,,,massA=6.23e-05 massB=0.0014,after,0,0.0
p2,445,14,mixed,81,81,201,0.68,1.6874,2,False,A,meta-llama/Llama-3.1-8B-Instruct,chat,riskneutral,0,0.71223,9e-05,1,,,massA=6.15e-05 massB=2.49e-05,after,0,0.0
p2,477,15,mixed,82,82,113,0.74,1.0198,3,False,A,meta-llama/Llama-3.1-8B-Instruct,chat,riskneutral,0,0.89181,0.00015,1,,,massA=0.000137 massB=1.66e-05,after,0,0.0
p2,1166,38,mixed,183,183,609,0.38,1.2646,3,True,B,meta-llama/Llama-3.1-8B-Instruct,chat,riskneutral,0,0.8872,0.01756,1,,,massA=0.00198 massB=0.0156,after,0,0.0
p2,18,0,gain,0,186,984,0.26,1.3755,4,True,B,meta-llama/Llama-3.1-8B-Instruct,chat,riskneutral,0,0.91368,3e-05,1,,,massA=2.51e-06 massB=2.65e-05,after,0,0.0
p2,195,6,gain,0,94,101,0.71,0.7629,2,False,A,meta-llama/Llama-3.1-8B-Instruct,chat,riskneutral,0,0.52342,0.00011,1,,,massA=5.88e-05 massB=5.35e-05,after,0,0.0
p2,890,29,mixed,79,79,81,0.83,0.851,0,True,B,meta-llama/Llama-3.1-8B-Instruct,chat,riskneutral,0,0.92841,0.01718,1,,,massA=0.00123 massB=0.016,after,0,0.0
p2,24,0,mixed,186,186,984,0.26,1.3755,2,True,B,meta-llama/Llama-3.1-8B-Instruct,chat,riskneutral,0,0.86522,0.00245,1,,,massA=0.00033 massB=0.00212,after,0,0.0
p2,1114,37,neutral,0,151,252,0.68,1.1348,2,True,B,meta-llama/Llama-3.1-8B-Instruct,chat,riskneutral,0,0.84797,0.00203,1,,,massA=0.000308 massB=0.00172,after,0,0.0
p2,763,25,gain,0,124,207,0.76,1.2687,1,False,A,meta-llama/Llama-3.1-8B-Instruct,chat,riskneutral,0,0.51562,7e-05,1,,,massA=3.64e-05 massB=3.42e-05,after,0,0.0
p2,319,10,gain,0,111,278,0.58,1.4526,4,False,A,meta-llama/Llama-3.1-8B-Instruct,chat,riskneutral,0,0.50976,0.0,1,,,massA=1.84e-06 massB=1.77e-06,after,0,0.0
p2,166,5,gain,0,162,381,0.46,1.0819,3,True,B,meta-llama/Llama-3.1-8B-Instruct,chat,riskneutral,0,0.87748,0.0082,1,,,massA=0.001 massB=0.00719,after,0,0.0
p2,788,26,neutral,0,59,151,0.36,0.9214,4,True,B,meta-llama/Llama-3.1-8B-Instruct,chat,riskneutral,0,0.89625,6e-05,1,,,massA=6.19e-06 massB=5.35e-05,after,0,0.0
p2,82,2,mixed,162,162,661,0.26,1.0609,1,True,B,meta-llama/Llama-3.1-8B-Instruct,chat,riskneutral,0,0.9466,0.00235,1,,,massA=0.000126 massB=0.00223,after,0,0.0
p2,577,19,neutral,0,64,122,0.49,0.9341,3,False,A,meta-llama/Llama-3.1-8B-Instruct,chat,riskneutral,0,0.47268,0.00547,1,,,massA=0.00259 massB=0.00289,after,0,0.0
p2,63,2,neutral,0,162,661,0.26,1.0609,1,False,A,meta-llama/Llama-3.1-8B-Instruct,chat,riskneutral,0,0.3522,0.00042,1,,,massA=0.000149 massB=0.000274,after,0,0.0
p2,487,16,neutral,0,139,234,0.6,1.0101,3,False,A,meta-llama/Llama-3.1-8B-Instruct,chat,riskneutral,0,0.57368,0.00475,1,,,massA=0.00273 massB=0.00203,after,0,0.0
p2,609,20,neutral,0,186,266,0.63,0.901,4,False,A,meta-llama/Llama-3.1-8B-Instruct,chat,riskneutral,0,0.65842,0.0,1,,,massA=3.2e-06 massB=1.66e-06,after,0,0.0
p2,981,32,mixed,131,131,236,0.57,1.0269,0,False,A,meta-llama/Llama-3.1-8B-Instruct,chat,riskneutral,0,0.93721,0.00024,1,,,massA=0.000226 massB=1.51e-05,after,0,0.0
p2,856,28,gain,0,132,181,0.76,1.0421,3,True,B,meta-llama/Llama-3.1-8B-Instruct,chat,riskneutral,0,0.85777,0.00855,1,,,massA=0.00122 massB=0.00733,after,0,0.0
p2,1227,13,dominant,0,72,119,1.0,1.6528,3,False,A,meta-llama/Llama-3.1-8B-Instruct,chat,riskneutral,0,0.59643,0.18926,1,,,massA=0.113 massB=0.0764,after,0,0.0
p2,1195,39,mixed,178,178,567,0.32,1.0193,2,False,A,meta-llama/Llama-3.1-8B-Instruct,chat,riskneutral,0,0.74017,8e-05,1,,,massA=5.68e-05 massB=1.99e-05,after,0,0.0
p2,309,10,neutral,0,111,278,0.58,1.4526,4,False,A,meta-llama/Llama-3.1-8B-Instruct,chat,riskneutral,0,0.56985,1e-05,1,,,massA=3.39e-06 massB=2.56e-06,after,0,0.0
p2,772,25,mixed,124,124,207,0.76,1.2687,1,True,B,meta-llama/Llama-3.1-8B-Instruct,chat,riskneutral,0,0.95041,0.00165,1,,,massA=8.18e-05 massB=0.00157,after,0,0.0
p2,52,1,mixed,58,58,116,0.66,1.32,1,True,B,meta-llama/Llama-3.1-8B-Instruct,chat,riskneutral,0,0.93812,0.00227,1,,,massA=0.00014 massB=0.00213,after,0,0.0
p2,1097,36,gain,0,98,227,0.47,1.0887,3,False,A,meta-llama/Llama-3.1-8B-Instruct,chat,riskneutral,0,0.47268,0.0005,1,,,massA=0.000235 massB=0.000263,after,0,0.0
p2,39,1,neutral,0,58,116,0.66,1.32,4,False,A,meta-llama/Llama-3.1-8B-Instruct,chat,riskneutral,0,0.63703,1e-05,1,,,massA=5.07e-06 massB=2.89e-06,after,0,0.0
p2,661,22,neutral,0,81,163,0.72,1.4489,0,False,A,meta-llama/Llama-3.1-8B-Instruct,chat,riskneutral,0,0.54286,0.00069,1,,,massA=0.000376 massB=0.000316,after,0,0.0
p2,516,17,neutral,0,117,362,0.42,1.2995,3,True,B,meta-llama/Llama-3.1-8B-Instruct,chat,riskneutral,0,0.93991,0.08045,1,,,massA=0.00483 massB=0.0756,after,0,0.0
p2,432,14,gain,0,81,201,0.68,1.6874,1,True,B,meta-llama/Llama-3.1-8B-Instruct,chat,riskneutral,0,0.97199,0.00285,1,,,massA=7.98e-05 massB=0.00277,after,0,0.0
p2,1126,37,gain,0,151,252,0.68,1.1348,3,True,B,meta-llama/Llama-3.1-8B-Instruct,chat,riskneutral,0,0.88243,0.01023,1,,,massA=0.0012 massB=0.00902,after,0,0.0
p2,1231,15,dominant,0,82,114,1.0,1.3902,4,False,A,meta-llama/Llama-3.1-8B-Instruct,chat,riskneutral,0,0.71859,0.00842,1,,,massA=0.00605 massB=0.00237,after,0,0.0
p2,845,28,neutral,0,132,181,0.76,1.0421,2,False,A,meta-llama/Llama-3.1-8B-Instruct,chat,riskneutral,0,0.55061,9e-05,1,,,massA=4.89e-05 massB=3.99e-05,after,0,0.0
p2,305,10,neutral,0,111,278,0.58,1.4526,2,False,A,meta-llama/Llama-3.1-8B-Instruct,chat,riskneutral,0,0.50781,9e-05,1,,,massA=4.55e-05 massB=4.41e-05,after,0,0.0
p2,636,21,neutral,0,106,206,0.73,1.4187,3,True,B,meta-llama/Llama-3.1-8B-Instruct,chat,riskneutral,0,0.94499,0.10166,1,,,massA=0.00559 massB=0.0961,after,0,0.0
p2,94,3,neutral,0,46,158,0.33,1.1335,2,True,B,meta-llama/Llama-3.1-8B-Instruct,chat,riskneutral,0,0.82219,0.00314,1,,,massA=0.000559 massB=0.00259,after,0,0.0
p2,1223,11,dominant,0,54,73,1.0,1.3519,3,False,A,meta-llama/Llama-3.1-8B-Instruct,chat,riskneutral,0,0.5775,0.15917,1,,,massA=0.0919 massB=0.0672,after,0,0.0
p2,1102,36,mixed,98,98,227,0.47,1.0887,1,True,B,meta-llama/Llama-3.1-8B-Instruct,chat,riskneutral,0,0.95114,0.00344,1,,,massA=0.000168 massB=0.00327,after,0,0.0
p2,1095,36,gain,0,98,227,0.47,1.0887,2,False,A,meta-llama/Llama-3.1-8B-Instruct,chat,riskneutral,0,0.5775,7e-05,1,,,massA=4.12e-05 massB=3.02e-05,after,0,0.0
p2,137,4,gain,0,29,71,0.55,1.3466,3,False,A,meta-llama/Llama-3.1-8B-Instruct,chat,riskneutral,0,0.53898,0.00036,1,,,massA=0.000194 massB=0.000166,after,0,0.0
p2,393,13,neutral,0,72,88,0.64,0.7822,1,False,A,meta-llama/Llama-3.1-8B-Instruct,chat,riskneutral,0,0.52732,0.0002,1,,,massA=0.000104 massB=9.33e-05,after,0,0.0
p2,709,23,gain,0,91,626,0.23,1.5822,4,False,A,meta-llama/Llama-3.1-8B-Instruct,chat,riskneutral,0,0.52342,0.0,1,,,massA=1.45e-06 massB=1.32e-06,after,0,0.0
p2,557,18,gain,0,41,61,0.58,0.8629,3,False,A,meta-llama/Llama-3.1-8B-Instruct,chat,riskneutral,0,0.51172,0.00032,1,,,massA=0.000164 massB=0.000157,after,0,0.0
p2,859,28,gain,0,132,181,0.76,1.0421,4,False,A,meta-llama/Llama-3.1-8B-Instruct,chat,riskneutral,0,0.44746,0.0,1,,,massA=1.3e-06 massB=1.61e-06,after,0,0.0
p2,1233,16,dominant,0,139,190,1.0,1.3669,2,False,A,meta-llama/Llama-3.1-8B-Instruct,chat,riskneutral,0,0.62977,0.01862,1,,,massA=0.0117 massB=0.00689,after,0,0.0
p2,1254,27,dominant,0,166,204,1.0,1.2289,0,True,B,meta-llama/Llama-3.1-8B-Instruct,chat,riskneutral,0,0.89029,0.18267,1,,,massA=0.02 massB=0.163,after,0,0.0
p2,941,31,gain,0,51,151,0.29,0.8586,0,False,A,meta-llama/Llama-3.1-8B-Instruct,chat,riskneutral,0,0.73412,5e-05,1,,,massA=3.44e-05 massB=1.25e-05,after,0,0.0
p2,92,3,neutral,0,46,158,0.33,1.1335,1,True,B,meta-llama/Llama-3.1-8B-Instruct,chat,riskneutral,0,0.98145,0.0332,1,,,massA=0.000616 massB=0.0326,after,0,0.0
p2,126,4,neutral,0,29,71,0.55,1.3466,3,True,B,meta-llama/Llama-3.1-8B-Instruct,chat,riskneutral,0,0.94967,0.08179,1,,,massA=0.00412 massB=0.0777,after,0,0.0
p2,876,29,neutral,0,79,81,0.83,0.851,3,True,B,meta-llama/Llama-3.1-8B-Instruct,chat,riskneutral,0,0.96641,0.12213,1,,,massA=0.0041 massB=0.118,after,0,0.0
p2,672,22,gain,0,81,163,0.72,1.4489,1,True,B,meta-llama/Llama-3.1-8B-Instruct,chat,riskneutral,0,0.96036,0.00165,1,,,massA=6.54e-05 massB=0.00158,after,0,0.0
p2,357,11,mixed,54,54,68,0.81,1.02,3,False,A,meta-llama/Llama-3.1-8B-Instruct,chat,riskneutral,0,0.89912,0.00015,1,,,massA=0.000134 massB=1.51e-05,after,0,0.0
p2,1163,38,mixed,183,183,609,0.38,1.2646,1,False,A,meta-llama/Llama-3.1-8B-Instruct,chat,riskneutral,0,0.72174,3e-05,1,,,massA=2.34e-05 massB=9.04e-06,after,0,0.0
p2,1263,31,dominant,0,51,73,1.0,1.4314,0,False,A,meta-llama/Llama-3.1-8B-Instruct,chat,riskneutral,0,0.54286,0.07289,1,,,massA=0.0396 massB=0.0333,after,0,0.0
p2,1145,38,neutral,0,183,609,0.38,1.2646,2,False,A,meta-llama/Llama-3.1-8B-Instruct,chat,riskneutral,0,0.46102,8e-05,1,,,massA=3.9e-05 massB=4.56e-05,after,0,0.0
p2,978,32,gain,0,131,236,0.57,1.0269,4,True,B,meta-llama/Llama-3.1-8B-Instruct,chat,riskneutral,0,0.92469,4e-05,1,,,massA=2.81e-06 massB=3.45e-05,after,0,0.0
p2,427,14,neutral,0,81,201,0.68,1.6874,3,False,A,meta-llama/Llama-3.1-8B-Instruct,chat,riskneutral,0,0.55447,0.0078,1,,,massA=0.00432 massB=0.00347,after,0,0.0
p2,301,10,neutral,0,111,278,0.58,1.4526,0,False,A,meta-llama/Llama-3.1-8B-Instruct,chat,riskneutral,0,0.59267,0.00074,1,,,massA=0.00044 massB=0.000302,after,0,0.0
p2,1030,34,gain,0,52,96,0.63,1.1631,0,True,B,meta-llama/Llama-3.1-8B-Instruct,chat,riskneutral,0,0.92079,0.00385,1,,,massA=0.000305 massB=0.00354,after,0,0.0
p2,831,27,mixed,166,166,433,0.53,1.3825,0,False,A,meta-llama/Llama-3.1-8B-Instruct,chat,riskneutral,0,0.93343,0.00024,1,,,massA=0.000228 massB=1.62e-05,after,0,0.0
p2,615,20,gain,0,186,266,0.63,0.901,2,False,A,meta-llama/Llama-3.1-8B-Instruct,chat,riskneutral,0,0.63703,6e-05,1,,,massA=3.51e-05 massB=2e-05,after,0,0.0
p2,4,0,neutral,0,186,984,0.26,1.3755,2,True,B,meta-llama/Llama-3.1-8B-Instruct,chat,riskneutral,0,0.78793,0.00154,1,,,massA=0.000326 massB=0.00121,after,0,0.0
p2,730,24,gain,0,168,214,0.76,0.9681,0,True,B,meta-llama/Llama-3.1-8B-Instruct,chat,riskneutral,0,0.93046,0.0058,1,,,massA=0.000403 massB=0.0054,after,0,0.0
p2,348,11,gain,0,54,68,0.81,1.02,4,True,B,meta-llama/Llama-3.1-8B-Instruct,chat,riskneutral,0,0.94418,7e-05,1,,,massA=3.66e-06 massB=6.18e-05,after,0,0.0
p2,1200,0,dominant,0,186,240,1.0,1.2903,0,True,B,meta-llama/Llama-3.1-8B-Instruct,chat,riskneutral,0,0.89912,0.15879,1,,,massA=0.016 massB=0.143,after,0,0.0
p2,215,7,neutral,0,63,98,0.64,0.9956,2,False,A,meta-llama/Llama-3.1-8B-Instruct,chat,riskneutral,0,0.65489,8e-05,1,,,massA=5.54e-05 massB=2.92e-05,after,0,0.0
p2,933,31,neutral,0,51,151,0.29,0.8586,1,False,A,meta-llama/Llama-3.1-8B-Instruct,chat,riskneutral,0,0.49219,0.00031,1,,,massA=0.00015 massB=0.000155,after,0,0.0
p2,550,18,gain,0,41,61,0.58,0.8629,0,True,B,meta-llama/Llama-3.1-8B-Instruct,chat,riskneutral,0,0.91964,0.00338,1,,,massA=0.000272 massB=0.00311,after,0,0.0
p2,87,2,mixed,162,162,661,0.26,1.0609,3,False,A,meta-llama/Llama-3.1-8B-Instruct,chat,riskneutral,0,0.86339,8e-05,1,,,massA=6.98e-05 massB=1.1e-05,after,0,0.0
p2,733,24,gain,0,168,214,0.76,0.9681,1,False,A,meta-llama/Llama-3.1-8B-Instruct,chat,riskneutral,0,0.54674,7e-05,1,,,massA=3.97e-05 massB=3.29e-05,after,0,0.0
p2,1225,12,dominant,0,164,181,1.0,1.1037,0,False,A,meta-llama/Llama-3.1-8B-Instruct,chat,riskneutral,0,0.4649,0.06658,1,,,massA=0.031 massB=0.0356,after,0,0.0
p2,526,17,gain,0,117,362,0.42,1.2995,3,True,B,meta-llama/Llama-3.1-8B-Instruct,chat,riskneutral,0,0.87748,0.00727,1,,,massA=0.000891 massB=0.00638,after,0,0.0
p2,307,10,neutral,0,111,278,0.58,1.4526,3,False,A,meta-llama/Llama-3.1-8B-Instruct,chat,riskneutral,0,0.48828,0.0061,1,,,massA=0.00298 massB=0.00312,after,0,0.0
p2,29,0,mixed,186,186,984,0.26,1.3755,4,False,A,meta-llama/Llama-3.1-8B-Instruct,chat,riskneutral,0,0.82559,0.0,1,,,massA=3.01e-06 massB=6.36e-07,after,0,0.0
p2,1027,34,neutral,0,52,96,0.63,1.1631,3,False,A,meta-llama/Llama-3.1-8B-Instruct,chat,riskneutral,0,0.60766,0.00387,1,,,massA=0.00235 massB=0.00152,after,0,0.0
p2,1236,18,dominant,0,41,88,1.0,2.1463,2,True,B,meta-llama/Llama-3.1-8B-Instruct,chat,riskneutral,0,0.75201,0.04538,1,,,massA=0.0113 massB=0.0341,after,0,0.0
p2,294,9,mixed,49,49,153,0.26,0.8118,2,True,B,meta-llama/Llama-3.1-8B-Instruct,chat,riskneutral,0,0.8808,0.00241,1,,,massA=0.000287 massB=0.00212,after,0,0.0
p2,65,2,neutral,0,162,661,0.26,1.0609,2,False,A,meta-llama/Llama-3.1-8B-Instruct,chat,riskneutral,0,0.43398,0.0001,1,,,massA=4.36e-05 massB=5.69e-05,after,0,0.0
p2,436,14,gain,0,81,201,0.68,1.6874,3,True,B,meta-llama/Llama-3.1-8B-Instruct,chat,riskneutral,0,0.9173,0.01024,1,,,massA=0.000846 massB=0.00939,after,0,0.0
p2,645,21,gain,0,106,206,0.73,1.4187,2,False,A,meta-llama/Llama-3.1-8B-Instruct,chat,riskneutral,0,0.56218,0.00011,1,,,massA=6.13e-05 massB=4.77e-05,after,0,0.0
p2,1008,33,gain,0,142,446,0.53,1.6646,4,True,B,meta-llama/Llama-3.1-8B-Instruct,chat,riskneutral,0,0.93196,5e-05,1,,,massA=3.67e-06 massB=5.02e-05,after,0,0.0
p2,258,8,gain,0,62,263,0.33,1.3998,4,True,B,meta-llama/Llama-3.1-8B-Instruct,chat,riskneutral,0,0.91906,4e-05,1,,,massA=3.1e-06 massB=3.52e-05,after,0,0.0
p2,339,11,neutral,0,54,68,0.81,1.02,4,False,A,meta-llama/Llama-3.1-8B-Instruct,chat,riskneutral,0,0.61509,1e-05,1,,,massA=4.93e-06 massB=3.09e-06,after,0,0.0
p2,378,12,gain,0,164,541,0.38,1.2535,4,True,B,meta-llama/Llama-3.1-8B-Instruct,chat,riskneutral,0,0.92841,3e-05,1,,,massA=2.39e-06 massB=3.09e-05,after,0,0.0
p2,901,30,neutral,0,149,447,0.26,0.78,0,False,A,meta-llama/Llama-3.1-8B-Instruct,chat,riskneutral,0,0.51172,0.00173,1,,,massA=0.000883 massB=0.000843,after,0,0.0
p2,957,31,mixed,51,51,151,0.29,0.8586,3,False,A,meta-llama/Llama-3.1-8B-Instruct,chat,riskneutral,0,0.88243,0.00011,1,,,massA=9.7e-05 massB=1.29e-05,after,0,0.0
p2,583,19,gain,0,64,122,0.49,0.9341,1,False,A,meta-llama/Llama-3.1-8B-Instruct,chat,riskneutral,0,0.55061,0.00013,1,,,massA=7.09e-05 massB=5.79e-05,after,0,0.0
p2,43,1,gain,0,58,116,0.66,1.32,1,False,A,meta-llama/Llama-3.1-8B-Instruct,chat,riskneutral,0,0.60019,9e-05,1,,,massA=5.12e-05 massB=3.41e-05,after,0,0.0
p2,617,20,gain,0,186,266,0.63,0.901,3,False,A,meta-llama/Llama-3.1-8B-Instruct,chat,riskneutral,0,0.53121,0.00037,1,,,massA=0.000197 massB=0.000174,after,0,0.0
p2,1031,34,gain,0,52,96,0.63,1.1631,0,False,A,meta-llama/Llama-3.1-8B-Instruct,chat,riskneutral,0,0.77184,4e-05,1,,,massA=2.74e-05 massB=8.09e-06,after,0,0.0
p2,1065,35,gain,0,91,133,0.68,0.9938,2,False,A,meta-llama/Llama-3.1-8B-Instruct,chat,riskneutral,0,0.5775,7e-05,1,,,massA=3.88e-05 massB=2.84e-05,after,0,0.0
p2,213,7,neutral,0,63,98,0.64,0.9956,1,False,A,meta-llama/Llama-3.1-8B-Instruct,chat,riskneutral,0,0.61138,0.0003,1,,,massA=0.000185 massB=0.000118,after,0,0.0
p2,326,10,mixed,111,111,278,0.58,1.4526,3,True,B,meta-llama/Llama-3.1-8B-Instruct,chat,riskneutral,0,0.88404,0.01787,1,,,massA=0.00207 massB=0.0158,after,0,0.0
p2,554,18,gain,0,41,61,0.58,0.8629,2,True,B,meta-llama/Llama-3.1-8B-Instruct,chat,riskneutral,0,0.93343,0.00142,1,,,massA=9.45e-05 massB=0.00133,after,0,0.0
p2,457,15,neutral,0,82,113,0.74,1.0198,3,False,A,meta-llama/Llama-3.1-8B-Instruct,chat,riskneutral,0,0.57368,0.00609,1,,,massA=0.00349 massB=0.0026,after,0,0.0
p2,1157,38,gain,0,183,609,0.38,1.2646,3,False,A,meta-llama/Llama-3.1-8B-Instruct,chat,riskneutral,0,0.47658,0.0003,1,,,massA=0.000145 massB=0.00016,after,0,0.0
p2,585,19,gain,0,64,122,0.49,0.9341,2,False,A,meta-llama/Llama-3.1-8B-Instruct,chat,riskneutral,0,0.63703,6e-05,1,,,massA=3.95e-05 massB=2.25e-05,after,0,0.0
p2,1149,38,neutral,0,183,609,0.38,1.2646,4,False,A,meta-llama/Llama-3.1-8B-Instruct,chat,riskneutral,0,0.60952,0.0,1,,,massA=2.19e-06 massB=1.4e-06,after,0,0.0
p2,1154,38,gain,0,183,609,0.38,1.2646,2,True,B,meta-llama/Llama-3.1-8B-Instruct,chat,riskneutral,0,0.93991,0.00218,1,,,massA=0.000131 massB=0.00205,after,0,0.0
p2,483,16,neutral,0,139,234,0.6,1.0101,1,False,A,meta-llama/Llama-3.1-8B-Instruct,chat,riskneutral,0,0.45714,0.00027,1,,,massA=0.000124 massB=0.000147,after,0,0.0
p2,962,32,neutral,0,131,236,0.57,1.0269,1,True,B,meta-llama/Llama-3.1-8B-Instruct,chat,riskneutral,0,0.98678,0.01709,1,,,massA=0.000226 massB=0.0169,after,0,0.0
p2,603,20,neutral,0,186,266,0.63,0.901,1,False,A,meta-llama/Llama-3.1-8B-Instruct,chat,riskneutral,0,0.62246,0.00056,1,,,massA=0.000348 massB=0.000211,after,0,0.0
p2,741,24,mixed,168,168,214,0.76,0.9681,0,False,A,meta-llama/Llama-3.1-8B-Instruct,chat,riskneutral,0,0.91964,0.00023,1,,,massA=0.000214 massB=1.87e-05,after,0,0.0
p2,674,22,gain,0,81,163,0.72,1.4489,2,True,B,meta-llama/Llama-3.1-8B-Instruct,chat,riskneutral,0,0.9466,0.00178,1,,,massA=9.52e-05 massB=0.00169,after,0,0.0
p2,471,15,mixed,82,82,113,0.74,1.0198,0,False,A,meta-llama/Llama-3.1-8B-Instruct,chat,riskneutral,0,0.91964,0.00024,1,,,massA=0.000219 massB=1.91e-05,after,0,0.0
p2,1046,34,mixed,52,52,96,0.63,1.1631,3,True,B,meta-llama/Llama-3.1-8B-Instruct,chat,riskneutral,0,0.83332,0.00984,1,,,massA=0.00164 massB=0.0082,after,0,0.0
p2,286,9,gain,0,49,153,0.26,0.8118,3,True,B,meta-llama/Llama-3.1-8B-Instruct,chat,riskneutral,0,0.83973,0.00376,1,,,massA=0.000602 massB=0.00316,after,0,0.0
p2,1207,3,dominant,0,46,58,1.0,1.2609,0,False,A,meta-llama/Llama-3.1-8B-Instruct,chat,riskneutral,0,0.52342,0.06541,1,,,massA=0.0342 massB=0.0312,after,0,0.0
p2,1139,37,mixed,151,151,252,0.68,1.1348,4,False,A,meta-llama/Llama-3.1-8B-Instruct,chat,riskneutral,0,0.80807,1e-05,1,,,massA=9.24e-06 massB=2.19e-06,after,0,0.0
p2,1188,39,gain,0,178,567,0.32,1.0193,4,True,B,meta-llama/Llama-3.1-8B-Instruct,chat,riskneutral,0,0.92736,5e-05,1,,,massA=3.33e-06 massB=4.25e-05,after,0,0.0
p2,1111,37,neutral,0,151,252,0.68,1.1348,0,False,A,meta-llama/Llama-3.1-8B-Instruct,chat,riskneutral,0,0.61878,0.00083,1,,,massA=0.000511 massB=0.000315,after,0,0.0
p2,1151,38,gain,0,183,609,0.38,1.2646,0,False,A,meta-llama/Llama-3.1-8B-Instruct,chat,riskneutral,0,0.72174,6e-05,1,,,massA=4.36e-05 massB=1.68e-05,after,0,0.0
p2,1255,27,dominant,0,166,204,1.0,1.2289,2,False,A,meta-llama/Llama-3.1-8B-Instruct,chat,riskneutral,0,0.65135,0.01912,1,,,massA=0.0125 massB=0.00666,after,0,0.0
p2,848,28,neutral,0,132,181,0.76,1.0421,4,True,B,meta-llama/Llama-3.1-8B-Instruct,chat,riskneutral,0,0.92944,0.00011,1,,,massA=7.64e-06 massB=0.000101,after,0,0.0
p2,875,29,neutral,0,79,81,0.83,0.851,2,False,A,meta-llama/Llama-3.1-8B-Instruct,chat,riskneutral,0,0.65842,0.00012,1,,,massA=8.15e-05 massB=4.23e-05,after,0,0.0
p2,544,18,neutral,0,41,61,0.58,0.8629,2,True,B,meta-llama/Llama-3.1-8B-Instruct,chat,riskneutral,0,0.8706,0.00123,1,,,massA=0.000159 massB=0.00107,after,0,0.0
p2,584,19,gain,0,64,122,0.49,0.9341,2,True,B,meta-llama/Llama-3.1-8B-Instruct,chat,riskneutral,0,0.93146,0.00222,1,,,massA=0.000152 massB=0.00206,after,0,0.0
p2,0,0,neutral,0,186,984,0.26,1.3755,0,True,B,meta-llama/Llama-3.1-8B-Instruct,chat,riskneutral,0,0.94079,0.01326,1,,,massA=0.000785 massB=0.0125,after,0,0.0
p2,23,0,mixed,186,186,984,0.26,1.3755,1,False,A,meta-llama/Llama-3.1-8B-Instruct,chat,riskneutral,0,0.73106,3e-05,1,,,massA=1.92e-05 massB=7.07e-06,after,0,0.0
p2,1081,36,neutral,0,98,227,0.47,1.0887,0,False,A,meta-llama/Llama-3.1-8B-Instruct,chat,riskneutral,0,0.55447,0.00125,1,,,massA=0.000695 massB=0.000558,after,0,0.0
p2,1016,33,mixed,142,142,446,0.53,1.6646,3,True,B,meta-llama/Llama-3.1-8B-Instruct,chat,riskneutral,0,0.86704,0.02285,1,,,massA=0.00304 massB=0.0198,after,0,0.0
p2,776,25,mixed,124,124,207,0.76,1.2687,3,True,B,meta-llama/Llama-3.1-8B-Instruct,chat,riskneutral,0,0.85585,0.0137,1,,,massA=0.00197 massB=0.0117,after,0,0.0
p2,1019,33,mixed,142,142,446,0.53,1.6646,4,False,A,meta-llama/Llama-3.1-8B-Instruct,chat,riskneutral,0,0.85872,1e-05,1,,,massA=9.69e-06 massB=1.59e-06,after,0,0.0
p2,659,21,mixed,106,106,206,0.73,1.4187,4,False,A,meta-llama/Llama-3.1-8B-Instruct,chat,riskneutral,0,0.83655,1e-05,1,,,massA=6.15e-06 massB=1.2e-06,after,0,0.0
p2,735,24,gain,0,168,214,0.76,0.9681,2,False,A,meta-llama/Llama-3.1-8B-Instruct,chat,riskneutral,0,0.59643,8e-05,1,,,massA=4.49e-05 massB=3.04e-05,after,0,0.0
p2,736,24,gain,0,168,214,0.76,0.9681,3,True,B,meta-llama/Llama-3.1-8B-Instruct,chat,riskneutral,0,0.87915,0.01317,1,,,massA=0.00159 massB=0.0116,after,0,0.0
p2,329,10,mixed,111,111,278,0.58,1.4526,4,False,A,meta-llama/Llama-3.1-8B-Instruct,chat,riskneutral,0,0.82446,1e-05,1,,,massA=6.89e-06 massB=1.47e-06,after,0,0.0
p2,786,26,neutral,0,59,151,0.36,0.9214,3,True,B,meta-llama/Llama-3.1-8B-Instruct,chat,riskneutral,0,0.95328,0.05594,1,,,massA=0.00261 massB=0.0533,after,0,0.0
p2,743,24,mixed,168,168,214,0.76,0.9681,1,False,A,meta-llama/Llama-3.1-8B-Instruct,chat,riskneutral,0,0.74317,3e-05,1,,,massA=1.9e-05 massB=6.56e-06,after,0,0.0
p2,548,18,neutral,0,41,61,0.58,0.8629,4,True,B,meta-llama/Llama-3.1-8B-Instruct,chat,riskneutral,0,0.91964,0.0001,1,,,massA=7.87e-06 massB=9e-05,after,0,0.0
p2,81,2,mixed,162,162,661,0.26,1.0609,0,False,A,meta-llama/Llama-3.1-8B-Instruct,chat,riskneutral,0,0.90329,0.0002,1,,,massA=0.000184 massB=1.97e-05,after,0,0.0
p2,404,13,gain,0,72,88,0.64,0.7822,2,True,B,meta-llama/Llama-3.1-8B-Instruct,chat,riskneutral,0,0.93629,0.00169,1,,,massA=0.000108 massB=0.00158,after,0,0.0
p2,312,10,gain,0,111,278,0.58,1.4526,1,True,B,meta-llama/Llama-3.1-8B-Instruct,chat,riskneutral,0,0.96691,0.00268,1,,,massA=8.88e-05 massB=0.0026,after,0,0.0
p2,1007,33,gain,0,142,446,0.53,1.6646,3,False,A,meta-llama/Llama-3.1-8B-Instruct,chat,riskneutral,0,0.56218,0.00054,1,,,massA=0.000302 massB=0.000236,after,0,0.0
p2,769,25,gain,0,124,207,0.76,1.2687,4,False,A,meta-llama/Llama-3.1-8B-Instruct,chat,riskneutral,0,0.45908,0.0,1,,,massA=1.79e-06 massB=2.11e-06,after,0,0.0
p2,1191,39,mixed,178,178,567,0.32,1.0193,0,False,A,meta-llama/Llama-3.1-8B-Instruct,chat,riskneutral,0,0.90465,0.00017,1,,,massA=0.00015 massB=1.58e-05,after,0,0.0
p2,170,5,mixed,162,162,381,0.46,1.0819,0,True,B,meta-llama/Llama-3.1-8B-Instruct,chat,riskneutral,0,0.95328,0.02739,1,,,massA=0.00128 massB=0.0261,after,0,0.0
p2,590,19,mixed,64,64,122,0.49,0.9341,0,True,B,meta-llama/Llama-3.1-8B-Instruct,chat,riskneutral,0,0.94079,0.02213,1,,,massA=0.00131 massB=0.0208,after,0,0.0
p2,481,16,neutral,0,139,234,0.6,1.0101,0,False,A,meta-llama/Llama-3.1-8B-Instruct,chat,riskneutral,0,0.61138,0.00056,1,,,massA=0.000345 massB=0.000219,after,0,0.0
p2,1216,8,dominant,0,62,121,1.0,1.9516,2,True,B,meta-llama/Llama-3.1-8B-Instruct,chat,riskneutral,0,0.74909,0.06121,1,,,massA=0.0154 massB=0.0459,after,0,0.0
p2,438,14,gain,0,81,201,0.68,1.6874,4,True,B,meta-llama/Llama-3.1-8B-Instruct,chat,riskneutral,0,0.94208,4e-05,1,,,massA=2.49e-06 massB=4.04e-05,after,0,0.0
p2,149,4,mixed,29,29,71,0.55,1.3466,4,False,A,meta-llama/Llama-3.1-8B-Instruct,chat,riskneutral,0,0.85777,1e-05,1,,,massA=5.94e-06 massB=9.85e-07,after,0,0.0
p2,1259,29,dominant,0,79,118,1.0,1.4937,1,False,A,meta-llama/Llama-3.1-8B-Instruct,chat,riskneutral,0,0.47268,0.19419,1,,,massA=0.0918 massB=0.102,after,0,0.0
p2,250,8,gain,0,62,263,0.33,1.3998,0,True,B,meta-llama/Llama-3.1-8B-Instruct,chat,riskneutral,0,0.92414,0.00457,1,,,massA=0.000347 massB=0.00423,after,0,0.0
p2,366,12,neutral,0,164,541,0.38,1.2535,3,True,B,meta-llama/Llama-3.1-8B-Instruct,chat,riskneutral,0,0.9466,0.13253,1,,,massA=0.00708 massB=0.125,after,0,0.0
p2,1104,36,mixed,98,98,227,0.47,1.0887,2,True,B,meta-llama/Llama-3.1-8B-Instruct,chat,riskneutral,0,0.87915,0.00353,1,,,massA=0.000426 massB=0.0031,after,0,0.0
p2,958,31,mixed,51,51,151,0.29,0.8586,4,True,B,meta-llama/Llama-3.1-8B-Instruct,chat,riskneutral,0,0.90991,0.00087,1,,,massA=7.82e-05 massB=0.00079,after,0,0.0
p2,225,7,gain,0,63,98,0.64,0.9956,2,False,A,meta-llama/Llama-3.1-8B-Instruct,chat,riskneutral,0,0.69596,6e-05,1,,,massA=4.02e-05 massB=1.76e-05,after,0,0.0
p2,1063,35,gain,0,91,133,0.68,0.9938,1,False,A,meta-llama/Llama-3.1-8B-Instruct,chat,riskneutral,0,0.55447,8e-05,1,,,massA=4.71e-05 massB=3.78e-05,after,0,0.0
p2,1054,35,neutral,0,91,133,0.68,0.9938,2,True,B,meta-llama/Llama-3.1-8B-Instruct,chat,riskneutral,0,0.89029,0.00209,1,,,massA=0.000229 massB=0.00186,after,0,0.0
p2,551,18,gain,0,41,61,0.58,0.8629,0,False,A,meta-llama/Llama-3.1-8B-Instruct,chat,riskneutral,0,0.76065,4e-05,1,,,massA=3.16e-05 massB=9.96e-06,after,0,0.0
p2,706,23,gain,0,91,626,0.23,1.5822,3,True,B,meta-llama/Llama-3.1-8B-Instruct,chat,riskneutral,0,0.88243,0.00589,1,,,massA=0.000693 massB=0.0052,after,0,0.0
p2,1226,13,dominant,0,72,119,1.0,1.6528,4,True,B,meta-llama/Llama-3.1-8B-Instruct,chat,riskneutral,0,0.47658,0.0206,1,,,massA=0.0108 massB=0.00982,after,0,0.0
p2,1238,19,dominant,0,64,91,1.0,1.4219,3,True,B,meta-llama/Llama-3.1-8B-Instruct,chat,riskneutral,0,0.62977,0.18329,1,,,massA=0.0679 massB=0.115,after,0,0.0
p2,1024,34,neutral,0,52,96,0.63,1.1631,2,True,B,meta-llama/Llama-3.1-8B-Instruct,chat,riskneutral,0,0.86154,0.00154,1,,,massA=0.000213 massB=0.00132,after,0,0.0
p2,948,31,gain,0,51,151,0.29,0.8586,4,True,B,meta-llama/Llama-3.1-8B-Instruct,chat,riskneutral,0,0.90731,3e-05,1,,,massA=3e-06 massB=2.93e-05,after,0,0.0
p2,180,6,neutral,0,94,101,0.71,0.7629,0,True,B,meta-llama/Llama-3.1-8B-Instruct,chat,riskneutral,0,0.97805,0.0263,1,,,massA=0.000577 massB=0.0257,after,0,0.0
p2,1070,35,mixed,91,91,133,0.68,0.9938,0,True,B,meta-llama/Llama-3.1-8B-Instruct,chat,riskneutral,0,0.92736,0.01558,1,,,massA=0.00113 massB=0.0145,after,0,0.0
p2,1123,37,gain,0,151,252,0.68,1.1348,1,False,A,meta-llama/Llama-3.1-8B-Instruct,chat,riskneutral,0,0.53121,0.0001,1,,,massA=5.12e-05 massB=4.51e-05,after,0,0.0
p2,668,22,neutral,0,81,163,0.72,1.4489,4,True,B,meta-llama/Llama-3.1-8B-Instruct,chat,riskneutral,0,0.93146,0.00012,1,,,massA=7.98e-06 massB=0.000108,after,0,0.0
p2,1112,37,neutral,0,151,252,0.68,1.1348,1,True,B,meta-llama/Llama-3.1-8B-Instruct,chat,riskneutral,0,0.9752,0.0071,1,,,massA=0.000176 massB=0.00693,after,0,0.0
p2,1272,36,dominant,0,98,155,1.0,1.5816,1,True,B,meta-llama/Llama-3.1-8B-Instruct,chat,riskneutral,0,0.92944,0.39932,0,,,massA=0.0282 massB=0.371,after,0,0.0
p2,567,18,mixed,41,41,61,0.58,0.8629,3,False,A,meta-llama/Llama-3.1-8B-Instruct,chat,riskneutral,0,0.89552,0.0001,1,,,massA=9.12e-05 massB=1.06e-05,after,0,0.0
p2,1109,36,mixed,98,98,227,0.47,1.0887,4,False,A,meta-llama/Llama-3.1-8B-Instruct,chat,riskneutral,0,0.84492,1e-05,1,,,massA=6.57e-06 massB=1.21e-06,after,0,0.0
p2,826,27,gain,0,166,433,0.53,1.3825,3,True,B,meta-llama/Llama-3.1-8B-Instruct,chat,riskneutral,0,0.87748,0.01133,1,,,massA=0.00139 massB=0.00994,after,0,0.0
p2,37,1,neutral,0,58,116,0.66,1.32,3,False,A,meta-llama/Llama-3.1-8B-Instruct,chat,riskneutral,0,0.5851,0.00858,1,,,massA=0.00502 massB=0.00356,after,0,0.0
p2,192,6,gain,0,94,101,0.71,0.7629,1,True,B,meta-llama/Llama-3.1-8B-Instruct,chat,riskneutral,0,0.96838,0.00435,1,,,massA=0.000138 massB=0.00421,after,0,0.0
p2,1009,33,gain,0,142,446,0.53,1.6646,4,False,A,meta-llama/Llama-3.1-8B-Instruct,chat,riskneutral,0,0.56794,1e-05,1,,,massA=3.26e-06 massB=2.48e-06,after,0,0.0
p2,1229,14,dominant,0,81,135,1.0,1.6667,1,False,A,meta-llama/Llama-3.1-8B-Instruct,chat,riskneutral,0,0.46102,0.168,1,,,massA=0.0775 massB=0.0905,after,0,0.0
p2,6,0,neutral,0,186,984,0.26,1.3755,3,True,B,meta-llama/Llama-3.1-8B-Instruct,chat,riskneutral,0,0.93812,0.06002,1,,,massA=0.00371 massB=0.0563,after,0,0.0
p2,1183,39,gain,0,178,567,0.32,1.0193,1,False,A,meta-llama/Llama-3.1-8B-Instruct,chat,riskneutral,0,0.47658,0.00022,1,,,massA=0.000105 massB=0.000115,after,0,0.0
p2,61,2,neutral,0,162,661,0.26,1.0609,0,False,A,meta-llama/Llama-3.1-8B-Instruct,chat,riskneutral,0,0.49219,0.0009,1,,,massA=0.000442 massB=0.000456,after,0,0.0
p2,555,18,gain,0,41,61,0.58,0.8629,2,False,A,meta-llama/Llama-3.1-8B-Instruct,chat,riskneutral,0,0.62246,5e-05,1,,,massA=3.22e-05 massB=1.95e-05,after,0,0.0
p2,979,32,gain,0,131,236,0.57,1.0269,4,False,A,meta-llama/Llama-3.1-8B-Instruct,chat,riskneutral,0,0.54092,0.0,1,,,massA=1.73e-06 massB=1.47e-06,after,0,0.0
p2,530,17,mixed,117,117,362,0.42,1.2995,0,True,B,meta-llama/Llama-3.1-8B-Instruct,chat,riskneutral,0,0.95663,0.02077,1,,,massA=0.000901 massB=0.0199,after,0,0.0
p2,1091,36,gain,0,98,227,0.47,1.0887,0,False,A,meta-llama/Llama-3.1-8B-Instruct,chat,riskneutral,0,0.72487,8e-05,1,,,massA=5.71e-05 massB=2.17e-05,after,0,0.0
p2,414,13,mixed,72,72,88,0.64,0.7822,2,True,B,meta-llama/Llama-3.1-8B-Instruct,chat,riskneutral,0,0.85585,0.00291,1,,,massA=0.00042 massB=0.00249,after,0,0.0
p2,1165,38,mixed,183,183,609,0.38,1.2646,2,False,A,meta-llama/Llama-3.1-8B-Instruct,chat,riskneutral,0,0.74614,6e-05,1,,,massA=4.81e-05 massB=1.64e-05,after,0,0.0
p2,311,10,gain,0,111,278,0.58,1.4526,0,False,A,meta-llama/Llama-3.1-8B-Instruct,chat,riskneutral,0,0.74017,7e-05,1,,,massA=4.83e-05 massB=1.7e-05,after,0,0.0
p2,665,22,neutral,0,81,163,0.72,1.4489,2,False,A,meta-llama/Llama-3.1-8B-Instruct,chat,riskneutral,0,0.52342,7e-05,1,,,massA=3.92e-05 massB=3.57e-05,after,0,0.0
p2,963,32,neutral,0,131,236,0.57,1.0269,1,False,A,meta-llama/Llama-3.1-8B-Instruct,chat,riskneutral,0,0.55061,0.00042,1,,,massA=0.000229 massB=0.000187,after,0,0.0
p2,396,13,neutral,0,72,88,0.64,0.7822,3,True,B,meta-llama/Llama-3.1-8B-Instruct,chat,riskneutral,0,0.96036,0.06064,1,,,massA=0.0024 massB=0.0582,after,0,0.0
p2,462,15,gain,0,82,113,0.74,1.0198,1,True,B,meta-llama/Llama-3.1-8B-Instruct,chat,riskneutral,0,0.97667,0.00375,1,,,massA=8.76e-05 massB=0.00367,after,0,0.0
p2,719,23,mixed,91,91,626,0.23,1.5822,4,False,A,meta-llama/Llama-3.1-8B-Instruct,chat,riskneutral,0,0.83224,1e-05,1,,,massA=4.73e-06 massB=9.53e-07,after,0,0.0
p2,219,7,neutral,0,63,98,0.64,0.9956,4,False,A,meta-llama/Llama-3.1-8B-Instruct,chat,riskneutral,0,0.6478,1e-05,1,,,massA=3.58e-06 massB=1.95e-06,after,0,0.0
p2,30,1,neutral,0,58,116,0.66,1.32,0,True,B,meta-llama/Llama-3.1-8B-Instruct,chat,riskneutral,0,0.96153,0.01866,1,,,massA=0.000718 massB=0.0179,after,0,0.0
p2,767,25,gain,0,124,207,0.76,1.2687,3,False,A,meta-llama/Llama-3.1-8B-Instruct,chat,riskneutral,0,0.48438,0.00032,1,,,massA=0.000154 massB=0.000164,after,0,0.0
p2,359,11,mixed,54,54,68,0.81,1.02,4,False,A,meta-llama/Llama-3.1-8B-Instruct,chat,riskneutral,0,0.84183,1e-05,1,,,massA=5.09e-06 massB=9.56e-07,after,0,0.0
p2,101,3,gain,0,46,158,0.33,1.1335,0,False,A,meta-llama/Llama-3.1-8B-Instruct,chat,riskneutral,0,0.81989,5e-05,1,,,massA=3.84e-05 massB=8.42e-06,after,0,0.0
p2,364,12,neutral,0,164,541,0.38,1.2535,2,True,B,meta-llama/Llama-3.1-8B-Instruct,chat,riskneutral,0,0.82671,0.00277,1,,,massA=0.00048 massB=0.00229,after,0,0.0
p2,558,18,gain,0,41,61,0.58,0.8629,4,True,B,meta-llama/Llama-3.1-8B-Instruct,chat,riskneutral,0,0.91429,3e-05,1,,,massA=2.27e-06 massB=2.43e-05,after,0,0.0
p2,1096,36,gain,0,98,227,0.47,1.0887,3,True,B,meta-llama/Llama-3.1-8B-Instruct,chat,riskneutral,0,0.89479,0.01416,1,,,massA=0.00149 massB=0.0127,after,0,0.0
p2,502,16,mixed,139,139,234,0.6,1.0101,1,True,B,meta-llama/Llama-3.1-8B-Instruct,chat,riskneutral,0,0.95791,0.00196,1,,,massA=8.25e-05 massB=0.00188,after,0,0.0
p2,862,28,mixed,132,132,181,0.76,1.0421,1,True,B,meta-llama/Llama-3.1-8B-Instruct,chat,riskneutral,0,0.93535,0.00156,1,,,massA=0.000101 massB=0.00146,after,0,0.0
p2,422,14,neutral,0,81,201,0.68,1.6874,1,True,B,meta-llama/Llama-3.1-8B-Instruct,chat,riskneutral,0,0.98698,0.02679,1,,,massA=0.000349 massB=0.0264,after,0,0.0
p2,713,23,mixed,91,91,626,0.23,1.5822,1,False,A,meta-llama/Llama-3.1-8B-Instruct,chat,riskneutral,0,0.69596,6e-05,1,,,massA=3.94e-05 massB=1.72e-05,after,0,0.0
p2,1058,35,neutral,0,91,133,0.68,0.9938,4,True,B,meta-llama/Llama-3.1-8B-Instruct,chat,riskneutral,0,0.92736,0.00014,1,,,massA=9.9e-06 massB=0.000126,after,0,0.0
p2,840,28,neutral,0,132,181,0.76,1.0421,0,True,B,meta-llama/Llama-3.1-8B-Instruct,chat,riskneutral,0,0.95598,0.0159,1,,,massA=0.0007 massB=0.0152,after,0,0.0
p2,648,21,gain,0,106,206,0.73,1.4187,4,True,B,meta-llama/Llama-3.1-8B-Instruct,chat,riskneutral,0,0.93812,6e-05,1,,,massA=3.69e-06 massB=5.59e-05,after,0,0.0
p2,75,2,gain,0,162,661,0.26,1.0609,2,False,A,meta-llama/Llama-3.1-8B-Instruct,chat,riskneutral,0,0.59643,9e-05,1,,,massA=5.65e-05 massB=3.82e-05,after,0,0.0
p2,1176,39,neutral,0,178,567,0.32,1.0193,3,True,B,meta-llama/Llama-3.1-8B-Instruct,chat,riskneutral,0,0.93343,0.09631,1,,,massA=0.00641 massB=0.0899,after,0,0.0
p2,494,16,gain,0,139,234,0.6,1.0101,2,True,B,meta-llama/Llama-3.1-8B-Instruct,chat,riskneutral,0,0.94499,0.00244,1,,,massA=0.000134 massB=0.00231,after,0,0.0
p2,239,7,mixed,63,63,98,0.64,0.9956,4,False,A,meta-llama/Llama-3.1-8B-Instruct,chat,riskneutral,0,0.87748,1e-05,1,,,massA=5.25e-06 massB=7.33e-07,after,0,0.0
p2,375,12,gain,0,164,541,0.38,1.2535,2,False,A,meta-llama/Llama-3.1-8B-Instruct,chat,riskneutral,0,0.59643,0.0001,1,,,massA=5.72e-05 massB=3.87e-05,after,0,0.0
p2,669,22,neutral,0,81,163,0.72,1.4489,4,False,A,meta-llama/Llama-3.1-8B-Instruct,chat,riskneutral,0,0.55833,1e-05,1,,,massA=2.81e-06 massB=2.22e-06,after,0,0.0
p2,935,31,neutral,0,51,151,0.29,0.8586,2,False,A,meta-llama/Llama-3.1-8B-Instruct,chat,riskneutral,0,0.39981,0.00014,1,,,massA=5.64e-05 massB=8.47e-05,after,0,0.0
p2,456,15,neutral,0,82,113,0.74,1.0198,3,True,B,meta-llama/Llama-3.1-8B-Instruct,chat,riskneutral,0,0.95465,0.09976,1,,,massA=0.00452 massB=0.0952,after,0,0.0
p2,128,4,neutral,0,29,71,0.55,1.3466,4,True,B,meta-llama/Llama-3.1-8B-Instruct,chat,riskneutral,0,0.90991,0.00012,1,,,massA=1.05e-05 massB=0.000106,after,0,0.0
p2,599,19,mixed,64,64,122,0.49,0.9341,4,False,A,meta-llama/Llama-3.1-8B-Instruct,chat,riskneutral,0,0.86971,1e-05,1,,,massA=5.21e-06 massB=7.8e-07,after,0,0.0
p2,597,19,mixed,64,64,122,0.49,0.9341,3,False,A,meta-llama/Llama-3.1-8B-Instruct,chat,riskneutral,0,0.88563,0.00011,1,,,massA=9.34e-05 massB=1.21e-05,after,0,0.0
p2,515,17,neutral,0,117,362,0.42,1.2995,2,False,A,meta-llama/Llama-3.1-8B-Instruct,chat,riskneutral,0,0.49609,6e-05,1,,,massA=3.06e-05 massB=3.11e-05,after,0,0.0
p2,240,8,neutral,0,62,263,0.33,1.3998,0,True,B,meta-llama/Llama-3.1-8B-Instruct,chat,riskneutral,0,0.92841,0.01739,1,,,massA=0.00125 massB=0.0161,after,0,0.0
p2,2,0,neutral,0,186,984,0.26,1.3755,1,True,B,meta-llama/Llama-3.1-8B-Instruct,chat,riskneutral,0,0.96538,0.01226,1,,,massA=0.000425 massB=0.0118,after,0,0.0
p2,1039,34,gain,0,52,96,0.63,1.1631,4,False,A,meta-llama/Llama-3.1-8B-Instruct,chat,riskneutral,0,0.56794,0.0,1,,,massA=1.4e-06 massB=1.06e-06,after,0,0.0
p2,930,31,neutral,0,51,151,0.29,0.8586,0,True,B,meta-llama/Llama-3.1-8B-Instruct,chat,riskneutral,0,0.94251,0.01184,1,,,massA=0.000681 massB=0.0112,after,0,0.0
p2,703,23,gain,0,91,626,0.23,1.5822,1,False,A,meta-llama/Llama-3.1-8B-Instruct,chat,riskneutral,0,0.4225,0.00018,1,,,massA=7.68e-05 massB=0.000105,after,0,0.0
p2,988,32,mixed,131,131,236,0.57,1.0269,4,True,B,meta-llama/Llama-3.1-8B-Instruct,chat,riskneutral,0,0.93146,0.0014,1,,,massA=9.6e-05 massB=0.0013,after,0,0.0
p2,428,14,neutral,0,81,201,0.68,1.6874,4,True,B,meta-llama/Llama-3.1-8B-Instruct,chat,riskneutral,0,0.92944,0.00012,1,,,massA=8.7e-06 massB=0.000115,after,0,0.0
p2,237,7,mixed,63,63,98,0.64,0.9956,3,False,A,meta-llama/Llama-3.1-8B-Instruct,chat,riskneutral,0,0.92523,0.00012,1,,,massA=0.000114 massB=9.2e-06,after,0,0.0
p2,455,15,neutral,0,82,113,0.74,1.0198,2,False,A,meta-llama/Llama-3.1-8B-Instruct,chat,riskneutral,0,0.58889,8e-05,1,,,massA=4.87e-05 massB=3.4e-05,after,0,0.0
p2,158,5,neutral,0,162,381,0.46,1.0819,4,True,B,meta-llama/Llama-3.1-8B-Instruct,chat,riskneutral,0,0.92414,9e-05,1,,,massA=6.98e-06 massB=8.5e-05,after,0,0.0
p2,1080,36,neutral,0,98,227,0.47,1.0887,0,True,B,meta-llama/Llama-3.1-8B-Instruct,chat,riskneutral,0,0.95532,0.02441,1,,,massA=0.00109 massB=0.0233,after,0,0.0
p2,759,25,neutral,0,124,207,0.76,1.2687,4,False,A,meta-llama/Llama-3.1-8B-Instruct,chat,riskneutral,0,0.53121,1e-05,1,,,massA=2.97e-06 massB=2.62e-06,after,0,0.0
p2,745,24,mixed,168,168,214,0.76,0.9681,2,False,A,meta-llama/Llama-3.1-8B-Instruct,chat,riskneutral,0,0.72487,7e-05,1,,,massA=5.38e-05 massB=2.04e-05,after,0,0.0
p2,1113,37,neutral,0,151,252,0.68,1.1348,1,False,A,meta-llama/Llama-3.1-8B-Instruct,chat,riskneutral,0,0.51562,0.0004,1,,,massA=0.000206 massB=0.000193,after,0,0.0
p2,564,18,mixed,41,41,61,0.58,0.8629,2,True,B,meta-llama/Llama-3.1-8B-Instruct,chat,riskneutral,0,0.89479,0.00285,1,,,massA=0.0003 massB=0.00255,after,0,0.0
p2,616,20,gain,0,186,266,0.63,0.901,3,True,B,meta-llama/Llama-3.1-8B-Instruct,chat,riskneutral,0,0.88404,0.00814,1,,,massA=0.000944 massB=0.0072,after,0,0.0
p2,168,5,gain,0,162,381,0.46,1.0819,4,True,B,meta-llama/Llama-3.1-8B-Instruct,chat,riskneutral,0,0.91429,2e-05,1,,,massA=2.12e-06 massB=2.26e-05,after,0,0.0
p2,771,25,mixed,124,124,207,0.76,1.2687,0,False,A,meta-llama/Llama-3.1-8B-Instruct,chat,riskneutral,0,0.9263,0.00018,1,,,massA=0.000168 massB=1.34e-05,after,0,0.0
p2,950,31,mixed,51,51,151,0.29,0.8586,0,True,B,meta-llama/Llama-3.1-8B-Instruct,chat,riskneutral,0,0.9173,0.01556,1,,,massA=0.00129 massB=0.0143,after,0,0.0
p2,389,12,mixed,164,164,541,0.38,1.2535,4,False,A,meta-llama/Llama-3.1-8B-Instruct,chat,riskneutral,0,0.81989,0.0,1,,,massA=3.69e-06 massB=8.1e-07,after,0,0.0
p2,834,27,mixed,166,166,433,0.53,1.3825,2,True,B,meta-llama/Llama-3.1-8B-Instruct,chat,riskneutral,0,0.8977,0.00457,1,,,massA=0.000468 massB=0.00411,after,0,0.0
p2,800,26,mixed,59,59,151,0.36,0.9214,0,True,B,meta-llama/Llama-3.1-8B-Instruct,chat,riskneutral,0,0.92736,0.0142,1,,,massA=0.00103 massB=0.0132,after,0,0.0
p2,566,18,mixed,41,41,61,0.58,0.8629,3,True,B,meta-llama/Llama-3.1-8B-Instruct,chat,riskneutral,0,0.79311,0.00982,1,,,massA=0.00203 massB=0.00779,after,0,0.0
p2,803,26,mixed,59,59,151,0.36,0.9214,1,False,A,meta-llama/Llama-3.1-8B-Instruct,chat,riskneutral,0,0.74909,2e-05,1,,,massA=1.46e-05 massB=4.89e-06,after,0,0.0
p2,1045,34,mixed,52,52,96,0.63,1.1631,2,False,A,meta-llama/Llama-3.1-8B-Instruct,chat,riskneutral,0,0.75779,6e-05,1,,,massA=4.4e-05 massB=1.41e-05,after,0,0.0
p2,637,21,neutral,0,106,206,0.73,1.4187,3,False,A,meta-llama/Llama-3.1-8B-Instruct,chat,riskneutral,0,0.49609,0.01236,1,,,massA=0.00613 massB=0.00623,after,0,0.0
p2,934,31,neutral,0,51,151,0.29,0.8586,2,True,B,meta-llama/Llama-3.1-8B-Instruct,chat,riskneutral,0,0.78793,0.00238,1,,,massA=0.000506 massB=0.00188,after,0,0.0
p2,1267,33,dominant,0,142,179,1.0,1.2606,2,False,A,meta-llama/Llama-3.1-8B-Instruct,chat,riskneutral,0,0.63703,0.01607,1,,,massA=0.0102 massB=0.00583,after,0,0.0
p2,93,3,neutral,0,46,158,0.33,1.1335,1,False,A,meta-llama/Llama-3.1-8B-Instruct,chat,riskneutral,0,0.44939,0.00061,1,,,massA=0.000272 massB=0.000333,after,0,0.0
p2,1240,20,dominant,0,186,229,1.0,1.2312,0,True,B,meta-llama/Llama-3.1-8B-Instruct,chat,riskneutral,0,0.90599,0.15065,1,,,massA=0.0142 massB=0.136,after,0,0.0
p2,97,3,neutral,0,46,158,0.33,1.1335,3,False,A,meta-llama/Llama-3.1-8B-Instruct,chat,riskneutral,0,0.46879,0.00561,1,,,massA=0.00263 massB=0.00298,after,0,0.0
p2,1218,9,dominant,0,49,82,1.0,1.6735,1,True,B,meta-llama/Llama-3.1-8B-Instruct,chat,riskneutral,0,0.91368,0.32681,0,,,massA=0.0282 massB=0.299,after,0,0.0
p2,699,23,neutral,0,91,626,0.23,1.5822,4,False,A,meta-llama/Llama-3.1-8B-Instruct,chat,riskneutral,0,0.61694,0.0,1,,,massA=2.48e-06 massB=1.54e-06,after,0,0.0
p2,864,28,mixed,132,132,181,0.76,1.0421,2,True,B,meta-llama/Llama-3.1-8B-Instruct,chat,riskneutral,0,0.86154,0.0027,1,,,massA=0.000373 massB=0.00232,after,0,0.0
p2,293,9,mixed,49,49,153,0.26,0.8118,1,False,A,meta-llama/Llama-3.1-8B-Instruct,chat,riskneutral,0,0.72487,2e-05,1,,,massA=1.61e-05 massB=6.12e-06,after,0,0.0
p2,973,32,gain,0,131,236,0.57,1.0269,1,False,A,meta-llama/Llama-3.1-8B-Instruct,chat,riskneutral,0,0.61878,0.0001,1,,,massA=6.19e-05 massB=3.81e-05,after,0,0.0
p2,720,24,neutral,0,168,214,0.76,0.9681,0,True,B,meta-llama/Llama-3.1-8B-Instruct,chat,riskneutral,0,0.96432,0.01998,1,,,massA=0.000713 massB=0.0193,after,0,0.0
p2,851,28,gain,0,132,181,0.76,1.0421,0,False,A,meta-llama/Llama-3.1-8B-Instruct,chat,riskneutral,0,0.70902,3e-05,1,,,massA=2.25e-05 massB=9.23e-06,after,0,0.0
p2,340,11,gain,0,54,68,0.81,1.02,0,True,B,meta-llama/Llama-3.1-8B-Instruct,chat,riskneutral,0,0.92414,0.00329,1,,,massA=0.00025 massB=0.00304,after,0,0.0
p2,1250,25,dominant,0,124,182,1.0,1.4677,0,True,B,meta-llama/Llama-3.1-8B-Instruct,chat,riskneutral,0,0.80317,0.11486,1,,,massA=0.0226 massB=0.0923,after,0,0.0
p2,142,4,mixed,29,29,71,0.55,1.3466,1,True,B,meta-llama/Llama-3.1-8B-Instruct,chat,riskneutral,0,0.95041,0.00132,1,,,massA=6.54e-05 massB=0.00125,after,0,0.0
p2,421,14,neutral,0,81,201,0.68,1.6874,0,False,A,meta-llama/Llama-3.1-8B-Instruct,chat,riskneutral,0,0.57368,0.00079,1,,,massA=0.000451 massB=0.000335,after,0,0.0
p2,73,2,gain,0,162,661,0.26,1.0609,1,False,A,meta-llama/Llama-3.1-8B-Instruct,chat,riskneutral,0,0.42632,0.00018,1,,,massA=7.66e-05 massB=0.000103,after,0,0.0
p2,882,29,gain,0,79,81,0.83,0.851,1,True,B,meta-llama/Llama-3.1-8B-Instruct,chat,riskneutral,0,0.96432,0.00901,1,,,massA=0.000322 massB=0.00869,after,0,0.0
p2,532,17,mixed,117,117,362,0.42,1.2995,1,True,B,meta-llama/Llama-3.1-8B-Instruct,chat,riskneutral,0,0.96486,0.00281,1,,,massA=9.88e-05 massB=0.00271,after,0,0.0
p2,947,31,gain,0,51,151,0.29,0.8586,3,False,A,meta-llama/Llama-3.1-8B-Instruct,chat,riskneutral,0,0.46879,0.00028,1,,,massA=0.000132 massB=0.00015,after,0,0.0
p2,1017,33,mixed,142,142,446,0.53,1.6646,3,False,A,meta-llama/Llama-3.1-8B-Instruct,chat,riskneutral,0,0.90731,0.00034,1,,,massA=0.000312 massB=3.19e-05,after,0,0.0
p2,324,10,mixed,111,111,278,0.58,1.4526,2,True,B,meta-llama/Llama-3.1-8B-Instruct,chat,riskneutral,0,0.90862,0.00388,1,,,massA=0.000354 massB=0.00352,after,0,0.0
p2,828,27,gain,0,166,433,0.53,1.3825,4,True,B,meta-llama/Llama-3.1-8B-Instruct,chat,riskneutral,0,0.92523,6e-05,1,,,massA=4.15e-06 massB=5.14e-05,after,0,0.0
p2,760,25,gain,0,124,207,0.76,1.2687,0,True,B,meta-llama/Llama-3.1-8B-Instruct,chat,riskneutral,0,0.91611,0.00296,1,,,massA=0.000248 massB=0.00271,after,0,0.0
p2,355,11,mixed,54,54,68,0.81,1.02,2,False,A,meta-llama/Llama-3.1-8B-Instruct,chat,riskneutral,0,0.71859,7e-05,1,,,massA=5.31e-05 massB=2.08e-05,after,0,0.0
p2,448,14,mixed,81,81,201,0.68,1.6874,4,True,B,meta-llama/Llama-3.1-8B-Instruct,chat,riskneutral,0,0.92523,0.00101,1,,,massA=7.58e-05 massB=0.000938,after,0,0.0
p2,299,9,mixed,49,49,153,0.26,0.8118,4,False,A,meta-llama/Llama-3.1-8B-Instruct,chat,riskneutral,0,0.82104,0.0,1,,,massA=3.33e-06 massB=7.26e-07,after,0,0.0
p2,1279,39,dominant,0,178,205,1.0,1.1517,2,False,A,meta-llama/Llama-3.1-8B-Instruct,chat,riskneutral,0,0.62246,0.0193,1,,,massA=0.012 massB=0.00729,after,0,0.0
p2,520,17,gain,0,117,362,0.42,1.2995,0,True,B,meta-llama/Llama-3.1-8B-Instruct,chat,riskneutral,0,0.92304,0.00356,1,,,massA=0.000274 massB=0.00329,after,0,0.0
p2,123,4,neutral,0,29,71,0.55,1.3466,1,False,A,meta-llama/Llama-3.1-8B-Instruct,chat,riskneutral,0,0.55447,0.00026,1,,,massA=0.000143 massB=0.000115,after,0,0.0
p2,785,26,neutral,0,59,151,0.36,0.9214,2,False,A,meta-llama/Llama-3.1-8B-Instruct,chat,riskneutral,0,0.49219,9e-05,1,,,massA=4.3e-05 massB=4.43e-05,after,0,0.0
p2,1005,33,gain,0,142,446,0.53,1.6646,2,False,A,meta-llama/Llama-3.1-8B-Instruct,chat,riskneutral,0,0.62612,0.0001,1,,,massA=6.01e-05 massB=3.59e-05,after,0,0.0
p2,316,10,gain,0,111,278,0.58,1.4526,3,True,B,meta-llama/Llama-3.1-8B-Instruct,chat,riskneutral,0,0.88243,0.01122,1,,,massA=0.00132 massB=0.0099,after,0,0.0
p2,553,18,gain,0,41,61,0.58,0.8629,1,False,A,meta-llama/Llama-3.1-8B-Instruct,chat,riskneutral,0,0.61138,6e-05,1,,,massA=3.88e-05 massB=2.47e-05,after,0,0.0
p2,1146,38,neutral,0,183,609,0.38,1.2646,3,True,B,meta-llama/Llama-3.1-8B-Instruct,chat,riskneutral,0,0.9466,0.13209,1,,,massA=0.00705 massB=0.125,after,0,0.0
p2,534,17,mixed,117,117,362,0.42,1.2995,2,True,B,meta-llama/Llama-3.1-8B-Instruct,chat,riskneutral,0,0.91611,0.0042,1,,,massA=0.000352 massB=0.00385,after,0,0.0
p2,924,30,mixed,149,149,447,0.26,0.78,2,True,B,meta-llama/Llama-3.1-8B-Instruct,chat,riskneutral,0,0.87915,0.00412,1,,,massA=0.000498 massB=0.00363,after,0,0.0
p2,921,30,mixed,149,149,447,0.26,0.78,0,False,A,meta-llama/Llama-3.1-8B-Instruct,chat,riskneutral,0,0.88876,0.00024,1,,,massA=0.00021 massB=2.63e-05,after,0,0.0
p2,437,14,gain,0,81,201,0.68,1.6874,3,False,A,meta-llama/Llama-3.1-8B-Instruct,chat,riskneutral,0,0.48828,0.00039,1,,,massA=0.000189 massB=0.000198,after,0,0.0
p2,74,2,gain,0,162,661,0.26,1.0609,2,True,B,meta-llama/Llama-3.1-8B-Instruct,chat,riskneutral,0,0.93343,0.00152,1,,,massA=0.000101 massB=0.00142,after,0,0.0
p2,853,28,gain,0,132,181,0.76,1.0421,1,False,A,meta-llama/Llama-3.1-8B-Instruct,chat,riskneutral,0,0.53121,5e-05,1,,,massA=2.55e-05 massB=2.25e-05,after,0,0.0
p2,1199,39,mixed,178,178,567,0.32,1.0193,4,False,A,meta-llama/Llama-3.1-8B-Instruct,chat,riskneutral,0,0.83224,0.0,1,,,massA=3.91e-06 massB=7.88e-07,after,0,0.0
p2,854,28,gain,0,132,181,0.76,1.0421,2,True,B,meta-llama/Llama-3.1-8B-Instruct,chat,riskneutral,0,0.94165,0.00171,1,,,massA=9.96e-05 massB=0.00161,after,0,0.0
p2,1107,36,mixed,98,98,227,0.47,1.0887,3,False,A,meta-llama/Llama-3.1-8B-Instruct,chat,riskneutral,0,0.90731,0.00024,1,,,massA=0.000218 massB=2.23e-05,after,0,0.0
p2,304,10,neutral,0,111,278,0.58,1.4526,2,True,B,meta-llama/Llama-3.1-8B-Instruct,chat,riskneutral,0,0.80807,0.00289,1,,,massA=0.000555 massB=0.00234,after,0,0.0
p2,423,14,neutral,0,81,201,0.68,1.6874,1,False,A,meta-llama/Llama-3.1-8B-Instruct,chat,riskneutral,0,0.5351,0.00056,1,,,massA=0.000299 massB=0.00026,after,0,0.0
p2,519,17,neutral,0,117,362,0.42,1.2995,4,False,A,meta-llama/Llama-3.1-8B-Instruct,chat,riskneutral,0,0.60019,1e-05,1,,,massA=3.04e-06 massB=2.02e-06,after,0,0.0
p2,466,15,gain,0,82,113,0.74,1.0198,3,True,B,meta-llama/Llama-3.1-8B-Instruct,chat,riskneutral,0,0.89479,0.01177,1,,,massA=0.00124 massB=0.0105,after,0,0.0
p2,287,9,gain,0,49,153,0.26,0.8118,3,False,A,meta-llama/Llama-3.1-8B-Instruct,chat,riskneutral,0,0.48048,0.0002,1,,,massA=9.53e-05 massB=0.000103,after,0,0.0
p2,970,32,gain,0,131,236,0.57,1.0269,0,True,B,meta-llama/Llama-3.1-8B-Instruct,chat,riskneutral,0,0.92304,0.00514,1,,,massA=0.000396 massB=0.00475,after,0,0.0
p2,968,32,neutral,0,131,236,0.57,1.0269,4,True,B,meta-llama/Llama-3.1-8B-Instruct,chat,riskneutral,0,0.93721,0.00014,1,,,massA=8.64e-06 massB=0.000129,after,0,0.0
p2,705,23,gain,0,91,626,0.23,1.5822,2,False,A,meta-llama/Llama-3.1-8B-Instruct,chat,riskneutral,0,0.55061,7e-05,1,,,massA=4.02e-05 massB=3.28e-05,after,0,0.0
p2,1220,10,dominant,0,111,138,1.0,1.2432,3,True,B,meta-llama/Llama-3.1-8B-Instruct,chat,riskneutral,0,0.77458,0.2618,0,,,massA=0.059 massB=0.203,after,0,0.0
p2,374,12,gain,0,164,541,0.38,1.2535,2,True,B,meta-llama/Llama-3.1-8B-Instruct,chat,riskneutral,0,0.93146,0.00183,1,,,massA=0.000125 massB=0.0017,after,0,0.0
p2,139,4,gain,0,29,71,0.55,1.3466,4,False,A,meta-llama/Llama-3.1-8B-Instruct,chat,riskneutral,0,0.56794,0.0,1,,,massA=2.04e-06 massB=1.55e-06,after,0,0.0
p2,141,4,mixed,29,29,71,0.55,1.3466,0,False,A,meta-llama/Llama-3.1-8B-Instruct,chat,riskneutral,0,0.93629,0.00021,1,,,massA=0.000193 massB=1.31e-05,after,0,0.0
p2,482,16,neutral,0,139,234,0.6,1.0101,1,True,B,meta-llama/Llama-3.1-8B-Instruct,chat,riskneutral,0,0.98527,0.01899,1,,,massA=0.00028 massB=0.0187,after,0,0.0
p2,1148,38,neutral,0,183,609,0.38,1.2646,4,True,B,meta-llama/Llama-3.1-8B-Instruct,chat,riskneutral,0,0.91848,9e-05,1,,,massA=7.03e-06 massB=7.92e-05,after,0,0.0
p2,394,13,neutral,0,72,88,0.64,0.7822,2,True,B,meta-llama/Llama-3.1-8B-Instruct,chat,riskneutral,0,0.90599,0.00193,1,,,massA=0.000182 massB=0.00175,after,0,0.0
p2,654,21,mixed,106,106,206,0.73,1.4187,2,True,B,meta-llama/Llama-3.1-8B-Instruct,chat,riskneutral,0,0.8808,0.00274,1,,,massA=0.000327 massB=0.00241,after,0,0.0
p2,38,1,neutral,0,58,116,0.66,1.32,4,True,B,meta-llama/Llama-3.1-8B-Instruct,chat,riskneutral,0,0.9173,0.00014,1,,,massA=1.14e-05 massB=0.000126,after,0,0.0
p2,683,22,mixed,81,81,163,0.72,1.4489,1,False,A,meta-llama/Llama-3.1-8B-Instruct,chat,riskneutral,0,0.76908,4e-05,1,,,massA=2.99e-05 massB=8.98e-06,after,0,0.0
p2,902,30,neutral,0,149,447,0.26,0.78,1,True,B,meta-llama/Llama-3.1-8B-Instruct,chat,riskneutral,0,0.96886,0.01204,1,,,massA=0.000375 massB=0.0117,after,0,0.0
p2,44,1,gain,0,58,116,0.66,1.32,2,True,B,meta-llama/Llama-3.1-8B-Instruct,chat,riskneutral,0,0.96323,0.00271,1,,,massA=9.98e-05 massB=0.00261,after,0,0.0
p2,33,1,neutral,0,58,116,0.66,1.32,1,False,A,meta-llama/Llama-3.1-8B-Instruct,chat,riskneutral,0,0.56218,0.00053,1,,,massA=0.000299 massB=0.000233,after,0,0.0
p2,330,11,neutral,0,54,68,0.81,1.02,0,True,B,meta-llama/Llama-3.1-8B-Instruct,chat,riskneutral,0,0.97241,0.01877,1,,,massA=0.000518 massB=0.0182,after,0,0.0
p2,939,31,neutral,0,51,151,0.29,0.8586,4,False,A,meta-llama/Llama-3.1-8B-Instruct,chat,riskneutral,0,0.61138,0.0,1,,,massA=3.03e-06 massB=1.92e-06,after,0,0.0
p2,855,28,gain,0,132,181,0.76,1.0421,2,False,A,meta-llama/Llama-3.1-8B-Instruct,chat,riskneutral,0,0.55833,4e-05,1,,,massA=2.25e-05 massB=1.78e-05,after,0,0.0
p2,1156,38,gain,0,183,609,0.38,1.2646,3,True,B,meta-llama/Llama-3.1-8B-Instruct,chat,riskneutral,0,0.90991,0.01313,1,,,massA=0.00118 massB=0.012,after,0,0.0
p2,214,7,neutral,0,63,98,0.64,0.9956,2,True,B,meta-llama/Llama-3.1-8B-Instruct,chat,riskneutral,0,0.9263,0.00161,1,,,massA=0.000119 massB=0.00149,after,0,0.0
p2,377,12,gain,0,164,541,0.38,1.2535,3,False,A,meta-llama/Llama-3.1-8B-Instruct,chat,riskneutral,0,0.46879,0.0004,1,,,massA=0.000188 massB=0.000213,after,0,0.0
p2,545,18,neutral,0,41,61,0.58,0.8629,2,False,A,meta-llama/Llama-3.1-8B-Instruct,chat,riskneutral,0,0.5851,5e-05,1,,,massA=3.2e-05 massB=2.27e-05,after,0,0.0
p2,1175,39,neutral,0,178,567,0.32,1.0193,2,False,A,meta-llama/Llama-3.1-8B-Instruct,chat,riskneutral,0,0.51562,0.00013,1,,,massA=6.45e-05 massB=6.06e-05,after,0,0.0
p2,262,8,mixed,62,62,263,0.33,1.3998,1,True,B,meta-llama/Llama-3.1-8B-Instruct,chat,riskneutral,0,0.95598,0.00188,1,,,massA=8.26e-05 massB=0.00179,after,0,0.0
p2,726,24,neutral,0,168,214,0.76,0.9681,3,True,B,meta-llama/Llama-3.1-8B-Instruct,chat,riskneutral,0,0.94815,0.09831,1,,,massA=0.0051 massB=0.0932,after,0,0.0
p2,568,18,mixed,41,41,61,0.58,0.8629,4,True,B,meta-llama/Llama-3.1-8B-Instruct,chat,riskneutral,0,0.91368,0.00067,1,,,massA=5.8e-05 massB=0.000614,after,0,0.0
p2,321,10,mixed,111,111,278,0.58,1.4526,0,False,A,meta-llama/Llama-3.1-8B-Instruct,chat,riskneutral,0,0.92736,0.00026,1,,,massA=0.000238 massB=1.86e-05,after,0,0.0
p2,591,19,mixed,64,64,122,0.49,0.9341,0,False,A,meta-llama/Llama-3.1-8B-Instruct,chat,riskneutral,0,0.94165,0.00022,1,,,massA=0.00021 massB=1.3e-05,after,0,0.0
p2,994,33,neutral,0,142,446,0.53,1.6646,2,True,B,meta-llama/Llama-3.1-8B-Instruct,chat,riskneutral,0,0.86339,0.00357,1,,,massA=0.000488 massB=0.00308,after,0,0.0
p2,1041,34,mixed,52,52,96,0.63,1.1631,0,False,A,meta-llama/Llama-3.1-8B-Instruct,chat,riskneutral,0,0.92192,0.00018,1,,,massA=0.000165 massB=1.4e-05,after,0,0.0
p2,1057,35,neutral,0,91,133,0.68,0.9938,3,False,A,meta-llama/Llama-3.1-8B-Instruct,chat,riskneutral,0,0.60766,0.00521,1,,,massA=0.00317 massB=0.00205,after,0,0.0
p2,701,23,gain,0,91,626,0.23,1.5822,0,False,A,meta-llama/Llama-3.1-8B-Instruct,chat,riskneutral,0,0.68595,5e-05,1,,,massA=3.58e-05 massB=1.64e-05,after,0,0.0
p2,390,13,neutral,0,72,88,0.64,0.7822,0,True,B,meta-llama/Llama-3.1-8B-Instruct,chat,riskneutral,0,0.96323,0.01174,1,,,massA=0.000432 massB=0.0113,after,0,0.0
p2,1193,39,mixed,178,178,567,0.32,1.0193,1,False,A,meta-llama/Llama-3.1-8B-Instruct,chat,riskneutral,0,0.77458,3e-05,1,,,massA=2.36e-05 massB=6.87e-06,after,0,0.0
p2,1023,34,neutral,0,52,96,0.63,1.1631,1,False,A,meta-llama/Llama-3.1-8B-Instruct,chat,riskneutral,0,0.63703,0.00021,1,,,massA=0.000131 massB=7.45e-05,after,0,0.0
p2,742,24,mixed,168,168,214,0.76,0.9681,1,True,B,meta-llama/Llama-3.1-8B-Instruct,chat,riskneutral,0,0.95041,0.00156,1,,,massA=7.76e-05 massB=0.00149,after,0,0.0
p2,224,7,gain,0,63,98,0.64,0.9956,2,True,B,meta-llama/Llama-3.1-8B-Instruct,chat,riskneutral,0,0.92192,0.00121,1,,,massA=9.47e-05 massB=0.00112,after,0,0.0
p2,79,2,gain,0,162,661,0.26,1.0609,4,False,A,meta-llama/Llama-3.1-8B-Instruct,chat,riskneutral,0,0.49805,0.0,1,,,massA=1.32e-06 massB=1.33e-06,after,0,0.0
p2,746,24,mixed,168,168,214,0.76,0.9681,3,True,B,meta-llama/Llama-3.1-8B-Instruct,chat,riskneutral,0,0.83762,0.01432,1,,,massA=0.00232 massB=0.012,after,0,0.0
p2,257,8,gain,0,62,263,0.33,1.3998,3,False,A,meta-llama/Llama-3.1-8B-Instruct,chat,riskneutral,0,0.52732,0.00033,1,,,massA=0.000176 massB=0.000157,after,0,0.0
p2,1072,35,mixed,91,91,133,0.68,0.9938,1,True,B,meta-llama/Llama-3.1-8B-Instruct,chat,riskneutral,0,0.95186,0.00256,1,,,massA=0.000123 massB=0.00244,after,0,0.0
p2,14,0,gain,0,186,984,0.26,1.3755,2,True,B,meta-llama/Llama-3.1-8B-Instruct,chat,riskneutral,0,0.93046,0.00129,1,,,massA=8.99e-05 massB=0.0012,after,0,0.0
p2,241,8,neutral,0,62,263,0.33,1.3998,0,False,A,meta-llama/Llama-3.1-8B-Instruct,chat,riskneutral,0,0.55447,0.00099,1,,,massA=0.000549 massB=0.000441,after,0,0.0
p2,288,9,gain,0,49,153,0.26,0.8118,4,True,B,meta-llama/Llama-3.1-8B-Instruct,chat,riskneutral,0,0.89983,2e-05,1,,,massA=2.28e-06 massB=2.05e-05,after,0,0.0
p2,387,12,mixed,164,164,541,0.38,1.2535,3,False,A,meta-llama/Llama-3.1-8B-Instruct,chat,riskneutral,0,0.8706,9e-05,1,,,massA=7.63e-05 massB=1.13e-05,after,0,0.0
p2,410,13,mixed,72,72,88,0.64,0.7822,0,True,B,meta-llama/Llama-3.1-8B-Instruct,chat,riskneutral,0,0.90862,0.01151,1,,,massA=0.00105 massB=0.0105,after,0,0.0
p2,984,32,mixed,131,131,236,0.57,1.0269,2,True,B,meta-llama/Llama-3.1-8B-Instruct,chat,riskneutral,0,0.90329,0.00357,1,,,massA=0.000345 massB=0.00322,after,0,0.0
p2,1053,35,neutral,0,91,133,0.68,0.9938,1,False,A,meta-llama/Llama-3.1-8B-Instruct,chat,riskneutral,0,0.53121,0.00036,1,,,massA=0.000192 massB=0.00017,after,0,0.0
p2,1025,34,neutral,0,52,96,0.63,1.1631,2,False,A,meta-llama/Llama-3.1-8B-Instruct,chat,riskneutral,0,0.65489,5e-05,1,,,massA=3.37e-05 massB=1.78e-05,after,0,0.0
p2,459,15,neutral,0,82,113,0.74,1.0198,4,False,A,meta-llama/Llama-3.1-8B-Instruct,chat,riskneutral,0,0.60019,1e-05,1,,,massA=4.1e-06 massB=2.73e-06,after,0,0.0
p2,827,27,gain,0,166,433,0.53,1.3825,3,False,A,meta-llama/Llama-3.1-8B-Instruct,chat,riskneutral,0,0.5813,0.00051,1,,,massA=0.000298 massB=0.000215,after,0,0.0
p2,634,21,neutral,0,106,206,0.73,1.4187,2,True,B,meta-llama/Llama-3.1-8B-Instruct,chat,riskneutral,0,0.89331,0.00361,1,,,massA=0.000385 massB=0.00322,after,0,0.0
p2,328,10,mixed,111,111,278,0.58,1.4526,4,True,B,meta-llama/Llama-3.1-8B-Instruct,chat,riskneutral,0,0.93343,0.00137,1,,,massA=9.11e-05 massB=0.00128,after,0,0.0
p2,144,4,mixed,29,29,71,0.55,1.3466,2,True,B,meta-llama/Llama-3.1-8B-Instruct,chat,riskneutral,0,0.90329,0.00328,1,,,massA=0.000317 massB=0.00296,after,0,0.0
p2,98,3,neutral,0,46,158,0.33,1.1335,4,True,B,meta-llama/Llama-3.1-8B-Instruct,chat,riskneutral,0,0.89625,0.0001,1,,,massA=1.07e-05 massB=9.28e-05,after,0,0.0
p2,596,19,mixed,64,64,122,0.49,0.9341,3,True,B,meta-llama/Llama-3.1-8B-Instruct,chat,riskneutral,0,0.83548,0.011,1,,,massA=0.00181 massB=0.00919,after,0,0.0
p2,900,30,neutral,0,149,447,0.26,0.78,0,True,B,meta-llama/Llama-3.1-8B-Instruct,chat,riskneutral,0,0.95465,0.01945,1,,,massA=0.000882 massB=0.0186,after,0,0.0
p2,388,12,mixed,164,164,541,0.38,1.2535,4,True,B,meta-llama/Llama-3.1-8B-Instruct,chat,riskneutral,0,0.95041,0.00147,1,,,massA=7.3e-05 massB=0.0014,after,0,0.0
p2,338,11,neutral,0,54,68,0.81,1.02,4,True,B,meta-llama/Llama-3.1-8B-Instruct,chat,riskneutral,0,0.92841,0.00015,1,,,massA=1.09e-05 massB=0.000141,after,0,0.0
p2,945,31,gain,0,51,151,0.29,0.8586,2,False,A,meta-llama/Llama-3.1-8B-Instruct,chat,riskneutral,0,0.56602,9e-05,1,,,massA=5.24e-05 massB=4.02e-05,after,0,0.0
p2,1082,36,neutral,0,98,227,0.47,1.0887,1,True,B,meta-llama/Llama-3.1-8B-Instruct,chat,riskneutral,0,0.98849,0.04234,1,,,massA=0.000487 massB=0.0418,after,0,0.0
p2,117,3,mixed,46,46,158,0.33,1.1335,3,False,A,meta-llama/Llama-3.1-8B-Instruct,chat,riskneutral,0,0.8977,0.0001,1,,,massA=8.76e-05 massB=9.99e-06,after,0,0.0
p2,323,10,mixed,111,111,278,0.58,1.4526,1,False,A,meta-llama/Llama-3.1-8B-Instruct,chat,riskneutral,0,0.73106,4e-05,1,,,massA=3.17e-05 massB=1.17e-05,after,0,0.0
p2,912,30,gain,0,149,447,0.26,0.78,1,True,B,meta-llama/Llama-3.1-8B-Instruct,chat,riskneutral,0,0.94815,0.00163,1,,,massA=8.43e-05 massB=0.00154,after,0,0.0
p2,514,17,neutral,0,117,362,0.42,1.2995,2,True,B,meta-llama/Llama-3.1-8B-Instruct,chat,riskneutral,0,0.86154,0.00216,1,,,massA=0.000299 massB=0.00186,after,0,0.0
p2,949,31,gain,0,51,151,0.29,0.8586,4,False,A,meta-llama/Llama-3.1-8B-Instruct,chat,riskneutral,0,0.50976,0.0,1,,,massA=1.41e-06 massB=1.36e-06,after,0,0.0
p2,148,4,mixed,29,29,71,0.55,1.3466,4,True,B,meta-llama/Llama-3.1-8B-Instruct,chat,riskneutral,0,0.92304,0.00112,1,,,massA=8.65e-05 massB=0.00104,after,0,0.0
p2,381,12,mixed,164,164,541,0.38,1.2535,0,False,A,meta-llama/Llama-3.1-8B-Instruct,chat,riskneutral,0,0.90465,0.00015,1,,,massA=0.000139 massB=1.46e-05,after,0,0.0
p2,1074,35,mixed,91,91,133,0.68,0.9938,2,True,B,meta-llama/Llama-3.1-8B-Instruct,chat,riskneutral,0,0.89912,0.00326,1,,,massA=0.000329 massB=0.00293,after,0,0.0
p2,206,6,mixed,94,94,101,0.71,0.7629,3,True,B,meta-llama/Llama-3.1-8B-Instruct,chat,riskneutral,0,0.78793,0.01212,1,,,massA=0.00257 massB=0.00955,after,0,0.0
p2,1169,38,mixed,183,183,609,0.38,1.2646,4,False,A,meta-llama/Llama-3.1-8B-Instruct,chat,riskneutral,0,0.82219,0.0,1,,,massA=3.85e-06 massB=8.32e-07,after,0,0.0
p2,605,20,neutral,0,186,266,0.63,0.901,2,False,A,meta-llama/Llama-3.1-8B-Instruct,chat,riskneutral,0,0.61878,0.00011,1,,,massA=6.55e-05 massB=4.04e-05,after,0,0.0
p2,489,16,neutral,0,139,234,0.6,1.0101,4,False,A,meta-llama/Llama-3.1-8B-Instruct,chat,riskneutral,0,0.60766,1e-05,1,,,massA=3.71e-06 massB=2.39e-06,after,0,0.0
p2,50,1,mixed,58,58,116,0.66,1.32,0,True,B,meta-llama/Llama-3.1-8B-Instruct,chat,riskneutral,0,0.91368,0.02215,1,,,massA=0.00191 massB=0.0202,after,0,0.0
p2,721,24,neutral,0,168,214,0.76,0.9681,0,False,A,meta-llama/Llama-3.1-8B-Instruct,chat,riskneutral,0,0.55833,0.00099,1,,,massA=0.000554 massB=0.000438,after,0,0.0
p2,252,8,gain,0,62,263,0.33,1.3998,1,True,B,meta-llama/Llama-3.1-8B-Instruct,chat,riskneutral,0,0.96486,0.00294,1,,,massA=0.000103 massB=0.00284,after,0,0.0
p2,400,13,gain,0,72,88,0.64,0.7822,0,True,B,meta-llama/Llama-3.1-8B-Instruct,chat,riskneutral,0,0.92079,0.00396,1,,,massA=0.000314 massB=0.00365,after,0,0.0
p2,417,13,mixed,72,72,88,0.64,0.7822,3,False,A,meta-llama/Llama-3.1-8B-Instruct,chat,riskneutral,0,0.89405,0.00011,1,,,massA=9.58e-05 massB=1.13e-05,after,0,0.0
p2,71,2,gain,0,162,661,0.26,1.0609,0,False,A,meta-llama/Llama-3.1-8B-Instruct,chat,riskneutral,0,0.70579,4e-05,1,,,massA=3.16e-05 massB=1.32e-05,after,0,0.0
p2,1064,35,gain,0,91,133,0.68,0.9938,2,True,B,meta-llama/Llama-3.1-8B-Instruct,chat,riskneutral,0,0.96267,0.00234,1,,,massA=8.72e-05 massB=0.00225,after,0,0.0
p2,32,1,neutral,0,58,116,0.66,1.32,1,True,B,meta-llama/Llama-3.1-8B-Instruct,chat,riskneutral,0,0.98983,0.0303,1,,,massA=0.000308 massB=0.03,after,0,0.0
p2,247,8,neutral,0,62,263,0.33,1.3998,3,False,A,meta-llama/Llama-3.1-8B-Instruct,chat,riskneutral,0,0.43398,0.00961,1,,,massA=0.00417 massB=0.00544,after,0,0.0
p2,1094,36,gain,0,98,227,0.47,1.0887,2,True,B,meta-llama/Llama-3.1-8B-Instruct,chat,riskneutral,0,0.94815,0.00229,1,,,massA=0.000118 massB=0.00217,after,0,0.0
p2,836,27,mixed,166,166,433,0.53,1.3825,3,True,B,meta-llama/Llama-3.1-8B-Instruct,chat,riskneutral,0,0.85391,0.02195,1,,,massA=0.00321 massB=0.0187,after,0,0.0
p2,817,27,neutral,0,166,433,0.53,1.3825,3,False,A,meta-llama/Llama-3.1-8B-Instruct,chat,riskneutral,0,0.50781,0.00766,1,,,massA=0.00389 massB=0.00377,after,0,0.0
p2,540,18,neutral,0,41,61,0.58,0.8629,0,True,B,meta-llama/Llama-3.1-8B-Instruct,chat,riskneutral,0,0.95976,0.00939,1,,,massA=0.000378 massB=0.00901,after,0,0.0
p2,230,7,mixed,63,63,98,0.64,0.9956,0,True,B,meta-llama/Llama-3.1-8B-Instruct,chat,riskneutral,0,0.93245,0.01201,1,,,massA=0.000811 massB=0.0112,after,0,0.0
p2,960,32,neutral,0,131,236,0.57,1.0269,0,True,B,meta-llama/Llama-3.1-8B-Instruct,chat,riskneutral,0,0.96095,0.01897,1,,,massA=0.000741 massB=0.0182,after,0,0.0
p2,353,11,mixed,54,54,68,0.81,1.02,1,False,A,meta-llama/Llama-3.1-8B-Instruct,chat,riskneutral,0,0.75779,2e-05,1,,,massA=1.74e-05 massB=5.57e-06,after,0,0.0
p2,376,12,gain,0,164,541,0.38,1.2535,3,True,B,meta-llama/Llama-3.1-8B-Instruct,chat,riskneutral,0,0.90192,0.00937,1,,,massA=0.000919 massB=0.00845,after,0,0.0
p2,1221,10,dominant,0,111,138,1.0,1.2432,4,False,A,meta-llama/Llama-3.1-8B-Instruct,chat,riskneutral,0,0.68595,0.00914,1,,,massA=0.00627 massB=0.00287,after,0,0.0
p2,349,11,gain,0,54,68,0.81,1.02,4,False,A,meta-llama/Llama-3.1-8B-Instruct,chat,riskneutral,0,0.42823,0.0,1,,,massA=1.93e-06 massB=2.57e-06,after,0,0.0
p2,103,3,gain,0,46,158,0.33,1.1335,1,False,A,meta-llama/Llama-3.1-8B-Instruct,chat,riskneutral,0,0.52732,0.00014,1,,,massA=7.35e-05 massB=6.59e-05,after,0,0.0
p2,474,15,mixed,82,82,113,0.74,1.0198,2,True,B,meta-llama/Llama-3.1-8B-Instruct,chat,riskneutral,0,0.87748,0.00325,1,,,massA=0.000398 massB=0.00285,after,0,0.0
p2,499,16,gain,0,139,234,0.6,1.0101,4,False,A,meta-llama/Llama-3.1-8B-Instruct,chat,riskneutral,0,0.5564,0.0,1,,,massA=2.59e-06 massB=2.06e-06,after,0,0.0
p2,333,11,neutral,0,54,68,0.81,1.02,1,False,A,meta-llama/Llama-3.1-8B-Instruct,chat,riskneutral,0,0.63341,0.00057,1,,,massA=0.000359 massB=0.000208,after,0,0.0
p2,1134,37,mixed,151,151,252,0.68,1.1348,2,True,B,meta-llama/Llama-3.1-8B-Instruct,chat,riskneutral,0,0.88404,0.0056,1,,,massA=0.000649 massB=0.00495,after,0,0.0
p2,392,13,neutral,0,72,88,0.64,0.7822,1,True,B,meta-llama/Llama-3.1-8B-Instruct,chat,riskneutral,0,0.98572,0.01902,1,,,massA=0.000272 massB=0.0188,after,0,0.0
p2,67,2,neutral,0,162,661,0.26,1.0609,3,False,A,meta-llama/Llama-3.1-8B-Instruct,chat,riskneutral,0,0.40357,0.00545,1,,,massA=0.0022 massB=0.00325,after,0,0.0
p2,265,8,mixed,62,62,263,0.33,1.3998,2,False,A,meta-llama/Llama-3.1-8B-Instruct,chat,riskneutral,0,0.7773,7e-05,1,,,massA=5.36e-05 massB=1.53e-05,after,0,0.0
p2,235,7,mixed,63,63,98,0.64,0.9956,2,False,A,meta-llama/Llama-3.1-8B-Instruct,chat,riskneutral,0,0.81287,7e-05,1,,,massA=5.76e-05 massB=1.33e-05,after,0,0.0
p2,998,33,neutral,0,142,446,0.53,1.6646,4,True,B,meta-llama/Llama-3.1-8B-Instruct,chat,riskneutral,0,0.92841,0.00014,1,,,massA=1.01e-05 massB=0.000132,after,0,0.0
p2,802,26,mixed,59,59,151,0.36,0.9214,1,True,B,meta-llama/Llama-3.1-8B-Instruct,chat,riskneutral,0,0.95041,0.00135,1,,,massA=6.7e-05 massB=0.00128,after,0,0.0
p2,932,31,neutral,0,51,151,0.29,0.8586,1,True,B,meta-llama/Llama-3.1-8B-Instruct,chat,riskneutral,0,0.97482,0.01073,1,,,massA=0.00027 massB=0.0105,after,0,0.0
p2,19,0,gain,0,186,984,0.26,1.3755,4,False,A,meta-llama/Llama-3.1-8B-Instruct,chat,riskneutral,0,0.5351,0.0,1,,,massA=1.53e-06 massB=1.33e-06,after,0,0.0
p2,209,6,mixed,94,94,101,0.71,0.7629,4,False,A,meta-llama/Llama-3.1-8B-Instruct,chat,riskneutral,0,0.82446,1e-05,1,,,massA=4.38e-06 massB=9.33e-07,after,0,0.0
p2,997,33,neutral,0,142,446,0.53,1.6646,3,False,A,meta-llama/Llama-3.1-8B-Instruct,chat,riskneutral,0,0.51172,0.00993,1,,,massA=0.00508 massB=0.00485,after,0,0.0
