instrument,trial_id,gamble_id,frame,anchor,sure,hi,p,ev_ratio,template_id,safe_first,gamble_letter,model,fmt,induce,p_gamble,ab_mass,excluded,note
p1,247,24,risk,0,168,214,0.76,0.9681,3,False,A,allenai/OLMo-2-1124-7B-SFT,fewshot,riskneutral,0.69595,0.93373,0,massA=0.65 massB=0.284
p1,283,28,risk,0,132,181,0.76,1.0421,1,False,A,allenai/OLMo-2-1124-7B-SFT,fewshot,riskneutral,0.62426,0.6702,0,massA=0.418 massB=0.252
p1,208,20,risk,0,186,266,0.63,0.901,4,True,B,allenai/OLMo-2-1124-7B-SFT,fewshot,riskneutral,0.37205,0.68022,0,massA=0.427 massB=0.253
p1,232,23,risk,0,91,626,0.23,1.5822,1,True,B,allenai/OLMo-2-1124-7B-SFT,fewshot,riskneutral,0.39797,0.73493,0,massA=0.442 massB=0.292
p1,267,26,risk,0,59,151,0.36,0.9214,3,False,A,allenai/OLMo-2-1124-7B-SFT,fewshot,riskneutral,0.40544,0.94617,0,massA=0.384 massB=0.563
p1,80,8,risk,0,62,263,0.33,1.3998,0,True,B,allenai/OLMo-2-1124-7B-SFT,fewshot,riskneutral,0.61879,0.87559,0,massA=0.334 massB=0.542
p1,97,9,risk,0,49,153,0.26,0.8118,3,False,A,allenai/OLMo-2-1124-7B-SFT,fewshot,riskneutral,0.28776,0.94382,0,massA=0.272 massB=0.672
p1,265,26,risk,0,59,151,0.36,0.9214,2,False,A,allenai/OLMo-2-1124-7B-SFT,fewshot,riskneutral,0.79691,0.92138,0,massA=0.734 massB=0.187
p1,223,22,risk,0,81,163,0.72,1.4489,1,False,A,allenai/OLMo-2-1124-7B-SFT,fewshot,riskneutral,0.66884,0.59817,0,massA=0.4 massB=0.198
p1,12,1,risk,0,58,116,0.66,1.32,1,True,B,allenai/OLMo-2-1124-7B-SFT,fewshot,riskneutral,0.55256,0.76203,0,massA=0.341 massB=0.421
p1,211,21,risk,0,106,206,0.73,1.4187,0,False,A,allenai/OLMo-2-1124-7B-SFT,fewshot,riskneutral,0.64421,0.89391,0,massA=0.576 massB=0.318
p1,298,29,risk,0,79,81,0.83,0.851,4,True,B,allenai/OLMo-2-1124-7B-SFT,fewshot,riskneutral,0.39234,0.68958,0,massA=0.419 massB=0.271
p1,259,25,risk,0,124,207,0.76,1.2687,4,False,A,allenai/OLMo-2-1124-7B-SFT,fewshot,riskneutral,0.34158,0.66791,0,massA=0.228 massB=0.44
p1,87,8,risk,0,62,263,0.33,1.3998,3,False,A,allenai/OLMo-2-1124-7B-SFT,fewshot,riskneutral,0.38491,0.93761,0,massA=0.361 massB=0.577
p1,32,3,risk,0,46,158,0.33,1.1335,1,True,B,allenai/OLMo-2-1124-7B-SFT,fewshot,riskneutral,0.4805,0.79304,0,massA=0.412 massB=0.381
p1,276,27,risk,0,166,433,0.53,1.3825,3,True,B,allenai/OLMo-2-1124-7B-SFT,fewshot,riskneutral,0.80685,0.96646,0,massA=0.187 massB=0.78
p1,287,28,risk,0,132,181,0.76,1.0421,3,False,A,allenai/OLMo-2-1124-7B-SFT,fewshot,riskneutral,0.70578,0.94833,0,massA=0.669 massB=0.279
p1,367,36,risk,0,98,227,0.47,1.0887,3,False,A,allenai/OLMo-2-1124-7B-SFT,fewshot,riskneutral,0.40544,0.93508,0,massA=0.379 massB=0.556
p1,355,35,risk,0,91,133,0.68,0.9938,2,False,A,allenai/OLMo-2-1124-7B-SFT,fewshot,riskneutral,0.91398,0.92488,0,massA=0.845 massB=0.0796
p1,126,12,risk,0,164,541,0.38,1.2535,3,True,B,allenai/OLMo-2-1124-7B-SFT,fewshot,riskneutral,0.70902,0.96849,0,massA=0.282 massB=0.687
p1,36,3,risk,0,46,158,0.33,1.1335,3,True,B,allenai/OLMo-2-1124-7B-SFT,fewshot,riskneutral,0.79693,0.98111,0,massA=0.199 massB=0.782
p1,245,24,risk,0,168,214,0.76,0.9681,2,False,A,allenai/OLMo-2-1124-7B-SFT,fewshot,riskneutral,0.9531,0.93618,0,massA=0.892 massB=0.0439
p1,177,17,risk,0,117,362,0.42,1.2995,3,False,A,allenai/OLMo-2-1124-7B-SFT,fewshot,riskneutral,0.38306,0.93241,0,massA=0.357 massB=0.575
p1,133,13,risk,0,72,88,0.64,0.7822,1,False,A,allenai/OLMo-2-1124-7B-SFT,fewshot,riskneutral,0.28775,0.70423,0,massA=0.203 massB=0.502
p1,312,31,risk,0,51,151,0.29,0.8586,1,True,B,allenai/OLMo-2-1124-7B-SFT,fewshot,riskneutral,0.23373,0.76545,0,massA=0.587 massB=0.179
p1,221,22,risk,0,81,163,0.72,1.4489,0,False,A,allenai/OLMo-2-1124-7B-SFT,fewshot,riskneutral,0.55253,0.90586,0,massA=0.501 massB=0.405
p1,280,28,risk,0,132,181,0.76,1.0421,0,True,B,allenai/OLMo-2-1124-7B-SFT,fewshot,riskneutral,0.86794,0.88865,0,massA=0.117 massB=0.771
p1,164,16,risk,0,139,234,0.6,1.0101,2,True,B,allenai/OLMo-2-1124-7B-SFT,fewshot,riskneutral,0.66889,0.90986,0,massA=0.301 massB=0.609
p1,124,12,risk,0,164,541,0.38,1.2535,2,True,B,allenai/OLMo-2-1124-7B-SFT,fewshot,riskneutral,0.65666,0.93508,0,massA=0.321 massB=0.614
p1,332,33,risk,0,142,446,0.53,1.6646,1,True,B,allenai/OLMo-2-1124-7B-SFT,fewshot,riskneutral,0.25985,0.68708,0,massA=0.509 massB=0.179
p1,226,22,risk,0,81,163,0.72,1.4489,3,True,B,allenai/OLMo-2-1124-7B-SFT,fewshot,riskneutral,0.89181,0.97531,0,massA=0.106 massB=0.87
p1,391,39,risk,0,178,567,0.32,1.0193,0,False,A,allenai/OLMo-2-1124-7B-SFT,fewshot,riskneutral,0.52341,0.91358,0,massA=0.478 massB=0.435
p1,81,8,risk,0,62,263,0.33,1.3998,0,False,A,allenai/OLMo-2-1124-7B-SFT,fewshot,riskneutral,0.39046,0.92403,0,massA=0.361 massB=0.563
p1,71,7,risk,0,63,98,0.64,0.9956,0,False,A,allenai/OLMo-2-1124-7B-SFT,fewshot,riskneutral,0.37386,0.92264,0,massA=0.345 massB=0.578
p1,17,1,risk,0,58,116,0.66,1.32,3,False,A,allenai/OLMo-2-1124-7B-SFT,fewshot,riskneutral,0.56217,0.93204,0,massA=0.524 massB=0.408
p1,236,23,risk,0,91,626,0.23,1.5822,3,True,B,allenai/OLMo-2-1124-7B-SFT,fewshot,riskneutral,0.79944,0.97435,0,massA=0.195 massB=0.779
p1,206,20,risk,0,186,266,0.63,0.901,3,True,B,allenai/OLMo-2-1124-7B-SFT,fewshot,riskneutral,0.73259,0.96067,0,massA=0.257 massB=0.704
p1,68,6,risk,0,94,101,0.71,0.7629,4,True,B,allenai/OLMo-2-1124-7B-SFT,fewshot,riskneutral,0.62246,0.74256,0,massA=0.28 massB=0.462
p1,337,33,risk,0,142,446,0.53,1.6646,3,False,A,allenai/OLMo-2-1124-7B-SFT,fewshot,riskneutral,0.40733,0.93512,0,massA=0.381 massB=0.554
p1,44,4,risk,0,29,71,0.55,1.3466,2,True,B,allenai/OLMo-2-1124-7B-SFT,fewshot,riskneutral,0.59079,0.94134,0,massA=0.385 massB=0.556
p1,188,18,risk,0,41,61,0.58,0.8629,4,True,B,allenai/OLMo-2-1124-7B-SFT,fewshot,riskneutral,0.62796,0.7097,0,massA=0.264 massB=0.446
p1,354,35,risk,0,91,133,0.68,0.9938,2,True,B,allenai/OLMo-2-1124-7B-SFT,fewshot,riskneutral,0.82783,0.93248,0,massA=0.161 massB=0.772
p1,210,21,risk,0,106,206,0.73,1.4187,0,True,B,allenai/OLMo-2-1124-7B-SFT,fewshot,riskneutral,0.7326,0.88336,0,massA=0.236 massB=0.647
p1,60,6,risk,0,94,101,0.71,0.7629,0,True,B,allenai/OLMo-2-1124-7B-SFT,fewshot,riskneutral,0.81524,0.88819,0,massA=0.164 massB=0.724
p1,70,7,risk,0,63,98,0.64,0.9956,0,True,B,allenai/OLMo-2-1124-7B-SFT,fewshot,riskneutral,0.72643,0.88374,0,massA=0.242 massB=0.642
p1,273,27,risk,0,166,433,0.53,1.3825,1,False,A,allenai/OLMo-2-1124-7B-SFT,fewshot,riskneutral,0.62973,0.66735,0,massA=0.42 massB=0.247
p1,174,17,risk,0,117,362,0.42,1.2995,2,True,B,allenai/OLMo-2-1124-7B-SFT,fewshot,riskneutral,0.5889,0.92675,0,massA=0.381 massB=0.546
p1,100,10,risk,0,111,278,0.58,1.4526,0,True,B,allenai/OLMo-2-1124-7B-SFT,fewshot,riskneutral,0.69926,0.86216,0,massA=0.259 massB=0.603
p1,176,17,risk,0,117,362,0.42,1.2995,3,True,B,allenai/OLMo-2-1124-7B-SFT,fewshot,riskneutral,0.54287,0.94985,0,massA=0.434 massB=0.516
p1,272,27,risk,0,166,433,0.53,1.3825,1,True,B,allenai/OLMo-2-1124-7B-SFT,fewshot,riskneutral,0.32255,0.71471,0,massA=0.484 massB=0.231
p1,149,14,risk,0,81,201,0.68,1.6874,4,False,A,allenai/OLMo-2-1124-7B-SFT,fewshot,riskneutral,0.29583,0.69146,0,massA=0.205 massB=0.487
p1,294,29,risk,0,79,81,0.83,0.851,2,True,B,allenai/OLMo-2-1124-7B-SFT,fewshot,riskneutral,0.71224,0.92381,0,massA=0.266 massB=0.658
p1,385,38,risk,0,183,609,0.38,1.2646,2,False,A,allenai/OLMo-2-1124-7B-SFT,fewshot,riskneutral,0.78922,0.90829,0,massA=0.717 massB=0.191
p1,64,6,risk,0,94,101,0.71,0.7629,2,True,B,allenai/OLMo-2-1124-7B-SFT,fewshot,riskneutral,0.77595,0.92499,0,massA=0.207 massB=0.718
p1,241,24,risk,0,168,214,0.76,0.9681,0,False,A,allenai/OLMo-2-1124-7B-SFT,fewshot,riskneutral,0.54866,0.92265,0,massA=0.506 massB=0.416
p1,37,3,risk,0,46,158,0.33,1.1335,3,False,A,allenai/OLMo-2-1124-7B-SFT,fewshot,riskneutral,0.31573,0.94271,0,massA=0.298 massB=0.645
p1,198,19,risk,0,64,122,0.49,0.9341,4,True,B,allenai/OLMo-2-1124-7B-SFT,fewshot,riskneutral,0.34159,0.6395,0,massA=0.421 massB=0.218
p1,216,21,risk,0,106,206,0.73,1.4187,3,True,B,allenai/OLMo-2-1124-7B-SFT,fewshot,riskneutral,0.72487,0.96452,0,massA=0.265 massB=0.699
p1,360,36,risk,0,98,227,0.47,1.0887,0,True,B,allenai/OLMo-2-1124-7B-SFT,fewshot,riskneutral,0.66193,0.87763,0,massA=0.297 massB=0.581
p1,254,25,risk,0,124,207,0.76,1.2687,2,True,B,allenai/OLMo-2-1124-7B-SFT,fewshot,riskneutral,0.74614,0.92553,0,massA=0.235 massB=0.691
p1,258,25,risk,0,124,207,0.76,1.2687,4,True,B,allenai/OLMo-2-1124-7B-SFT,fewshot,riskneutral,0.49219,0.66709,0,massA=0.339 massB=0.328
p1,377,37,risk,0,151,252,0.68,1.1348,3,False,A,allenai/OLMo-2-1124-7B-SFT,fewshot,riskneutral,0.72017,0.9274,0,massA=0.668 massB=0.26
p1,120,12,risk,0,164,541,0.38,1.2535,0,True,B,allenai/OLMo-2-1124-7B-SFT,fewshot,riskneutral,0.69099,0.86994,0,massA=0.269 massB=0.601
p1,389,38,risk,0,183,609,0.38,1.2646,4,False,A,allenai/OLMo-2-1124-7B-SFT,fewshot,riskneutral,0.27982,0.73842,0,massA=0.207 massB=0.532
p1,281,28,risk,0,132,181,0.76,1.0421,0,False,A,allenai/OLMo-2-1124-7B-SFT,fewshot,riskneutral,0.58319,0.92091,0,massA=0.537 massB=0.384
p1,260,26,risk,0,59,151,0.36,0.9214,0,True,B,allenai/OLMo-2-1124-7B-SFT,fewshot,riskneutral,0.68089,0.88973,0,massA=0.284 massB=0.606
p1,146,14,risk,0,81,201,0.68,1.6874,3,True,B,allenai/OLMo-2-1124-7B-SFT,fewshot,riskneutral,0.83114,0.97117,0,massA=0.164 massB=0.807
p1,179,17,risk,0,117,362,0.42,1.2995,4,False,A,allenai/OLMo-2-1124-7B-SFT,fewshot,riskneutral,0.26284,0.69803,0,massA=0.183 massB=0.515
p1,271,27,risk,0,166,433,0.53,1.3825,0,False,A,allenai/OLMo-2-1124-7B-SFT,fewshot,riskneutral,0.52146,0.89318,0,massA=0.466 massB=0.427
p1,264,26,risk,0,59,151,0.36,0.9214,2,True,B,allenai/OLMo-2-1124-7B-SFT,fewshot,riskneutral,0.65313,0.94167,0,massA=0.327 massB=0.615
p1,290,29,risk,0,79,81,0.83,0.851,0,True,B,allenai/OLMo-2-1124-7B-SFT,fewshot,riskneutral,0.73867,0.8915,0,massA=0.233 massB=0.659
p1,343,34,risk,0,52,96,0.63,1.1631,1,False,A,allenai/OLMo-2-1124-7B-SFT,fewshot,riskneutral,0.48044,0.65547,0,massA=0.315 massB=0.341
p1,286,28,risk,0,132,181,0.76,1.0421,3,True,B,allenai/OLMo-2-1124-7B-SFT,fewshot,riskneutral,0.86431,0.97527,0,massA=0.132 massB=0.843
p1,51,5,risk,0,162,381,0.46,1.0819,0,False,A,allenai/OLMo-2-1124-7B-SFT,fewshot,riskneutral,0.53703,0.90815,0,massA=0.488 massB=0.42
p1,252,25,risk,0,124,207,0.76,1.2687,1,True,B,allenai/OLMo-2-1124-7B-SFT,fewshot,riskneutral,0.2705,0.70055,0,massA=0.511 massB=0.189
p1,107,10,risk,0,111,278,0.58,1.4526,3,False,A,allenai/OLMo-2-1124-7B-SFT,fewshot,riskneutral,0.44552,0.93593,0,massA=0.417 massB=0.519
p1,173,17,risk,0,117,362,0.42,1.2995,1,False,A,allenai/OLMo-2-1124-7B-SFT,fewshot,riskneutral,0.4282,0.65774,0,massA=0.282 massB=0.376
p1,382,38,risk,0,183,609,0.38,1.2646,1,True,B,allenai/OLMo-2-1124-7B-SFT,fewshot,riskneutral,0.20184,0.69414,0,massA=0.554 massB=0.14
p1,59,5,risk,0,162,381,0.46,1.0819,4,False,A,allenai/OLMo-2-1124-7B-SFT,fewshot,riskneutral,0.30735,0.67529,0,massA=0.208 massB=0.468
p1,330,33,risk,0,142,446,0.53,1.6646,0,True,B,allenai/OLMo-2-1124-7B-SFT,fewshot,riskneutral,0.66889,0.87276,0,massA=0.289 massB=0.584
p1,317,31,risk,0,51,151,0.29,0.8586,3,False,A,allenai/OLMo-2-1124-7B-SFT,fewshot,riskneutral,0.45132,0.93004,0,massA=0.42 massB=0.51
p1,99,9,risk,0,49,153,0.26,0.8118,4,False,A,allenai/OLMo-2-1124-7B-SFT,fewshot,riskneutral,0.19682,0.72098,0,massA=0.142 massB=0.579
p1,308,30,risk,0,149,447,0.26,0.78,4,True,B,allenai/OLMo-2-1124-7B-SFT,fewshot,riskneutral,0.30405,0.6309,0,massA=0.439 massB=0.192
p1,54,5,risk,0,162,381,0.46,1.0819,2,True,B,allenai/OLMo-2-1124-7B-SFT,fewshot,riskneutral,0.66542,0.92039,0,massA=0.308 massB=0.612
p1,350,35,risk,0,91,133,0.68,0.9938,0,True,B,allenai/OLMo-2-1124-7B-SFT,fewshot,riskneutral,0.83762,0.89457,0,massA=0.145 massB=0.749
p1,194,19,risk,0,64,122,0.49,0.9341,2,True,B,allenai/OLMo-2-1124-7B-SFT,fewshot,riskneutral,0.57369,0.91762,0,massA=0.391 massB=0.526
p1,39,3,risk,0,46,158,0.33,1.1335,4,False,A,allenai/OLMo-2-1124-7B-SFT,fewshot,riskneutral,0.2351,0.7127,0,massA=0.168 massB=0.545
p1,230,23,risk,0,91,626,0.23,1.5822,0,True,B,allenai/OLMo-2-1124-7B-SFT,fewshot,riskneutral,0.6549,0.89536,0,massA=0.309 massB=0.586
p1,53,5,risk,0,162,381,0.46,1.0819,1,False,A,allenai/OLMo-2-1124-7B-SFT,fewshot,riskneutral,0.54282,0.67629,0,massA=0.367 massB=0.309
p1,250,25,risk,0,124,207,0.76,1.2687,0,True,B,allenai/OLMo-2-1124-7B-SFT,fewshot,riskneutral,0.80807,0.88617,0,massA=0.17 massB=0.716
p1,90,9,risk,0,49,153,0.26,0.8118,0,True,B,allenai/OLMo-2-1124-7B-SFT,fewshot,riskneutral,0.7009,0.89503,0,massA=0.268 massB=0.627
p1,48,4,risk,0,29,71,0.55,1.3466,4,True,B,allenai/OLMo-2-1124-7B-SFT,fewshot,riskneutral,0.34335,0.60384,0,massA=0.397 massB=0.207
p1,251,25,risk,0,124,207,0.76,1.2687,0,False,A,allenai/OLMo-2-1124-7B-SFT,fewshot,riskneutral,0.52146,0.92044,0,massA=0.48 massB=0.44
p1,102,10,risk,0,111,278,0.58,1.4526,1,True,B,allenai/OLMo-2-1124-7B-SFT,fewshot,riskneutral,0.16134,0.67373,0,massA=0.565 massB=0.109
p1,328,32,risk,0,131,236,0.57,1.0269,4,True,B,allenai/OLMo-2-1124-7B-SFT,fewshot,riskneutral,0.49805,0.70806,0,massA=0.355 massB=0.353
p1,109,10,risk,0,111,278,0.58,1.4526,4,False,A,allenai/OLMo-2-1124-7B-SFT,fewshot,riskneutral,0.27982,0.66687,0,massA=0.187 massB=0.48
p1,261,26,risk,0,59,151,0.36,0.9214,0,False,A,allenai/OLMo-2-1124-7B-SFT,fewshot,riskneutral,0.33111,0.92119,0,massA=0.305 massB=0.616
p1,220,22,risk,0,81,163,0.72,1.4489,0,True,B,allenai/OLMo-2-1124-7B-SFT,fewshot,riskneutral,0.78531,0.89269,0,massA=0.192 massB=0.701
p1,323,32,risk,0,131,236,0.57,1.0269,1,False,A,allenai/OLMo-2-1124-7B-SFT,fewshot,riskneutral,0.49606,0.6492,0,massA=0.322 massB=0.327
p1,374,37,risk,0,151,252,0.68,1.1348,2,True,B,allenai/OLMo-2-1124-7B-SFT,fewshot,riskneutral,0.71224,0.91806,0,massA=0.264 massB=0.654
p1,284,28,risk,0,132,181,0.76,1.0421,2,True,B,allenai/OLMo-2-1124-7B-SFT,fewshot,riskneutral,0.82333,0.93068,0,massA=0.164 massB=0.766
p1,10,1,risk,0,58,116,0.66,1.32,0,True,B,allenai/OLMo-2-1124-7B-SFT,fewshot,riskneutral,0.73106,0.88568,0,massA=0.238 massB=0.647
p1,224,22,risk,0,81,163,0.72,1.4489,2,True,B,allenai/OLMo-2-1124-7B-SFT,fewshot,riskneutral,0.79182,0.91793,0,massA=0.191 massB=0.727
p1,292,29,risk,0,79,81,0.83,0.851,1,True,B,allenai/OLMo-2-1124-7B-SFT,fewshot,riskneutral,0.22272,0.75672,0,massA=0.588 massB=0.169
p1,235,23,risk,0,91,626,0.23,1.5822,2,False,A,allenai/OLMo-2-1124-7B-SFT,fewshot,riskneutral,0.76767,0.89043,0,massA=0.684 massB=0.207
p1,182,18,risk,0,41,61,0.58,0.8629,1,True,B,allenai/OLMo-2-1124-7B-SFT,fewshot,riskneutral,0.48245,0.78484,0,massA=0.406 massB=0.379
p1,299,29,risk,0,79,81,0.83,0.851,4,False,A,allenai/OLMo-2-1124-7B-SFT,fewshot,riskneutral,0.42059,0.68416,0,massA=0.288 massB=0.396
p1,196,19,risk,0,64,122,0.49,0.9341,3,True,B,allenai/OLMo-2-1124-7B-SFT,fewshot,riskneutral,0.67061,0.96779,0,massA=0.319 massB=0.649
p1,291,29,risk,0,79,81,0.83,0.851,0,False,A,allenai/OLMo-2-1124-7B-SFT,fewshot,riskneutral,0.64601,0.91067,0,massA=0.588 massB=0.322
p1,353,35,risk,0,91,133,0.68,0.9938,1,False,A,allenai/OLMo-2-1124-7B-SFT,fewshot,riskneutral,0.49801,0.68583,0,massA=0.342 massB=0.344
p1,166,16,risk,0,139,234,0.6,1.0101,3,True,B,allenai/OLMo-2-1124-7B-SFT,fewshot,riskneutral,0.69926,0.96501,0,massA=0.29 massB=0.675
p1,104,10,risk,0,111,278,0.58,1.4526,2,True,B,allenai/OLMo-2-1124-7B-SFT,fewshot,riskneutral,0.6316,0.92017,0,massA=0.339 massB=0.581
p1,380,38,risk,0,183,609,0.38,1.2646,0,True,B,allenai/OLMo-2-1124-7B-SFT,fewshot,riskneutral,0.56795,0.88145,0,massA=0.381 massB=0.501
p1,27,2,risk,0,162,661,0.26,1.0609,3,False,A,allenai/OLMo-2-1124-7B-SFT,fewshot,riskneutral,0.39981,0.93204,0,massA=0.373 massB=0.559
p1,114,11,risk,0,54,68,0.81,1.02,2,True,B,allenai/OLMo-2-1124-7B-SFT,fewshot,riskneutral,0.67748,0.922,0,massA=0.297 massB=0.625
p1,336,33,risk,0,142,446,0.53,1.6646,3,True,B,allenai/OLMo-2-1124-7B-SFT,fewshot,riskneutral,0.71063,0.95651,0,massA=0.277 massB=0.68
p1,138,13,risk,0,72,88,0.64,0.7822,4,True,B,allenai/OLMo-2-1124-7B-SFT,fewshot,riskneutral,0.4552,0.6831,0,massA=0.372 massB=0.311
p1,115,11,risk,0,54,68,0.81,1.02,2,False,A,allenai/OLMo-2-1124-7B-SFT,fewshot,riskneutral,0.90796,0.9322,0,massA=0.846 massB=0.0858
p1,26,2,risk,0,162,661,0.26,1.0609,3,True,B,allenai/OLMo-2-1124-7B-SFT,fewshot,riskneutral,0.54093,0.95212,0,massA=0.437 massB=0.515
p1,262,26,risk,0,59,151,0.36,0.9214,1,True,B,allenai/OLMo-2-1124-7B-SFT,fewshot,riskneutral,0.43017,0.77622,0,massA=0.442 massB=0.334
p1,52,5,risk,0,162,381,0.46,1.0819,1,True,B,allenai/OLMo-2-1124-7B-SFT,fewshot,riskneutral,0.13208,0.68345,0,massA=0.593 massB=0.0903
p1,384,38,risk,0,183,609,0.38,1.2646,2,True,B,allenai/OLMo-2-1124-7B-SFT,fewshot,riskneutral,0.5889,0.93065,0,massA=0.383 massB=0.548
p1,201,20,risk,0,186,266,0.63,0.901,0,False,A,allenai/OLMo-2-1124-7B-SFT,fewshot,riskneutral,0.50975,0.91603,0,massA=0.467 massB=0.449
p1,209,20,risk,0,186,266,0.63,0.901,4,False,A,allenai/OLMo-2-1124-7B-SFT,fewshot,riskneutral,0.30404,0.73094,0,massA=0.222 massB=0.509
p1,200,20,risk,0,186,266,0.63,0.901,0,True,B,allenai/OLMo-2-1124-7B-SFT,fewshot,riskneutral,0.78399,0.88237,0,massA=0.191 massB=0.692
p1,2,0,risk,0,186,984,0.26,1.3755,1,True,B,allenai/OLMo-2-1124-7B-SFT,fewshot,riskneutral,0.1184,0.67697,0,massA=0.597 massB=0.0802
p1,74,7,risk,0,63,98,0.64,0.9956,2,True,B,allenai/OLMo-2-1124-7B-SFT,fewshot,riskneutral,0.6243,0.93172,0,massA=0.35 massB=0.582
p1,296,29,risk,0,79,81,0.83,0.851,3,True,B,allenai/OLMo-2-1124-7B-SFT,fewshot,riskneutral,0.69761,0.96163,0,massA=0.291 massB=0.671
p1,57,5,risk,0,162,381,0.46,1.0819,3,False,A,allenai/OLMo-2-1124-7B-SFT,fewshot,riskneutral,0.54092,0.93596,0,massA=0.506 massB=0.43
p1,21,2,risk,0,162,661,0.26,1.0609,0,False,A,allenai/OLMo-2-1124-7B-SFT,fewshot,riskneutral,0.48632,0.91578,0,massA=0.445 massB=0.47
p1,334,33,risk,0,142,446,0.53,1.6646,2,True,B,allenai/OLMo-2-1124-7B-SFT,fewshot,riskneutral,0.62796,0.92004,0,massA=0.342 massB=0.578
p1,169,16,risk,0,139,234,0.6,1.0101,4,False,A,allenai/OLMo-2-1124-7B-SFT,fewshot,riskneutral,0.33285,0.69049,0,massA=0.23 massB=0.461
p1,346,34,risk,0,52,96,0.63,1.1631,3,True,B,allenai/OLMo-2-1124-7B-SFT,fewshot,riskneutral,0.84897,0.9724,0,massA=0.147 massB=0.826
p1,18,1,risk,0,58,116,0.66,1.32,4,True,B,allenai/OLMo-2-1124-7B-SFT,fewshot,riskneutral,0.72798,0.73877,0,massA=0.201 massB=0.538
p1,237,23,risk,0,91,626,0.23,1.5822,3,False,A,allenai/OLMo-2-1124-7B-SFT,fewshot,riskneutral,0.31742,0.92728,0,massA=0.294 massB=0.633
p1,339,33,risk,0,142,446,0.53,1.6646,4,False,A,allenai/OLMo-2-1124-7B-SFT,fewshot,riskneutral,0.27825,0.71324,0,massA=0.198 massB=0.515
p1,94,9,risk,0,49,153,0.26,0.8118,2,True,B,allenai/OLMo-2-1124-7B-SFT,fewshot,riskneutral,0.60581,0.94202,0,massA=0.371 massB=0.571
p1,158,15,risk,0,82,113,0.74,1.0198,4,True,B,allenai/OLMo-2-1124-7B-SFT,fewshot,riskneutral,0.83115,0.78476,0,massA=0.133 massB=0.652
p1,175,17,risk,0,117,362,0.42,1.2995,2,False,A,allenai/OLMo-2-1124-7B-SFT,fewshot,riskneutral,0.81522,0.90904,0,massA=0.741 massB=0.168
p1,183,18,risk,0,41,61,0.58,0.8629,1,False,A,allenai/OLMo-2-1124-7B-SFT,fewshot,riskneutral,0.63337,0.67624,0,massA=0.428 massB=0.248
p1,207,20,risk,0,186,266,0.63,0.901,3,False,A,allenai/OLMo-2-1124-7B-SFT,fewshot,riskneutral,0.53704,0.93677,0,massA=0.503 massB=0.434
p1,333,33,risk,0,142,446,0.53,1.6646,1,False,A,allenai/OLMo-2-1124-7B-SFT,fewshot,riskneutral,0.42247,0.67096,0,massA=0.283 massB=0.387
p1,316,31,risk,0,51,151,0.29,0.8586,3,True,B,allenai/OLMo-2-1124-7B-SFT,fewshot,riskneutral,0.62246,0.97116,0,massA=0.367 massB=0.605
p1,79,7,risk,0,63,98,0.64,0.9956,4,False,A,allenai/OLMo-2-1124-7B-SFT,fewshot,riskneutral,0.29746,0.68484,0,massA=0.204 massB=0.481
p1,150,15,risk,0,82,113,0.74,1.0198,0,True,B,allenai/OLMo-2-1124-7B-SFT,fewshot,riskneutral,0.85777,0.89873,0,massA=0.128 massB=0.771
p1,322,32,risk,0,131,236,0.57,1.0269,1,True,B,allenai/OLMo-2-1124-7B-SFT,fewshot,riskneutral,0.22272,0.72263,0,massA=0.562 massB=0.161
p1,239,23,risk,0,91,626,0.23,1.5822,4,False,A,allenai/OLMo-2-1124-7B-SFT,fewshot,riskneutral,0.20055,0.71037,0,massA=0.142 massB=0.568
p1,396,39,risk,0,178,567,0.32,1.0193,3,True,B,allenai/OLMo-2-1124-7B-SFT,fewshot,riskneutral,0.72643,0.96573,0,massA=0.264 massB=0.702
p1,142,14,risk,0,81,201,0.68,1.6874,1,True,B,allenai/OLMo-2-1124-7B-SFT,fewshot,riskneutral,0.27985,0.70495,0,massA=0.508 massB=0.197
p1,62,6,risk,0,94,101,0.71,0.7629,1,True,B,allenai/OLMo-2-1124-7B-SFT,fewshot,riskneutral,0.3558,0.7422,0,massA=0.478 massB=0.264
p1,263,26,risk,0,59,151,0.36,0.9214,1,False,A,allenai/OLMo-2-1124-7B-SFT,fewshot,riskneutral,0.42247,0.6938,0,massA=0.293 massB=0.401
p1,378,37,risk,0,151,252,0.68,1.1348,4,True,B,allenai/OLMo-2-1124-7B-SFT,fewshot,riskneutral,0.46491,0.66524,0,massA=0.356 massB=0.309
p1,160,16,risk,0,139,234,0.6,1.0101,0,True,B,allenai/OLMo-2-1124-7B-SFT,fewshot,riskneutral,0.75056,0.885,0,massA=0.221 massB=0.664
p1,383,38,risk,0,183,609,0.38,1.2646,1,False,A,allenai/OLMo-2-1124-7B-SFT,fewshot,riskneutral,0.48629,0.65421,0,massA=0.318 massB=0.336
p1,112,11,risk,0,54,68,0.81,1.02,1,True,B,allenai/OLMo-2-1124-7B-SFT,fewshot,riskneutral,0.41302,0.7747,0,massA=0.455 massB=0.32
p1,156,15,risk,0,82,113,0.74,1.0198,3,True,B,allenai/OLMo-2-1124-7B-SFT,fewshot,riskneutral,0.92359,0.97716,0,massA=0.0747 massB=0.902
p1,38,3,risk,0,46,158,0.33,1.1335,4,True,B,allenai/OLMo-2-1124-7B-SFT,fewshot,riskneutral,0.60767,0.68442,0,massA=0.269 massB=0.416
p1,128,12,risk,0,164,541,0.38,1.2535,4,True,B,allenai/OLMo-2-1124-7B-SFT,fewshot,riskneutral,0.47269,0.67417,0,massA=0.355 massB=0.319
p1,217,21,risk,0,106,206,0.73,1.4187,3,False,A,allenai/OLMo-2-1124-7B-SFT,fewshot,riskneutral,0.77046,0.92057,0,massA=0.709 massB=0.211
p1,318,31,risk,0,51,151,0.29,0.8586,4,True,B,allenai/OLMo-2-1124-7B-SFT,fewshot,riskneutral,0.32767,0.65649,0,massA=0.441 massB=0.215
p1,55,5,risk,0,162,381,0.46,1.0819,2,False,A,allenai/OLMo-2-1124-7B-SFT,fewshot,riskneutral,0.88201,0.91607,0,massA=0.808 massB=0.108
p1,96,9,risk,0,49,153,0.26,0.8118,3,True,B,allenai/OLMo-2-1124-7B-SFT,fewshot,riskneutral,0.78924,0.97964,0,massA=0.206 massB=0.773
p1,8,0,risk,0,186,984,0.26,1.3755,4,True,B,allenai/OLMo-2-1124-7B-SFT,fewshot,riskneutral,0.24365,0.59654,0,massA=0.451 massB=0.145
p1,132,13,risk,0,72,88,0.64,0.7822,1,True,B,allenai/OLMo-2-1124-7B-SFT,fewshot,riskneutral,0.24223,0.72782,0,massA=0.552 massB=0.176
p1,340,34,risk,0,52,96,0.63,1.1631,0,True,B,allenai/OLMo-2-1124-7B-SFT,fewshot,riskneutral,0.76208,0.89576,0,massA=0.213 massB=0.683
p1,28,2,risk,0,162,661,0.26,1.0609,4,True,B,allenai/OLMo-2-1124-7B-SFT,fewshot,riskneutral,0.32424,0.60304,0,massA=0.408 massB=0.196
p1,77,7,risk,0,63,98,0.64,0.9956,3,False,A,allenai/OLMo-2-1124-7B-SFT,fewshot,riskneutral,0.60392,0.92218,0,massA=0.557 massB=0.365
p1,349,34,risk,0,52,96,0.63,1.1631,4,False,A,allenai/OLMo-2-1124-7B-SFT,fewshot,riskneutral,0.27668,0.69175,0,massA=0.191 massB=0.5
p1,371,37,risk,0,151,252,0.68,1.1348,0,False,A,allenai/OLMo-2-1124-7B-SFT,fewshot,riskneutral,0.60765,0.91751,0,massA=0.558 massB=0.36
p1,0,0,risk,0,186,984,0.26,1.3755,0,True,B,allenai/OLMo-2-1124-7B-SFT,fewshot,riskneutral,0.51954,0.87806,0,massA=0.422 massB=0.456
p1,111,11,risk,0,54,68,0.81,1.02,0,False,A,allenai/OLMo-2-1124-7B-SFT,fewshot,riskneutral,0.43397,0.90877,0,massA=0.394 massB=0.514
p1,238,23,risk,0,91,626,0.23,1.5822,4,True,B,allenai/OLMo-2-1124-7B-SFT,fewshot,riskneutral,0.56026,0.68711,0,massA=0.302 massB=0.385
p1,7,0,risk,0,186,984,0.26,1.3755,3,False,A,allenai/OLMo-2-1124-7B-SFT,fewshot,riskneutral,0.4225,0.9402,0,massA=0.397 massB=0.543
p1,40,4,risk,0,29,71,0.55,1.3466,0,True,B,allenai/OLMo-2-1124-7B-SFT,fewshot,riskneutral,0.67234,0.85837,0,massA=0.281 massB=0.577
p1,393,39,risk,0,178,567,0.32,1.0193,1,False,A,allenai/OLMo-2-1124-7B-SFT,fewshot,riskneutral,0.48434,0.67369,0,massA=0.326 massB=0.347
p1,3,0,risk,0,186,984,0.26,1.3755,1,False,A,allenai/OLMo-2-1124-7B-SFT,fewshot,riskneutral,0.50582,0.64933,0,massA=0.328 massB=0.321
p1,154,15,risk,0,82,113,0.74,1.0198,2,True,B,allenai/OLMo-2-1124-7B-SFT,fewshot,riskneutral,0.85872,0.93271,0,massA=0.132 massB=0.801
p1,129,12,risk,0,164,541,0.38,1.2535,4,False,A,allenai/OLMo-2-1124-7B-SFT,fewshot,riskneutral,0.32081,0.69949,0,massA=0.224 massB=0.475
p1,203,20,risk,0,186,266,0.63,0.901,1,False,A,allenai/OLMo-2-1124-7B-SFT,fewshot,riskneutral,0.51753,0.69652,0,massA=0.36 massB=0.336
p1,118,11,risk,0,54,68,0.81,1.02,4,True,B,allenai/OLMo-2-1124-7B-SFT,fewshot,riskneutral,0.56026,0.69913,0,massA=0.307 massB=0.392
p1,137,13,risk,0,72,88,0.64,0.7822,3,False,A,allenai/OLMo-2-1124-7B-SFT,fewshot,riskneutral,0.36477,0.94865,0,massA=0.346 massB=0.603
p1,95,9,risk,0,49,153,0.26,0.8118,2,False,A,allenai/OLMo-2-1124-7B-SFT,fewshot,riskneutral,0.71699,0.90618,0,massA=0.65 massB=0.256
p1,33,3,risk,0,46,158,0.33,1.1335,1,False,A,allenai/OLMo-2-1124-7B-SFT,fewshot,riskneutral,0.38488,0.71311,0,massA=0.274 massB=0.439
p1,321,32,risk,0,131,236,0.57,1.0269,0,False,A,allenai/OLMo-2-1124-7B-SFT,fewshot,riskneutral,0.49999,0.91307,0,massA=0.457 massB=0.457
p1,91,9,risk,0,49,153,0.26,0.8118,0,False,A,allenai/OLMo-2-1124-7B-SFT,fewshot,riskneutral,0.21866,0.92802,0,massA=0.203 massB=0.725
p1,73,7,risk,0,63,98,0.64,0.9956,1,False,A,allenai/OLMo-2-1124-7B-SFT,fewshot,riskneutral,0.47849,0.68912,0,massA=0.33 massB=0.359
p1,86,8,risk,0,62,263,0.33,1.3998,3,True,B,allenai/OLMo-2-1124-7B-SFT,fewshot,riskneutral,0.6316,0.96425,0,massA=0.355 massB=0.609
p1,25,2,risk,0,162,661,0.26,1.0609,2,False,A,allenai/OLMo-2-1124-7B-SFT,fewshot,riskneutral,0.80562,0.91434,0,massA=0.737 massB=0.178
p1,197,19,risk,0,64,122,0.49,0.9341,3,False,A,allenai/OLMo-2-1124-7B-SFT,fewshot,riskneutral,0.2814,0.94567,0,massA=0.266 massB=0.68
p1,155,15,risk,0,82,113,0.74,1.0198,2,False,A,allenai/OLMo-2-1124-7B-SFT,fewshot,riskneutral,0.93651,0.9242,0,massA=0.866 massB=0.0587
p1,135,13,risk,0,72,88,0.64,0.7822,2,False,A,allenai/OLMo-2-1124-7B-SFT,fewshot,riskneutral,0.84593,0.92341,0,massA=0.781 massB=0.142
p1,185,18,risk,0,41,61,0.58,0.8629,2,False,A,allenai/OLMo-2-1124-7B-SFT,fewshot,riskneutral,0.90531,0.92854,0,massA=0.841 massB=0.0879
p1,92,9,risk,0,49,153,0.26,0.8118,1,True,B,allenai/OLMo-2-1124-7B-SFT,fewshot,riskneutral,0.40359,0.77378,0,massA=0.461 massB=0.312
p1,370,37,risk,0,151,252,0.68,1.1348,0,True,B,allenai/OLMo-2-1124-7B-SFT,fewshot,riskneutral,0.76769,0.87904,0,massA=0.204 massB=0.675
p1,398,39,risk,0,178,567,0.32,1.0193,4,True,B,allenai/OLMo-2-1124-7B-SFT,fewshot,riskneutral,0.47269,0.64415,0,massA=0.34 massB=0.304
p1,140,14,risk,0,81,201,0.68,1.6874,0,True,B,allenai/OLMo-2-1124-7B-SFT,fewshot,riskneutral,0.75347,0.87552,0,massA=0.216 massB=0.66
p1,243,24,risk,0,168,214,0.76,0.9681,1,False,A,allenai/OLMo-2-1124-7B-SFT,fewshot,riskneutral,0.7969,0.66595,0,massA=0.531 massB=0.135
p1,253,25,risk,0,124,207,0.76,1.2687,1,False,A,allenai/OLMo-2-1124-7B-SFT,fewshot,riskneutral,0.67057,0.64199,0,massA=0.431 massB=0.211
p1,352,35,risk,0,91,133,0.68,0.9938,1,True,B,allenai/OLMo-2-1124-7B-SFT,fewshot,riskneutral,0.46298,0.76959,0,massA=0.413 massB=0.356
p1,303,30,risk,0,149,447,0.26,0.78,1,False,A,allenai/OLMo-2-1124-7B-SFT,fewshot,riskneutral,0.28139,0.69176,0,massA=0.195 massB=0.497
p1,84,8,risk,0,62,263,0.33,1.3998,2,True,B,allenai/OLMo-2-1124-7B-SFT,fewshot,riskneutral,0.53899,0.92053,0,massA=0.424 massB=0.496
p1,365,36,risk,0,98,227,0.47,1.0887,2,False,A,allenai/OLMo-2-1124-7B-SFT,fewshot,riskneutral,0.81988,0.89974,0,massA=0.738 massB=0.162
p1,369,36,risk,0,98,227,0.47,1.0887,4,False,A,allenai/OLMo-2-1124-7B-SFT,fewshot,riskneutral,0.21867,0.7259,0,massA=0.159 massB=0.567
p1,113,11,risk,0,54,68,0.81,1.02,1,False,A,allenai/OLMo-2-1124-7B-SFT,fewshot,riskneutral,0.52922,0.69557,0,massA=0.368 massB=0.327
p1,186,18,risk,0,41,61,0.58,0.8629,3,True,B,allenai/OLMo-2-1124-7B-SFT,fewshot,riskneutral,0.81287,0.97472,0,massA=0.182 massB=0.792
p1,341,34,risk,0,52,96,0.63,1.1631,0,False,A,allenai/OLMo-2-1124-7B-SFT,fewshot,riskneutral,0.33807,0.91304,0,massA=0.309 massB=0.604
p1,313,31,risk,0,51,151,0.29,0.8586,1,False,A,allenai/OLMo-2-1124-7B-SFT,fewshot,riskneutral,0.43202,0.65641,0,massA=0.284 massB=0.373
p1,143,14,risk,0,81,201,0.68,1.6874,1,False,A,allenai/OLMo-2-1124-7B-SFT,fewshot,riskneutral,0.51558,0.63581,0,massA=0.328 massB=0.308
p1,72,7,risk,0,63,98,0.64,0.9956,1,True,B,allenai/OLMo-2-1124-7B-SFT,fewshot,riskneutral,0.19195,0.71695,0,massA=0.579 massB=0.138
p1,170,17,risk,0,117,362,0.42,1.2995,0,True,B,allenai/OLMo-2-1124-7B-SFT,fewshot,riskneutral,0.62063,0.86769,0,massA=0.329 massB=0.539
p1,181,18,risk,0,41,61,0.58,0.8629,0,False,A,allenai/OLMo-2-1124-7B-SFT,fewshot,riskneutral,0.59265,0.90901,0,massA=0.539 massB=0.37
p1,1,0,risk,0,186,984,0.26,1.3755,0,False,A,allenai/OLMo-2-1124-7B-SFT,fewshot,riskneutral,0.38305,0.93059,0,massA=0.356 massB=0.574
p1,105,10,risk,0,111,278,0.58,1.4526,2,False,A,allenai/OLMo-2-1124-7B-SFT,fewshot,riskneutral,0.84593,0.90015,0,massA=0.761 massB=0.139
p1,11,1,risk,0,58,116,0.66,1.32,0,False,A,allenai/OLMo-2-1124-7B-SFT,fewshot,riskneutral,0.45713,0.90757,0,massA=0.415 massB=0.493
p1,244,24,risk,0,168,214,0.76,0.9681,2,True,B,allenai/OLMo-2-1124-7B-SFT,fewshot,riskneutral,0.75056,0.91806,0,massA=0.229 massB=0.689
p1,165,16,risk,0,139,234,0.6,1.0101,2,False,A,allenai/OLMo-2-1124-7B-SFT,fewshot,riskneutral,0.91818,0.92445,0,massA=0.849 massB=0.0756
p1,361,36,risk,0,98,227,0.47,1.0887,0,False,A,allenai/OLMo-2-1124-7B-SFT,fewshot,riskneutral,0.43205,0.907,0,massA=0.392 massB=0.515
p1,233,23,risk,0,91,626,0.23,1.5822,1,False,A,allenai/OLMo-2-1124-7B-SFT,fewshot,riskneutral,0.29582,0.65363,0,massA=0.193 massB=0.46
p1,30,3,risk,0,46,158,0.33,1.1335,0,True,B,allenai/OLMo-2-1124-7B-SFT,fewshot,riskneutral,0.71064,0.88683,0,massA=0.257 massB=0.63
p1,13,1,risk,0,58,116,0.66,1.32,1,False,A,allenai/OLMo-2-1124-7B-SFT,fewshot,riskneutral,0.55829,0.67205,0,massA=0.375 massB=0.297
p1,347,34,risk,0,52,96,0.63,1.1631,3,False,A,allenai/OLMo-2-1124-7B-SFT,fewshot,riskneutral,0.57176,0.93009,0,massA=0.532 massB=0.398
p1,119,11,risk,0,54,68,0.81,1.02,4,False,A,allenai/OLMo-2-1124-7B-SFT,fewshot,riskneutral,0.33284,0.68754,0,massA=0.229 massB=0.459
p1,257,25,risk,0,124,207,0.76,1.2687,3,False,A,allenai/OLMo-2-1124-7B-SFT,fewshot,riskneutral,0.67405,0.9287,0,massA=0.626 massB=0.303
p1,255,25,risk,0,124,207,0.76,1.2687,2,False,A,allenai/OLMo-2-1124-7B-SFT,fewshot,riskneutral,0.93581,0.92357,0,massA=0.864 massB=0.0593
p1,310,31,risk,0,51,151,0.29,0.8586,0,True,B,allenai/OLMo-2-1124-7B-SFT,fewshot,riskneutral,0.57369,0.89263,0,massA=0.381 massB=0.512
p1,43,4,risk,0,29,71,0.55,1.3466,1,False,A,allenai/OLMo-2-1124-7B-SFT,fewshot,riskneutral,0.49996,0.58493,0,massA=0.292 massB=0.292
p1,228,22,risk,0,81,163,0.72,1.4489,4,True,B,allenai/OLMo-2-1124-7B-SFT,fewshot,riskneutral,0.71702,0.71382,0,massA=0.202 massB=0.512
p1,103,10,risk,0,111,278,0.58,1.4526,1,False,A,allenai/OLMo-2-1124-7B-SFT,fewshot,riskneutral,0.51362,0.61398,0,massA=0.315 massB=0.299
p1,83,8,risk,0,62,263,0.33,1.3998,1,False,A,allenai/OLMo-2-1124-7B-SFT,fewshot,riskneutral,0.42438,0.68183,0,massA=0.289 massB=0.392
p1,274,27,risk,0,166,433,0.53,1.3825,2,True,B,allenai/OLMo-2-1124-7B-SFT,fewshot,riskneutral,0.72331,0.92049,0,massA=0.255 massB=0.666
p1,4,0,risk,0,186,984,0.26,1.3755,2,True,B,allenai/OLMo-2-1124-7B-SFT,fewshot,riskneutral,0.47659,0.93058,0,massA=0.487 massB=0.444
p1,277,27,risk,0,166,433,0.53,1.3825,3,False,A,allenai/OLMo-2-1124-7B-SFT,fewshot,riskneutral,0.54286,0.93511,0,massA=0.508 massB=0.427
p1,275,27,risk,0,166,433,0.53,1.3825,2,False,A,allenai/OLMo-2-1124-7B-SFT,fewshot,riskneutral,0.86521,0.91349,0,massA=0.79 massB=0.123
p1,307,30,risk,0,149,447,0.26,0.78,3,False,A,allenai/OLMo-2-1124-7B-SFT,fewshot,riskneutral,0.25091,0.94769,0,massA=0.238 massB=0.71
p1,325,32,risk,0,131,236,0.57,1.0269,2,False,A,allenai/OLMo-2-1124-7B-SFT,fewshot,riskneutral,0.89697,0.91822,0,massA=0.824 massB=0.0946
p1,306,30,risk,0,149,447,0.26,0.78,3,True,B,allenai/OLMo-2-1124-7B-SFT,fewshot,riskneutral,0.48048,0.94027,0,massA=0.488 massB=0.452
p1,397,39,risk,0,178,567,0.32,1.0193,3,False,A,allenai/OLMo-2-1124-7B-SFT,fewshot,riskneutral,0.48828,0.9315,0,massA=0.455 massB=0.477
p1,89,8,risk,0,62,263,0.33,1.3998,4,False,A,allenai/OLMo-2-1124-7B-SFT,fewshot,riskneutral,0.27047,0.69064,0,massA=0.187 massB=0.504
p1,362,36,risk,0,98,227,0.47,1.0887,1,True,B,allenai/OLMo-2-1124-7B-SFT,fewshot,riskneutral,0.18596,0.68882,0,massA=0.561 massB=0.128
p1,22,2,risk,0,162,661,0.26,1.0609,1,True,B,allenai/OLMo-2-1124-7B-SFT,fewshot,riskneutral,0.14807,0.69608,0,massA=0.593 massB=0.103
p1,324,32,risk,0,131,236,0.57,1.0269,2,True,B,allenai/OLMo-2-1124-7B-SFT,fewshot,riskneutral,0.72331,0.92938,0,massA=0.257 massB=0.672
p1,131,13,risk,0,72,88,0.64,0.7822,0,False,A,allenai/OLMo-2-1124-7B-SFT,fewshot,riskneutral,0.3849,0.90679,0,massA=0.349 massB=0.558
p1,152,15,risk,0,82,113,0.74,1.0198,1,True,B,allenai/OLMo-2-1124-7B-SFT,fewshot,riskneutral,0.60208,0.77382,0,massA=0.308 massB=0.466
p1,187,18,risk,0,41,61,0.58,0.8629,3,False,A,allenai/OLMo-2-1124-7B-SFT,fewshot,riskneutral,0.59455,0.94079,0,massA=0.559 massB=0.381
p1,213,21,risk,0,106,206,0.73,1.4187,1,False,A,allenai/OLMo-2-1124-7B-SFT,fewshot,riskneutral,0.81164,0.63114,0,massA=0.512 massB=0.119
p1,189,18,risk,0,41,61,0.58,0.8629,4,False,A,allenai/OLMo-2-1124-7B-SFT,fewshot,riskneutral,0.413,0.6444,0,massA=0.266 massB=0.378
p1,373,37,risk,0,151,252,0.68,1.1348,1,False,A,allenai/OLMo-2-1124-7B-SFT,fewshot,riskneutral,0.56598,0.64124,0,massA=0.363 massB=0.278
p1,285,28,risk,0,132,181,0.76,1.0421,2,False,A,allenai/OLMo-2-1124-7B-SFT,fewshot,riskneutral,0.94738,0.93808,0,massA=0.889 massB=0.0494
p1,205,20,risk,0,186,266,0.63,0.901,2,False,A,allenai/OLMo-2-1124-7B-SFT,fewshot,riskneutral,0.89876,0.91919,0,massA=0.826 massB=0.0931
p1,270,27,risk,0,166,433,0.53,1.3825,0,True,B,allenai/OLMo-2-1124-7B-SFT,fewshot,riskneutral,0.68596,0.86506,0,massA=0.272 massB=0.593
p1,110,11,risk,0,54,68,0.81,1.02,0,True,B,allenai/OLMo-2-1124-7B-SFT,fewshot,riskneutral,0.75636,0.88899,0,massA=0.217 massB=0.672
p1,50,5,risk,0,162,381,0.46,1.0819,0,True,B,allenai/OLMo-2-1124-7B-SFT,fewshot,riskneutral,0.67919,0.87882,0,massA=0.282 massB=0.597
p1,390,39,risk,0,178,567,0.32,1.0193,0,True,B,allenai/OLMo-2-1124-7B-SFT,fewshot,riskneutral,0.59832,0.88177,0,massA=0.354 massB=0.528
p1,98,9,risk,0,49,153,0.26,0.8118,4,True,B,allenai/OLMo-2-1124-7B-SFT,fewshot,riskneutral,0.50782,0.66781,0,massA=0.329 massB=0.339
p1,379,37,risk,0,151,252,0.68,1.1348,4,False,A,allenai/OLMo-2-1124-7B-SFT,fewshot,riskneutral,0.33285,0.65084,0,massA=0.217 massB=0.434
p1,106,10,risk,0,111,278,0.58,1.4526,3,True,B,allenai/OLMo-2-1124-7B-SFT,fewshot,riskneutral,0.68763,0.95749,0,massA=0.299 massB=0.658
p1,24,2,risk,0,162,661,0.26,1.0609,2,True,B,allenai/OLMo-2-1124-7B-SFT,fewshot,riskneutral,0.55833,0.93402,0,massA=0.413 massB=0.521
p1,45,4,risk,0,29,71,0.55,1.3466,2,False,A,allenai/OLMo-2-1124-7B-SFT,fewshot,riskneutral,0.84285,0.90821,0,massA=0.765 massB=0.143
p1,240,24,risk,0,168,214,0.76,0.9681,0,True,B,allenai/OLMo-2-1124-7B-SFT,fewshot,riskneutral,0.81758,0.88301,0,massA=0.161 massB=0.722
p1,214,21,risk,0,106,206,0.73,1.4187,2,True,B,allenai/OLMo-2-1124-7B-SFT,fewshot,riskneutral,0.65313,0.92424,0,massA=0.321 massB=0.604
p1,314,31,risk,0,51,151,0.29,0.8586,2,True,B,allenai/OLMo-2-1124-7B-SFT,fewshot,riskneutral,0.50196,0.94112,0,massA=0.469 massB=0.472
p1,319,31,risk,0,51,151,0.29,0.8586,4,False,A,allenai/OLMo-2-1124-7B-SFT,fewshot,riskneutral,0.29259,0.66542,0,massA=0.195 massB=0.471
p1,159,15,risk,0,82,113,0.74,1.0198,4,False,A,allenai/OLMo-2-1124-7B-SFT,fewshot,riskneutral,0.39606,0.65843,0,massA=0.261 massB=0.398
p1,222,22,risk,0,81,163,0.72,1.4489,1,True,B,allenai/OLMo-2-1124-7B-SFT,fewshot,riskneutral,0.41302,0.72255,0,massA=0.424 massB=0.298
p1,329,32,risk,0,131,236,0.57,1.0269,4,False,A,allenai/OLMo-2-1124-7B-SFT,fewshot,riskneutral,0.31236,0.68639,0,massA=0.214 massB=0.472
p1,191,19,risk,0,64,122,0.49,0.9341,0,False,A,allenai/OLMo-2-1124-7B-SFT,fewshot,riskneutral,0.25238,0.90614,0,massA=0.229 massB=0.677
p1,180,18,risk,0,41,61,0.58,0.8629,0,True,B,allenai/OLMo-2-1124-7B-SFT,fewshot,riskneutral,0.73565,0.89162,0,massA=0.236 massB=0.656
p1,215,21,risk,0,106,206,0.73,1.4187,2,False,A,allenai/OLMo-2-1124-7B-SFT,fewshot,riskneutral,0.9456,0.91123,0,massA=0.862 massB=0.0496
p1,351,35,risk,0,91,133,0.68,0.9938,0,False,A,allenai/OLMo-2-1124-7B-SFT,fewshot,riskneutral,0.45131,0.912,0,massA=0.412 massB=0.5
p1,295,29,risk,0,79,81,0.83,0.851,2,False,A,allenai/OLMo-2-1124-7B-SFT,fewshot,riskneutral,0.95362,0.93188,0,massA=0.889 massB=0.0432
p1,116,11,risk,0,54,68,0.81,1.02,3,True,B,allenai/OLMo-2-1124-7B-SFT,fewshot,riskneutral,0.78133,0.96655,0,massA=0.211 massB=0.755
p1,49,4,risk,0,29,71,0.55,1.3466,4,False,A,allenai/OLMo-2-1124-7B-SFT,fewshot,riskneutral,0.29259,0.59125,0,massA=0.173 massB=0.418
p1,394,39,risk,0,178,567,0.32,1.0193,2,True,B,allenai/OLMo-2-1124-7B-SFT,fewshot,riskneutral,0.59644,0.93469,0,massA=0.377 massB=0.557
p1,387,38,risk,0,183,609,0.38,1.2646,3,False,A,allenai/OLMo-2-1124-7B-SFT,fewshot,riskneutral,0.37204,0.93422,0,massA=0.348 massB=0.587
p1,141,14,risk,0,81,201,0.68,1.6874,0,False,A,allenai/OLMo-2-1124-7B-SFT,fewshot,riskneutral,0.42822,0.91376,0,massA=0.391 massB=0.522
p1,395,39,risk,0,178,567,0.32,1.0193,2,False,A,allenai/OLMo-2-1124-7B-SFT,fewshot,riskneutral,0.84695,0.92021,0,massA=0.779 massB=0.141
p1,127,12,risk,0,164,541,0.38,1.2535,3,False,A,allenai/OLMo-2-1124-7B-SFT,fewshot,riskneutral,0.48242,0.93636,0,massA=0.452 massB=0.485
p1,368,36,risk,0,98,227,0.47,1.0887,4,True,B,allenai/OLMo-2-1124-7B-SFT,fewshot,riskneutral,0.4961,0.70538,0,massA=0.355 massB=0.35
p1,359,35,risk,0,91,133,0.68,0.9938,4,False,A,allenai/OLMo-2-1124-7B-SFT,fewshot,riskneutral,0.27047,0.70798,0,massA=0.191 massB=0.516
p1,338,33,risk,0,142,446,0.53,1.6646,4,True,B,allenai/OLMo-2-1124-7B-SFT,fewshot,riskneutral,0.51172,0.67143,0,massA=0.328 massB=0.344
p1,218,21,risk,0,106,206,0.73,1.4187,4,True,B,allenai/OLMo-2-1124-7B-SFT,fewshot,riskneutral,0.50391,0.68903,0,massA=0.342 massB=0.347
p1,288,28,risk,0,132,181,0.76,1.0421,4,True,B,allenai/OLMo-2-1124-7B-SFT,fewshot,riskneutral,0.72487,0.76553,0,massA=0.211 massB=0.555
p1,67,6,risk,0,94,101,0.71,0.7629,3,False,A,allenai/OLMo-2-1124-7B-SFT,fewshot,riskneutral,0.64779,0.93187,0,massA=0.604 massB=0.328
p1,121,12,risk,0,164,541,0.38,1.2535,0,False,A,allenai/OLMo-2-1124-7B-SFT,fewshot,riskneutral,0.46294,0.90582,0,massA=0.419 massB=0.486
p1,363,36,risk,0,98,227,0.47,1.0887,1,False,A,allenai/OLMo-2-1124-7B-SFT,fewshot,riskneutral,0.36475,0.65791,0,massA=0.24 massB=0.418
p1,204,20,risk,0,186,266,0.63,0.901,2,True,B,allenai/OLMo-2-1124-7B-SFT,fewshot,riskneutral,0.69098,0.91148,0,massA=0.282 massB=0.63
p1,242,24,risk,0,168,214,0.76,0.9681,1,True,B,allenai/OLMo-2-1124-7B-SFT,fewshot,riskneutral,0.26438,0.73998,0,massA=0.544 massB=0.196
p1,16,1,risk,0,58,116,0.66,1.32,3,True,B,allenai/OLMo-2-1124-7B-SFT,fewshot,riskneutral,0.85489,0.97573,0,massA=0.142 massB=0.834
p1,29,2,risk,0,162,661,0.26,1.0609,4,False,A,allenai/OLMo-2-1124-7B-SFT,fewshot,riskneutral,0.25091,0.69025,0,massA=0.173 massB=0.517
p1,162,16,risk,0,139,234,0.6,1.0101,1,True,B,allenai/OLMo-2-1124-7B-SFT,fewshot,riskneutral,0.18128,0.67877,0,massA=0.556 massB=0.123
p1,19,1,risk,0,58,116,0.66,1.32,4,False,A,allenai/OLMo-2-1124-7B-SFT,fewshot,riskneutral,0.33807,0.67606,0,massA=0.229 massB=0.448
p1,199,19,risk,0,64,122,0.49,0.9341,4,False,A,allenai/OLMo-2-1124-7B-SFT,fewshot,riskneutral,0.19314,0.74966,0,massA=0.145 massB=0.605
p1,5,0,risk,0,186,984,0.26,1.3755,2,False,A,allenai/OLMo-2-1124-7B-SFT,fewshot,riskneutral,0.78922,0.92101,0,massA=0.727 massB=0.194
p1,144,14,risk,0,81,201,0.68,1.6874,2,True,B,allenai/OLMo-2-1124-7B-SFT,fewshot,riskneutral,0.75202,0.91914,0,massA=0.228 massB=0.691
p1,108,10,risk,0,111,278,0.58,1.4526,4,True,B,allenai/OLMo-2-1124-7B-SFT,fewshot,riskneutral,0.38307,0.65254,0,massA=0.403 massB=0.25
p1,301,30,risk,0,149,447,0.26,0.78,0,False,A,allenai/OLMo-2-1124-7B-SFT,fewshot,riskneutral,0.28616,0.92652,0,massA=0.265 massB=0.661
p1,148,14,risk,0,81,201,0.68,1.6874,4,True,B,allenai/OLMo-2-1124-7B-SFT,fewshot,riskneutral,0.58889,0.71852,0,massA=0.295 massB=0.423
p1,15,1,risk,0,58,116,0.66,1.32,2,False,A,allenai/OLMo-2-1124-7B-SFT,fewshot,riskneutral,0.8984,0.91971,0,massA=0.826 massB=0.0934
p1,20,2,risk,0,162,661,0.26,1.0609,0,True,B,allenai/OLMo-2-1124-7B-SFT,fewshot,riskneutral,0.59268,0.87664,0,massA=0.357 massB=0.52
p1,193,19,risk,0,64,122,0.49,0.9341,1,False,A,allenai/OLMo-2-1124-7B-SFT,fewshot,riskneutral,0.32764,0.71019,0,massA=0.233 massB=0.478
p1,63,6,risk,0,94,101,0.71,0.7629,1,False,A,allenai/OLMo-2-1124-7B-SFT,fewshot,riskneutral,0.63879,0.66016,0,massA=0.422 massB=0.238
p1,167,16,risk,0,139,234,0.6,1.0101,3,False,A,allenai/OLMo-2-1124-7B-SFT,fewshot,riskneutral,0.67917,0.93561,0,massA=0.635 massB=0.3
p1,357,35,risk,0,91,133,0.68,0.9938,3,False,A,allenai/OLMo-2-1124-7B-SFT,fewshot,riskneutral,0.56217,0.93924,0,massA=0.528 massB=0.411
p1,58,5,risk,0,162,381,0.46,1.0819,4,True,B,allenai/OLMo-2-1124-7B-SFT,fewshot,riskneutral,0.42251,0.6374,0,massA=0.368 massB=0.269
p1,309,30,risk,0,149,447,0.26,0.78,4,False,A,allenai/OLMo-2-1124-7B-SFT,fewshot,riskneutral,0.19436,0.76295,0,massA=0.148 massB=0.615
p1,147,14,risk,0,81,201,0.68,1.6874,3,False,A,allenai/OLMo-2-1124-7B-SFT,fewshot,riskneutral,0.53315,0.92898,0,massA=0.495 massB=0.434
p1,42,4,risk,0,29,71,0.55,1.3466,1,True,B,allenai/OLMo-2-1124-7B-SFT,fewshot,riskneutral,0.26136,0.71544,0,massA=0.528 massB=0.187
p1,249,24,risk,0,168,214,0.76,0.9681,4,False,A,allenai/OLMo-2-1124-7B-SFT,fewshot,riskneutral,0.46295,0.66431,0,massA=0.308 massB=0.357
p1,311,31,risk,0,51,151,0.29,0.8586,0,False,A,allenai/OLMo-2-1124-7B-SFT,fewshot,riskneutral,0.40355,0.90786,0,massA=0.366 massB=0.541
p1,163,16,risk,0,139,234,0.6,1.0101,1,False,A,allenai/OLMo-2-1124-7B-SFT,fewshot,riskneutral,0.64954,0.63434,0,massA=0.412 massB=0.222
p1,122,12,risk,0,164,541,0.38,1.2535,1,True,B,allenai/OLMo-2-1124-7B-SFT,fewshot,riskneutral,0.22003,0.68808,0,massA=0.537 massB=0.151
p1,388,38,risk,0,183,609,0.38,1.2646,4,True,B,allenai/OLMo-2-1124-7B-SFT,fewshot,riskneutral,0.37939,0.64145,0,massA=0.398 massB=0.243
p1,168,16,risk,0,139,234,0.6,1.0101,4,True,B,allenai/OLMo-2-1124-7B-SFT,fewshot,riskneutral,0.42251,0.67739,0,massA=0.391 massB=0.286
p1,192,19,risk,0,64,122,0.49,0.9341,1,True,B,allenai/OLMo-2-1124-7B-SFT,fewshot,riskneutral,0.17443,0.70177,0,massA=0.579 massB=0.122
p1,266,26,risk,0,59,151,0.36,0.9214,3,True,B,allenai/OLMo-2-1124-7B-SFT,fewshot,riskneutral,0.80441,0.9813,0,massA=0.192 massB=0.789
p1,300,30,risk,0,149,447,0.26,0.78,0,True,B,allenai/OLMo-2-1124-7B-SFT,fewshot,riskneutral,0.4922,0.87088,0,massA=0.442 massB=0.429
p1,282,28,risk,0,132,181,0.76,1.0421,1,True,B,allenai/OLMo-2-1124-7B-SFT,fewshot,riskneutral,0.47855,0.75013,0,massA=0.391 massB=0.359
p1,219,21,risk,0,106,206,0.73,1.4187,4,False,A,allenai/OLMo-2-1124-7B-SFT,fewshot,riskneutral,0.5312,0.61405,0,massA=0.326 massB=0.288
p1,101,10,risk,0,111,278,0.58,1.4526,0,False,A,allenai/OLMo-2-1124-7B-SFT,fewshot,riskneutral,0.49803,0.89221,0,massA=0.444 massB=0.448
p1,123,12,risk,0,164,541,0.38,1.2535,1,False,A,allenai/OLMo-2-1124-7B-SFT,fewshot,riskneutral,0.60389,0.66696,0,massA=0.403 massB=0.264
p1,82,8,risk,0,62,263,0.33,1.3998,1,True,B,allenai/OLMo-2-1124-7B-SFT,fewshot,riskneutral,0.24511,0.71845,0,massA=0.542 massB=0.176
p1,268,26,risk,0,59,151,0.36,0.9214,4,True,B,allenai/OLMo-2-1124-7B-SFT,fewshot,riskneutral,0.60394,0.72094,0,massA=0.286 massB=0.435
p1,151,15,risk,0,82,113,0.74,1.0198,0,False,A,allenai/OLMo-2-1124-7B-SFT,fewshot,riskneutral,0.43205,0.90947,0,massA=0.393 massB=0.517
p1,171,17,risk,0,117,362,0.42,1.2995,0,False,A,allenai/OLMo-2-1124-7B-SFT,fewshot,riskneutral,0.47852,0.90784,0,massA=0.434 massB=0.473
p1,375,37,risk,0,151,252,0.68,1.1348,2,False,A,allenai/OLMo-2-1124-7B-SFT,fewshot,riskneutral,0.91992,0.91698,0,massA=0.844 massB=0.0734
p1,6,0,risk,0,186,984,0.26,1.3755,3,True,B,allenai/OLMo-2-1124-7B-SFT,fewshot,riskneutral,0.4168,0.93554,0,massA=0.546 massB=0.39
p1,326,32,risk,0,131,236,0.57,1.0269,3,True,B,allenai/OLMo-2-1124-7B-SFT,fewshot,riskneutral,0.76769,0.97236,0,massA=0.226 massB=0.746
p1,227,22,risk,0,81,163,0.72,1.4489,3,False,A,allenai/OLMo-2-1124-7B-SFT,fewshot,riskneutral,0.60579,0.91862,0,massA=0.556 massB=0.362
p1,279,27,risk,0,166,433,0.53,1.3825,4,False,A,allenai/OLMo-2-1124-7B-SFT,fewshot,riskneutral,0.40356,0.6829,0,massA=0.276 massB=0.407
p1,376,37,risk,0,151,252,0.68,1.1348,3,True,B,allenai/OLMo-2-1124-7B-SFT,fewshot,riskneutral,0.77999,0.97186,0,massA=0.214 massB=0.758
p1,392,39,risk,0,178,567,0.32,1.0193,1,True,B,allenai/OLMo-2-1124-7B-SFT,fewshot,riskneutral,0.26897,0.70825,0,massA=0.518 massB=0.19
p1,331,33,risk,0,142,446,0.53,1.6646,0,False,A,allenai/OLMo-2-1124-7B-SFT,fewshot,riskneutral,0.46489,0.89982,0,massA=0.418 massB=0.482
p1,93,9,risk,0,49,153,0.26,0.8118,1,False,A,allenai/OLMo-2-1124-7B-SFT,fewshot,riskneutral,0.3363,0.70057,0,massA=0.236 massB=0.465
p1,125,12,risk,0,164,541,0.38,1.2535,2,False,A,allenai/OLMo-2-1124-7B-SFT,fewshot,riskneutral,0.85095,0.91286,0,massA=0.777 massB=0.136
p1,344,34,risk,0,52,96,0.63,1.1631,2,True,B,allenai/OLMo-2-1124-7B-SFT,fewshot,riskneutral,0.74317,0.92892,0,massA=0.239 massB=0.69
p1,9,0,risk,0,186,984,0.26,1.3755,4,False,A,allenai/OLMo-2-1124-7B-SFT,fewshot,riskneutral,0.26435,0.74566,0,massA=0.197 massB=0.549
p1,297,29,risk,0,79,81,0.83,0.851,3,False,A,allenai/OLMo-2-1124-7B-SFT,fewshot,riskneutral,0.72642,0.93151,0,massA=0.677 massB=0.255
p1,161,16,risk,0,139,234,0.6,1.0101,0,False,A,allenai/OLMo-2-1124-7B-SFT,fewshot,riskneutral,0.43013,0.91929,0,massA=0.395 massB=0.524
p1,386,38,risk,0,183,609,0.38,1.2646,3,True,B,allenai/OLMo-2-1124-7B-SFT,fewshot,riskneutral,0.55254,0.94893,0,massA=0.425 massB=0.524
p1,289,28,risk,0,132,181,0.76,1.0421,4,False,A,allenai/OLMo-2-1124-7B-SFT,fewshot,riskneutral,0.35398,0.69299,0,massA=0.245 massB=0.448
p1,356,35,risk,0,91,133,0.68,0.9938,3,True,B,allenai/OLMo-2-1124-7B-SFT,fewshot,riskneutral,0.89106,0.97816,0,massA=0.107 massB=0.872
p1,304,30,risk,0,149,447,0.26,0.78,2,True,B,allenai/OLMo-2-1124-7B-SFT,fewshot,riskneutral,0.4494,0.92942,0,massA=0.512 massB=0.418
p1,234,23,risk,0,91,626,0.23,1.5822,2,True,B,allenai/OLMo-2-1124-7B-SFT,fewshot,riskneutral,0.56795,0.93632,0,massA=0.405 massB=0.532
p1,320,32,risk,0,131,236,0.57,1.0269,0,True,B,allenai/OLMo-2-1124-7B-SFT,fewshot,riskneutral,0.72643,0.88212,0,massA=0.241 massB=0.641
p1,76,7,risk,0,63,98,0.64,0.9956,3,True,B,allenai/OLMo-2-1124-7B-SFT,fewshot,riskneutral,0.76489,0.9677,0,massA=0.228 massB=0.74
p1,202,20,risk,0,186,266,0.63,0.901,1,True,B,allenai/OLMo-2-1124-7B-SFT,fewshot,riskneutral,0.18244,0.73125,0,massA=0.598 massB=0.133
p1,399,39,risk,0,178,567,0.32,1.0193,4,False,A,allenai/OLMo-2-1124-7B-SFT,fewshot,riskneutral,0.27825,0.72419,0,massA=0.202 massB=0.523
p1,139,13,risk,0,72,88,0.64,0.7822,4,False,A,allenai/OLMo-2-1124-7B-SFT,fewshot,riskneutral,0.18535,0.75229,0,massA=0.139 massB=0.613
p1,178,17,risk,0,117,362,0.42,1.2995,4,True,B,allenai/OLMo-2-1124-7B-SFT,fewshot,riskneutral,0.33286,0.64378,0,massA=0.429 massB=0.214
p1,145,14,risk,0,81,201,0.68,1.6874,2,False,A,allenai/OLMo-2-1124-7B-SFT,fewshot,riskneutral,0.8933,0.90679,0,massA=0.81 massB=0.0968
p1,212,21,risk,0,106,206,0.73,1.4187,1,True,B,allenai/OLMo-2-1124-7B-SFT,fewshot,riskneutral,0.18715,0.70965,0,massA=0.577 massB=0.133
p1,248,24,risk,0,168,214,0.76,0.9681,4,True,B,allenai/OLMo-2-1124-7B-SFT,fewshot,riskneutral,0.59644,0.72213,0,massA=0.291 massB=0.431
p1,65,6,risk,0,94,101,0.71,0.7629,2,False,A,allenai/OLMo-2-1124-7B-SFT,fewshot,riskneutral,0.9322,0.92865,0,massA=0.866 massB=0.063
p1,78,7,risk,0,63,98,0.64,0.9956,4,True,B,allenai/OLMo-2-1124-7B-SFT,fewshot,riskneutral,0.43399,0.6606,0,massA=0.374 massB=0.287
p1,56,5,risk,0,162,381,0.46,1.0819,3,True,B,allenai/OLMo-2-1124-7B-SFT,fewshot,riskneutral,0.7009,0.96215,0,massA=0.288 massB=0.674
p1,34,3,risk,0,46,158,0.33,1.1335,2,True,B,allenai/OLMo-2-1124-7B-SFT,fewshot,riskneutral,0.62796,0.94546,0,massA=0.352 massB=0.594
p1,302,30,risk,0,149,447,0.26,0.78,1,True,B,allenai/OLMo-2-1124-7B-SFT,fewshot,riskneutral,0.1432,0.68976,0,massA=0.591 massB=0.0988
p1,246,24,risk,0,168,214,0.76,0.9681,3,True,B,allenai/OLMo-2-1124-7B-SFT,fewshot,riskneutral,0.79819,0.96854,0,massA=0.195 massB=0.773
p1,342,34,risk,0,52,96,0.63,1.1631,1,True,B,allenai/OLMo-2-1124-7B-SFT,fewshot,riskneutral,0.45328,0.77446,0,massA=0.423 massB=0.351
p1,41,4,risk,0,29,71,0.55,1.3466,0,False,A,allenai/OLMo-2-1124-7B-SFT,fewshot,riskneutral,0.46878,0.84462,0,massA=0.396 massB=0.449
p1,372,37,risk,0,151,252,0.68,1.1348,1,True,B,allenai/OLMo-2-1124-7B-SFT,fewshot,riskneutral,0.26438,0.72047,0,massA=0.53 massB=0.19
p1,345,34,risk,0,52,96,0.63,1.1631,2,False,A,allenai/OLMo-2-1124-7B-SFT,fewshot,riskneutral,0.89661,0.92029,0,massA=0.825 massB=0.0952
p1,229,22,risk,0,81,163,0.72,1.4489,4,False,A,allenai/OLMo-2-1124-7B-SFT,fewshot,riskneutral,0.35041,0.63513,0,massA=0.223 massB=0.413
p1,315,31,risk,0,51,151,0.29,0.8586,2,False,A,allenai/OLMo-2-1124-7B-SFT,fewshot,riskneutral,0.80926,0.91686,0,massA=0.742 massB=0.175
p1,190,19,risk,0,64,122,0.49,0.9341,0,True,B,allenai/OLMo-2-1124-7B-SFT,fewshot,riskneutral,0.66542,0.88529,0,massA=0.296 massB=0.589
p1,35,3,risk,0,46,158,0.33,1.1335,2,False,A,allenai/OLMo-2-1124-7B-SFT,fewshot,riskneutral,0.73562,0.91182,0,massA=0.671 massB=0.241
p1,184,18,risk,0,41,61,0.58,0.8629,2,True,B,allenai/OLMo-2-1124-7B-SFT,fewshot,riskneutral,0.66542,0.93975,0,massA=0.314 massB=0.625
p1,327,32,risk,0,131,236,0.57,1.0269,3,False,A,allenai/OLMo-2-1124-7B-SFT,fewshot,riskneutral,0.56985,0.93935,0,massA=0.535 massB=0.404
p1,269,26,risk,0,59,151,0.36,0.9214,4,False,A,allenai/OLMo-2-1124-7B-SFT,fewshot,riskneutral,0.25982,0.71842,0,massA=0.187 massB=0.532
p1,69,6,risk,0,94,101,0.71,0.7629,4,False,A,allenai/OLMo-2-1124-7B-SFT,fewshot,riskneutral,0.40733,0.67152,0,massA=0.274 massB=0.398
p1,305,30,risk,0,149,447,0.26,0.78,2,False,A,allenai/OLMo-2-1124-7B-SFT,fewshot,riskneutral,0.73563,0.91192,0,massA=0.671 massB=0.241
p1,358,35,risk,0,91,133,0.68,0.9938,4,True,B,allenai/OLMo-2-1124-7B-SFT,fewshot,riskneutral,0.60394,0.73882,0,massA=0.293 massB=0.446
p1,366,36,risk,0,98,227,0.47,1.0887,3,True,B,allenai/OLMo-2-1124-7B-SFT,fewshot,riskneutral,0.72017,0.96503,0,massA=0.27 massB=0.695
p1,278,27,risk,0,166,433,0.53,1.3825,4,True,B,allenai/OLMo-2-1124-7B-SFT,fewshot,riskneutral,0.61139,0.69212,0,massA=0.269 massB=0.423
p1,153,15,risk,0,82,113,0.74,1.0198,1,False,A,allenai/OLMo-2-1124-7B-SFT,fewshot,riskneutral,0.63518,0.63739,0,massA=0.405 massB=0.233
p1,195,19,risk,0,64,122,0.49,0.9341,2,False,A,allenai/OLMo-2-1124-7B-SFT,fewshot,riskneutral,0.76768,0.90348,0,massA=0.694 massB=0.21
p1,47,4,risk,0,29,71,0.55,1.3466,3,False,A,allenai/OLMo-2-1124-7B-SFT,fewshot,riskneutral,0.39047,0.92062,0,massA=0.359 massB=0.561
p1,85,8,risk,0,62,263,0.33,1.3998,2,False,A,allenai/OLMo-2-1124-7B-SFT,fewshot,riskneutral,0.81872,0.91173,0,massA=0.746 massB=0.165
p1,23,2,risk,0,162,661,0.26,1.0609,1,False,A,allenai/OLMo-2-1124-7B-SFT,fewshot,riskneutral,0.45323,0.67549,0,massA=0.306 massB=0.369
p1,256,25,risk,0,124,207,0.76,1.2687,3,True,B,allenai/OLMo-2-1124-7B-SFT,fewshot,riskneutral,0.81168,0.96561,0,massA=0.182 massB=0.784
p1,225,22,risk,0,81,163,0.72,1.4489,2,False,A,allenai/OLMo-2-1124-7B-SFT,fewshot,riskneutral,0.92943,0.90939,0,massA=0.845 massB=0.0642
p1,293,29,risk,0,79,81,0.83,0.851,1,False,A,allenai/OLMo-2-1124-7B-SFT,fewshot,riskneutral,0.6039,0.69788,0,massA=0.421 massB=0.276
p1,88,8,risk,0,62,263,0.33,1.3998,4,True,B,allenai/OLMo-2-1124-7B-SFT,fewshot,riskneutral,0.33286,0.63182,0,massA=0.422 massB=0.21
p1,134,13,risk,0,72,88,0.64,0.7822,2,True,B,allenai/OLMo-2-1124-7B-SFT,fewshot,riskneutral,0.6478,0.91125,0,massA=0.321 massB=0.59
p1,136,13,risk,0,72,88,0.64,0.7822,3,True,B,allenai/OLMo-2-1124-7B-SFT,fewshot,riskneutral,0.76207,0.96677,0,massA=0.23 massB=0.737
p1,46,4,risk,0,29,71,0.55,1.3466,3,True,B,allenai/OLMo-2-1124-7B-SFT,fewshot,riskneutral,0.73259,0.96861,0,massA=0.259 massB=0.71
p1,348,34,risk,0,52,96,0.63,1.1631,4,True,B,allenai/OLMo-2-1124-7B-SFT,fewshot,riskneutral,0.6316,0.72915,0,massA=0.269 massB=0.461
p1,14,1,risk,0,58,116,0.66,1.32,2,True,B,allenai/OLMo-2-1124-7B-SFT,fewshot,riskneutral,0.73565,0.91311,0,massA=0.241 massB=0.672
p1,117,11,risk,0,54,68,0.81,1.02,3,False,A,allenai/OLMo-2-1124-7B-SFT,fewshot,riskneutral,0.55253,0.93992,0,massA=0.519 massB=0.421
p1,335,33,risk,0,142,446,0.53,1.6646,2,False,A,allenai/OLMo-2-1124-7B-SFT,fewshot,riskneutral,0.78661,0.90969,0,massA=0.716 massB=0.194
p1,75,7,risk,0,63,98,0.64,0.9956,2,False,A,allenai/OLMo-2-1124-7B-SFT,fewshot,riskneutral,0.85965,0.91901,0,massA=0.79 massB=0.129
p1,130,13,risk,0,72,88,0.64,0.7822,0,True,B,allenai/OLMo-2-1124-7B-SFT,fewshot,riskneutral,0.73106,0.87717,0,massA=0.236 massB=0.641
p1,172,17,risk,0,117,362,0.42,1.2995,1,True,B,allenai/OLMo-2-1124-7B-SFT,fewshot,riskneutral,0.15819,0.67449,0,massA=0.568 massB=0.107
p1,381,38,risk,0,183,609,0.38,1.2646,0,False,A,allenai/OLMo-2-1124-7B-SFT,fewshot,riskneutral,0.40732,0.90973,0,massA=0.371 massB=0.539
p1,231,23,risk,0,91,626,0.23,1.5822,0,False,A,allenai/OLMo-2-1124-7B-SFT,fewshot,riskneutral,0.30403,0.92181,0,massA=0.28 massB=0.642
p1,61,6,risk,0,94,101,0.71,0.7629,0,False,A,allenai/OLMo-2-1124-7B-SFT,fewshot,riskneutral,0.49608,0.89815,0,massA=0.446 massB=0.453
p1,66,6,risk,0,94,101,0.71,0.7629,3,True,B,allenai/OLMo-2-1124-7B-SFT,fewshot,riskneutral,0.81168,0.96614,0,massA=0.182 massB=0.784
p1,364,36,risk,0,98,227,0.47,1.0887,2,True,B,allenai/OLMo-2-1124-7B-SFT,fewshot,riskneutral,0.6549,0.92245,0,massA=0.318 massB=0.604
p1,157,15,risk,0,82,113,0.74,1.0198,3,False,A,allenai/OLMo-2-1124-7B-SFT,fewshot,riskneutral,0.64243,0.92604,0,massA=0.595 massB=0.331
p1,31,3,risk,0,46,158,0.33,1.1335,0,False,A,allenai/OLMo-2-1124-7B-SFT,fewshot,riskneutral,0.31404,0.91194,0,massA=0.286 massB=0.626
p2,379,12,gain,0,164,541,0.38,1.2535,4,False,A,allenai/OLMo-2-1124-7B-SFT,fewshot,riskneutral,0.216,0.62628,0,massA=0.135 massB=0.491
p2,232,7,mixed,63,63,98,0.64,0.9956,1,True,B,allenai/OLMo-2-1124-7B-SFT,fewshot,riskneutral,0.4552,0.94329,0,massA=0.514 massB=0.429
p2,430,14,gain,0,81,201,0.68,1.6874,0,True,B,allenai/OLMo-2-1124-7B-SFT,fewshot,riskneutral,0.61695,0.83512,0,massA=0.32 massB=0.515
p2,153,5,neutral,0,162,381,0.46,1.0819,1,False,A,allenai/OLMo-2-1124-7B-SFT,fewshot,riskneutral,0.57174,0.90827,0,massA=0.519 massB=0.389
p2,1001,33,gain,0,142,446,0.53,1.6646,0,False,A,allenai/OLMo-2-1124-7B-SFT,fewshot,riskneutral,0.31573,0.86863,0,massA=0.274 massB=0.594
p2,632,21,neutral,0,106,206,0.73,1.4187,1,True,B,allenai/OLMo-2-1124-7B-SFT,fewshot,riskneutral,0.5756,0.92899,0,massA=0.394 massB=0.535
p2,546,18,neutral,0,41,61,0.58,0.8629,3,True,B,allenai/OLMo-2-1124-7B-SFT,fewshot,riskneutral,0.83815,0.95094,0,massA=0.154 massB=0.797
p2,371,12,gain,0,164,541,0.38,1.2535,0,False,A,allenai/OLMo-2-1124-7B-SFT,fewshot,riskneutral,0.22815,0.86219,0,massA=0.197 massB=0.665
p2,283,9,gain,0,49,153,0.26,0.8118,1,False,A,allenai/OLMo-2-1124-7B-SFT,fewshot,riskneutral,0.18832,0.93774,0,massA=0.177 massB=0.761
p2,256,8,gain,0,62,263,0.33,1.3998,3,True,B,allenai/OLMo-2-1124-7B-SFT,fewshot,riskneutral,0.66715,0.90496,0,massA=0.301 massB=0.604
p2,1127,37,gain,0,151,252,0.68,1.1348,3,False,A,allenai/OLMo-2-1124-7B-SFT,fewshot,riskneutral,0.22001,0.89868,0,massA=0.198 massB=0.701
p2,264,8,mixed,62,62,263,0.33,1.3998,2,True,B,allenai/OLMo-2-1124-7B-SFT,fewshot,riskneutral,0.51953,0.93611,0,massA=0.45 massB=0.486
p2,1266,33,dominant,0,142,179,1.0,1.2606,0,True,B,allenai/OLMo-2-1124-7B-SFT,fewshot,riskneutral,0.9179,0.8845,0,massA=0.0726 massB=0.812
p2,868,28,mixed,132,132,181,0.76,1.0421,4,True,B,allenai/OLMo-2-1124-7B-SFT,fewshot,riskneutral,0.76207,0.64392,0,massA=0.153 massB=0.491
p2,711,23,mixed,91,91,626,0.23,1.5822,0,False,A,allenai/OLMo-2-1124-7B-SFT,fewshot,riskneutral,0.21076,0.85135,0,massA=0.179 massB=0.672
p2,152,5,neutral,0,162,381,0.46,1.0819,1,True,B,allenai/OLMo-2-1124-7B-SFT,fewshot,riskneutral,0.49611,0.92926,0,massA=0.468 massB=0.461
p2,919,30,gain,0,149,447,0.26,0.78,4,False,A,allenai/OLMo-2-1124-7B-SFT,fewshot,riskneutral,0.15765,0.63382,0,massA=0.0999 massB=0.534
p2,747,24,mixed,168,168,214,0.76,0.9681,3,False,A,allenai/OLMo-2-1124-7B-SFT,fewshot,riskneutral,0.21469,0.91964,0,massA=0.197 massB=0.722
p2,129,4,neutral,0,29,71,0.55,1.3466,4,False,A,allenai/OLMo-2-1124-7B-SFT,fewshot,riskneutral,0.35756,0.50826,0,massA=0.182 massB=0.327
p2,560,18,mixed,41,41,61,0.58,0.8629,0,True,B,allenai/OLMo-2-1124-7B-SFT,fewshot,riskneutral,0.35758,0.85202,0,massA=0.547 massB=0.305
p2,193,6,gain,0,94,101,0.71,0.7629,1,False,A,allenai/OLMo-2-1124-7B-SFT,fewshot,riskneutral,0.33457,0.92239,0,massA=0.309 massB=0.614
p2,575,19,neutral,0,64,122,0.49,0.9341,2,False,A,allenai/OLMo-2-1124-7B-SFT,fewshot,riskneutral,0.81166,0.95615,0,massA=0.776 massB=0.18
p2,571,19,neutral,0,64,122,0.49,0.9341,0,False,A,allenai/OLMo-2-1124-7B-SFT,fewshot,riskneutral,0.31404,0.84939,0,massA=0.267 massB=0.583
p2,54,1,mixed,58,58,116,0.66,1.32,2,True,B,allenai/OLMo-2-1124-7B-SFT,fewshot,riskneutral,0.48634,0.94566,0,massA=0.486 massB=0.46
p2,1042,34,mixed,52,52,96,0.63,1.1631,1,True,B,allenai/OLMo-2-1124-7B-SFT,fewshot,riskneutral,0.49024,0.9368,0,massA=0.478 massB=0.459
p2,111,3,mixed,46,46,158,0.33,1.1335,0,False,A,allenai/OLMo-2-1124-7B-SFT,fewshot,riskneutral,0.21337,0.83865,0,massA=0.179 massB=0.66
p2,1105,36,mixed,98,98,227,0.47,1.0887,2,False,A,allenai/OLMo-2-1124-7B-SFT,fewshot,riskneutral,0.62428,0.93224,0,massA=0.582 massB=0.35
p2,227,7,gain,0,63,98,0.64,0.9956,3,False,A,allenai/OLMo-2-1124-7B-SFT,fewshot,riskneutral,0.30239,0.90194,0,massA=0.273 massB=0.629
p2,1089,36,neutral,0,98,227,0.47,1.0887,4,False,A,allenai/OLMo-2-1124-7B-SFT,fewshot,riskneutral,0.27047,0.60388,0,massA=0.163 massB=0.441
p2,727,24,neutral,0,168,214,0.76,0.9681,3,False,A,allenai/OLMo-2-1124-7B-SFT,fewshot,riskneutral,0.87016,0.96391,0,massA=0.839 massB=0.125
p2,399,13,neutral,0,72,88,0.64,0.7822,4,False,A,allenai/OLMo-2-1124-7B-SFT,fewshot,riskneutral,0.26817,0.67829,0,massA=0.182 massB=0.496
p2,1078,35,mixed,91,91,133,0.68,0.9938,4,True,B,allenai/OLMo-2-1124-7B-SFT,fewshot,riskneutral,0.73716,0.61463,0,massA=0.162 massB=0.453
p2,496,16,gain,0,139,234,0.6,1.0101,3,True,B,allenai/OLMo-2-1124-7B-SFT,fewshot,riskneutral,0.75202,0.88501,0,massA=0.219 massB=0.666
p2,1014,33,mixed,142,142,446,0.53,1.6646,2,True,B,allenai/OLMo-2-1124-7B-SFT,fewshot,riskneutral,0.58131,0.94564,0,massA=0.396 massB=0.55
p2,443,14,mixed,81,81,201,0.68,1.6874,1,False,A,allenai/OLMo-2-1124-7B-SFT,fewshot,riskneutral,0.63883,0.94031,0,massA=0.601 massB=0.34
p2,1224,12,dominant,0,164,181,1.0,1.1037,2,True,B,allenai/OLMo-2-1124-7B-SFT,fewshot,riskneutral,0.83602,0.93625,0,massA=0.154 massB=0.783
p2,41,1,gain,0,58,116,0.66,1.32,0,False,A,allenai/OLMo-2-1124-7B-SFT,fewshot,riskneutral,0.35756,0.85609,0,massA=0.306 massB=0.55
p2,69,2,neutral,0,162,661,0.26,1.0609,4,False,A,allenai/OLMo-2-1124-7B-SFT,fewshot,riskneutral,0.27825,0.61085,0,massA=0.17 massB=0.441
p2,625,20,mixed,186,186,266,0.63,0.901,2,False,A,allenai/OLMo-2-1124-7B-SFT,fewshot,riskneutral,0.58129,0.94533,0,massA=0.55 massB=0.396
p2,254,8,gain,0,62,263,0.33,1.3998,2,True,B,allenai/OLMo-2-1124-7B-SFT,fewshot,riskneutral,0.37756,0.9457,0,massA=0.589 massB=0.357
p2,528,17,gain,0,117,362,0.42,1.2995,4,True,B,allenai/OLMo-2-1124-7B-SFT,fewshot,riskneutral,0.66193,0.69606,0,massA=0.235 massB=0.461
p2,276,9,neutral,0,49,153,0.26,0.8118,3,True,B,allenai/OLMo-2-1124-7B-SFT,fewshot,riskneutral,0.82219,0.95839,0,massA=0.17 massB=0.788
p2,929,30,mixed,149,149,447,0.26,0.78,4,False,A,allenai/OLMo-2-1124-7B-SFT,fewshot,riskneutral,0.25982,0.68382,0,massA=0.178 massB=0.506
p2,700,23,gain,0,91,626,0.23,1.5822,0,True,B,allenai/OLMo-2-1124-7B-SFT,fewshot,riskneutral,0.4883,0.83809,0,massA=0.429 massB=0.409
p2,908,30,neutral,0,149,447,0.26,0.78,4,True,B,allenai/OLMo-2-1124-7B-SFT,fewshot,riskneutral,0.59078,0.61977,0,massA=0.254 massB=0.366
p2,809,26,mixed,59,59,151,0.36,0.9214,4,False,A,allenai/OLMo-2-1124-7B-SFT,fewshot,riskneutral,0.22678,0.7223,0,massA=0.164 massB=0.559
p2,207,6,mixed,94,94,101,0.71,0.7629,3,False,A,allenai/OLMo-2-1124-7B-SFT,fewshot,riskneutral,0.15304,0.91938,0,massA=0.141 massB=0.779
p2,216,7,neutral,0,63,98,0.64,0.9956,3,True,B,allenai/OLMo-2-1124-7B-SFT,fewshot,riskneutral,0.82446,0.94286,0,massA=0.166 massB=0.777
p2,601,20,neutral,0,186,266,0.63,0.901,0,False,A,allenai/OLMo-2-1124-7B-SFT,fewshot,riskneutral,0.52535,0.87318,0,massA=0.459 massB=0.414
p2,317,10,gain,0,111,278,0.58,1.4526,3,False,A,allenai/OLMo-2-1124-7B-SFT,fewshot,riskneutral,0.18713,0.90336,0,massA=0.169 massB=0.734
p2,1069,35,gain,0,91,133,0.68,0.9938,4,False,A,allenai/OLMo-2-1124-7B-SFT,fewshot,riskneutral,0.33981,0.57317,0,massA=0.195 massB=0.378
p2,42,1,gain,0,58,116,0.66,1.32,1,True,B,allenai/OLMo-2-1124-7B-SFT,fewshot,riskneutral,0.539,0.91752,0,massA=0.423 massB=0.495
p2,1035,34,gain,0,52,96,0.63,1.1631,2,False,A,allenai/OLMo-2-1124-7B-SFT,fewshot,riskneutral,0.80562,0.94752,0,massA=0.763 massB=0.184
p2,475,15,mixed,82,82,113,0.74,1.0198,2,False,A,allenai/OLMo-2-1124-7B-SFT,fewshot,riskneutral,0.62245,0.94384,0,massA=0.587 massB=0.356
p2,610,20,gain,0,186,266,0.63,0.901,0,True,B,allenai/OLMo-2-1124-7B-SFT,fewshot,riskneutral,0.59456,0.83659,0,massA=0.339 massB=0.497
p2,773,25,mixed,124,124,207,0.76,1.2687,1,False,A,allenai/OLMo-2-1124-7B-SFT,fewshot,riskneutral,0.75055,0.94287,0,massA=0.708 massB=0.235
p2,1269,34,dominant,0,52,110,1.0,2.1154,3,False,A,allenai/OLMo-2-1124-7B-SFT,fewshot,riskneutral,0.92387,0.96165,0,massA=0.888 massB=0.0732
p2,243,8,neutral,0,62,263,0.33,1.3998,1,False,A,allenai/OLMo-2-1124-7B-SFT,fewshot,riskneutral,0.35755,0.923,0,massA=0.33 massB=0.593
p2,416,13,mixed,72,72,88,0.64,0.7822,3,True,B,allenai/OLMo-2-1124-7B-SFT,fewshot,riskneutral,0.4961,0.92917,0,massA=0.468 massB=0.461
p2,1241,20,dominant,0,186,229,1.0,1.2312,2,False,A,allenai/OLMo-2-1124-7B-SFT,fewshot,riskneutral,0.67232,0.93392,0,massA=0.628 massB=0.306
p2,580,19,gain,0,64,122,0.49,0.9341,0,True,B,allenai/OLMo-2-1124-7B-SFT,fewshot,riskneutral,0.54288,0.836,0,massA=0.382 massB=0.454
p2,754,25,neutral,0,124,207,0.76,1.2687,2,True,B,allenai/OLMo-2-1124-7B-SFT,fewshot,riskneutral,0.83921,0.9596,0,massA=0.154 massB=0.805
p2,1128,37,gain,0,151,252,0.68,1.1348,4,True,B,allenai/OLMo-2-1124-7B-SFT,fewshot,riskneutral,0.72018,0.72088,0,massA=0.202 massB=0.519
p2,612,20,gain,0,186,266,0.63,0.901,1,True,B,allenai/OLMo-2-1124-7B-SFT,fewshot,riskneutral,0.44747,0.92379,0,massA=0.51 massB=0.413
p2,549,18,neutral,0,41,61,0.58,0.8629,4,False,A,allenai/OLMo-2-1124-7B-SFT,fewshot,riskneutral,0.55638,0.4843,0,massA=0.269 massB=0.215
p2,478,15,mixed,82,82,113,0.74,1.0198,4,True,B,allenai/OLMo-2-1124-7B-SFT,fewshot,riskneutral,0.73792,0.64738,0,massA=0.17 massB=0.478
p2,938,31,neutral,0,51,151,0.29,0.8586,4,True,B,allenai/OLMo-2-1124-7B-SFT,fewshot,riskneutral,0.63704,0.735,0,massA=0.267 massB=0.468
p2,162,5,gain,0,162,381,0.46,1.0819,1,True,B,allenai/OLMo-2-1124-7B-SFT,fewshot,riskneutral,0.43592,0.92462,0,massA=0.522 massB=0.403
p2,343,11,gain,0,54,68,0.81,1.02,1,False,A,allenai/OLMo-2-1124-7B-SFT,fewshot,riskneutral,0.22541,0.94272,0,massA=0.212 massB=0.73
p2,779,25,mixed,124,124,207,0.76,1.2687,4,False,A,allenai/OLMo-2-1124-7B-SFT,fewshot,riskneutral,0.39233,0.675,0,massA=0.265 massB=0.41
p2,740,24,mixed,168,168,214,0.76,0.9681,0,True,B,allenai/OLMo-2-1124-7B-SFT,fewshot,riskneutral,0.41301,0.89237,0,massA=0.524 massB=0.369
p2,1256,28,dominant,0,132,158,1.0,1.197,3,True,B,allenai/OLMo-2-1124-7B-SFT,fewshot,riskneutral,0.92164,0.92409,0,massA=0.0724 massB=0.852
p2,1159,38,gain,0,183,609,0.38,1.2646,4,False,A,allenai/OLMo-2-1124-7B-SFT,fewshot,riskneutral,0.26663,0.62933,0,massA=0.168 massB=0.462
p2,229,7,gain,0,63,98,0.64,0.9956,4,False,A,allenai/OLMo-2-1124-7B-SFT,fewshot,riskneutral,0.44938,0.51126,0,massA=0.23 massB=0.282
p2,12,0,gain,0,186,984,0.26,1.3755,1,True,B,allenai/OLMo-2-1124-7B-SFT,fewshot,riskneutral,0.30571,0.9304,0,massA=0.646 massB=0.284
p2,8,0,neutral,0,186,984,0.26,1.3755,4,True,B,allenai/OLMo-2-1124-7B-SFT,fewshot,riskneutral,0.6058,0.64888,0,massA=0.256 massB=0.393
p2,449,14,mixed,81,81,201,0.68,1.6874,4,False,A,allenai/OLMo-2-1124-7B-SFT,fewshot,riskneutral,0.35936,0.70725,0,massA=0.254 massB=0.453
p2,1164,38,mixed,183,183,609,0.38,1.2646,2,True,B,allenai/OLMo-2-1124-7B-SFT,fewshot,riskneutral,0.51368,0.94968,0,massA=0.462 massB=0.488
p2,780,26,neutral,0,59,151,0.36,0.9214,0,True,B,allenai/OLMo-2-1124-7B-SFT,fewshot,riskneutral,0.69926,0.8613,0,massA=0.259 massB=0.602
p2,993,33,neutral,0,142,446,0.53,1.6646,1,False,A,allenai/OLMo-2-1124-7B-SFT,fewshot,riskneutral,0.39605,0.92593,0,massA=0.367 massB=0.559
p2,1086,36,neutral,0,98,227,0.47,1.0887,3,True,B,allenai/OLMo-2-1124-7B-SFT,fewshot,riskneutral,0.73716,0.94032,0,massA=0.247 massB=0.693
p2,344,11,gain,0,54,68,0.81,1.02,2,True,B,allenai/OLMo-2-1124-7B-SFT,fewshot,riskneutral,0.40735,0.95456,0,massA=0.566 massB=0.389
p2,266,8,mixed,62,62,263,0.33,1.3998,3,True,B,allenai/OLMo-2-1124-7B-SFT,fewshot,riskneutral,0.58131,0.93213,0,massA=0.39 massB=0.542
p2,1026,34,neutral,0,52,96,0.63,1.1631,3,True,B,allenai/OLMo-2-1124-7B-SFT,fewshot,riskneutral,0.89106,0.94251,0,massA=0.103 massB=0.84
p2,812,27,neutral,0,166,433,0.53,1.3825,1,True,B,allenai/OLMo-2-1124-7B-SFT,fewshot,riskneutral,0.48244,0.9305,0,massA=0.482 massB=0.449
p2,1108,36,mixed,98,98,227,0.47,1.0887,4,True,B,allenai/OLMo-2-1124-7B-SFT,fewshot,riskneutral,0.74614,0.66597,0,massA=0.169 massB=0.497
p2,1262,31,dominant,0,51,73,1.0,1.4314,1,True,B,allenai/OLMo-2-1124-7B-SFT,fewshot,riskneutral,0.88121,0.95781,0,massA=0.114 massB=0.844
p2,184,6,neutral,0,94,101,0.71,0.7629,2,True,B,allenai/OLMo-2-1124-7B-SFT,fewshot,riskneutral,0.82727,0.95564,0,massA=0.165 massB=0.791
p2,660,22,neutral,0,81,163,0.72,1.4489,0,True,B,allenai/OLMo-2-1124-7B-SFT,fewshot,riskneutral,0.79439,0.85704,0,massA=0.176 massB=0.681
p2,586,19,gain,0,64,122,0.49,0.9341,3,True,B,allenai/OLMo-2-1124-7B-SFT,fewshot,riskneutral,0.65842,0.90204,0,massA=0.308 massB=0.594
p2,1155,38,gain,0,183,609,0.38,1.2646,2,False,A,allenai/OLMo-2-1124-7B-SFT,fewshot,riskneutral,0.69924,0.9401,0,massA=0.657 massB=0.283
p2,1211,5,dominant,0,162,206,1.0,1.2716,3,False,A,allenai/OLMo-2-1124-7B-SFT,fewshot,riskneutral,0.85244,0.9506,0,massA=0.81 massB=0.14
p2,796,26,gain,0,59,151,0.36,0.9214,3,True,B,allenai/OLMo-2-1124-7B-SFT,fewshot,riskneutral,0.66018,0.91905,0,massA=0.312 massB=0.607
p2,105,3,gain,0,46,158,0.33,1.1335,2,False,A,allenai/OLMo-2-1124-7B-SFT,fewshot,riskneutral,0.58887,0.93886,0,massA=0.553 massB=0.386
p2,485,16,neutral,0,139,234,0.6,1.0101,2,False,A,allenai/OLMo-2-1124-7B-SFT,fewshot,riskneutral,0.94057,0.9636,0,massA=0.906 massB=0.0573
p2,127,4,neutral,0,29,71,0.55,1.3466,3,False,A,allenai/OLMo-2-1124-7B-SFT,fewshot,riskneutral,0.47073,0.94514,0,massA=0.445 massB=0.5
p2,365,12,neutral,0,164,541,0.38,1.2535,2,False,A,allenai/OLMo-2-1124-7B-SFT,fewshot,riskneutral,0.86792,0.96008,0,massA=0.833 massB=0.127
p2,1196,39,mixed,178,178,567,0.32,1.0193,3,True,B,allenai/OLMo-2-1124-7B-SFT,fewshot,riskneutral,0.55448,0.93452,0,massA=0.416 massB=0.518
p2,695,23,neutral,0,91,626,0.23,1.5822,2,False,A,allenai/OLMo-2-1124-7B-SFT,fewshot,riskneutral,0.74612,0.95192,0,massA=0.71 massB=0.242
p2,426,14,neutral,0,81,201,0.68,1.6874,3,True,B,allenai/OLMo-2-1124-7B-SFT,fewshot,riskneutral,0.85146,0.94301,0,massA=0.14 massB=0.803
p2,251,8,gain,0,62,263,0.33,1.3998,0,False,A,allenai/OLMo-2-1124-7B-SFT,fewshot,riskneutral,0.22,0.86333,0,massA=0.19 massB=0.673
p2,420,14,neutral,0,81,201,0.68,1.6874,0,True,B,allenai/OLMo-2-1124-7B-SFT,fewshot,riskneutral,0.76349,0.84398,0,massA=0.2 massB=0.644
p2,1040,34,mixed,52,52,96,0.63,1.1631,0,True,B,allenai/OLMo-2-1124-7B-SFT,fewshot,riskneutral,0.43783,0.89418,0,massA=0.503 massB=0.392
p2,822,27,gain,0,166,433,0.53,1.3825,1,True,B,allenai/OLMo-2-1124-7B-SFT,fewshot,riskneutral,0.62063,0.93966,0,massA=0.356 massB=0.583
p2,714,23,mixed,91,91,626,0.23,1.5822,2,True,B,allenai/OLMo-2-1124-7B-SFT,fewshot,riskneutral,0.4883,0.93902,0,massA=0.48 massB=0.459
p2,363,12,neutral,0,164,541,0.38,1.2535,1,False,A,allenai/OLMo-2-1124-7B-SFT,fewshot,riskneutral,0.50583,0.91649,0,massA=0.464 massB=0.453
p2,904,30,neutral,0,149,447,0.26,0.78,2,True,B,allenai/OLMo-2-1124-7B-SFT,fewshot,riskneutral,0.47659,0.95634,0,massA=0.501 massB=0.456
p2,210,7,neutral,0,63,98,0.64,0.9956,0,True,B,allenai/OLMo-2-1124-7B-SFT,fewshot,riskneutral,0.76349,0.86456,0,massA=0.204 massB=0.66
p2,911,30,gain,0,149,447,0.26,0.78,0,False,A,allenai/OLMo-2-1124-7B-SFT,fewshot,riskneutral,0.16451,0.88458,0,massA=0.146 massB=0.739
p2,992,33,neutral,0,142,446,0.53,1.6646,1,True,B,allenai/OLMo-2-1124-7B-SFT,fewshot,riskneutral,0.49025,0.92667,0,massA=0.472 massB=0.454
p2,124,4,neutral,0,29,71,0.55,1.3466,2,True,B,allenai/OLMo-2-1124-7B-SFT,fewshot,riskneutral,0.66193,0.96006,0,massA=0.325 massB=0.635
p2,147,4,mixed,29,29,71,0.55,1.3466,3,False,A,allenai/OLMo-2-1124-7B-SFT,fewshot,riskneutral,0.18359,0.92551,0,massA=0.17 massB=0.756
p2,467,15,gain,0,82,113,0.74,1.0198,3,False,A,allenai/OLMo-2-1124-7B-SFT,fewshot,riskneutral,0.28777,0.9131,0,massA=0.263 massB=0.65
p2,552,18,gain,0,41,61,0.58,0.8629,1,True,B,allenai/OLMo-2-1124-7B-SFT,fewshot,riskneutral,0.42443,0.92378,0,massA=0.532 massB=0.392
p2,977,32,gain,0,131,236,0.57,1.0269,3,False,A,allenai/OLMo-2-1124-7B-SFT,fewshot,riskneutral,0.28777,0.91286,0,massA=0.263 massB=0.65
p2,310,10,gain,0,111,278,0.58,1.4526,0,True,B,allenai/OLMo-2-1124-7B-SFT,fewshot,riskneutral,0.62796,0.83301,0,massA=0.31 massB=0.523
p2,397,13,neutral,0,72,88,0.64,0.7822,3,False,A,allenai/OLMo-2-1124-7B-SFT,fewshot,riskneutral,0.5,0.95296,0,massA=0.476 massB=0.476
p2,1129,37,gain,0,151,252,0.68,1.1348,4,False,A,allenai/OLMo-2-1124-7B-SFT,fewshot,riskneutral,0.38861,0.58269,0,massA=0.226 massB=0.356
p2,626,20,mixed,186,186,266,0.63,0.901,3,True,B,allenai/OLMo-2-1124-7B-SFT,fewshot,riskneutral,0.59832,0.936,0,massA=0.376 massB=0.56
p2,662,22,neutral,0,81,163,0.72,1.4489,1,True,B,allenai/OLMo-2-1124-7B-SFT,fewshot,riskneutral,0.67062,0.92784,0,massA=0.306 massB=0.622
p2,943,31,gain,0,51,151,0.29,0.8586,1,False,A,allenai/OLMo-2-1124-7B-SFT,fewshot,riskneutral,0.22815,0.92671,0,massA=0.211 massB=0.715
p2,186,6,neutral,0,94,101,0.71,0.7629,3,True,B,allenai/OLMo-2-1124-7B-SFT,fewshot,riskneutral,0.88202,0.93117,0,massA=0.11 massB=0.821
p2,274,9,neutral,0,49,153,0.26,0.8118,2,True,B,allenai/OLMo-2-1124-7B-SFT,fewshot,riskneutral,0.68931,0.96095,0,massA=0.299 massB=0.662
p2,503,16,mixed,139,139,234,0.6,1.0101,1,False,A,allenai/OLMo-2-1124-7B-SFT,fewshot,riskneutral,0.55446,0.93624,0,massA=0.519 massB=0.417
p2,983,32,mixed,131,131,236,0.57,1.0269,1,False,A,allenai/OLMo-2-1124-7B-SFT,fewshot,riskneutral,0.66714,0.93896,0,massA=0.626 massB=0.313
p2,937,31,neutral,0,51,151,0.29,0.8586,3,False,A,allenai/OLMo-2-1124-7B-SFT,fewshot,riskneutral,0.38491,0.94621,0,massA=0.364 massB=0.582
p2,765,25,gain,0,124,207,0.76,1.2687,2,False,A,allenai/OLMo-2-1124-7B-SFT,fewshot,riskneutral,0.83223,0.94148,0,massA=0.784 massB=0.158
p2,1034,34,gain,0,52,96,0.63,1.1631,2,True,B,allenai/OLMo-2-1124-7B-SFT,fewshot,riskneutral,0.50782,0.9509,0,massA=0.468 massB=0.483
p2,959,31,mixed,51,51,151,0.29,0.8586,4,False,A,allenai/OLMo-2-1124-7B-SFT,fewshot,riskneutral,0.25534,0.69457,0,massA=0.177 massB=0.517
p2,272,9,neutral,0,49,153,0.26,0.8118,1,True,B,allenai/OLMo-2-1124-7B-SFT,fewshot,riskneutral,0.61695,0.93672,0,massA=0.359 massB=0.578
p2,368,12,neutral,0,164,541,0.38,1.2535,4,True,B,allenai/OLMo-2-1124-7B-SFT,fewshot,riskneutral,0.82839,0.79806,0,massA=0.137 massB=0.661
p2,279,9,neutral,0,49,153,0.26,0.8118,4,False,A,allenai/OLMo-2-1124-7B-SFT,fewshot,riskneutral,0.25982,0.58568,0,massA=0.152 massB=0.434
p2,522,17,gain,0,117,362,0.42,1.2995,1,True,B,allenai/OLMo-2-1124-7B-SFT,fewshot,riskneutral,0.48049,0.93401,0,massA=0.485 massB=0.449
p2,1130,37,mixed,151,151,252,0.68,1.1348,0,True,B,allenai/OLMo-2-1124-7B-SFT,fewshot,riskneutral,0.46686,0.86977,0,massA=0.464 massB=0.406
p2,332,11,neutral,0,54,68,0.81,1.02,1,True,B,allenai/OLMo-2-1124-7B-SFT,fewshot,riskneutral,0.61879,0.92747,0,massA=0.354 massB=0.574
p2,737,24,gain,0,168,214,0.76,0.9681,3,False,A,allenai/OLMo-2-1124-7B-SFT,fewshot,riskneutral,0.30239,0.91387,0,massA=0.276 massB=0.638
p2,60,2,neutral,0,162,661,0.26,1.0609,0,True,B,allenai/OLMo-2-1124-7B-SFT,fewshot,riskneutral,0.69597,0.85651,0,massA=0.26 massB=0.596
p2,297,9,mixed,49,49,153,0.26,0.8118,3,False,A,allenai/OLMo-2-1124-7B-SFT,fewshot,riskneutral,0.17441,0.91215,0,massA=0.159 massB=0.753
p2,35,1,neutral,0,58,116,0.66,1.32,2,False,A,allenai/OLMo-2-1124-7B-SFT,fewshot,riskneutral,0.94229,0.95828,0,massA=0.903 massB=0.0553
p2,386,12,mixed,164,164,541,0.38,1.2535,3,True,B,allenai/OLMo-2-1124-7B-SFT,fewshot,riskneutral,0.57559,0.9416,0,massA=0.4 massB=0.542
p2,280,9,gain,0,49,153,0.26,0.8118,0,True,B,allenai/OLMo-2-1124-7B-SFT,fewshot,riskneutral,0.44941,0.83901,0,massA=0.462 massB=0.377
p2,1073,35,mixed,91,91,133,0.68,0.9938,1,False,A,allenai/OLMo-2-1124-7B-SFT,fewshot,riskneutral,0.59643,0.93781,0,massA=0.559 massB=0.378
p2,181,6,neutral,0,94,101,0.71,0.7629,0,False,A,allenai/OLMo-2-1124-7B-SFT,fewshot,riskneutral,0.5273,0.85739,0,massA=0.452 massB=0.405
p2,925,30,mixed,149,149,447,0.26,0.78,2,False,A,allenai/OLMo-2-1124-7B-SFT,fewshot,riskneutral,0.43397,0.94098,0,massA=0.408 massB=0.533
p2,493,16,gain,0,139,234,0.6,1.0101,1,False,A,allenai/OLMo-2-1124-7B-SFT,fewshot,riskneutral,0.37936,0.91606,0,massA=0.348 massB=0.569
p2,723,24,neutral,0,168,214,0.76,0.9681,1,False,A,allenai/OLMo-2-1124-7B-SFT,fewshot,riskneutral,0.74907,0.92518,0,massA=0.693 massB=0.232
p2,1198,39,mixed,178,178,567,0.32,1.0193,4,True,B,allenai/OLMo-2-1124-7B-SFT,fewshot,riskneutral,0.72798,0.66491,0,massA=0.181 massB=0.484
p2,208,6,mixed,94,94,101,0.71,0.7629,4,True,B,allenai/OLMo-2-1124-7B-SFT,fewshot,riskneutral,0.69926,0.58743,0,massA=0.177 massB=0.411
p2,406,13,gain,0,72,88,0.64,0.7822,3,True,B,allenai/OLMo-2-1124-7B-SFT,fewshot,riskneutral,0.62063,0.8965,0,massA=0.34 massB=0.556
p2,697,23,neutral,0,91,626,0.23,1.5822,3,False,A,allenai/OLMo-2-1124-7B-SFT,fewshot,riskneutral,0.25683,0.94131,0,massA=0.242 massB=0.7
p2,761,25,gain,0,124,207,0.76,1.2687,0,False,A,allenai/OLMo-2-1124-7B-SFT,fewshot,riskneutral,0.29583,0.8594,0,massA=0.254 massB=0.605
p2,1190,39,mixed,178,178,567,0.32,1.0193,0,True,B,allenai/OLMo-2-1124-7B-SFT,fewshot,riskneutral,0.38493,0.86031,0,massA=0.529 massB=0.331
p2,985,32,mixed,131,131,236,0.57,1.0269,2,False,A,allenai/OLMo-2-1124-7B-SFT,fewshot,riskneutral,0.64062,0.94956,0,massA=0.608 massB=0.341
p2,7,0,neutral,0,186,984,0.26,1.3755,3,False,A,allenai/OLMo-2-1124-7B-SFT,fewshot,riskneutral,0.31742,0.95083,0,massA=0.302 massB=0.649
p2,1062,35,gain,0,91,133,0.68,0.9938,1,True,B,allenai/OLMo-2-1124-7B-SFT,fewshot,riskneutral,0.47659,0.92727,0,massA=0.485 massB=0.442
p2,749,24,mixed,168,168,214,0.76,0.9681,4,False,A,allenai/OLMo-2-1124-7B-SFT,fewshot,riskneutral,0.31404,0.68217,0,massA=0.214 massB=0.468
p2,690,23,neutral,0,91,626,0.23,1.5822,0,True,B,allenai/OLMo-2-1124-7B-SFT,fewshot,riskneutral,0.69762,0.85897,0,massA=0.26 massB=0.599
p2,996,33,neutral,0,142,446,0.53,1.6646,3,True,B,allenai/OLMo-2-1124-7B-SFT,fewshot,riskneutral,0.64958,0.94256,0,massA=0.33 massB=0.612
p2,846,28,neutral,0,132,181,0.76,1.0421,3,True,B,allenai/OLMo-2-1124-7B-SFT,fewshot,riskneutral,0.9531,0.94972,0,massA=0.0445 massB=0.905
p2,57,1,mixed,58,58,116,0.66,1.32,3,False,A,allenai/OLMo-2-1124-7B-SFT,fewshot,riskneutral,0.18242,0.91479,0,massA=0.167 massB=0.748
p2,1182,39,gain,0,178,567,0.32,1.0193,1,True,B,allenai/OLMo-2-1124-7B-SFT,fewshot,riskneutral,0.44169,0.93146,0,massA=0.52 massB=0.411
p2,308,10,neutral,0,111,278,0.58,1.4526,4,True,B,allenai/OLMo-2-1124-7B-SFT,fewshot,riskneutral,0.84897,0.79209,0,massA=0.12 massB=0.672
p2,1120,37,gain,0,151,252,0.68,1.1348,0,True,B,allenai/OLMo-2-1124-7B-SFT,fewshot,riskneutral,0.62796,0.84155,0,massA=0.313 massB=0.528
p2,725,24,neutral,0,168,214,0.76,0.9681,2,False,A,allenai/OLMo-2-1124-7B-SFT,fewshot,riskneutral,0.96267,0.96447,0,massA=0.928 massB=0.036
p2,1206,3,dominant,0,46,58,1.0,1.2609,3,True,B,allenai/OLMo-2-1124-7B-SFT,fewshot,riskneutral,0.95663,0.94334,0,massA=0.0409 massB=0.902
p2,581,19,gain,0,64,122,0.49,0.9341,0,False,A,allenai/OLMo-2-1124-7B-SFT,fewshot,riskneutral,0.16026,0.88502,0,massA=0.142 massB=0.743
p2,119,3,mixed,46,46,158,0.33,1.1335,4,False,A,allenai/OLMo-2-1124-7B-SFT,fewshot,riskneutral,0.26359,0.68331,0,massA=0.18 massB=0.503
p2,15,0,gain,0,186,984,0.26,1.3755,2,False,A,allenai/OLMo-2-1124-7B-SFT,fewshot,riskneutral,0.57938,0.92967,0,massA=0.539 massB=0.391
p2,1037,34,gain,0,52,96,0.63,1.1631,3,False,A,allenai/OLMo-2-1124-7B-SFT,fewshot,riskneutral,0.22678,0.90525,0,massA=0.205 massB=0.7
p2,647,21,gain,0,106,206,0.73,1.4187,3,False,A,allenai/OLMo-2-1124-7B-SFT,fewshot,riskneutral,0.45907,0.91763,0,massA=0.421 massB=0.496
p2,1122,37,gain,0,151,252,0.68,1.1348,1,True,B,allenai/OLMo-2-1124-7B-SFT,fewshot,riskneutral,0.48244,0.92069,0,massA=0.477 massB=0.444
p2,1252,26,dominant,0,59,73,1.0,1.2373,2,True,B,allenai/OLMo-2-1124-7B-SFT,fewshot,riskneutral,0.86523,0.94771,0,massA=0.128 massB=0.82
p2,961,32,neutral,0,131,236,0.57,1.0269,0,False,A,allenai/OLMo-2-1124-7B-SFT,fewshot,riskneutral,0.47461,0.87699,0,massA=0.416 massB=0.461
p2,897,29,mixed,79,79,81,0.83,0.851,3,False,A,allenai/OLMo-2-1124-7B-SFT,fewshot,riskneutral,0.11879,0.91682,0,massA=0.109 massB=0.808
p2,991,33,neutral,0,142,446,0.53,1.6646,0,False,A,allenai/OLMo-2-1124-7B-SFT,fewshot,riskneutral,0.42249,0.87091,0,massA=0.368 massB=0.503
p2,680,22,mixed,81,81,163,0.72,1.4489,0,True,B,allenai/OLMo-2-1124-7B-SFT,fewshot,riskneutral,0.54093,0.88813,0,massA=0.408 massB=0.48
p2,651,21,mixed,106,106,206,0.73,1.4187,0,False,A,allenai/OLMo-2-1124-7B-SFT,fewshot,riskneutral,0.22541,0.87454,0,massA=0.197 massB=0.677
p2,976,32,gain,0,131,236,0.57,1.0269,3,True,B,allenai/OLMo-2-1124-7B-SFT,fewshot,riskneutral,0.78662,0.89847,0,massA=0.192 massB=0.707
p2,807,26,mixed,59,59,151,0.36,0.9214,3,False,A,allenai/OLMo-2-1124-7B-SFT,fewshot,riskneutral,0.16559,0.93421,0,massA=0.155 massB=0.78
p2,537,17,mixed,117,117,362,0.42,1.2995,3,False,A,allenai/OLMo-2-1124-7B-SFT,fewshot,riskneutral,0.18359,0.92091,0,massA=0.169 massB=0.752
p2,916,30,gain,0,149,447,0.26,0.78,3,True,B,allenai/OLMo-2-1124-7B-SFT,fewshot,riskneutral,0.72487,0.9031,0,massA=0.248 massB=0.655
p2,787,26,neutral,0,59,151,0.36,0.9214,3,False,A,allenai/OLMo-2-1124-7B-SFT,fewshot,riskneutral,0.48048,0.96192,0,massA=0.462 massB=0.5
p2,922,30,mixed,149,149,447,0.26,0.78,1,True,B,allenai/OLMo-2-1124-7B-SFT,fewshot,riskneutral,0.38677,0.9351,0,massA=0.573 massB=0.362
p2,1011,33,mixed,142,142,446,0.53,1.6646,0,False,A,allenai/OLMo-2-1124-7B-SFT,fewshot,riskneutral,0.26435,0.86029,0,massA=0.227 massB=0.633
p2,314,10,gain,0,111,278,0.58,1.4526,2,True,B,allenai/OLMo-2-1124-7B-SFT,fewshot,riskneutral,0.50587,0.94552,0,massA=0.467 massB=0.478
p2,268,8,mixed,62,62,263,0.33,1.3998,4,True,B,allenai/OLMo-2-1124-7B-SFT,fewshot,riskneutral,0.7303,0.64836,0,massA=0.175 massB=0.473
p2,220,7,gain,0,63,98,0.64,0.9956,0,True,B,allenai/OLMo-2-1124-7B-SFT,fewshot,riskneutral,0.56987,0.82955,0,massA=0.357 massB=0.473
p2,1131,37,mixed,151,151,252,0.68,1.1348,0,False,A,allenai/OLMo-2-1124-7B-SFT,fewshot,riskneutral,0.21337,0.86293,0,massA=0.184 massB=0.679
p2,454,15,neutral,0,82,113,0.74,1.0198,2,True,B,allenai/OLMo-2-1124-7B-SFT,fewshot,riskneutral,0.90894,0.96175,0,massA=0.0876 massB=0.874
p2,1203,1,dominant,0,58,72,1.0,1.2414,3,False,A,allenai/OLMo-2-1124-7B-SFT,fewshot,riskneutral,0.90731,0.95316,0,massA=0.865 massB=0.0883
p2,611,20,gain,0,186,266,0.63,0.901,0,False,A,allenai/OLMo-2-1124-7B-SFT,fewshot,riskneutral,0.3451,0.86604,0,massA=0.299 massB=0.567
p2,1201,0,dominant,0,186,240,1.0,1.2903,4,False,A,allenai/OLMo-2-1124-7B-SFT,fewshot,riskneutral,0.92841,0.53657,0,massA=0.498 massB=0.0384
p2,810,27,neutral,0,166,433,0.53,1.3825,0,True,B,allenai/OLMo-2-1124-7B-SFT,fewshot,riskneutral,0.7491,0.82906,0,massA=0.208 massB=0.621
p2,480,16,neutral,0,139,234,0.6,1.0101,0,True,B,allenai/OLMo-2-1124-7B-SFT,fewshot,riskneutral,0.77459,0.87334,0,massA=0.197 massB=0.676
p2,629,20,mixed,186,186,266,0.63,0.901,4,False,A,allenai/OLMo-2-1124-7B-SFT,fewshot,riskneutral,0.34333,0.65676,0,massA=0.225 massB=0.431
p2,446,14,mixed,81,81,201,0.68,1.6874,3,True,B,allenai/OLMo-2-1124-7B-SFT,fewshot,riskneutral,0.69098,0.92706,0,massA=0.286 massB=0.641
p2,731,24,gain,0,168,214,0.76,0.9681,0,False,A,allenai/OLMo-2-1124-7B-SFT,fewshot,riskneutral,0.26283,0.85961,0,massA=0.226 massB=0.634
p2,194,6,gain,0,94,101,0.71,0.7629,2,True,B,allenai/OLMo-2-1124-7B-SFT,fewshot,riskneutral,0.47464,0.94811,0,massA=0.498 massB=0.45
p2,91,3,neutral,0,46,158,0.33,1.1335,0,False,A,allenai/OLMo-2-1124-7B-SFT,fewshot,riskneutral,0.36657,0.85021,0,massA=0.312 massB=0.539
p2,529,17,gain,0,117,362,0.42,1.2995,4,False,A,allenai/OLMo-2-1124-7B-SFT,fewshot,riskneutral,0.20882,0.61744,0,massA=0.129 massB=0.489
p2,1004,33,gain,0,142,446,0.53,1.6646,2,True,B,allenai/OLMo-2-1124-7B-SFT,fewshot,riskneutral,0.53899,0.95008,0,massA=0.438 massB=0.512
p2,172,5,mixed,162,162,381,0.46,1.0819,1,True,B,allenai/OLMo-2-1124-7B-SFT,fewshot,riskneutral,0.47464,0.94645,0,massA=0.497 massB=0.449
p2,1209,4,dominant,0,29,56,1.0,1.931,1,False,A,allenai/OLMo-2-1124-7B-SFT,fewshot,riskneutral,0.89441,0.93232,0,massA=0.834 massB=0.0984
p2,318,10,gain,0,111,278,0.58,1.4526,4,True,B,allenai/OLMo-2-1124-7B-SFT,fewshot,riskneutral,0.74018,0.72156,0,massA=0.187 massB=0.534
p2,967,32,neutral,0,131,236,0.57,1.0269,3,False,A,allenai/OLMo-2-1124-7B-SFT,fewshot,riskneutral,0.60019,0.9566,0,massA=0.574 massB=0.382
p2,841,28,neutral,0,132,181,0.76,1.0421,0,False,A,allenai/OLMo-2-1124-7B-SFT,fewshot,riskneutral,0.54285,0.87859,0,massA=0.477 massB=0.402
p2,1160,38,mixed,183,183,609,0.38,1.2646,0,True,B,allenai/OLMo-2-1124-7B-SFT,fewshot,riskneutral,0.43784,0.88238,0,massA=0.496 massB=0.386
p2,384,12,mixed,164,164,541,0.38,1.2535,2,True,B,allenai/OLMo-2-1124-7B-SFT,fewshot,riskneutral,0.51758,0.94786,0,massA=0.457 massB=0.491
p2,821,27,gain,0,166,433,0.53,1.3825,0,False,A,allenai/OLMo-2-1124-7B-SFT,fewshot,riskneutral,0.40921,0.86615,0,massA=0.354 massB=0.512
p2,70,2,gain,0,162,661,0.26,1.0609,0,True,B,allenai/OLMo-2-1124-7B-SFT,fewshot,riskneutral,0.4883,0.84062,0,massA=0.43 massB=0.41
p2,1076,35,mixed,91,91,133,0.68,0.9938,3,True,B,allenai/OLMo-2-1124-7B-SFT,fewshot,riskneutral,0.60953,0.92923,0,massA=0.363 massB=0.566
p2,177,5,mixed,162,162,381,0.46,1.0819,3,False,A,allenai/OLMo-2-1124-7B-SFT,fewshot,riskneutral,0.18952,0.92202,0,massA=0.175 massB=0.747
p2,688,22,mixed,81,81,163,0.72,1.4489,4,True,B,allenai/OLMo-2-1124-7B-SFT,fewshot,riskneutral,0.82839,0.73432,0,massA=0.126 massB=0.608
p2,670,22,gain,0,81,163,0.72,1.4489,0,True,B,allenai/OLMo-2-1124-7B-SFT,fewshot,riskneutral,0.6002,0.82336,0,massA=0.329 massB=0.494
p2,896,29,mixed,79,79,81,0.83,0.851,3,True,B,allenai/OLMo-2-1124-7B-SFT,fewshot,riskneutral,0.31743,0.91599,0,massA=0.625 massB=0.291
p2,372,12,gain,0,164,541,0.38,1.2535,1,True,B,allenai/OLMo-2-1124-7B-SFT,fewshot,riskneutral,0.50002,0.92551,0,massA=0.463 massB=0.463
p2,434,14,gain,0,81,201,0.68,1.6874,2,True,B,allenai/OLMo-2-1124-7B-SFT,fewshot,riskneutral,0.50782,0.94507,0,massA=0.465 massB=0.48
p2,1173,39,neutral,0,178,567,0.32,1.0193,1,False,A,allenai/OLMo-2-1124-7B-SFT,fewshot,riskneutral,0.37752,0.92466,0,massA=0.349 massB=0.576
p2,928,30,mixed,149,149,447,0.26,0.78,4,True,B,allenai/OLMo-2-1124-7B-SFT,fewshot,riskneutral,0.71463,0.64497,0,massA=0.184 massB=0.461
p2,191,6,gain,0,94,101,0.71,0.7629,0,False,A,allenai/OLMo-2-1124-7B-SFT,fewshot,riskneutral,0.32252,0.86204,0,massA=0.278 massB=0.584
p2,133,4,gain,0,29,71,0.55,1.3466,1,False,A,allenai/OLMo-2-1124-7B-SFT,fewshot,riskneutral,0.36476,0.91252,0,massA=0.333 massB=0.58
p2,635,21,neutral,0,106,206,0.73,1.4187,2,False,A,allenai/OLMo-2-1124-7B-SFT,fewshot,riskneutral,0.96323,0.95618,0,massA=0.921 massB=0.0352
p2,990,33,neutral,0,142,446,0.53,1.6646,0,True,B,allenai/OLMo-2-1124-7B-SFT,fewshot,riskneutral,0.74762,0.84558,0,massA=0.213 massB=0.632
p2,536,17,mixed,117,117,362,0.42,1.2995,3,True,B,allenai/OLMo-2-1124-7B-SFT,fewshot,riskneutral,0.52537,0.93691,0,massA=0.445 massB=0.492
p2,1245,22,dominant,0,81,109,1.0,1.3457,1,False,A,allenai/OLMo-2-1124-7B-SFT,fewshot,riskneutral,0.88914,0.94437,0,massA=0.84 massB=0.105
p2,833,27,mixed,166,166,433,0.53,1.3825,1,False,A,allenai/OLMo-2-1124-7B-SFT,fewshot,riskneutral,0.64063,0.93981,0,massA=0.602 massB=0.338
p2,702,23,gain,0,91,626,0.23,1.5822,1,True,B,allenai/OLMo-2-1124-7B-SFT,fewshot,riskneutral,0.50392,0.9334,0,massA=0.463 massB=0.47
p2,407,13,gain,0,72,88,0.64,0.7822,3,False,A,allenai/OLMo-2-1124-7B-SFT,fewshot,riskneutral,0.07185,0.91501,0,massA=0.0657 massB=0.849
p2,710,23,mixed,91,91,626,0.23,1.5822,0,True,B,allenai/OLMo-2-1124-7B-SFT,fewshot,riskneutral,0.36298,0.84518,0,massA=0.538 massB=0.307
p2,253,8,gain,0,62,263,0.33,1.3998,1,False,A,allenai/OLMo-2-1124-7B-SFT,fewshot,riskneutral,0.24944,0.92973,0,massA=0.232 massB=0.698
p2,234,7,mixed,63,63,98,0.64,0.9956,2,True,B,allenai/OLMo-2-1124-7B-SFT,fewshot,riskneutral,0.53899,0.94811,0,massA=0.437 massB=0.511
p2,1135,37,mixed,151,151,252,0.68,1.1348,2,False,A,allenai/OLMo-2-1124-7B-SFT,fewshot,riskneutral,0.6334,0.95058,0,massA=0.602 massB=0.348
p2,1088,36,neutral,0,98,227,0.47,1.0887,4,True,B,allenai/OLMo-2-1124-7B-SFT,fewshot,riskneutral,0.74018,0.7556,0,massA=0.196 massB=0.559
p2,906,30,neutral,0,149,447,0.26,0.78,3,True,B,allenai/OLMo-2-1124-7B-SFT,fewshot,riskneutral,0.46296,0.95177,0,massA=0.511 massB=0.441
p2,413,13,mixed,72,72,88,0.64,0.7822,1,False,A,allenai/OLMo-2-1124-7B-SFT,fewshot,riskneutral,0.52731,0.9369,0,massA=0.494 massB=0.443
p2,385,12,mixed,164,164,541,0.38,1.2535,2,False,A,allenai/OLMo-2-1124-7B-SFT,fewshot,riskneutral,0.58698,0.94529,0,massA=0.555 massB=0.39
p2,131,4,gain,0,29,71,0.55,1.3466,0,False,A,allenai/OLMo-2-1124-7B-SFT,fewshot,riskneutral,0.45325,0.85168,0,massA=0.386 massB=0.466
p2,1258,29,dominant,0,79,118,1.0,1.4937,3,True,B,allenai/OLMo-2-1124-7B-SFT,fewshot,riskneutral,0.97293,0.94525,0,massA=0.0256 massB=0.92
p2,182,6,neutral,0,94,101,0.71,0.7629,1,True,B,allenai/OLMo-2-1124-7B-SFT,fewshot,riskneutral,0.66716,0.92788,0,massA=0.309 massB=0.619
p2,849,28,neutral,0,132,181,0.76,1.0421,4,False,A,allenai/OLMo-2-1124-7B-SFT,fewshot,riskneutral,0.55446,0.52397,0,massA=0.291 massB=0.233
p2,987,32,mixed,131,131,236,0.57,1.0269,3,False,A,allenai/OLMo-2-1124-7B-SFT,fewshot,riskneutral,0.25982,0.9269,0,massA=0.241 massB=0.686
p2,604,20,neutral,0,186,266,0.63,0.901,2,True,B,allenai/OLMo-2-1124-7B-SFT,fewshot,riskneutral,0.78133,0.95304,0,massA=0.208 massB=0.745
p2,778,25,mixed,124,124,207,0.76,1.2687,4,True,B,allenai/OLMo-2-1124-7B-SFT,fewshot,riskneutral,0.78663,0.64572,0,massA=0.138 massB=0.508
p2,415,13,mixed,72,72,88,0.64,0.7822,2,False,A,allenai/OLMo-2-1124-7B-SFT,fewshot,riskneutral,0.43974,0.94255,0,massA=0.414 massB=0.528
p2,1248,24,dominant,0,168,180,1.0,1.0714,1,True,B,allenai/OLMo-2-1124-7B-SFT,fewshot,riskneutral,0.65666,0.93751,0,massA=0.322 massB=0.616
p2,593,19,mixed,64,64,122,0.49,0.9341,1,False,A,allenai/OLMo-2-1124-7B-SFT,fewshot,riskneutral,0.55832,0.93342,0,massA=0.521 massB=0.412
p2,649,21,gain,0,106,206,0.73,1.4187,4,False,A,allenai/OLMo-2-1124-7B-SFT,fewshot,riskneutral,0.52925,0.55264,0,massA=0.292 massB=0.26
p2,80,2,mixed,162,162,661,0.26,1.0609,0,True,B,allenai/OLMo-2-1124-7B-SFT,fewshot,riskneutral,0.40546,0.86665,0,massA=0.515 massB=0.351
p2,490,16,gain,0,139,234,0.6,1.0101,0,True,B,allenai/OLMo-2-1124-7B-SFT,fewshot,riskneutral,0.64424,0.82556,0,massA=0.294 massB=0.532
p2,867,28,mixed,132,132,181,0.76,1.0421,3,False,A,allenai/OLMo-2-1124-7B-SFT,fewshot,riskneutral,0.20689,0.921,0,massA=0.191 massB=0.73
p2,587,19,gain,0,64,122,0.49,0.9341,3,False,A,allenai/OLMo-2-1124-7B-SFT,fewshot,riskneutral,0.0824,0.92316,0,massA=0.0761 massB=0.847
p2,429,14,neutral,0,81,201,0.68,1.6874,4,False,A,allenai/OLMo-2-1124-7B-SFT,fewshot,riskneutral,0.3849,0.54738,0,massA=0.211 massB=0.337
p2,418,13,mixed,72,72,88,0.64,0.7822,4,True,B,allenai/OLMo-2-1124-7B-SFT,fewshot,riskneutral,0.64513,0.57139,0,massA=0.203 massB=0.369
p2,492,16,gain,0,139,234,0.6,1.0101,1,True,B,allenai/OLMo-2-1124-7B-SFT,fewshot,riskneutral,0.49025,0.91913,0,massA=0.469 massB=0.451
p2,1043,34,mixed,52,52,96,0.63,1.1631,1,False,A,allenai/OLMo-2-1124-7B-SFT,fewshot,riskneutral,0.62794,0.93797,0,massA=0.589 massB=0.349
p2,113,3,mixed,46,46,158,0.33,1.1335,1,False,A,allenai/OLMo-2-1124-7B-SFT,fewshot,riskneutral,0.5312,0.93504,0,massA=0.497 massB=0.438
p2,296,9,mixed,49,49,153,0.26,0.8118,3,True,B,allenai/OLMo-2-1124-7B-SFT,fewshot,riskneutral,0.55833,0.93359,0,massA=0.412 massB=0.521
p2,106,3,gain,0,46,158,0.33,1.1335,3,True,B,allenai/OLMo-2-1124-7B-SFT,fewshot,riskneutral,0.63523,0.92235,0,massA=0.336 massB=0.586
p2,96,3,neutral,0,46,158,0.33,1.1335,3,True,B,allenai/OLMo-2-1124-7B-SFT,fewshot,riskneutral,0.84594,0.9626,0,massA=0.148 massB=0.814
p2,1168,38,mixed,183,183,609,0.38,1.2646,4,True,B,allenai/OLMo-2-1124-7B-SFT,fewshot,riskneutral,0.74466,0.68205,0,massA=0.174 massB=0.508
p2,678,22,gain,0,81,163,0.72,1.4489,4,True,B,allenai/OLMo-2-1124-7B-SFT,fewshot,riskneutral,0.77047,0.70747,0,massA=0.162 massB=0.545
p2,249,8,neutral,0,62,263,0.33,1.3998,4,False,A,allenai/OLMo-2-1124-7B-SFT,fewshot,riskneutral,0.32252,0.59601,0,massA=0.192 massB=0.404
p2,518,17,neutral,0,117,362,0.42,1.2995,4,True,B,allenai/OLMo-2-1124-7B-SFT,fewshot,riskneutral,0.76207,0.79217,0,massA=0.188 massB=0.604
p2,88,2,mixed,162,162,661,0.26,1.0609,4,True,B,allenai/OLMo-2-1124-7B-SFT,fewshot,riskneutral,0.70903,0.70797,0,massA=0.206 massB=0.502
p2,289,9,gain,0,49,153,0.26,0.8118,4,False,A,allenai/OLMo-2-1124-7B-SFT,fewshot,riskneutral,0.20117,0.56468,0,massA=0.114 massB=0.451
p2,914,30,gain,0,149,447,0.26,0.78,2,True,B,allenai/OLMo-2-1124-7B-SFT,fewshot,riskneutral,0.41491,0.95235,0,massA=0.557 massB=0.395
p2,885,29,gain,0,79,81,0.83,0.851,2,False,A,allenai/OLMo-2-1124-7B-SFT,fewshot,riskneutral,0.66713,0.93262,0,massA=0.622 massB=0.31
p2,640,21,gain,0,106,206,0.73,1.4187,0,True,B,allenai/OLMo-2-1124-7B-SFT,fewshot,riskneutral,0.61695,0.84626,0,massA=0.324 massB=0.522
p2,766,25,gain,0,124,207,0.76,1.2687,3,True,B,allenai/OLMo-2-1124-7B-SFT,fewshot,riskneutral,0.77185,0.88244,0,massA=0.201 massB=0.681
p2,470,15,mixed,82,82,113,0.74,1.0198,0,True,B,allenai/OLMo-2-1124-7B-SFT,fewshot,riskneutral,0.40546,0.88769,0,massA=0.528 massB=0.36
p2,463,15,gain,0,82,113,0.74,1.0198,1,False,A,allenai/OLMo-2-1124-7B-SFT,fewshot,riskneutral,0.36657,0.92535,0,massA=0.339 massB=0.586
p2,163,5,gain,0,162,381,0.46,1.0819,1,False,A,allenai/OLMo-2-1124-7B-SFT,fewshot,riskneutral,0.24798,0.92309,0,massA=0.229 massB=0.694
p2,175,5,mixed,162,162,381,0.46,1.0819,2,False,A,allenai/OLMo-2-1124-7B-SFT,fewshot,riskneutral,0.62428,0.94272,0,massA=0.589 massB=0.354
p2,473,15,mixed,82,82,113,0.74,1.0198,1,False,A,allenai/OLMo-2-1124-7B-SFT,fewshot,riskneutral,0.59642,0.93608,0,massA=0.558 massB=0.378
p2,313,10,gain,0,111,278,0.58,1.4526,1,False,A,allenai/OLMo-2-1124-7B-SFT,fewshot,riskneutral,0.30073,0.91928,0,massA=0.276 massB=0.643
p2,712,23,mixed,91,91,626,0.23,1.5822,1,True,B,allenai/OLMo-2-1124-7B-SFT,fewshot,riskneutral,0.44168,0.93843,0,massA=0.524 massB=0.414
p2,1257,28,dominant,0,132,158,1.0,1.197,1,False,A,allenai/OLMo-2-1124-7B-SFT,fewshot,riskneutral,0.8344,0.94497,0,massA=0.788 massB=0.156
p2,790,26,gain,0,59,151,0.36,0.9214,0,True,B,allenai/OLMo-2-1124-7B-SFT,fewshot,riskneutral,0.48635,0.85743,0,massA=0.44 massB=0.417
p2,1253,26,dominant,0,59,73,1.0,1.2373,3,False,A,allenai/OLMo-2-1124-7B-SFT,fewshot,riskneutral,0.91877,0.95714,0,massA=0.879 massB=0.0777
p2,685,22,mixed,81,81,163,0.72,1.4489,2,False,A,allenai/OLMo-2-1124-7B-SFT,fewshot,riskneutral,0.76206,0.94358,0,massA=0.719 massB=0.225
p2,1138,37,mixed,151,151,252,0.68,1.1348,4,True,B,allenai/OLMo-2-1124-7B-SFT,fewshot,riskneutral,0.78333,0.6782,0,massA=0.147 massB=0.531
p2,755,25,neutral,0,124,207,0.76,1.2687,2,False,A,allenai/OLMo-2-1124-7B-SFT,fewshot,riskneutral,0.95663,0.96324,0,massA=0.921 massB=0.0418
p2,1028,34,neutral,0,52,96,0.63,1.1631,4,True,B,allenai/OLMo-2-1124-7B-SFT,fewshot,riskneutral,0.93121,0.85344,0,massA=0.0587 massB=0.795
p2,238,7,mixed,63,63,98,0.64,0.9956,4,True,B,allenai/OLMo-2-1124-7B-SFT,fewshot,riskneutral,0.70417,0.61836,0,massA=0.183 massB=0.435
p2,16,0,gain,0,186,984,0.26,1.3755,3,True,B,allenai/OLMo-2-1124-7B-SFT,fewshot,riskneutral,0.57559,0.91085,0,massA=0.387 massB=0.524
p2,804,26,mixed,59,59,151,0.36,0.9214,2,True,B,allenai/OLMo-2-1124-7B-SFT,fewshot,riskneutral,0.539,0.94911,0,massA=0.438 massB=0.512
p2,1020,34,neutral,0,52,96,0.63,1.1631,0,True,B,allenai/OLMo-2-1124-7B-SFT,fewshot,riskneutral,0.75923,0.86024,0,massA=0.207 massB=0.653
p2,607,20,neutral,0,186,266,0.63,0.901,3,False,A,allenai/OLMo-2-1124-7B-SFT,fewshot,riskneutral,0.70089,0.95572,0,massA=0.67 massB=0.286
p2,47,1,gain,0,58,116,0.66,1.32,3,False,A,allenai/OLMo-2-1124-7B-SFT,fewshot,riskneutral,0.28777,0.89933,0,massA=0.259 massB=0.641
p2,401,13,gain,0,72,88,0.64,0.7822,0,False,A,allenai/OLMo-2-1124-7B-SFT,fewshot,riskneutral,0.20434,0.86892,0,massA=0.178 massB=0.691
p2,594,19,mixed,64,64,122,0.49,0.9341,2,True,B,allenai/OLMo-2-1124-7B-SFT,fewshot,riskneutral,0.51953,0.94487,0,massA=0.454 massB=0.491
p2,159,5,neutral,0,162,381,0.46,1.0819,4,False,A,allenai/OLMo-2-1124-7B-SFT,fewshot,riskneutral,0.44166,0.56077,0,massA=0.248 massB=0.313
p2,1012,33,mixed,142,142,446,0.53,1.6646,1,True,B,allenai/OLMo-2-1124-7B-SFT,fewshot,riskneutral,0.50782,0.95003,0,massA=0.468 massB=0.482
p2,717,23,mixed,91,91,626,0.23,1.5822,3,False,A,allenai/OLMo-2-1124-7B-SFT,fewshot,riskneutral,0.17781,0.91558,0,massA=0.163 massB=0.753
p2,202,6,mixed,94,94,101,0.71,0.7629,1,True,B,allenai/OLMo-2-1124-7B-SFT,fewshot,riskneutral,0.36117,0.93094,0,massA=0.595 massB=0.336
p2,72,2,gain,0,162,661,0.26,1.0609,1,True,B,allenai/OLMo-2-1124-7B-SFT,fewshot,riskneutral,0.38863,0.92955,0,massA=0.568 massB=0.361
p2,460,15,gain,0,82,113,0.74,1.0198,0,True,B,allenai/OLMo-2-1124-7B-SFT,fewshot,riskneutral,0.68428,0.82628,0,massA=0.261 massB=0.565
p2,542,18,neutral,0,41,61,0.58,0.8629,1,True,B,allenai/OLMo-2-1124-7B-SFT,fewshot,riskneutral,0.64602,0.92041,0,massA=0.326 massB=0.595
p2,1158,38,gain,0,183,609,0.38,1.2646,4,True,B,allenai/OLMo-2-1124-7B-SFT,fewshot,riskneutral,0.75492,0.72385,0,massA=0.177 massB=0.546
p2,108,3,gain,0,46,158,0.33,1.1335,4,True,B,allenai/OLMo-2-1124-7B-SFT,fewshot,riskneutral,0.5756,0.61519,0,massA=0.261 massB=0.354
p2,628,20,mixed,186,186,266,0.63,0.901,4,True,B,allenai/OLMo-2-1124-7B-SFT,fewshot,riskneutral,0.73792,0.63303,0,massA=0.166 massB=0.467
p2,246,8,neutral,0,62,263,0.33,1.3998,3,True,B,allenai/OLMo-2-1124-7B-SFT,fewshot,riskneutral,0.65666,0.95964,0,massA=0.329 massB=0.63
p2,865,28,mixed,132,132,181,0.76,1.0421,2,False,A,allenai/OLMo-2-1124-7B-SFT,fewshot,riskneutral,0.62976,0.94577,0,massA=0.596 massB=0.35
p2,891,29,mixed,79,79,81,0.83,0.851,0,False,A,allenai/OLMo-2-1124-7B-SFT,fewshot,riskneutral,0.16026,0.84748,0,massA=0.136 massB=0.712
p2,866,28,mixed,132,132,181,0.76,1.0421,3,True,B,allenai/OLMo-2-1124-7B-SFT,fewshot,riskneutral,0.65136,0.93281,0,massA=0.325 massB=0.608
p2,946,31,gain,0,51,151,0.29,0.8586,3,True,B,allenai/OLMo-2-1124-7B-SFT,fewshot,riskneutral,0.53316,0.91866,0,massA=0.429 massB=0.49
p2,68,2,neutral,0,162,661,0.26,1.0609,4,True,B,allenai/OLMo-2-1124-7B-SFT,fewshot,riskneutral,0.67918,0.716,0,massA=0.23 massB=0.486
p2,203,6,mixed,94,94,101,0.71,0.7629,1,False,A,allenai/OLMo-2-1124-7B-SFT,fewshot,riskneutral,0.54867,0.93604,0,massA=0.514 massB=0.422
p2,1083,36,neutral,0,98,227,0.47,1.0887,1,False,A,allenai/OLMo-2-1124-7B-SFT,fewshot,riskneutral,0.39792,0.92637,0,massA=0.369 massB=0.558
p2,732,24,gain,0,168,214,0.76,0.9681,1,True,B,allenai/OLMo-2-1124-7B-SFT,fewshot,riskneutral,0.4688,0.92939,0,massA=0.494 massB=0.436
p2,656,21,mixed,106,106,206,0.73,1.4187,3,True,B,allenai/OLMo-2-1124-7B-SFT,fewshot,riskneutral,0.53121,0.94111,0,massA=0.441 massB=0.5
p2,11,0,gain,0,186,984,0.26,1.3755,0,False,A,allenai/OLMo-2-1124-7B-SFT,fewshot,riskneutral,0.22405,0.86031,0,massA=0.193 massB=0.668
p2,758,25,neutral,0,124,207,0.76,1.2687,4,True,B,allenai/OLMo-2-1124-7B-SFT,fewshot,riskneutral,0.93146,0.84688,0,massA=0.058 massB=0.789
p2,56,1,mixed,58,58,116,0.66,1.32,3,True,B,allenai/OLMo-2-1124-7B-SFT,fewshot,riskneutral,0.51562,0.93073,0,massA=0.451 massB=0.48
p2,1167,38,mixed,183,183,609,0.38,1.2646,3,False,A,allenai/OLMo-2-1124-7B-SFT,fewshot,riskneutral,0.15817,0.92913,0,massA=0.147 massB=0.782
p2,696,23,neutral,0,91,626,0.23,1.5822,3,True,B,allenai/OLMo-2-1124-7B-SFT,fewshot,riskneutral,0.77865,0.95001,0,massA=0.21 massB=0.74
p2,306,10,neutral,0,111,278,0.58,1.4526,3,True,B,allenai/OLMo-2-1124-7B-SFT,fewshot,riskneutral,0.73259,0.94056,0,massA=0.252 massB=0.689
p2,136,4,gain,0,29,71,0.55,1.3466,3,True,B,allenai/OLMo-2-1124-7B-SFT,fewshot,riskneutral,0.69265,0.89477,0,massA=0.275 massB=0.62
p2,447,14,mixed,81,81,201,0.68,1.6874,3,False,A,allenai/OLMo-2-1124-7B-SFT,fewshot,riskneutral,0.26588,0.92066,0,massA=0.245 massB=0.676
p2,829,27,gain,0,166,433,0.53,1.3825,4,False,A,allenai/OLMo-2-1124-7B-SFT,fewshot,riskneutral,0.45906,0.55436,0,massA=0.254 massB=0.3
p2,777,25,mixed,124,124,207,0.76,1.2687,3,False,A,allenai/OLMo-2-1124-7B-SFT,fewshot,riskneutral,0.29259,0.92055,0,massA=0.269 massB=0.651
p2,383,12,mixed,164,164,541,0.38,1.2535,1,False,A,allenai/OLMo-2-1124-7B-SFT,fewshot,riskneutral,0.59454,0.93439,0,massA=0.556 massB=0.379
p2,222,7,gain,0,63,98,0.64,0.9956,1,True,B,allenai/OLMo-2-1124-7B-SFT,fewshot,riskneutral,0.47465,0.92253,0,massA=0.485 massB=0.438
p2,1087,36,neutral,0,98,227,0.47,1.0887,3,False,A,allenai/OLMo-2-1124-7B-SFT,fewshot,riskneutral,0.40922,0.94909,0,massA=0.388 massB=0.561
p2,226,7,gain,0,63,98,0.64,0.9956,3,True,B,allenai/OLMo-2-1124-7B-SFT,fewshot,riskneutral,0.71223,0.88727,0,massA=0.255 massB=0.632
p2,160,5,gain,0,162,381,0.46,1.0819,0,True,B,allenai/OLMo-2-1124-7B-SFT,fewshot,riskneutral,0.57178,0.83731,0,massA=0.359 massB=0.479
p2,48,1,gain,0,58,116,0.66,1.32,4,True,B,allenai/OLMo-2-1124-7B-SFT,fewshot,riskneutral,0.73565,0.69345,0,massA=0.183 massB=0.51
p2,940,31,gain,0,51,151,0.29,0.8586,0,True,B,allenai/OLMo-2-1124-7B-SFT,fewshot,riskneutral,0.42825,0.84105,0,massA=0.481 massB=0.36
p2,20,0,mixed,186,186,984,0.26,1.3755,0,True,B,allenai/OLMo-2-1124-7B-SFT,fewshot,riskneutral,0.39795,0.87263,0,massA=0.525 massB=0.347
p2,818,27,neutral,0,166,433,0.53,1.3825,4,True,B,allenai/OLMo-2-1124-7B-SFT,fewshot,riskneutral,0.91877,0.80943,0,massA=0.0657 massB=0.744
p2,576,19,neutral,0,64,122,0.49,0.9341,3,True,B,allenai/OLMo-2-1124-7B-SFT,fewshot,riskneutral,0.70253,0.94886,0,massA=0.282 massB=0.667
p2,26,0,mixed,186,186,984,0.26,1.3755,3,True,B,allenai/OLMo-2-1124-7B-SFT,fewshot,riskneutral,0.54481,0.94373,0,massA=0.43 massB=0.514
p2,573,19,neutral,0,64,122,0.49,0.9341,1,False,A,allenai/OLMo-2-1124-7B-SFT,fewshot,riskneutral,0.38304,0.91353,0,massA=0.35 massB=0.564
p2,781,26,neutral,0,59,151,0.36,0.9214,0,False,A,allenai/OLMo-2-1124-7B-SFT,fewshot,riskneutral,0.33111,0.87084,0,massA=0.288 massB=0.582
p2,559,18,gain,0,41,61,0.58,0.8629,4,False,A,allenai/OLMo-2-1124-7B-SFT,fewshot,riskneutral,0.44551,0.50566,0,massA=0.225 massB=0.28
p2,839,27,mixed,166,166,433,0.53,1.3825,4,False,A,allenai/OLMo-2-1124-7B-SFT,fewshot,riskneutral,0.3451,0.70096,0,massA=0.242 massB=0.459
p2,764,25,gain,0,124,207,0.76,1.2687,2,True,B,allenai/OLMo-2-1124-7B-SFT,fewshot,riskneutral,0.48829,0.94657,0,massA=0.484 massB=0.462
p2,858,28,gain,0,132,181,0.76,1.0421,4,True,B,allenai/OLMo-2-1124-7B-SFT,fewshot,riskneutral,0.77459,0.73141,0,massA=0.165 massB=0.567
p2,198,6,gain,0,94,101,0.71,0.7629,4,True,B,allenai/OLMo-2-1124-7B-SFT,fewshot,riskneutral,0.7303,0.71292,0,massA=0.192 massB=0.521
p2,899,29,mixed,79,79,81,0.83,0.851,4,False,A,allenai/OLMo-2-1124-7B-SFT,fewshot,riskneutral,0.16026,0.72861,0,massA=0.117 massB=0.612
p2,752,25,neutral,0,124,207,0.76,1.2687,1,True,B,allenai/OLMo-2-1124-7B-SFT,fewshot,riskneutral,0.60581,0.93205,0,massA=0.367 massB=0.565
p2,183,6,neutral,0,94,101,0.71,0.7629,1,False,A,allenai/OLMo-2-1124-7B-SFT,fewshot,riskneutral,0.69262,0.91551,0,massA=0.634 massB=0.281
p2,277,9,neutral,0,49,153,0.26,0.8118,3,False,A,allenai/OLMo-2-1124-7B-SFT,fewshot,riskneutral,0.4206,0.95391,0,massA=0.401 massB=0.553
p2,1186,39,gain,0,178,567,0.32,1.0193,3,True,B,allenai/OLMo-2-1124-7B-SFT,fewshot,riskneutral,0.70416,0.90641,0,massA=0.268 massB=0.638
p2,894,29,mixed,79,79,81,0.83,0.851,2,True,B,allenai/OLMo-2-1124-7B-SFT,fewshot,riskneutral,0.37389,0.94556,0,massA=0.592 massB=0.354
p2,1141,38,neutral,0,183,609,0.38,1.2646,0,False,A,allenai/OLMo-2-1124-7B-SFT,fewshot,riskneutral,0.35218,0.87841,0,massA=0.309 massB=0.569
p2,53,1,mixed,58,58,116,0.66,1.32,1,False,A,allenai/OLMo-2-1124-7B-SFT,fewshot,riskneutral,0.5832,0.93115,0,massA=0.543 massB=0.388
p2,282,9,gain,0,49,153,0.26,0.8118,1,True,B,allenai/OLMo-2-1124-7B-SFT,fewshot,riskneutral,0.36479,0.93317,0,massA=0.593 massB=0.34
p2,1010,33,mixed,142,142,446,0.53,1.6646,0,True,B,allenai/OLMo-2-1124-7B-SFT,fewshot,riskneutral,0.53511,0.87621,0,massA=0.407 massB=0.469
p2,623,20,mixed,186,186,266,0.63,0.901,1,False,A,allenai/OLMo-2-1124-7B-SFT,fewshot,riskneutral,0.64422,0.93447,0,massA=0.602 massB=0.332
p2,122,4,neutral,0,29,71,0.55,1.3466,1,True,B,allenai/OLMo-2-1124-7B-SFT,fewshot,riskneutral,0.54675,0.91474,0,massA=0.415 massB=0.5
p2,452,15,neutral,0,82,113,0.74,1.0198,1,True,B,allenai/OLMo-2-1124-7B-SFT,fewshot,riskneutral,0.76909,0.94005,0,massA=0.217 massB=0.723
p2,1117,37,neutral,0,151,252,0.68,1.1348,3,False,A,allenai/OLMo-2-1124-7B-SFT,fewshot,riskneutral,0.73867,0.96134,0,massA=0.71 massB=0.251
p2,190,6,gain,0,94,101,0.71,0.7629,0,True,B,allenai/OLMo-2-1124-7B-SFT,fewshot,riskneutral,0.65314,0.81807,0,massA=0.284 massB=0.534
p2,464,15,gain,0,82,113,0.74,1.0198,2,True,B,allenai/OLMo-2-1124-7B-SFT,fewshot,riskneutral,0.58701,0.94768,0,massA=0.391 massB=0.556
p2,881,29,gain,0,79,81,0.83,0.851,0,False,A,allenai/OLMo-2-1124-7B-SFT,fewshot,riskneutral,0.30238,0.85859,0,massA=0.26 massB=0.599
p2,980,32,mixed,131,131,236,0.57,1.0269,0,True,B,allenai/OLMo-2-1124-7B-SFT,fewshot,riskneutral,0.47659,0.87203,0,massA=0.456 massB=0.416
p2,793,26,gain,0,59,151,0.36,0.9214,1,False,A,allenai/OLMo-2-1124-7B-SFT,fewshot,riskneutral,0.23792,0.93411,0,massA=0.222 massB=0.712
p2,1197,39,mixed,178,178,567,0.32,1.0193,3,False,A,allenai/OLMo-2-1124-7B-SFT,fewshot,riskneutral,0.16344,0.92301,0,massA=0.151 massB=0.772
p2,1232,16,dominant,0,139,190,1.0,1.3669,2,True,B,allenai/OLMo-2-1124-7B-SFT,fewshot,riskneutral,0.87104,0.94814,0,massA=0.122 massB=0.826
p2,880,29,gain,0,79,81,0.83,0.851,0,True,B,allenai/OLMo-2-1124-7B-SFT,fewshot,riskneutral,0.5756,0.82806,0,massA=0.351 massB=0.477
p2,595,19,mixed,64,64,122,0.49,0.9341,2,False,A,allenai/OLMo-2-1124-7B-SFT,fewshot,riskneutral,0.53314,0.93374,0,massA=0.498 massB=0.436
p2,1068,35,gain,0,91,133,0.68,0.9938,4,True,B,allenai/OLMo-2-1124-7B-SFT,fewshot,riskneutral,0.67062,0.68027,0,massA=0.224 massB=0.456
p2,1098,36,gain,0,98,227,0.47,1.0887,4,True,B,allenai/OLMo-2-1124-7B-SFT,fewshot,riskneutral,0.75708,0.71708,0,massA=0.174 massB=0.543
p2,25,0,mixed,186,186,984,0.26,1.3755,2,False,A,allenai/OLMo-2-1124-7B-SFT,fewshot,riskneutral,0.60392,0.94538,0,massA=0.571 massB=0.374
p2,620,20,mixed,186,186,266,0.63,0.901,0,True,B,allenai/OLMo-2-1124-7B-SFT,fewshot,riskneutral,0.40546,0.8771,0,massA=0.521 massB=0.356
p2,622,20,mixed,186,186,266,0.63,0.901,1,True,B,allenai/OLMo-2-1124-7B-SFT,fewshot,riskneutral,0.4187,0.94344,0,massA=0.548 massB=0.395
p2,66,2,neutral,0,162,661,0.26,1.0609,3,True,B,allenai/OLMo-2-1124-7B-SFT,fewshot,riskneutral,0.66367,0.95538,0,massA=0.321 massB=0.634
p2,510,17,neutral,0,117,362,0.42,1.2995,0,True,B,allenai/OLMo-2-1124-7B-SFT,fewshot,riskneutral,0.71224,0.83598,0,massA=0.241 massB=0.595
p2,927,30,mixed,149,149,447,0.26,0.78,3,False,A,allenai/OLMo-2-1124-7B-SFT,fewshot,riskneutral,0.14223,0.92531,0,massA=0.132 massB=0.794
p2,9,0,neutral,0,186,984,0.26,1.3755,4,False,A,allenai/OLMo-2-1124-7B-SFT,fewshot,riskneutral,0.27668,0.63755,0,massA=0.176 massB=0.461
p2,1061,35,gain,0,91,133,0.68,0.9938,0,False,A,allenai/OLMo-2-1124-7B-SFT,fewshot,riskneutral,0.2323,0.86361,0,massA=0.201 massB=0.663
p2,517,17,neutral,0,117,362,0.42,1.2995,3,False,A,allenai/OLMo-2-1124-7B-SFT,fewshot,riskneutral,0.34687,0.93475,0,massA=0.324 massB=0.611
p2,799,26,gain,0,59,151,0.36,0.9214,4,False,A,allenai/OLMo-2-1124-7B-SFT,fewshot,riskneutral,0.25906,0.61327,0,massA=0.159 massB=0.454
p2,1239,19,dominant,0,64,91,1.0,1.4219,4,False,A,allenai/OLMo-2-1124-7B-SFT,fewshot,riskneutral,0.92021,0.60265,0,massA=0.555 massB=0.0481
p2,116,3,mixed,46,46,158,0.33,1.1335,3,True,B,allenai/OLMo-2-1124-7B-SFT,fewshot,riskneutral,0.52927,0.93383,0,massA=0.44 massB=0.494
p2,1264,32,dominant,0,131,144,1.0,1.0992,4,True,B,allenai/OLMo-2-1124-7B-SFT,fewshot,riskneutral,0.77047,0.87674,0,massA=0.201 massB=0.675
p2,870,29,neutral,0,79,81,0.83,0.851,0,True,B,allenai/OLMo-2-1124-7B-SFT,fewshot,riskneutral,0.69265,0.85609,0,massA=0.263 massB=0.593
p2,104,3,gain,0,46,158,0.33,1.1335,2,True,B,allenai/OLMo-2-1124-7B-SFT,fewshot,riskneutral,0.39422,0.9541,0,massA=0.578 massB=0.376
p2,76,2,gain,0,162,661,0.26,1.0609,3,True,B,allenai/OLMo-2-1124-7B-SFT,fewshot,riskneutral,0.6478,0.90383,0,massA=0.318 massB=0.586
p2,46,1,gain,0,58,116,0.66,1.32,3,True,B,allenai/OLMo-2-1124-7B-SFT,fewshot,riskneutral,0.72798,0.89214,0,massA=0.243 massB=0.649
p2,1205,2,dominant,0,162,174,1.0,1.0741,4,False,A,allenai/OLMo-2-1124-7B-SFT,fewshot,riskneutral,0.9531,0.62364,0,massA=0.594 massB=0.0292
p2,1217,8,dominant,0,62,121,1.0,1.9516,4,False,A,allenai/OLMo-2-1124-7B-SFT,fewshot,riskneutral,0.94479,0.63039,0,massA=0.596 massB=0.0348
p2,346,11,gain,0,54,68,0.81,1.02,3,True,B,allenai/OLMo-2-1124-7B-SFT,fewshot,riskneutral,0.6243,0.90919,0,massA=0.342 massB=0.568
p2,1000,33,gain,0,142,446,0.53,1.6646,0,True,B,allenai/OLMo-2-1124-7B-SFT,fewshot,riskneutral,0.64424,0.84311,0,massA=0.3 massB=0.543
p2,1219,9,dominant,0,49,82,1.0,1.6735,1,False,A,allenai/OLMo-2-1124-7B-SFT,fewshot,riskneutral,0.91818,0.94605,0,massA=0.869 massB=0.0774
p2,999,33,neutral,0,142,446,0.53,1.6646,4,False,A,allenai/OLMo-2-1124-7B-SFT,fewshot,riskneutral,0.32081,0.64871,0,massA=0.208 massB=0.441
p2,570,19,neutral,0,64,122,0.49,0.9341,0,True,B,allenai/OLMo-2-1124-7B-SFT,fewshot,riskneutral,0.72488,0.85221,0,massA=0.234 massB=0.618
p2,1178,39,neutral,0,178,567,0.32,1.0193,4,True,B,allenai/OLMo-2-1124-7B-SFT,fewshot,riskneutral,0.82839,0.76833,0,massA=0.132 massB=0.636
p2,173,5,mixed,162,162,381,0.46,1.0819,1,False,A,allenai/OLMo-2-1124-7B-SFT,fewshot,riskneutral,0.59454,0.93771,0,massA=0.558 massB=0.38
p2,51,1,mixed,58,58,116,0.66,1.32,0,False,A,allenai/OLMo-2-1124-7B-SFT,fewshot,riskneutral,0.18594,0.85187,0,massA=0.158 massB=0.693
p2,62,2,neutral,0,162,661,0.26,1.0609,1,True,B,allenai/OLMo-2-1124-7B-SFT,fewshot,riskneutral,0.41681,0.93453,0,massA=0.545 massB=0.39
p2,715,23,mixed,91,91,626,0.23,1.5822,2,False,A,allenai/OLMo-2-1124-7B-SFT,fewshot,riskneutral,0.60951,0.93999,0,massA=0.573 massB=0.367
p2,64,2,neutral,0,162,661,0.26,1.0609,2,True,B,allenai/OLMo-2-1124-7B-SFT,fewshot,riskneutral,0.65666,0.95694,0,massA=0.329 massB=0.628
p2,588,19,gain,0,64,122,0.49,0.9341,4,True,B,allenai/OLMo-2-1124-7B-SFT,fewshot,riskneutral,0.59832,0.59112,0,massA=0.237 massB=0.354
p2,45,1,gain,0,58,116,0.66,1.32,2,False,A,allenai/OLMo-2-1124-7B-SFT,fewshot,riskneutral,0.8568,0.93802,0,massA=0.804 massB=0.134
p2,869,28,mixed,132,132,181,0.76,1.0421,4,False,A,allenai/OLMo-2-1124-7B-SFT,fewshot,riskneutral,0.32423,0.6971,0,massA=0.226 massB=0.471
p2,132,4,gain,0,29,71,0.55,1.3466,1,True,B,allenai/OLMo-2-1124-7B-SFT,fewshot,riskneutral,0.46881,0.91948,0,massA=0.488 massB=0.431
p2,783,26,neutral,0,59,151,0.36,0.9214,1,False,A,allenai/OLMo-2-1124-7B-SFT,fewshot,riskneutral,0.43013,0.92876,0,massA=0.399 massB=0.529
p2,322,10,mixed,111,111,278,0.58,1.4526,1,True,B,allenai/OLMo-2-1124-7B-SFT,fewshot,riskneutral,0.45908,0.94582,0,massA=0.512 massB=0.434
p2,782,26,neutral,0,59,151,0.36,0.9214,1,True,B,allenai/OLMo-2-1124-7B-SFT,fewshot,riskneutral,0.61695,0.93682,0,massA=0.359 massB=0.578
p2,951,31,mixed,51,51,151,0.29,0.8586,0,False,A,allenai/OLMo-2-1124-7B-SFT,fewshot,riskneutral,0.19559,0.82678,0,massA=0.162 massB=0.665
p2,201,6,mixed,94,94,101,0.71,0.7629,0,False,A,allenai/OLMo-2-1124-7B-SFT,fewshot,riskneutral,0.19559,0.85498,0,massA=0.167 massB=0.688
p2,657,21,mixed,106,106,206,0.73,1.4187,3,False,A,allenai/OLMo-2-1124-7B-SFT,fewshot,riskneutral,0.26133,0.93147,0,massA=0.243 massB=0.688
p2,1276,38,dominant,0,183,201,1.0,1.0984,2,True,B,allenai/OLMo-2-1124-7B-SFT,fewshot,riskneutral,0.84645,0.93636,0,massA=0.144 massB=0.793
p2,1184,39,gain,0,178,567,0.32,1.0193,2,True,B,allenai/OLMo-2-1124-7B-SFT,fewshot,riskneutral,0.46297,0.94869,0,massA=0.509 massB=0.439
p2,22,0,mixed,186,186,984,0.26,1.3755,1,True,B,allenai/OLMo-2-1124-7B-SFT,fewshot,riskneutral,0.44168,0.95029,0,massA=0.531 massB=0.42
p2,1153,38,gain,0,183,609,0.38,1.2646,1,False,A,allenai/OLMo-2-1124-7B-SFT,fewshot,riskneutral,0.24944,0.92742,0,massA=0.231 massB=0.696
p2,509,16,mixed,139,139,234,0.6,1.0101,4,False,A,allenai/OLMo-2-1124-7B-SFT,fewshot,riskneutral,0.30902,0.68068,0,massA=0.21 massB=0.47
p2,1222,11,dominant,0,54,73,1.0,1.3519,4,True,B,allenai/OLMo-2-1124-7B-SFT,fewshot,riskneutral,0.78663,0.82775,0,massA=0.177 massB=0.651
p2,1210,5,dominant,0,162,206,1.0,1.2716,1,True,B,allenai/OLMo-2-1124-7B-SFT,fewshot,riskneutral,0.67234,0.93772,0,massA=0.307 massB=0.63
p2,83,2,mixed,162,162,661,0.26,1.0609,1,False,A,allenai/OLMo-2-1124-7B-SFT,fewshot,riskneutral,0.52536,0.9391,0,massA=0.493 massB=0.446
p2,212,7,neutral,0,63,98,0.64,0.9956,1,True,B,allenai/OLMo-2-1124-7B-SFT,fewshot,riskneutral,0.66542,0.93956,0,massA=0.314 massB=0.625
p2,872,29,neutral,0,79,81,0.83,0.851,1,True,B,allenai/OLMo-2-1124-7B-SFT,fewshot,riskneutral,0.62063,0.92595,0,massA=0.351 massB=0.575
p2,682,22,mixed,81,81,163,0.72,1.4489,1,True,B,allenai/OLMo-2-1124-7B-SFT,fewshot,riskneutral,0.53316,0.94929,0,massA=0.443 massB=0.506
p2,832,27,mixed,166,166,433,0.53,1.3825,1,True,B,allenai/OLMo-2-1124-7B-SFT,fewshot,riskneutral,0.52342,0.95214,0,massA=0.454 massB=0.498
p2,425,14,neutral,0,81,201,0.68,1.6874,2,False,A,allenai/OLMo-2-1124-7B-SFT,fewshot,riskneutral,0.90796,0.95833,0,massA=0.87 massB=0.0882
p2,578,19,neutral,0,64,122,0.49,0.9341,4,True,B,allenai/OLMo-2-1124-7B-SFT,fewshot,riskneutral,0.74614,0.76875,0,massA=0.195 massB=0.574
p2,361,12,neutral,0,164,541,0.38,1.2535,0,False,A,allenai/OLMo-2-1124-7B-SFT,fewshot,riskneutral,0.44165,0.86773,0,massA=0.383 massB=0.484
p2,5,0,neutral,0,186,984,0.26,1.3755,2,False,A,allenai/OLMo-2-1124-7B-SFT,fewshot,riskneutral,0.79437,0.96343,0,massA=0.765 massB=0.198
p2,444,14,mixed,81,81,201,0.68,1.6874,2,True,B,allenai/OLMo-2-1124-7B-SFT,fewshot,riskneutral,0.60394,0.94029,0,massA=0.372 massB=0.568
p2,556,18,gain,0,41,61,0.58,0.8629,3,True,B,allenai/OLMo-2-1124-7B-SFT,fewshot,riskneutral,0.66018,0.90291,0,massA=0.307 massB=0.596
p2,350,11,mixed,54,54,68,0.81,1.02,0,True,B,allenai/OLMo-2-1124-7B-SFT,fewshot,riskneutral,0.35578,0.88828,0,massA=0.572 massB=0.316
p2,1265,32,dominant,0,131,144,1.0,1.0992,2,False,A,allenai/OLMo-2-1124-7B-SFT,fewshot,riskneutral,0.64422,0.92573,0,massA=0.596 massB=0.329
p2,260,8,mixed,62,62,263,0.33,1.3998,0,True,B,allenai/OLMo-2-1124-7B-SFT,fewshot,riskneutral,0.44362,0.85629,0,massA=0.476 massB=0.38
p2,408,13,gain,0,72,88,0.64,0.7822,4,True,B,allenai/OLMo-2-1124-7B-SFT,fewshot,riskneutral,0.56986,0.61192,0,massA=0.263 massB=0.349
p2,90,3,neutral,0,46,158,0.33,1.1335,0,True,B,allenai/OLMo-2-1124-7B-SFT,fewshot,riskneutral,0.70741,0.84529,0,massA=0.247 massB=0.598
p2,498,16,gain,0,139,234,0.6,1.0101,4,True,B,allenai/OLMo-2-1124-7B-SFT,fewshot,riskneutral,0.68258,0.6435,0,massA=0.204 massB=0.439
p2,1147,38,neutral,0,183,609,0.38,1.2646,3,False,A,allenai/OLMo-2-1124-7B-SFT,fewshot,riskneutral,0.3522,0.94384,0,massA=0.332 massB=0.611
p2,476,15,mixed,82,82,113,0.74,1.0198,3,True,B,allenai/OLMo-2-1124-7B-SFT,fewshot,riskneutral,0.65842,0.93452,0,massA=0.319 massB=0.615
p2,1185,39,gain,0,178,567,0.32,1.0193,2,False,A,allenai/OLMo-2-1124-7B-SFT,fewshot,riskneutral,0.62428,0.94292,0,massA=0.589 massB=0.354
p2,915,30,gain,0,149,447,0.26,0.78,2,False,A,allenai/OLMo-2-1124-7B-SFT,fewshot,riskneutral,0.39606,0.94151,0,massA=0.373 massB=0.569
p2,989,32,mixed,131,131,236,0.57,1.0269,4,False,A,allenai/OLMo-2-1124-7B-SFT,fewshot,riskneutral,0.38121,0.69094,0,massA=0.263 massB=0.428
p2,561,18,mixed,41,41,61,0.58,0.8629,0,False,A,allenai/OLMo-2-1124-7B-SFT,fewshot,riskneutral,0.18126,0.8188,0,massA=0.148 massB=0.67
p2,824,27,gain,0,166,433,0.53,1.3825,2,True,B,allenai/OLMo-2-1124-7B-SFT,fewshot,riskneutral,0.6002,0.95169,0,massA=0.38 massB=0.571
p2,666,22,neutral,0,81,163,0.72,1.4489,3,True,B,allenai/OLMo-2-1124-7B-SFT,fewshot,riskneutral,0.91551,0.94071,0,massA=0.0795 massB=0.861
p2,291,9,mixed,49,49,153,0.26,0.8118,0,False,A,allenai/OLMo-2-1124-7B-SFT,fewshot,riskneutral,0.19682,0.83841,0,massA=0.165 massB=0.673
p2,751,25,neutral,0,124,207,0.76,1.2687,0,False,A,allenai/OLMo-2-1124-7B-SFT,fewshot,riskneutral,0.50779,0.88064,0,massA=0.447 massB=0.433
p2,982,32,mixed,131,131,236,0.57,1.0269,1,True,B,allenai/OLMo-2-1124-7B-SFT,fewshot,riskneutral,0.47658,0.94731,0,massA=0.496 massB=0.451
p2,114,3,mixed,46,46,158,0.33,1.1335,2,True,B,allenai/OLMo-2-1124-7B-SFT,fewshot,riskneutral,0.53899,0.9403,0,massA=0.433 massB=0.507
p2,1101,36,mixed,98,98,227,0.47,1.0887,0,False,A,allenai/OLMo-2-1124-7B-SFT,fewshot,riskneutral,0.24077,0.859,0,massA=0.207 massB=0.652
p2,1202,1,dominant,0,58,72,1.0,1.2414,0,True,B,allenai/OLMo-2-1124-7B-SFT,fewshot,riskneutral,0.82783,0.84,0,massA=0.145 massB=0.695
p2,621,20,mixed,186,186,266,0.63,0.901,0,False,A,allenai/OLMo-2-1124-7B-SFT,fewshot,riskneutral,0.20434,0.85673,0,massA=0.175 massB=0.682
p2,1194,39,mixed,178,178,567,0.32,1.0193,2,True,B,allenai/OLMo-2-1124-7B-SFT,fewshot,riskneutral,0.50197,0.94599,0,massA=0.471 massB=0.475
p2,687,22,mixed,81,81,163,0.72,1.4489,3,False,A,allenai/OLMo-2-1124-7B-SFT,fewshot,riskneutral,0.3684,0.92988,0,massA=0.343 massB=0.587
p2,689,22,mixed,81,81,163,0.72,1.4489,4,False,A,allenai/OLMo-2-1124-7B-SFT,fewshot,riskneutral,0.44938,0.68728,0,massA=0.309 massB=0.378
p2,600,20,neutral,0,186,266,0.63,0.901,0,True,B,allenai/OLMo-2-1124-7B-SFT,fewshot,riskneutral,0.81641,0.86082,0,massA=0.158 massB=0.703
p2,1274,37,dominant,0,151,193,1.0,1.2781,0,True,B,allenai/OLMo-2-1124-7B-SFT,fewshot,riskneutral,0.89331,0.86337,0,massA=0.0921 massB=0.771
p2,707,23,gain,0,91,626,0.23,1.5822,3,False,A,allenai/OLMo-2-1124-7B-SFT,fewshot,riskneutral,0.11676,0.89864,0,massA=0.105 massB=0.794
p2,1049,34,mixed,52,52,96,0.63,1.1631,4,False,A,allenai/OLMo-2-1124-7B-SFT,fewshot,riskneutral,0.32082,0.71282,0,massA=0.229 massB=0.484
p2,362,12,neutral,0,164,541,0.38,1.2535,1,True,B,allenai/OLMo-2-1124-7B-SFT,fewshot,riskneutral,0.51564,0.93519,0,massA=0.453 massB=0.482
p2,501,16,mixed,139,139,234,0.6,1.0101,0,False,A,allenai/OLMo-2-1124-7B-SFT,fewshot,riskneutral,0.21733,0.84102,0,massA=0.183 massB=0.658
p2,513,17,neutral,0,117,362,0.42,1.2995,1,False,A,allenai/OLMo-2-1124-7B-SFT,fewshot,riskneutral,0.36476,0.92343,0,massA=0.337 massB=0.587
p2,138,4,gain,0,29,71,0.55,1.3466,4,True,B,allenai/OLMo-2-1124-7B-SFT,fewshot,riskneutral,0.61325,0.63097,0,massA=0.244 massB=0.387
p2,791,26,gain,0,59,151,0.36,0.9214,0,False,A,allenai/OLMo-2-1124-7B-SFT,fewshot,riskneutral,0.2422,0.86169,0,massA=0.209 massB=0.653
p2,956,31,mixed,51,51,151,0.29,0.8586,3,True,B,allenai/OLMo-2-1124-7B-SFT,fewshot,riskneutral,0.52537,0.93748,0,massA=0.445 massB=0.493
p2,909,30,neutral,0,149,447,0.26,0.78,4,False,A,allenai/OLMo-2-1124-7B-SFT,fewshot,riskneutral,0.21733,0.62774,0,massA=0.136 massB=0.491
p2,639,21,neutral,0,106,206,0.73,1.4187,4,False,A,allenai/OLMo-2-1124-7B-SFT,fewshot,riskneutral,0.70415,0.49392,0,massA=0.348 massB=0.146
p2,21,0,mixed,186,186,984,0.26,1.3755,0,False,A,allenai/OLMo-2-1124-7B-SFT,fewshot,riskneutral,0.21866,0.86121,0,massA=0.188 massB=0.673
p2,837,27,mixed,166,166,433,0.53,1.3825,3,False,A,allenai/OLMo-2-1124-7B-SFT,fewshot,riskneutral,0.23511,0.93014,0,massA=0.219 massB=0.711
p2,942,31,gain,0,51,151,0.29,0.8586,1,True,B,allenai/OLMo-2-1124-7B-SFT,fewshot,riskneutral,0.36479,0.93227,0,massA=0.592 massB=0.34
p2,412,13,mixed,72,72,88,0.64,0.7822,1,True,B,allenai/OLMo-2-1124-7B-SFT,fewshot,riskneutral,0.28617,0.93601,0,massA=0.668 massB=0.268
p2,325,10,mixed,111,111,278,0.58,1.4526,2,False,A,allenai/OLMo-2-1124-7B-SFT,fewshot,riskneutral,0.69595,0.94993,0,massA=0.661 massB=0.289
p2,1003,33,gain,0,142,446,0.53,1.6646,1,False,A,allenai/OLMo-2-1124-7B-SFT,fewshot,riskneutral,0.31911,0.92433,0,massA=0.295 massB=0.629
p2,847,28,neutral,0,132,181,0.76,1.0421,3,False,A,allenai/OLMo-2-1124-7B-SFT,fewshot,riskneutral,0.82894,0.96832,0,massA=0.803 massB=0.166
p2,112,3,mixed,46,46,158,0.33,1.1335,1,True,B,allenai/OLMo-2-1124-7B-SFT,fewshot,riskneutral,0.44747,0.93581,0,massA=0.517 massB=0.419
p2,926,30,mixed,149,149,447,0.26,0.78,3,True,B,allenai/OLMo-2-1124-7B-SFT,fewshot,riskneutral,0.43591,0.92928,0,massA=0.524 massB=0.405
p2,913,30,gain,0,149,447,0.26,0.78,1,False,A,allenai/OLMo-2-1124-7B-SFT,fewshot,riskneutral,0.20817,0.93413,0,massA=0.194 massB=0.74
p2,281,9,gain,0,49,153,0.26,0.8118,0,False,A,allenai/OLMo-2-1124-7B-SFT,fewshot,riskneutral,0.17895,0.86897,0,massA=0.156 massB=0.713
p2,1251,25,dominant,0,124,182,1.0,1.4677,1,False,A,allenai/OLMo-2-1124-7B-SFT,fewshot,riskneutral,0.89661,0.94276,0,massA=0.845 massB=0.0975
p2,523,17,gain,0,117,362,0.42,1.2995,1,False,A,allenai/OLMo-2-1124-7B-SFT,fewshot,riskneutral,0.20561,0.93437,0,massA=0.192 massB=0.742
p2,196,6,gain,0,94,101,0.71,0.7629,3,True,B,allenai/OLMo-2-1124-7B-SFT,fewshot,riskneutral,0.75636,0.87992,0,massA=0.214 massB=0.666
p2,1121,37,gain,0,151,252,0.68,1.1348,0,False,A,allenai/OLMo-2-1124-7B-SFT,fewshot,riskneutral,0.32423,0.84132,0,massA=0.273 massB=0.569
p2,673,22,gain,0,81,163,0.72,1.4489,1,False,A,allenai/OLMo-2-1124-7B-SFT,fewshot,riskneutral,0.36295,0.91232,0,massA=0.331 massB=0.581
p2,775,25,mixed,124,124,207,0.76,1.2687,2,False,A,allenai/OLMo-2-1124-7B-SFT,fewshot,riskneutral,0.6976,0.9487,0,massA=0.662 massB=0.287
p2,1021,34,neutral,0,52,96,0.63,1.1631,0,False,A,allenai/OLMo-2-1124-7B-SFT,fewshot,riskneutral,0.3812,0.86154,0,massA=0.328 massB=0.533
p2,903,30,neutral,0,149,447,0.26,0.78,1,False,A,allenai/OLMo-2-1124-7B-SFT,fewshot,riskneutral,0.29258,0.93976,0,massA=0.275 massB=0.665
p2,1067,35,gain,0,91,133,0.68,0.9938,3,False,A,allenai/OLMo-2-1124-7B-SFT,fewshot,riskneutral,0.21867,0.89295,0,massA=0.195 massB=0.698
p2,1056,35,neutral,0,91,133,0.68,0.9938,3,True,B,allenai/OLMo-2-1124-7B-SFT,fewshot,riskneutral,0.95549,0.95131,0,massA=0.0423 massB=0.909
p2,820,27,gain,0,166,433,0.53,1.3825,0,True,B,allenai/OLMo-2-1124-7B-SFT,fewshot,riskneutral,0.65491,0.85362,0,massA=0.295 massB=0.559
p2,86,2,mixed,162,162,661,0.26,1.0609,3,True,B,allenai/OLMo-2-1124-7B-SFT,fewshot,riskneutral,0.53705,0.94239,0,massA=0.436 massB=0.506
p2,334,11,neutral,0,54,68,0.81,1.02,2,True,B,allenai/OLMo-2-1124-7B-SFT,fewshot,riskneutral,0.79053,0.95782,0,massA=0.201 massB=0.757
p2,102,3,gain,0,46,158,0.33,1.1335,1,True,B,allenai/OLMo-2-1124-7B-SFT,fewshot,riskneutral,0.43976,0.93602,0,massA=0.524 massB=0.412
p2,1172,39,neutral,0,178,567,0.32,1.0193,1,True,B,allenai/OLMo-2-1124-7B-SFT,fewshot,riskneutral,0.4883,0.93435,0,massA=0.478 massB=0.456
p2,205,6,mixed,94,94,101,0.71,0.7629,2,False,A,allenai/OLMo-2-1124-7B-SFT,fewshot,riskneutral,0.52341,0.94296,0,massA=0.494 massB=0.449
p2,898,29,mixed,79,79,81,0.83,0.851,4,True,B,allenai/OLMo-2-1124-7B-SFT,fewshot,riskneutral,0.61879,0.58769,0,massA=0.224 massB=0.364
p2,524,17,gain,0,117,362,0.42,1.2995,2,True,B,allenai/OLMo-2-1124-7B-SFT,fewshot,riskneutral,0.39983,0.95167,0,massA=0.571 massB=0.381
p2,738,24,gain,0,168,214,0.76,0.9681,4,True,B,allenai/OLMo-2-1124-7B-SFT,fewshot,riskneutral,0.7009,0.68269,0,massA=0.204 massB=0.479
p2,1099,36,gain,0,98,227,0.47,1.0887,4,False,A,allenai/OLMo-2-1124-7B-SFT,fewshot,riskneutral,0.18891,0.62653,0,massA=0.118 massB=0.508
p2,918,30,gain,0,149,447,0.26,0.78,4,True,B,allenai/OLMo-2-1124-7B-SFT,fewshot,riskneutral,0.70254,0.65521,0,massA=0.195 massB=0.46
p2,273,9,neutral,0,49,153,0.26,0.8118,1,False,A,allenai/OLMo-2-1124-7B-SFT,fewshot,riskneutral,0.36839,0.92373,0,massA=0.34 massB=0.583
p2,331,11,neutral,0,54,68,0.81,1.02,0,False,A,allenai/OLMo-2-1124-7B-SFT,fewshot,riskneutral,0.49802,0.85028,0,massA=0.423 massB=0.427
p2,500,16,mixed,139,139,234,0.6,1.0101,0,True,B,allenai/OLMo-2-1124-7B-SFT,fewshot,riskneutral,0.41112,0.85825,0,massA=0.505 massB=0.353
p2,28,0,mixed,186,186,984,0.26,1.3755,4,True,B,allenai/OLMo-2-1124-7B-SFT,fewshot,riskneutral,0.74983,0.66421,0,massA=0.166 massB=0.498
p2,440,14,mixed,81,81,201,0.68,1.6874,0,True,B,allenai/OLMo-2-1124-7B-SFT,fewshot,riskneutral,0.53705,0.86499,0,massA=0.4 massB=0.465
p2,411,13,mixed,72,72,88,0.64,0.7822,0,False,A,allenai/OLMo-2-1124-7B-SFT,fewshot,riskneutral,0.18476,0.86764,0,massA=0.16 massB=0.707
p2,750,25,neutral,0,124,207,0.76,1.2687,0,True,B,allenai/OLMo-2-1124-7B-SFT,fewshot,riskneutral,0.82105,0.87274,0,massA=0.156 massB=0.717
p2,642,21,gain,0,106,206,0.73,1.4187,1,True,B,allenai/OLMo-2-1124-7B-SFT,fewshot,riskneutral,0.43784,0.91849,0,massA=0.516 massB=0.402
p2,1006,33,gain,0,142,446,0.53,1.6646,3,True,B,allenai/OLMo-2-1124-7B-SFT,fewshot,riskneutral,0.79566,0.89759,0,massA=0.183 massB=0.714
p2,944,31,gain,0,51,151,0.29,0.8586,2,True,B,allenai/OLMo-2-1124-7B-SFT,fewshot,riskneutral,0.32084,0.95386,0,massA=0.648 massB=0.306
p2,798,26,gain,0,59,151,0.36,0.9214,4,True,B,allenai/OLMo-2-1124-7B-SFT,fewshot,riskneutral,0.70254,0.68752,0,massA=0.205 massB=0.483
p2,774,25,mixed,124,124,207,0.76,1.2687,2,True,B,allenai/OLMo-2-1124-7B-SFT,fewshot,riskneutral,0.55062,0.94707,0,massA=0.426 massB=0.521
p2,955,31,mixed,51,51,151,0.29,0.8586,2,False,A,allenai/OLMo-2-1124-7B-SFT,fewshot,riskneutral,0.45132,0.9319,0,massA=0.421 massB=0.511
p2,1071,35,mixed,91,91,133,0.68,0.9938,0,False,A,allenai/OLMo-2-1124-7B-SFT,fewshot,riskneutral,0.18359,0.87443,0,massA=0.161 massB=0.714
p2,972,32,gain,0,131,236,0.57,1.0269,1,True,B,allenai/OLMo-2-1124-7B-SFT,fewshot,riskneutral,0.56411,0.9262,0,massA=0.404 massB=0.522
p2,638,21,neutral,0,106,206,0.73,1.4187,4,True,B,allenai/OLMo-2-1124-7B-SFT,fewshot,riskneutral,0.89068,0.84518,0,massA=0.0924 massB=0.753
p2,236,7,mixed,63,63,98,0.64,0.9956,3,True,B,allenai/OLMo-2-1124-7B-SFT,fewshot,riskneutral,0.62978,0.93584,0,massA=0.346 massB=0.589
p2,336,11,neutral,0,54,68,0.81,1.02,3,True,B,allenai/OLMo-2-1124-7B-SFT,fewshot,riskneutral,0.82671,0.94042,0,massA=0.163 massB=0.777
p2,768,25,gain,0,124,207,0.76,1.2687,4,True,B,allenai/OLMo-2-1124-7B-SFT,fewshot,riskneutral,0.7454,0.7182,0,massA=0.183 massB=0.535
p2,228,7,gain,0,63,98,0.64,0.9956,4,True,B,allenai/OLMo-2-1124-7B-SFT,fewshot,riskneutral,0.66368,0.59504,0,massA=0.2 massB=0.395
p2,579,19,neutral,0,64,122,0.49,0.9341,4,False,A,allenai/OLMo-2-1124-7B-SFT,fewshot,riskneutral,0.23792,0.64391,0,massA=0.153 massB=0.491
p2,145,4,mixed,29,29,71,0.55,1.3466,2,False,A,allenai/OLMo-2-1124-7B-SFT,fewshot,riskneutral,0.60205,0.94983,0,massA=0.572 massB=0.378
p2,1273,36,dominant,0,98,155,1.0,1.5816,0,False,A,allenai/OLMo-2-1124-7B-SFT,fewshot,riskneutral,0.43205,0.82132,0,massA=0.355 massB=0.466
p2,199,6,gain,0,94,101,0.71,0.7629,4,False,A,allenai/OLMo-2-1124-7B-SFT,fewshot,riskneutral,0.34863,0.59662,0,massA=0.208 massB=0.389
p2,907,30,neutral,0,149,447,0.26,0.78,3,False,A,allenai/OLMo-2-1124-7B-SFT,fewshot,riskneutral,0.28457,0.9534,0,massA=0.271 massB=0.682
p2,369,12,neutral,0,164,541,0.38,1.2535,4,False,A,allenai/OLMo-2-1124-7B-SFT,fewshot,riskneutral,0.37021,0.58405,0,massA=0.216 massB=0.368
p2,95,3,neutral,0,46,158,0.33,1.1335,2,False,A,allenai/OLMo-2-1124-7B-SFT,fewshot,riskneutral,0.79052,0.96249,0,massA=0.761 massB=0.202
p2,1085,36,neutral,0,98,227,0.47,1.0887,2,False,A,allenai/OLMo-2-1124-7B-SFT,fewshot,riskneutral,0.80805,0.95539,0,massA=0.772 massB=0.183
p2,842,28,neutral,0,132,181,0.76,1.0421,1,True,B,allenai/OLMo-2-1124-7B-SFT,fewshot,riskneutral,0.67234,0.94114,0,massA=0.308 massB=0.633
p2,320,10,mixed,111,111,278,0.58,1.4526,0,True,B,allenai/OLMo-2-1124-7B-SFT,fewshot,riskneutral,0.4727,0.87192,0,massA=0.46 massB=0.412
p2,917,30,gain,0,149,447,0.26,0.78,3,False,A,allenai/OLMo-2-1124-7B-SFT,fewshot,riskneutral,0.03677,0.93185,0,massA=0.0343 massB=0.898
p2,169,5,gain,0,162,381,0.46,1.0819,4,False,A,allenai/OLMo-2-1124-7B-SFT,fewshot,riskneutral,0.32337,0.58334,0,massA=0.189 massB=0.395
p2,165,5,gain,0,162,381,0.46,1.0819,2,False,A,allenai/OLMo-2-1124-7B-SFT,fewshot,riskneutral,0.76347,0.93916,0,massA=0.717 massB=0.222
p2,298,9,mixed,49,49,153,0.26,0.8118,4,True,B,allenai/OLMo-2-1124-7B-SFT,fewshot,riskneutral,0.74243,0.69786,0,massA=0.18 massB=0.518
p2,486,16,neutral,0,139,234,0.6,1.0101,3,True,B,allenai/OLMo-2-1124-7B-SFT,fewshot,riskneutral,0.89589,0.94583,0,massA=0.0985 massB=0.847
p2,650,21,mixed,106,106,206,0.73,1.4187,0,True,B,allenai/OLMo-2-1124-7B-SFT,fewshot,riskneutral,0.39421,0.88588,0,massA=0.537 massB=0.349
p2,13,0,gain,0,186,984,0.26,1.3755,1,False,A,allenai/OLMo-2-1124-7B-SFT,fewshot,riskneutral,0.25385,0.92841,0,massA=0.236 massB=0.693
p2,797,26,gain,0,59,151,0.36,0.9214,3,False,A,allenai/OLMo-2-1124-7B-SFT,fewshot,riskneutral,0.12984,0.90776,0,massA=0.118 massB=0.79
p2,300,10,neutral,0,111,278,0.58,1.4526,0,True,B,allenai/OLMo-2-1124-7B-SFT,fewshot,riskneutral,0.76066,0.83455,0,massA=0.2 massB=0.635
p2,179,5,mixed,162,162,381,0.46,1.0819,4,False,A,allenai/OLMo-2-1124-7B-SFT,fewshot,riskneutral,0.31236,0.687,0,massA=0.215 massB=0.472
p2,450,15,neutral,0,82,113,0.74,1.0198,0,True,B,allenai/OLMo-2-1124-7B-SFT,fewshot,riskneutral,0.83656,0.85848,0,massA=0.14 massB=0.718
p2,99,3,neutral,0,46,158,0.33,1.1335,4,False,A,allenai/OLMo-2-1124-7B-SFT,fewshot,riskneutral,0.26893,0.61946,0,massA=0.167 massB=0.453
p2,391,13,neutral,0,72,88,0.64,0.7822,0,False,A,allenai/OLMo-2-1124-7B-SFT,fewshot,riskneutral,0.44165,0.86152,0,massA=0.38 massB=0.481
p2,1066,35,gain,0,91,133,0.68,0.9938,3,True,B,allenai/OLMo-2-1124-7B-SFT,fewshot,riskneutral,0.71701,0.89035,0,massA=0.252 massB=0.638
p2,472,15,mixed,82,82,113,0.74,1.0198,1,True,B,allenai/OLMo-2-1124-7B-SFT,fewshot,riskneutral,0.41301,0.94323,0,massA=0.554 massB=0.39
p2,1214,7,dominant,0,63,81,1.0,1.2857,2,True,B,allenai/OLMo-2-1124-7B-SFT,fewshot,riskneutral,0.84183,0.94795,0,massA=0.15 massB=0.798
p2,248,8,neutral,0,62,263,0.33,1.3998,4,True,B,allenai/OLMo-2-1124-7B-SFT,fewshot,riskneutral,0.66889,0.73116,0,massA=0.242 massB=0.489
p2,1271,35,dominant,0,91,107,1.0,1.1758,3,False,A,allenai/OLMo-2-1124-7B-SFT,fewshot,riskneutral,0.85342,0.96195,0,massA=0.821 massB=0.141
p2,451,15,neutral,0,82,113,0.74,1.0198,0,False,A,allenai/OLMo-2-1124-7B-SFT,fewshot,riskneutral,0.44937,0.85696,0,massA=0.385 massB=0.472
p2,174,5,mixed,162,162,381,0.46,1.0819,2,True,B,allenai/OLMo-2-1124-7B-SFT,fewshot,riskneutral,0.52927,0.94463,0,massA=0.445 massB=0.5
p2,878,29,neutral,0,79,81,0.83,0.851,4,True,B,allenai/OLMo-2-1124-7B-SFT,fewshot,riskneutral,0.79311,0.75444,0,massA=0.156 massB=0.598
p2,373,12,gain,0,164,541,0.38,1.2535,1,False,A,allenai/OLMo-2-1124-7B-SFT,fewshot,riskneutral,0.25831,0.9229,0,massA=0.238 massB=0.685
p2,508,16,mixed,139,139,234,0.6,1.0101,4,True,B,allenai/OLMo-2-1124-7B-SFT,fewshot,riskneutral,0.73641,0.62862,0,massA=0.166 massB=0.463
p2,1180,39,gain,0,178,567,0.32,1.0193,0,True,B,allenai/OLMo-2-1124-7B-SFT,fewshot,riskneutral,0.55062,0.85093,0,massA=0.382 massB=0.469
p2,1249,24,dominant,0,168,180,1.0,1.0714,3,False,A,allenai/OLMo-2-1124-7B-SFT,fewshot,riskneutral,0.90018,0.95606,0,massA=0.861 massB=0.0954
p2,36,1,neutral,0,58,116,0.66,1.32,3,True,B,allenai/OLMo-2-1124-7B-SFT,fewshot,riskneutral,0.91993,0.94497,0,massA=0.0757 massB=0.869
p2,931,31,neutral,0,51,151,0.29,0.8586,0,False,A,allenai/OLMo-2-1124-7B-SFT,fewshot,riskneutral,0.31572,0.85441,0,massA=0.27 massB=0.585
p2,134,4,gain,0,29,71,0.55,1.3466,2,True,B,allenai/OLMo-2-1124-7B-SFT,fewshot,riskneutral,0.45715,0.95183,0,massA=0.517 massB=0.435
p2,543,18,neutral,0,41,61,0.58,0.8629,1,False,A,allenai/OLMo-2-1124-7B-SFT,fewshot,riskneutral,0.6424,0.90337,0,massA=0.58 massB=0.323
p2,613,20,gain,0,186,266,0.63,0.901,1,False,A,allenai/OLMo-2-1124-7B-SFT,fewshot,riskneutral,0.35219,0.92141,0,massA=0.325 massB=0.597
p2,1179,39,neutral,0,178,567,0.32,1.0193,4,False,A,allenai/OLMo-2-1124-7B-SFT,fewshot,riskneutral,0.32938,0.60199,0,massA=0.198 massB=0.404
p2,693,23,neutral,0,91,626,0.23,1.5822,1,False,A,allenai/OLMo-2-1124-7B-SFT,fewshot,riskneutral,0.24076,0.93224,0,massA=0.224 massB=0.708
p2,1052,35,neutral,0,91,133,0.68,0.9938,1,True,B,allenai/OLMo-2-1124-7B-SFT,fewshot,riskneutral,0.7649,0.93714,0,massA=0.22 massB=0.717
p2,883,29,gain,0,79,81,0.83,0.851,1,False,A,allenai/OLMo-2-1124-7B-SFT,fewshot,riskneutral,0.31572,0.92348,0,massA=0.292 massB=0.632
p2,691,23,neutral,0,91,626,0.23,1.5822,0,False,A,allenai/OLMo-2-1124-7B-SFT,fewshot,riskneutral,0.25981,0.87753,0,massA=0.228 massB=0.65
p2,784,26,neutral,0,59,151,0.36,0.9214,2,True,B,allenai/OLMo-2-1124-7B-SFT,fewshot,riskneutral,0.7578,0.96609,0,massA=0.234 massB=0.732
p2,164,5,gain,0,162,381,0.46,1.0819,2,True,B,allenai/OLMo-2-1124-7B-SFT,fewshot,riskneutral,0.42825,0.94283,0,massA=0.539 massB=0.404
p2,176,5,mixed,162,162,381,0.46,1.0819,3,True,B,allenai/OLMo-2-1124-7B-SFT,fewshot,riskneutral,0.58321,0.93558,0,massA=0.39 massB=0.546
p2,303,10,neutral,0,111,278,0.58,1.4526,1,False,A,allenai/OLMo-2-1124-7B-SFT,fewshot,riskneutral,0.48045,0.90922,0,massA=0.437 massB=0.472
p2,893,29,mixed,79,79,81,0.83,0.851,1,False,A,allenai/OLMo-2-1124-7B-SFT,fewshot,riskneutral,0.47852,0.93203,0,massA=0.446 massB=0.486
p2,479,15,mixed,82,82,113,0.74,1.0198,4,False,A,allenai/OLMo-2-1124-7B-SFT,fewshot,riskneutral,0.29259,0.70234,0,massA=0.205 massB=0.497
p2,125,4,neutral,0,29,71,0.55,1.3466,2,False,A,allenai/OLMo-2-1124-7B-SFT,fewshot,riskneutral,0.89624,0.96161,0,massA=0.862 massB=0.0998
p2,161,5,gain,0,162,381,0.46,1.0819,0,False,A,allenai/OLMo-2-1124-7B-SFT,fewshot,riskneutral,0.26893,0.85797,0,massA=0.231 massB=0.627
p2,107,3,gain,0,46,158,0.33,1.1335,3,False,A,allenai/OLMo-2-1124-7B-SFT,fewshot,riskneutral,0.18713,0.90833,0,massA=0.17 massB=0.738
p2,1171,39,neutral,0,178,567,0.32,1.0193,0,False,A,allenai/OLMo-2-1124-7B-SFT,fewshot,riskneutral,0.46294,0.87857,0,massA=0.407 massB=0.472
p2,633,21,neutral,0,106,206,0.73,1.4187,1,False,A,allenai/OLMo-2-1124-7B-SFT,fewshot,riskneutral,0.75053,0.90093,0,massA=0.676 massB=0.225
p2,619,20,gain,0,186,266,0.63,0.901,4,False,A,allenai/OLMo-2-1124-7B-SFT,fewshot,riskneutral,0.47072,0.55268,0,massA=0.26 massB=0.293
p2,724,24,neutral,0,168,214,0.76,0.9681,2,True,B,allenai/OLMo-2-1124-7B-SFT,fewshot,riskneutral,0.84131,0.95647,0,massA=0.152 massB=0.805
p2,964,32,neutral,0,131,236,0.57,1.0269,2,True,B,allenai/OLMo-2-1124-7B-SFT,fewshot,riskneutral,0.82559,0.95856,0,massA=0.167 massB=0.791
p2,535,17,mixed,117,117,362,0.42,1.2995,2,False,A,allenai/OLMo-2-1124-7B-SFT,fewshot,riskneutral,0.60579,0.9449,0,massA=0.572 massB=0.372
p2,1247,23,dominant,0,91,132,1.0,1.4505,4,False,A,allenai/OLMo-2-1124-7B-SFT,fewshot,riskneutral,0.88914,0.60529,0,massA=0.538 massB=0.0671
p2,1237,18,dominant,0,41,88,1.0,2.1463,0,False,A,allenai/OLMo-2-1124-7B-SFT,fewshot,riskneutral,0.44745,0.78657,0,massA=0.352 massB=0.435
p2,1015,33,mixed,142,142,446,0.53,1.6646,2,False,A,allenai/OLMo-2-1124-7B-SFT,fewshot,riskneutral,0.69263,0.94733,0,massA=0.656 massB=0.291
p2,905,30,neutral,0,149,447,0.26,0.78,2,False,A,allenai/OLMo-2-1124-7B-SFT,fewshot,riskneutral,0.76205,0.96372,0,massA=0.734 massB=0.229
p2,261,8,mixed,62,62,263,0.33,1.3998,0,False,A,allenai/OLMo-2-1124-7B-SFT,fewshot,riskneutral,0.22815,0.83681,0,massA=0.191 massB=0.646
p2,602,20,neutral,0,186,266,0.63,0.901,1,True,B,allenai/OLMo-2-1124-7B-SFT,fewshot,riskneutral,0.58701,0.92686,0,massA=0.383 massB=0.544
p2,1230,15,dominant,0,82,114,1.0,1.3902,2,True,B,allenai/OLMo-2-1124-7B-SFT,fewshot,riskneutral,0.86339,0.93872,0,massA=0.128 massB=0.81
p2,965,32,neutral,0,131,236,0.57,1.0269,2,False,A,allenai/OLMo-2-1124-7B-SFT,fewshot,riskneutral,0.91789,0.96073,0,massA=0.882 massB=0.0789
p2,808,26,mixed,59,59,151,0.36,0.9214,4,True,B,allenai/OLMo-2-1124-7B-SFT,fewshot,riskneutral,0.74392,0.70562,0,massA=0.181 massB=0.525
p2,679,22,gain,0,81,163,0.72,1.4489,4,False,A,allenai/OLMo-2-1124-7B-SFT,fewshot,riskneutral,0.49998,0.52555,0,massA=0.263 massB=0.263
p2,830,27,mixed,166,166,433,0.53,1.3825,0,True,B,allenai/OLMo-2-1124-7B-SFT,fewshot,riskneutral,0.54093,0.88751,0,massA=0.407 massB=0.48
p2,753,25,neutral,0,124,207,0.76,1.2687,1,False,A,allenai/OLMo-2-1124-7B-SFT,fewshot,riskneutral,0.6261,0.91948,0,massA=0.576 massB=0.344
p2,655,21,mixed,106,106,206,0.73,1.4187,2,False,A,allenai/OLMo-2-1124-7B-SFT,fewshot,riskneutral,0.72797,0.95268,0,massA=0.694 massB=0.259
p2,84,2,mixed,162,162,661,0.26,1.0609,2,True,B,allenai/OLMo-2-1124-7B-SFT,fewshot,riskneutral,0.48049,0.9509,0,massA=0.494 massB=0.457
p2,1234,17,dominant,0,117,129,1.0,1.1026,4,True,B,allenai/OLMo-2-1124-7B-SFT,fewshot,riskneutral,0.63703,0.84691,0,massA=0.307 massB=0.54
p2,242,8,neutral,0,62,263,0.33,1.3998,1,True,B,allenai/OLMo-2-1124-7B-SFT,fewshot,riskneutral,0.50783,0.92737,0,massA=0.456 massB=0.471
p2,1228,14,dominant,0,81,135,1.0,1.6667,1,True,B,allenai/OLMo-2-1124-7B-SFT,fewshot,riskneutral,0.80502,0.93587,0,massA=0.182 massB=0.753
p2,78,2,gain,0,162,661,0.26,1.0609,4,True,B,allenai/OLMo-2-1124-7B-SFT,fewshot,riskneutral,0.60767,0.61717,0,massA=0.242 massB=0.375
p2,504,16,mixed,139,139,234,0.6,1.0101,2,True,B,allenai/OLMo-2-1124-7B-SFT,fewshot,riskneutral,0.50196,0.94249,0,massA=0.469 massB=0.473
p2,823,27,gain,0,166,433,0.53,1.3825,1,False,A,allenai/OLMo-2-1124-7B-SFT,fewshot,riskneutral,0.45325,0.91793,0,massA=0.416 massB=0.502
p2,167,5,gain,0,162,381,0.46,1.0819,3,False,A,allenai/OLMo-2-1124-7B-SFT,fewshot,riskneutral,0.12549,0.90322,0,massA=0.113 massB=0.79
p2,873,29,neutral,0,79,81,0.83,0.851,1,False,A,allenai/OLMo-2-1124-7B-SFT,fewshot,riskneutral,0.70414,0.90651,0,massA=0.638 massB=0.268
p2,814,27,neutral,0,166,433,0.53,1.3825,2,True,B,allenai/OLMo-2-1124-7B-SFT,fewshot,riskneutral,0.7649,0.94916,0,massA=0.223 massB=0.726
p2,729,24,neutral,0,168,214,0.76,0.9681,4,False,A,allenai/OLMo-2-1124-7B-SFT,fewshot,riskneutral,0.66016,0.50491,0,massA=0.333 massB=0.172
p2,606,20,neutral,0,186,266,0.63,0.901,3,True,B,allenai/OLMo-2-1124-7B-SFT,fewshot,riskneutral,0.87956,0.9389,0,massA=0.113 massB=0.826
p2,562,18,mixed,41,41,61,0.58,0.8629,1,True,B,allenai/OLMo-2-1124-7B-SFT,fewshot,riskneutral,0.34335,0.9235,0,massA=0.606 massB=0.317
p2,547,18,neutral,0,41,61,0.58,0.8629,3,False,A,allenai/OLMo-2-1124-7B-SFT,fewshot,riskneutral,0.71223,0.95932,0,massA=0.683 massB=0.276
p2,1029,34,neutral,0,52,96,0.63,1.1631,4,False,A,allenai/OLMo-2-1124-7B-SFT,fewshot,riskneutral,0.43013,0.5652,0,massA=0.243 massB=0.322
p2,461,15,gain,0,82,113,0.74,1.0198,0,False,A,allenai/OLMo-2-1124-7B-SFT,fewshot,riskneutral,0.30238,0.87193,0,massA=0.264 massB=0.608
p2,140,4,mixed,29,29,71,0.55,1.3466,0,True,B,allenai/OLMo-2-1124-7B-SFT,fewshot,riskneutral,0.43591,0.86841,0,massA=0.49 massB=0.379
p2,223,7,gain,0,63,98,0.64,0.9956,1,False,A,allenai/OLMo-2-1124-7B-SFT,fewshot,riskneutral,0.34157,0.92192,0,massA=0.315 massB=0.607
p2,966,32,neutral,0,131,236,0.57,1.0269,3,True,B,allenai/OLMo-2-1124-7B-SFT,fewshot,riskneutral,0.89219,0.95075,0,massA=0.103 massB=0.848
p2,614,20,gain,0,186,266,0.63,0.901,2,True,B,allenai/OLMo-2-1124-7B-SFT,fewshot,riskneutral,0.43784,0.95053,0,massA=0.534 massB=0.416
p2,367,12,neutral,0,164,541,0.38,1.2535,3,False,A,allenai/OLMo-2-1124-7B-SFT,fewshot,riskneutral,0.5039,0.95782,0,massA=0.483 massB=0.475
p2,439,14,gain,0,81,201,0.68,1.6874,4,False,A,allenai/OLMo-2-1124-7B-SFT,fewshot,riskneutral,0.36205,0.58173,0,massA=0.211 massB=0.371
p2,358,11,mixed,54,54,68,0.81,1.02,4,True,B,allenai/OLMo-2-1124-7B-SFT,fewshot,riskneutral,0.68848,0.62199,0,massA=0.194 massB=0.428
p2,569,18,mixed,41,41,61,0.58,0.8629,4,False,A,allenai/OLMo-2-1124-7B-SFT,fewshot,riskneutral,0.20181,0.71805,0,massA=0.145 massB=0.573
p2,1125,37,gain,0,151,252,0.68,1.1348,2,False,A,allenai/OLMo-2-1124-7B-SFT,fewshot,riskneutral,0.87146,0.93878,0,massA=0.818 massB=0.121
p2,874,29,neutral,0,79,81,0.83,0.851,2,True,B,allenai/OLMo-2-1124-7B-SFT,fewshot,riskneutral,0.75492,0.95646,0,massA=0.234 massB=0.722
p2,157,5,neutral,0,162,381,0.46,1.0819,3,False,A,allenai/OLMo-2-1124-7B-SFT,fewshot,riskneutral,0.57367,0.95452,0,massA=0.548 massB=0.407
p2,1142,38,neutral,0,183,609,0.38,1.2646,1,True,B,allenai/OLMo-2-1124-7B-SFT,fewshot,riskneutral,0.45716,0.92974,0,massA=0.505 massB=0.425
p2,188,6,neutral,0,94,101,0.71,0.7629,4,True,B,allenai/OLMo-2-1124-7B-SFT,fewshot,riskneutral,0.8876,0.82131,0,massA=0.0923 massB=0.729
p2,327,10,mixed,111,111,278,0.58,1.4526,3,False,A,allenai/OLMo-2-1124-7B-SFT,fewshot,riskneutral,0.25832,0.92259,0,massA=0.238 massB=0.684
p2,838,27,mixed,166,166,433,0.53,1.3825,4,True,B,allenai/OLMo-2-1124-7B-SFT,fewshot,riskneutral,0.81287,0.69834,0,massA=0.131 massB=0.568
p2,811,27,neutral,0,166,433,0.53,1.3825,0,False,A,allenai/OLMo-2-1124-7B-SFT,fewshot,riskneutral,0.49803,0.87264,0,massA=0.435 massB=0.438
p2,1060,35,gain,0,91,133,0.68,0.9938,0,True,B,allenai/OLMo-2-1124-7B-SFT,fewshot,riskneutral,0.60954,0.8326,0,massA=0.325 massB=0.508
p2,185,6,neutral,0,94,101,0.71,0.7629,2,False,A,allenai/OLMo-2-1124-7B-SFT,fewshot,riskneutral,0.95743,0.96468,0,massA=0.924 massB=0.0411
p2,155,5,neutral,0,162,381,0.46,1.0819,2,False,A,allenai/OLMo-2-1124-7B-SFT,fewshot,riskneutral,0.90156,0.95868,0,massA=0.864 massB=0.0944
p2,533,17,mixed,117,117,362,0.42,1.2995,1,False,A,allenai/OLMo-2-1124-7B-SFT,fewshot,riskneutral,0.57939,0.9371,0,massA=0.543 massB=0.394
p2,1118,37,neutral,0,151,252,0.68,1.1348,4,True,B,allenai/OLMo-2-1124-7B-SFT,fewshot,riskneutral,0.89516,0.82735,0,massA=0.0867 massB=0.741
p2,1192,39,mixed,178,178,567,0.32,1.0193,1,True,B,allenai/OLMo-2-1124-7B-SFT,fewshot,riskneutral,0.42442,0.94011,0,massA=0.541 massB=0.399
p2,692,23,neutral,0,91,626,0.23,1.5822,1,True,B,allenai/OLMo-2-1124-7B-SFT,fewshot,riskneutral,0.65667,0.94049,0,massA=0.323 massB=0.618
p2,582,19,gain,0,64,122,0.49,0.9341,1,True,B,allenai/OLMo-2-1124-7B-SFT,fewshot,riskneutral,0.39795,0.91998,0,massA=0.554 massB=0.366
p2,852,28,gain,0,132,181,0.76,1.0421,1,True,B,allenai/OLMo-2-1124-7B-SFT,fewshot,riskneutral,0.52343,0.92499,0,massA=0.441 massB=0.484
p2,667,22,neutral,0,81,163,0.72,1.4489,3,False,A,allenai/OLMo-2-1124-7B-SFT,fewshot,riskneutral,0.77321,0.95791,0,massA=0.741 massB=0.217
p2,716,23,mixed,91,91,626,0.23,1.5822,3,True,B,allenai/OLMo-2-1124-7B-SFT,fewshot,riskneutral,0.55833,0.92895,0,massA=0.41 massB=0.519
p2,1090,36,gain,0,98,227,0.47,1.0887,0,True,B,allenai/OLMo-2-1124-7B-SFT,fewshot,riskneutral,0.5756,0.82982,0,massA=0.352 massB=0.478
p2,424,14,neutral,0,81,201,0.68,1.6874,2,True,B,allenai/OLMo-2-1124-7B-SFT,fewshot,riskneutral,0.83815,0.95536,0,massA=0.155 massB=0.801
p2,676,22,gain,0,81,163,0.72,1.4489,3,True,B,allenai/OLMo-2-1124-7B-SFT,fewshot,riskneutral,0.7578,0.87365,0,massA=0.212 massB=0.662
p2,189,6,neutral,0,94,101,0.71,0.7629,4,False,A,allenai/OLMo-2-1124-7B-SFT,fewshot,riskneutral,0.57557,0.49798,0,massA=0.287 massB=0.211
p2,151,5,neutral,0,162,381,0.46,1.0819,0,False,A,allenai/OLMo-2-1124-7B-SFT,fewshot,riskneutral,0.49998,0.87828,0,massA=0.439 massB=0.439
p2,952,31,mixed,51,51,151,0.29,0.8586,1,True,B,allenai/OLMo-2-1124-7B-SFT,fewshot,riskneutral,0.42824,0.94239,0,massA=0.539 massB=0.404
p2,563,18,mixed,41,41,61,0.58,0.8629,1,False,A,allenai/OLMo-2-1124-7B-SFT,fewshot,riskneutral,0.48047,0.93443,0,massA=0.449 massB=0.485
p2,178,5,mixed,162,162,381,0.46,1.0819,4,True,B,allenai/OLMo-2-1124-7B-SFT,fewshot,riskneutral,0.73336,0.65726,0,massA=0.175 massB=0.482
p2,1033,34,gain,0,52,96,0.63,1.1631,1,False,A,allenai/OLMo-2-1124-7B-SFT,fewshot,riskneutral,0.33631,0.92201,0,massA=0.31 massB=0.612
p2,863,28,mixed,132,132,181,0.76,1.0421,1,False,A,allenai/OLMo-2-1124-7B-SFT,fewshot,riskneutral,0.61693,0.94333,0,massA=0.582 massB=0.361
p2,402,13,gain,0,72,88,0.64,0.7822,1,True,B,allenai/OLMo-2-1124-7B-SFT,fewshot,riskneutral,0.44169,0.91851,0,massA=0.513 massB=0.406
p2,675,22,gain,0,81,163,0.72,1.4489,2,False,A,allenai/OLMo-2-1124-7B-SFT,fewshot,riskneutral,0.78922,0.93196,0,massA=0.736 massB=0.196
p2,187,6,neutral,0,94,101,0.71,0.7629,3,False,A,allenai/OLMo-2-1124-7B-SFT,fewshot,riskneutral,0.70578,0.9575,0,massA=0.676 massB=0.282
p2,805,26,mixed,59,59,151,0.36,0.9214,2,False,A,allenai/OLMo-2-1124-7B-SFT,fewshot,riskneutral,0.44552,0.94078,0,massA=0.419 massB=0.522
p2,1084,36,neutral,0,98,227,0.47,1.0887,2,True,B,allenai/OLMo-2-1124-7B-SFT,fewshot,riskneutral,0.72643,0.95362,0,massA=0.261 massB=0.693
p2,825,27,gain,0,166,433,0.53,1.3825,2,False,A,allenai/OLMo-2-1124-7B-SFT,fewshot,riskneutral,0.8762,0.94505,0,massA=0.828 massB=0.117
p2,1116,37,neutral,0,151,252,0.68,1.1348,3,True,B,allenai/OLMo-2-1124-7B-SFT,fewshot,riskneutral,0.90599,0.9462,0,massA=0.089 massB=0.857
p2,1132,37,mixed,151,151,252,0.68,1.1348,1,True,B,allenai/OLMo-2-1124-7B-SFT,fewshot,riskneutral,0.49415,0.94718,0,massA=0.479 massB=0.468
p2,512,17,neutral,0,117,362,0.42,1.2995,1,True,B,allenai/OLMo-2-1124-7B-SFT,fewshot,riskneutral,0.48049,0.93136,0,massA=0.484 massB=0.448
p2,815,27,neutral,0,166,433,0.53,1.3825,2,False,A,allenai/OLMo-2-1124-7B-SFT,fewshot,riskneutral,0.88483,0.95981,0,massA=0.849 massB=0.111
p2,574,19,neutral,0,64,122,0.49,0.9341,2,True,B,allenai/OLMo-2-1124-7B-SFT,fewshot,riskneutral,0.7009,0.95349,0,massA=0.285 massB=0.668
p2,698,23,neutral,0,91,626,0.23,1.5822,4,True,B,allenai/OLMo-2-1124-7B-SFT,fewshot,riskneutral,0.78859,0.79492,0,massA=0.168 massB=0.627
p2,910,30,gain,0,149,447,0.26,0.78,0,True,B,allenai/OLMo-2-1124-7B-SFT,fewshot,riskneutral,0.50978,0.83719,0,massA=0.41 massB=0.427
p2,843,28,neutral,0,132,181,0.76,1.0421,1,False,A,allenai/OLMo-2-1124-7B-SFT,fewshot,riskneutral,0.68086,0.9279,0,massA=0.632 massB=0.296
p2,527,17,gain,0,117,362,0.42,1.2995,3,False,A,allenai/OLMo-2-1124-7B-SFT,fewshot,riskneutral,0.07893,0.90391,0,massA=0.0713 massB=0.833
p2,1187,39,gain,0,178,567,0.32,1.0193,3,False,A,allenai/OLMo-2-1124-7B-SFT,fewshot,riskneutral,0.07237,0.92549,0,massA=0.067 massB=0.859
p2,1092,36,gain,0,98,227,0.47,1.0887,1,True,B,allenai/OLMo-2-1124-7B-SFT,fewshot,riskneutral,0.54094,0.93039,0,massA=0.427 massB=0.503
p2,1002,33,gain,0,142,446,0.53,1.6646,1,True,B,allenai/OLMo-2-1124-7B-SFT,fewshot,riskneutral,0.56987,0.93055,0,massA=0.4 massB=0.53
p2,285,9,gain,0,49,153,0.26,0.8118,2,False,A,allenai/OLMo-2-1124-7B-SFT,fewshot,riskneutral,0.43205,0.92986,0,massA=0.402 massB=0.528
p2,245,8,neutral,0,62,263,0.33,1.3998,2,False,A,allenai/OLMo-2-1124-7B-SFT,fewshot,riskneutral,0.82217,0.9564,0,massA=0.786 massB=0.17
p2,1181,39,gain,0,178,567,0.32,1.0193,0,False,A,allenai/OLMo-2-1124-7B-SFT,fewshot,riskneutral,0.23934,0.87523,0,massA=0.209 massB=0.666
p2,130,4,gain,0,29,71,0.55,1.3466,0,True,B,allenai/OLMo-2-1124-7B-SFT,fewshot,riskneutral,0.5889,0.81413,0,massA=0.335 massB=0.479
p2,888,29,gain,0,79,81,0.83,0.851,4,True,B,allenai/OLMo-2-1124-7B-SFT,fewshot,riskneutral,0.57178,0.6447,0,massA=0.276 massB=0.369
p2,630,21,neutral,0,106,206,0.73,1.4187,0,True,B,allenai/OLMo-2-1124-7B-SFT,fewshot,riskneutral,0.72488,0.86636,0,massA=0.238 massB=0.628
p2,85,2,mixed,162,162,661,0.26,1.0609,2,False,A,allenai/OLMo-2-1124-7B-SFT,fewshot,riskneutral,0.53509,0.93924,0,massA=0.503 massB=0.437
p2,403,13,gain,0,72,88,0.64,0.7822,1,False,A,allenai/OLMo-2-1124-7B-SFT,fewshot,riskneutral,0.20817,0.92884,0,massA=0.193 massB=0.735
p2,1246,23,dominant,0,91,132,1.0,1.4505,0,True,B,allenai/OLMo-2-1124-7B-SFT,fewshot,riskneutral,0.82559,0.85954,0,massA=0.15 massB=0.71
p2,146,4,mixed,29,29,71,0.55,1.3466,3,True,B,allenai/OLMo-2-1124-7B-SFT,fewshot,riskneutral,0.55447,0.93727,0,massA=0.418 massB=0.52
p2,433,14,gain,0,81,201,0.68,1.6874,1,False,A,allenai/OLMo-2-1124-7B-SFT,fewshot,riskneutral,0.31911,0.92224,0,massA=0.294 massB=0.628
p2,1215,7,dominant,0,63,81,1.0,1.2857,2,False,A,allenai/OLMo-2-1124-7B-SFT,fewshot,riskneutral,0.66366,0.93608,0,massA=0.621 massB=0.315
p2,1100,36,mixed,98,98,227,0.47,1.0887,0,True,B,allenai/OLMo-2-1124-7B-SFT,fewshot,riskneutral,0.44941,0.88235,0,massA=0.486 massB=0.397
p2,850,28,gain,0,132,181,0.76,1.0421,0,True,B,allenai/OLMo-2-1124-7B-SFT,fewshot,riskneutral,0.67919,0.83239,0,massA=0.267 massB=0.565
p2,197,6,gain,0,94,101,0.71,0.7629,3,False,A,allenai/OLMo-2-1124-7B-SFT,fewshot,riskneutral,0.27357,0.89865,0,massA=0.246 massB=0.653
p2,565,18,mixed,41,41,61,0.58,0.8629,2,False,A,allenai/OLMo-2-1124-7B-SFT,fewshot,riskneutral,0.46101,0.93755,0,massA=0.432 massB=0.505
p2,1075,35,mixed,91,91,133,0.68,0.9938,2,False,A,allenai/OLMo-2-1124-7B-SFT,fewshot,riskneutral,0.56793,0.94703,0,massA=0.538 massB=0.409
p2,895,29,mixed,79,79,81,0.83,0.851,2,False,A,allenai/OLMo-2-1124-7B-SFT,fewshot,riskneutral,0.4244,0.93751,0,massA=0.398 massB=0.54
p2,1242,21,dominant,0,106,147,1.0,1.3868,4,True,B,allenai/OLMo-2-1124-7B-SFT,fewshot,riskneutral,0.87998,0.90339,0,massA=0.108 massB=0.795
p2,572,19,neutral,0,64,122,0.49,0.9341,1,True,B,allenai/OLMo-2-1124-7B-SFT,fewshot,riskneutral,0.56603,0.92463,0,massA=0.401 massB=0.523
p2,441,14,mixed,81,81,201,0.68,1.6874,0,False,A,allenai/OLMo-2-1124-7B-SFT,fewshot,riskneutral,0.24077,0.86214,0,massA=0.208 massB=0.655
p2,233,7,mixed,63,63,98,0.64,0.9956,1,False,A,allenai/OLMo-2-1124-7B-SFT,fewshot,riskneutral,0.5832,0.94139,0,massA=0.549 massB=0.392
p2,89,2,mixed,162,162,661,0.26,1.0609,4,False,A,allenai/OLMo-2-1124-7B-SFT,fewshot,riskneutral,0.29097,0.70308,0,massA=0.205 massB=0.499
p2,395,13,neutral,0,72,88,0.64,0.7822,2,False,A,allenai/OLMo-2-1124-7B-SFT,fewshot,riskneutral,0.90763,0.96295,0,massA=0.874 massB=0.0889
p2,886,29,gain,0,79,81,0.83,0.851,3,True,B,allenai/OLMo-2-1124-7B-SFT,fewshot,riskneutral,0.62613,0.89848,0,massA=0.336 massB=0.563
p2,1244,22,dominant,0,81,109,1.0,1.3457,0,True,B,allenai/OLMo-2-1124-7B-SFT,fewshot,riskneutral,0.85967,0.85967,0,massA=0.121 massB=0.739
p2,1177,39,neutral,0,178,567,0.32,1.0193,3,False,A,allenai/OLMo-2-1124-7B-SFT,fewshot,riskneutral,0.51562,0.95934,0,massA=0.495 massB=0.465
p2,337,11,neutral,0,54,68,0.81,1.02,3,False,A,allenai/OLMo-2-1124-7B-SFT,fewshot,riskneutral,0.62977,0.95962,0,massA=0.604 massB=0.355
p2,156,5,neutral,0,162,381,0.46,1.0819,3,True,B,allenai/OLMo-2-1124-7B-SFT,fewshot,riskneutral,0.73564,0.94418,0,massA=0.25 massB=0.695
p2,1055,35,neutral,0,91,133,0.68,0.9938,2,False,A,allenai/OLMo-2-1124-7B-SFT,fewshot,riskneutral,0.92969,0.96032,0,massA=0.893 massB=0.0675
p2,794,26,gain,0,59,151,0.36,0.9214,2,True,B,allenai/OLMo-2-1124-7B-SFT,fewshot,riskneutral,0.42825,0.95678,0,massA=0.547 massB=0.41
p2,1174,39,neutral,0,178,567,0.32,1.0193,2,True,B,allenai/OLMo-2-1124-7B-SFT,fewshot,riskneutral,0.69596,0.95906,0,massA=0.292 massB=0.667
p2,1106,36,mixed,98,98,227,0.47,1.0887,3,True,B,allenai/OLMo-2-1124-7B-SFT,fewshot,riskneutral,0.63523,0.93929,0,massA=0.343 massB=0.597
p2,739,24,gain,0,168,214,0.76,0.9681,4,False,A,allenai/OLMo-2-1124-7B-SFT,fewshot,riskneutral,0.49217,0.5535,0,massA=0.272 massB=0.281
p2,1213,6,dominant,0,94,128,1.0,1.3617,4,False,A,allenai/OLMo-2-1124-7B-SFT,fewshot,riskneutral,0.92135,0.63877,0,massA=0.589 massB=0.0502
p2,3,0,neutral,0,186,984,0.26,1.3755,1,False,A,allenai/OLMo-2-1124-7B-SFT,fewshot,riskneutral,0.33284,0.92583,0,massA=0.308 massB=0.618
p2,681,22,mixed,81,81,163,0.72,1.4489,0,False,A,allenai/OLMo-2-1124-7B-SFT,fewshot,riskneutral,0.26894,0.87428,0,massA=0.235 massB=0.639
p2,1204,2,dominant,0,162,174,1.0,1.0741,0,True,B,allenai/OLMo-2-1124-7B-SFT,fewshot,riskneutral,0.78924,0.82668,0,massA=0.174 massB=0.652
p2,936,31,neutral,0,51,151,0.29,0.8586,3,True,B,allenai/OLMo-2-1124-7B-SFT,fewshot,riskneutral,0.62978,0.95644,0,massA=0.354 massB=0.602
p2,1152,38,gain,0,183,609,0.38,1.2646,1,True,B,allenai/OLMo-2-1124-7B-SFT,fewshot,riskneutral,0.44169,0.92918,0,massA=0.519 massB=0.41
p2,354,11,mixed,54,54,68,0.81,1.02,2,True,B,allenai/OLMo-2-1124-7B-SFT,fewshot,riskneutral,0.46491,0.9505,0,massA=0.509 massB=0.442
p2,1144,38,neutral,0,183,609,0.38,1.2646,2,True,B,allenai/OLMo-2-1124-7B-SFT,fewshot,riskneutral,0.63884,0.95332,0,massA=0.344 massB=0.609
p2,1050,35,neutral,0,91,133,0.68,0.9938,0,True,B,allenai/OLMo-2-1124-7B-SFT,fewshot,riskneutral,0.81524,0.84817,0,massA=0.157 massB=0.691
p2,975,32,gain,0,131,236,0.57,1.0269,2,False,A,allenai/OLMo-2-1124-7B-SFT,fewshot,riskneutral,0.83439,0.94058,0,massA=0.785 massB=0.156
p2,1143,38,neutral,0,183,609,0.38,1.2646,1,False,A,allenai/OLMo-2-1124-7B-SFT,fewshot,riskneutral,0.39604,0.91282,0,massA=0.362 massB=0.551
p2,1119,37,neutral,0,151,252,0.68,1.1348,4,False,A,allenai/OLMo-2-1124-7B-SFT,fewshot,riskneutral,0.51561,0.58313,0,massA=0.301 massB=0.282
p2,290,9,mixed,49,49,153,0.26,0.8118,0,True,B,allenai/OLMo-2-1124-7B-SFT,fewshot,riskneutral,0.41302,0.87058,0,massA=0.511 massB=0.36
p2,819,27,neutral,0,166,433,0.53,1.3825,4,False,A,allenai/OLMo-2-1124-7B-SFT,fewshot,riskneutral,0.47073,0.59728,0,massA=0.281 massB=0.316
p2,627,20,mixed,186,186,266,0.63,0.901,3,False,A,allenai/OLMo-2-1124-7B-SFT,fewshot,riskneutral,0.22678,0.92057,0,massA=0.209 massB=0.712
p2,1048,34,mixed,52,52,96,0.63,1.1631,4,True,B,allenai/OLMo-2-1124-7B-SFT,fewshot,riskneutral,0.767,0.67767,0,massA=0.158 massB=0.52
p2,538,17,mixed,117,117,362,0.42,1.2995,4,True,B,allenai/OLMo-2-1124-7B-SFT,fewshot,riskneutral,0.70172,0.65371,0,massA=0.195 massB=0.459
p2,495,16,gain,0,139,234,0.6,1.0101,2,False,A,allenai/OLMo-2-1124-7B-SFT,fewshot,riskneutral,0.87407,0.94391,0,massA=0.825 massB=0.119
p2,971,32,gain,0,131,236,0.57,1.0269,0,False,A,allenai/OLMo-2-1124-7B-SFT,fewshot,riskneutral,0.35576,0.8635,0,massA=0.307 massB=0.556
p2,59,1,mixed,58,58,116,0.66,1.32,4,False,A,allenai/OLMo-2-1124-7B-SFT,fewshot,riskneutral,0.25238,0.70606,0,massA=0.178 massB=0.528
p2,728,24,neutral,0,168,214,0.76,0.9681,4,True,B,allenai/OLMo-2-1124-7B-SFT,fewshot,riskneutral,0.94013,0.83689,0,massA=0.0501 massB=0.787
p2,892,29,mixed,79,79,81,0.83,0.851,1,True,B,allenai/OLMo-2-1124-7B-SFT,fewshot,riskneutral,0.17782,0.93323,0,massA=0.767 massB=0.166
p2,221,7,gain,0,63,98,0.64,0.9956,0,False,A,allenai/OLMo-2-1124-7B-SFT,fewshot,riskneutral,0.27825,0.86466,0,massA=0.241 massB=0.624
p2,200,6,mixed,94,94,101,0.71,0.7629,0,True,B,allenai/OLMo-2-1124-7B-SFT,fewshot,riskneutral,0.37755,0.87145,0,massA=0.542 massB=0.329
p2,1047,34,mixed,52,52,96,0.63,1.1631,3,False,A,allenai/OLMo-2-1124-7B-SFT,fewshot,riskneutral,0.20947,0.92297,0,massA=0.193 massB=0.73
p2,497,16,gain,0,139,234,0.6,1.0101,3,False,A,allenai/OLMo-2-1124-7B-SFT,fewshot,riskneutral,0.25534,0.90996,0,massA=0.232 massB=0.678
p2,653,21,mixed,106,106,206,0.73,1.4187,1,False,A,allenai/OLMo-2-1124-7B-SFT,fewshot,riskneutral,0.64779,0.9438,0,massA=0.611 massB=0.332
p2,801,26,mixed,59,59,151,0.36,0.9214,0,False,A,allenai/OLMo-2-1124-7B-SFT,fewshot,riskneutral,0.18476,0.86407,0,massA=0.16 massB=0.704
p2,995,33,neutral,0,142,446,0.53,1.6646,2,False,A,allenai/OLMo-2-1124-7B-SFT,fewshot,riskneutral,0.81285,0.95952,0,massA=0.78 massB=0.18
p2,718,23,mixed,91,91,626,0.23,1.5822,4,True,B,allenai/OLMo-2-1124-7B-SFT,fewshot,riskneutral,0.71781,0.67359,0,massA=0.19 massB=0.484
p2,217,7,neutral,0,63,98,0.64,0.9956,3,False,A,allenai/OLMo-2-1124-7B-SFT,fewshot,riskneutral,0.69761,0.9551,0,massA=0.666 massB=0.289
p2,507,16,mixed,139,139,234,0.6,1.0101,3,False,A,allenai/OLMo-2-1124-7B-SFT,fewshot,riskneutral,0.20561,0.91724,0,massA=0.189 massB=0.729
p2,1270,35,dominant,0,91,107,1.0,1.1758,0,True,B,allenai/OLMo-2-1124-7B-SFT,fewshot,riskneutral,0.83005,0.86454,0,massA=0.147 massB=0.718
p2,756,25,neutral,0,124,207,0.76,1.2687,3,True,B,allenai/OLMo-2-1124-7B-SFT,fewshot,riskneutral,0.91023,0.94523,0,massA=0.0849 massB=0.86
p2,789,26,neutral,0,59,151,0.36,0.9214,4,False,A,allenai/OLMo-2-1124-7B-SFT,fewshot,riskneutral,0.30403,0.63886,0,massA=0.194 massB=0.445
p2,405,13,gain,0,72,88,0.64,0.7822,2,False,A,allenai/OLMo-2-1124-7B-SFT,fewshot,riskneutral,0.43013,0.93797,0,massA=0.403 massB=0.535
p2,259,8,gain,0,62,263,0.33,1.3998,4,False,A,allenai/OLMo-2-1124-7B-SFT,fewshot,riskneutral,0.2697,0.59442,0,massA=0.16 massB=0.434
p2,598,19,mixed,64,64,122,0.49,0.9341,4,True,B,allenai/OLMo-2-1124-7B-SFT,fewshot,riskneutral,0.67148,0.62921,0,massA=0.207 massB=0.422
p2,658,21,mixed,106,106,206,0.73,1.4187,4,True,B,allenai/OLMo-2-1124-7B-SFT,fewshot,riskneutral,0.72331,0.65445,0,massA=0.181 massB=0.473
p2,1093,36,gain,0,98,227,0.47,1.0887,1,False,A,allenai/OLMo-2-1124-7B-SFT,fewshot,riskneutral,0.22815,0.93349,0,massA=0.213 massB=0.721
p2,341,11,gain,0,54,68,0.81,1.02,0,False,A,allenai/OLMo-2-1124-7B-SFT,fewshot,riskneutral,0.27825,0.87254,0,massA=0.243 massB=0.63
p2,1140,38,neutral,0,183,609,0.38,1.2646,0,True,B,allenai/OLMo-2-1124-7B-SFT,fewshot,riskneutral,0.68764,0.85101,0,massA=0.266 massB=0.585
p2,1077,35,mixed,91,91,133,0.68,0.9938,3,False,A,allenai/OLMo-2-1124-7B-SFT,fewshot,riskneutral,0.19559,0.92038,0,massA=0.18 massB=0.74
p2,27,0,mixed,186,186,984,0.26,1.3755,3,False,A,allenai/OLMo-2-1124-7B-SFT,fewshot,riskneutral,0.18011,0.92558,0,massA=0.167 massB=0.759
p2,1162,38,mixed,183,183,609,0.38,1.2646,1,True,B,allenai/OLMo-2-1124-7B-SFT,fewshot,riskneutral,0.45327,0.94614,0,massA=0.517 massB=0.429
p2,879,29,neutral,0,79,81,0.83,0.851,4,False,A,allenai/OLMo-2-1124-7B-SFT,fewshot,riskneutral,0.66191,0.45846,0,massA=0.303 massB=0.155
p2,469,15,gain,0,82,113,0.74,1.0198,4,False,A,allenai/OLMo-2-1124-7B-SFT,fewshot,riskneutral,0.47461,0.57243,0,massA=0.272 massB=0.301
p2,857,28,gain,0,132,181,0.76,1.0421,3,False,A,allenai/OLMo-2-1124-7B-SFT,fewshot,riskneutral,0.31069,0.91152,0,massA=0.283 massB=0.628
p2,347,11,gain,0,54,68,0.81,1.02,3,False,A,allenai/OLMo-2-1124-7B-SFT,fewshot,riskneutral,0.13207,0.9125,0,massA=0.121 massB=0.792
p2,684,22,mixed,81,81,163,0.72,1.4489,2,True,B,allenai/OLMo-2-1124-7B-SFT,fewshot,riskneutral,0.62796,0.94515,0,massA=0.352 massB=0.594
p2,370,12,gain,0,164,541,0.38,1.2535,0,True,B,allenai/OLMo-2-1124-7B-SFT,fewshot,riskneutral,0.63704,0.83887,0,massA=0.304 massB=0.534
p2,541,18,neutral,0,41,61,0.58,0.8629,0,False,A,allenai/OLMo-2-1124-7B-SFT,fewshot,riskneutral,0.6206,0.86022,0,massA=0.534 massB=0.326
p2,816,27,neutral,0,166,433,0.53,1.3825,3,True,B,allenai/OLMo-2-1124-7B-SFT,fewshot,riskneutral,0.79182,0.94205,0,massA=0.196 massB=0.746
p2,335,11,neutral,0,54,68,0.81,1.02,2,False,A,allenai/OLMo-2-1124-7B-SFT,fewshot,riskneutral,0.94619,0.96814,0,massA=0.916 massB=0.0521
p2,1110,37,neutral,0,151,252,0.68,1.1348,0,True,B,allenai/OLMo-2-1124-7B-SFT,fewshot,riskneutral,0.81048,0.86066,0,massA=0.163 massB=0.698
p2,398,13,neutral,0,72,88,0.64,0.7822,4,True,B,allenai/OLMo-2-1124-7B-SFT,fewshot,riskneutral,0.83005,0.77234,0,massA=0.131 massB=0.641
p2,34,1,neutral,0,58,116,0.66,1.32,2,True,B,allenai/OLMo-2-1124-7B-SFT,fewshot,riskneutral,0.84797,0.95323,0,massA=0.145 massB=0.808
p2,664,22,neutral,0,81,163,0.72,1.4489,2,True,B,allenai/OLMo-2-1124-7B-SFT,fewshot,riskneutral,0.862,0.95633,0,massA=0.132 massB=0.824
p2,342,11,gain,0,54,68,0.81,1.02,1,True,B,allenai/OLMo-2-1124-7B-SFT,fewshot,riskneutral,0.42634,0.91973,0,massA=0.528 massB=0.392
p2,458,15,neutral,0,82,113,0.74,1.0198,4,True,B,allenai/OLMo-2-1124-7B-SFT,fewshot,riskneutral,0.97676,0.85286,0,massA=0.0198 massB=0.833
p2,1036,34,gain,0,52,96,0.63,1.1631,3,True,B,allenai/OLMo-2-1124-7B-SFT,fewshot,riskneutral,0.71701,0.88756,0,massA=0.251 massB=0.636
p2,592,19,mixed,64,64,122,0.49,0.9341,1,True,B,allenai/OLMo-2-1124-7B-SFT,fewshot,riskneutral,0.39421,0.94321,0,massA=0.571 massB=0.372
p2,380,12,mixed,164,164,541,0.38,1.2535,0,True,B,allenai/OLMo-2-1124-7B-SFT,fewshot,riskneutral,0.434,0.86496,0,massA=0.49 massB=0.375
p2,953,31,mixed,51,51,151,0.29,0.8586,1,False,A,allenai/OLMo-2-1124-7B-SFT,fewshot,riskneutral,0.5039,0.93983,0,massA=0.474 massB=0.466
p2,442,14,mixed,81,81,201,0.68,1.6874,1,True,B,allenai/OLMo-2-1124-7B-SFT,fewshot,riskneutral,0.50782,0.94672,0,massA=0.466 massB=0.481
p2,275,9,neutral,0,49,153,0.26,0.8118,2,False,A,allenai/OLMo-2-1124-7B-SFT,fewshot,riskneutral,0.78661,0.96415,0,massA=0.758 massB=0.206
p2,795,26,gain,0,59,151,0.36,0.9214,2,False,A,allenai/OLMo-2-1124-7B-SFT,fewshot,riskneutral,0.57175,0.93952,0,massA=0.537 massB=0.402
p2,646,21,gain,0,106,206,0.73,1.4187,3,True,B,allenai/OLMo-2-1124-7B-SFT,fewshot,riskneutral,0.71224,0.89607,0,massA=0.258 massB=0.638
p2,954,31,mixed,51,51,151,0.29,0.8586,2,True,B,allenai/OLMo-2-1124-7B-SFT,fewshot,riskneutral,0.50978,0.94458,0,massA=0.463 massB=0.482
p2,284,9,gain,0,49,153,0.26,0.8118,2,True,B,allenai/OLMo-2-1124-7B-SFT,fewshot,riskneutral,0.32768,0.9529,0,massA=0.641 massB=0.312
p2,135,4,gain,0,29,71,0.55,1.3466,2,False,A,allenai/OLMo-2-1124-7B-SFT,fewshot,riskneutral,0.82218,0.9425,0,massA=0.775 massB=0.168
p2,360,12,neutral,0,164,541,0.38,1.2535,0,True,B,allenai/OLMo-2-1124-7B-SFT,fewshot,riskneutral,0.7677,0.83898,0,massA=0.195 massB=0.644
p2,1038,34,gain,0,52,96,0.63,1.1631,4,True,B,allenai/OLMo-2-1124-7B-SFT,fewshot,riskneutral,0.73943,0.68398,0,massA=0.178 massB=0.506
p2,351,11,mixed,54,54,68,0.81,1.02,0,False,A,allenai/OLMo-2-1124-7B-SFT,fewshot,riskneutral,0.17895,0.85384,0,massA=0.153 massB=0.701
p2,505,16,mixed,139,139,234,0.6,1.0101,2,False,A,allenai/OLMo-2-1124-7B-SFT,fewshot,riskneutral,0.58888,0.94336,0,massA=0.556 massB=0.388
p2,770,25,mixed,124,124,207,0.76,1.2687,0,True,B,allenai/OLMo-2-1124-7B-SFT,fewshot,riskneutral,0.4727,0.87699,0,massA=0.462 massB=0.415
p2,315,10,gain,0,111,278,0.58,1.4526,2,False,A,allenai/OLMo-2-1124-7B-SFT,fewshot,riskneutral,0.76767,0.93421,0,massA=0.717 massB=0.217
p2,1051,35,neutral,0,91,133,0.68,0.9938,0,False,A,allenai/OLMo-2-1124-7B-SFT,fewshot,riskneutral,0.47461,0.86122,0,massA=0.409 massB=0.452
p2,218,7,neutral,0,63,98,0.64,0.9956,4,True,B,allenai/OLMo-2-1124-7B-SFT,fewshot,riskneutral,0.88364,0.80408,0,massA=0.0936 massB=0.711
p2,1059,35,neutral,0,91,133,0.68,0.9938,4,False,A,allenai/OLMo-2-1124-7B-SFT,fewshot,riskneutral,0.39792,0.61438,0,massA=0.244 massB=0.37
p2,652,21,mixed,106,106,206,0.73,1.4187,1,True,B,allenai/OLMo-2-1124-7B-SFT,fewshot,riskneutral,0.35757,0.94773,0,massA=0.609 massB=0.339
p2,844,28,neutral,0,132,181,0.76,1.0421,2,True,B,allenai/OLMo-2-1124-7B-SFT,fewshot,riskneutral,0.89368,0.96311,0,massA=0.102 massB=0.861
p2,644,21,gain,0,106,206,0.73,1.4187,2,True,B,allenai/OLMo-2-1124-7B-SFT,fewshot,riskneutral,0.46686,0.94436,0,massA=0.503 massB=0.441
p2,1150,38,gain,0,183,609,0.38,1.2646,0,True,B,allenai/OLMo-2-1124-7B-SFT,fewshot,riskneutral,0.56603,0.85128,0,massA=0.369 massB=0.482
p2,352,11,mixed,54,54,68,0.81,1.02,1,True,B,allenai/OLMo-2-1124-7B-SFT,fewshot,riskneutral,0.25387,0.94393,0,massA=0.704 massB=0.24
p2,884,29,gain,0,79,81,0.83,0.851,2,True,B,allenai/OLMo-2-1124-7B-SFT,fewshot,riskneutral,0.40735,0.95187,0,massA=0.564 massB=0.388
p2,757,25,neutral,0,124,207,0.76,1.2687,3,False,A,allenai/OLMo-2-1124-7B-SFT,fewshot,riskneutral,0.80807,0.96123,0,massA=0.777 massB=0.184
p2,271,9,neutral,0,49,153,0.26,0.8118,0,False,A,allenai/OLMo-2-1124-7B-SFT,fewshot,riskneutral,0.30403,0.86534,0,massA=0.263 massB=0.602
p2,278,9,neutral,0,49,153,0.26,0.8118,4,True,B,allenai/OLMo-2-1124-7B-SFT,fewshot,riskneutral,0.75056,0.76895,0,massA=0.192 massB=0.577
p2,419,13,mixed,72,72,88,0.64,0.7822,4,False,A,allenai/OLMo-2-1124-7B-SFT,fewshot,riskneutral,0.19375,0.71223,0,massA=0.138 massB=0.574
p2,813,27,neutral,0,166,433,0.53,1.3825,1,False,A,allenai/OLMo-2-1124-7B-SFT,fewshot,riskneutral,0.55251,0.91613,0,massA=0.506 massB=0.41
p2,641,21,gain,0,106,206,0.73,1.4187,0,False,A,allenai/OLMo-2-1124-7B-SFT,fewshot,riskneutral,0.44938,0.8633,0,massA=0.388 massB=0.475
p2,1133,37,mixed,151,151,252,0.68,1.1348,1,False,A,allenai/OLMo-2-1124-7B-SFT,fewshot,riskneutral,0.57749,0.94578,0,massA=0.546 massB=0.4
p2,1243,21,dominant,0,106,147,1.0,1.3868,3,False,A,allenai/OLMo-2-1124-7B-SFT,fewshot,riskneutral,0.88759,0.95766,0,massA=0.85 massB=0.108
p2,302,10,neutral,0,111,278,0.58,1.4526,1,True,B,allenai/OLMo-2-1124-7B-SFT,fewshot,riskneutral,0.56795,0.91328,0,massA=0.395 massB=0.519
p2,531,17,mixed,117,117,362,0.42,1.2995,0,False,A,allenai/OLMo-2-1124-7B-SFT,fewshot,riskneutral,0.21076,0.84435,0,massA=0.178 massB=0.666
p2,118,3,mixed,46,46,158,0.33,1.1335,4,True,B,allenai/OLMo-2-1124-7B-SFT,fewshot,riskneutral,0.73413,0.69667,0,massA=0.185 massB=0.511
p2,860,28,mixed,132,132,181,0.76,1.0421,0,True,B,allenai/OLMo-2-1124-7B-SFT,fewshot,riskneutral,0.41871,0.8829,0,massA=0.513 massB=0.37
p2,631,21,neutral,0,106,206,0.73,1.4187,0,False,A,allenai/OLMo-2-1124-7B-SFT,fewshot,riskneutral,0.58318,0.84754,0,massA=0.494 massB=0.353
p2,171,5,mixed,162,162,381,0.46,1.0819,0,False,A,allenai/OLMo-2-1124-7B-SFT,fewshot,riskneutral,0.22815,0.8418,0,massA=0.192 massB=0.65
p2,762,25,gain,0,124,207,0.76,1.2687,1,True,B,allenai/OLMo-2-1124-7B-SFT,fewshot,riskneutral,0.49025,0.91858,0,massA=0.468 massB=0.45
p2,861,28,mixed,132,132,181,0.76,1.0421,0,False,A,allenai/OLMo-2-1124-7B-SFT,fewshot,riskneutral,0.22135,0.8677,0,massA=0.192 massB=0.676
p2,1103,36,mixed,98,98,227,0.47,1.0887,1,False,A,allenai/OLMo-2-1124-7B-SFT,fewshot,riskneutral,0.60392,0.9341,0,massA=0.564 massB=0.37
p2,231,7,mixed,63,63,98,0.64,0.9956,0,False,A,allenai/OLMo-2-1124-7B-SFT,fewshot,riskneutral,0.18594,0.85204,0,massA=0.158 massB=0.694
p2,643,21,gain,0,106,206,0.73,1.4187,1,False,A,allenai/OLMo-2-1124-7B-SFT,fewshot,riskneutral,0.49803,0.9239,0,massA=0.46 massB=0.464
p2,468,15,gain,0,82,113,0.74,1.0198,4,True,B,allenai/OLMo-2-1124-7B-SFT,fewshot,riskneutral,0.81108,0.74795,0,massA=0.141 massB=0.607
p2,806,26,mixed,59,59,151,0.36,0.9214,3,True,B,allenai/OLMo-2-1124-7B-SFT,fewshot,riskneutral,0.58511,0.94614,0,massA=0.393 massB=0.554
p2,409,13,gain,0,72,88,0.64,0.7822,4,False,A,allenai/OLMo-2-1124-7B-SFT,fewshot,riskneutral,0.21933,0.66805,0,massA=0.147 massB=0.522
p2,624,20,mixed,186,186,266,0.63,0.901,2,True,B,allenai/OLMo-2-1124-7B-SFT,fewshot,riskneutral,0.52343,0.94797,0,massA=0.452 massB=0.496
p2,465,15,gain,0,82,113,0.74,1.0198,2,False,A,allenai/OLMo-2-1124-7B-SFT,fewshot,riskneutral,0.80439,0.94436,0,massA=0.76 massB=0.185
p2,382,12,mixed,164,164,541,0.38,1.2535,1,True,B,allenai/OLMo-2-1124-7B-SFT,fewshot,riskneutral,0.4688,0.94681,0,massA=0.503 massB=0.444
p2,431,14,gain,0,81,201,0.68,1.6874,0,False,A,allenai/OLMo-2-1124-7B-SFT,fewshot,riskneutral,0.25682,0.86597,0,massA=0.222 massB=0.644
p2,109,3,gain,0,46,158,0.33,1.1335,4,False,A,allenai/OLMo-2-1124-7B-SFT,fewshot,riskneutral,0.2942,0.59345,0,massA=0.175 massB=0.419
p2,1268,34,dominant,0,52,110,1.0,2.1154,3,True,B,allenai/OLMo-2-1124-7B-SFT,fewshot,riskneutral,0.97943,0.95796,0,massA=0.0197 massB=0.938
p2,1277,38,dominant,0,183,201,1.0,1.0984,2,False,A,allenai/OLMo-2-1124-7B-SFT,fewshot,riskneutral,0.57749,0.92776,0,massA=0.536 massB=0.392
p2,1161,38,mixed,183,183,609,0.38,1.2646,0,False,A,allenai/OLMo-2-1124-7B-SFT,fewshot,riskneutral,0.20689,0.86954,0,massA=0.18 massB=0.69
p2,677,22,gain,0,81,163,0.72,1.4489,3,False,A,allenai/OLMo-2-1124-7B-SFT,fewshot,riskneutral,0.2991,0.88722,0,massA=0.265 massB=0.622
p2,1136,37,mixed,151,151,252,0.68,1.1348,3,True,B,allenai/OLMo-2-1124-7B-SFT,fewshot,riskneutral,0.67405,0.93434,0,massA=0.305 massB=0.63
p2,511,17,neutral,0,117,362,0.42,1.2995,0,False,A,allenai/OLMo-2-1124-7B-SFT,fewshot,riskneutral,0.39605,0.86361,0,massA=0.342 massB=0.522
p2,1212,6,dominant,0,94,128,1.0,1.3617,3,True,B,allenai/OLMo-2-1124-7B-SFT,fewshot,riskneutral,0.95204,0.93636,0,massA=0.0449 massB=0.891
p2,1,0,neutral,0,186,984,0.26,1.3755,0,False,A,allenai/OLMo-2-1124-7B-SFT,fewshot,riskneutral,0.28775,0.90638,0,massA=0.261 massB=0.646
p2,55,1,mixed,58,58,116,0.66,1.32,2,False,A,allenai/OLMo-2-1124-7B-SFT,fewshot,riskneutral,0.61137,0.94282,0,massA=0.576 massB=0.366
p2,589,19,gain,0,64,122,0.49,0.9341,4,False,A,allenai/OLMo-2-1124-7B-SFT,fewshot,riskneutral,0.18359,0.65463,0,massA=0.12 massB=0.534
p2,488,16,neutral,0,139,234,0.6,1.0101,4,True,B,allenai/OLMo-2-1124-7B-SFT,fewshot,riskneutral,0.88799,0.82408,0,massA=0.0923 massB=0.732
p2,923,30,mixed,149,149,447,0.26,0.78,1,False,A,allenai/OLMo-2-1124-7B-SFT,fewshot,riskneutral,0.48437,0.93884,0,massA=0.455 massB=0.484
p2,1170,39,neutral,0,178,567,0.32,1.0193,0,True,B,allenai/OLMo-2-1124-7B-SFT,fewshot,riskneutral,0.70254,0.85418,0,massA=0.254 massB=0.6
p2,267,8,mixed,62,62,263,0.33,1.3998,3,False,A,allenai/OLMo-2-1124-7B-SFT,fewshot,riskneutral,0.18713,0.91496,0,massA=0.171 massB=0.744
p2,204,6,mixed,94,94,101,0.71,0.7629,2,True,B,allenai/OLMo-2-1124-7B-SFT,fewshot,riskneutral,0.46686,0.94149,0,massA=0.502 massB=0.44
p2,686,22,mixed,81,81,163,0.72,1.4489,3,True,B,allenai/OLMo-2-1124-7B-SFT,fewshot,riskneutral,0.74762,0.93539,0,massA=0.236 massB=0.699
p2,453,15,neutral,0,82,113,0.74,1.0198,1,False,A,allenai/OLMo-2-1124-7B-SFT,fewshot,riskneutral,0.72949,0.90736,0,massA=0.662 massB=0.245
p2,154,5,neutral,0,162,381,0.46,1.0819,2,True,B,allenai/OLMo-2-1124-7B-SFT,fewshot,riskneutral,0.72018,0.95345,0,massA=0.267 massB=0.687
p2,974,32,gain,0,131,236,0.57,1.0269,2,True,B,allenai/OLMo-2-1124-7B-SFT,fewshot,riskneutral,0.57941,0.948,0,massA=0.399 massB=0.549
p2,150,5,neutral,0,162,381,0.46,1.0819,0,True,B,allenai/OLMo-2-1124-7B-SFT,fewshot,riskneutral,0.73413,0.85844,0,massA=0.228 massB=0.63
p2,244,8,neutral,0,62,263,0.33,1.3998,2,True,B,allenai/OLMo-2-1124-7B-SFT,fewshot,riskneutral,0.68931,0.95617,0,massA=0.297 massB=0.659
p2,295,9,mixed,49,49,153,0.26,0.8118,2,False,A,allenai/OLMo-2-1124-7B-SFT,fewshot,riskneutral,0.52535,0.92578,0,massA=0.486 massB=0.439
p2,877,29,neutral,0,79,81,0.83,0.851,3,False,A,allenai/OLMo-2-1124-7B-SFT,fewshot,riskneutral,0.84078,0.95799,0,massA=0.805 massB=0.153
p2,744,24,mixed,168,168,214,0.76,0.9681,2,True,B,allenai/OLMo-2-1124-7B-SFT,fewshot,riskneutral,0.54868,0.95127,0,massA=0.429 massB=0.522
p2,704,23,gain,0,91,626,0.23,1.5822,2,True,B,allenai/OLMo-2-1124-7B-SFT,fewshot,riskneutral,0.37756,0.94652,0,massA=0.589 massB=0.357
p2,100,3,gain,0,46,158,0.33,1.1335,0,True,B,allenai/OLMo-2-1124-7B-SFT,fewshot,riskneutral,0.47855,0.83257,0,massA=0.434 massB=0.398
p2,17,0,gain,0,186,984,0.26,1.3755,3,False,A,allenai/OLMo-2-1124-7B-SFT,fewshot,riskneutral,0.10857,0.90616,0,massA=0.0984 massB=0.808
p2,1044,34,mixed,52,52,96,0.63,1.1631,2,True,B,allenai/OLMo-2-1124-7B-SFT,fewshot,riskneutral,0.52927,0.95143,0,massA=0.448 massB=0.504
p2,1018,33,mixed,142,142,446,0.53,1.6646,4,True,B,allenai/OLMo-2-1124-7B-SFT,fewshot,riskneutral,0.78794,0.65333,0,massA=0.139 massB=0.515
p2,292,9,mixed,49,49,153,0.26,0.8118,1,True,B,allenai/OLMo-2-1124-7B-SFT,fewshot,riskneutral,0.45908,0.93741,0,massA=0.507 massB=0.43
p2,920,30,mixed,149,149,447,0.26,0.78,0,True,B,allenai/OLMo-2-1124-7B-SFT,fewshot,riskneutral,0.36479,0.86187,0,massA=0.547 massB=0.314
p2,491,16,gain,0,139,234,0.6,1.0101,0,False,A,allenai/OLMo-2-1124-7B-SFT,fewshot,riskneutral,0.32594,0.8604,0,massA=0.28 massB=0.58
p2,110,3,mixed,46,46,158,0.33,1.1335,0,True,B,allenai/OLMo-2-1124-7B-SFT,fewshot,riskneutral,0.45328,0.85867,0,massA=0.469 massB=0.389
p2,211,7,neutral,0,63,98,0.64,0.9956,0,False,A,allenai/OLMo-2-1124-7B-SFT,fewshot,riskneutral,0.39605,0.87209,0,massA=0.345 massB=0.527
p2,1022,34,neutral,0,52,96,0.63,1.1631,1,True,B,allenai/OLMo-2-1124-7B-SFT,fewshot,riskneutral,0.68596,0.92235,0,massA=0.29 massB=0.633
p2,40,1,gain,0,58,116,0.66,1.32,0,True,B,allenai/OLMo-2-1124-7B-SFT,fewshot,riskneutral,0.59268,0.84578,0,massA=0.345 massB=0.501
p2,484,16,neutral,0,139,234,0.6,1.0101,2,True,B,allenai/OLMo-2-1124-7B-SFT,fewshot,riskneutral,0.78663,0.95441,0,massA=0.204 massB=0.751
p2,748,24,mixed,168,168,214,0.76,0.9681,4,True,B,allenai/OLMo-2-1124-7B-SFT,fewshot,riskneutral,0.76978,0.6324,0,massA=0.146 massB=0.487
p2,835,27,mixed,166,166,433,0.53,1.3825,2,False,A,allenai/OLMo-2-1124-7B-SFT,fewshot,riskneutral,0.65312,0.94914,0,massA=0.62 massB=0.329
p2,263,8,mixed,62,62,263,0.33,1.3998,1,False,A,allenai/OLMo-2-1124-7B-SFT,fewshot,riskneutral,0.5312,0.93284,0,massA=0.496 massB=0.437
p2,969,32,neutral,0,131,236,0.57,1.0269,4,False,A,allenai/OLMo-2-1124-7B-SFT,fewshot,riskneutral,0.42822,0.54785,0,massA=0.235 massB=0.313
p2,77,2,gain,0,162,661,0.26,1.0609,3,False,A,allenai/OLMo-2-1124-7B-SFT,fewshot,riskneutral,0.11009,0.90522,0,massA=0.0997 massB=0.806
p2,1189,39,gain,0,178,567,0.32,1.0193,4,False,A,allenai/OLMo-2-1124-7B-SFT,fewshot,riskneutral,0.23091,0.61462,0,massA=0.142 massB=0.473
p2,986,32,mixed,131,131,236,0.57,1.0269,3,True,B,allenai/OLMo-2-1124-7B-SFT,fewshot,riskneutral,0.64602,0.93497,0,massA=0.331 massB=0.604
p2,1137,37,mixed,151,151,252,0.68,1.1348,3,False,A,allenai/OLMo-2-1124-7B-SFT,fewshot,riskneutral,0.21469,0.92966,0,massA=0.2 massB=0.73
p2,1278,39,dominant,0,178,205,1.0,1.1517,4,True,B,allenai/OLMo-2-1124-7B-SFT,fewshot,riskneutral,0.70172,0.8041,0,massA=0.24 massB=0.564
p2,871,29,neutral,0,79,81,0.83,0.851,0,False,A,allenai/OLMo-2-1124-7B-SFT,fewshot,riskneutral,0.646,0.86211,0,massA=0.557 massB=0.305
p2,708,23,gain,0,91,626,0.23,1.5822,4,True,B,allenai/OLMo-2-1124-7B-SFT,fewshot,riskneutral,0.70741,0.6768,0,massA=0.198 massB=0.479
p2,1115,37,neutral,0,151,252,0.68,1.1348,2,False,A,allenai/OLMo-2-1124-7B-SFT,fewshot,riskneutral,0.9458,0.9633,0,massA=0.911 massB=0.0522
p2,1032,34,gain,0,52,96,0.63,1.1631,1,True,B,allenai/OLMo-2-1124-7B-SFT,fewshot,riskneutral,0.53317,0.91661,0,massA=0.428 massB=0.489
p2,435,14,gain,0,81,201,0.68,1.6874,2,False,A,allenai/OLMo-2-1124-7B-SFT,fewshot,riskneutral,0.71221,0.9348,0,massA=0.666 massB=0.269
p2,671,22,gain,0,81,163,0.72,1.4489,0,False,A,allenai/OLMo-2-1124-7B-SFT,fewshot,riskneutral,0.27825,0.85414,0,massA=0.238 massB=0.616
p2,506,16,mixed,139,139,234,0.6,1.0101,3,True,B,allenai/OLMo-2-1124-7B-SFT,fewshot,riskneutral,0.56986,0.92533,0,massA=0.398 massB=0.527
p2,120,4,neutral,0,29,71,0.55,1.3466,0,True,B,allenai/OLMo-2-1124-7B-SFT,fewshot,riskneutral,0.73565,0.81673,0,massA=0.216 massB=0.601
p2,1261,30,dominant,0,149,187,1.0,1.255,3,False,A,allenai/OLMo-2-1124-7B-SFT,fewshot,riskneutral,0.82389,0.95818,0,massA=0.789 massB=0.169
p2,58,1,mixed,58,58,116,0.66,1.32,4,True,B,allenai/OLMo-2-1124-7B-SFT,fewshot,riskneutral,0.74093,0.62388,0,massA=0.162 massB=0.462
p2,734,24,gain,0,168,214,0.76,0.9681,2,True,B,allenai/OLMo-2-1124-7B-SFT,fewshot,riskneutral,0.45327,0.95048,0,massA=0.52 massB=0.431
p2,521,17,gain,0,117,362,0.42,1.2995,0,False,A,allenai/OLMo-2-1124-7B-SFT,fewshot,riskneutral,0.25982,0.8587,0,massA=0.223 massB=0.636
p2,345,11,gain,0,54,68,0.81,1.02,2,False,A,allenai/OLMo-2-1124-7B-SFT,fewshot,riskneutral,0.69924,0.9452,0,massA=0.661 massB=0.284
p2,49,1,gain,0,58,116,0.66,1.32,4,False,A,allenai/OLMo-2-1124-7B-SFT,fewshot,riskneutral,0.40543,0.57414,0,massA=0.233 massB=0.341
p2,1124,37,gain,0,151,252,0.68,1.1348,2,True,B,allenai/OLMo-2-1124-7B-SFT,fewshot,riskneutral,0.49806,0.95095,0,massA=0.477 massB=0.474
p2,525,17,gain,0,117,362,0.42,1.2995,2,False,A,allenai/OLMo-2-1124-7B-SFT,fewshot,riskneutral,0.5273,0.92997,0,massA=0.49 massB=0.44
p2,1235,17,dominant,0,117,129,1.0,1.1026,4,False,A,allenai/OLMo-2-1124-7B-SFT,fewshot,riskneutral,0.95854,0.70455,0,massA=0.675 massB=0.0292
p2,1208,4,dominant,0,29,56,1.0,1.931,1,True,B,allenai/OLMo-2-1124-7B-SFT,fewshot,riskneutral,0.82615,0.93988,0,massA=0.163 massB=0.776
p2,618,20,gain,0,186,266,0.63,0.901,4,True,B,allenai/OLMo-2-1124-7B-SFT,fewshot,riskneutral,0.66193,0.68144,0,massA=0.23 massB=0.451
p2,1275,37,dominant,0,151,193,1.0,1.2781,2,False,A,allenai/OLMo-2-1124-7B-SFT,fewshot,riskneutral,0.66714,0.93578,0,massA=0.624 massB=0.311
p2,694,23,neutral,0,91,626,0.23,1.5822,2,True,B,allenai/OLMo-2-1124-7B-SFT,fewshot,riskneutral,0.67061,0.95915,0,massA=0.316 massB=0.643
p2,1013,33,mixed,142,142,446,0.53,1.6646,1,False,A,allenai/OLMo-2-1124-7B-SFT,fewshot,riskneutral,0.6943,0.93732,0,massA=0.651 massB=0.287
p2,356,11,mixed,54,54,68,0.81,1.02,3,True,B,allenai/OLMo-2-1124-7B-SFT,fewshot,riskneutral,0.51172,0.93028,0,massA=0.454 massB=0.476
p2,539,17,mixed,117,117,362,0.42,1.2995,4,False,A,allenai/OLMo-2-1124-7B-SFT,fewshot,riskneutral,0.31069,0.67323,0,massA=0.209 massB=0.464
p2,1260,30,dominant,0,149,187,1.0,1.255,1,True,B,allenai/OLMo-2-1124-7B-SFT,fewshot,riskneutral,0.79375,0.9493,0,massA=0.196 massB=0.754
p2,121,4,neutral,0,29,71,0.55,1.3466,0,False,A,allenai/OLMo-2-1124-7B-SFT,fewshot,riskneutral,0.46489,0.82722,0,massA=0.385 massB=0.443
p2,663,22,neutral,0,81,163,0.72,1.4489,1,False,A,allenai/OLMo-2-1124-7B-SFT,fewshot,riskneutral,0.61321,0.89338,0,massA=0.548 massB=0.346
p2,1079,35,mixed,91,91,133,0.68,0.9938,4,False,A,allenai/OLMo-2-1124-7B-SFT,fewshot,riskneutral,0.23581,0.72433,0,massA=0.171 massB=0.554
p2,269,8,mixed,62,62,263,0.33,1.3998,4,False,A,allenai/OLMo-2-1124-7B-SFT,fewshot,riskneutral,0.32423,0.63024,0,massA=0.204 massB=0.426
p2,10,0,gain,0,186,984,0.26,1.3755,0,True,B,allenai/OLMo-2-1124-7B-SFT,fewshot,riskneutral,0.4017,0.84817,0,massA=0.507 massB=0.341
p2,115,3,mixed,46,46,158,0.33,1.1335,2,False,A,allenai/OLMo-2-1124-7B-SFT,fewshot,riskneutral,0.55446,0.93408,0,massA=0.518 massB=0.416
p2,143,4,mixed,29,29,71,0.55,1.3466,1,False,A,allenai/OLMo-2-1124-7B-SFT,fewshot,riskneutral,0.60579,0.93172,0,massA=0.564 massB=0.367
p2,270,9,neutral,0,49,153,0.26,0.8118,0,True,B,allenai/OLMo-2-1124-7B-SFT,fewshot,riskneutral,0.70254,0.85372,0,massA=0.254 massB=0.6
p2,255,8,gain,0,62,263,0.33,1.3998,2,False,A,allenai/OLMo-2-1124-7B-SFT,fewshot,riskneutral,0.59829,0.92477,0,massA=0.553 massB=0.371
p2,31,1,neutral,0,58,116,0.66,1.32,0,False,A,allenai/OLMo-2-1124-7B-SFT,fewshot,riskneutral,0.48241,0.87221,0,massA=0.421 massB=0.451
p2,887,29,gain,0,79,81,0.83,0.851,3,False,A,allenai/OLMo-2-1124-7B-SFT,fewshot,riskneutral,0.20561,0.89609,0,massA=0.184 massB=0.712
p2,608,20,neutral,0,186,266,0.63,0.901,4,True,B,allenai/OLMo-2-1124-7B-SFT,fewshot,riskneutral,0.86972,0.79565,0,massA=0.104 massB=0.692
p2,722,24,neutral,0,168,214,0.76,0.9681,1,True,B,allenai/OLMo-2-1124-7B-SFT,fewshot,riskneutral,0.5756,0.92901,0,massA=0.394 massB=0.535
p2,889,29,gain,0,79,81,0.83,0.851,4,False,A,allenai/OLMo-2-1124-7B-SFT,fewshot,riskneutral,0.34333,0.60843,0,massA=0.209 massB=0.4
p2,792,26,gain,0,59,151,0.36,0.9214,1,True,B,allenai/OLMo-2-1124-7B-SFT,fewshot,riskneutral,0.4766,0.93376,0,massA=0.489 massB=0.445
p2,445,14,mixed,81,81,201,0.68,1.6874,2,False,A,allenai/OLMo-2-1124-7B-SFT,fewshot,riskneutral,0.65311,0.94388,0,massA=0.616 massB=0.327
p2,477,15,mixed,82,82,113,0.74,1.0198,3,False,A,allenai/OLMo-2-1124-7B-SFT,fewshot,riskneutral,0.20818,0.91572,0,massA=0.191 massB=0.725
p2,1166,38,mixed,183,183,609,0.38,1.2646,3,True,B,allenai/OLMo-2-1124-7B-SFT,fewshot,riskneutral,0.5564,0.94514,0,massA=0.419 massB=0.526
p2,18,0,gain,0,186,984,0.26,1.3755,4,True,B,allenai/OLMo-2-1124-7B-SFT,fewshot,riskneutral,0.5756,0.58679,0,massA=0.249 massB=0.338
p2,195,6,gain,0,94,101,0.71,0.7629,2,False,A,allenai/OLMo-2-1124-7B-SFT,fewshot,riskneutral,0.68425,0.93305,0,massA=0.638 massB=0.295
p2,890,29,mixed,79,79,81,0.83,0.851,0,True,B,allenai/OLMo-2-1124-7B-SFT,fewshot,riskneutral,0.25984,0.86559,0,massA=0.641 massB=0.225
p2,24,0,mixed,186,186,984,0.26,1.3755,2,True,B,allenai/OLMo-2-1124-7B-SFT,fewshot,riskneutral,0.4922,0.95012,0,massA=0.482 massB=0.468
p2,1114,37,neutral,0,151,252,0.68,1.1348,2,True,B,allenai/OLMo-2-1124-7B-SFT,fewshot,riskneutral,0.79311,0.95556,0,massA=0.198 massB=0.758
p2,763,25,gain,0,124,207,0.76,1.2687,1,False,A,allenai/OLMo-2-1124-7B-SFT,fewshot,riskneutral,0.42249,0.92515,0,massA=0.391 massB=0.534
p2,319,10,gain,0,111,278,0.58,1.4526,4,False,A,allenai/OLMo-2-1124-7B-SFT,fewshot,riskneutral,0.33024,0.58399,0,massA=0.193 massB=0.391
p2,166,5,gain,0,162,381,0.46,1.0819,3,True,B,allenai/OLMo-2-1124-7B-SFT,fewshot,riskneutral,0.67061,0.8953,0,massA=0.295 massB=0.6
p2,788,26,neutral,0,59,151,0.36,0.9214,4,True,B,allenai/OLMo-2-1124-7B-SFT,fewshot,riskneutral,0.83868,0.82727,0,massA=0.133 massB=0.694
p2,82,2,mixed,162,162,661,0.26,1.0609,1,True,B,allenai/OLMo-2-1124-7B-SFT,fewshot,riskneutral,0.41112,0.94676,0,massA=0.558 massB=0.389
p2,577,19,neutral,0,64,122,0.49,0.9341,3,False,A,allenai/OLMo-2-1124-7B-SFT,fewshot,riskneutral,0.38676,0.94961,0,massA=0.367 massB=0.582
p2,63,2,neutral,0,162,661,0.26,1.0609,1,False,A,allenai/OLMo-2-1124-7B-SFT,fewshot,riskneutral,0.35397,0.92019,0,massA=0.326 massB=0.594
p2,487,16,neutral,0,139,234,0.6,1.0101,3,False,A,allenai/OLMo-2-1124-7B-SFT,fewshot,riskneutral,0.71223,0.95999,0,massA=0.684 massB=0.276
p2,609,20,neutral,0,186,266,0.63,0.901,4,False,A,allenai/OLMo-2-1124-7B-SFT,fewshot,riskneutral,0.48437,0.56757,0,massA=0.275 massB=0.293
p2,981,32,mixed,131,131,236,0.57,1.0269,0,False,A,allenai/OLMo-2-1124-7B-SFT,fewshot,riskneutral,0.2337,0.85674,0,massA=0.2 massB=0.657
p2,856,28,gain,0,132,181,0.76,1.0421,3,True,B,allenai/OLMo-2-1124-7B-SFT,fewshot,riskneutral,0.78133,0.88837,0,massA=0.194 massB=0.694
p2,1227,13,dominant,0,72,119,1.0,1.6528,3,False,A,allenai/OLMo-2-1124-7B-SFT,fewshot,riskneutral,0.86703,0.95809,0,massA=0.831 massB=0.127
p2,1195,39,mixed,178,178,567,0.32,1.0193,2,False,A,allenai/OLMo-2-1124-7B-SFT,fewshot,riskneutral,0.55831,0.94361,0,massA=0.527 massB=0.417
p2,309,10,neutral,0,111,278,0.58,1.4526,4,False,A,allenai/OLMo-2-1124-7B-SFT,fewshot,riskneutral,0.37937,0.54377,0,massA=0.206 massB=0.337
p2,772,25,mixed,124,124,207,0.76,1.2687,1,True,B,allenai/OLMo-2-1124-7B-SFT,fewshot,riskneutral,0.4149,0.9438,0,massA=0.552 massB=0.392
p2,52,1,mixed,58,58,116,0.66,1.32,1,True,B,allenai/OLMo-2-1124-7B-SFT,fewshot,riskneutral,0.43591,0.93382,0,massA=0.527 massB=0.407
p2,1097,36,gain,0,98,227,0.47,1.0887,3,False,A,allenai/OLMo-2-1124-7B-SFT,fewshot,riskneutral,0.08036,0.92544,0,massA=0.0744 massB=0.851
p2,39,1,neutral,0,58,116,0.66,1.32,4,False,A,allenai/OLMo-2-1124-7B-SFT,fewshot,riskneutral,0.47657,0.53683,0,massA=0.256 massB=0.281
p2,661,22,neutral,0,81,163,0.72,1.4489,0,False,A,allenai/OLMo-2-1124-7B-SFT,fewshot,riskneutral,0.5156,0.85548,0,massA=0.441 massB=0.414
p2,516,17,neutral,0,117,362,0.42,1.2995,3,True,B,allenai/OLMo-2-1124-7B-SFT,fewshot,riskneutral,0.66017,0.94915,0,massA=0.323 massB=0.627
p2,432,14,gain,0,81,201,0.68,1.6874,1,True,B,allenai/OLMo-2-1124-7B-SFT,fewshot,riskneutral,0.4922,0.92336,0,massA=0.469 massB=0.454
p2,1126,37,gain,0,151,252,0.68,1.1348,3,True,B,allenai/OLMo-2-1124-7B-SFT,fewshot,riskneutral,0.73259,0.89552,0,massA=0.239 massB=0.656
p2,1231,15,dominant,0,82,114,1.0,1.3902,4,False,A,allenai/OLMo-2-1124-7B-SFT,fewshot,riskneutral,0.91789,0.5751,0,massA=0.528 massB=0.0472
p2,845,28,neutral,0,132,181,0.76,1.0421,2,False,A,allenai/OLMo-2-1124-7B-SFT,fewshot,riskneutral,0.96615,0.96788,0,massA=0.935 massB=0.0328
p2,305,10,neutral,0,111,278,0.58,1.4526,2,False,A,allenai/OLMo-2-1124-7B-SFT,fewshot,riskneutral,0.86792,0.95442,0,massA=0.828 massB=0.126
p2,636,21,neutral,0,106,206,0.73,1.4187,3,True,B,allenai/OLMo-2-1124-7B-SFT,fewshot,riskneutral,0.72952,0.94856,0,massA=0.257 massB=0.692
p2,94,3,neutral,0,46,158,0.33,1.1335,2,True,B,allenai/OLMo-2-1124-7B-SFT,fewshot,riskneutral,0.70902,0.96309,0,massA=0.28 massB=0.683
p2,1223,11,dominant,0,54,73,1.0,1.3519,3,False,A,allenai/OLMo-2-1124-7B-SFT,fewshot,riskneutral,0.90499,0.95508,0,massA=0.864 massB=0.0907
p2,1102,36,mixed,98,98,227,0.47,1.0887,1,True,B,allenai/OLMo-2-1124-7B-SFT,fewshot,riskneutral,0.47464,0.94247,0,massA=0.495 massB=0.447
p2,1095,36,gain,0,98,227,0.47,1.0887,2,False,A,allenai/OLMo-2-1124-7B-SFT,fewshot,riskneutral,0.47072,0.9348,0,massA=0.44 massB=0.495
p2,137,4,gain,0,29,71,0.55,1.3466,3,False,A,allenai/OLMo-2-1124-7B-SFT,fewshot,riskneutral,0.2227,0.90326,0,massA=0.201 massB=0.702
p2,393,13,neutral,0,72,88,0.64,0.7822,1,False,A,allenai/OLMo-2-1124-7B-SFT,fewshot,riskneutral,0.49998,0.92539,0,massA=0.463 massB=0.463
p2,709,23,gain,0,91,626,0.23,1.5822,4,False,A,allenai/OLMo-2-1124-7B-SFT,fewshot,riskneutral,0.21468,0.61164,0,massA=0.131 massB=0.48
p2,557,18,gain,0,41,61,0.58,0.8629,3,False,A,allenai/OLMo-2-1124-7B-SFT,fewshot,riskneutral,0.23511,0.89217,0,massA=0.21 massB=0.682
p2,859,28,gain,0,132,181,0.76,1.0421,4,False,A,allenai/OLMo-2-1124-7B-SFT,fewshot,riskneutral,0.48632,0.56601,0,massA=0.275 massB=0.291
p2,1233,16,dominant,0,139,190,1.0,1.3669,2,False,A,allenai/OLMo-2-1124-7B-SFT,fewshot,riskneutral,0.66016,0.9349,0,massA=0.617 massB=0.318
p2,1254,27,dominant,0,166,204,1.0,1.2289,0,True,B,allenai/OLMo-2-1124-7B-SFT,fewshot,riskneutral,0.87322,0.85136,0,massA=0.108 massB=0.743
p2,941,31,gain,0,51,151,0.29,0.8586,0,False,A,allenai/OLMo-2-1124-7B-SFT,fewshot,riskneutral,0.20946,0.84483,0,massA=0.177 massB=0.668
p2,92,3,neutral,0,46,158,0.33,1.1335,1,True,B,allenai/OLMo-2-1124-7B-SFT,fewshot,riskneutral,0.67234,0.94415,0,massA=0.309 massB=0.635
p2,126,4,neutral,0,29,71,0.55,1.3466,3,True,B,allenai/OLMo-2-1124-7B-SFT,fewshot,riskneutral,0.76629,0.94815,0,massA=0.222 massB=0.727
p2,876,29,neutral,0,79,81,0.83,0.851,3,True,B,allenai/OLMo-2-1124-7B-SFT,fewshot,riskneutral,0.77458,0.93341,0,massA=0.21 massB=0.723
p2,672,22,gain,0,81,163,0.72,1.4489,1,True,B,allenai/OLMo-2-1124-7B-SFT,fewshot,riskneutral,0.52344,0.90533,0,massA=0.431 massB=0.474
p2,357,11,mixed,54,54,68,0.81,1.02,3,False,A,allenai/OLMo-2-1124-7B-SFT,fewshot,riskneutral,0.11961,0.91959,0,massA=0.11 massB=0.81
p2,1163,38,mixed,183,183,609,0.38,1.2646,1,False,A,allenai/OLMo-2-1124-7B-SFT,fewshot,riskneutral,0.55446,0.94329,0,massA=0.523 massB=0.42
p2,1263,31,dominant,0,51,73,1.0,1.4314,0,False,A,allenai/OLMo-2-1124-7B-SFT,fewshot,riskneutral,0.48827,0.8162,0,massA=0.399 massB=0.418
p2,1145,38,neutral,0,183,609,0.38,1.2646,2,False,A,allenai/OLMo-2-1124-7B-SFT,fewshot,riskneutral,0.84181,0.9585,0,massA=0.807 massB=0.152
p2,978,32,gain,0,131,236,0.57,1.0269,4,True,B,allenai/OLMo-2-1124-7B-SFT,fewshot,riskneutral,0.74168,0.72227,0,massA=0.187 massB=0.536
p2,427,14,neutral,0,81,201,0.68,1.6874,3,False,A,allenai/OLMo-2-1124-7B-SFT,fewshot,riskneutral,0.54673,0.95151,0,massA=0.52 massB=0.431
p2,301,10,neutral,0,111,278,0.58,1.4526,0,False,A,allenai/OLMo-2-1124-7B-SFT,fewshot,riskneutral,0.47851,0.8617,0,massA=0.412 massB=0.449
p2,1030,34,gain,0,52,96,0.63,1.1631,0,True,B,allenai/OLMo-2-1124-7B-SFT,fewshot,riskneutral,0.59268,0.82228,0,massA=0.335 massB=0.487
p2,831,27,mixed,166,166,433,0.53,1.3825,0,False,A,allenai/OLMo-2-1124-7B-SFT,fewshot,riskneutral,0.22678,0.87439,0,massA=0.198 massB=0.676
p2,615,20,gain,0,186,266,0.63,0.901,2,False,A,allenai/OLMo-2-1124-7B-SFT,fewshot,riskneutral,0.84996,0.94468,0,massA=0.803 massB=0.142
p2,4,0,neutral,0,186,984,0.26,1.3755,2,True,B,allenai/OLMo-2-1124-7B-SFT,fewshot,riskneutral,0.58131,0.9567,0,massA=0.401 massB=0.556
p2,730,24,gain,0,168,214,0.76,0.9681,0,True,B,allenai/OLMo-2-1124-7B-SFT,fewshot,riskneutral,0.6151,0.83878,0,massA=0.323 massB=0.516
p2,348,11,gain,0,54,68,0.81,1.02,4,True,B,allenai/OLMo-2-1124-7B-SFT,fewshot,riskneutral,0.61139,0.65745,0,massA=0.255 massB=0.402
p2,1200,0,dominant,0,186,240,1.0,1.2903,0,True,B,allenai/OLMo-2-1124-7B-SFT,fewshot,riskneutral,0.89553,0.87614,0,massA=0.0915 massB=0.785
p2,215,7,neutral,0,63,98,0.64,0.9956,2,False,A,allenai/OLMo-2-1124-7B-SFT,fewshot,riskneutral,0.94229,0.96283,0,massA=0.907 massB=0.0556
p2,933,31,neutral,0,51,151,0.29,0.8586,1,False,A,allenai/OLMo-2-1124-7B-SFT,fewshot,riskneutral,0.41677,0.91456,0,massA=0.381 massB=0.533
p2,550,18,gain,0,41,61,0.58,0.8629,0,True,B,allenai/OLMo-2-1124-7B-SFT,fewshot,riskneutral,0.55641,0.8205,0,massA=0.364 massB=0.457
p2,87,2,mixed,162,162,661,0.26,1.0609,3,False,A,allenai/OLMo-2-1124-7B-SFT,fewshot,riskneutral,0.14706,0.92757,0,massA=0.136 massB=0.791
p2,733,24,gain,0,168,214,0.76,0.9681,1,False,A,allenai/OLMo-2-1124-7B-SFT,fewshot,riskneutral,0.35755,0.92858,0,massA=0.332 massB=0.597
p2,1225,12,dominant,0,164,181,1.0,1.1037,0,False,A,allenai/OLMo-2-1124-7B-SFT,fewshot,riskneutral,0.45131,0.79632,0,massA=0.359 massB=0.437
p2,526,17,gain,0,117,362,0.42,1.2995,3,True,B,allenai/OLMo-2-1124-7B-SFT,fewshot,riskneutral,0.63523,0.91052,0,massA=0.332 massB=0.578
p2,307,10,neutral,0,111,278,0.58,1.4526,3,False,A,allenai/OLMo-2-1124-7B-SFT,fewshot,riskneutral,0.5039,0.9497,0,massA=0.479 massB=0.471
p2,29,0,mixed,186,186,984,0.26,1.3755,4,False,A,allenai/OLMo-2-1124-7B-SFT,fewshot,riskneutral,0.33284,0.64758,0,massA=0.216 massB=0.432
p2,1027,34,neutral,0,52,96,0.63,1.1631,3,False,A,allenai/OLMo-2-1124-7B-SFT,fewshot,riskneutral,0.68595,0.95597,0,massA=0.656 massB=0.3
p2,1236,18,dominant,0,41,88,1.0,2.1463,2,True,B,allenai/OLMo-2-1124-7B-SFT,fewshot,riskneutral,0.88721,0.95339,0,massA=0.108 massB=0.846
p2,294,9,mixed,49,49,153,0.26,0.8118,2,True,B,allenai/OLMo-2-1124-7B-SFT,fewshot,riskneutral,0.50001,0.94205,0,massA=0.471 massB=0.471
p2,65,2,neutral,0,162,661,0.26,1.0609,2,False,A,allenai/OLMo-2-1124-7B-SFT,fewshot,riskneutral,0.80316,0.9576,0,massA=0.769 massB=0.188
p2,436,14,gain,0,81,201,0.68,1.6874,3,True,B,allenai/OLMo-2-1124-7B-SFT,fewshot,riskneutral,0.74168,0.88286,0,massA=0.228 massB=0.655
p2,645,21,gain,0,106,206,0.73,1.4187,2,False,A,allenai/OLMo-2-1124-7B-SFT,fewshot,riskneutral,0.87914,0.94,0,massA=0.826 massB=0.114
p2,1008,33,gain,0,142,446,0.53,1.6646,4,True,B,allenai/OLMo-2-1124-7B-SFT,fewshot,riskneutral,0.80256,0.75496,0,massA=0.149 massB=0.606
p2,258,8,gain,0,62,263,0.33,1.3998,4,True,B,allenai/OLMo-2-1124-7B-SFT,fewshot,riskneutral,0.67234,0.65196,0,massA=0.214 massB=0.438
p2,339,11,neutral,0,54,68,0.81,1.02,4,False,A,allenai/OLMo-2-1124-7B-SFT,fewshot,riskneutral,0.54091,0.49415,0,massA=0.267 massB=0.227
p2,378,12,gain,0,164,541,0.38,1.2535,4,True,B,allenai/OLMo-2-1124-7B-SFT,fewshot,riskneutral,0.75347,0.72141,0,massA=0.178 massB=0.544
p2,901,30,neutral,0,149,447,0.26,0.78,0,False,A,allenai/OLMo-2-1124-7B-SFT,fewshot,riskneutral,0.29909,0.89354,0,massA=0.267 massB=0.626
p2,957,31,mixed,51,51,151,0.29,0.8586,3,False,A,allenai/OLMo-2-1124-7B-SFT,fewshot,riskneutral,0.15817,0.92558,0,massA=0.146 massB=0.779
p2,583,19,gain,0,64,122,0.49,0.9341,1,False,A,allenai/OLMo-2-1124-7B-SFT,fewshot,riskneutral,0.21206,0.93509,0,massA=0.198 massB=0.737
p2,43,1,gain,0,58,116,0.66,1.32,1,False,A,allenai/OLMo-2-1124-7B-SFT,fewshot,riskneutral,0.38305,0.91563,0,massA=0.351 massB=0.565
p2,617,20,gain,0,186,266,0.63,0.901,3,False,A,allenai/OLMo-2-1124-7B-SFT,fewshot,riskneutral,0.4436,0.91346,0,massA=0.405 massB=0.508
p2,1031,34,gain,0,52,96,0.63,1.1631,0,False,A,allenai/OLMo-2-1124-7B-SFT,fewshot,riskneutral,0.26587,0.86739,0,massA=0.231 massB=0.637
p2,1065,35,gain,0,91,133,0.68,0.9938,2,False,A,allenai/OLMo-2-1124-7B-SFT,fewshot,riskneutral,0.69594,0.92989,0,massA=0.647 massB=0.283
p2,213,7,neutral,0,63,98,0.64,0.9956,1,False,A,allenai/OLMo-2-1124-7B-SFT,fewshot,riskneutral,0.61506,0.90937,0,massA=0.559 massB=0.35
p2,326,10,mixed,111,111,278,0.58,1.4526,3,True,B,allenai/OLMo-2-1124-7B-SFT,fewshot,riskneutral,0.62978,0.93618,0,massA=0.347 massB=0.59
p2,554,18,gain,0,41,61,0.58,0.8629,2,True,B,allenai/OLMo-2-1124-7B-SFT,fewshot,riskneutral,0.44361,0.95241,0,massA=0.53 massB=0.423
p2,457,15,neutral,0,82,113,0.74,1.0198,3,False,A,allenai/OLMo-2-1124-7B-SFT,fewshot,riskneutral,0.85096,0.961,0,massA=0.818 massB=0.143
p2,1157,38,gain,0,183,609,0.38,1.2646,3,False,A,allenai/OLMo-2-1124-7B-SFT,fewshot,riskneutral,0.10932,0.91672,0,massA=0.1 massB=0.817
p2,585,19,gain,0,64,122,0.49,0.9341,2,False,A,allenai/OLMo-2-1124-7B-SFT,fewshot,riskneutral,0.40355,0.93106,0,massA=0.376 massB=0.555
p2,1149,38,neutral,0,183,609,0.38,1.2646,4,False,A,allenai/OLMo-2-1124-7B-SFT,fewshot,riskneutral,0.30735,0.65967,0,massA=0.203 massB=0.457
p2,1154,38,gain,0,183,609,0.38,1.2646,2,True,B,allenai/OLMo-2-1124-7B-SFT,fewshot,riskneutral,0.50978,0.94592,0,massA=0.464 massB=0.482
p2,483,16,neutral,0,139,234,0.6,1.0101,1,False,A,allenai/OLMo-2-1124-7B-SFT,fewshot,riskneutral,0.57365,0.90527,0,massA=0.519 massB=0.386
p2,962,32,neutral,0,131,236,0.57,1.0269,1,True,B,allenai/OLMo-2-1124-7B-SFT,fewshot,riskneutral,0.66194,0.93373,0,massA=0.316 massB=0.618
p2,603,20,neutral,0,186,266,0.63,0.901,1,False,A,allenai/OLMo-2-1124-7B-SFT,fewshot,riskneutral,0.50388,0.9204,0,massA=0.464 massB=0.457
p2,741,24,mixed,168,168,214,0.76,0.9681,0,False,A,allenai/OLMo-2-1124-7B-SFT,fewshot,riskneutral,0.20307,0.87255,0,massA=0.177 massB=0.695
p2,674,22,gain,0,81,163,0.72,1.4489,2,True,B,allenai/OLMo-2-1124-7B-SFT,fewshot,riskneutral,0.53122,0.94088,0,massA=0.441 massB=0.5
p2,471,15,mixed,82,82,113,0.74,1.0198,0,False,A,allenai/OLMo-2-1124-7B-SFT,fewshot,riskneutral,0.22135,0.86237,0,massA=0.191 massB=0.671
p2,1046,34,mixed,52,52,96,0.63,1.1631,3,True,B,allenai/OLMo-2-1124-7B-SFT,fewshot,riskneutral,0.60394,0.93378,0,massA=0.37 massB=0.564
p2,286,9,gain,0,49,153,0.26,0.8118,3,True,B,allenai/OLMo-2-1124-7B-SFT,fewshot,riskneutral,0.59832,0.9138,0,massA=0.367 massB=0.547
p2,1207,3,dominant,0,46,58,1.0,1.2609,0,False,A,allenai/OLMo-2-1124-7B-SFT,fewshot,riskneutral,0.48437,0.77082,0,massA=0.373 massB=0.397
p2,1139,37,mixed,151,151,252,0.68,1.1348,4,False,A,allenai/OLMo-2-1124-7B-SFT,fewshot,riskneutral,0.27825,0.74946,0,massA=0.209 massB=0.541
p2,1188,39,gain,0,178,567,0.32,1.0193,4,True,B,allenai/OLMo-2-1124-7B-SFT,fewshot,riskneutral,0.69926,0.67499,0,massA=0.203 massB=0.472
p2,1111,37,neutral,0,151,252,0.68,1.1348,0,False,A,allenai/OLMo-2-1124-7B-SFT,fewshot,riskneutral,0.54285,0.88095,0,massA=0.478 massB=0.403
p2,1151,38,gain,0,183,609,0.38,1.2646,0,False,A,allenai/OLMo-2-1124-7B-SFT,fewshot,riskneutral,0.24508,0.86273,0,massA=0.211 massB=0.651
p2,1255,27,dominant,0,166,204,1.0,1.2289,2,False,A,allenai/OLMo-2-1124-7B-SFT,fewshot,riskneutral,0.646,0.93062,0,massA=0.601 massB=0.329
p2,848,28,neutral,0,132,181,0.76,1.0421,4,True,B,allenai/OLMo-2-1124-7B-SFT,fewshot,riskneutral,0.96753,0.87267,0,massA=0.0283 massB=0.844
p2,875,29,neutral,0,79,81,0.83,0.851,2,False,A,allenai/OLMo-2-1124-7B-SFT,fewshot,riskneutral,0.96628,0.96241,0,massA=0.93 massB=0.0325
p2,544,18,neutral,0,41,61,0.58,0.8629,2,True,B,allenai/OLMo-2-1124-7B-SFT,fewshot,riskneutral,0.75202,0.95925,0,massA=0.238 massB=0.721
p2,584,19,gain,0,64,122,0.49,0.9341,2,True,B,allenai/OLMo-2-1124-7B-SFT,fewshot,riskneutral,0.3666,0.94861,0,massA=0.601 massB=0.348
p2,0,0,neutral,0,186,984,0.26,1.3755,0,True,B,allenai/OLMo-2-1124-7B-SFT,fewshot,riskneutral,0.65843,0.85214,0,massA=0.291 massB=0.561
p2,23,0,mixed,186,186,984,0.26,1.3755,1,False,A,allenai/OLMo-2-1124-7B-SFT,fewshot,riskneutral,0.57558,0.93876,0,massA=0.54 massB=0.398
p2,1081,36,neutral,0,98,227,0.47,1.0887,0,False,A,allenai/OLMo-2-1124-7B-SFT,fewshot,riskneutral,0.4244,0.87317,0,massA=0.371 massB=0.503
p2,1016,33,mixed,142,142,446,0.53,1.6646,3,True,B,allenai/OLMo-2-1124-7B-SFT,fewshot,riskneutral,0.67061,0.94196,0,massA=0.31 massB=0.632
p2,776,25,mixed,124,124,207,0.76,1.2687,3,True,B,allenai/OLMo-2-1124-7B-SFT,fewshot,riskneutral,0.70741,0.93234,0,massA=0.273 massB=0.66
p2,1019,33,mixed,142,142,446,0.53,1.6646,4,False,A,allenai/OLMo-2-1124-7B-SFT,fewshot,riskneutral,0.43205,0.66704,0,massA=0.288 massB=0.379
p2,659,21,mixed,106,106,206,0.73,1.4187,4,False,A,allenai/OLMo-2-1124-7B-SFT,fewshot,riskneutral,0.3684,0.71077,0,massA=0.262 massB=0.449
p2,735,24,gain,0,168,214,0.76,0.9681,2,False,A,allenai/OLMo-2-1124-7B-SFT,fewshot,riskneutral,0.83761,0.94579,0,massA=0.792 massB=0.154
p2,736,24,gain,0,168,214,0.76,0.9681,3,True,B,allenai/OLMo-2-1124-7B-SFT,fewshot,riskneutral,0.74317,0.88901,0,massA=0.228 massB=0.661
p2,329,10,mixed,111,111,278,0.58,1.4526,4,False,A,allenai/OLMo-2-1124-7B-SFT,fewshot,riskneutral,0.3684,0.69557,0,massA=0.256 massB=0.439
p2,786,26,neutral,0,59,151,0.36,0.9214,3,True,B,allenai/OLMo-2-1124-7B-SFT,fewshot,riskneutral,0.9173,0.96193,0,massA=0.0795 massB=0.882
p2,743,24,mixed,168,168,214,0.76,0.9681,1,False,A,allenai/OLMo-2-1124-7B-SFT,fewshot,riskneutral,0.67576,0.94014,0,massA=0.635 massB=0.305
p2,548,18,neutral,0,41,61,0.58,0.8629,4,True,B,allenai/OLMo-2-1124-7B-SFT,fewshot,riskneutral,0.87016,0.84062,0,massA=0.109 massB=0.731
p2,81,2,mixed,162,162,661,0.26,1.0609,0,False,A,allenai/OLMo-2-1124-7B-SFT,fewshot,riskneutral,0.22405,0.85919,0,massA=0.193 massB=0.667
p2,404,13,gain,0,72,88,0.64,0.7822,2,True,B,allenai/OLMo-2-1124-7B-SFT,fewshot,riskneutral,0.38123,0.95335,0,massA=0.59 massB=0.363
p2,312,10,gain,0,111,278,0.58,1.4526,1,True,B,allenai/OLMo-2-1124-7B-SFT,fewshot,riskneutral,0.54288,0.92066,0,massA=0.421 massB=0.5
p2,1007,33,gain,0,142,446,0.53,1.6646,3,False,A,allenai/OLMo-2-1124-7B-SFT,fewshot,riskneutral,0.13661,0.91825,0,massA=0.125 massB=0.793
p2,769,25,gain,0,124,207,0.76,1.2687,4,False,A,allenai/OLMo-2-1124-7B-SFT,fewshot,riskneutral,0.49022,0.53878,0,massA=0.264 massB=0.275
p2,1191,39,mixed,178,178,567,0.32,1.0193,0,False,A,allenai/OLMo-2-1124-7B-SFT,fewshot,riskneutral,0.20561,0.85612,0,massA=0.176 massB=0.68
p2,170,5,mixed,162,162,381,0.46,1.0819,0,True,B,allenai/OLMo-2-1124-7B-SFT,fewshot,riskneutral,0.41113,0.85236,0,massA=0.502 massB=0.35
p2,590,19,mixed,64,64,122,0.49,0.9341,0,True,B,allenai/OLMo-2-1124-7B-SFT,fewshot,riskneutral,0.42252,0.87592,0,massA=0.506 massB=0.37
p2,481,16,neutral,0,139,234,0.6,1.0101,0,False,A,allenai/OLMo-2-1124-7B-SFT,fewshot,riskneutral,0.45131,0.88388,0,massA=0.399 massB=0.485
p2,1216,8,dominant,0,62,121,1.0,1.9516,2,True,B,allenai/OLMo-2-1124-7B-SFT,fewshot,riskneutral,0.91641,0.95247,0,massA=0.0796 massB=0.873
p2,438,14,gain,0,81,201,0.68,1.6874,4,True,B,allenai/OLMo-2-1124-7B-SFT,fewshot,riskneutral,0.7542,0.67238,0,massA=0.165 massB=0.507
p2,149,4,mixed,29,29,71,0.55,1.3466,4,False,A,allenai/OLMo-2-1124-7B-SFT,fewshot,riskneutral,0.28457,0.68715,0,massA=0.196 massB=0.492
p2,1259,29,dominant,0,79,118,1.0,1.4937,1,False,A,allenai/OLMo-2-1124-7B-SFT,fewshot,riskneutral,0.89441,0.94562,0,massA=0.846 massB=0.0998
p2,250,8,gain,0,62,263,0.33,1.3998,0,True,B,allenai/OLMo-2-1124-7B-SFT,fewshot,riskneutral,0.50978,0.85206,0,massA=0.418 massB=0.434
p2,366,12,neutral,0,164,541,0.38,1.2535,3,True,B,allenai/OLMo-2-1124-7B-SFT,fewshot,riskneutral,0.85966,0.95297,0,massA=0.134 massB=0.819
p2,1104,36,mixed,98,98,227,0.47,1.0887,2,True,B,allenai/OLMo-2-1124-7B-SFT,fewshot,riskneutral,0.56795,0.94252,0,massA=0.407 massB=0.535
p2,958,31,mixed,51,51,151,0.29,0.8586,4,True,B,allenai/OLMo-2-1124-7B-SFT,fewshot,riskneutral,0.7066,0.67572,0,massA=0.198 massB=0.477
p2,225,7,gain,0,63,98,0.64,0.9956,2,False,A,allenai/OLMo-2-1124-7B-SFT,fewshot,riskneutral,0.79691,0.9411,0,massA=0.75 massB=0.191
p2,1063,35,gain,0,91,133,0.68,0.9938,1,False,A,allenai/OLMo-2-1124-7B-SFT,fewshot,riskneutral,0.34157,0.92329,0,massA=0.315 massB=0.608
p2,1054,35,neutral,0,91,133,0.68,0.9938,2,True,B,allenai/OLMo-2-1124-7B-SFT,fewshot,riskneutral,0.84897,0.96009,0,massA=0.145 massB=0.815
p2,551,18,gain,0,41,61,0.58,0.8629,0,False,A,allenai/OLMo-2-1124-7B-SFT,fewshot,riskneutral,0.40732,0.86109,0,massA=0.351 massB=0.51
p2,706,23,gain,0,91,626,0.23,1.5822,3,True,B,allenai/OLMo-2-1124-7B-SFT,fewshot,riskneutral,0.70902,0.89728,0,massA=0.261 massB=0.636
p2,1226,13,dominant,0,72,119,1.0,1.6528,4,True,B,allenai/OLMo-2-1124-7B-SFT,fewshot,riskneutral,0.94293,0.92047,0,massA=0.0525 massB=0.868
p2,1238,19,dominant,0,64,91,1.0,1.4219,3,True,B,allenai/OLMo-2-1124-7B-SFT,fewshot,riskneutral,0.96378,0.95462,0,massA=0.0346 massB=0.92
p2,1024,34,neutral,0,52,96,0.63,1.1631,2,True,B,allenai/OLMo-2-1124-7B-SFT,fewshot,riskneutral,0.82446,0.95832,0,massA=0.168 massB=0.79
p2,948,31,gain,0,51,151,0.29,0.8586,4,True,B,allenai/OLMo-2-1124-7B-SFT,fewshot,riskneutral,0.54287,0.57633,0,massA=0.263 massB=0.313
p2,180,6,neutral,0,94,101,0.71,0.7629,0,True,B,allenai/OLMo-2-1124-7B-SFT,fewshot,riskneutral,0.76909,0.85487,0,massA=0.197 massB=0.657
p2,1070,35,mixed,91,91,133,0.68,0.9938,0,True,B,allenai/OLMo-2-1124-7B-SFT,fewshot,riskneutral,0.41302,0.87785,0,massA=0.515 massB=0.363
p2,1123,37,gain,0,151,252,0.68,1.1348,1,False,A,allenai/OLMo-2-1124-7B-SFT,fewshot,riskneutral,0.39605,0.91847,0,massA=0.364 massB=0.555
p2,668,22,neutral,0,81,163,0.72,1.4489,4,True,B,allenai/OLMo-2-1124-7B-SFT,fewshot,riskneutral,0.95414,0.84758,0,massA=0.0389 massB=0.809
p2,1112,37,neutral,0,151,252,0.68,1.1348,1,True,B,allenai/OLMo-2-1124-7B-SFT,fewshot,riskneutral,0.61879,0.91778,0,massA=0.35 massB=0.568
p2,1272,36,dominant,0,98,155,1.0,1.5816,1,True,B,allenai/OLMo-2-1124-7B-SFT,fewshot,riskneutral,0.72952,0.9473,0,massA=0.256 massB=0.691
p2,567,18,mixed,41,41,61,0.58,0.8629,3,False,A,allenai/OLMo-2-1124-7B-SFT,fewshot,riskneutral,0.138,0.91389,0,massA=0.126 massB=0.788
p2,1109,36,mixed,98,98,227,0.47,1.0887,4,False,A,allenai/OLMo-2-1124-7B-SFT,fewshot,riskneutral,0.35041,0.6264,0,massA=0.219 massB=0.407
p2,826,27,gain,0,166,433,0.53,1.3825,3,True,B,allenai/OLMo-2-1124-7B-SFT,fewshot,riskneutral,0.84441,0.89801,0,massA=0.14 massB=0.758
p2,37,1,neutral,0,58,116,0.66,1.32,3,False,A,allenai/OLMo-2-1124-7B-SFT,fewshot,riskneutral,0.78793,0.95737,0,massA=0.754 massB=0.203
p2,192,6,gain,0,94,101,0.71,0.7629,1,True,B,allenai/OLMo-2-1124-7B-SFT,fewshot,riskneutral,0.49806,0.91815,0,massA=0.461 massB=0.457
p2,1009,33,gain,0,142,446,0.53,1.6646,4,False,A,allenai/OLMo-2-1124-7B-SFT,fewshot,riskneutral,0.26664,0.63904,0,massA=0.17 massB=0.469
p2,1229,14,dominant,0,81,135,1.0,1.6667,1,False,A,allenai/OLMo-2-1124-7B-SFT,fewshot,riskneutral,0.9158,0.93898,0,massA=0.86 massB=0.0791
p2,6,0,neutral,0,186,984,0.26,1.3755,3,True,B,allenai/OLMo-2-1124-7B-SFT,fewshot,riskneutral,0.48048,0.94984,0,massA=0.493 massB=0.456
p2,1183,39,gain,0,178,567,0.32,1.0193,1,False,A,allenai/OLMo-2-1124-7B-SFT,fewshot,riskneutral,0.2337,0.93365,0,massA=0.218 massB=0.715
p2,61,2,neutral,0,162,661,0.26,1.0609,0,False,A,allenai/OLMo-2-1124-7B-SFT,fewshot,riskneutral,0.36657,0.86922,0,massA=0.319 massB=0.551
p2,555,18,gain,0,41,61,0.58,0.8629,2,False,A,allenai/OLMo-2-1124-7B-SFT,fewshot,riskneutral,0.82782,0.93764,0,massA=0.776 massB=0.161
p2,979,32,gain,0,131,236,0.57,1.0269,4,False,A,allenai/OLMo-2-1124-7B-SFT,fewshot,riskneutral,0.43397,0.55574,0,massA=0.241 massB=0.315
p2,530,17,mixed,117,117,362,0.42,1.2995,0,True,B,allenai/OLMo-2-1124-7B-SFT,fewshot,riskneutral,0.39795,0.86587,0,massA=0.521 massB=0.345
p2,1091,36,gain,0,98,227,0.47,1.0887,0,False,A,allenai/OLMo-2-1124-7B-SFT,fewshot,riskneutral,0.216,0.89209,0,massA=0.193 massB=0.699
p2,414,13,mixed,72,72,88,0.64,0.7822,2,True,B,allenai/OLMo-2-1124-7B-SFT,fewshot,riskneutral,0.45134,0.94397,0,massA=0.518 massB=0.426
p2,1165,38,mixed,183,183,609,0.38,1.2646,2,False,A,allenai/OLMo-2-1124-7B-SFT,fewshot,riskneutral,0.62245,0.94691,0,massA=0.589 massB=0.358
p2,311,10,gain,0,111,278,0.58,1.4526,0,False,A,allenai/OLMo-2-1124-7B-SFT,fewshot,riskneutral,0.34157,0.86071,0,massA=0.294 massB=0.567
p2,665,22,neutral,0,81,163,0.72,1.4489,2,False,A,allenai/OLMo-2-1124-7B-SFT,fewshot,riskneutral,0.94539,0.95704,0,massA=0.905 massB=0.0523
p2,963,32,neutral,0,131,236,0.57,1.0269,1,False,A,allenai/OLMo-2-1124-7B-SFT,fewshot,riskneutral,0.53896,0.91287,0,massA=0.492 massB=0.421
p2,396,13,neutral,0,72,88,0.64,0.7822,3,True,B,allenai/OLMo-2-1124-7B-SFT,fewshot,riskneutral,0.71543,0.92754,0,massA=0.264 massB=0.664
p2,462,15,gain,0,82,113,0.74,1.0198,1,True,B,allenai/OLMo-2-1124-7B-SFT,fewshot,riskneutral,0.57751,0.92843,0,massA=0.392 massB=0.536
p2,719,23,mixed,91,91,626,0.23,1.5822,4,False,A,allenai/OLMo-2-1124-7B-SFT,fewshot,riskneutral,0.28536,0.65961,0,massA=0.188 massB=0.471
p2,219,7,neutral,0,63,98,0.64,0.9956,4,False,A,allenai/OLMo-2-1124-7B-SFT,fewshot,riskneutral,0.42631,0.5148,0,massA=0.219 massB=0.295
p2,30,1,neutral,0,58,116,0.66,1.32,0,True,B,allenai/OLMo-2-1124-7B-SFT,fewshot,riskneutral,0.74614,0.86184,0,massA=0.219 massB=0.643
p2,767,25,gain,0,124,207,0.76,1.2687,3,False,A,allenai/OLMo-2-1124-7B-SFT,fewshot,riskneutral,0.29584,0.90579,0,massA=0.268 massB=0.638
p2,359,11,mixed,54,54,68,0.81,1.02,4,False,A,allenai/OLMo-2-1124-7B-SFT,fewshot,riskneutral,0.17895,0.7017,0,massA=0.126 massB=0.576
p2,101,3,gain,0,46,158,0.33,1.1335,0,False,A,allenai/OLMo-2-1124-7B-SFT,fewshot,riskneutral,0.22953,0.86173,0,massA=0.198 massB=0.664
p2,364,12,neutral,0,164,541,0.38,1.2535,2,True,B,allenai/OLMo-2-1124-7B-SFT,fewshot,riskneutral,0.7578,0.96047,0,massA=0.233 massB=0.728
p2,558,18,gain,0,41,61,0.58,0.8629,4,True,B,allenai/OLMo-2-1124-7B-SFT,fewshot,riskneutral,0.6151,0.63865,0,massA=0.246 massB=0.393
p2,1096,36,gain,0,98,227,0.47,1.0887,3,True,B,allenai/OLMo-2-1124-7B-SFT,fewshot,riskneutral,0.76207,0.89973,0,massA=0.214 massB=0.686
p2,502,16,mixed,139,139,234,0.6,1.0101,1,True,B,allenai/OLMo-2-1124-7B-SFT,fewshot,riskneutral,0.38307,0.93765,0,massA=0.578 massB=0.359
p2,862,28,mixed,132,132,181,0.76,1.0421,1,True,B,allenai/OLMo-2-1124-7B-SFT,fewshot,riskneutral,0.32083,0.94635,0,massA=0.643 massB=0.304
p2,422,14,neutral,0,81,201,0.68,1.6874,1,True,B,allenai/OLMo-2-1124-7B-SFT,fewshot,riskneutral,0.60208,0.92507,0,massA=0.368 massB=0.557
p2,713,23,mixed,91,91,626,0.23,1.5822,1,False,A,allenai/OLMo-2-1124-7B-SFT,fewshot,riskneutral,0.57176,0.93176,0,massA=0.533 massB=0.399
p2,1058,35,neutral,0,91,133,0.68,0.9938,4,True,B,allenai/OLMo-2-1124-7B-SFT,fewshot,riskneutral,0.9456,0.86279,0,massA=0.0469 massB=0.816
p2,840,28,neutral,0,132,181,0.76,1.0421,0,True,B,allenai/OLMo-2-1124-7B-SFT,fewshot,riskneutral,0.89068,0.87002,0,massA=0.0951 massB=0.775
p2,648,21,gain,0,106,206,0.73,1.4187,4,True,B,allenai/OLMo-2-1124-7B-SFT,fewshot,riskneutral,0.72018,0.72204,0,massA=0.202 massB=0.52
p2,75,2,gain,0,162,661,0.26,1.0609,2,False,A,allenai/OLMo-2-1124-7B-SFT,fewshot,riskneutral,0.53897,0.93192,0,massA=0.502 massB=0.43
p2,1176,39,neutral,0,178,567,0.32,1.0193,3,True,B,allenai/OLMo-2-1124-7B-SFT,fewshot,riskneutral,0.75923,0.94462,0,massA=0.227 massB=0.717
p2,494,16,gain,0,139,234,0.6,1.0101,2,True,B,allenai/OLMo-2-1124-7B-SFT,fewshot,riskneutral,0.50001,0.94609,0,massA=0.473 massB=0.473
p2,239,7,mixed,63,63,98,0.64,0.9956,4,False,A,allenai/OLMo-2-1124-7B-SFT,fewshot,riskneutral,0.25534,0.70508,0,massA=0.18 massB=0.525
p2,375,12,gain,0,164,541,0.38,1.2535,2,False,A,allenai/OLMo-2-1124-7B-SFT,fewshot,riskneutral,0.68593,0.9399,0,massA=0.645 massB=0.295
p2,669,22,neutral,0,81,163,0.72,1.4489,4,False,A,allenai/OLMo-2-1124-7B-SFT,fewshot,riskneutral,0.52146,0.47776,0,massA=0.249 massB=0.229
p2,935,31,neutral,0,51,151,0.29,0.8586,2,False,A,allenai/OLMo-2-1124-7B-SFT,fewshot,riskneutral,0.82445,0.96119,0,massA=0.792 massB=0.169
p2,456,15,neutral,0,82,113,0.74,1.0198,3,True,B,allenai/OLMo-2-1124-7B-SFT,fewshot,riskneutral,0.97156,0.95186,0,massA=0.0271 massB=0.925
p2,128,4,neutral,0,29,71,0.55,1.3466,4,True,B,allenai/OLMo-2-1124-7B-SFT,fewshot,riskneutral,0.80194,0.80946,0,massA=0.16 massB=0.649
p2,599,19,mixed,64,64,122,0.49,0.9341,4,False,A,allenai/OLMo-2-1124-7B-SFT,fewshot,riskneutral,0.2697,0.6761,0,massA=0.182 massB=0.494
p2,597,19,mixed,64,64,122,0.49,0.9341,3,False,A,allenai/OLMo-2-1124-7B-SFT,fewshot,riskneutral,0.19437,0.91899,0,massA=0.179 massB=0.74
p2,515,17,neutral,0,117,362,0.42,1.2995,2,False,A,allenai/OLMo-2-1124-7B-SFT,fewshot,riskneutral,0.81872,0.95813,0,massA=0.784 massB=0.174
p2,240,8,neutral,0,62,263,0.33,1.3998,0,True,B,allenai/OLMo-2-1124-7B-SFT,fewshot,riskneutral,0.65843,0.85824,0,massA=0.293 massB=0.565
p2,2,0,neutral,0,186,984,0.26,1.3755,1,True,B,allenai/OLMo-2-1124-7B-SFT,fewshot,riskneutral,0.41113,0.93088,0,massA=0.548 massB=0.383
p2,1039,34,gain,0,52,96,0.63,1.1631,4,False,A,allenai/OLMo-2-1124-7B-SFT,fewshot,riskneutral,0.43588,0.56621,0,massA=0.247 massB=0.319
p2,930,31,neutral,0,51,151,0.29,0.8586,0,True,B,allenai/OLMo-2-1124-7B-SFT,fewshot,riskneutral,0.60954,0.85644,0,massA=0.334 massB=0.522
p2,703,23,gain,0,91,626,0.23,1.5822,1,False,A,allenai/OLMo-2-1124-7B-SFT,fewshot,riskneutral,0.22404,0.93074,0,massA=0.209 massB=0.722
p2,988,32,mixed,131,131,236,0.57,1.0269,4,True,B,allenai/OLMo-2-1124-7B-SFT,fewshot,riskneutral,0.76909,0.66804,0,massA=0.154 massB=0.514
p2,428,14,neutral,0,81,201,0.68,1.6874,4,True,B,allenai/OLMo-2-1124-7B-SFT,fewshot,riskneutral,0.90731,0.80926,0,massA=0.075 massB=0.734
p2,237,7,mixed,63,63,98,0.64,0.9956,3,False,A,allenai/OLMo-2-1124-7B-SFT,fewshot,riskneutral,0.17441,0.92219,0,massA=0.161 massB=0.761
p2,455,15,neutral,0,82,113,0.74,1.0198,2,False,A,allenai/OLMo-2-1124-7B-SFT,fewshot,riskneutral,0.96095,0.95828,0,massA=0.921 massB=0.0374
p2,158,5,neutral,0,162,381,0.46,1.0819,4,True,B,allenai/OLMo-2-1124-7B-SFT,fewshot,riskneutral,0.75347,0.75326,0,massA=0.186 massB=0.568
p2,1080,36,neutral,0,98,227,0.47,1.0887,0,True,B,allenai/OLMo-2-1124-7B-SFT,fewshot,riskneutral,0.68427,0.85369,0,massA=0.27 massB=0.584
p2,759,25,neutral,0,124,207,0.76,1.2687,4,False,A,allenai/OLMo-2-1124-7B-SFT,fewshot,riskneutral,0.55446,0.51991,0,massA=0.288 massB=0.232
p2,745,24,mixed,168,168,214,0.76,0.9681,2,False,A,allenai/OLMo-2-1124-7B-SFT,fewshot,riskneutral,0.58319,0.94715,0,massA=0.552 massB=0.395
p2,1113,37,neutral,0,151,252,0.68,1.1348,1,False,A,allenai/OLMo-2-1124-7B-SFT,fewshot,riskneutral,0.60764,0.90669,0,massA=0.551 massB=0.356
p2,564,18,mixed,41,41,61,0.58,0.8629,2,True,B,allenai/OLMo-2-1124-7B-SFT,fewshot,riskneutral,0.44361,0.93731,0,massA=0.522 massB=0.416
p2,616,20,gain,0,186,266,0.63,0.901,3,True,B,allenai/OLMo-2-1124-7B-SFT,fewshot,riskneutral,0.7009,0.88753,0,massA=0.265 massB=0.622
p2,168,5,gain,0,162,381,0.46,1.0819,4,True,B,allenai/OLMo-2-1124-7B-SFT,fewshot,riskneutral,0.64602,0.63987,0,massA=0.226 massB=0.413
p2,771,25,mixed,124,124,207,0.76,1.2687,0,False,A,allenai/OLMo-2-1124-7B-SFT,fewshot,riskneutral,0.24364,0.86827,0,massA=0.212 massB=0.657
p2,950,31,mixed,51,51,151,0.29,0.8586,0,True,B,allenai/OLMo-2-1124-7B-SFT,fewshot,riskneutral,0.39049,0.86225,0,massA=0.526 massB=0.337
p2,389,12,mixed,164,164,541,0.38,1.2535,4,False,A,allenai/OLMo-2-1124-7B-SFT,fewshot,riskneutral,0.31404,0.69202,0,massA=0.217 massB=0.475
p2,834,27,mixed,166,166,433,0.53,1.3825,2,True,B,allenai/OLMo-2-1124-7B-SFT,fewshot,riskneutral,0.60581,0.95075,0,massA=0.375 massB=0.576
p2,800,26,mixed,59,59,151,0.36,0.9214,0,True,B,allenai/OLMo-2-1124-7B-SFT,fewshot,riskneutral,0.43784,0.89471,0,massA=0.503 massB=0.392
p2,566,18,mixed,41,41,61,0.58,0.8629,3,True,B,allenai/OLMo-2-1124-7B-SFT,fewshot,riskneutral,0.39794,0.91689,0,massA=0.552 massB=0.365
p2,803,26,mixed,59,59,151,0.36,0.9214,1,False,A,allenai/OLMo-2-1124-7B-SFT,fewshot,riskneutral,0.49023,0.94081,0,massA=0.461 massB=0.48
p2,1045,34,mixed,52,52,96,0.63,1.1631,2,False,A,allenai/OLMo-2-1124-7B-SFT,fewshot,riskneutral,0.67576,0.95221,0,massA=0.643 massB=0.309
p2,637,21,neutral,0,106,206,0.73,1.4187,3,False,A,allenai/OLMo-2-1124-7B-SFT,fewshot,riskneutral,0.86107,0.95949,0,massA=0.826 massB=0.133
p2,934,31,neutral,0,51,151,0.29,0.8586,2,True,B,allenai/OLMo-2-1124-7B-SFT,fewshot,riskneutral,0.61694,0.9618,0,massA=0.368 massB=0.593
p2,1267,33,dominant,0,142,179,1.0,1.2606,2,False,A,allenai/OLMo-2-1124-7B-SFT,fewshot,riskneutral,0.65841,0.93627,0,massA=0.616 massB=0.32
p2,93,3,neutral,0,46,158,0.33,1.1335,1,False,A,allenai/OLMo-2-1124-7B-SFT,fewshot,riskneutral,0.39045,0.92173,0,massA=0.36 massB=0.562
p2,1240,20,dominant,0,186,229,1.0,1.2312,0,True,B,allenai/OLMo-2-1124-7B-SFT,fewshot,riskneutral,0.89698,0.88331,0,massA=0.091 massB=0.792
p2,97,3,neutral,0,46,158,0.33,1.1335,3,False,A,allenai/OLMo-2-1124-7B-SFT,fewshot,riskneutral,0.41111,0.94983,0,massA=0.39 massB=0.559
p2,1218,9,dominant,0,49,82,1.0,1.6735,1,True,B,allenai/OLMo-2-1124-7B-SFT,fewshot,riskneutral,0.88721,0.95324,0,massA=0.108 massB=0.846
p2,699,23,neutral,0,91,626,0.23,1.5822,4,False,A,allenai/OLMo-2-1124-7B-SFT,fewshot,riskneutral,0.19072,0.67734,0,massA=0.129 massB=0.548
p2,864,28,mixed,132,132,181,0.76,1.0421,2,True,B,allenai/OLMo-2-1124-7B-SFT,fewshot,riskneutral,0.53122,0.94856,0,massA=0.445 massB=0.504
p2,293,9,mixed,49,49,153,0.26,0.8118,1,False,A,allenai/OLMo-2-1124-7B-SFT,fewshot,riskneutral,0.51756,0.93376,0,massA=0.483 massB=0.45
p2,973,32,gain,0,131,236,0.57,1.0269,1,False,A,allenai/OLMo-2-1124-7B-SFT,fewshot,riskneutral,0.39792,0.92158,0,massA=0.367 massB=0.555
p2,720,24,neutral,0,168,214,0.76,0.9681,0,True,B,allenai/OLMo-2-1124-7B-SFT,fewshot,riskneutral,0.82559,0.85902,0,massA=0.15 massB=0.709
p2,851,28,gain,0,132,181,0.76,1.0421,0,False,A,allenai/OLMo-2-1124-7B-SFT,fewshot,riskneutral,0.30901,0.85801,0,massA=0.265 massB=0.593
p2,340,11,gain,0,54,68,0.81,1.02,0,True,B,allenai/OLMo-2-1124-7B-SFT,fewshot,riskneutral,0.53122,0.83165,0,massA=0.39 massB=0.442
p2,1250,25,dominant,0,124,182,1.0,1.4677,0,True,B,allenai/OLMo-2-1124-7B-SFT,fewshot,riskneutral,0.9033,0.84799,0,massA=0.082 massB=0.766
p2,142,4,mixed,29,29,71,0.55,1.3466,1,True,B,allenai/OLMo-2-1124-7B-SFT,fewshot,riskneutral,0.51953,0.93811,0,massA=0.451 massB=0.487
p2,421,14,neutral,0,81,201,0.68,1.6874,0,False,A,allenai/OLMo-2-1124-7B-SFT,fewshot,riskneutral,0.3998,0.86452,0,massA=0.346 massB=0.519
p2,73,2,gain,0,162,661,0.26,1.0609,1,False,A,allenai/OLMo-2-1124-7B-SFT,fewshot,riskneutral,0.25831,0.92796,0,massA=0.24 massB=0.688
p2,882,29,gain,0,79,81,0.83,0.851,1,True,B,allenai/OLMo-2-1124-7B-SFT,fewshot,riskneutral,0.4017,0.9119,0,massA=0.546 massB=0.366
p2,532,17,mixed,117,117,362,0.42,1.2995,1,True,B,allenai/OLMo-2-1124-7B-SFT,fewshot,riskneutral,0.39234,0.94235,0,massA=0.573 massB=0.37
p2,947,31,gain,0,51,151,0.29,0.8586,3,False,A,allenai/OLMo-2-1124-7B-SFT,fewshot,riskneutral,0.09535,0.89133,0,massA=0.085 massB=0.806
p2,1017,33,mixed,142,142,446,0.53,1.6646,3,False,A,allenai/OLMo-2-1124-7B-SFT,fewshot,riskneutral,0.28777,0.92388,0,massA=0.266 massB=0.658
p2,324,10,mixed,111,111,278,0.58,1.4526,2,True,B,allenai/OLMo-2-1124-7B-SFT,fewshot,riskneutral,0.54675,0.94796,0,massA=0.43 massB=0.518
p2,828,27,gain,0,166,433,0.53,1.3825,4,True,B,allenai/OLMo-2-1124-7B-SFT,fewshot,riskneutral,0.84595,0.77036,0,massA=0.119 massB=0.652
p2,760,25,gain,0,124,207,0.76,1.2687,0,True,B,allenai/OLMo-2-1124-7B-SFT,fewshot,riskneutral,0.63523,0.82522,0,massA=0.301 massB=0.524
p2,355,11,mixed,54,54,68,0.81,1.02,2,False,A,allenai/OLMo-2-1124-7B-SFT,fewshot,riskneutral,0.52536,0.94644,0,massA=0.497 massB=0.449
p2,448,14,mixed,81,81,201,0.68,1.6874,4,True,B,allenai/OLMo-2-1124-7B-SFT,fewshot,riskneutral,0.80988,0.70612,0,massA=0.134 massB=0.572
p2,299,9,mixed,49,49,153,0.26,0.8118,4,False,A,allenai/OLMo-2-1124-7B-SFT,fewshot,riskneutral,0.27668,0.6616,0,massA=0.183 massB=0.479
p2,1279,39,dominant,0,178,205,1.0,1.1517,2,False,A,allenai/OLMo-2-1124-7B-SFT,fewshot,riskneutral,0.7074,0.93333,0,massA=0.66 massB=0.273
p2,520,17,gain,0,117,362,0.42,1.2995,0,True,B,allenai/OLMo-2-1124-7B-SFT,fewshot,riskneutral,0.51173,0.85389,0,massA=0.417 massB=0.437
p2,123,4,neutral,0,29,71,0.55,1.3466,1,False,A,allenai/OLMo-2-1124-7B-SFT,fewshot,riskneutral,0.53118,0.87458,0,massA=0.465 massB=0.41
p2,785,26,neutral,0,59,151,0.36,0.9214,2,False,A,allenai/OLMo-2-1124-7B-SFT,fewshot,riskneutral,0.83331,0.96685,0,massA=0.806 massB=0.161
p2,1005,33,gain,0,142,446,0.53,1.6646,2,False,A,allenai/OLMo-2-1124-7B-SFT,fewshot,riskneutral,0.7341,0.94331,0,massA=0.692 massB=0.251
p2,316,10,gain,0,111,278,0.58,1.4526,3,True,B,allenai/OLMo-2-1124-7B-SFT,fewshot,riskneutral,0.74018,0.89935,0,massA=0.234 massB=0.666
p2,553,18,gain,0,41,61,0.58,0.8629,1,False,A,allenai/OLMo-2-1124-7B-SFT,fewshot,riskneutral,0.3812,0.91259,0,massA=0.348 massB=0.565
p2,1146,38,neutral,0,183,609,0.38,1.2646,3,True,B,allenai/OLMo-2-1124-7B-SFT,fewshot,riskneutral,0.54093,0.95296,0,massA=0.437 massB=0.515
p2,534,17,mixed,117,117,362,0.42,1.2995,2,True,B,allenai/OLMo-2-1124-7B-SFT,fewshot,riskneutral,0.49415,0.9485,0,massA=0.48 massB=0.469
p2,924,30,mixed,149,149,447,0.26,0.78,2,True,B,allenai/OLMo-2-1124-7B-SFT,fewshot,riskneutral,0.42443,0.94579,0,massA=0.544 massB=0.401
p2,921,30,mixed,149,149,447,0.26,0.78,0,False,A,allenai/OLMo-2-1124-7B-SFT,fewshot,riskneutral,0.17781,0.86979,0,massA=0.155 massB=0.715
p2,437,14,gain,0,81,201,0.68,1.6874,3,False,A,allenai/OLMo-2-1124-7B-SFT,fewshot,riskneutral,0.13028,0.89494,0,massA=0.117 massB=0.778
p2,74,2,gain,0,162,661,0.26,1.0609,2,True,B,allenai/OLMo-2-1124-7B-SFT,fewshot,riskneutral,0.38308,0.94052,0,massA=0.58 massB=0.36
p2,853,28,gain,0,132,181,0.76,1.0421,1,False,A,allenai/OLMo-2-1124-7B-SFT,fewshot,riskneutral,0.41299,0.92462,0,massA=0.382 massB=0.543
p2,1199,39,mixed,178,178,567,0.32,1.0193,4,False,A,allenai/OLMo-2-1124-7B-SFT,fewshot,riskneutral,0.30074,0.67036,0,massA=0.202 massB=0.469
p2,854,28,gain,0,132,181,0.76,1.0421,2,True,B,allenai/OLMo-2-1124-7B-SFT,fewshot,riskneutral,0.55062,0.94871,0,massA=0.426 massB=0.522
p2,1107,36,mixed,98,98,227,0.47,1.0887,3,False,A,allenai/OLMo-2-1124-7B-SFT,fewshot,riskneutral,0.24653,0.92166,0,massA=0.227 massB=0.694
p2,304,10,neutral,0,111,278,0.58,1.4526,2,True,B,allenai/OLMo-2-1124-7B-SFT,fewshot,riskneutral,0.7326,0.95355,0,massA=0.255 massB=0.699
p2,423,14,neutral,0,81,201,0.68,1.6874,1,False,A,allenai/OLMo-2-1124-7B-SFT,fewshot,riskneutral,0.53313,0.90794,0,massA=0.484 massB=0.424
p2,519,17,neutral,0,117,362,0.42,1.2995,4,False,A,allenai/OLMo-2-1124-7B-SFT,fewshot,riskneutral,0.29583,0.62076,0,massA=0.184 massB=0.437
p2,466,15,gain,0,82,113,0.74,1.0198,3,True,B,allenai/OLMo-2-1124-7B-SFT,fewshot,riskneutral,0.81523,0.88698,0,massA=0.164 massB=0.723
p2,287,9,gain,0,49,153,0.26,0.8118,3,False,A,allenai/OLMo-2-1124-7B-SFT,fewshot,riskneutral,0.07082,0.90005,0,massA=0.0637 massB=0.836
p2,970,32,gain,0,131,236,0.57,1.0269,0,True,B,allenai/OLMo-2-1124-7B-SFT,fewshot,riskneutral,0.64959,0.84099,0,massA=0.295 massB=0.546
p2,968,32,neutral,0,131,236,0.57,1.0269,4,True,B,allenai/OLMo-2-1124-7B-SFT,fewshot,riskneutral,0.91212,0.84431,0,massA=0.0742 massB=0.77
p2,705,23,gain,0,91,626,0.23,1.5822,2,False,A,allenai/OLMo-2-1124-7B-SFT,fewshot,riskneutral,0.48632,0.92785,0,massA=0.451 massB=0.477
p2,1220,10,dominant,0,111,138,1.0,1.2432,3,True,B,allenai/OLMo-2-1124-7B-SFT,fewshot,riskneutral,0.90431,0.93314,0,massA=0.0893 massB=0.844
p2,374,12,gain,0,164,541,0.38,1.2535,2,True,B,allenai/OLMo-2-1124-7B-SFT,fewshot,riskneutral,0.54675,0.94678,0,massA=0.429 massB=0.518
p2,139,4,gain,0,29,71,0.55,1.3466,4,False,A,allenai/OLMo-2-1124-7B-SFT,fewshot,riskneutral,0.37569,0.57455,0,massA=0.216 massB=0.359
p2,141,4,mixed,29,29,71,0.55,1.3466,0,False,A,allenai/OLMo-2-1124-7B-SFT,fewshot,riskneutral,0.20946,0.83573,0,massA=0.175 massB=0.661
p2,482,16,neutral,0,139,234,0.6,1.0101,1,True,B,allenai/OLMo-2-1124-7B-SFT,fewshot,riskneutral,0.61325,0.92348,0,massA=0.357 massB=0.566
p2,1148,38,neutral,0,183,609,0.38,1.2646,4,True,B,allenai/OLMo-2-1124-7B-SFT,fewshot,riskneutral,0.77527,0.76192,0,massA=0.171 massB=0.591
p2,394,13,neutral,0,72,88,0.64,0.7822,2,True,B,allenai/OLMo-2-1124-7B-SFT,fewshot,riskneutral,0.74614,0.95606,0,massA=0.243 massB=0.713
p2,654,21,mixed,106,106,206,0.73,1.4187,2,True,B,allenai/OLMo-2-1124-7B-SFT,fewshot,riskneutral,0.50196,0.95024,0,massA=0.473 massB=0.477
p2,38,1,neutral,0,58,116,0.66,1.32,4,True,B,allenai/OLMo-2-1124-7B-SFT,fewshot,riskneutral,0.95598,0.87039,0,massA=0.0383 massB=0.832
p2,683,22,mixed,81,81,163,0.72,1.4489,1,False,A,allenai/OLMo-2-1124-7B-SFT,fewshot,riskneutral,0.71382,0.94275,0,massA=0.673 massB=0.27
p2,902,30,neutral,0,149,447,0.26,0.78,1,True,B,allenai/OLMo-2-1124-7B-SFT,fewshot,riskneutral,0.30737,0.93765,0,massA=0.649 massB=0.288
p2,44,1,gain,0,58,116,0.66,1.32,2,True,B,allenai/OLMo-2-1124-7B-SFT,fewshot,riskneutral,0.53317,0.94513,0,massA=0.441 massB=0.504
p2,33,1,neutral,0,58,116,0.66,1.32,1,False,A,allenai/OLMo-2-1124-7B-SFT,fewshot,riskneutral,0.65663,0.89985,0,massA=0.591 massB=0.309
p2,330,11,neutral,0,54,68,0.81,1.02,0,True,B,allenai/OLMo-2-1124-7B-SFT,fewshot,riskneutral,0.73868,0.84903,0,massA=0.222 massB=0.627
p2,939,31,neutral,0,51,151,0.29,0.8586,4,False,A,allenai/OLMo-2-1124-7B-SFT,fewshot,riskneutral,0.29746,0.58293,0,massA=0.173 massB=0.41
p2,855,28,gain,0,132,181,0.76,1.0421,2,False,A,allenai/OLMo-2-1124-7B-SFT,fewshot,riskneutral,0.86106,0.94885,0,massA=0.817 massB=0.132
p2,1156,38,gain,0,183,609,0.38,1.2646,3,True,B,allenai/OLMo-2-1124-7B-SFT,fewshot,riskneutral,0.72798,0.89964,0,massA=0.245 massB=0.655
p2,214,7,neutral,0,63,98,0.64,0.9956,2,True,B,allenai/OLMo-2-1124-7B-SFT,fewshot,riskneutral,0.77322,0.96426,0,massA=0.219 massB=0.746
p2,377,12,gain,0,164,541,0.38,1.2535,3,False,A,allenai/OLMo-2-1124-7B-SFT,fewshot,riskneutral,0.10448,0.91602,0,massA=0.0957 massB=0.82
p2,545,18,neutral,0,41,61,0.58,0.8629,2,False,A,allenai/OLMo-2-1124-7B-SFT,fewshot,riskneutral,0.95004,0.96724,0,massA=0.919 massB=0.0483
p2,1175,39,neutral,0,178,567,0.32,1.0193,2,False,A,allenai/OLMo-2-1124-7B-SFT,fewshot,riskneutral,0.88758,0.96437,0,massA=0.856 massB=0.108
p2,262,8,mixed,62,62,263,0.33,1.3998,1,True,B,allenai/OLMo-2-1124-7B-SFT,fewshot,riskneutral,0.40546,0.93392,0,massA=0.555 massB=0.379
p2,726,24,neutral,0,168,214,0.76,0.9681,3,True,B,allenai/OLMo-2-1124-7B-SFT,fewshot,riskneutral,0.93969,0.94603,0,massA=0.0571 massB=0.889
p2,568,18,mixed,41,41,61,0.58,0.8629,4,True,B,allenai/OLMo-2-1124-7B-SFT,fewshot,riskneutral,0.6628,0.61346,0,massA=0.207 massB=0.407
p2,321,10,mixed,111,111,278,0.58,1.4526,0,False,A,allenai/OLMo-2-1124-7B-SFT,fewshot,riskneutral,0.23792,0.85487,0,massA=0.203 massB=0.651
p2,591,19,mixed,64,64,122,0.49,0.9341,0,False,A,allenai/OLMo-2-1124-7B-SFT,fewshot,riskneutral,0.20561,0.8456,0,massA=0.174 massB=0.672
p2,994,33,neutral,0,142,446,0.53,1.6646,2,True,B,allenai/OLMo-2-1124-7B-SFT,fewshot,riskneutral,0.65313,0.95155,0,massA=0.33 massB=0.621
p2,1041,34,mixed,52,52,96,0.63,1.1631,0,False,A,allenai/OLMo-2-1124-7B-SFT,fewshot,riskneutral,0.22135,0.86177,0,massA=0.191 massB=0.671
p2,1057,35,neutral,0,91,133,0.68,0.9938,3,False,A,allenai/OLMo-2-1124-7B-SFT,fewshot,riskneutral,0.72331,0.95857,0,massA=0.693 massB=0.265
p2,701,23,gain,0,91,626,0.23,1.5822,0,False,A,allenai/OLMo-2-1124-7B-SFT,fewshot,riskneutral,0.17217,0.86749,0,massA=0.149 massB=0.718
p2,390,13,neutral,0,72,88,0.64,0.7822,0,True,B,allenai/OLMo-2-1124-7B-SFT,fewshot,riskneutral,0.70579,0.83453,0,massA=0.246 massB=0.589
p2,1193,39,mixed,178,178,567,0.32,1.0193,1,False,A,allenai/OLMo-2-1124-7B-SFT,fewshot,riskneutral,0.56024,0.93343,0,massA=0.523 massB=0.41
p2,1023,34,neutral,0,52,96,0.63,1.1631,1,False,A,allenai/OLMo-2-1124-7B-SFT,fewshot,riskneutral,0.61321,0.90308,0,massA=0.554 massB=0.349
p2,742,24,mixed,168,168,214,0.76,0.9681,1,True,B,allenai/OLMo-2-1124-7B-SFT,fewshot,riskneutral,0.42824,0.9467,0,massA=0.541 massB=0.405
p2,224,7,gain,0,63,98,0.64,0.9956,2,True,B,allenai/OLMo-2-1124-7B-SFT,fewshot,riskneutral,0.43016,0.94902,0,massA=0.541 massB=0.408
p2,79,2,gain,0,162,661,0.26,1.0609,4,False,A,allenai/OLMo-2-1124-7B-SFT,fewshot,riskneutral,0.24944,0.59356,0,massA=0.148 massB=0.446
p2,746,24,mixed,168,168,214,0.76,0.9681,3,True,B,allenai/OLMo-2-1124-7B-SFT,fewshot,riskneutral,0.66193,0.93194,0,massA=0.315 massB=0.617
p2,257,8,gain,0,62,263,0.33,1.3998,3,False,A,allenai/OLMo-2-1124-7B-SFT,fewshot,riskneutral,0.12984,0.90272,0,massA=0.117 massB=0.786
p2,1072,35,mixed,91,91,133,0.68,0.9938,1,True,B,allenai/OLMo-2-1124-7B-SFT,fewshot,riskneutral,0.42633,0.93927,0,massA=0.539 massB=0.4
p2,14,0,gain,0,186,984,0.26,1.3755,2,True,B,allenai/OLMo-2-1124-7B-SFT,fewshot,riskneutral,0.30737,0.94558,0,massA=0.655 massB=0.291
p2,241,8,neutral,0,62,263,0.33,1.3998,0,False,A,allenai/OLMo-2-1124-7B-SFT,fewshot,riskneutral,0.31404,0.87524,0,massA=0.275 massB=0.6
p2,288,9,gain,0,49,153,0.26,0.8118,4,True,B,allenai/OLMo-2-1124-7B-SFT,fewshot,riskneutral,0.58131,0.56771,0,massA=0.238 massB=0.33
p2,387,12,mixed,164,164,541,0.38,1.2535,3,False,A,allenai/OLMo-2-1124-7B-SFT,fewshot,riskneutral,0.17441,0.92306,0,massA=0.161 massB=0.762
p2,410,13,mixed,72,72,88,0.64,0.7822,0,True,B,allenai/OLMo-2-1124-7B-SFT,fewshot,riskneutral,0.35043,0.87442,0,massA=0.568 massB=0.306
p2,984,32,mixed,131,131,236,0.57,1.0269,2,True,B,allenai/OLMo-2-1124-7B-SFT,fewshot,riskneutral,0.5889,0.94648,0,massA=0.389 massB=0.557
p2,1053,35,neutral,0,91,133,0.68,0.9938,1,False,A,allenai/OLMo-2-1124-7B-SFT,fewshot,riskneutral,0.6442,0.91345,0,massA=0.588 massB=0.325
p2,1025,34,neutral,0,52,96,0.63,1.1631,2,False,A,allenai/OLMo-2-1124-7B-SFT,fewshot,riskneutral,0.93096,0.9636,0,massA=0.897 massB=0.0665
p2,459,15,neutral,0,82,113,0.74,1.0198,4,False,A,allenai/OLMo-2-1124-7B-SFT,fewshot,riskneutral,0.58698,0.49077,0,massA=0.288 massB=0.203
p2,827,27,gain,0,166,433,0.53,1.3825,3,False,A,allenai/OLMo-2-1124-7B-SFT,fewshot,riskneutral,0.22953,0.91782,0,massA=0.211 massB=0.707
p2,634,21,neutral,0,106,206,0.73,1.4187,2,True,B,allenai/OLMo-2-1124-7B-SFT,fewshot,riskneutral,0.76349,0.95639,0,massA=0.226 massB=0.73
p2,328,10,mixed,111,111,278,0.58,1.4526,4,True,B,allenai/OLMo-2-1124-7B-SFT,fewshot,riskneutral,0.76137,0.6951,0,massA=0.166 massB=0.529
p2,144,4,mixed,29,29,71,0.55,1.3466,2,True,B,allenai/OLMo-2-1124-7B-SFT,fewshot,riskneutral,0.52343,0.94786,0,massA=0.452 massB=0.496
p2,98,3,neutral,0,46,158,0.33,1.1335,4,True,B,allenai/OLMo-2-1124-7B-SFT,fewshot,riskneutral,0.75056,0.78258,0,massA=0.195 massB=0.587
p2,596,19,mixed,64,64,122,0.49,0.9341,3,True,B,allenai/OLMo-2-1124-7B-SFT,fewshot,riskneutral,0.54287,0.93449,0,massA=0.427 massB=0.507
p2,900,30,neutral,0,149,447,0.26,0.78,0,True,B,allenai/OLMo-2-1124-7B-SFT,fewshot,riskneutral,0.61695,0.8365,0,massA=0.32 massB=0.516
p2,388,12,mixed,164,164,541,0.38,1.2535,4,True,B,allenai/OLMo-2-1124-7B-SFT,fewshot,riskneutral,0.74615,0.67771,0,massA=0.172 massB=0.506
p2,338,11,neutral,0,54,68,0.81,1.02,4,True,B,allenai/OLMo-2-1124-7B-SFT,fewshot,riskneutral,0.90088,0.80324,0,massA=0.0796 massB=0.724
p2,945,31,gain,0,51,151,0.29,0.8586,2,False,A,allenai/OLMo-2-1124-7B-SFT,fewshot,riskneutral,0.54672,0.93122,0,massA=0.509 massB=0.422
p2,1082,36,neutral,0,98,227,0.47,1.0887,1,True,B,allenai/OLMo-2-1124-7B-SFT,fewshot,riskneutral,0.52149,0.92805,0,massA=0.444 massB=0.484
p2,117,3,mixed,46,46,158,0.33,1.1335,3,False,A,allenai/OLMo-2-1124-7B-SFT,fewshot,riskneutral,0.18242,0.91891,0,massA=0.168 massB=0.751
p2,323,10,mixed,111,111,278,0.58,1.4526,1,False,A,allenai/OLMo-2-1124-7B-SFT,fewshot,riskneutral,0.64422,0.93667,0,massA=0.603 massB=0.333
p2,912,30,gain,0,149,447,0.26,0.78,1,True,B,allenai/OLMo-2-1124-7B-SFT,fewshot,riskneutral,0.46492,0.92973,0,massA=0.497 massB=0.432
p2,514,17,neutral,0,117,362,0.42,1.2995,2,True,B,allenai/OLMo-2-1124-7B-SFT,fewshot,riskneutral,0.67406,0.95602,0,massA=0.312 massB=0.644
p2,949,31,gain,0,51,151,0.29,0.8586,4,False,A,allenai/OLMo-2-1124-7B-SFT,fewshot,riskneutral,0.22,0.58637,0,massA=0.129 massB=0.457
p2,148,4,mixed,29,29,71,0.55,1.3466,4,True,B,allenai/OLMo-2-1124-7B-SFT,fewshot,riskneutral,0.7663,0.69047,0,massA=0.161 massB=0.529
p2,381,12,mixed,164,164,541,0.38,1.2535,0,False,A,allenai/OLMo-2-1124-7B-SFT,fewshot,riskneutral,0.22815,0.84668,0,massA=0.193 massB=0.654
p2,1074,35,mixed,91,91,133,0.68,0.9938,2,True,B,allenai/OLMo-2-1124-7B-SFT,fewshot,riskneutral,0.53511,0.94383,0,massA=0.439 massB=0.505
p2,206,6,mixed,94,94,101,0.71,0.7629,3,True,B,allenai/OLMo-2-1124-7B-SFT,fewshot,riskneutral,0.54481,0.92539,0,massA=0.421 massB=0.504
p2,1169,38,mixed,183,183,609,0.38,1.2646,4,False,A,allenai/OLMo-2-1124-7B-SFT,fewshot,riskneutral,0.31911,0.72213,0,massA=0.23 massB=0.492
p2,605,20,neutral,0,186,266,0.63,0.901,2,False,A,allenai/OLMo-2-1124-7B-SFT,fewshot,riskneutral,0.93045,0.96132,0,massA=0.894 massB=0.0669
p2,489,16,neutral,0,139,234,0.6,1.0101,4,False,A,allenai/OLMo-2-1124-7B-SFT,fewshot,riskneutral,0.41679,0.55317,0,massA=0.231 massB=0.323
p2,50,1,mixed,58,58,116,0.66,1.32,0,True,B,allenai/OLMo-2-1124-7B-SFT,fewshot,riskneutral,0.41681,0.8779,0,massA=0.512 massB=0.366
p2,721,24,neutral,0,168,214,0.76,0.9681,0,False,A,allenai/OLMo-2-1124-7B-SFT,fewshot,riskneutral,0.53897,0.8861,0,massA=0.478 massB=0.409
p2,252,8,gain,0,62,263,0.33,1.3998,1,True,B,allenai/OLMo-2-1124-7B-SFT,fewshot,riskneutral,0.40358,0.93296,0,massA=0.556 massB=0.377
p2,400,13,gain,0,72,88,0.64,0.7822,0,True,B,allenai/OLMo-2-1124-7B-SFT,fewshot,riskneutral,0.56987,0.83151,0,massA=0.358 massB=0.474
p2,417,13,mixed,72,72,88,0.64,0.7822,3,False,A,allenai/OLMo-2-1124-7B-SFT,fewshot,riskneutral,0.1394,0.91968,0,massA=0.128 massB=0.791
p2,71,2,gain,0,162,661,0.26,1.0609,0,False,A,allenai/OLMo-2-1124-7B-SFT,fewshot,riskneutral,0.23091,0.8566,0,massA=0.198 massB=0.659
p2,1064,35,gain,0,91,133,0.68,0.9938,2,True,B,allenai/OLMo-2-1124-7B-SFT,fewshot,riskneutral,0.42061,0.95065,0,massA=0.551 massB=0.4
p2,32,1,neutral,0,58,116,0.66,1.32,1,True,B,allenai/OLMo-2-1124-7B-SFT,fewshot,riskneutral,0.70741,0.92608,0,massA=0.271 massB=0.655
p2,247,8,neutral,0,62,263,0.33,1.3998,3,False,A,allenai/OLMo-2-1124-7B-SFT,fewshot,riskneutral,0.39233,0.9496,0,massA=0.373 massB=0.577
p2,1094,36,gain,0,98,227,0.47,1.0887,2,True,B,allenai/OLMo-2-1124-7B-SFT,fewshot,riskneutral,0.45134,0.94724,0,massA=0.52 massB=0.428
p2,836,27,mixed,166,166,433,0.53,1.3825,3,True,B,allenai/OLMo-2-1124-7B-SFT,fewshot,riskneutral,0.68763,0.94176,0,massA=0.294 massB=0.648
p2,817,27,neutral,0,166,433,0.53,1.3825,3,False,A,allenai/OLMo-2-1124-7B-SFT,fewshot,riskneutral,0.57558,0.95595,0,massA=0.55 massB=0.406
p2,540,18,neutral,0,41,61,0.58,0.8629,0,True,B,allenai/OLMo-2-1124-7B-SFT,fewshot,riskneutral,0.73413,0.84028,0,massA=0.223 massB=0.617
p2,230,7,mixed,63,63,98,0.64,0.9956,0,True,B,allenai/OLMo-2-1124-7B-SFT,fewshot,riskneutral,0.38492,0.87902,0,massA=0.541 massB=0.338
p2,960,32,neutral,0,131,236,0.57,1.0269,0,True,B,allenai/OLMo-2-1124-7B-SFT,fewshot,riskneutral,0.77866,0.86315,0,massA=0.191 massB=0.672
p2,353,11,mixed,54,54,68,0.81,1.02,1,False,A,allenai/OLMo-2-1124-7B-SFT,fewshot,riskneutral,0.5312,0.93893,0,massA=0.499 massB=0.44
p2,376,12,gain,0,164,541,0.38,1.2535,3,True,B,allenai/OLMo-2-1124-7B-SFT,fewshot,riskneutral,0.79566,0.89623,0,massA=0.183 massB=0.713
p2,1221,10,dominant,0,111,138,1.0,1.2432,4,False,A,allenai/OLMo-2-1124-7B-SFT,fewshot,riskneutral,0.9099,0.53714,0,massA=0.489 massB=0.0484
p2,349,11,gain,0,54,68,0.81,1.02,4,False,A,allenai/OLMo-2-1124-7B-SFT,fewshot,riskneutral,0.35935,0.60668,0,massA=0.218 massB=0.389
p2,103,3,gain,0,46,158,0.33,1.1335,1,False,A,allenai/OLMo-2-1124-7B-SFT,fewshot,riskneutral,0.26434,0.94024,0,massA=0.249 massB=0.692
p2,474,15,mixed,82,82,113,0.74,1.0198,2,True,B,allenai/OLMo-2-1124-7B-SFT,fewshot,riskneutral,0.51563,0.94682,0,massA=0.459 massB=0.488
p2,499,16,gain,0,139,234,0.6,1.0101,4,False,A,allenai/OLMo-2-1124-7B-SFT,fewshot,riskneutral,0.39792,0.56111,0,massA=0.223 massB=0.338
p2,333,11,neutral,0,54,68,0.81,1.02,1,False,A,allenai/OLMo-2-1124-7B-SFT,fewshot,riskneutral,0.55638,0.92433,0,massA=0.514 massB=0.41
p2,1134,37,mixed,151,151,252,0.68,1.1348,2,True,B,allenai/OLMo-2-1124-7B-SFT,fewshot,riskneutral,0.57369,0.9474,0,massA=0.404 massB=0.544
p2,392,13,neutral,0,72,88,0.64,0.7822,1,True,B,allenai/OLMo-2-1124-7B-SFT,fewshot,riskneutral,0.60954,0.91777,0,massA=0.358 massB=0.559
p2,67,2,neutral,0,162,661,0.26,1.0609,3,False,A,allenai/OLMo-2-1124-7B-SFT,fewshot,riskneutral,0.35756,0.9488,0,massA=0.339 massB=0.61
p2,265,8,mixed,62,62,263,0.33,1.3998,2,False,A,allenai/OLMo-2-1124-7B-SFT,fewshot,riskneutral,0.55831,0.92741,0,massA=0.518 massB=0.41
p2,235,7,mixed,63,63,98,0.64,0.9956,2,False,A,allenai/OLMo-2-1124-7B-SFT,fewshot,riskneutral,0.5039,0.94319,0,massA=0.475 massB=0.468
p2,998,33,neutral,0,142,446,0.53,1.6646,4,True,B,allenai/OLMo-2-1124-7B-SFT,fewshot,riskneutral,0.86883,0.81366,0,massA=0.107 massB=0.707
p2,802,26,mixed,59,59,151,0.36,0.9214,1,True,B,allenai/OLMo-2-1124-7B-SFT,fewshot,riskneutral,0.47854,0.94287,0,massA=0.492 massB=0.451
p2,932,31,neutral,0,51,151,0.29,0.8586,1,True,B,allenai/OLMo-2-1124-7B-SFT,fewshot,riskneutral,0.4922,0.92984,0,massA=0.472 massB=0.458
p2,19,0,gain,0,186,984,0.26,1.3755,4,False,A,allenai/OLMo-2-1124-7B-SFT,fewshot,riskneutral,0.28936,0.56498,0,massA=0.163 massB=0.401
p2,209,6,mixed,94,94,101,0.71,0.7629,4,False,A,allenai/OLMo-2-1124-7B-SFT,fewshot,riskneutral,0.24725,0.68091,0,massA=0.168 massB=0.513
p2,997,33,neutral,0,142,446,0.53,1.6646,3,False,A,allenai/OLMo-2-1124-7B-SFT,fewshot,riskneutral,0.41111,0.9516,0,massA=0.391 massB=0.56
