instrument,trial_id,gamble_id,frame,anchor,sure,hi,p,ev_ratio,template_id,safe_first,gamble_letter,model,fmt,induce,reason,p_gamble,ab_mass,excluded,reason_ended,reasoning,note
p1,247,24,risk,0,168,214,0.76,0.9681,3,False,A,meta-llama/Llama-3.1-8B-Instruct,chat,riskneutral,1,0.00037,0.99962,0,answer,"To choose the option with the higher expected dollar value, we need to calculate the expected value for each option.

For Payout A:
Expected value = (Payoff 1 * Probability 1) + (Payoff 2 * Probability 2)
Expected value = ($214 * 0.76) + ($0 * 0.24)
Expected value = $162.24

For Payout B:
Expected value = (Payoff * Probability)
Expected value = ($168 * 1)
Expected value = $168

Since $162.24 is less than $168, the option with the higher expected dollar value is Payout B.",massA=0.000374 massB=0.999
p1,283,28,risk,0,132,181,0.76,1.0421,1,False,A,meta-llama/Llama-3.1-8B-Instruct,chat,riskneutral,1,0.99981,0.99992,0,answer,"To compute the expected dollar value of each offer, we multiply the payoff by the probability and sum the results.

For Offer A:
Expected value = ($181 * 0.76) + ($0 * 0.24)
Expected value = $137.36 + $0
Expected value = $137.36

For Offer B:
Expected value = ($132 * 1)
Expected value = $132

Since $137.36 is greater than $132, the option with the higher expected dollar value is Offer A.",massA=1 massB=0.000188
p1,267,26,risk,0,59,151,0.36,0.9214,3,False,A,meta-llama/Llama-3.1-8B-Instruct,chat,riskneutral,1,0.00015,0.9997,0,answer,"To choose the option with the higher expected dollar value, we need to calculate the expected value for each option.

For Payout A:
Expected value = (Payoff 1 * Probability 1) + (Payoff 2 * Probability 2)
Expected value = ($151 * 0.36) + ($0 * 0.64)
Expected value = $54.36 + $0
Expected value = $54.36

For Payout B:
Expected value = (Payoff * Probability)
Expected value = ($59 * 1)
Expected value = $59

Since $59 is greater than $54.36, the option with the higher expected dollar value is Payout B.",massA=0.000149 massB=1
p1,80,8,risk,0,62,263,0.33,1.3998,0,True,B,meta-llama/Llama-3.1-8B-Instruct,chat,riskneutral,1,0.99976,0.99997,0,answer,"To choose the option with the higher expected dollar value, we need to calculate the expected value for each option.

For Option A, the expected value is simply the certain payment:
Expected Value A = $62

For Option B, we need to calculate the expected value using the probabilities:
Expected Value B = ($263 * 0.33) + ($0 * 0.67)
Expected Value B = $86.59 + $0
Expected Value B = $86.59

Since $86.59 is greater than $62, the option with the higher expected dollar value is Option B.",massA=0.000242 massB=1
p1,97,9,risk,0,49,153,0.26,0.8118,3,False,A,meta-llama/Llama-3.1-8B-Instruct,chat,riskneutral,1,0.00018,0.99971,0,answer,"To choose the option with the higher expected dollar value, we need to calculate the expected value for each option.

For Payout A:
Expected value = (Payoff 1 * Probability 1) + (Payoff 2 * Probability 2)
Expected value = ($153 * 0.26) + ($0 * 0.74)
Expected value = $39.58 + $0
Expected value = $39.58

For Payout B:
Expected value = (Payoff * Probability)
Expected value = ($49 * 1)
Expected value = $49

Since $49 is greater than $39.58, the option with the higher expected dollar value is Payout B.",massA=0.000182 massB=1
p1,265,26,risk,0,59,151,0.36,0.9214,2,False,A,meta-llama/Llama-3.1-8B-Instruct,chat,riskneutral,1,7e-05,0.99987,0,answer,"To compute the expected dollar value of each alternative, we multiply the payoff by the probability and sum the results.

For Alternative A:
Expected value = ($151 * 0.36) + ($0 * 0.64)
Expected value = $54.36 + $0
Expected value = $54.36

For Alternative B:
Expected value = ($59 * 1)
Expected value = $59

Since $59 is greater than $54.36, I would choose Alternative B.",massA=6.5e-05 massB=1
p1,259,25,risk,0,124,207,0.76,1.2687,4,False,A,meta-llama/Llama-3.1-8B-Instruct,chat,riskneutral,1,0.99996,0.99994,0,answer,"To decide between the two deals, we need to calculate the expected dollar value of each option.

For Deal A:
Expected value = (Payoff 1 * Probability 1) + (Payoff 2 * Probability 2)
Expected value = ($207 * 0.76) + ($0 * 0.24)
Expected value = $156.92

For Deal B:
Expected value = (Payoff * Probability)
Expected value = ($124 * 1)
Expected value = $124

Since $156.92 is greater than $124, the expected dollar value of Deal A is higher.",massA=1 massB=4.01e-05
p1,87,8,risk,0,62,263,0.33,1.3998,3,False,A,meta-llama/Llama-3.1-8B-Instruct,chat,riskneutral,1,0.99976,0.99985,0,answer,"To choose the option with the higher expected dollar value, we need to calculate the expected value for each option.

For Payout A:
Expected value = (Payoff 1 * Probability 1) + (Payoff 2 * Probability 2)
Expected value = ($263 * 0.33) + ($0 * 0.67)
Expected value = $86.59 + $0
Expected value = $86.59

For Payout B:
Expected value = (Payoff * Probability)
Expected value = ($62 * 1)
Expected value = $62

Since $86.59 is greater than $62, the option with the higher expected dollar value is Payout A.",massA=1 massB=0.000238
p1,32,3,risk,0,46,158,0.33,1.1335,1,True,B,meta-llama/Llama-3.1-8B-Instruct,chat,riskneutral,1,0.99988,0.99988,0,answer,"To compute the expected dollar value of each offer, we multiply the payoff by the probability and sum the results.

For Offer A: 
Expected value = $46 * 1 = $46

For Offer B: 
Expected value = ($158 * 0.33) + ($0 * 0.67) = $52.24

Since Offer B has a higher expected dollar value ($52.24 vs $46), we choose it.",massA=0.000116 massB=1
p1,287,28,risk,0,132,181,0.76,1.0421,3,False,A,meta-llama/Llama-3.1-8B-Instruct,chat,riskneutral,1,0.99984,0.99983,0,answer,"To choose the option with the higher expected dollar value, we need to calculate the expected value for each option.

For Payout A:
Expected value = (Payoff 1 * Probability 1) + (Payoff 2 * Probability 2)
Expected value = ($181 * 0.76) + ($0 * 0.24)
Expected value = $137.36

For Payout B:
Expected value = (Payoff * Probability)
Expected value = ($132 * 1)
Expected value = $132

Since $137.36 is greater than $132, the option with the higher expected dollar value is Payout A.",massA=1 massB=0.000163
p1,367,36,risk,0,98,227,0.47,1.0887,3,False,A,meta-llama/Llama-3.1-8B-Instruct,chat,riskneutral,1,0.99979,0.99984,0,answer,"To choose the option with the higher expected dollar value, we need to calculate the expected value for each option.

For Payout A:
Expected value = (Payoff 1 * Probability 1) + (Payoff 2 * Probability 2)
Expected value = ($227 * 0.47) + ($0 * 0.53)
Expected value = $106.09

For Payout B:
Expected value = (Payoff * Probability)
Expected value = ($98 * 1)
Expected value = $98

Since $106.09 is greater than $98, the option with the higher expected dollar value is Payout A.",massA=1 massB=0.00021
p1,355,35,risk,0,91,133,0.68,0.9938,2,False,A,meta-llama/Llama-3.1-8B-Instruct,chat,riskneutral,1,8e-05,0.99987,0,answer,"To compute the expected dollar value of each alternative, we multiply the payoff by the probability and sum the results.

For Alternative A:
Expected value = ($133 * 0.68) + ($0 * 0.32)
Expected value = $90.04 + $0
Expected value = $90.04

For Alternative B:
Expected value = ($91 * 1)
Expected value = $91

Since $91 is greater than $90.04, I would choose Alternative B.",massA=7.84e-05 massB=1
p1,36,3,risk,0,46,158,0.33,1.1335,3,True,B,meta-llama/Llama-3.1-8B-Instruct,chat,riskneutral,1,0.99943,0.99991,0,answer,"To choose the option with the higher expected dollar value, we need to calculate the expected value for each option.

For Payout A, the expected value is simply the payout amount since it's received with certainty:
Expected Value A = $46

For Payout B, we need to calculate the expected value using the probabilities:
Expected Value B = ($158 * 0.33) + ($0 * 0.67)
Expected Value B = $52.34 + $0
Expected Value B = $52.34

Since $52.34 is greater than $46, the option with the higher expected dollar value is Payout B.",massA=0.00057 massB=0.999
p1,245,24,risk,0,168,214,0.76,0.9681,2,False,A,meta-llama/Llama-3.1-8B-Instruct,chat,riskneutral,1,5e-05,0.99985,0,answer,"To compute the expected dollar value of each alternative, we multiply the payoff by the probability and sum the results.

For Alternative A:
Expected value = ($214 * 0.76) + ($0 * 0.24)
Expected value = $162.44 + $0
Expected value = $162.44

For Alternative B:
Expected value = ($168 * 1)
Expected value = $168

Since $168 is greater than $162.44, I would choose Alternative B.",massA=5.48e-05 massB=1
p1,312,31,risk,0,51,151,0.29,0.8586,1,True,B,meta-llama/Llama-3.1-8B-Instruct,chat,riskneutral,1,5e-05,0.99996,0,answer,"To determine the expected dollar value of each offer, we multiply the payoff by the probability for each outcome.

For Offer A: 
Expected value = $51 * 1 = $51

For Offer B: 
Expected value = ($151 * 0.29) + ($0 * 0.71) = $43.99

Since Offer A has a higher expected dollar value ($51 vs $43.99), we choose it.",massA=1 massB=5.23e-05
p1,280,28,risk,0,132,181,0.76,1.0421,0,True,B,meta-llama/Llama-3.1-8B-Instruct,chat,riskneutral,1,0.99992,0.99997,0,answer,"To choose the option with the higher expected dollar value, we need to calculate the expected value for each option.

For Option A, the expected value is simply the payment amount since it's received with certainty:
Expected Value A = $132

For Option B, we need to calculate the expected value by multiplying the payment amount by its probability and summing the results:
Expected Value B = ($181 * 0.76) + ($0 * 0.24)
Expected Value B = $137.16

Since $137.16 is greater than $132, the option with the higher expected dollar value is Option B.",massA=7.97e-05 massB=1
p1,164,16,risk,0,139,234,0.6,1.0101,2,True,B,meta-llama/Llama-3.1-8B-Instruct,chat,riskneutral,1,0.99995,0.99997,0,answer,"To determine the preferred alternative, we need to calculate the expected dollar value of each option.

For Alternative A, the expected dollar value is:
Expected Value A = ($139) * (1) = $139

For Alternative B, the expected dollar value is:
Expected Value B = ($234) * (0.6) + ($0) * (0.4) = $140.40

Since $140.40 is greater than $139, the preferred alternative is",massA=5.39e-05 massB=1
p1,332,33,risk,0,142,446,0.53,1.6646,1,True,B,meta-llama/Llama-3.1-8B-Instruct,chat,riskneutral,1,0.99988,0.9999,0,answer,"To determine the expected dollar value of each offer, we multiply the payoff by the probability for each outcome.

For Offer A: 
Expected value = $142 * 1 = $142

For Offer B: 
Expected value = ($446 * 0.53) + ($0 * 0.47) = $236.18

Since Offer B has a higher expected dollar value ($236.18 vs $142), we choose it.",massA=0.000118 massB=1
p1,81,8,risk,0,62,263,0.33,1.3998,0,False,A,meta-llama/Llama-3.1-8B-Instruct,chat,riskneutral,1,0.9996,0.99994,0,answer,"To compute the expected dollar value of each option, we multiply the payoff by the probability and sum the results.

For Option A:
Expected value = ($263 * 0.33) + ($0 * 0.67)
Expected value = $86.59 + $0
Expected value = $86.59

For Option B:
Expected value = ($62 * 1)
Expected value = $62

Since $86.59 is greater than $62, the option with the higher expected dollar value is Option A.",massA=1 massB=0.000398
p1,68,6,risk,0,94,101,0.71,0.7629,4,True,B,meta-llama/Llama-3.1-8B-Instruct,chat,riskneutral,1,7e-05,0.99992,0,answer,"To make a decision, we need to calculate the expected dollar value of each deal.

For Deal A, the expected dollar value is:
Expected Value = (Payoff * Probability) = ($94 * 1) = $94

For Deal B, the expected dollar value is:
Expected Value = (Payoff * Probability) + (Payoff * Probability) = ($101 * 0.71) + ($0 * 0.29) = $71.21

Since $94 is greater than $71.21, the expected dollar value of Deal A is higher.",massA=1 massB=6.6e-05
p1,337,33,risk,0,142,446,0.53,1.6646,3,False,A,meta-llama/Llama-3.1-8B-Instruct,chat,riskneutral,1,0.99982,0.99984,0,answer,"To choose the option with the higher expected dollar value, we need to calculate the expected value for each option.

For Payout A:
Expected value = (Payoff 1 * Probability 1) + (Payoff 2 * Probability 2)
Expected value = ($446 * 0.53) + ($0 * 0.47)
Expected value = $236.18

For Payout B:
Expected value = (Payoff * Probability)
Expected value = ($142 * 1)
Expected value = $142

Since $236.18 is greater than $142, the option with the higher expected dollar value is Payout A.",massA=1 massB=0.000179
p1,44,4,risk,0,29,71,0.55,1.3466,2,True,B,meta-llama/Llama-3.1-8B-Instruct,chat,riskneutral,1,0.99983,0.99995,0,answer,"To determine the preferred alternative, we need to calculate the expected dollar value of each option.

For Alternative A, the expected dollar value is:
$29 (payoff) * 1 (probability) = $29

For Alternative B, the expected dollar value is:
($71 * 0.55) + ($0 * 0.45) = $38.95

Since $29 is less than $38.95, the expected dollar value of Alternative B is higher.",massA=0.000174 massB=1
p1,188,18,risk,0,41,61,0.58,0.8629,4,True,B,meta-llama/Llama-3.1-8B-Instruct,chat,riskneutral,1,0.00013,0.99995,0,answer,"To make a decision, we need to calculate the expected dollar value of each deal.

For Deal A, the expected dollar value is:
Expected Value = (Payoff * Probability) = ($41 * 1) = $41

For Deal B, the expected dollar value is:
Expected Value = (Payoff * Probability) = ($61 * 0.58) + ($0 * 0.42) = $35.48

Since $41 is greater than $35.48, the option with the higher expected dollar value is Deal A.",massA=1 massB=0.000125
p1,354,35,risk,0,91,133,0.68,0.9938,2,True,B,meta-llama/Llama-3.1-8B-Instruct,chat,riskneutral,1,0.00016,0.99994,0,answer,"To determine the preferred alternative, we need to calculate the expected dollar value of each option.

For Alternative A, the expected dollar value is:
Expected Value A = ($91) * (1) = $91

For Alternative B, the expected dollar value is:
Expected Value B = ($133) * (0.68) + ($0) * (0.32) = $90.44

Since $91 is greater than $90.44, the preferred alternative is the one with certainty.",massA=1 massB=0.000163
p1,60,6,risk,0,94,101,0.71,0.7629,0,True,B,meta-llama/Llama-3.1-8B-Instruct,chat,riskneutral,1,0.00027,0.99996,0,answer,"To choose the option with the higher expected dollar value, we need to calculate the expected value for each option.

For Option A, the expected value is simply the certain payment:
Expected Value A = $94

For Option B, we need to calculate the expected value using the probabilities:
Expected Value B = ($101 * 0.71) + ($0 * 0.29)
Expected Value B = $71.21 + $0
Expected Value B = $71.21

Since $94 is greater than $71.21, the option with the higher expected dollar value is Option A.",massA=1 massB=0.000269
p1,64,6,risk,0,94,101,0.71,0.7629,2,True,B,meta-llama/Llama-3.1-8B-Instruct,chat,riskneutral,1,0.00013,0.99996,0,answer,"To determine the preferred alternative, we need to calculate the expected dollar value of each option.

For Alternative A, the expected dollar value is:
$94 (payoff) * 1 (probability) = $94

For Alternative B, the expected dollar value is:
($101 * 0.71) + ($0 * 0.29) = $71.21

Since $94 is greater than $71.21, the preferred alternative is the one with certainty.",massA=1 massB=0.000131
p1,241,24,risk,0,168,214,0.76,0.9681,0,False,A,meta-llama/Llama-3.1-8B-Instruct,chat,riskneutral,1,0.00011,0.99986,0,answer,"To compute the expected dollar value of each option, we multiply the payoff by the probability and sum the results.

For Option A:
Expected value = ($214 * 0.76) + ($0 * 0.24)
Expected value = $162.44 + $0
Expected value = $162.44

For Option B:
Expected value = ($168 * 1)
Expected value = $168

Since $162.44 is less than $168, we prefer the option with the higher expected dollar value.",massA=0.000106 massB=1
p1,37,3,risk,0,46,158,0.33,1.1335,3,False,A,meta-llama/Llama-3.1-8B-Instruct,chat,riskneutral,1,0.99979,0.99984,0,answer,"To choose the option with the higher expected dollar value, we need to calculate the expected value for each option.

For Payout A:
Expected value = (Payoff 1 * Probability 1) + (Payoff 2 * Probability 2)
Expected value = ($158 * 0.33) + ($0 * 0.67)
Expected value = $52.24

For Payout B:
Expected value = (Payoff * Probability)
Expected value = ($46 * 1)
Expected value = $46

Since $52.24 is greater than $46, the option with the higher expected dollar value is Payout A.",massA=1 massB=0.000213
p1,198,19,risk,0,64,122,0.49,0.9341,4,True,B,meta-llama/Llama-3.1-8B-Instruct,chat,riskneutral,1,5e-05,0.99988,0,answer,"To make a decision, we need to calculate the expected dollar value of each deal.

For Deal A, the expected dollar value is:
Expected Value = (Payoff) * (Probability)
Expected Value = $64 * 1
Expected Value = $64

For Deal B, the expected dollar value is:
Expected Value = (Payoff1 * Probability1) + (Payoff2 * Probability2)
Expected Value = ($122 * 0.49) + ($0 * 0.51)
Expected Value = $59.58

Since Deal A has a higher expected dollar value ($64 vs $59.58), we should choose Deal A.",massA=1 massB=5.14e-05
p1,360,36,risk,0,98,227,0.47,1.0887,0,True,B,meta-llama/Llama-3.1-8B-Instruct,chat,riskneutral,1,0.9999,0.99998,0,answer,"To choose the option with the higher expected dollar value, we need to calculate the expected value for each option.

For Option A, the expected value is simply the payment amount since it's received with certainty:
Expected Value A = $98

For Option B, we need to calculate the expected value using the probabilities:
Expected Value B = ($227 * 0.47) + ($0 * 0.53)
Expected Value B = $106.09

Since $106.09 is greater than $98, the option with the higher expected dollar value is Option B.",massA=9.76e-05 massB=1
p1,254,25,risk,0,124,207,0.76,1.2687,2,True,B,meta-llama/Llama-3.1-8B-Instruct,chat,riskneutral,1,0.99997,0.99996,0,answer,"To determine the preferred alternative, we need to calculate the expected dollar value for each option.

For Alternative A, the expected dollar value is:
$124 (payoff) * 1 (probability) = $124

For Alternative B, the expected dollar value is:
($207 * 0.76) + ($0 * 0.24) = $156.72

Since $156.72 (expected value of Alternative B) is greater than $124 (expected value of Alternative A), the preferred alternative is",massA=2.8e-05 massB=1
p1,258,25,risk,0,124,207,0.76,1.2687,4,True,B,meta-llama/Llama-3.1-8B-Instruct,chat,riskneutral,1,0.99981,0.9999,0,answer,"To decide between the two deals, we need to calculate the expected dollar value of each option.

For Deal A, the expected dollar value is simply the payoff times the probability, which is $124 * 1 = $124.

For Deal B, the expected dollar value is calculated as follows:
- The payoff is $207 with a probability of 76%, so the contribution to the expected value is $207 * 0.76 = $157.32.
- The payoff is $0 with a probability of 24%, so the contribution to the expected value is $0 * 0.24 = $0.
The total expected dollar value for Deal B is $157.32.

Since $157.32 (Deal B) is greater than $124 (Deal A), the option with the higher expected dollar value is Deal B.",massA=0.000194 massB=1
p1,281,28,risk,0,132,181,0.76,1.0421,0,False,A,meta-llama/Llama-3.1-8B-Instruct,chat,riskneutral,1,0.99971,0.99994,0,answer,"To compute the expected dollar value of each option, we multiply the payoff by the probability and sum the results.

For Option A:
Expected value = ($181 * 0.76) + ($0 * 0.24)
Expected value = $137.36 + $0
Expected value = $137.36

For Option B:
Expected value = ($132 * 1)
Expected value = $132

Since $137.36 is greater than $132, the option with the higher expected dollar value is Option A.",massA=1 massB=0.000287
p1,260,26,risk,0,59,151,0.36,0.9214,0,True,B,meta-llama/Llama-3.1-8B-Instruct,chat,riskneutral,1,0.00014,0.99995,0,answer,"To choose the option with the higher expected dollar value, we need to calculate the expected value for each option.

For Option A, the expected value is simply the payment amount since it's received with certainty:
Expected Value A = $59

For Option B, we need to calculate the expected value by multiplying each payment amount by its probability and then summing these products:
Expected Value B = ($151 * 0.36) + ($0 * 0.64)
Expected Value B = $54.36 + $0
Expected Value B = $54.36

Since $59 (Expected Value A) is greater than $54.36 (Expected Value B), the option with the higher expected dollar value is Option A.",massA=1 massB=0.000136
p1,264,26,risk,0,59,151,0.36,0.9214,2,True,B,meta-llama/Llama-3.1-8B-Instruct,chat,riskneutral,1,0.00011,0.99995,0,answer,"To determine the preferred alternative, we need to calculate the expected dollar value for each option.

For Alternative A, the expected dollar value is:
Expected Value A = ($59) * (1) = $59

For Alternative B, the expected dollar value is:
Expected Value B = ($151) * (0.36) + ($0) * (0.64) = $54.36

Since $59 is greater than $54.36, the preferred alternative is the one with certainty.",massA=1 massB=0.000114
p1,286,28,risk,0,132,181,0.76,1.0421,3,True,B,meta-llama/Llama-3.1-8B-Instruct,chat,riskneutral,1,0.99973,0.99994,0,answer,"To choose the option with the higher expected dollar value, we need to calculate the expected value for each option.

For Payout A, the expected value is simply the payout amount since it's received with certainty:
Expected Value A = $132

For Payout B, we need to calculate the expected value using the probabilities:
Expected Value B = ($181 * 0.76) + ($0 * 0.24)
Expected Value B = $137.16

Since $137.16 is greater than $132, the option with the higher expected dollar value is Payout B.",massA=0.000274 massB=1
p1,252,25,risk,0,124,207,0.76,1.2687,1,True,B,meta-llama/Llama-3.1-8B-Instruct,chat,riskneutral,1,0.9999,0.99987,0,answer,"To compute the expected dollar value of each offer, we multiply the payoff by the probability and sum the results.

For Offer A, the expected dollar value is:
$124 (payoff) * 1 (probability) = $124

For Offer B, the expected dollar value is:
($207 * 0.76) + ($0 * 0.24) = $156.52

Since Offer B has a higher expected dollar value ($156.52 vs $124), we choose it.",massA=0.000104 massB=1
p1,330,33,risk,0,142,446,0.53,1.6646,0,True,B,meta-llama/Llama-3.1-8B-Instruct,chat,riskneutral,1,0.99987,0.99997,0,answer,"To choose the option with the higher expected dollar value, we need to calculate the expected value for each option.

For Option A, the expected value is simply the payment amount since it's received with certainty:
Expected Value A = $142

For Option B, we need to calculate the expected value by multiplying the payment amount by its probability and summing the results:
Expected Value B = ($446 * 0.53) + ($0 * 0.47)
Expected Value B = $236.18

Since $236.18 is greater than $142, the option with the higher expected dollar value is Option B.",massA=0.000131 massB=1
p1,317,31,risk,0,51,151,0.29,0.8586,3,False,A,meta-llama/Llama-3.1-8B-Instruct,chat,riskneutral,1,0.00031,0.99966,0,answer,"To choose the option with the higher expected dollar value, we need to calculate the expected value for each option.

For Payout A:
Expected value = (Payoff 1 * Probability 1) + (Payoff 2 * Probability 2)
Expected value = ($151 * 0.29) + ($0 * 0.71)
Expected value = $44.09

For Payout B:
Expected value = (Payoff * Probability)
Expected value = ($51 * 1)
Expected value = $51

Since $51 is greater than $44.09, the option with the higher expected dollar value is Payout B.",massA=0.000305 massB=0.999
p1,99,9,risk,0,49,153,0.26,0.8118,4,False,A,meta-llama/Llama-3.1-8B-Instruct,chat,riskneutral,1,0.00037,0.9999,0,answer,"To decide between the two deals, we need to calculate the expected dollar value of each deal.

For Deal A:
Expected value = (Payoff 1 * Probability 1) + (Payoff 2 * Probability 2)
Expected value = ($153 * 0.26) + ($0 * 0.74)
Expected value = $39.58 + $0
Expected value = $39.58

For Deal B:
Expected value = (Payoff * Probability)
Expected value = ($49 * 1)
Expected value = $49

Since $39.58 (Deal A) is less than $49 (Deal B), we should choose the deal with the higher expected dollar value.",massA=0.000374 massB=1
p1,308,30,risk,0,149,447,0.26,0.78,4,True,B,meta-llama/Llama-3.1-8B-Instruct,chat,riskneutral,1,8e-05,0.99993,0,answer,"To make a decision, we need to calculate the expected dollar value of each deal.

For Deal A, the expected dollar value is:
$149 (payoff) * 1 (probability) = $149

For Deal B, the expected dollar value is:
($447 * 0.26) + ($0 * 0.74) = $115.82

Since $149 is greater than $115.82, the expected dollar value of Deal A is higher.",massA=1 massB=8.09e-05
p1,350,35,risk,0,91,133,0.68,0.9938,0,True,B,meta-llama/Llama-3.1-8B-Instruct,chat,riskneutral,1,0.00017,0.99993,0,answer,"To choose the option with the higher expected dollar value, we need to calculate the expected value for each option.

For Option A, the expected value is simply the payment amount since it's received with certainty:
Expected Value A = $91

For Option B, we need to calculate the expected value by multiplying each payment amount by its probability and then summing these products:
Expected Value B = ($133 * 0.68) + ($0 * 0.32)
Expected Value B = $90.24 + $0
Expected Value B = $90.24

Since $91 (Option A) is greater than $90.24 (Option B), the option with the higher expected dollar value is Option A.",massA=1 massB=0.000171
p1,194,19,risk,0,64,122,0.49,0.9341,2,True,B,meta-llama/Llama-3.1-8B-Instruct,chat,riskneutral,1,0.00014,0.99994,0,answer,"To determine the preferred alternative, we need to calculate the expected dollar value of each option.

For Alternative A, the expected dollar value is:
Expected Value A = ($64) * (1) = $64

For Alternative B, the expected dollar value is:
Expected Value B = ($122) * (0.49) + ($0) * (0.51) = $59.78

Since $64 is greater than $59.78, the preferred alternative is the one with certainty.",massA=1 massB=0.000142
p1,39,3,risk,0,46,158,0.33,1.1335,4,False,A,meta-llama/Llama-3.1-8B-Instruct,chat,riskneutral,1,0.99996,0.99993,0,answer,"To decide between the two deals, we need to calculate the expected dollar value of each option.

For Deal A:
Expected value = (Payoff 1 * Probability 1) + (Payoff 2 * Probability 2)
Expected value = ($158 * 0.33) + ($0 * 0.67)
Expected value = $52.24 + $0
Expected value = $52.24

For Deal B:
Expected value = (Payoff * Probability)
Expected value = ($46 * 1)
Expected value = $46

Since $52.24 is greater than $46, the expected dollar value of Deal A is higher.",massA=1 massB=4.26e-05
p1,250,25,risk,0,124,207,0.76,1.2687,0,True,B,meta-llama/Llama-3.1-8B-Instruct,chat,riskneutral,1,0.9999,0.99996,0,answer,"To choose the option with the higher expected dollar value, we need to calculate the expected value for each option.

For Option A, the expected value is simply the payment amount since it's received with certainty:
Expected Value A = $124

For Option B, we need to calculate the expected value by multiplying the payment amount by its probability and summing the results:
Expected Value B = ($207 * 0.76) + ($0 * 0.24)
Expected Value B = $156.72 + $0
Expected Value B = $156.72

Since $156.72 is greater than $124, the option with the higher expected dollar value is Option B.",massA=9.76e-05 massB=1
p1,90,9,risk,0,49,153,0.26,0.8118,0,True,B,meta-llama/Llama-3.1-8B-Instruct,chat,riskneutral,1,0.00016,0.99994,0,answer,"To choose the option with the higher expected dollar value, we need to calculate the expected value for each option.

For Option A, the expected value is simply the payment amount since it's received with certainty:
Expected Value A = $49

For Option B, we need to calculate the expected value by multiplying each payment amount by its probability and then summing these products:
Expected Value B = ($153 * 0.26) + ($0 * 0.74)
Expected Value B = $39.78 + $0
Expected Value B = $39.78

Since $49 (Expected Value A) is greater than $39.78 (Expected Value B), the option with the higher expected dollar value is Option A.",massA=1 massB=0.000161
p1,48,4,risk,0,29,71,0.55,1.3466,4,True,B,meta-llama/Llama-3.1-8B-Instruct,chat,riskneutral,1,0.99992,0.99992,0,answer,"To make a decision, we need to calculate the expected dollar value of each deal.

For Deal A, the expected dollar value is:
Expected Value = (Payoff * Probability) = ($29 * 1) = $29

For Deal B, the expected dollar value is:
Expected Value = (Payoff * Probability) = ($71 * 0.55) + ($0 * 0.45) = $38.95

Since $38.95 is greater than $29, the expected dollar value of Deal B is higher.",massA=8.22e-05 massB=1
p1,251,25,risk,0,124,207,0.76,1.2687,0,False,A,meta-llama/Llama-3.1-8B-Instruct,chat,riskneutral,1,0.99962,0.99993,0,answer,"To compute the expected dollar value of each option, we multiply the payoff by the probability and sum the results.

For Option A:
Expected value = ($207 * 0.76) + ($0 * 0.24)
Expected value = $156.92 + $0
Expected value = $156.92

For Option B:
Expected value = ($124 * 1)
Expected value = $124

Since $156.92 is greater than $124, the option with the higher expected dollar value is Option A.",massA=1 massB=0.00038
p1,328,32,risk,0,131,236,0.57,1.0269,4,True,B,meta-llama/Llama-3.1-8B-Instruct,chat,riskneutral,1,0.99996,0.99992,0,answer,"To make a decision, we need to calculate the expected dollar value of each deal.

For Deal A, the expected dollar value is:
Expected Value = (Payoff * Probability) = ($131 * 1) = $131

For Deal B, the expected dollar value is:
Expected Value = (Payoff * Probability) = ($236 * 0.57) + ($0 * 0.43) = $134.72

Since Deal B has a higher expected dollar value, the decision is to choose Deal B.",massA=3.59e-05 massB=1
p1,261,26,risk,0,59,151,0.36,0.9214,0,False,A,meta-llama/Llama-3.1-8B-Instruct,chat,riskneutral,1,0.0001,0.99983,0,answer,"To compute the expected dollar value of each option, we multiply the payoff by the probability and sum the results.

For Option A:
Expected value = ($151 * 0.36) + ($0 * 0.64)
Expected value = $54.36 + $0
Expected value = $54.36

For Option B:
Expected value = ($59 * 1)
Expected value = $59

Since $59 is greater than $54.36, the option with the higher expected dollar value is Option B.",massA=0.000101 massB=1
p1,323,32,risk,0,131,236,0.57,1.0269,1,False,A,meta-llama/Llama-3.1-8B-Instruct,chat,riskneutral,1,0.99985,0.99994,0,answer,"To find the expected dollar value of each offer, we multiply the payoff by the probability and sum the results.

For Offer A:
Expected value = ($236 * 0.57) + ($0 * 0.43)
Expected value = $134.52 + $0
Expected value = $134.52

For Offer B:
Expected value = ($131 * 1)
Expected value = $131

Since $134.52 is greater than $131, the option with the higher expected dollar value is Offer A.",massA=1 massB=0.000151
p1,284,28,risk,0,132,181,0.76,1.0421,2,True,B,meta-llama/Llama-3.1-8B-Instruct,chat,riskneutral,1,0.99993,0.99997,0,answer,"To determine the preferred alternative, we need to calculate the expected dollar value for each option.

For Alternative A, the expected dollar value is:
Expected Value A = ($132) * (1) = $132

For Alternative B, the expected dollar value is:
Expected Value B = ($181) * (0.76) + ($0) * (0.24) = $137.36

Since $137.36 is greater than $132, the preferred alternative is",massA=6.5e-05 massB=1
p1,182,18,risk,0,41,61,0.58,0.8629,1,True,B,meta-llama/Llama-3.1-8B-Instruct,chat,riskneutral,1,8e-05,0.9999,0,answer,"To determine the expected dollar value of each offer, we need to multiply the payoff by the probability and sum the results.

For Offer A, the expected dollar value is:
$41 (payoff) * 1 (probability) = $41

For Offer B, the expected dollar value is:
($61 * 0.58) + ($0 * 0.42) = $35.58

Since Offer A has a higher expected dollar value ($41 vs $35.58), the choice is clear.",massA=1 massB=8.48e-05
p1,196,19,risk,0,64,122,0.49,0.9341,3,True,B,meta-llama/Llama-3.1-8B-Instruct,chat,riskneutral,1,9e-05,0.99991,0,answer,"To choose the option with the higher expected dollar value, we need to calculate the expected value of each option.

For Payout A, the expected value is simply the payout amount since it's received with certainty:
Expected Value A = $64

For Payout B, we need to calculate the expected value using the probabilities:
Expected Value B = ($122 * 0.49) + ($0 * 0.51)
Expected Value B = $59.58

Since $64 is greater than $59.58, the option with the higher expected dollar value is Payout A.",massA=1 massB=9.17e-05
p1,353,35,risk,0,91,133,0.68,0.9938,1,False,A,meta-llama/Llama-3.1-8B-Instruct,chat,riskneutral,1,0.00017,0.99989,0,answer,"To find the expected dollar value of each offer, we multiply the payoff by the probability and sum the results.

For Offer A:
Expected value = ($133 * 0.68) + ($0 * 0.32)
Expected value = $90.04 + $0
Expected value = $90.04

For Offer B:
Expected value = ($91 * 1)
Expected value = $91

Since $91 is greater than $90.04, we choose the option with the higher expected dollar value.",massA=0.000166 massB=1
p1,166,16,risk,0,139,234,0.6,1.0101,3,True,B,meta-llama/Llama-3.1-8B-Instruct,chat,riskneutral,1,0.99967,0.99994,0,answer,"To choose the option with the higher expected dollar value, we need to calculate the expected value for each option.

For Payout A, the expected value is simply the payout amount since it's received with certainty:
Expected Value A = $139

For Payout B, we need to calculate the expected value using the probabilities:
Expected Value B = ($234 * 0.6) + ($0 * 0.4)
Expected Value B = $140.40

Since $140.40 is greater than $139, the option with the higher expected dollar value is Payout B.",massA=0.000325 massB=1
p1,27,2,risk,0,162,661,0.26,1.0609,3,False,A,meta-llama/Llama-3.1-8B-Instruct,chat,riskneutral,1,0.99976,0.99983,0,answer,"To choose the option with the higher expected dollar value, we need to calculate the expected value for each option.

For Payout A:
Expected value = (Payoff 1 * Probability 1) + (Payoff 2 * Probability 2)
Expected value = ($661 * 0.26) + ($0 * 0.74)
Expected value = $170.66

For Payout B:
Expected value = Payoff * Probability
Expected value = $162 * 1
Expected value = $162

Since $170.66 is greater than $162, the option with the higher expected dollar value is Payout A.",massA=1 massB=0.000238
p1,114,11,risk,0,54,68,0.81,1.02,2,True,B,meta-llama/Llama-3.1-8B-Instruct,chat,riskneutral,1,0.99999,0.99996,0,answer,"To determine the preferred alternative, we need to calculate the expected dollar value for each option.

For Alternative A, the expected dollar value is:
Expected Value A = ($54) * (1) = $54

For Alternative B, the expected dollar value is:
Expected Value B = ($68) * (0.81) + ($0) * (0.19) = $54.88

Since the expected dollar value of Alternative B ($54.88) is higher than that of Alternative A ($54), the preferred alternative is",massA=9.08e-06 massB=1
p1,336,33,risk,0,142,446,0.53,1.6646,3,True,B,meta-llama/Llama-3.1-8B-Instruct,chat,riskneutral,1,0.99959,0.99994,0,answer,"To choose the option with the higher expected dollar value, we need to calculate the expected value for each option.

For Payout A, the expected value is simply the payout amount since it's received with certainty:
Expected Value A = $142

For Payout B, we need to calculate the expected value using the probabilities:
Expected Value B = ($446 * 0.53) + ($0 * 0.47)
Expected Value B = $236.58

Since $236.58 is greater than $142, the option with the higher expected dollar value is Payout B.",massA=0.000411 massB=1
p1,115,11,risk,0,54,68,0.81,1.02,2,False,A,meta-llama/Llama-3.1-8B-Instruct,chat,riskneutral,1,0.9999,0.9999,0,answer,"To compute the expected dollar value of each alternative, we multiply the payoff by the probability and sum the results.

For Alternative A:
Expected value = ($68 * 0.81) + ($0 * 0.19)
Expected value = $54.78 + $0
Expected value = $54.78

For Alternative B:
Expected value = ($54 * 1)
Expected value = $54

Since $54.78 is greater than $54, the expected dollar value of Alternative A is higher.",massA=1 massB=0.000101
p1,26,2,risk,0,162,661,0.26,1.0609,3,True,B,meta-llama/Llama-3.1-8B-Instruct,chat,riskneutral,1,0.99973,0.99993,0,answer,"To choose the option with the higher expected dollar value, we need to calculate the expected value for each option.

For Payout A, the expected value is simply the payout amount since it's received with certainty:
Expected Value A = $162

For Payout B, we need to calculate the expected value using the probabilities:
Expected Value B = ($661 * 0.26) + ($0 * 0.74)
Expected Value B = $170.66 + $0
Expected Value B = $170.66

Since $162 is less than $170.66, the option with the higher expected dollar value is Payout B.",massA=0.000274 massB=1
p1,262,26,risk,0,59,151,0.36,0.9214,1,True,B,meta-llama/Llama-3.1-8B-Instruct,chat,riskneutral,1,5e-05,0.99995,0,answer,"To determine the expected dollar value of each offer, we multiply the payoff by the probability for each outcome.

For Offer A: 
Expected value = $59 (certainty) = $59

For Offer B: 
Expected value = ($151 * 0.36) + ($0 * 0.64) = $54.36

Since Offer A has a higher expected dollar value ($59 vs $54.36), we choose it.",massA=1 massB=4.61e-05
p1,21,2,risk,0,162,661,0.26,1.0609,0,False,A,meta-llama/Llama-3.1-8B-Instruct,chat,riskneutral,1,0.99952,0.99994,0,answer,"To compute the expected dollar value of each option, we multiply the payoff by the probability and sum the results.

For Option A:
Expected value = ($661 * 0.26) + ($0 * 0.74)
Expected value = $170.66 + $0
Expected value = $170.66

For Option B:
Expected value = ($162 * 1)
Expected value = $162

Since $170.66 is greater than $162, the option with the higher expected dollar value is Option A.",massA=0.999 massB=0.00048
p1,334,33,risk,0,142,446,0.53,1.6646,2,True,B,meta-llama/Llama-3.1-8B-Instruct,chat,riskneutral,1,0.89331,0.99996,0,answer,"To determine the preferred alternative, we need to calculate the expected dollar value for each option.

For Alternative A, the expected dollar value is:
Expected Value A = (Payoff A) * (Probability A)
Expected Value A = $142 * 1
Expected Value A = $142

For Alternative B, the expected dollar value is:
Expected Value B = (Payoff B1) * (Probability B1) + (Payoff B2) * (Probability B2)
Expected Value B = $446 * 0.53 + $0 * 0.47
Expected Value B = $236.18

Since Alternative A has an expected dollar value of $142, which is lower than Alternative B's expected dollar value of $236.18, the preferred alternative is",massA=0.107 massB=0.893
p1,169,16,risk,0,139,234,0.6,1.0101,4,False,A,meta-llama/Llama-3.1-8B-Instruct,chat,riskneutral,1,0.99996,0.99994,0,answer,"To decide between the two deals, we need to calculate the expected dollar value of each option.

For Deal A:
Expected value = (Payoff 1 * Probability 1) + (Payoff 2 * Probability 2)
Expected value = ($234 * 0.6) + ($0 * 0.4)
Expected value = $140.4

For Deal B:
Expected value = (Payoff * Probability)
Expected value = ($139 * 1)
Expected value = $139

Since $140.4 is greater than $139, the expected dollar value of Deal A is higher.",massA=1 massB=3.94e-05
p1,339,33,risk,0,142,446,0.53,1.6646,4,False,A,meta-llama/Llama-3.1-8B-Instruct,chat,riskneutral,1,0.99997,0.99995,0,answer,"To decide between the two deals, we need to calculate the expected dollar value of each option.

For Deal A:
Expected value = (Payoff 1 * Probability 1) + (Payoff 2 * Probability 2)
Expected value = ($446 * 0.53) + ($0 * 0.47)
Expected value = $236.18

For Deal B:
Expected value = (Payoff * Probability)
Expected value = ($142 * 1)
Expected value = $142

Since $236.18 is greater than $142, the expected dollar value of Deal A is higher.",massA=1 massB=3.22e-05
p1,94,9,risk,0,49,153,0.26,0.8118,2,True,B,meta-llama/Llama-3.1-8B-Instruct,chat,riskneutral,1,0.00014,0.99994,0,answer,"To determine the preferred alternative, we need to calculate the expected dollar value for each option.

For Alternative A, the expected dollar value is:
Expected Value A = ($49) * (1) = $49

For Alternative B, the expected dollar value is:
Expected Value B = ($153) * (0.26) + ($0) * (0.74) = $39.58

Since $49 is greater than $39.58, the preferred alternative is the one with certainty.",massA=1 massB=0.000136
p1,183,18,risk,0,41,61,0.58,0.8629,1,False,A,meta-llama/Llama-3.1-8B-Instruct,chat,riskneutral,1,0.00018,0.99987,0,answer,"To find the expected dollar value of each offer, we multiply the payoff by the probability and sum the results.

For Offer A:
Expected value = ($61 * 0.58) + ($0 * 0.42)
Expected value = $35.58 + $0
Expected value = $35.58

For Offer B:
Expected value = ($41 * 1)
Expected value = $41

Since $41 is greater than $35.58, we choose the option with the higher expected dollar value.",massA=0.000182 massB=1
p1,333,33,risk,0,142,446,0.53,1.6646,1,False,A,meta-llama/Llama-3.1-8B-Instruct,chat,riskneutral,1,0.9998,0.99993,0,answer,"To find the expected dollar value of each offer, we multiply the payoff by the probability and sum the results.

For Offer A:
Expected value = ($446 * 0.53) + ($0 * 0.47)
Expected value = $236.18 + $0
Expected value = $236.18

For Offer B:
Expected value = ($142 * 1)
Expected value = $142

Since $236.18 is greater than $142, the option with the higher expected dollar value is Offer A.",massA=1 massB=0.000203
p1,316,31,risk,0,51,151,0.29,0.8586,3,True,B,meta-llama/Llama-3.1-8B-Instruct,chat,riskneutral,1,0.00012,0.99993,0,answer,"To choose the option with the higher expected dollar value, we need to calculate the expected value for each option.

For Payout A, the expected value is simply the payout amount since it's received with certainty:
Expected Value A = $51

For Payout B, we need to calculate the expected value using the probabilities:
Expected Value B = ($151 * 0.29) + ($0 * 0.71)
Expected Value B = $44.09

Since $51 is greater than $44.09, the option with the higher expected dollar value is Payout A.",massA=1 massB=0.000121
p1,322,32,risk,0,131,236,0.57,1.0269,1,True,B,meta-llama/Llama-3.1-8B-Instruct,chat,riskneutral,1,0.99999,0.99998,0,answer,"To determine the expected dollar value of each offer, we multiply the payoff by the probability for each outcome.

For Offer A: 
Expected value = $131 * 1 = $131

For Offer B: 
Expected value = ($236 * 0.57) + ($0 * 0.43) = $134.72

Since Offer B has a higher expected dollar value, the answer is",massA=7.07e-06 massB=1
p1,62,6,risk,0,94,101,0.71,0.7629,1,True,B,meta-llama/Llama-3.1-8B-Instruct,chat,riskneutral,1,0.00025,0.99991,0,answer,"To compute the expected dollar value of each offer, we multiply the payoff by the probability and sum the results.

For Offer A, the expected dollar value is:
$94 (payoff) * 1 (probability) = $94

For Offer B, the expected dollar value is:
($101 * 0.71) + ($0 * 0.29) = $71.21

Since $94 is greater than $71.21, we choose the option with the higher expected dollar value.",massA=1 massB=0.000253
p1,263,26,risk,0,59,151,0.36,0.9214,1,False,A,meta-llama/Llama-3.1-8B-Instruct,chat,riskneutral,1,0.00018,0.99987,0,answer,"To find the expected dollar value of each offer, we multiply the payoff by the probability and sum the results.

For Offer A:
Expected value = ($151 * 0.36) + ($0 * 0.64)
Expected value = $54.36 + $0
Expected value = $54.36

For Offer B:
Expected value = ($59 * 1)
Expected value = $59

Since $59 is greater than $54.36, we choose the option with the higher expected dollar value.",massA=0.000182 massB=1
p1,160,16,risk,0,139,234,0.6,1.0101,0,True,B,meta-llama/Llama-3.1-8B-Instruct,chat,riskneutral,1,0.99994,0.99996,0,answer,"To choose the option with the higher expected dollar value, we need to calculate the expected value for each option.

For Option A, the expected value is simply the payment amount since it's received with certainty:
Expected Value A = $139

For Option B, we need to calculate the expected value by multiplying each payment amount by its probability and then summing these products:
Expected Value B = ($234 * 0.6) + ($0 * 0.4)
Expected Value B = $140.4 + $0
Expected Value B = $140.4

Since $140.4 is greater than $139, the option with the higher expected dollar value is Option B.",massA=6.11e-05 massB=1
p1,112,11,risk,0,54,68,0.81,1.02,1,True,B,meta-llama/Llama-3.1-8B-Instruct,chat,riskneutral,1,0.99999,0.99997,0,answer,"To determine the expected dollar value of each offer, we need to multiply the payoff by the probability and sum the results.

For Offer A, the expected dollar value is:
$54 (payoff) * 1 (probability) = $54

For Offer B, the expected dollar value is:
($68 * 0.81) + ($0 * 0.19) = $54.88

Since Offer B has a higher expected dollar value, the answer is",massA=7.07e-06 massB=1
p1,38,3,risk,0,46,158,0.33,1.1335,4,True,B,meta-llama/Llama-3.1-8B-Instruct,chat,riskneutral,1,0.99993,0.99992,0,answer,"To make a decision, we need to calculate the expected dollar value of each deal.

For Deal A, the expected dollar value is:
Expected Value = (Payoff * Probability) = ($46 * 1) = $46

For Deal B, the expected dollar value is:
Expected Value = (Payoff * Probability) = ($158 * 0.33) + ($0 * 0.67) = $52.14

Since Deal B has a higher expected dollar value ($52.14 vs $46), we should choose Deal B.",massA=6.71e-05 massB=1
p1,318,31,risk,0,51,151,0.29,0.8586,4,True,B,meta-llama/Llama-3.1-8B-Instruct,chat,riskneutral,1,9e-05,0.99995,0,answer,"To make a decision, we need to calculate the expected dollar value of each deal.

For Deal A, the expected dollar value is:
Expected Value = (Payoff * Probability) = ($51 * 1) = $51

For Deal B, the expected dollar value is:
Expected Value = (Payoff * Probability) = ($151 * 0.29) + ($0 * 0.71) = $43.99

Since $51 is greater than $43.99, the expected dollar value of Deal A is higher.",massA=1 massB=9.46e-05
p1,96,9,risk,0,49,153,0.26,0.8118,3,True,B,meta-llama/Llama-3.1-8B-Instruct,chat,riskneutral,1,0.00013,0.99991,0,answer,"To choose the option with the higher expected dollar value, we need to calculate the expected value for each option.

For Payout A, the expected value is:
Expected Value A = $49 (payoff) * 1 (probability) = $49

For Payout B, the expected value is:
Expected Value B = ($153 * 0.26) + ($0 * 0.74) = $39.58

Since $49 is greater than $39.58, the option with the higher expected dollar value is Payout A.",massA=1 massB=0.000133
p1,28,2,risk,0,162,661,0.26,1.0609,4,True,B,meta-llama/Llama-3.1-8B-Instruct,chat,riskneutral,1,0.99997,0.99995,0,answer,"To decide between the two deals, we need to calculate the expected dollar value of each option.

For Deal A, the expected dollar value is simply the payoff times the probability, which is $162 * 1 = $162.

For Deal B, the expected dollar value is calculated as follows:
- The payoff is $661 with a 26% probability, so the contribution to the expected value is $661 * 0.26 = $171.26.
- The payoff is $0 with a 74% probability, so the contribution to the expected value is $0 * 0.74 = $0.
- The total expected dollar value for Deal B is $171.26.

Now, we compare the expected dollar values of the two deals:
Deal A: $162
Deal B: $171.26

Since Deal B has a higher expected dollar value, the decision is to choose Deal B.",massA=3.27e-05 massB=1
p1,111,11,risk,0,54,68,0.81,1.02,0,False,A,meta-llama/Llama-3.1-8B-Instruct,chat,riskneutral,1,0.99953,0.99992,0,answer,"To compute the expected dollar value of each option, we multiply the payoff by the probability and sum the results.

For Option A:
Expected value = ($68 * 0.81) + ($0 * 0.19)
Expected value = $54.78 + $0
Expected value = $54.78

For Option B:
Expected value = ($54 * 1)
Expected value = $54

Since $54.78 is greater than $54, the option with the higher expected dollar value is Option A.",massA=0.999 massB=0.000465
p1,40,4,risk,0,29,71,0.55,1.3466,0,True,B,meta-llama/Llama-3.1-8B-Instruct,chat,riskneutral,1,0.99982,0.99996,0,answer,"To choose the option with the higher expected dollar value, we need to calculate the expected value for each option.

For Option A, the expected value is simply the certain payment:
Expected Value A = $29

For Option B, we need to calculate the expected value using the probabilities:
Expected Value B = ($71 * 0.55) + ($0 * 0.45)
Expected Value B = $38.95 + $0
Expected Value B = $38.95

Since $38.95 is greater than $29, the option with the higher expected dollar value is Option B.",massA=0.000177 massB=1
p1,118,11,risk,0,54,68,0.81,1.02,4,True,B,meta-llama/Llama-3.1-8B-Instruct,chat,riskneutral,1,0.99995,0.99991,0,answer,"To decide between the two deals, we need to calculate the expected dollar value of each option.

For Deal A, the expected dollar value is simply the payoff times the probability, which is $54 * 1 = $54.

For Deal B, the expected dollar value is calculated as follows:
- The payoff is $68 with 81% probability, so the contribution to the expected value is $68 * 0.81 = $54.88.
- The payoff is $0 with 19% probability, so the contribution to the expected value is $0 * 0.19 = $0.
- The total expected dollar value for Deal B is $54.88 + $0 = $54.88.

Since $54.88 is greater than $54, the expected dollar value of Deal B is higher.",massA=5.31e-05 massB=1
p1,95,9,risk,0,49,153,0.26,0.8118,2,False,A,meta-llama/Llama-3.1-8B-Instruct,chat,riskneutral,1,7e-05,0.99989,0,answer,"To compute the expected dollar value of each alternative, we multiply the payoff by the probability and sum the results.

For Alternative A:
Expected value = ($153 * 0.26) + ($0 * 0.74)
Expected value = $39.58 + $0
Expected value = $39.58

For Alternative B:
Expected value = ($49 * 1)
Expected value = $49

Since $49 is greater than $39.58, I would choose Alternative B.",massA=7.14e-05 massB=1
p1,33,3,risk,0,46,158,0.33,1.1335,1,False,A,meta-llama/Llama-3.1-8B-Instruct,chat,riskneutral,1,0.99976,0.99993,0,answer,"To compute the expected dollar value of each offer, we multiply the payoff by the probability and sum the results.

For Offer A:
Expected value = ($158 * 0.33) + ($0 * 0.67)
Expected value = $52.04 + $0
Expected value = $52.04

For Offer B:
Expected value = ($46 * 1)
Expected value = $46

Since $52.04 is greater than $46, the option with the higher expected dollar value is Offer A.",massA=1 massB=0.000242
p1,321,32,risk,0,131,236,0.57,1.0269,0,False,A,meta-llama/Llama-3.1-8B-Instruct,chat,riskneutral,1,0.99973,0.99994,0,answer,"To compute the expected dollar value of each option, we multiply the payoff by the probability and sum the results.

For Option A:
Expected value = ($236 * 0.57) + ($0 * 0.43)
Expected value = $134.52 + $0
Expected value = $134.52

For Option B:
Expected value = ($131 * 1)
Expected value = $131

Since $134.52 is greater than $131, the option with the higher expected dollar value is Option A.",massA=1 massB=0.000269
p1,91,9,risk,0,49,153,0.26,0.8118,0,False,A,meta-llama/Llama-3.1-8B-Instruct,chat,riskneutral,1,0.00018,0.99983,0,answer,"To compute the expected dollar value of each option, we multiply the payoff by the probability and sum the results.

For Option A:
Expected value = ($153 * 0.26) + ($0 * 0.74)
Expected value = $39.58 + $0
Expected value = $39.58

For Option B:
Expected value = ($49 * 1)
Expected value = $49

Since $49 is greater than $39.58, the option with the higher expected dollar value is Option B.",massA=0.000182 massB=1
p1,86,8,risk,0,62,263,0.33,1.3998,3,True,B,meta-llama/Llama-3.1-8B-Instruct,chat,riskneutral,1,0.9993,0.99991,0,answer,"To choose the option with the higher expected dollar value, we need to calculate the expected value for each option.

For Payout A, the expected value is simply the payout amount since it's received with certainty:
Expected Value A = $62

For Payout B, we need to calculate the expected value using the probabilities:
Expected Value B = ($263 * 0.33) + ($0 * 0.67)
Expected Value B = $86.59 + $0
Expected Value B = $86.59

Since $86.59 is greater than $62, the option with the higher expected dollar value is Payout B.",massA=0.000699 massB=0.999
p1,25,2,risk,0,162,661,0.26,1.0609,2,False,A,meta-llama/Llama-3.1-8B-Instruct,chat,riskneutral,1,0.99971,0.99993,0,answer,"To compute the expected dollar value of each alternative, we multiply the payoff by the probability and sum the results.

For Alternative A:
Expected value = ($661 * 0.26) + ($0 * 0.74)
Expected value = $170.66 + $0
Expected value = $170.66

For Alternative B:
Expected value = ($162 * 1)
Expected value = $162

Since $170.66 is greater than $162, the alternative with the higher expected dollar value is Alternative A.",massA=1 massB=0.000291
p1,197,19,risk,0,64,122,0.49,0.9341,3,False,A,meta-llama/Llama-3.1-8B-Instruct,chat,riskneutral,1,0.00022,0.99968,0,answer,"To choose the option with the higher expected dollar value, we need to calculate the expected value for each option.

For Payout A:
Expected value = (Payoff 1 * Probability 1) + (Payoff 2 * Probability 2)
Expected value = ($122 * 0.49) + ($0 * 0.51)
Expected value = $59.78

For Payout B:
Expected value = (Payoff * Probability)
Expected value = ($64 * 1)
Expected value = $64

Since $64 is greater than $59.78, the option with the higher expected dollar value is Payout B.",massA=0.000223 massB=0.999
p1,185,18,risk,0,41,61,0.58,0.8629,2,False,A,meta-llama/Llama-3.1-8B-Instruct,chat,riskneutral,1,7e-05,0.99986,0,answer,"To compute the expected dollar value of each alternative, we multiply the payoff by the probability and sum the results.

For Alternative A:
Expected value = ($61 * 0.58) + ($0 * 0.42)
Expected value = $35.58 + $0
Expected value = $35.58

For Alternative B:
Expected value = ($41 * 1)
Expected value = $41

Since $41 is greater than $35.58, I would choose Alternative B.",massA=7.03e-05 massB=1
p1,92,9,risk,0,49,153,0.26,0.8118,1,True,B,meta-llama/Llama-3.1-8B-Instruct,chat,riskneutral,1,0.00029,0.99988,0,answer,"To determine the expected dollar value of each offer, we multiply the payoff by the probability for each outcome.

For Offer A: 
Expected value = $49 (payoff) * 1 (probability) = $49

For Offer B: 
Expected value = ($153 * 0.26) + ($0 * 0.74) = $39.78

Since Offer A has an expected value of $49, which is higher than Offer B's expected value of $39.78, we choose the option with the higher expected dollar value.",massA=1 massB=0.000287
p1,243,24,risk,0,168,214,0.76,0.9681,1,False,A,meta-llama/Llama-3.1-8B-Instruct,chat,riskneutral,1,0.00019,0.99977,0,answer,"To compute the expected dollar value of each offer, we multiply the payoff by the probability and sum the results.

For Offer A:
Expected value = ($214 * 0.76) + ($0 * 0.24)
Expected value = $162.44 + $0
Expected value = $162.44

For Offer B:
Expected value = ($168 * 1)
Expected value = $168

Since $162.44 is less than $168, Offer B has a higher expected dollar value.",massA=0.000191 massB=1
p1,253,25,risk,0,124,207,0.76,1.2687,1,False,A,meta-llama/Llama-3.1-8B-Instruct,chat,riskneutral,1,0.99974,0.99992,0,answer,"To compute the expected dollar value of each offer, we multiply the payoff by the probability and sum the results.

For Offer A:
Expected value = ($207 * 0.76) + ($0 * 0.24)
Expected value = $156.92 + $0
Expected value = $156.92

For Offer B:
Expected value = ($124 * 1)
Expected value = $124

Since $156.92 is greater than $124, the option with the higher expected dollar value is Offer A.",massA=1 massB=0.000257
p1,352,35,risk,0,91,133,0.68,0.9938,1,True,B,meta-llama/Llama-3.1-8B-Instruct,chat,riskneutral,1,8e-05,0.99989,0,answer,"To determine the expected dollar value of each offer, we need to multiply the payoff by the probability and sum the results.

For Offer A, the expected dollar value is:
$91 (payoff) * 1 (probability) = $91

For Offer B, the expected dollar value is:
($133 * 0.68) + ($0 * 0.32) = $90.24

Since Offer A has a higher expected dollar value ($91 vs $90.24), the choice is clear.",massA=1 massB=8.48e-05
p1,303,30,risk,0,149,447,0.26,0.78,1,False,A,meta-llama/Llama-3.1-8B-Instruct,chat,riskneutral,1,0.0001,0.99991,0,answer,"To find the expected dollar value of each offer, we multiply the payoff by the probability and sum the results.

For Offer A:
Expected value = ($447 * 0.26) + ($0 * 0.74)
Expected value = $115.72 + $0
Expected value = $115.72

For Offer B:
Expected value = ($149 * 1)
Expected value = $149

Since $149 is greater than $115.72, we choose the option with the higher expected dollar value.",massA=9.76e-05 massB=1
p1,84,8,risk,0,62,263,0.33,1.3998,2,True,B,meta-llama/Llama-3.1-8B-Instruct,chat,riskneutral,1,0.99991,0.99996,0,answer,"To determine the preferred alternative, we need to calculate the expected dollar value for each option.

For Alternative A, the expected dollar value is:
Expected Value A = ($62) * (1) = $62

For Alternative B, the expected dollar value is:
Expected Value B = ($263) * (0.33) + ($0) * (0.67) = $86.59

Since $86.59 (Expected Value B) is greater than $62 (Expected Value A), the preferred alternative is",massA=9.03e-05 massB=1
p1,365,36,risk,0,98,227,0.47,1.0887,2,False,A,meta-llama/Llama-3.1-8B-Instruct,chat,riskneutral,1,0.99974,0.99994,0,answer,"To compute the expected dollar value of each alternative, we multiply the payoff by the probability and sum the results.

For Alternative A:
Expected value = ($227 * 0.47) + ($0 * 0.53)
Expected value = $106.09 + $0
Expected value = $106.09

For Alternative B:
Expected value = ($98 * 1)
Expected value = $98

Since $106.09 is greater than $98, the alternative with the higher expected dollar value is Alternative A.",massA=1 massB=0.000261
p1,369,36,risk,0,98,227,0.47,1.0887,4,False,A,meta-llama/Llama-3.1-8B-Instruct,chat,riskneutral,1,0.99996,0.99995,0,answer,"To decide between the two deals, we need to calculate the expected dollar value of each option.

For Deal A:
Expected value = (Payoff 1 * Probability 1) + (Payoff 2 * Probability 2)
Expected value = ($227 * 0.47) + ($0 * 0.53)
Expected value = $106.09

For Deal B:
Expected value = (Payoff * Probability)
Expected value = ($98 * 1)
Expected value = $98

Since $106.09 is greater than $98, the expected dollar value of Deal A is higher.",massA=1 massB=4.07e-05
p1,113,11,risk,0,54,68,0.81,1.02,1,False,A,meta-llama/Llama-3.1-8B-Instruct,chat,riskneutral,1,0.99978,0.99986,0,answer,"To compute the expected dollar value of each offer, we multiply the payoff by the probability and sum the results.

For Offer A:
Expected value = ($68 * 0.81) + ($0 * 0.19)
Expected value = $54.78 + $0
Expected value = $54.78

For Offer B:
Expected value = ($54 * 1)
Expected value = $54

Since Offer A has a higher expected dollar value ($54.78 vs $54), we choose Offer A.",massA=1 massB=0.000217
p1,186,18,risk,0,41,61,0.58,0.8629,3,True,B,meta-llama/Llama-3.1-8B-Instruct,chat,riskneutral,1,0.00017,0.99989,0,answer,"To choose the option with the higher expected dollar value, we need to calculate the expected value for each option.

For Payout A, the expected value is simply the payout amount since it's received with certainty:
Expected Value A = $41

For Payout B, we need to calculate the expected value using the probabilities:
Expected Value B = ($61 * 0.58) + ($0 * 0.42)
Expected Value B = $35.58 + $0
Expected Value B = $35.58

Since $41 (Expected Value A) is greater than $35.58 (Expected Value B), the option with the higher expected dollar value is Payout A.",massA=1 massB=0.000169
p1,313,31,risk,0,51,151,0.29,0.8586,1,False,A,meta-llama/Llama-3.1-8B-Instruct,chat,riskneutral,1,0.00024,0.99979,0,answer,"To find the expected dollar value of each offer, we multiply the payoff by the probability and sum the results.

For Offer A:
Expected value = ($151 * 0.29) + ($0 * 0.71)
Expected value = $44.09 + $0
Expected value = $44.09

For Offer B:
Expected value = ($51 * 1)
Expected value = $51

Since $44.09 is less than $51, Offer B has a higher expected dollar value.",massA=0.000242 massB=1
p1,181,18,risk,0,41,61,0.58,0.8629,0,False,A,meta-llama/Llama-3.1-8B-Instruct,chat,riskneutral,1,0.00017,0.99979,0,answer,"To compute the expected dollar value of each option, we multiply the payoff by the probability and sum the results.

For Option A:
Expected value = ($61 * 0.58) + ($0 * 0.42)
Expected value = $35.48 + $0
Expected value = $35.48

For Option B:
Expected value = ($41 * 1)
Expected value = $41

Since $41 is greater than $35.48, the option with the higher expected dollar value is Option B.",massA=0.000169 massB=1
p1,244,24,risk,0,168,214,0.76,0.9681,2,True,B,meta-llama/Llama-3.1-8B-Instruct,chat,riskneutral,1,7e-05,0.99994,0,answer,"To determine the preferred alternative, we need to calculate the expected dollar value for each option.

For Alternative A, the expected dollar value is:
Expected Value A = (Payoff A) * (Probability A)
Expected Value A = $168 * 1
Expected Value A = $168

For Alternative B, the expected dollar value is:
Expected Value B = (Payoff B1) * (Probability B1) + (Payoff B2) * (Probability B2)
Expected Value B = $214 * 0.76 + $0 * 0.24
Expected Value B = $162.24

Since Alternative A has a higher expected dollar value ($168 vs $162.24), the preferred alternative is",massA=1 massB=6.6e-05
p1,165,16,risk,0,139,234,0.6,1.0101,2,False,A,meta-llama/Llama-3.1-8B-Instruct,chat,riskneutral,1,0.99973,0.99993,0,answer,"To compute the expected dollar value of each alternative, we multiply the payoff by the probability and sum the results.

For Alternative A:
Expected value = ($234 * 0.6) + ($0 * 0.4)
Expected value = $140.4 + $0
Expected value = $140.4

For Alternative B:
Expected value = ($139 * 1)
Expected value = $139

Since $140.4 is greater than $139, the alternative with the higher expected dollar value is Alternative A.",massA=1 massB=0.000269
p1,361,36,risk,0,98,227,0.47,1.0887,0,False,A,meta-llama/Llama-3.1-8B-Instruct,chat,riskneutral,1,0.9996,0.99994,0,answer,"To compute the expected dollar value of each option, we multiply the payoff by the probability and sum the results.

For Option A:
Expected value = ($227 * 0.47) + ($0 * 0.53)
Expected value = $106.09 + $0
Expected value = $106.09

For Option B:
Expected value = ($98 * 1)
Expected value = $98

Since $106.09 is greater than $98, the option with the higher expected dollar value is Option A.",massA=1 massB=0.000398
p1,30,3,risk,0,46,158,0.33,1.1335,0,True,B,meta-llama/Llama-3.1-8B-Instruct,chat,riskneutral,1,0.99979,0.99996,0,answer,"To choose the option with the higher expected dollar value, we need to calculate the expected value for each option.

For Option A, the expected value is simply the certain payment:
Expected Value A = $46

For Option B, we need to calculate the expected value using the probabilities:
Expected Value B = ($158 * 0.33) + ($0 * 0.67)
Expected Value B = $52.34 + $0
Expected Value B = $52.34

Since $52.34 is greater than $46, the option with the higher expected dollar value is Option B.",massA=0.00021 massB=1
p1,119,11,risk,0,54,68,0.81,1.02,4,False,A,meta-llama/Llama-3.1-8B-Instruct,chat,riskneutral,1,0.9999,0.99989,0,answer,"To decide between the two deals, we need to calculate the expected dollar value of each option.

For Deal A:
Expected value = (Payoff 1 * Probability 1) + (Payoff 2 * Probability 2)
Expected value = ($68 * 0.81) + ($0 * 0.19)
Expected value = $54.88 + $0
Expected value = $54.88

For Deal B:
Expected value = (Payoff * Probability)
Expected value = ($54 * 1)
Expected value = $54

Since $54.88 is greater than $54, the expected dollar value of Deal A is higher.",massA=1 massB=0.000104
p1,257,25,risk,0,124,207,0.76,1.2687,3,False,A,meta-llama/Llama-3.1-8B-Instruct,chat,riskneutral,1,0.99982,0.99988,0,answer,"To choose the option with the higher expected dollar value, we need to calculate the expected value for each option.

For Payout A:
Expected value = (Payoff * Probability) + (0 * Probability)
Expected value = ($207 * 0.76) + ($0 * 0.24)
Expected value = $156.92

For Payout B:
Expected value = (Payoff * Probability)
Expected value = ($124 * 1)
Expected value = $124

Since $156.92 is greater than $124, the option with the higher expected dollar value is Payout A.",massA=1 massB=0.000182
p1,255,25,risk,0,124,207,0.76,1.2687,2,False,A,meta-llama/Llama-3.1-8B-Instruct,chat,riskneutral,1,0.99975,0.99993,0,answer,"To compute the expected dollar value of each alternative, we multiply the payoff by the probability and sum the results.

For Alternative A:
Expected value = ($207 * 0.76) + ($0 * 0.24)
Expected value = $156.92 + $0
Expected value = $156.92

For Alternative B:
Expected value = ($124 * 1)
Expected value = $124

Since $156.92 is greater than $124, the alternative with the higher expected dollar value is Alternative A.",massA=1 massB=0.000245
p1,310,31,risk,0,51,151,0.29,0.8586,0,True,B,meta-llama/Llama-3.1-8B-Instruct,chat,riskneutral,1,0.00019,0.99993,0,answer,"To choose the option with the higher expected dollar value, we need to calculate the expected value for each option.

For Option A, the expected value is simply the payment amount since it's received with certainty:
Expected Value A = $51

For Option B, we need to calculate the expected value by multiplying each payment amount by its probability and then summing these products:
Expected Value B = ($151 * 0.29) + ($0 * 0.71)
Expected Value B = $44.09 + $0
Expected Value B = $44.09

Since $51 (Expected Value A) is greater than $44.09 (Expected Value B), the option with the higher expected dollar value is Option A.",massA=1 massB=0.000185
p1,43,4,risk,0,29,71,0.55,1.3466,1,False,A,meta-llama/Llama-3.1-8B-Instruct,chat,riskneutral,1,0.99981,0.99993,0,answer,"To find the expected dollar value of each offer, we multiply the payoff by the probability and sum the results.

For Offer A:
Expected value = ($71 * 0.55) + ($0 * 0.45)
Expected value = $38.95 + $0
Expected value = $38.95

For Offer B:
Expected value = ($29 * 1)
Expected value = $29

Since $38.95 is greater than $29, the option with the higher expected dollar value is Offer A.",massA=1 massB=0.000191
p1,83,8,risk,0,62,263,0.33,1.3998,1,False,A,meta-llama/Llama-3.1-8B-Instruct,chat,riskneutral,1,0.99977,0.99994,0,answer,"To find the expected dollar value of each offer, we multiply the payoff by the probability and sum the results.

For Offer A:
Expected value = ($263 * 0.33) + ($0 * 0.67)
Expected value = $86.59 + $0
Expected value = $86.59

For Offer B:
Expected value = ($62 * 1)
Expected value = $62

Since $86.59 is greater than $62, the option with the higher expected dollar value is Offer A.",massA=1 massB=0.000234
p1,307,30,risk,0,149,447,0.26,0.78,3,False,A,meta-llama/Llama-3.1-8B-Instruct,chat,riskneutral,1,0.00019,0.99971,0,answer,"To choose the option with the higher expected dollar value, we need to calculate the expected value for each option.

For Payout A:
Expected value = (Payoff 1 * Probability 1) + (Payoff 2 * Probability 2)
Expected value = ($447 * 0.26) + ($0 * 0.74)
Expected value = $115.82 + $0
Expected value = $115.82

For Payout B:
Expected value = (Payoff * Probability)
Expected value = ($149 * 1)
Expected value = $149

Since $149 is greater than $115.82, the option with the higher expected dollar value is Payout B.",massA=0.000185 massB=1
p1,325,32,risk,0,131,236,0.57,1.0269,2,False,A,meta-llama/Llama-3.1-8B-Instruct,chat,riskneutral,1,0.99985,0.99994,0,answer,"To compute the expected dollar value of each alternative, we multiply the payoff by the probability and sum the results.

For Alternative A:
Expected value = ($236 * 0.57) + ($0 * 0.43)
Expected value = $134.52 + $0
Expected value = $134.52

For Alternative B:
Expected value = ($131 * 1)
Expected value = $131

Since $134.52 is greater than $131, the alternative with the higher expected dollar value is Alternative A.",massA=1 massB=0.000154
p1,306,30,risk,0,149,447,0.26,0.78,3,True,B,meta-llama/Llama-3.1-8B-Instruct,chat,riskneutral,1,0.00012,0.99989,0,answer,"To choose the option with the higher expected dollar value, we need to calculate the expected value for each option.

For Payout A, the expected value is simply the payout amount since it's received with certainty:
Expected Value A = $149

For Payout B, we need to calculate the expected value using the probabilities:
Expected Value B = ($447 * 0.26) + ($0 * 0.74)
Expected Value B = $115.82 + $0
Expected Value B = $115.82

Since $149 is greater than $115.82, the option with the higher expected dollar value is Payout A.",massA=1 massB=0.000121
p1,89,8,risk,0,62,263,0.33,1.3998,4,False,A,meta-llama/Llama-3.1-8B-Instruct,chat,riskneutral,1,0.99995,0.99994,0,answer,"To decide between the two deals, we need to calculate the expected dollar value of each option.

For Deal A:
Expected value = (Payoff 1 * Probability 1) + (Payoff 2 * Probability 2)
Expected value = ($263 * 0.33) + ($0 * 0.67)
Expected value = $86.59 + $0
Expected value = $86.59

For Deal B:
Expected value = (Payoff * Probability)
Expected value = ($62 * 1)
Expected value = $62

Since $86.59 is greater than $62, the expected dollar value of Deal A is higher.",massA=1 massB=4.83e-05
p1,362,36,risk,0,98,227,0.47,1.0887,1,True,B,meta-llama/Llama-3.1-8B-Instruct,chat,riskneutral,1,0.99992,0.9999,0,answer,"To determine the expected dollar value of each offer, we multiply the payoff by the probability for each outcome.

For Offer A: 
Expected value = $98 * 1 = $98

For Offer B: 
Expected value = ($227 * 0.47) + ($0 * 0.53) = $106.09

Since Offer B has a higher expected dollar value ($106.09 vs $98), we choose it.",massA=8.09e-05 massB=1
p1,22,2,risk,0,162,661,0.26,1.0609,1,True,B,meta-llama/Llama-3.1-8B-Instruct,chat,riskneutral,1,0.99998,0.99997,0,answer,"To determine the expected dollar value of each offer, we need to multiply the payoff by the probability and sum the results.

For Offer A, the expected dollar value is:
$162 (payoff) * 1 (probability) = $162

For Offer B, the expected dollar value is:
($661 * 0.26) + ($0 * 0.74) = $170.66

Since Offer B has a higher expected dollar value, the answer is",massA=1.64e-05 massB=1
p1,324,32,risk,0,131,236,0.57,1.0269,2,True,B,meta-llama/Llama-3.1-8B-Instruct,chat,riskneutral,1,0.99999,0.99996,0,answer,"To determine the preferred alternative, we need to calculate the expected dollar value for each option.

For Alternative A, the expected dollar value is:
Expected Value A = ($131) * (1) = $131

For Alternative B, the expected dollar value is:
Expected Value B = ($236) * (0.57) + ($0) * (0.43) = $134.72

Since the expected dollar value of Alternative B ($134.72) is higher than that of Alternative A ($131), the preferred alternative is",massA=1.32e-05 massB=1
p1,187,18,risk,0,41,61,0.58,0.8629,3,False,A,meta-llama/Llama-3.1-8B-Instruct,chat,riskneutral,1,0.00034,0.99967,0,answer,"To choose the option with the higher expected dollar value, we need to calculate the expected value for each option.

For Payout A:
Expected value = (Payoff 1 * Probability 1) + (Payoff 2 * Probability 2)
Expected value = ($61 * 0.58) + ($0 * 0.42)
Expected value = $35.48

For Payout B:
Expected value = (Payoff * Probability)
Expected value = ($41 * 1)
Expected value = $41

Since $41 is greater than $35.48, the option with the higher expected dollar value is Payout B.",massA=0.000341 massB=0.999
p1,189,18,risk,0,41,61,0.58,0.8629,4,False,A,meta-llama/Llama-3.1-8B-Instruct,chat,riskneutral,1,0.00052,0.99989,0,answer,"To decide between the two deals, we need to calculate the expected dollar value of each option.

For Deal A:
Expected value = (Payoff 1 * Probability 1) + (Payoff 2 * Probability 2)
Expected value = ($61 * 0.58) + ($0 * 0.42)
Expected value = $35.48 + $0
Expected value = $35.48

For Deal B:
Expected value = (Payoff * Probability)
Expected value = ($41 * 1)
Expected value = $41

Since $35.48 (Deal A) is less than $41 (Deal B), we should choose the option with the higher expected dollar value.",massA=0.000519 massB=0.999
p1,285,28,risk,0,132,181,0.76,1.0421,2,False,A,meta-llama/Llama-3.1-8B-Instruct,chat,riskneutral,1,0.99989,0.99994,0,answer,"To compute the expected dollar value of each alternative, we multiply the payoff by the probability and sum the results.

For Alternative A:
Expected value = ($181 * 0.76) + ($0 * 0.24)
Expected value = $137.36 + $0
Expected value = $137.36

For Alternative B:
Expected value = ($132 * 1)
Expected value = $132

Since $137.36 is greater than $132, I would rather have Alternative A.",massA=1 massB=0.000111
p1,110,11,risk,0,54,68,0.81,1.02,0,True,B,meta-llama/Llama-3.1-8B-Instruct,chat,riskneutral,1,0.99983,0.99996,0,answer,"To choose the option with the higher expected dollar value, we need to calculate the expected value for each option.

For Option A, the expected value is simply the certain payment:
Expected Value A = $54

For Option B, we need to calculate the expected value using the probabilities:
Expected Value B = ($68 * 0.81) + ($0 * 0.19)
Expected Value B = $54.78 + $0
Expected Value B = $54.78

Since $54.78 is greater than $54, the option with the higher expected dollar value is Option B.",massA=0.000169 massB=1
p1,98,9,risk,0,49,153,0.26,0.8118,4,True,B,meta-llama/Llama-3.1-8B-Instruct,chat,riskneutral,1,8e-05,0.99994,0,answer,"To make a decision, we need to calculate the expected dollar value of each deal.

For Deal A, the expected dollar value is:
Expected Value = (Payoff * Probability) = ($49 * 1) = $49

For Deal B, the expected dollar value is:
Expected Value = (Payoff * Probability) = ($153 * 0.26) + ($0 * 0.74) = $39.78

Since $49 is greater than $39.78, the expected dollar value of Deal A is higher.",massA=1 massB=7.97e-05
p1,24,2,risk,0,162,661,0.26,1.0609,2,True,B,meta-llama/Llama-3.1-8B-Instruct,chat,riskneutral,1,0.99967,0.99995,0,answer,"To determine the preferred alternative, we need to calculate the expected dollar value for each option.

For Alternative A, the expected dollar value is:
Expected Value A = ($162) * (1) = $162

For Alternative B, the expected dollar value is:
Expected Value B = ($661) * (0.26) + ($0) * (0.74) = $170.66

Since $170.66 is greater than $162, the preferred alternative is the one with the higher expected dollar value.",massA=0.00033 massB=1
p1,45,4,risk,0,29,71,0.55,1.3466,2,False,A,meta-llama/Llama-3.1-8B-Instruct,chat,riskneutral,1,0.99981,0.99994,0,answer,"To compute the expected dollar value of each alternative, we multiply the payoff by the probability and sum the results.

For Alternative A:
Expected value = ($71 * 0.55) + ($0 * 0.45)
Expected value = $38.95 + $0
Expected value = $38.95

For Alternative B:
Expected value = ($29 * 1)
Expected value = $29

Since $38.95 is greater than $29, the alternative with the higher expected dollar value is Alternative A.",massA=1 massB=0.000185
p1,240,24,risk,0,168,214,0.76,0.9681,0,True,B,meta-llama/Llama-3.1-8B-Instruct,chat,riskneutral,1,0.00022,0.99994,0,answer,"To choose the option with the higher expected dollar value, we need to calculate the expected value for each option.

For Option A, the expected value is simply the payment amount since it's received with certainty:
Expected Value A = $168

For Option B, we need to calculate the expected value by multiplying the payment amount by its probability and summing the results:
Expected Value B = ($214 * 0.76) + ($0 * 0.24)
Expected Value B = $162.44 + $0
Expected Value B = $162.44

Since $168 is greater than $162.44, the option with the higher expected dollar value is Option A.",massA=1 massB=0.00022
p1,314,31,risk,0,51,151,0.29,0.8586,2,True,B,meta-llama/Llama-3.1-8B-Instruct,chat,riskneutral,1,0.00014,0.99995,0,answer,"To determine the preferred alternative, we need to calculate the expected dollar value for each option.

For Alternative A, the expected dollar value is:
Expected Value A = ($51) * (1) = $51

For Alternative B, the expected dollar value is:
Expected Value B = ($151) * (0.29) + ($0) * (0.71) = $43.99

Since $51 is greater than $43.99, the preferred alternative is the one with certainty.",massA=1 massB=0.000144
p1,319,31,risk,0,51,151,0.29,0.8586,4,False,A,meta-llama/Llama-3.1-8B-Instruct,chat,riskneutral,1,8e-05,0.99989,0,answer,"To decide between the two deals, we need to calculate the expected dollar value of each deal.

For Deal A:
Expected value = (Payoff 1 * Probability 1) + (Payoff 2 * Probability 2)
Expected value = ($151 * 0.29) + ($0 * 0.71)
Expected value = $44.09

For Deal B:
Expected value = (Payoff * Probability)
Expected value = ($51 * 1)
Expected value = $51

Since $51 is greater than $44.09, the expected dollar value of Deal B is higher.",massA=7.97e-05 massB=1
p1,329,32,risk,0,131,236,0.57,1.0269,4,False,A,meta-llama/Llama-3.1-8B-Instruct,chat,riskneutral,1,0.99997,0.99993,0,answer,"To decide between the two deals, we need to calculate the expected dollar value of each option.

For Deal A:
Expected value = (Payoff 1 * Probability 1) + (Payoff 2 * Probability 2)
Expected value = ($236 * 0.57) + ($0 * 0.43)
Expected value = $134.92 + $0
Expected value = $134.92

For Deal B:
Expected value = (Payoff * Probability)
Expected value = ($131 * 1)
Expected value = $131

Since $134.92 is greater than $131, the expected dollar value of Deal A is higher.",massA=1 massB=3.48e-05
p1,191,19,risk,0,64,122,0.49,0.9341,0,False,A,meta-llama/Llama-3.1-8B-Instruct,chat,riskneutral,1,0.00017,0.99982,0,answer,"To compute the expected dollar value of each option, we multiply the payoff by the probability and sum the results.

For Option A:
Expected value = ($122 * 0.49) + ($0 * 0.51)
Expected value = $59.78 + $0
Expected value = $59.78

For Option B:
Expected value = ($64 * 1)
Expected value = $64

Since $64 is greater than $59.78, the option with the higher expected dollar value is Option B.",massA=0.000166 massB=1
p1,180,18,risk,0,41,61,0.58,0.8629,0,True,B,meta-llama/Llama-3.1-8B-Instruct,chat,riskneutral,1,0.00027,0.99996,0,answer,"To choose the option with the higher expected dollar value, we need to calculate the expected value for each option.

For Option A, the expected value is simply the certain payment:
Expected Value A = $41

For Option B, we need to calculate the expected value using the probabilities:
Expected Value B = ($61 * 0.58) + ($0 * 0.42)
Expected Value B = $35.48 + $0
Expected Value B = $35.48

Since $41 is greater than $35.48, the option with the higher expected dollar value is Option A.",massA=1 massB=0.000274
p1,351,35,risk,0,91,133,0.68,0.9938,0,False,A,meta-llama/Llama-3.1-8B-Instruct,chat,riskneutral,1,0.00018,0.99981,0,answer,"To compute the expected dollar value of each option, we multiply the payoff by the probability and sum the results.

For Option A:
Expected value = ($133 * 0.68) + ($0 * 0.32)
Expected value = $90.04 + $0
Expected value = $90.04

For Option B:
Expected value = ($91 * 1)
Expected value = $91

Since $91 is greater than $90.04, the option with the higher expected dollar value is Option B.",massA=0.000177 massB=1
p1,116,11,risk,0,54,68,0.81,1.02,3,True,B,meta-llama/Llama-3.1-8B-Instruct,chat,riskneutral,1,0.99935,0.99989,0,answer,"To choose the option with the higher expected dollar value, we need to calculate the expected value for each option.

For Payout A, the expected value is simply the payout amount since it's received with certainty:
Expected Value A = $54

For Payout B, we need to calculate the expected value using the probabilities:
Expected Value B = ($68 * 0.81) + ($0 * 0.19)
Expected Value B = $54.48 + $0
Expected Value B = $54.48

Since $54.48 is greater than $54, the option with the higher expected dollar value is Payout B.",massA=0.000646 massB=0.999
p1,49,4,risk,0,29,71,0.55,1.3466,4,False,A,meta-llama/Llama-3.1-8B-Instruct,chat,riskneutral,1,0.99997,0.99993,0,answer,"To decide between the two deals, we need to calculate the expected dollar value of each option.

For Deal A:
Expected value = (Payoff 1 * Probability 1) + (Payoff 2 * Probability 2)
Expected value = ($71 * 0.55) + ($0 * 0.45)
Expected value = $38.95 + $0
Expected value = $38.95

For Deal B:
Expected value = (Payoff * Probability)
Expected value = ($29 * 1)
Expected value = $29

Since $38.95 is greater than $29, the expected dollar value of Deal A is higher.",massA=1 massB=3.22e-05
p1,368,36,risk,0,98,227,0.47,1.0887,4,True,B,meta-llama/Llama-3.1-8B-Instruct,chat,riskneutral,1,0.99995,0.99994,0,answer,"To make a decision, we need to calculate the expected dollar value of each deal.

For Deal A, the expected dollar value is:
$98 (payoff) * 1 (probability) = $98

For Deal B, the expected dollar value is:
($227 * 0.47) + ($0 * 0.53) = $106.09

Since $106.09 is greater than $98, the expected dollar value of Deal B is higher.",massA=4.91e-05 massB=1
p1,359,35,risk,0,91,133,0.68,0.9938,4,False,A,meta-llama/Llama-3.1-8B-Instruct,chat,riskneutral,1,0.00083,0.99987,0,answer,"To decide between the two deals, we need to calculate the expected dollar value of each option.

For Deal A:
Expected value = (Payoff 1 * Probability 1) + (Payoff 2 * Probability 2)
Expected value = ($133 * 0.68) + ($0 * 0.32)
Expected value = $90.04

For Deal B:
Expected value = (Payoff * Probability)
Expected value = ($91 * 1)
Expected value = $91

Since $90.04 is less than $91, Deal B has a higher expected dollar value.",massA=0.000829 massB=0.999
p1,338,33,risk,0,142,446,0.53,1.6646,4,True,B,meta-llama/Llama-3.1-8B-Instruct,chat,riskneutral,1,0.99992,0.9999,0,answer,"To make a decision, we need to calculate the expected dollar value of each deal.

For Deal A, the expected dollar value is:
Expected Value = (Payoff) * (Probability)
Expected Value = $142 * 1
Expected Value = $142

For Deal B, the expected dollar value is:
Expected Value = (Payoff1 * Probability1) + (Payoff2 * Probability2)
Expected Value = ($446 * 0.53) + ($0 * 0.47)
Expected Value = $236.18

Since Deal B has a higher expected dollar value ($236.18 vs $142), we should choose Deal B.",massA=8.09e-05 massB=1
p1,288,28,risk,0,132,181,0.76,1.0421,4,True,B,meta-llama/Llama-3.1-8B-Instruct,chat,riskneutral,1,0.99996,0.99988,0,answer,"To decide between the two deals, we need to calculate the expected dollar value of each option.

For Deal A, the expected dollar value is simply the payoff times the probability, which is $132 * 1 = $132.

For Deal B, the expected dollar value is calculated as follows:
- The payoff is $181 with a probability of 76%, so the contribution to the expected value is $181 * 0.76 = $137.16.
- The payoff is $0 with a probability of 24%, so the contribution to the expected value is $0 * 0.24 = $0.
The total expected dollar value for Deal B is $137.16.

Since $137.16 is greater than $132, the expected dollar value of Deal B is higher.",massA=4.01e-05 massB=1
p1,67,6,risk,0,94,101,0.71,0.7629,3,False,A,meta-llama/Llama-3.1-8B-Instruct,chat,riskneutral,1,0.0004,0.99968,0,answer,"To choose the option with the higher expected dollar value, we need to calculate the expected value for each option.

For Payout A:
Expected value = (Payoff 1 * Probability 1) + (Payoff 2 * Probability 2)
Expected value = ($101 * 0.71) + ($0 * 0.29)
Expected value = $71.21

For Payout B:
Expected value = Payoff * Probability
Expected value = $94 * 1
Expected value = $94

Since $71.21 is less than $94, the option with the higher expected dollar value is Payout B.",massA=0.000398 massB=0.999
p1,363,36,risk,0,98,227,0.47,1.0887,1,False,A,meta-llama/Llama-3.1-8B-Instruct,chat,riskneutral,1,0.99977,0.99994,0,answer,"To find the expected dollar value of each offer, we multiply the payoff by the probability and sum the results.

For Offer A:
Expected value = ($227 * 0.47) + ($0 * 0.53)
Expected value = $106.09 + $0
Expected value = $106.09

For Offer B:
Expected value = ($98 * 1)
Expected value = $98

Since $106.09 is greater than $98, the option with the higher expected dollar value is Offer A.",massA=1 massB=0.000234
p1,242,24,risk,0,168,214,0.76,0.9681,1,True,B,meta-llama/Llama-3.1-8B-Instruct,chat,riskneutral,1,7e-05,0.99991,0,answer,"To compute the expected dollar value of each offer, we multiply the payoff by the probability and sum the results.

For Offer A, the expected dollar value is:
$168 (payoff) * 1 (probability) = $168

For Offer B, the expected dollar value is:
($214 * 0.76) + ($0 * 0.24) = $162.24

Since Offer A has a higher expected dollar value ($168 vs $162.24), we choose it.",massA=1 massB=6.71e-05
p1,29,2,risk,0,162,661,0.26,1.0609,4,False,A,meta-llama/Llama-3.1-8B-Instruct,chat,riskneutral,1,0.99993,0.99993,0,answer,"To decide between the two deals, we need to calculate the expected dollar value of each deal.

For Deal A:
Expected value = (Payoff 1 * Probability 1) + (Payoff 2 * Probability 2)
Expected value = ($661 * 0.26) + ($0 * 0.74)
Expected value = $170.66 + $0
Expected value = $170.66

For Deal B:
Expected value = (Payoff * Probability)
Expected value = ($162 * 1)
Expected value = $162

Since $170.66 is greater than $162, the expected dollar value of Deal A is higher.",massA=1 massB=6.5e-05
p1,162,16,risk,0,139,234,0.6,1.0101,1,True,B,meta-llama/Llama-3.1-8B-Instruct,chat,riskneutral,1,0.99995,0.9999,0,answer,"To determine the expected dollar value of each offer, we multiply the payoff by the probability for each outcome.

For Offer A: 
Expected value = $139 * 1 = $139

For Offer B: 
Expected value = ($234 * 0.6) + ($0 * 0.4) = $140.4

Since Offer B has a higher expected dollar value ($140.4 vs $139), we choose it.",massA=4.91e-05 massB=1
p1,199,19,risk,0,64,122,0.49,0.9341,4,False,A,meta-llama/Llama-3.1-8B-Instruct,chat,riskneutral,1,6e-05,0.9999,0,answer,"To decide between the two deals, we need to calculate the expected dollar value of each option.

For Deal A:
Expected value = (Payoff 1 * Probability 1) + (Payoff 2 * Probability 2)
Expected value = ($122 * 0.49) + ($0 * 0.51)
Expected value = $59.78

For Deal B:
Expected value = (Payoff * Probability)
Expected value = ($64 * 1)
Expected value = $64

Since $64 is greater than $59.78, the expected dollar value of Deal B is higher.",massA=5.83e-05 massB=1
p1,301,30,risk,0,149,447,0.26,0.78,0,False,A,meta-llama/Llama-3.1-8B-Instruct,chat,riskneutral,1,0.00021,0.99983,0,answer,"To compute the expected dollar value of each option, we multiply the payoff by the probability and sum the results.

For Option A:
Expected value = ($447 * 0.26) + ($0 * 0.74)
Expected value = $115.82 + $0
Expected value = $115.82

For Option B:
Expected value = ($149 * 1)
Expected value = $149

Since $149 is greater than $115.82, the option with the higher expected dollar value is Option B.",massA=0.000207 massB=1
p1,20,2,risk,0,162,661,0.26,1.0609,0,True,B,meta-llama/Llama-3.1-8B-Instruct,chat,riskneutral,1,0.99986,0.99997,0,answer,"To choose the option with the higher expected dollar value, we need to calculate the expected value for each option.

For Option A, the expected value is simply the payment amount since it's received with certainty:
Expected Value A = $162

For Option B, we need to calculate the expected value by multiplying each payment amount by its probability and then summing these products:
Expected Value B = ($661 * 0.26) + ($0 * 0.74)
Expected Value B = $170.66 + $0
Expected Value B = $170.66

Since $162 (Option A) is less than $170.66 (Option B), the option with the higher expected dollar value is Option B.",massA=0.00014 massB=1
p1,193,19,risk,0,64,122,0.49,0.9341,1,False,A,meta-llama/Llama-3.1-8B-Instruct,chat,riskneutral,1,8e-05,0.99989,0,answer,"To find the expected dollar value of each offer, we multiply the payoff by the probability and sum the results.

For Offer A:
Expected value = ($122 * 0.49) + ($0 * 0.51)
Expected value = $59.78 + $0
Expected value = $59.78

For Offer B:
Expected value = ($64 * 1)
Expected value = $64

Since $64 is greater than $59.78, we choose the option with the higher expected dollar value.",massA=7.84e-05 massB=1
p1,63,6,risk,0,94,101,0.71,0.7629,1,False,A,meta-llama/Llama-3.1-8B-Instruct,chat,riskneutral,1,8e-05,0.99989,0,answer,"To compute the expected dollar value of each offer, we multiply the payoff by the probability and sum the results.

For Offer A:
Expected value = ($101 * 0.71) + ($0 * 0.29)
Expected value = $71.21 + $0
Expected value = $71.21

For Offer B:
Expected value = ($94 * 1)
Expected value = $94

Since $94 is greater than $71.21, we choose the option with the higher expected dollar value.",massA=7.84e-05 massB=1
p1,167,16,risk,0,139,234,0.6,1.0101,3,False,A,meta-llama/Llama-3.1-8B-Instruct,chat,riskneutral,1,0.99979,0.99982,0,answer,"To choose the option with the higher expected dollar value, we need to calculate the expected value for each option.

For Payout A:
Expected value = (Payoff 1 * Probability 1) + (Payoff 2 * Probability 2)
Expected value = ($234 * 0.6) + ($0 * 0.4)
Expected value = $140.4

For Payout B:
Expected value = (Payoff * Probability)
Expected value = ($139 * 1)
Expected value = $139

Since $140.4 is greater than $139, the option with the higher expected dollar value is Payout A.",massA=1 massB=0.000213
p1,357,35,risk,0,91,133,0.68,0.9938,3,False,A,meta-llama/Llama-3.1-8B-Instruct,chat,riskneutral,1,0.00046,0.99973,0,answer,"To choose the option with the higher expected dollar value, we need to calculate the expected value for each option.

For Payout A:
Expected value = (Payoff * Probability) + (0 * Probability)
Expected value = ($133 * 0.68) + ($0 * 0.32)
Expected value = $90.04

For Payout B:
Expected value = (Payoff * Probability)
Expected value = ($91 * 1)
Expected value = $91

Since $90.04 is less than $91, the option with the higher expected dollar value is Payout B.",massA=0.000458 massB=0.999
p1,309,30,risk,0,149,447,0.26,0.78,4,False,A,meta-llama/Llama-3.1-8B-Instruct,chat,riskneutral,1,7e-05,0.99986,0,answer,"To decide between the two deals, we need to calculate the expected dollar value of each deal.

For Deal A:
Expected value = (Payoff 1 * Probability 1) + (Payoff 2 * Probability 2)
Expected value = ($447 * 0.26) + ($0 * 0.74)
Expected value = $115.82 + $0
Expected value = $115.82

For Deal B:
Expected value = (Payoff * Probability)
Expected value = ($149 * 1)
Expected value = $149

Since $149 (Deal B) is greater than $115.82 (Deal A), we should choose Deal B.",massA=7.03e-05 massB=1
p1,42,4,risk,0,29,71,0.55,1.3466,1,True,B,meta-llama/Llama-3.1-8B-Instruct,chat,riskneutral,1,0.99991,0.99983,0,answer,"To determine the expected dollar value of each offer, we multiply the payoff by the probability for each outcome.

For Offer A: 
Expected value = $29 (payoff) * 1 (probability) = $29

For Offer B: 
Expected value = ($71 * 0.55) + ($0 * 0.45) = $38.95

Since Offer B has a higher expected dollar value ($38.95 vs $29), we choose Offer B.",massA=9.03e-05 massB=1
p1,249,24,risk,0,168,214,0.76,0.9681,4,False,A,meta-llama/Llama-3.1-8B-Instruct,chat,riskneutral,1,0.00064,0.9999,0,answer,"To decide between the two deals, we need to calculate the expected dollar value of each option.

For Deal A:
Expected value = (Payoff 1 * Probability 1) + (Payoff 2 * Probability 2)
Expected value = ($214 * 0.76) + ($0 * 0.24)
Expected value = $162.24

For Deal B:
Expected value = (Payoff * Probability)
Expected value = ($168 * 1)
Expected value = $168

Since $162.24 is less than $168, we should choose the option with the higher expected dollar value.",massA=0.000636 massB=0.999
p1,311,31,risk,0,51,151,0.29,0.8586,0,False,A,meta-llama/Llama-3.1-8B-Instruct,chat,riskneutral,1,0.00014,0.99977,0,answer,"To compute the expected dollar value of each option, we multiply the payoff by the probability and sum the results.

For Option A:
Expected value = ($151 * 0.29) + ($0 * 0.71)
Expected value = $44.09 + $0
Expected value = $44.09

For Option B:
Expected value = ($51 * 1)
Expected value = $51

Since $44.09 is less than $51, we prefer the option with the higher expected dollar value, which is Option B.",massA=0.000144 massB=1
p1,163,16,risk,0,139,234,0.6,1.0101,1,False,A,meta-llama/Llama-3.1-8B-Instruct,chat,riskneutral,1,0.99977,0.99993,0,answer,"To compute the expected dollar value of each offer, we multiply the payoff by the probability and sum the results.

For Offer A:
Expected value = ($234 * 0.6) + ($0 * 0.4)
Expected value = $140.4 + $0
Expected value = $140.4

For Offer B:
Expected value = ($139 * 1)
Expected value = $139

Since $140.4 is greater than $139, the option with the higher expected dollar value is Offer A.",massA=1 massB=0.00023
p1,168,16,risk,0,139,234,0.6,1.0101,4,True,B,meta-llama/Llama-3.1-8B-Instruct,chat,riskneutral,1,0.99996,0.99993,0,answer,"To make a decision, we need to calculate the expected dollar value of each deal.

For Deal A, the expected dollar value is:
Expected Value = (Payoff * Probability) = ($139 * 1) = $139

For Deal B, the expected dollar value is:
Expected Value = (Payoff * Probability) = ($234 * 0.6) + ($0 * 0.4) = $140.40

Since Deal B has a higher expected dollar value ($140.40 vs $139), we should choose Deal B.",massA=3.94e-05 massB=1
p1,192,19,risk,0,64,122,0.49,0.9341,1,True,B,meta-llama/Llama-3.1-8B-Instruct,chat,riskneutral,1,4e-05,0.99995,0,answer,"To determine the expected dollar value of each offer, we multiply the payoff by the probability for each outcome.

For Offer A: 
Expected value = $64 (payoff) * 1 (probability) = $64

For Offer B: 
Expected value = ($122 * 0.49) + ($0 * 0.51) = $59.78

Since Offer A has a higher expected dollar value ($64 vs $59.78), we choose it.",massA=1 massB=3.94e-05
p1,266,26,risk,0,59,151,0.36,0.9214,3,True,B,meta-llama/Llama-3.1-8B-Instruct,chat,riskneutral,1,0.00014,0.99986,0,answer,"To choose the option with the higher expected dollar value, we need to calculate the expected value for each option.

For Payout A, the expected value is simply the payout amount since it's received with certainty:
Expected Value A = $59

For Payout B, we need to calculate the expected value using the probabilities:
Expected Value B = ($151 * 0.36) + ($0 * 0.64)
Expected Value B = $54.36 + $0
Expected Value B = $54.36

Since $59 (Expected Value A) is greater than $54.36 (Expected Value B), the option with the higher expected dollar value is Payout A.",massA=1 massB=0.00014
p1,300,30,risk,0,149,447,0.26,0.78,0,True,B,meta-llama/Llama-3.1-8B-Instruct,chat,riskneutral,1,0.00016,0.99995,0,answer,"To choose the option with the higher expected dollar value, we need to calculate the expected value for each option.

For Option A, the expected value is simply the payment amount since it's received with certainty:
Expected Value A = $149

For Option B, we need to calculate the expected value by multiplying each payment amount by its probability and then summing these products:
Expected Value B = ($447 * 0.26) + ($0 * 0.74)
Expected Value B = $115.82 + $0
Expected Value B = $115.82

Since $149 (Option A) is greater than $115.82 (Option B), the option with the higher expected dollar value is Option A.",massA=1 massB=0.000156
p1,282,28,risk,0,132,181,0.76,1.0421,1,True,B,meta-llama/Llama-3.1-8B-Instruct,chat,riskneutral,1,0.99999,0.99996,0,answer,"To compute the expected dollar value of each offer, we multiply the payoff by the probability and sum the results.

For Offer A, the expected dollar value is:
$132 (payoff) * 1 (probability) = $132

For Offer B, the expected dollar value is:
($181 * 0.76) + ($0 * 0.24) = $137.16

Since Offer B has a higher expected dollar value, the answer is",massA=7.77e-06 massB=1
p1,82,8,risk,0,62,263,0.33,1.3998,1,True,B,meta-llama/Llama-3.1-8B-Instruct,chat,riskneutral,1,0.99997,0.99997,0,answer,"To compute the expected dollar value of each offer, we multiply the payoff by the probability and sum the results.

For Offer A: 
Expected value = $62 * 1 = $62

For Offer B: 
Expected value = ($263 * 0.33) + ($0 * 0.67) = $86.59

Since Offer B has a higher expected dollar value, the answer is",massA=3.22e-05 massB=1
p1,268,26,risk,0,59,151,0.36,0.9214,4,True,B,meta-llama/Llama-3.1-8B-Instruct,chat,riskneutral,1,7e-05,0.99994,0,answer,"To make a decision, we need to calculate the expected dollar value of each deal.

For Deal A, the expected dollar value is:
Expected Value = (Payoff * Probability) = ($59 * 1) = $59

For Deal B, the expected dollar value is:
Expected Value = (Payoff * Probability) = ($151 * 0.36) + ($0 * 0.64) = $54.36

Since $59 is greater than $54.36, the expected dollar value of Deal A is higher.",massA=1 massB=7.25e-05
p1,326,32,risk,0,131,236,0.57,1.0269,3,True,B,meta-llama/Llama-3.1-8B-Instruct,chat,riskneutral,1,0.99975,0.99994,0,answer,"To choose the option with the higher expected dollar value, we need to calculate the expected value for each option.

For Payout A, the expected value is simply the payout amount since it's received with certainty:
Expected Value A = $131

For Payout B, we need to calculate the expected value using the probabilities:
Expected Value B = ($236 * 0.57) + ($0 * 0.43)
Expected Value B = $134.92

Since $134.92 is greater than $131, the option with the higher expected dollar value is Payout B.",massA=0.000249 massB=1
p1,331,33,risk,0,142,446,0.53,1.6646,0,False,A,meta-llama/Llama-3.1-8B-Instruct,chat,riskneutral,1,0.99967,0.99993,0,answer,"To compute the expected dollar value of each option, we multiply the payoff by the probability and sum the results.

For Option A:
Expected value = ($446 * 0.53) + ($0 * 0.47)
Expected value = $236.18 + $0
Expected value = $236.18

For Option B:
Expected value = ($142 * 1)
Expected value = $142

Since $236.18 is greater than $142, the option with the higher expected dollar value is Option A.",massA=1 massB=0.000325
p1,93,9,risk,0,49,153,0.26,0.8118,1,False,A,meta-llama/Llama-3.1-8B-Instruct,chat,riskneutral,1,0.00014,0.9999,0,answer,"To find the expected dollar value of each offer, we multiply the payoff by the probability and sum the results.

For Offer A:
Expected value = ($153 * 0.26) + ($0 * 0.74)
Expected value = $39.78 + $0
Expected value = $39.78

For Offer B:
Expected value = ($49 * 1)
Expected value = $49

Since $49 is greater than $39.78, we choose the option with the higher expected dollar value.",massA=0.000138 massB=1
p1,161,16,risk,0,139,234,0.6,1.0101,0,False,A,meta-llama/Llama-3.1-8B-Instruct,chat,riskneutral,1,0.99964,0.99993,0,answer,"To compute the expected dollar value of each option, we multiply the payoff by the probability and sum the results.

For Option A:
Expected value = ($234 * 0.6) + ($0 * 0.4)
Expected value = $140.4 + $0
Expected value = $140.4

For Option B:
Expected value = ($139 * 1)
Expected value = $139

Since $140.4 is greater than $139, the option with the higher expected dollar value is Option A.",massA=1 massB=0.000363
p1,289,28,risk,0,132,181,0.76,1.0421,4,False,A,meta-llama/Llama-3.1-8B-Instruct,chat,riskneutral,1,0.99997,0.99995,0,answer,"To decide between the two deals, we need to calculate the expected dollar value of each option.

For Deal A:
Expected value = (Payoff 1 * Probability 1) + (Payoff 2 * Probability 2)
Expected value = ($181 * 0.76) + ($0 * 0.24)
Expected value = $137.36

For Deal B:
Expected value = (Payoff * Probability)
Expected value = ($132 * 1)
Expected value = $132

Since $137.36 is greater than $132, the expected dollar value of Deal A is higher.",massA=1 massB=3.22e-05
p1,356,35,risk,0,91,133,0.68,0.9938,3,True,B,meta-llama/Llama-3.1-8B-Instruct,chat,riskneutral,1,0.00019,0.99992,0,answer,"To choose the option with the higher expected dollar value, we need to calculate the expected value for each option.

For Payout A, the expected value is simply the payout amount since it's received with certainty:
Expected Value A = $91

For Payout B, we need to calculate the expected value using the probabilities:
Expected Value B = ($133 * 0.68) + ($0 * 0.32)
Expected Value B = $90.04

Since $90.04 is less than $91, the expected value of Payout A is higher.",massA=1 massB=0.000194
p1,304,30,risk,0,149,447,0.26,0.78,2,True,B,meta-llama/Llama-3.1-8B-Instruct,chat,riskneutral,1,0.00012,0.99997,0,answer,"To determine the preferred alternative, we need to calculate the expected dollar value for each option.

For Alternative A, the expected dollar value is:
$149 (payoff) * 1 (probability) = $149

For Alternative B, the expected dollar value is:
($447 * 0.26) + ($0 * 0.74) = $115.82

Since $149 is greater than $115.82, the preferred alternative is the one with certainty.",massA=1 massB=0.000123
p1,320,32,risk,0,131,236,0.57,1.0269,0,True,B,meta-llama/Llama-3.1-8B-Instruct,chat,riskneutral,1,0.99993,0.99995,0,answer,"To choose the option with the higher expected dollar value, we need to calculate the expected value for each option.

For Option A, the expected value is simply the payment amount since it's received with certainty:
Expected Value A = $131

For Option B, we need to calculate the expected value by multiplying each payment amount by its probability and then summing these products:
Expected Value B = ($236 * 0.57) + ($0 * 0.43)
Expected Value B = $134.72 + $0
Expected Value B = $134.72

Since $134.72 is greater than $131, the option with the higher expected dollar value is Option B.",massA=6.71e-05 massB=1
p1,248,24,risk,0,168,214,0.76,0.9681,4,True,B,meta-llama/Llama-3.1-8B-Instruct,chat,riskneutral,1,8e-05,0.9999,0,answer,"To decide between the two deals, we need to calculate the expected dollar value of each option.

For Deal A, the expected dollar value is simply the payoff times the probability, which is $168 * 1 = $168.

For Deal B, the expected dollar value is calculated as follows:
- The payoff is $214 with a probability of 76% (or 0.76).
- The payoff is $0 with a probability of 24% (or 0.24).
- Expected dollar value = ($214 * 0.76) + ($0 * 0.24) = $162.64 + $0 = $162.64.

Since $168 is greater than $162.64, the expected dollar value of Deal A is higher.",massA=1 massB=7.72e-05
p1,65,6,risk,0,94,101,0.71,0.7629,2,False,A,meta-llama/Llama-3.1-8B-Instruct,chat,riskneutral,1,7e-05,0.99988,0,answer,"To compute the expected dollar value of each alternative, we multiply the payoff by the probability and sum the results.

For Alternative A:
Expected value = ($101 * 0.71) + ($0 * 0.29)
Expected value = $71.21 + $0
Expected value = $71.21

For Alternative B:
Expected value = ($94 * 1)
Expected value = $94

Since $94 is greater than $71.21, I would choose Alternative B.",massA=7.25e-05 massB=1
p1,34,3,risk,0,46,158,0.33,1.1335,2,True,B,meta-llama/Llama-3.1-8B-Instruct,chat,riskneutral,1,0.9999,0.99997,0,answer,"To determine the preferred alternative, we need to calculate the expected dollar value for each option.

For Alternative A, the expected dollar value is:
Expected Value A = ($46) * (1) = $46

For Alternative B, the expected dollar value is:
Expected Value B = ($158) * (0.33) + ($0) * (0.67) = $52.06

Since $52.06 is greater than $46, the preferred alternative is",massA=0.000104 massB=1
p1,302,30,risk,0,149,447,0.26,0.78,1,True,B,meta-llama/Llama-3.1-8B-Instruct,chat,riskneutral,1,0.00016,0.99989,0,answer,"To determine the expected dollar value of each offer, we need to multiply the payoff by the probability and sum the results.

For Offer A, the expected dollar value is:
$149 (payoff) * 1 (probability) = $149

For Offer B, the expected dollar value is:
($447 * 0.26) + ($0 * 0.74) = $115.82

Since $149 is greater than $115.82, the expected dollar value of Offer A is higher.",massA=1 massB=0.000163
p1,246,24,risk,0,168,214,0.76,0.9681,3,True,B,meta-llama/Llama-3.1-8B-Instruct,chat,riskneutral,1,0.00011,0.9999,0,answer,"To choose the option with the higher expected dollar value, we need to calculate the expected value for each option.

For Payout A, the expected value is simply the payout amount since it's received with certainty:
Expected Value A = $168

For Payout B, we need to calculate the expected value using the probabilities:
Expected Value B = ($214 * 0.76) + ($0 * 0.24)
Expected Value B = $162.24

Since $168 is greater than $162.24, the option with the higher expected dollar value is Payout A.",massA=1 massB=0.000109
p1,41,4,risk,0,29,71,0.55,1.3466,0,False,A,meta-llama/Llama-3.1-8B-Instruct,chat,riskneutral,1,0.99972,0.99994,0,answer,"To compute the expected dollar value of each option, we multiply the payoff by the probability and sum the results.

For Option A:
Expected value = ($71 * 0.55) + ($0 * 0.45)
Expected value = $38.95 + $0
Expected value = $38.95

For Option B:
Expected value = ($29 * 1)
Expected value = $29

Since $38.95 is greater than $29, the option with the higher expected dollar value is Option A.",massA=1 massB=0.000282
p1,315,31,risk,0,51,151,0.29,0.8586,2,False,A,meta-llama/Llama-3.1-8B-Instruct,chat,riskneutral,1,0.00015,0.99983,0,answer,"To compute the expected dollar value of each alternative, we multiply the payoff by the probability and sum the results.

For Alternative A:
Expected value = ($151 * 0.29) + ($0 * 0.71)
Expected value = $44.09 + $0
Expected value = $44.09

For Alternative B:
Expected value = ($51 * 1)
Expected value = $51

Since $44.09 is less than $51, Alternative B has a higher expected dollar value.",massA=0.000151 massB=1
p1,190,19,risk,0,64,122,0.49,0.9341,0,True,B,meta-llama/Llama-3.1-8B-Instruct,chat,riskneutral,1,0.00019,0.99997,0,answer,"To choose the option with the higher expected dollar value, we need to calculate the expected value for each option.

For Option A, the expected value is simply the certain payment:
Expected Value A = $64

For Option B, we need to calculate the expected value using the probabilities:
Expected Value B = ($122 * 0.49) + ($0 * 0.51)
Expected Value B = $59.58

Since $64 is greater than $59.58, the option with the higher expected dollar value is Option A.",massA=1 massB=0.000188
p1,35,3,risk,0,46,158,0.33,1.1335,2,False,A,meta-llama/Llama-3.1-8B-Instruct,chat,riskneutral,1,0.99975,0.99994,0,answer,"To compute the expected dollar value of each alternative, we multiply the payoff by the probability and sum the results.

For Alternative A:
Expected value = ($158 * 0.33) + ($0 * 0.67)
Expected value = $52.34 + $0
Expected value = $52.34

For Alternative B:
Expected value = ($46 * 1)
Expected value = $46

Since $52.34 is greater than $46, the alternative with the higher expected dollar value is Alternative A.",massA=1 massB=0.000253
p1,184,18,risk,0,41,61,0.58,0.8629,2,True,B,meta-llama/Llama-3.1-8B-Instruct,chat,riskneutral,1,0.0002,0.99995,0,answer,"To determine the preferred alternative, we need to calculate the expected dollar value of each option.

For Alternative A, the expected dollar value is:
Expected Value A = ($41) * (1) = $41

For Alternative B, the expected dollar value is:
Expected Value B = ($61) * (0.58) + ($0) * (0.42) = $35.18

Since $41 is greater than $35.18, the preferred alternative is",massA=1 massB=0.0002
p1,327,32,risk,0,131,236,0.57,1.0269,3,False,A,meta-llama/Llama-3.1-8B-Instruct,chat,riskneutral,1,0.99984,0.99984,0,answer,"To choose the option with the higher expected dollar value, we need to calculate the expected value for each option.

For Payout A:
Expected value = (Payoff 1 * Probability 1) + (Payoff 2 * Probability 2)
Expected value = ($236 * 0.57) + ($0 * 0.43)
Expected value = $134.52

For Payout B:
Expected value = (Payoff * Probability)
Expected value = ($131 * 1)
Expected value = $131

Since $134.52 is greater than $131, the option with the higher expected dollar value is Payout A.",massA=1 massB=0.000163
p1,269,26,risk,0,59,151,0.36,0.9214,4,False,A,meta-llama/Llama-3.1-8B-Instruct,chat,riskneutral,1,7e-05,0.99983,0,answer,"To decide between the two deals, we need to calculate the expected dollar value of each deal.

For Deal A:
Expected value = (Payoff 1 * Probability 1) + (Payoff 2 * Probability 2)
Expected value = ($151 * 0.36) + ($0 * 0.64)
Expected value = $54.36 + $0
Expected value = $54.36

For Deal B:
Expected value = (Payoff * Probability)
Expected value = ($59 * 1)
Expected value = $59

Since $59 (Deal B) is greater than $54.36 (Deal A), we should choose Deal B.",massA=6.71e-05 massB=1
p1,69,6,risk,0,94,101,0.71,0.7629,4,False,A,meta-llama/Llama-3.1-8B-Instruct,chat,riskneutral,1,0.00012,0.99988,0,answer,"To decide between the two deals, we need to calculate the expected dollar value of each option.

For Deal A:
Expected value = (Payoff 1 * Probability 1) + (Payoff 2 * Probability 2)
Expected value = ($101 * 0.71) + ($0 * 0.29)
Expected value = $71.21

For Deal B:
Expected value = (Payoff * Probability)
Expected value = ($94 * 1)
Expected value = $94

Since $71.21 is less than $94, we should choose the option with the higher expected dollar value.",massA=0.000123 massB=1
p1,305,30,risk,0,149,447,0.26,0.78,2,False,A,meta-llama/Llama-3.1-8B-Instruct,chat,riskneutral,1,7e-05,0.9999,0,answer,"To compute the expected dollar value of each alternative, we multiply the payoff by the probability and sum the results.

For Alternative A:
Expected value = ($447 * 0.26) + ($0 * 0.74)
Expected value = $115.72 + $0
Expected value = $115.72

For Alternative B:
Expected value = ($149 * 1)
Expected value = $149

Since $149 is greater than $115.72, I would choose Alternative B.",massA=7.37e-05 massB=1
p1,358,35,risk,0,91,133,0.68,0.9938,4,True,B,meta-llama/Llama-3.1-8B-Instruct,chat,riskneutral,1,8e-05,0.99992,0,answer,"To decide between the two deals, we need to calculate the expected dollar value of each option.

For Deal A, the expected dollar value is simply the payoff times the probability, which is $91 * 1 = $91.

For Deal B, the expected dollar value is calculated as follows:
Expected value = (Payoff 1 * Probability 1) + (Payoff 2 * Probability 2)
Expected value = ($133 * 0.68) + ($0 * 0.32)
Expected value = $90.24

Now, let's compare the expected dollar values of the two deals:
Deal A: $91
Deal B: $90.24

Since Deal A has a higher expected dollar value, the decision is to choose Deal A.",massA=1 massB=8.09e-05
p1,366,36,risk,0,98,227,0.47,1.0887,3,True,B,meta-llama/Llama-3.1-8B-Instruct,chat,riskneutral,1,0.99973,0.99994,0,answer,"To choose the option with the higher expected dollar value, we need to calculate the expected value for each option.

For Payout A, the expected value is simply the payout amount since it's received with certainty:
Expected Value A = $98

For Payout B, we need to calculate the expected value using the probabilities:
Expected Value B = ($227 * 0.47) + ($0 * 0.53)
Expected Value B = $106.09

Since $106.09 is greater than $98, the option with the higher expected dollar value is Payout B.",massA=0.000265 massB=1
p1,195,19,risk,0,64,122,0.49,0.9341,2,False,A,meta-llama/Llama-3.1-8B-Instruct,chat,riskneutral,1,6e-05,0.99988,0,answer,"To compute the expected dollar value of each alternative, we multiply the payoff by the probability and sum the results.

For Alternative A:
Expected value = ($122 * 0.49) + ($0 * 0.51)
Expected value = $59.58 + $0
Expected value = $59.58

For Alternative B:
Expected value = ($64 * 1)
Expected value = $64

Since $64 is greater than $59.58, I would choose Alternative B.",massA=5.56e-05 massB=1
p1,47,4,risk,0,29,71,0.55,1.3466,3,False,A,meta-llama/Llama-3.1-8B-Instruct,chat,riskneutral,1,0.99983,0.99986,0,answer,"To choose the option with the higher expected dollar value, we need to calculate the expected value for each option.

For Payout A:
Expected value = (Payoff 1 * Probability 1) + (Payoff 2 * Probability 2)
Expected value = ($71 * 0.55) + ($0 * 0.45)
Expected value = $38.95 + $0
Expected value = $38.95

For Payout B:
Expected value = (Payoff * Probability)
Expected value = ($29 * 1)
Expected value = $29

Since $38.95 is greater than $29, the option with the higher expected dollar value is Payout A.",massA=1 massB=0.000174
p1,85,8,risk,0,62,263,0.33,1.3998,2,False,A,meta-llama/Llama-3.1-8B-Instruct,chat,riskneutral,1,0.99987,0.99994,0,answer,"To compute the expected dollar value of each alternative, we multiply the payoff by the probability and sum the results.

For Alternative A:
Expected value = ($263 * 0.33) + ($0 * 0.67)
Expected value = $86.59 + $0
Expected value = $86.59

For Alternative B:
Expected value = ($62 * 1)
Expected value = $62

Since $86.59 is greater than $62, the expected dollar value of Alternative A is higher.",massA=1 massB=0.000131
p1,23,2,risk,0,162,661,0.26,1.0609,1,False,A,meta-llama/Llama-3.1-8B-Instruct,chat,riskneutral,1,0.99975,0.99993,0,answer,"To find the expected dollar value of each offer, we multiply the payoff by the probability and sum the results.

For Offer A:
Expected value = ($661 * 0.26) + ($0 * 0.74)
Expected value = $170.66 + $0
Expected value = $170.66

For Offer B:
Expected value = ($162 * 1)
Expected value = $162

Since $170.66 is greater than $162, the option with the higher expected dollar value is Offer A.",massA=1 massB=0.000245
p1,256,25,risk,0,124,207,0.76,1.2687,3,True,B,meta-llama/Llama-3.1-8B-Instruct,chat,riskneutral,1,0.99957,0.99991,0,answer,"To choose the option with the higher expected dollar value, we need to calculate the expected value for each option.

For Payout A, the expected value is simply the payout amount since it's received with certainty:
Expected Value A = $124

For Payout B, we need to calculate the expected value using the probabilities:
Expected Value B = ($207 * 0.76) + ($0 * 0.24)
Expected Value B = $156.72 + $0
Expected Value B = $156.72

Since $156.72 is greater than $124, the option with the higher expected dollar value is Payout B.",massA=0.000431 massB=0.999
p1,88,8,risk,0,62,263,0.33,1.3998,4,True,B,meta-llama/Llama-3.1-8B-Instruct,chat,riskneutral,1,0.99965,0.99989,0,answer,"To make a decision, we need to calculate the expected dollar value of each deal.

For Deal A, the expected dollar value is:
Expected Value = (Payoff * Probability) = ($62 * 1) = $62

For Deal B, the expected dollar value is:
Expected Value = (Payoff * Probability) = ($263 * 0.33) + ($0 * 0.67) = $86.59

Since $86.59 (Deal B) is greater than $62 (Deal A), the option with the higher expected dollar value is Deal B.",massA=0.000346 massB=1
p1,46,4,risk,0,29,71,0.55,1.3466,3,True,B,meta-llama/Llama-3.1-8B-Instruct,chat,riskneutral,1,0.99933,0.99992,0,answer,"To choose the option with the higher expected dollar value, we need to calculate the expected value of each option.

For Payout A, the expected value is:
Expected Value A = $29 (payoff) * 1 (probability) = $29

For Payout B, the expected value is:
Expected Value B = ($71 * 0.55) + ($0 * 0.45) = $38.95

Since $29 (Expected Value A) is less than $38.95 (Expected Value B), the option with the higher expected dollar value is Payout B.",massA=0.000667 massB=0.999
p1,117,11,risk,0,54,68,0.81,1.02,3,False,A,meta-llama/Llama-3.1-8B-Instruct,chat,riskneutral,1,0.99986,0.99986,0,answer,"To choose the option with the higher expected dollar value, we need to calculate the expected value for each option.

For Payout A:
Expected value = (Payoff * Probability) + (0 * Probability)
Expected value = ($68 * 0.81) + ($0 * 0.19)
Expected value = $54.78

For Payout B:
Expected value = (Payoff * Probability)
Expected value = ($54 * 1)
Expected value = $54

Since $54.78 is greater than $54, the option with the higher expected dollar value is Payout A.",massA=1 massB=0.000136
p1,335,33,risk,0,142,446,0.53,1.6646,2,False,A,meta-llama/Llama-3.1-8B-Instruct,chat,riskneutral,1,0.99979,0.99994,0,answer,"To compute the expected dollar value of each alternative, we multiply the payoff by the probability and sum the results.

For Alternative A:
Expected value = ($446 * 0.53) + ($0 * 0.47)
Expected value = $236.18 + $0
Expected value = $236.18

For Alternative B:
Expected value = ($142 * 1)
Expected value = $142

Since $236.18 is greater than $142, the alternative with the higher expected dollar value is Alternative A.",massA=1 massB=0.000207
p1,61,6,risk,0,94,101,0.71,0.7629,0,False,A,meta-llama/Llama-3.1-8B-Instruct,chat,riskneutral,1,0.00017,0.99981,0,answer,"To compute the expected dollar value of each option, we multiply the payoff by the probability and sum the results.

For Option A:
Expected value = ($101 * 0.71) + ($0 * 0.29)
Expected value = $71.21 + $0
Expected value = $71.21

For Option B:
Expected value = ($94 * 1)
Expected value = $94

Since $94 is greater than $71.21, the option with the higher expected dollar value is Option B.",massA=0.000166 massB=1
p1,66,6,risk,0,94,101,0.71,0.7629,3,True,B,meta-llama/Llama-3.1-8B-Instruct,chat,riskneutral,1,0.00019,0.9999,0,answer,"To choose the option with the higher expected dollar value, we need to calculate the expected value for each option.

For Payout A, the expected value is simply the payout amount since it's received with certainty:
Expected Value A = $94

For Payout B, we need to calculate the expected value using the probabilities:
Expected Value B = ($101 * 0.71) + ($0 * 0.29)
Expected Value B = $71.21

Since $94 (Expected Value A) is greater than $71.21 (Expected Value B), the option with the higher expected dollar value is Payout A.",massA=1 massB=0.000185
p1,364,36,risk,0,98,227,0.47,1.0887,2,True,B,meta-llama/Llama-3.1-8B-Instruct,chat,riskneutral,1,0.99998,0.99997,0,answer,"To determine the preferred alternative, we need to calculate the expected dollar value for each option.

For Alternative A, the expected dollar value is:
$98 (payoff) * 1 (probability) = $98

For Alternative B, the expected dollar value is:
($227 * 0.47) + ($0 * 0.53) = $106.09

Since $106.09 (expected value of Alternative B) is greater than $98 (expected value of Alternative A), the preferred alternative is",massA=2.18e-05 massB=1
p1,31,3,risk,0,46,158,0.33,1.1335,0,False,A,meta-llama/Llama-3.1-8B-Instruct,chat,riskneutral,1,0.99963,0.99994,0,answer,"To compute the expected dollar value of each option, we multiply the payoff by the probability and sum the results.

For Option A:
Expected value = ($158 * 0.33) + ($0 * 0.67)
Expected value = $52.34 + $0
Expected value = $52.34

For Option B:
Expected value = ($46 * 1)
Expected value = $46

Since $52.34 is greater than $46, the option with the higher expected dollar value is Option A.",massA=1 massB=0.000368
p2,430,14,gain,0,81,201,0.68,1.6874,0,True,B,meta-llama/Llama-3.1-8B-Instruct,chat,riskneutral,1,0.99994,0.99989,0,answer,"To compute the expected dollar value of each option, we multiply the payoff by the probability and sum the results.

For Option A, the expected dollar value is:
$81 (payoff) * 1 (probability) = $81

For Option B, the expected dollar value is:
($201 * 0.68) + ($0 * 0.32) = $136.56

Since $136.56 is greater than $81, the option with the higher expected dollar value is Option B.",massA=5.92e-05 massB=1
p2,632,21,neutral,0,106,206,0.73,1.4187,1,True,B,meta-llama/Llama-3.1-8B-Instruct,chat,riskneutral,1,0.99996,0.99991,0,answer,"To determine the expected dollar value of each arrangement, we need to multiply the payoff by the probability and sum the results.

For Arrangement A, the expected dollar value is simply the certain payoff:
Expected value A = $106

For Arrangement B, we calculate the expected dollar value as follows:
Expected value B = ($206 * 0.73) + ($0 * 0.27)
Expected value B = $150.18

Since $150.18 is greater than $106, the expected dollar value of Arrangement B is higher.",massA=4.07e-05 massB=1
p2,283,9,gain,0,49,153,0.26,0.8118,1,False,A,meta-llama/Llama-3.1-8B-Instruct,chat,riskneutral,1,2e-05,0.9998,0,answer,"To determine the best option, we need to calculate the expected dollar value for each arrangement.

For Arrangement A:
- Probability of gaining $153: 26%
- Probability of gaining nothing: 74%
- Expected value = (Payoff 1 * Probability 1) + (Payoff 2 * Probability 2)
- Expected value = ($153 * 0.26) + ($0 * 0.74)
- Expected value = $39.78

For Arrangement B:
- Probability of gaining $49: 100%
- Expected value = (Payoff * Probability)
- Expected value = ($49 * 1)
- Expected value = $49

Since $49 is greater than $39.78, the best option is Arrangement B.",massA=2.43e-05 massB=1
p2,256,8,gain,0,62,263,0.33,1.3998,3,True,B,meta-llama/Llama-3.1-8B-Instruct,chat,riskneutral,1,0.99996,0.99989,0,answer,"To choose the best option, we need to calculate the expected dollar value of each outcome.

For Outcome A, the expected dollar value is simply the certain gain:
Expected value A = $62

For Outcome B, we need to calculate the expected value using the probabilities:
Expected value B = ($263 * 0.33) + ($0 * 0.67)
Expected value B = $86.59 + $0
Expected value B = $86.59

Since Outcome A has an expected value of $62 and Outcome B has an expected value of $86.59, we should choose Outcome B.",massA=4.2e-05 massB=1
p2,264,8,mixed,62,62,263,0.33,1.3998,2,True,B,meta-llama/Llama-3.1-8B-Instruct,chat,riskneutral,1,0.99998,0.99995,0,answer,"To determine the expected dollar value of each alternative, we need to calculate the product of the payoff and the probability for each outcome.

For Alternative A, the payoff is $62, and the probability is 1 (since it's a certainty). So, the expected dollar value is $62.

For Alternative B, there are two possible outcomes:
1. A 33% chance to rise to $263: The expected value is $263 * 0.33 = $86.89
2. A 67% chance to drop to $0: The expected value is $0 * 0.67 = $0
The overall expected dollar value for Alternative B is the sum of these two expected values: $86.89 + $0 = $86.89

Since $86.89 is greater than $62, the expected dollar value of Alternative B is higher.",massA=2.36e-05 massB=1
p2,919,30,gain,0,149,447,0.26,0.78,4,False,A,meta-llama/Llama-3.1-8B-Instruct,chat,riskneutral,1,1e-05,0.99988,0,answer,"To decide between Term A and Term B, we need to calculate the expected dollar value of each option.

For Term A:
- Probability of gaining $447: 26%
- Probability of gaining nothing: 74%
- Expected value = (Probability of gaining $447) * ($447) + (Probability of gaining nothing) * ($0)
Expected value = 0.26 * $447 + 0.74 * $0
Expected value = $116.22

For Term B:
- Probability of gaining $149: 100%
- Expected value = (Probability of gaining $149) * ($149)
Expected value = 1 * $149
Expected value = $149

Since $149 is greater than $116.22, the expected dollar value of Term B is higher.",massA=9.82e-06 massB=1
p2,129,4,neutral,0,29,71,0.55,1.3466,4,False,A,meta-llama/Llama-3.1-8B-Instruct,chat,riskneutral,1,0.99995,0.99993,0,answer,"To decide between Term A and Term B, we need to calculate the expected dollar value of each term.

For Term A:
Expected value = (Payoff 1 * Probability 1) + (Payoff 2 * Probability 2)
Expected value = ($71 * 0.55) + ($0 * 0.45)
Expected value = $38.95 + $0
Expected value = $38.95

For Term B:
Expected value = (Payoff * Probability)
Expected value = ($29 * 1)
Expected value = $29

Since $38.95 is greater than $29, the expected dollar value of Term A is higher.",massA=1 massB=4.99e-05
p2,193,6,gain,0,94,101,0.71,0.7629,1,False,A,meta-llama/Llama-3.1-8B-Instruct,chat,riskneutral,1,5e-05,0.9997,0,answer,"To determine the best option, we need to calculate the expected dollar value for each arrangement.

For Arrangement A:
Expected value = (probability of gaining $101) * ($101) + (probability of gaining nothing) * ($0)
Expected value = (0.71) * ($101) + (0.29) * ($0)
Expected value = $71.21

For Arrangement B:
Expected value = (probability of gaining $94) * ($94)
Expected value = (1) * ($94)
Expected value = $94

Since $94 is greater than $71.21, the best option is Arrangement B.",massA=5.47e-05 massB=1
p2,575,19,neutral,0,64,122,0.49,0.9341,2,False,A,meta-llama/Llama-3.1-8B-Instruct,chat,riskneutral,1,5e-05,0.99988,0,answer,"To find the expected dollar value of each option, we multiply the payoff by the probability and sum the results.

For Alternative A:
Expected value = ($122 * 0.49) + ($0 * 0.51)
Expected value = $59.78 + $0
Expected value = $59.78

For Alternative B:
Expected value = ($64 * 1)
Expected value = $64

Since $64 is greater than $59.78, the expected dollar value of Alternative B is higher.",massA=5.31e-05 massB=1
p2,571,19,neutral,0,64,122,0.49,0.9341,0,False,A,meta-llama/Llama-3.1-8B-Instruct,chat,riskneutral,1,0.00018,0.99979,0,answer,"To compute the expected dollar value of each option, we multiply the payoff by the probability and sum the results.

For Option A:
Expected value = ($122 * 0.49) + ($0 * 0.51)
Expected value = $59.78 + $0
Expected value = $59.78

For Option B:
Expected value = ($64 * 1)
Expected value = $64

Since $64 is greater than $59.78, the option with the higher expected dollar value is Option B.",massA=0.000182 massB=1
p2,1042,34,mixed,52,52,96,0.63,1.1631,1,True,B,meta-llama/Llama-3.1-8B-Instruct,chat,riskneutral,1,0.99996,0.99992,0,answer,"To determine the expected dollar value of each arrangement, we need to calculate the product of the payoff and the probability for each possible outcome.

For Arrangement A, there is only one outcome: keeping the $52. The expected dollar value is:
Expected Value A = ($52) * (1) = $52

For Arrangement B, there are two possible outcomes:
- A 63% chance to rise to $96: Expected Value B1 = ($96) * (0.63) = $60.48
- A 37% chance to drop to $0: Expected Value B2 = ($0) * (0.37) = $0
The overall expected dollar value for Arrangement B is the sum of these two outcomes:
Expected Value B = $60.48 + $0 = $60.48

Since $60.48 is greater than $52, the expected dollar value of Arrangement B is higher.",massA=3.88e-05 massB=1
p2,1105,36,mixed,98,98,227,0.47,1.0887,2,False,A,meta-llama/Llama-3.1-8B-Instruct,chat,riskneutral,1,0.99936,0.9999,0,answer,"To compute the expected dollar value of each alternative, we need to multiply the payoff by the probability and sum the results.

For Alternative A:
Expected value = (0.47 * $227) + (0.53 * -$98)
Expected value = $106.89 - $51.94
Expected value = $54.95

For Alternative B:
Expected value = $98 (since there's no change)

Since $54.95 is greater than $98, the expected dollar value of Alternative A is higher.",massA=0.999 massB=0.000636
p2,1089,36,neutral,0,98,227,0.47,1.0887,4,False,A,meta-llama/Llama-3.1-8B-Instruct,chat,riskneutral,1,0.99989,0.99993,0,answer,"To decide between Term A and Term B, we need to calculate the expected dollar value of each term.

For Term A:
Expected value = (Payoff 1 * Probability 1) + (Payoff 2 * Probability 2)
Expected value = ($227 * 0.47) + ($0 * 0.53)
Expected value = $106.09

For Term B:
Expected value = (Payoff * Probability)
Since the payoff is certain, the probability is 1.
Expected value = $98

Since $106.09 is greater than $98, the expected dollar value of Term A is higher.",massA=1 massB=0.000112
p2,399,13,neutral,0,72,88,0.64,0.7822,4,False,A,meta-llama/Llama-3.1-8B-Instruct,chat,riskneutral,1,3e-05,0.99982,0,answer,"To decide between Term A and Term B, we need to calculate the expected dollar value of each term.

For Term A:
Expected value = (Payoff 1 * Probability 1) + (Payoff 2 * Probability 2)
Expected value = ($88 * 0.64) + ($0 * 0.36)
Expected value = $56.32

For Term B:
Expected value = (Payoff * Probability)
Since the payoff is certain, the probability is 1.
Expected value = $72 * 1
Expected value = $72

Since $72 is greater than $56.32, the expected dollar value of Term B is higher.",massA=2.8e-05 massB=1
p2,1078,35,mixed,91,91,133,0.68,0.9938,4,True,B,meta-llama/Llama-3.1-8B-Instruct,chat,riskneutral,1,0.99975,0.99993,0,answer,"To decide between Term A and Term B, we need to calculate the expected dollar value of each option.

For Term A, the expected dollar value is simply the initial amount:
Expected value of Term A = $91

For Term B, we need to calculate the expected value of the two possible outcomes and their probabilities:
Expected value of Term B = (68% * $133) + (32% * -$0)
Expected value of Term B = (0.68 * $133) + (0.32 * -$0)
Expected value of Term B = $90.44 + $0
Expected value of Term B = $90.44

Since $90.44 is greater than $91, the expected dollar value of Term B is higher.",massA=0.000245 massB=1
p2,496,16,gain,0,139,234,0.6,1.0101,3,True,B,meta-llama/Llama-3.1-8B-Instruct,chat,riskneutral,1,0.99992,0.9999,0,answer,"To choose the best option, we need to calculate the expected dollar value of each outcome.

For Outcome A, the expected dollar value is simply the certain gain:
Expected value A = $139

For Outcome B, we need to calculate the expected value using the probabilities and payoffs:
Expected value B = ($234 * 0.6) + ($0 * 0.4)
Expected value B = $140.4

Since $140.4 is greater than $139, the best option is Outcome B.",massA=8.22e-05 massB=1
p2,443,14,mixed,81,81,201,0.68,1.6874,1,False,A,meta-llama/Llama-3.1-8B-Instruct,chat,riskneutral,1,0.99996,0.99996,0,answer,"To determine the best option, we need to calculate the expected dollar value for each arrangement.

For Arrangement A:
- The probability of rising to $201 is 68% or 0.68.
- The probability of dropping to $0 is 32% or 0.32.
- The expected dollar value is calculated as: (payoff * probability) + (payoff * probability)
- Expected dollar value = ($201 * 0.68) + ($0 * 0.32)
- Expected dollar value = $137.08

For Arrangement B:
- The expected dollar value is simply the initial amount since there's no change.
- Expected dollar value = $81

Since $137.08 is greater than $81, the expected dollar value of Arrangement A is higher.",massA=1 massB=4.13e-05
p2,625,20,mixed,186,186,266,0.63,0.901,2,False,A,meta-llama/Llama-3.1-8B-Instruct,chat,riskneutral,1,3e-05,0.99953,0,answer,"To compute the expected dollar value of each option, we need to multiply the payoff by the probability and sum the results.

For Alternative A:
Expected value = (Payoff 1 * Probability 1) + (Payoff 2 * Probability 2)
Expected value = ($266 * 0.63) + ($0 * 0.37)
Expected value = $166.98 + $0
Expected value = $166.98

For Alternative B:
Expected value = (Payoff * Probability)
Expected value = ($186 * 1)
Expected value = $186

Since $166.98 is less than $186, the expected dollar value of Alternative A is lower than Alternative B.",massA=2.51e-05 massB=1
p2,254,8,gain,0,62,263,0.33,1.3998,2,True,B,meta-llama/Llama-3.1-8B-Instruct,chat,riskneutral,1,0.99997,0.99988,0,answer,"To find the expected dollar value of each option, we multiply the payoff by the probability and sum the results.

For Alternative A:
Expected value = (Payoff * Probability) = ($62 * 1) = $62

For Alternative B:
Expected value = (Payoff * Probability) = ($263 * 0.33) + ($0 * 0.67) = $86.59

Since $86.59 is greater than $62, the expected dollar value of Alternative B is higher.",massA=2.98e-05 massB=1
p2,528,17,gain,0,117,362,0.42,1.2995,4,True,B,meta-llama/Llama-3.1-8B-Instruct,chat,riskneutral,1,0.99998,0.99993,0,answer,"To decide between Term A and Term B, we need to calculate the expected dollar value of each option.

For Term A, the expected dollar value is simply the certain gain:
Expected value of Term A = $117

For Term B, we need to calculate the expected value using the probabilities and payoffs:
Expected value of Term B = (0.42 * $362) + (0.58 * $0)
Expected value of Term B = $152.44 + $0
Expected value of Term B = $152.44

Since $152.44 is greater than $117, the expected dollar value of Term B is higher.",massA=1.98e-05 massB=1
p2,276,9,neutral,0,49,153,0.26,0.8118,3,True,B,meta-llama/Llama-3.1-8B-Instruct,chat,riskneutral,1,7e-05,0.99991,0,answer,"To choose the best option, we need to calculate the expected dollar value of each outcome.

For Outcome A, the expected dollar value is simply the certain amount:
Expected value A = $49

For Outcome B, we need to calculate the expected value using the probabilities:
Expected value B = ($153 * 0.26) + ($0 * 0.74)
Expected value B = $39.48 + $0
Expected value B = $39.48

Since Outcome A has a higher expected dollar value ($49 vs $39.48), we should choose Outcome A.",massA=1 massB=6.5e-05
p2,929,30,mixed,149,149,447,0.26,0.78,4,False,A,meta-llama/Llama-3.1-8B-Instruct,chat,riskneutral,1,1e-05,0.99977,0,answer,"To decide between Term A and Term B, we need to calculate the expected dollar value of each option.

For Term A:
- Probability of rising to $447: 26%
- Probability of dropping to $0: 74%
- Expected value = (Payoff 1 * Probability 1) + (Payoff 2 * Probability 2)
Expected value = ($447 * 0.26) + ($0 * 0.74)
Expected value = $116.42

For Term B:
- Probability of keeping $149: 100%
- Expected value = ($149 * 1)
Expected value = $149

Since $149 (Term B) is greater than $116.42 (Term A), the expected dollar value of Term B is higher.",massA=5.01e-06 massB=1
p2,908,30,neutral,0,149,447,0.26,0.78,4,True,B,meta-llama/Llama-3.1-8B-Instruct,chat,riskneutral,1,0.0003,0.99996,0,answer,"To decide between Term A and Term B, we need to calculate the expected dollar value of each option.

For Term A, the expected dollar value is simply the certain amount:
Expected value of Term A = $149

For Term B, we need to calculate the expected value using the given probabilities:
Expected value of Term B = ($447 * 0.26) + ($0 * 0.74)
Expected value of Term B = $115.82

Since $115.82 is less than $149, the expected dollar value of Term A is higher.",massA=1 massB=0.000301
p2,207,6,mixed,94,94,101,0.71,0.7629,3,False,A,meta-llama/Llama-3.1-8B-Instruct,chat,riskneutral,1,4e-05,0.99976,0,answer,"To choose the best outcome, we need to calculate the expected dollar value for each option.

For Outcome A:
- The probability of rising to $101 is 71% or 0.71.
- The probability of dropping to $0 is 29% or 0.29.
- The expected value for Outcome A is calculated as follows:
  (Payoff if $101 * Probability of $101) + (Payoff if $0 * Probability of $0)
  = ($101 * 0.71) + ($0 * 0.29)
  = $71.31 + $0
  = $71.31

For Outcome B:
- The expected value for Outcome B is the initial amount of $94.

Now, let's compare the expected dollar values:
- Outcome A: $71.31
- Outcome B: $94

Since $94 is greater than $71.31, the best option is to keep the initial amount of $94, which is Outcome B.",massA=3.59e-05 massB=1
p2,601,20,neutral,0,186,266,0.63,0.901,0,False,A,meta-llama/Llama-3.1-8B-Instruct,chat,riskneutral,1,0.00016,0.99987,0,answer,"To compute the expected dollar value of each option, we multiply the payoff by the probability and sum the results.

For Option A:
Expected value = ($266 * 0.63) + ($0 * 0.37)
Expected value = $167.18 + $0
Expected value = $167.18

For Option B:
Expected value = ($186 * 1)
Expected value = $186

Since $167.18 is less than $186, we prefer the option with the higher expected dollar value.",massA=0.000158 massB=1
p2,317,10,gain,0,111,278,0.58,1.4526,3,False,A,meta-llama/Llama-3.1-8B-Instruct,chat,riskneutral,1,0.99992,0.99996,0,answer,"To choose the best outcome, we need to calculate the expected dollar value of each option.

For Outcome A:
Expected value = (Payoff 1 * Probability 1) + (Payoff 2 * Probability 2)
Expected value = ($278 * 0.58) + ($0 * 0.42)
Expected value = $161.24

For Outcome B:
Expected value = (Payoff * Probability)
Expected value = ($111 * 1)
Expected value = $111

Since $161.24 is greater than $111, the best outcome is",massA=1 massB=8.35e-05
p2,1069,35,gain,0,91,133,0.68,0.9938,4,False,A,meta-llama/Llama-3.1-8B-Instruct,chat,riskneutral,1,0.00019,0.99976,0,answer,"To decide between Term A and Term B, we need to calculate the expected dollar value of each option.

For Term A:
Expected value = (probability of gaining $133) * ($133) + (probability of gaining nothing) * ($0)
Expected value = (0.68) * ($133) + (0.32) * ($0)
Expected value = $90.44

For Term B:
Expected value = (probability of gaining $91) * ($91)
Expected value = (1) * ($91)
Expected value = $91

Since $90.44 is less than $91, Term B has a higher expected dollar value.",massA=0.000185 massB=1
p2,1035,34,gain,0,52,96,0.63,1.1631,2,False,A,meta-llama/Llama-3.1-8B-Instruct,chat,riskneutral,1,0.99985,0.99993,0,answer,"To compute the expected dollar value of each option, we multiply the payoff by the probability and sum the results.

For Alternative A:
Expected value = ($96 * 0.63) + ($0 * 0.37)
Expected value = $60.48 + $0
Expected value = $60.48

For Alternative B:
Expected value = $52 * 1
Expected value = $52

Since $60.48 is greater than $52, the expected dollar value of Alternative A is higher.",massA=1 massB=0.000149
p2,475,15,mixed,82,82,113,0.74,1.0198,2,False,A,meta-llama/Llama-3.1-8B-Instruct,chat,riskneutral,1,0.99996,0.99993,0,answer,"To compute the expected dollar value of each option, we need to multiply the payoff by the probability and sum the results.

For Alternative A:
Expected value = (Payoff 1 * Probability 1) + (Payoff 2 * Probability 2)
Expected value = ($113 * 0.74) + ($0 * 0.26)
Expected value = $83.62

For Alternative B:
Expected value = (Payoff * Probability)
Expected value = ($82 * 1)
Expected value = $82

Since $83.62 is greater than $82, the expected dollar value of Alternative A is higher.",massA=1 massB=3.88e-05
p2,610,20,gain,0,186,266,0.63,0.901,0,True,B,meta-llama/Llama-3.1-8B-Instruct,chat,riskneutral,1,0.00017,0.99992,0,answer,"To compute the expected dollar value of each option, we multiply the payoff by the probability and sum the results.

For Option A, the expected dollar value is:
$186 (payoff) * 1 (probability) = $186

For Option B, the expected dollar value is:
($266 * 0.63) + ($0 * 0.37) = $167.18

Since $186 is greater than $167.18, the option with the higher expected dollar value is Option A.",massA=1 massB=0.000174
p2,1269,34,dominant,0,52,110,1.0,2.1154,3,False,A,meta-llama/Llama-3.1-8B-Instruct,chat,riskneutral,1,0.99994,0.99987,0,answer,"To make a decision, we need to calculate the expected dollar value of each outcome. 

Outcome A: $110 for certain (probability = 1)
Expected dollar value of A = $110 * 1 = $110

Outcome B: $52 for certain (probability = 1)
Expected dollar value of B = $52 * 1 = $52

Since $110 is greater than $52, the option with the higher expected dollar value is Outcome A.",massA=1 massB=5.74e-05
p2,243,8,neutral,0,62,263,0.33,1.3998,1,False,A,meta-llama/Llama-3.1-8B-Instruct,chat,riskneutral,1,0.99981,0.99994,0,answer,"To find the expected dollar value of each arrangement, we multiply the payoff by the probability and sum the results.

For Arrangement A:
Expected value = ($263 * 0.33) + ($0 * 0.67)
Expected value = $86.59 + $0
Expected value = $86.59

For Arrangement B:
Expected value = ($62 * 1)
Expected value = $62

Since $86.59 is greater than $62, the expected dollar value of Arrangement A is higher.",massA=1 massB=0.000191
p2,416,13,mixed,72,72,88,0.64,0.7822,3,True,B,meta-llama/Llama-3.1-8B-Instruct,chat,riskneutral,1,0.00025,0.99988,0,answer,"To choose the best outcome, we need to calculate the expected dollar value of each option.

For Outcome A, the expected dollar value is simply the initial amount:
Expected value A = $72

For Outcome B, we need to calculate the expected value using the probabilities and payoffs:
Expected value B = (64% chance to rise to $88) * ($88) + (36% chance to drop to $0) * ($0)
Expected value B = 0.64 * $88 + 0.36 * $0
Expected value B = $56.32

Since $56.32 is less than $72, we should choose the outcome with the higher expected dollar value, which is Outcome A.",massA=1 massB=0.000253
p2,1241,20,dominant,0,186,229,1.0,1.2312,2,False,A,meta-llama/Llama-3.1-8B-Instruct,chat,riskneutral,1,0.99997,0.99997,0,answer,"To determine the preferred option, we need to calculate the expected dollar value for each alternative. Since both alternatives are for certain, the probability of receiving the amount is 1.

Alternative A: $229 (payoff) * 1 (probability) = $229
Alternative B: $186 (payoff) * 1 (probability) = $186

Since $229 is greater than $186, the preferred option is the one with the higher expected dollar value.",massA=1 massB=3.32e-05
p2,580,19,gain,0,64,122,0.49,0.9341,0,True,B,meta-llama/Llama-3.1-8B-Instruct,chat,riskneutral,1,8e-05,0.99994,0,answer,"To compute the expected dollar value of each option, we multiply the payoff by the probability and sum the results.

For Option A, the payoff is $64 and the probability is 1 (since it's a certain gain). So, the expected dollar value of Option A is:
$64 * 1 = $64

For Option B, the payoff is $122 with a 49% chance and $0 with a 51% chance. So, the expected dollar value of Option B is:
($122 * 0.49) + ($0 * 0.51) = $59.78

Since $64 is greater than $59.78, the option with the higher expected dollar value is Option A.",massA=1 massB=7.97e-05
p2,612,20,gain,0,186,266,0.63,0.901,1,True,B,meta-llama/Llama-3.1-8B-Instruct,chat,riskneutral,1,7e-05,0.99993,0,answer,"To determine the expected dollar value of each arrangement, we need to multiply the payoff by the probability and sum the results.

For Arrangement A, the payoff is $186 and the probability is 100% (or 1). So, the expected dollar value is:
$186 * 1 = $186

For Arrangement B, the payoff is $266 with a 63% chance and $0 with a 37% chance. So, the expected dollar value is:
($266 * 0.63) + ($0 * 0.37) = $167.18

Since $186 is greater than $167.18, the expected dollar value of Arrangement A is higher.",massA=1 massB=7.03e-05
p2,478,15,mixed,82,82,113,0.74,1.0198,4,True,B,meta-llama/Llama-3.1-8B-Instruct,chat,riskneutral,1,0.99997,0.99997,0,answer,"To decide between Term A and Term B, we need to calculate the expected dollar value of each option.

For Term A, the expected dollar value is simply the initial amount:
Expected value of Term A = $82

For Term B, we need to calculate the expected value of the two possible outcomes and their probabilities:
Expected value of rising to $113 = $113 * 0.74 = $83.62
Expected value of dropping to $0 = $0 * 0.26 = $0
Expected value of Term B = ($113 * 0.74) + ($0 * 0.26) = $83.62

Since $83.62 is greater than $82, Term B has a higher expected dollar value.",massA=2.55e-05 massB=1
p2,938,31,neutral,0,51,151,0.29,0.8586,4,True,B,meta-llama/Llama-3.1-8B-Instruct,chat,riskneutral,1,0.00022,0.99996,0,answer,"To decide between Term A and Term B, we need to calculate the expected dollar value of each option.

For Term A, the expected dollar value is simply the certain amount:
Expected value of Term A = $51

For Term B, we need to calculate the expected value using the given probabilities:
Expected value of Term B = ($151 * 0.29) + ($0 * 0.71)
Expected value of Term B = $44.09

Since $44.09 is less than $51, the expected dollar value of Term A is higher.",massA=1 massB=0.00022
p2,343,11,gain,0,54,68,0.81,1.02,1,False,A,meta-llama/Llama-3.1-8B-Instruct,chat,riskneutral,1,0.99938,0.99994,0,answer,"To find the expected dollar value of each arrangement, we multiply the payoff by the probability and sum the results.

For Arrangement A:
Expected value = ($68 * 0.81) + ($0 * 0.19)
Expected value = $54.68 + $0
Expected value = $54.68

For Arrangement B:
Expected value = ($54 * 1)
Expected value = $54

Since $54.68 is greater than $54, we choose the arrangement with the higher expected dollar value.",massA=0.999 massB=0.000617
p2,1159,38,gain,0,183,609,0.38,1.2646,4,False,A,meta-llama/Llama-3.1-8B-Instruct,chat,riskneutral,1,0.99991,0.99994,0,answer,"To decide between Term A and Term B, we need to calculate the expected dollar value of each option.

For Term A:
- Probability of gaining $609: 38%
- Probability of gaining nothing: 62%

Expected dollar value of Term A = ($609 * 0.38) + ($0 * 0.62)
Expected dollar value of Term A = $232.22 + $0
Expected dollar value of Term A = $232.22

For Term B:
- Certain gain of $183

Expected dollar value of Term B = $183

Since $232.22 is greater than $183, the expected dollar value of Term A is higher.",massA=1 massB=8.61e-05
p2,449,14,mixed,81,81,201,0.68,1.6874,4,False,A,meta-llama/Llama-3.1-8B-Instruct,chat,riskneutral,1,0.99988,0.99995,0,answer,"To decide between Term A and Term B, we need to calculate the expected dollar value of each option.

For Term A:
- The probability of rising to $201 is 68% or 0.68.
- The probability of dropping to $0 is 32% or 0.32.
- The expected value of Term A is calculated as follows:
  (0.68 * ($201 - $81)) + (0.32 * ($0 - $81))
  = (0.68 * $120) + (0.32 * -$81)
  = $82 + -$26
  = $56

For Term B:
- The expected value of Term B is simply the initial amount, which is $81.

Since $56 (expected value of Term A) is greater than $81 (expected value of Term B), the expected dollar value of Term A is higher.",massA=1 massB=0.000121
p2,1164,38,mixed,183,183,609,0.38,1.2646,2,True,B,meta-llama/Llama-3.1-8B-Instruct,chat,riskneutral,1,0.99997,0.99996,0,answer,"To determine the expected dollar value of each alternative, we need to calculate the product of the payoff and the probability for each outcome.

For Alternative A, the expected dollar value is simply the initial amount since there's no change:
Expected value A = $183 * 1 = $183

For Alternative B, we have two possible outcomes:
- 38% chance to rise to $609: Expected value B1 = $609 * 0.38 = $232.22
- 62% chance to drop to $0: Expected value B2 = $0 * 0.62 = $0

The overall expected value of Alternative B is the sum of these two outcomes:
Expected value B = $232.22 + $0 = $232.22

Since $232.22 is greater than $183, the expected dollar value of Alternative B is higher.",massA=3.48e-05 massB=1
p2,1086,36,neutral,0,98,227,0.47,1.0887,3,True,B,meta-llama/Llama-3.1-8B-Instruct,chat,riskneutral,1,0.99996,0.99998,0,answer,"To choose the best option, we need to calculate the expected dollar value of each outcome.

For Outcome A, the expected dollar value is simply the certain amount:
Expected value A = $98

For Outcome B, we need to calculate the expected value using the probabilities:
Expected value B = ($227 * 0.47) + ($0 * 0.53)
Expected value B = $106.09

Since Outcome B has a higher expected dollar value, the best option is",massA=4.01e-05 massB=1
p2,344,11,gain,0,54,68,0.81,1.02,2,True,B,meta-llama/Llama-3.1-8B-Instruct,chat,riskneutral,1,0.99997,0.99987,0,answer,"To compute the expected dollar value of each option, we multiply the payoff by the probability and sum the results.

For Alternative A, the expected dollar value is:
$54 (payoff) * 1 (probability) = $54

For Alternative B, the expected dollar value is:
($68 * 0.81) + ($0 * 0.19) = $54.88

Since $54.88 is greater than $54, the expected dollar value of Alternative B is higher.",massA=2.67e-05 massB=1
p2,266,8,mixed,62,62,263,0.33,1.3998,3,True,B,meta-llama/Llama-3.1-8B-Instruct,chat,riskneutral,1,0.99993,0.99994,0,answer,"To choose the best outcome, we need to calculate the expected dollar value of each option.

For Outcome A, the expected dollar value is simply the initial amount:
Expected value A = $62

For Outcome B, we need to calculate the expected value using the probabilities and payoffs:
Expected value B = (33% chance to rise to $263) * ($263) + (67% chance to drop to $0) * ($0)
Expected value B = 0.33 * $263 + 0.67 * $0
Expected value B = $86.79

Since Outcome B has a higher expected dollar value, the best choice is",massA=7.03e-05 massB=1
p2,1026,34,neutral,0,52,96,0.63,1.1631,3,True,B,meta-llama/Llama-3.1-8B-Instruct,chat,riskneutral,1,0.99988,0.99993,0,answer,"To choose the best option, we need to calculate the expected dollar value of each outcome.

For Outcome A, the expected dollar value is simply the certain amount:
Expected value A = $52

For Outcome B, we need to calculate the expected value using the probabilities:
Expected value B = ($96 * 0.63) + ($0 * 0.37)
Expected value B = $60.48 + $0
Expected value B = $60.48

Since Outcome A has an expected value of $52 and Outcome B has an expected value of $60.48, we should choose Outcome B.",massA=0.000123 massB=1
p2,1108,36,mixed,98,98,227,0.47,1.0887,4,True,B,meta-llama/Llama-3.1-8B-Instruct,chat,riskneutral,1,0.99998,0.99995,0,answer,"To decide between Term A and Term B, we need to calculate the expected dollar value of each option.

For Term A, the expected dollar value is simply the initial amount:
Expected value of Term A = $98

For Term B, we need to calculate the expected value of the two possible outcomes and their probabilities:
Expected value of rising to $227 = $227 * 0.47 = $106.49
Expected value of dropping to $0 = $0 * 0.53 = $0
Expected value of Term B = $106.49 + $0 = $106.49

Since $106.49 (expected value of Term B) is greater than $98 (expected value of Term A), the option with the higher expected dollar value is Term B.",massA=2.32e-05 massB=1
p2,1262,31,dominant,0,51,73,1.0,1.4314,1,True,B,meta-llama/Llama-3.1-8B-Instruct,chat,riskneutral,1,0.99997,0.99991,0,answer,"To determine the best option, we need to calculate the expected dollar value for each arrangement. 

For Arrangement A, the expected dollar value is:
Expected Value A = Payoff A * Probability A
Since the payoff is certain, the probability is 1.
Expected Value A = $51 * 1 = $51

For Arrangement B, the expected dollar value is:
Expected Value B = Payoff B * Probability B
Since the payoff is certain, the probability is 1.
Expected Value B = $73 * 1 = $73

Since $73 is greater than $51, the expected dollar value of Arrangement B is higher.",massA=3.48e-05 massB=1
p2,184,6,neutral,0,94,101,0.71,0.7629,2,True,B,meta-llama/Llama-3.1-8B-Instruct,chat,riskneutral,1,0.0002,0.99993,0,answer,"To determine the preferred option, we need to calculate the expected dollar value for each alternative.

For Alternative A, the expected dollar value is simply the certain amount:
Expected value A = $94

For Alternative B, we calculate the expected value by multiplying each possible outcome by its probability and summing the results:
Expected value B = ($101 * 0.71) + ($0 * 0.29)
Expected value B = $71.21 + $0
Expected value B = $71.21

Since $94 (Alternative A) is greater than $71.21 (Alternative B), the preferred option is the one with the higher expected dollar value.",massA=1 massB=0.000203
p2,586,19,gain,0,64,122,0.49,0.9341,3,True,B,meta-llama/Llama-3.1-8B-Instruct,chat,riskneutral,1,8e-05,0.99995,0,answer,"To choose the best option, we need to calculate the expected dollar value of each outcome.

For Outcome A, the expected dollar value is simply the certain gain:
Expected value A = $64

For Outcome B, we need to calculate the expected value using the probabilities and payoffs:
Expected value B = ($122 * 0.49) + ($0 * 0.51)
Expected value B = $59.58

Since Outcome A has a higher expected dollar value ($64 vs $59.58), we choose the certain gain.",massA=1 massB=7.97e-05
p2,1155,38,gain,0,183,609,0.38,1.2646,2,False,A,meta-llama/Llama-3.1-8B-Instruct,chat,riskneutral,1,0.99988,0.99994,0,answer,"To compute the expected dollar value of each option, we multiply the payoff by the probability and sum the results.

For Alternative A:
Expected value = (0.38 * $609) + (0.62 * $0)
Expected value = $231.42 + $0
Expected value = $231.42

For Alternative B:
Expected value = $183

Since $231.42 is greater than $183, the expected dollar value of Alternative A is higher.",massA=1 massB=0.000121
p2,485,16,neutral,0,139,234,0.6,1.0101,2,False,A,meta-llama/Llama-3.1-8B-Instruct,chat,riskneutral,1,0.99988,0.99993,0,answer,"To find the expected dollar value of each alternative, we multiply the payoff by the probability and sum the results.

For Alternative A:
Expected value = ($234 * 0.6) + ($0 * 0.4)
Expected value = $140.4 + $0
Expected value = $140.4

For Alternative B:
Expected value = ($139 * 1)
Expected value = $139

Since $140.4 is greater than $139, the expected dollar value of Alternative A is higher.",massA=1 massB=0.000121
p2,127,4,neutral,0,29,71,0.55,1.3466,3,False,A,meta-llama/Llama-3.1-8B-Instruct,chat,riskneutral,1,0.99986,0.99986,0,answer,"To choose the option with the higher expected dollar value, we need to calculate the expected value for each outcome.

For Outcome A:
Expected value = (Payoff 1 * Probability 1) + (Payoff 2 * Probability 2)
Expected value = ($71 * 0.55) + ($0 * 0.45)
Expected value = $38.95 + $0
Expected value = $38.95

For Outcome B:
Expected value = (Payoff * Probability)
Expected value = ($29 * 1)
Expected value = $29

Since $38.95 is greater than $29, the option with the higher expected dollar value is Outcome A.",massA=1 massB=0.000138
p2,426,14,neutral,0,81,201,0.68,1.6874,3,True,B,meta-llama/Llama-3.1-8B-Instruct,chat,riskneutral,1,0.99992,0.99992,0,answer,"To choose the best option, we need to calculate the expected dollar value of each outcome.

For Outcome A, the expected dollar value is simply the certain amount:
Expected value A = $81

For Outcome B, we need to calculate the weighted sum of the possible payoffs:
Expected value B = ($201 * 0.68) + ($0 * 0.32)
Expected value B = $136.56 + $0
Expected value B = $136.56

Since Outcome A has an expected value of $81 and Outcome B has an expected value of $136.56, we should choose Outcome B.",massA=8.22e-05 massB=1
p2,251,8,gain,0,62,263,0.33,1.3998,0,False,A,meta-llama/Llama-3.1-8B-Instruct,chat,riskneutral,1,0.99973,0.99989,0,answer,"To compute the expected dollar value of each option, we multiply the payoff by the probability and sum the results.

For Option A:
Expected value = (33% * $263) + (67% * $0)
Expected value = (0.33 * $263) + (0.67 * $0)
Expected value = $86.79 + $0
Expected value = $86.79

For Option B:
Expected value = $62 (since it's a certain gain)

Since $86.79 is greater than $62, the option with the higher expected dollar value is Option A.",massA=1 massB=0.000265
p2,420,14,neutral,0,81,201,0.68,1.6874,0,True,B,meta-llama/Llama-3.1-8B-Instruct,chat,riskneutral,1,0.99986,0.99997,0,answer,"To choose the option with the higher expected dollar value, we need to calculate the expected value for each option.

For Option A, the expected value is simply the certain payment:
Expected Value A = $81

For Option B, we need to calculate the expected value using the probabilities:
Expected Value B = ($201 * 0.68) + ($0 * 0.32)
Expected Value B = $136.56 + $0
Expected Value B = $136.56

Since $136.56 is greater than $81, the option with the higher expected dollar value is Option B.",massA=0.00014 massB=1
p2,1040,34,mixed,52,52,96,0.63,1.1631,0,True,B,meta-llama/Llama-3.1-8B-Instruct,chat,riskneutral,1,0.99988,0.99992,0,answer,"To compute the expected dollar value of each option, we need to multiply the payoff by the probability and sum the results.

For Option A, the expected dollar value is:
Expected Value A = ($52 * 1) = $52

For Option B, the expected dollar value is:
Expected Value B = ($96 * 0.63) + ($0 * 0.37) = $60.48

Since $60.48 is greater than $52, the option with the higher expected dollar value is Option B.",massA=0.000116 massB=1
p2,904,30,neutral,0,149,447,0.26,0.78,2,True,B,meta-llama/Llama-3.1-8B-Instruct,chat,riskneutral,1,9e-05,0.99995,0,answer,"To determine the preferred option, we need to calculate the expected dollar value for each alternative.

For Alternative A, the expected dollar value is simply the certain amount:
Expected value A = $149

For Alternative B, we need to calculate the expected value by multiplying each possible outcome by its probability and then summing these products:
Expected value B = ($447 * 0.26) + ($0 * 0.74)
Expected value B = $115.82 + $0
Expected value B = $115.82

Since $149 is greater than $115.82, the preferred option is Alternative A.",massA=1 massB=9.31e-05
p2,911,30,gain,0,149,447,0.26,0.78,0,False,A,meta-llama/Llama-3.1-8B-Instruct,chat,riskneutral,1,0.00012,0.99982,0,answer,"To compute the expected dollar value of each option, we multiply the payoff by the probability and sum the results.

For Option A:
Expected value = (0.26 * $447) + (0.74 * $0)
Expected value = $116.22 + $0
Expected value = $116.22

For Option B:
Expected value = $149 (since it's a certain gain)

Since $149 is greater than $116.22, the option with the higher expected dollar value is Option B.",massA=0.000118 massB=1
p2,124,4,neutral,0,29,71,0.55,1.3466,2,True,B,meta-llama/Llama-3.1-8B-Instruct,chat,riskneutral,1,0.99984,0.99995,0,answer,"To determine the preferred option, we need to calculate the expected dollar value for each alternative.

For Alternative A: 
Expected value = $29 (since it's a certain outcome)

For Alternative B: 
Expected value = ($71 * 0.55) + ($0 * 0.45)
Expected value = $38.95

Since $38.95 (Alternative B) is greater than $29 (Alternative A),",massA=0.000156 massB=1
p2,147,4,mixed,29,29,71,0.55,1.3466,3,False,A,meta-llama/Llama-3.1-8B-Instruct,chat,riskneutral,1,0.99975,0.99988,0,answer,"To choose the best outcome, we need to calculate the expected dollar value for each option.

For Outcome A:
- The probability of rising to $71 is 55% or 0.55.
- The probability of dropping to $0 is 45% or 0.45.
- The expected value for Outcome A is calculated as follows:
  (Payoff if $71 is reached * Probability of reaching $71) + (Payoff if $0 is reached * Probability of reaching $0)
  = ($71 - $29) * 0.55 + ($0 - $29) * 0.45
  = $42 * 0.55 + (-$29) * 0.45
  = $23.10 - $13.05
  = $10.05

For Outcome B:
- The expected value is simply the initial amount, which is $29.

Since $10.05 is greater than $29, the expected dollar value of Outcome A is higher.",massA=1 massB=0.000249
p2,467,15,gain,0,82,113,0.74,1.0198,3,False,A,meta-llama/Llama-3.1-8B-Instruct,chat,riskneutral,1,0.99989,0.99995,0,answer,"To choose the best outcome, we need to calculate the expected dollar value of each option.

For Outcome A:
Expected value = (Payoff 1 * Probability 1) + (Payoff 2 * Probability 2)
Expected value = ($113 * 0.74) + ($0 * 0.26)
Expected value = $83.52

For Outcome B:
Expected value = (Payoff * Probability)
Expected value = ($82 * 1)
Expected value = $82

Since $83.52 is greater than $82, the best outcome is",massA=1 massB=0.000106
p2,310,10,gain,0,111,278,0.58,1.4526,0,True,B,meta-llama/Llama-3.1-8B-Instruct,chat,riskneutral,1,0.99994,0.99989,0,answer,"To compute the expected dollar value of each option, we multiply the payoff by the probability and sum the results.

For Option A, the expected dollar value is:
$111 (payoff) * 1 (probability) = $111

For Option B, the expected dollar value is:
($278 * 0.58) + ($0 * 0.42) = $161.24

Since $161.24 is greater than $111, the option with the higher expected dollar value is Option B.",massA=6.11e-05 massB=1
p2,397,13,neutral,0,72,88,0.64,0.7822,3,False,A,meta-llama/Llama-3.1-8B-Instruct,chat,riskneutral,1,0.00013,0.99982,0,answer,"To choose the best option, we need to calculate the expected dollar value for each outcome.

For Outcome A:
Expected value = (Payoff 1 * Probability 1) + (Payoff 2 * Probability 2)
Expected value = ($88 * 0.64) + ($0 * 0.36)
Expected value = $56.32

For Outcome B:
Expected value = (Payoff * Probability)
Expected value = ($72 * 1)
Expected value = $72

Since $72 is greater than $56.32, the best option is Outcome B.",massA=0.000131 massB=1
p2,626,20,mixed,186,186,266,0.63,0.901,3,True,B,meta-llama/Llama-3.1-8B-Instruct,chat,riskneutral,1,0.99975,0.99988,0,answer,"To choose the best outcome, we need to calculate the expected dollar value of each option.

For Outcome A, the expected dollar value is simply the initial amount:
Expected value A = $186

For Outcome B, we need to calculate the expected value using the probabilities and payoffs:
Expected value B = ($266 * 0.63) + ($0 * 0.37)
Expected value B = $167.58 + $0
Expected value B = $167.58

Since $167.58 is greater than $186, the best option is Outcome B.",massA=0.000249 massB=1
p2,943,31,gain,0,51,151,0.29,0.8586,1,False,A,meta-llama/Llama-3.1-8B-Instruct,chat,riskneutral,1,4e-05,0.99986,0,answer,"To determine the expected dollar value of each arrangement, we need to multiply the payoff by the probability and sum the results.

For Arrangement A:
Expected value = (0.29 * $151) + (0.71 * $0)
Expected value = $43.91 + $0
Expected value = $43.91

For Arrangement B:
Expected value = $51 (since it's a certain gain)

Since $43.91 is less than $51, we choose the option with the higher expected dollar value.",massA=3.7e-05 massB=1
p2,186,6,neutral,0,94,101,0.71,0.7629,3,True,B,meta-llama/Llama-3.1-8B-Instruct,chat,riskneutral,1,8e-05,0.99988,0,answer,"To choose the best option, we need to calculate the expected dollar value of each outcome.

For Outcome A, the expected dollar value is simply the certain amount:
Expected value A = $94

For Outcome B, we need to calculate the weighted sum of the possible payoffs:
Expected value B = ($101 * 0.71) + ($0 * 0.29)
Expected value B = $71.21

Since $94 is greater than $71.21, the best option is Outcome A.",massA=1 massB=7.6e-05
p2,274,9,neutral,0,49,153,0.26,0.8118,2,True,B,meta-llama/Llama-3.1-8B-Instruct,chat,riskneutral,1,0.00011,0.99995,0,answer,"To determine the preferred option, we need to calculate the expected dollar value for each alternative.

For Alternative A, the expected dollar value is:
$49 (payoff) * 1 (probability) = $49

For Alternative B, the expected dollar value is:
($153 * 0.26) + ($0 * 0.74) = $39.78

Since $49 is greater than $39.78, the preferred option is Alternative A.",massA=1 massB=0.000111
p2,503,16,mixed,139,139,234,0.6,1.0101,1,False,A,meta-llama/Llama-3.1-8B-Instruct,chat,riskneutral,1,0.99994,0.99997,0,answer,"To determine the best option, we need to calculate the expected dollar value for each arrangement.

For Arrangement A:
- The probability of rising to $234 is 60% or 0.6.
- The probability of dropping to $0 is 40% or 0.4.
- The expected dollar value is calculated as: (payoff * probability) + (payoff * probability)
- Expected dollar value = ($234 * 0.6) + ($0 * 0.4)
- Expected dollar value = $140.4

For Arrangement B:
- The expected dollar value is simply the initial amount: $139

Since $140.4 is greater than $139, the expected dollar value of Arrangement A is higher.",massA=1 massB=6.2e-05
p2,937,31,neutral,0,51,151,0.29,0.8586,3,False,A,meta-llama/Llama-3.1-8B-Instruct,chat,riskneutral,1,0.00018,0.99979,0,answer,"To choose the option with the higher expected dollar value, we need to calculate the expected value for each outcome.

For Outcome A:
Expected value = ($151 * 0.29) + ($0 * 0.71)
Expected value = $44.09 + $0
Expected value = $44.09

For Outcome B:
Expected value = ($51 * 1)
Expected value = $51

Since $51 is greater than $44.09, the option with the higher expected dollar value is Outcome B.",massA=0.000179 massB=1
p2,1034,34,gain,0,52,96,0.63,1.1631,2,True,B,meta-llama/Llama-3.1-8B-Instruct,chat,riskneutral,1,0.99975,0.99987,0,answer,"To determine the preferred option, we need to calculate the expected dollar value of each alternative.

For Alternative A, the expected dollar value is simply the certain gain:
Expected value A = $52

For Alternative B, we need to calculate the expected value by multiplying each possible gain by its probability and summing the results:
Expected value B = ($96 * 0.63) + ($96 * 0.63) + ($96 * 0.37) = $60.48 + $60.48 + $35.52 = $156.48

Since $156.48 is greater than $52, the preferred option is Alternative B.",massA=0.000249 massB=1
p2,959,31,mixed,51,51,151,0.29,0.8586,4,False,A,meta-llama/Llama-3.1-8B-Instruct,chat,riskneutral,1,2e-05,0.99977,0,answer,"To decide between Term A and Term B, we need to calculate the expected dollar value of each option.

For Term A:
- The probability of rising to $151 is 29%.
- The probability of dropping to $0 is 71%.
- The expected value is calculated as: (payoff * probability) + (payoff * probability)
- Expected value = ($151 * 0.29) + ($0 * 0.71)
- Expected value = $43.99 + $0
- Expected value = $43.99

For Term B:
- The expected value is simply the initial amount: $51

Since $43.99 is less than $51, the expected dollar value of Term A is lower than Term B.",massA=1.89e-05 massB=1
p2,272,9,neutral,0,49,153,0.26,0.8118,1,True,B,meta-llama/Llama-3.1-8B-Instruct,chat,riskneutral,1,5e-05,0.99991,0,answer,"To determine the expected dollar value of each arrangement, we need to multiply the payoff by the probability and sum the results.

For Arrangement A, the payoff is $49 for certain, so the expected dollar value is:
$49 (payoff) * 1 (probability) = $49

For Arrangement B, the payoffs are $153 with 26% probability and $0 with 74% probability. We need to convert the probabilities to decimals:
26% = 0.26
74% = 0.74

Now, we can calculate the expected dollar value:
($153 * 0.26) + ($0 * 0.74) = $39.78 + $0 = $39.78

Comparing the expected dollar values, Arrangement A has a higher expected dollar value ($49 vs $39.78).",massA=1 massB=5.39e-05
p2,279,9,neutral,0,49,153,0.26,0.8118,4,False,A,meta-llama/Llama-3.1-8B-Instruct,chat,riskneutral,1,0.0003,0.99987,0,answer,"To decide between Term A and Term B, we need to calculate the expected dollar value of each term.

For Term A:
Expected value = (Payoff 1 * Probability 1) + (Payoff 2 * Probability 2)
Expected value = ($153 * 0.26) + ($0 * 0.74)
Expected value = $39.58 + $0
Expected value = $39.58

For Term B:
Expected value = (Payoff * Probability)
Expected value = ($49 * 1)
Expected value = $49

Since $39.58 (Term A) is less than $49 (Term B), we should choose Term B.",massA=0.000296 massB=1
p2,522,17,gain,0,117,362,0.42,1.2995,1,True,B,meta-llama/Llama-3.1-8B-Instruct,chat,riskneutral,1,0.99997,0.99987,0,answer,"To determine the expected dollar value of each arrangement, we need to multiply the payoff by the probability and sum the results.

For Arrangement A, the payoff is $117 and the probability is 100% (or 1). So, the expected dollar value is:
$117 * 1 = $117

For Arrangement B, the payoffs are $362 and $0, with probabilities 42% and 58%, respectively. So, the expected dollar value is:
($362 * 0.42) + ($0 * 0.58) = $152.04

Since $152.04 is greater than $117, the expected dollar value of Arrangement B is higher.",massA=2.93e-05 massB=1
p2,332,11,neutral,0,54,68,0.81,1.02,1,True,B,meta-llama/Llama-3.1-8B-Instruct,chat,riskneutral,1,0.99996,0.99985,0,answer,"To find the expected dollar value of each arrangement, we multiply the payoff by the probability and sum the results.

For Arrangement A, the expected dollar value is:
$54 (payoff) * 1 (probability) = $54

For Arrangement B, the expected dollar value is:
($68 * 0.81) + ($0 * 0.19) = $54.88

Since $54.88 is greater than $54, the expected dollar value of Arrangement B is higher.",massA=4.2e-05 massB=1
p2,297,9,mixed,49,49,153,0.26,0.8118,3,False,A,meta-llama/Llama-3.1-8B-Instruct,chat,riskneutral,1,1e-05,0.99972,0,answer,"To choose the best outcome, we need to calculate the expected dollar value for each option.

For Outcome A:
- The probability of rising to $153 is 26% or 0.26.
- The probability of dropping to $0 is 74% or 0.74.
- The expected dollar value for Outcome A is calculated as follows:
  (Payoff if rising to $153 * Probability of rising to $153) + (Payoff if dropping to $0 * Probability of dropping to $0)
  = ($153 * 0.26) + ($0 * 0.74)
  = $39.78 + $0
  = $39.78

For Outcome B:
- The probability of keeping the $49 is 100% or 1.
- The expected dollar value for Outcome B is calculated as follows:
  (Payoff if keeping $49 * Probability of keeping $49)
  = ($49 * 1)
  = $49

Since $49 (Outcome B) is greater than $39.78 (Outcome A), the best option is to keep the $49 with no change.",massA=8.8e-06 massB=1
p2,280,9,gain,0,49,153,0.26,0.8118,0,True,B,meta-llama/Llama-3.1-8B-Instruct,chat,riskneutral,1,0.00017,0.99993,0,answer,"To compute the expected dollar value of each option, we multiply the payoff by the probability and sum the results.

For Option A, the expected dollar value is:
$49 (payoff) * 1 (probability) = $49

For Option B, the expected dollar value is:
($153 * 0.26) + ($0 * 0.74) = $39.58

Since $49 is greater than $39.58, the option with the higher expected dollar value is Option A.",massA=1 massB=0.000169
p2,1073,35,mixed,91,91,133,0.68,0.9938,1,False,A,meta-llama/Llama-3.1-8B-Instruct,chat,riskneutral,1,0.99978,0.99996,0,answer,"To determine the best arrangement, we need to calculate the expected dollar value for each option.

For Arrangement A:
- The probability of rising to $133 is 68% or 0.68.
- The probability of dropping to $0 is 32% or 0.32.
- The expected dollar value for Arrangement A is calculated as follows:
  Expected value = (Payoff 1 * Probability 1) + (Payoff 2 * Probability 2)
  Expected value = ($133 * 0.68) + ($0 * 0.32)
  Expected value = $90.04

For Arrangement B:
- The expected dollar value is simply the initial amount, as there's no change.
- Expected value = $91

Since $90.04 is greater than $91, the expected dollar value for Arrangement A is higher.",massA=1 massB=0.000223
p2,181,6,neutral,0,94,101,0.71,0.7629,0,False,A,meta-llama/Llama-3.1-8B-Instruct,chat,riskneutral,1,0.0002,0.99978,0,answer,"To compute the expected dollar value of each option, we multiply the payoff by the probability and sum the results.

For Option A:
Expected value = ($101 * 0.71) + ($0 * 0.29)
Expected value = $71.21 + $0
Expected value = $71.21

For Option B:
Expected value = ($94 * 1)
Expected value = $94

Since $94 is greater than $71.21, the option with the higher expected dollar value is Option B.",massA=0.000203 massB=1
p2,925,30,mixed,149,149,447,0.26,0.78,2,False,A,meta-llama/Llama-3.1-8B-Instruct,chat,riskneutral,1,2e-05,0.99985,0,answer,"To compute the expected dollar value of each option, we need to multiply the payoff by the probability and sum the results.

For Alternative A:
- 26% chance to rise to $447: 0.26 * $447 = $116.42
- 74% chance to drop to $0: 0.74 * $0 = $0
Expected dollar value of Alternative A: $116.42 + $0 = $116.42

For Alternative B:
- Keep $149 with no change: 1 * $149 = $149
Expected dollar value of Alternative B: $149

Since $149 is greater than $116.42, the expected dollar value of Alternative B is higher.",massA=2.21e-05 massB=1
p2,493,16,gain,0,139,234,0.6,1.0101,1,False,A,meta-llama/Llama-3.1-8B-Instruct,chat,riskneutral,1,0.99987,0.99992,0,answer,"To determine the expected dollar value of each arrangement, we need to multiply the payoff by the probability and sum the results.

For Arrangement A:
Expected value = (Payoff 1 * Probability 1) + (Payoff 2 * Probability 2)
Expected value = ($234 * 0.6) + ($0 * 0.4)
Expected value = $140.4

For Arrangement B:
Expected value = (Payoff * Probability)
Expected value = ($139 * 1)
Expected value = $139

Since $140.4 is greater than $139, the expected dollar value of Arrangement A is higher.",massA=1 massB=0.000129
p2,208,6,mixed,94,94,101,0.71,0.7629,4,True,B,meta-llama/Llama-3.1-8B-Instruct,chat,riskneutral,1,0.0002,0.99991,0,answer,"To decide between Term A and Term B, we need to calculate the expected dollar value of each option.

For Term A, the expected dollar value is simply the initial amount:
Expected value of Term A = $94

For Term B, we need to calculate the expected value by multiplying each possible outcome by its probability and then summing these values:
Expected value of Term B = ($101 * 0.71) + ($0 * 0.29)
Expected value of Term B = $71.21 + $0
Expected value of Term B = $71.21

Since the expected dollar value of Term B ($71.21) is less than the expected dollar value of Term A ($94), we should choose Term A.",massA=1 massB=0.000197
p2,406,13,gain,0,72,88,0.64,0.7822,3,True,B,meta-llama/Llama-3.1-8B-Instruct,chat,riskneutral,1,7e-05,0.99992,0,answer,"To choose the best option, we need to calculate the expected dollar value of each outcome.

For Outcome A, the expected dollar value is simply the certain gain:
Expected value A = $72

For Outcome B, we need to calculate the expected value by multiplying each possible gain by its probability and summing the results:
Expected value B = ($88 * 0.64) + ($0 * 0.36)
Expected value B = $56.32 + $0
Expected value B = $56.32

Since Outcome A has a higher expected dollar value ($72 vs $56.32), we choose the certain gain.",massA=1 massB=6.81e-05
p2,1062,35,gain,0,91,133,0.68,0.9938,1,True,B,meta-llama/Llama-3.1-8B-Instruct,chat,riskneutral,1,9e-05,0.9999,0,answer,"To determine the expected dollar value of each arrangement, we need to multiply the payoff by the probability and sum the results.

For Arrangement A, the payoff is $91 and the probability is 100% (or 1). So, the expected dollar value is:
$91 * 1 = $91

For Arrangement B, the payoff is $133 with a 68% chance and $0 with a 32% chance. So, the expected dollar value is:
($133 * 0.68) + ($0 * 0.32) = $90.24

Comparing the expected dollar values, Arrangement A has a higher expected dollar value ($91 vs $90.24).",massA=1 massB=9.03e-05
p2,308,10,neutral,0,111,278,0.58,1.4526,4,True,B,meta-llama/Llama-3.1-8B-Instruct,chat,riskneutral,1,0.99997,0.99996,0,answer,"To decide between Term A and Term B, we need to calculate the expected dollar value of each term.

For Term A, the expected dollar value is simply the certain amount:
Expected value of Term A = $111

For Term B, we multiply each possible payoff by its probability and sum them up:
Expected value of Term B = ($278 * 0.58) + ($0 * 0.42)
Expected value of Term B = $160.84 + $0
Expected value of Term B = $160.84

Since the expected dollar value of Term A ($111) is less than the expected dollar value of Term B ($160.84), we choose the option with the higher expected dollar value.",massA=2.8e-05 massB=1
p2,581,19,gain,0,64,122,0.49,0.9341,0,False,A,meta-llama/Llama-3.1-8B-Instruct,chat,riskneutral,1,5e-05,0.99984,0,answer,"To compute the expected dollar value of each option, we multiply the payoff by the probability and sum the results.

For Option A:
Expected value = (0.49 * $122) + (0.51 * $0)
Expected value = $59.78 + $0
Expected value = $59.78

For Option B:
Expected value = $64 (since it's a certain gain)

Since $59.78 is less than $64, we prefer the option with the higher expected dollar value, which is Option B.",massA=4.99e-05 massB=1
p2,1037,34,gain,0,52,96,0.63,1.1631,3,False,A,meta-llama/Llama-3.1-8B-Instruct,chat,riskneutral,1,0.99989,0.99994,0,answer,"To choose the best outcome, we need to calculate the expected dollar value of each option.

For Outcome A:
Expected value = (probability of gaining $96) * ($96) + (probability of gaining nothing) * ($0)
Expected value = (0.63) * ($96) + (0.37) * ($0)
Expected value = $60.48

For Outcome B:
Expected value = (probability of gaining $52) * ($52)
Expected value = (1) * ($52)
Expected value = $52

Since $60.48 is greater than $52, the best outcome is",massA=1 massB=0.000109
p2,647,21,gain,0,106,206,0.73,1.4187,3,False,A,meta-llama/Llama-3.1-8B-Instruct,chat,riskneutral,1,0.99987,0.99996,0,answer,"To choose the best outcome, we need to calculate the expected dollar value of each option.

For Outcome A:
Expected value = (Payoff 1 * Probability 1) + (Payoff 2 * Probability 2)
Expected value = ($206 * 0.73) + ($0 * 0.27)
Expected value = $150.18

For Outcome B:
Expected value = (Payoff * Probability)
Expected value = ($106 * 1)
Expected value = $106

Since $150.18 is greater than $106, the best outcome is",massA=1 massB=0.000133
p2,651,21,mixed,106,106,206,0.73,1.4187,0,False,A,meta-llama/Llama-3.1-8B-Instruct,chat,riskneutral,1,0.99994,0.99994,0,answer,"To compute the expected dollar value of each option, we need to multiply the payoff by the probability for each scenario and then sum these products.

For Option A:
- 73% chance to rise to $206: 0.73 * $206 = $150.18
- 27% chance to drop to $0: 0.27 * $0 = $0
Expected dollar value of Option A: $150.18 + $0 = $150.18

For Option B:
- Keep $106 with no change: 1 * $106 = $106
Expected dollar value of Option B: $106

Since $150.18 is greater than $106, the option with the higher expected dollar value is Option A.",massA=1 massB=6.3e-05
p2,537,17,mixed,117,117,362,0.42,1.2995,3,False,A,meta-llama/Llama-3.1-8B-Instruct,chat,riskneutral,1,0.99993,0.99995,0,answer,"To choose the best outcome, we need to calculate the expected dollar value for each option.

For Outcome A:
- The probability of rising to $362 is 42% or 0.42.
- The probability of dropping to $0 is 58% or 0.58.
- The expected dollar value for Outcome A is calculated as follows:
  (Payoff if rising to $362 * Probability of rising to $362) + (Payoff if dropping to $0 * Probability of dropping to $0)
  = ($362 * 0.42) + ($0 * 0.58)
  = $152.04 + $0
  = $152.04

For Outcome B:
- The expected dollar value is simply the initial amount, as there's no change.
- Expected dollar value for Outcome B = $117

Since $152.04 is greater than $117, the best option is to choose Outcome A.",massA=1 massB=6.81e-05
p2,916,30,gain,0,149,447,0.26,0.78,3,True,B,meta-llama/Llama-3.1-8B-Instruct,chat,riskneutral,1,4e-05,0.99993,0,answer,"To choose the best option, we need to calculate the expected dollar value of each outcome.

For Outcome A, the expected dollar value is the certain gain of $149. Since it's a sure thing, the probability is 1 (or 100%).

For Outcome B, we have two possible gains with their respective probabilities:
- 26% chance to gain $447
- 74% chance to gain nothing (which means a gain of $0)

We calculate the expected dollar value of Outcome B by multiplying each gain by its probability and then summing these products:
Expected value of Outcome B = ($447 * 0.26) + ($0 * 0.74)
Expected value of Outcome B = $116.22 + $0
Expected value of Outcome B = $116.22

Now, let's compare the expected dollar values of both outcomes:
- Outcome A: $149
- Outcome B: $116.22

Since $149 is greater than $116.22, the best option is Outcome A.",massA=1 massB=3.54e-05
p2,922,30,mixed,149,149,447,0.26,0.78,1,True,B,meta-llama/Llama-3.1-8B-Instruct,chat,riskneutral,1,3e-05,0.99992,0,answer,"To determine the expected dollar value of each arrangement, we need to calculate the product of the payoff and the probability for each possible outcome.

For Arrangement A, there is only one outcome: keeping the $149. The expected dollar value is:
$149 (payoff) * 1 (probability) = $149

For Arrangement B, there are two possible outcomes:
1. A 26% chance to rise to $447: $447 (payoff) * 0.26 (probability) = $116.52
2. A 74% chance to drop to $0: $0 (payoff) * 0.74 (probability) = $0

The expected dollar value of Arrangement B is the sum of these two products:
$116.52 + $0 = $116.52

Since $149 (Arrangement A) is greater than $116.52 (Arrangement B), the expected dollar value of Arrangement A is higher.",massA=1 massB=3.32e-05
p2,314,10,gain,0,111,278,0.58,1.4526,2,True,B,meta-llama/Llama-3.1-8B-Instruct,chat,riskneutral,1,0.99995,0.99991,0,answer,"To compute the expected dollar value of each option, we multiply the payoff by the probability and sum the results.

For Alternative A, the expected dollar value is:
$111 (payoff) * 1 (probability) = $111

For Alternative B, the expected dollar value is:
($278 * 0.58) + ($0 * 0.42) = $161.24

Since $161.24 is greater than $111, I would choose Alternative B.",massA=5.39e-05 massB=1
p2,268,8,mixed,62,62,263,0.33,1.3998,4,True,B,meta-llama/Llama-3.1-8B-Instruct,chat,riskneutral,1,0.99999,0.99996,0,answer,"To decide between Term A and Term B, we need to calculate the expected dollar value of each option.

For Term A, the expected dollar value is simply the initial amount:
Expected value of Term A = $62

For Term B, we need to calculate the expected value of the two possible outcomes and their probabilities:
Expected value of Term B = (33% chance to rise to $263) * ($263) + (67% chance to drop to $0) * ($0)
Expected value of Term B = 0.33 * $263 + 0.67 * $0
Expected value of Term B = $86.79 + $0
Expected value of Term B = $86.79

Since $86.79 is greater than $62, the expected dollar value of Term B is higher.",massA=8.53e-06 massB=1
p2,454,15,neutral,0,82,113,0.74,1.0198,2,True,B,meta-llama/Llama-3.1-8B-Instruct,chat,riskneutral,1,0.99973,0.99995,0,answer,"To determine the preferred option, we need to calculate the expected dollar value for each alternative.

For Alternative A, the expected dollar value is simply the certain amount:
Expected value A = $82

For Alternative B, we calculate the expected value by multiplying each possible outcome by its probability and summing the results:
Expected value B = ($113 * 0.74) + ($0 * 0.26)
Expected value B = $83.62 + $0
Expected value B = $83.62

Since $83.62 is greater than $82, the preferred option is Alternative B.",massA=0.000269 massB=1
p2,611,20,gain,0,186,266,0.63,0.901,0,False,A,meta-llama/Llama-3.1-8B-Instruct,chat,riskneutral,1,5e-05,0.99985,0,answer,"To compute the expected dollar value of each option, we multiply the payoff by the probability and sum the results.

For Option A:
Expected value = (0.63 * $266) + (0.37 * $0)
Expected value = $167.58 + $0
Expected value = $167.58

For Option B:
Expected value = $186 (since it's a certain gain)

Since $167.58 is less than $186, we prefer the option with the higher expected dollar value, which is Option B.",massA=4.68e-05 massB=1
p2,480,16,neutral,0,139,234,0.6,1.0101,0,True,B,meta-llama/Llama-3.1-8B-Instruct,chat,riskneutral,1,0.9999,0.99997,0,answer,"To choose the option with the higher expected dollar value, we need to calculate the expected value for each option.

For Option A, the expected value is simply the certain payment:
Expected Value A = $139

For Option B, we need to calculate the expected value using the probabilities:
Expected Value B = ($234 * 0.6) + ($0 * 0.4)
Expected Value B = $140.4

Since $140.4 is greater than $139, the option with the higher expected dollar value is Option B.",massA=9.61e-05 massB=1
p2,629,20,mixed,186,186,266,0.63,0.901,4,False,A,meta-llama/Llama-3.1-8B-Instruct,chat,riskneutral,1,2e-05,0.99986,0,answer,"To decide between Term A and Term B, we need to calculate the expected dollar value of each option.

For Term A:
- The probability of rising to $266 is 63% or 0.63.
- The probability of dropping to $0 is 37% or 0.37.
- The expected value of Term A is calculated as follows:
  Expected Value = (Probability of rising to $266) * ($266 - $186) + (Probability of dropping to $0) * ($0 - $186)
  Expected Value = (0.63) * $80 + (0.37) * (-$186)
  Expected Value = $50.40 - $68.62
  Expected Value = -$18.22

For Term B:
- The expected value is simply the initial amount of $186.

Comparing the expected values, Term A has a lower expected value of -$18.22, while Term B has an expected value of $186. Since we are a risk-neutral expected-value maximizer, we choose the option with the higher expected value.",massA=2.14e-05 massB=1
p2,446,14,mixed,81,81,201,0.68,1.6874,3,True,B,meta-llama/Llama-3.1-8B-Instruct,chat,riskneutral,1,0.99994,0.99991,0,answer,"To choose the best outcome, we need to calculate the expected dollar value of each option.

For Outcome A, the expected dollar value is simply the initial amount:
Expected value A = $81

For Outcome B, we need to calculate the expected value using the probabilities and payoffs:
Expected value B = ($201 * 0.68) + ($0 * 0.32)
Expected value B = $137.08 + $0
Expected value B = $137.08

Since $137.08 is greater than $81, the best option is Outcome B.",massA=6.11e-05 massB=1
p2,194,6,gain,0,94,101,0.71,0.7629,2,True,B,meta-llama/Llama-3.1-8B-Instruct,chat,riskneutral,1,0.00011,0.99991,0,answer,"To compute the expected dollar value of each option, we multiply the payoff by the probability and sum the results.

For Alternative A, the expected dollar value is:
$94 (payoff) * 1 (probability) = $94

For Alternative B, the expected dollar value is:
($101 * 0.71) + ($0 * 0.29) = $71.21

Since $94 is greater than $71.21, the expected dollar value of Alternative A is higher.",massA=1 massB=0.000111
p2,529,17,gain,0,117,362,0.42,1.2995,4,False,A,meta-llama/Llama-3.1-8B-Instruct,chat,riskneutral,1,0.99993,0.99994,0,answer,"To decide between Term A and Term B, we need to calculate the expected dollar value of each option.

For Term A:
Expected value = (probability of gaining $362) * ($362) + (probability of gaining nothing) * ($0)
Expected value = (0.42) * ($362) + (0.58) * ($0)
Expected value = $151.64

For Term B:
Expected value = (probability of gaining $117) * ($117)
Expected value = (1) * ($117)
Expected value = $117

Since $151.64 is greater than $117, the expected dollar value of Term A is higher.",massA=1 massB=7.03e-05
p2,1209,4,dominant,0,29,56,1.0,1.931,1,False,A,meta-llama/Llama-3.1-8B-Instruct,chat,riskneutral,1,0.99997,0.99996,0,answer,"To determine the best option, we need to calculate the expected dollar value for each arrangement.

For Arrangement A, the expected dollar value is:
Expected Value A = Payoff A * Probability A
Since the payoff is certain, the probability is 1.
Expected Value A = $56 * 1 = $56

For Arrangement B, the expected dollar value is:
Expected Value B = Payoff B * Probability B
Since the payoff is certain, the probability is 1.
Expected Value B = $29 * 1 = $29

Comparing the expected dollar values, Arrangement A has a higher expected value.",massA=1 massB=3.02e-05
p2,318,10,gain,0,111,278,0.58,1.4526,4,True,B,meta-llama/Llama-3.1-8B-Instruct,chat,riskneutral,1,0.99998,0.99991,0,answer,"To decide between Term A and Term B, we need to calculate the expected dollar value of each option.

For Term A, the expected dollar value is simply the certain gain:
Expected value of Term A = $111

For Term B, we need to calculate the expected value by multiplying each possible gain by its probability and summing the results:
Expected value of Term B = ($278 * 0.58) + ($0 * 0.42)
Expected value of Term B = $161.24

Since $161.24 is greater than $111, the expected dollar value of Term B is higher.",massA=2.39e-05 massB=1
p2,1160,38,mixed,183,183,609,0.38,1.2646,0,True,B,meta-llama/Llama-3.1-8B-Instruct,chat,riskneutral,1,0.99999,0.99997,0,answer,"To compute the expected dollar value of each option, we need to multiply the payoff by the probability and sum the results.

For Option A, the expected dollar value is simply the initial amount:
Expected value of Option A = $183

For Option B, the expected dollar value is the sum of the products of the payoffs and their probabilities:
Expected value of Option B = ($609 * 0.38) + ($0 * 0.62)
Expected value of Option B = $231.22 + $0
Expected value of Option B = $231.22

Since the expected dollar value of Option B ($231.22) is higher than that of Option A ($183), the preferred option is",massA=1.1e-05 massB=1
p2,1076,35,mixed,91,91,133,0.68,0.9938,3,True,B,meta-llama/Llama-3.1-8B-Instruct,chat,riskneutral,1,0.00018,0.99977,0,answer,"To choose the best outcome, we need to calculate the expected dollar value for each option.

For Outcome A, the expected dollar value is simply the initial amount since there's no change:
Expected value A = $91

For Outcome B, we need to calculate the expected value by multiplying each possible outcome by its probability and then summing these values:
Expected value B = ($133 * 0.68) + ($0 * 0.32)
Expected value B = $90.44 + $0
Expected value B = $90.44

Since Outcome A has an expected value of $91 and Outcome B has an expected value of $90.44, we should choose Outcome A.",massA=1 massB=0.000182
p2,434,14,gain,0,81,201,0.68,1.6874,2,True,B,meta-llama/Llama-3.1-8B-Instruct,chat,riskneutral,1,0.99997,0.9999,0,answer,"To find the expected dollar value of each option, we multiply the payoff by the probability and sum the results.

For Alternative A:
Expected value = (Payoff * Probability) = ($81 * 1) = $81

For Alternative B:
Expected value = (Payoff * Probability) = ($201 * 0.68) + ($0 * 0.32) = $136.56

Since $136.56 is greater than $81, the expected dollar value of Alternative B is higher.",massA=2.55e-05 massB=1
p2,928,30,mixed,149,149,447,0.26,0.78,4,True,B,meta-llama/Llama-3.1-8B-Instruct,chat,riskneutral,1,0.99964,0.99993,0,answer,"To decide between Term A and Term B, we need to calculate the expected dollar value of each option.

For Term A, the expected dollar value is simply the initial amount:
Expected value of Term A = $149

For Term B, we need to calculate the expected value using the probabilities and payoffs:
Expected value of Term B = (26% chance to rise to $447) * ($447) + (74% chance to drop to $0) * ($0)
Expected value of Term B = 0.26 * $447 + 0.74 * $0
Expected value of Term B = $116.42 + $0
Expected value of Term B = $116.42

Since the expected dollar value of Term B ($116.42) is higher than that of Term A ($149), we should choose Term B.",massA=0.000363 massB=1
p2,191,6,gain,0,94,101,0.71,0.7629,0,False,A,meta-llama/Llama-3.1-8B-Instruct,chat,riskneutral,1,9e-05,0.99981,0,answer,"To compute the expected dollar value of each option, we multiply the payoff by the probability and sum the results.

For Option A:
Expected value = (71% * $101) + (29% * $0)
Expected value = (0.71 * $101) + (0.29 * $0)
Expected value = $71.31 + $0
Expected value = $71.31

For Option B:
Expected value = $94 (since it's a certain gain)

Since $94 is greater than $71.31, the option with the higher expected dollar value is Option B.",massA=8.61e-05 massB=1
p2,133,4,gain,0,29,71,0.55,1.3466,1,False,A,meta-llama/Llama-3.1-8B-Instruct,chat,riskneutral,1,0.99968,0.99997,0,answer,"To find the expected dollar value of each arrangement, we multiply the payoff by the probability and sum the results.

For Arrangement A:
Expected value = (0.55 * $71) + (0.45 * $0)
Expected value = $38.85 + $0
Expected value = $38.85

For Arrangement B:
Expected value = $29 (since it's a certain gain)

Since $38.85 is greater than $29, we choose the arrangement with the higher expected dollar value.",massA=1 massB=0.00032
p2,635,21,neutral,0,106,206,0.73,1.4187,2,False,A,meta-llama/Llama-3.1-8B-Instruct,chat,riskneutral,1,0.99983,0.99993,0,answer,"To find the expected dollar value of each alternative, we multiply the payoff by the probability and sum the results.

For Alternative A:
Expected value = ($206 * 0.73) + ($0 * 0.27)
Expected value = $150.18 + $0
Expected value = $150.18

For Alternative B:
Expected value = ($106 * 1)
Expected value = $106

Since $150.18 is greater than $106, the expected dollar value of Alternative A is higher.",massA=1 massB=0.000169
p2,536,17,mixed,117,117,362,0.42,1.2995,3,True,B,meta-llama/Llama-3.1-8B-Instruct,chat,riskneutral,1,0.99968,0.99995,0,answer,"To choose the best outcome, we need to calculate the expected dollar value for each option.

For Outcome A, the expected dollar value is simply the initial amount:
Expected value A = $117 * 1 = $117

For Outcome B, we need to calculate the expected value using the probabilities and payoffs:
Expected value B = ($245 * 0.42) + ($0 * 0.58)
Expected value B = $102.90 + $0
Expected value B = $102.90

Since $102.90 is greater than $117, the best outcome is",massA=0.00032 massB=1
p2,407,13,gain,0,72,88,0.64,0.7822,3,False,A,meta-llama/Llama-3.1-8B-Instruct,chat,riskneutral,1,2e-05,0.99973,0,answer,"To choose the best outcome, we need to calculate the expected dollar value of each option.

For Outcome A:
- The probability of gaining $88 is 64% or 0.64.
- The probability of gaining nothing is 36% or 0.36.
- Expected dollar value = (0.64 * $88) + (0.36 * $0)
- Expected dollar value = $56.32 + $0
- Expected dollar value = $56.32

For Outcome B:
- The probability of gaining $72 is 100% or 1.
- Expected dollar value = $72 * 1
- Expected dollar value = $72

Since $72 is greater than $56.32, the best outcome is Outcome B.",massA=2.18e-05 massB=1
p2,253,8,gain,0,62,263,0.33,1.3998,1,False,A,meta-llama/Llama-3.1-8B-Instruct,chat,riskneutral,1,0.9999,0.99994,0,answer,"To determine the expected dollar value of each arrangement, we need to multiply the payoff by the probability and sum the results.

For Arrangement A:
Expected value = (33% * $263) + (67% * $0)
Expected value = (0.33 * $263) + (0.67 * $0)
Expected value = $86.79 + $0
Expected value = $86.79

For Arrangement B:
Expected value = 100% * $62
Expected value = 1 * $62
Expected value = $62

Since $86.79 is greater than $62, the expected dollar value of Arrangement A is higher.",massA=1 massB=0.000104
p2,1088,36,neutral,0,98,227,0.47,1.0887,4,True,B,meta-llama/Llama-3.1-8B-Instruct,chat,riskneutral,1,0.99997,0.99996,0,answer,"To decide between Term A and Term B, we need to calculate the expected dollar value of each term.

For Term A, the expected dollar value is simply the certain amount:
Expected value of Term A = $98

For Term B, we need to calculate the expected value using the probabilities:
Expected value of Term B = ($227 * 0.47) + ($0 * 0.53)
Expected value of Term B = $106.09

Since $106.09 is greater than $98, the expected dollar value of Term B is higher.",massA=3.12e-05 massB=1
p2,906,30,neutral,0,149,447,0.26,0.78,3,True,B,meta-llama/Llama-3.1-8B-Instruct,chat,riskneutral,1,6e-05,0.99992,0,answer,"To choose the best option, we need to calculate the expected dollar value of each outcome.

For Outcome A, the expected dollar value is simply the certain amount:
Expected value A = $149

For Outcome B, we need to calculate the expected value using the probabilities:
Expected value B = ($447 * 0.26) + ($0 * 0.74)
Expected value B = $115.82 + $0
Expected value B = $115.82

Since Outcome A has a higher expected dollar value ($149 vs $115.82), we should choose Outcome A.",massA=1 massB=6.11e-05
p2,413,13,mixed,72,72,88,0.64,0.7822,1,False,A,meta-llama/Llama-3.1-8B-Instruct,chat,riskneutral,1,0.99992,0.99997,0,answer,"To determine the best arrangement, we need to calculate the expected dollar value for each option.

For Arrangement A:
- The probability of rising to $88 is 64% or 0.64.
- The probability of dropping to $0 is 36% or 0.36.
- The expected dollar value for Arrangement A is calculated as follows:
  Expected value = (Payoff 1 * Probability 1) + (Payoff 2 * Probability 2)
  Expected value = ($88 * 0.64) + ($0 * 0.36)
  Expected value = $56.32 + $0
  Expected value = $56.32

For Arrangement B:
- The expected dollar value is simply the initial amount, as there's no change.
- Expected value = $72

Since $56.32 is greater than $72, the expected dollar value of Arrangement A is higher.",massA=1 massB=7.84e-05
p2,131,4,gain,0,29,71,0.55,1.3466,0,False,A,meta-llama/Llama-3.1-8B-Instruct,chat,riskneutral,1,0.99963,0.9999,0,answer,"To compute the expected dollar value of each option, we multiply the payoff by the probability and sum the results.

For Option A:
Expected value = (0.55 * $71) + (0.45 * $0)
Expected value = $38.85 + $0
Expected value = $38.85

For Option B:
Expected value = $29 (since it's a certain gain)

Since $38.85 is greater than $29, the option with the higher expected dollar value is Option A.",massA=1 massB=0.000368
p2,182,6,neutral,0,94,101,0.71,0.7629,1,True,B,meta-llama/Llama-3.1-8B-Instruct,chat,riskneutral,1,0.00019,0.99988,0,answer,"To find the expected dollar value of each arrangement, we multiply the payoff by the probability and sum the results.

For Arrangement A, the expected dollar value is:
$94 (payoff) * 1 (probability) = $94

For Arrangement B, the expected dollar value is:
($101 * 0.71) + ($0 * 0.29) = $71.21

Since $94 is greater than $71.21, the expected dollar value of Arrangement A is higher.",massA=1 massB=0.000185
p2,604,20,neutral,0,186,266,0.63,0.901,2,True,B,meta-llama/Llama-3.1-8B-Instruct,chat,riskneutral,1,9e-05,0.99994,0,answer,"To determine the preferred option, we need to calculate the expected dollar value for each alternative.

For Alternative A, the expected dollar value is simply the certain amount:
Expected value A = $186

For Alternative B, we calculate the expected value by multiplying each possible outcome by its probability and summing the results:
Expected value B = ($266 * 0.63) + ($0 * 0.37)
Expected value B = $167.58 + $0
Expected value B = $167.58

Since $186 is greater than $167.58, the preferred option is Alternative A.",massA=1 massB=9.31e-05
p2,415,13,mixed,72,72,88,0.64,0.7822,2,False,A,meta-llama/Llama-3.1-8B-Instruct,chat,riskneutral,1,3e-05,0.99963,0,answer,"To compute the expected dollar value of each option, we need to multiply the payoff by the probability and sum the results.

For Alternative A:
Expected value = (Payoff 1 * Probability 1) + (Payoff 2 * Probability 2)
Expected value = ($88 * 0.64) + ($0 * 0.36)
Expected value = $56.32 + $0
Expected value = $56.32

For Alternative B:
Expected value = (Payoff * Probability)
Expected value = ($72 * 1)
Expected value = $72

Since $56.32 is less than $72, the expected dollar value of Alternative A is lower than Alternative B.",massA=2.84e-05 massB=1
p2,593,19,mixed,64,64,122,0.49,0.9341,1,False,A,meta-llama/Llama-3.1-8B-Instruct,chat,riskneutral,1,0.99985,0.99994,0,answer,"To determine the best arrangement, we need to calculate the expected dollar value for each option.

For Arrangement A:
- The probability of rising to $122 is 49% or 0.49.
- The probability of dropping to $0 is 51% or 0.51.
- The expected dollar value for Arrangement A is calculated as follows:
  (Payoff 1 * Probability 1) + (Payoff 2 * Probability 2)
  = ($122 * 0.49) + ($0 * 0.51)
  = $59.78 + $0
  = $59.78

For Arrangement B:
- The expected dollar value is simply the initial amount, as there's no change.
- Expected dollar value for Arrangement B = $64

Since $59.78 (Arrangement A) is greater than $64 (Arrangement B), the best option is Arrangement A.",massA=1 massB=0.000151
p2,649,21,gain,0,106,206,0.73,1.4187,4,False,A,meta-llama/Llama-3.1-8B-Instruct,chat,riskneutral,1,0.99989,0.99995,0,answer,"To decide between Term A and Term B, we need to calculate the expected dollar value of each option.

For Term A:
Expected value = (Payoff 1 * Probability 1) + (Payoff 2 * Probability 2)
Expected value = ($206 * 0.73) + ($0 * 0.27)
Expected value = $150.06

For Term B:
Expected value = (Payoff * Probability)
Expected value = ($106 * 1)
Expected value = $106

Since $150.06 is greater than $106, the expected dollar value of Term A is higher.",massA=1 massB=0.000106
p2,490,16,gain,0,139,234,0.6,1.0101,0,True,B,meta-llama/Llama-3.1-8B-Instruct,chat,riskneutral,1,0.99992,0.99996,0,answer,"To choose the option with the higher expected dollar value, we need to calculate the expected value for each option.

For Option A, the expected value is simply the certain gain:
Expected Value A = $139

For Option B, we need to calculate the expected value using the probabilities and payoffs:
Expected Value B = ($234 * 0.6) + ($0 * 0.4)
Expected Value B = $140.4

Since $140.4 is greater than $139, the option with the higher expected dollar value is Option B.",massA=8.22e-05 massB=1
p2,587,19,gain,0,64,122,0.49,0.9341,3,False,A,meta-llama/Llama-3.1-8B-Instruct,chat,riskneutral,1,3e-05,0.99971,0,answer,"To choose the best outcome, we need to calculate the expected dollar value of each option.

For Outcome A:
- The probability of gaining $122 is 49% or 0.49.
- The probability of gaining nothing is 51% or 0.51.
- Expected dollar value = (payoff * probability) + (payoff * probability)
= ($122 * 0.49) + ($0 * 0.51)
= $59.78

For Outcome B:
- The probability of gaining $64 is 100% or 1.
- Expected dollar value = (payoff * probability)
= ($64 * 1)
= $64

Since $64 is greater than $59.78, the best outcome is Outcome B.",massA=3.02e-05 massB=1
p2,429,14,neutral,0,81,201,0.68,1.6874,4,False,A,meta-llama/Llama-3.1-8B-Instruct,chat,riskneutral,1,0.99993,0.99987,0,answer,"To decide between Term A and Term B, we need to calculate the expected dollar value of each term.

For Term A:
Expected value = (Payoff 1 * Probability 1) + (Payoff 2 * Probability 2)
Expected value = ($201 * 0.68) + ($0 * 0.32)
Expected value = $136.56 + $0
Expected value = $136.56

For Term B:
Expected value = (Payoff * Probability)
Since the payoff is certain, the probability is 1.
Expected value = $81 * 1
Expected value = $81

Since the expected dollar value of Term A ($136.56) is higher than that of Term B ($81), the decision is to choose Term A.",massA=1 massB=7.25e-05
p2,418,13,mixed,72,72,88,0.64,0.7822,4,True,B,meta-llama/Llama-3.1-8B-Instruct,chat,riskneutral,1,5e-05,0.99992,0,answer,"To decide between Term A and Term B, we need to calculate the expected dollar value of each option.

For Term A, the expected dollar value is simply the initial amount:
Expected value of Term A = $72

For Term B, we need to calculate the expected value of the two possible outcomes and their probabilities:
Expected value of rising to $88 = $88 * 0.64 = $56.48
Expected value of dropping to $0 = $0 * 0.36 = $0
Expected value of Term B = $56.48 + $0 = $56.48

Now, we compare the expected dollar values of Term A and Term B:
Expected value of Term A = $72
Expected value of Term B = $56.48

Since the expected value of Term A ($72) is higher than the expected value of Term B ($56.48), we choose Term A.",massA=1 massB=5.22e-05
p2,492,16,gain,0,139,234,0.6,1.0101,1,True,B,meta-llama/Llama-3.1-8B-Instruct,chat,riskneutral,1,0.99998,0.99989,0,answer,"To determine the expected dollar value of each arrangement, we need to multiply the payoff by the probability and sum the results.

For Arrangement A, the payoff is $139 and the probability is 1 (since it's certain). So, the expected dollar value is:
$139 * 1 = $139

For Arrangement B, the payoff is $234 with a 60% chance and $0 with a 40% chance. So, the expected dollar value is:
($234 * 0.6) + ($0 * 0.4) = $140.4

Since $140.4 is greater than $139, the expected dollar value of Arrangement B is higher.",massA=2.32e-05 massB=1
p2,1043,34,mixed,52,52,96,0.63,1.1631,1,False,A,meta-llama/Llama-3.1-8B-Instruct,chat,riskneutral,1,0.99997,0.99997,0,answer,"To determine the best option, we need to calculate the expected dollar value for each arrangement.

For Arrangement A:
- The probability of rising to $96 is 63% or 0.63.
- The probability of dropping to $0 is 37% or 0.37.
- The expected dollar value is calculated as: (payoff * probability) + (payoff * probability)
- Expected dollar value = ($96 * 0.63) + ($0 * 0.37)
- Expected dollar value = $60.48 + $0
- Expected dollar value = $60.48

For Arrangement B:
- The expected dollar value is simply the initial amount since there's no change.
- Expected dollar value = $52

Since $60.48 is greater than $52, the expected dollar value of Arrangement A is higher.",massA=1 massB=3.07e-05
p2,296,9,mixed,49,49,153,0.26,0.8118,3,True,B,meta-llama/Llama-3.1-8B-Instruct,chat,riskneutral,1,0.00019,0.99982,0,answer,"To choose the best outcome, we need to calculate the expected dollar value for each option.

For Outcome A, the expected dollar value is simply the initial amount:
Expected value A = $49

For Outcome B, we need to calculate the expected value using the probabilities and payoffs:
Expected value B = ($153 * 0.26) + ($0 * 0.74)
Expected value B = $39.48 + $0
Expected value B = $39.48

Since Outcome A has an expected value of $49 and Outcome B has an expected value of $39.48, we should choose Outcome A.",massA=1 massB=0.000185
p2,1168,38,mixed,183,183,609,0.38,1.2646,4,True,B,meta-llama/Llama-3.1-8B-Instruct,chat,riskneutral,1,0.99997,0.99994,0,answer,"To decide between Term A and Term B, we need to calculate the expected dollar value of each option.

For Term A, the expected dollar value is simply the initial amount:
Expected value of Term A = $183

For Term B, we need to calculate the expected value of the two possible outcomes and their probabilities:
Expected value of Term B = ($609 * 0.38) + ($0 * 0.62)
Expected value of Term B = $231.22 + $0
Expected value of Term B = $231.22

Since $231.22 is greater than $183, the expected dollar value of Term B is higher.",massA=2.59e-05 massB=1
p2,249,8,neutral,0,62,263,0.33,1.3998,4,False,A,meta-llama/Llama-3.1-8B-Instruct,chat,riskneutral,1,0.99993,0.99993,0,answer,"To decide between Term A and Term B, we need to calculate the expected dollar value of each term.

For Term A:
Expected value = (Payoff 1 * Probability 1) + (Payoff 2 * Probability 2)
Expected value = ($263 * 0.33) + ($0 * 0.67)
Expected value = $86.59 + $0
Expected value = $86.59

For Term B:
Expected value = (Payoff * Probability)
Expected value = ($62 * 1)
Expected value = $62

Since $86.59 is greater than $62, the expected dollar value of Term A is higher.",massA=1 massB=7.48e-05
p2,518,17,neutral,0,117,362,0.42,1.2995,4,True,B,meta-llama/Llama-3.1-8B-Instruct,chat,riskneutral,1,0.99996,0.99996,0,answer,"To decide between Term A and Term B, we need to calculate the expected dollar value of each term.

For Term A, the expected dollar value is simply the certain amount:
Expected value of Term A = $117

For Term B, we need to calculate the expected value using the probabilities:
Expected value of Term B = ($362 * 0.42) + ($0 * 0.58)
Expected value of Term B = $152.04

Since $152.04 is greater than $117, the expected dollar value of Term B is higher.",massA=3.65e-05 massB=1
p2,289,9,gain,0,49,153,0.26,0.8118,4,False,A,meta-llama/Llama-3.1-8B-Instruct,chat,riskneutral,1,0.99115,0.99984,0,answer,"To decide between Term A and Term B, we need to calculate the expected dollar value of each option.

For Term A:
- Probability of gaining $153: 26%
- Probability of gaining nothing: 74%
- Expected value = (Payoff 1 * Probability 1) + (Payoff 2 * Probability 2)
- Expected value = ($153 * 0.26) + ($0 * 0.74)
- Expected value = $39.78

For Term B:
- Probability of gaining $49: 100%
- Expected value = (Payoff * Probability)
- Expected value = ($49 * 1)
- Expected value = $49

Since $49 is less than $39.78, Term A has a higher expected dollar value.",massA=0.991 massB=0.00885
p2,914,30,gain,0,149,447,0.26,0.78,2,True,B,meta-llama/Llama-3.1-8B-Instruct,chat,riskneutral,1,0.0001,0.99993,0,answer,"To compute the expected dollar value of each option, we multiply the payoff by the probability and sum the results.

For Alternative A, the expected dollar value is:
$149 (payoff) * 1 (probability) = $149

For Alternative B, the expected dollar value is:
($447 * 0.26) + ($0 * 0.74) = $115.82

Since $149 is greater than $115.82, the expected dollar value of Alternative A is higher.",massA=1 massB=9.76e-05
p2,640,21,gain,0,106,206,0.73,1.4187,0,True,B,meta-llama/Llama-3.1-8B-Instruct,chat,riskneutral,1,0.99992,0.99988,0,answer,"To compute the expected dollar value of each option, we multiply the payoff by the probability and sum the results.

For Option A, the expected dollar value is:
$106 (payoff) * 1 (probability) = $106

For Option B, the expected dollar value is:
($206 * 0.73) + ($0 * 0.27) = $150.18

Since $150.18 is greater than $106, the option with the higher expected dollar value is Option B.",massA=8.22e-05 massB=1
p2,470,15,mixed,82,82,113,0.74,1.0198,0,True,B,meta-llama/Llama-3.1-8B-Instruct,chat,riskneutral,1,0.99993,0.99993,0,answer,"To compute the expected dollar value of each option, we need to multiply the payoff by the probability and sum the results.

For Option A, the expected dollar value is:
Expected value = ($82) * (1) = $82

For Option B, the expected dollar value is:
Expected value = ($113) * (0.74) + ($0) * (0.26)
Expected value = $83.62 - $0
Expected value = $83.62

Since $83.62 is greater than $82, the option with the higher expected dollar value is Option B.",massA=6.92e-05 massB=1
p2,463,15,gain,0,82,113,0.74,1.0198,1,False,A,meta-llama/Llama-3.1-8B-Instruct,chat,riskneutral,1,0.99988,0.99993,0,answer,"To find the expected dollar value of each arrangement, we multiply the payoff by the probability and sum the results.

For Arrangement A:
Expected value = (Payoff 1 * Probability 1) + (Payoff 2 * Probability 2)
Expected value = ($113 * 0.74) + ($0 * 0.26)
Expected value = $83.42

For Arrangement B:
Expected value = (Payoff * Probability)
Expected value = ($82 * 1)
Expected value = $82

Since $83.42 is greater than $82, the expected dollar value of Arrangement A is higher.",massA=1 massB=0.000121
p2,473,15,mixed,82,82,113,0.74,1.0198,1,False,A,meta-llama/Llama-3.1-8B-Instruct,chat,riskneutral,1,0.99993,0.99995,0,answer,"To determine the expected dollar value of each arrangement, we need to calculate the product of the payoff and the probability for each possible outcome.

For Arrangement A:
- 74% chance to rise to $113: Expected value = $113 * 0.74 = $83.62
- 26% chance to drop to $0: Expected value = $0 * 0.26 = $0
Expected dollar value of Arrangement A = $83.62 + $0 = $83.62

For Arrangement B:
- Keep $82 with no change: Expected value = $82 * 1 = $82

Since $83.62 is greater than $82, the expected dollar value of Arrangement A is higher.",massA=1 massB=6.71e-05
p2,313,10,gain,0,111,278,0.58,1.4526,1,False,A,meta-llama/Llama-3.1-8B-Instruct,chat,riskneutral,1,0.99972,0.99997,0,answer,"To find the expected dollar value of each arrangement, we multiply the payoff by the probability and sum the results.

For Arrangement A:
Expected value = (0.58 * $278) + (0.42 * $0)
Expected value = $161.24 + $0
Expected value = $161.24

For Arrangement B:
Expected value = $111 (since it's a certain gain)

Since $161.24 is greater than $111, we choose the arrangement with the higher expected dollar value.",massA=1 massB=0.000278
p2,1028,34,neutral,0,52,96,0.63,1.1631,4,True,B,meta-llama/Llama-3.1-8B-Instruct,chat,riskneutral,1,0.99988,0.99996,0,answer,"To decide between Term A and Term B, we need to calculate the expected dollar value of each option.

For Term A, the expected dollar value is simply the certain amount:
Expected value of Term A = $52

For Term B, we multiply each possible payoff by its probability and sum them up:
Expected value of Term B = ($96 * 0.63) + ($0 * 0.37)
Expected value of Term B = $60.48

Since $60.48 is greater than $52, we should choose Term B.",massA=0.000118 massB=1
p2,1020,34,neutral,0,52,96,0.63,1.1631,0,True,B,meta-llama/Llama-3.1-8B-Instruct,chat,riskneutral,1,0.99976,0.99995,0,answer,"To choose the option with the higher expected dollar value, we need to calculate the expected value for each option.

For Option A, the expected value is simply the certain payment:
Expected Value A = $52

For Option B, we need to calculate the expected value using the probabilities:
Expected Value B = ($96 * 0.63) + ($0 * 0.37)
Expected Value B = $60.48 + $0
Expected Value B = $60.48

Since $60.48 is greater than $52, the option with the higher expected dollar value is Option B.",massA=0.000242 massB=1
p2,607,20,neutral,0,186,266,0.63,0.901,3,False,A,meta-llama/Llama-3.1-8B-Instruct,chat,riskneutral,1,0.00027,0.99979,0,answer,"To choose the best option, we need to calculate the expected dollar value for each outcome.

For Outcome A:
Expected value = (Payoff 1 * Probability 1) + (Payoff 2 * Probability 2)
Expected value = ($266 * 0.63) + ($0 * 0.37)
Expected value = $167.18

For Outcome B:
Expected value = (Payoff * Probability)
Expected value = ($186 * 1)
Expected value = $186

Since $167.18 is less than $186, the best option is Outcome B.",massA=0.000265 massB=1
p2,401,13,gain,0,72,88,0.64,0.7822,0,False,A,meta-llama/Llama-3.1-8B-Instruct,chat,riskneutral,1,0.0001,0.99982,0,answer,"To compute the expected dollar value of each option, we multiply the payoff by the probability and sum the results.

For Option A:
Expected value = (0.64 * $88) + (0.36 * $0)
Expected value = $56.32 + $0
Expected value = $56.32

For Option B:
Expected value = $72 (since it's a certain gain)

Since $72 is greater than $56.32, the option with the higher expected dollar value is Option B.",massA=9.76e-05 massB=1
p2,594,19,mixed,64,64,122,0.49,0.9341,2,True,B,meta-llama/Llama-3.1-8B-Instruct,chat,riskneutral,1,5e-05,0.99992,0,answer,"To determine the expected dollar value of each alternative, we need to calculate the product of the payoff and the probability for each possible outcome.

For Alternative A, there is only one outcome: keeping the $64. The expected dollar value is:
$64 (payoff) * 1 (probability) = $64

For Alternative B, there are two possible outcomes:
1. A 49% chance to rise to $122: $122 (payoff) * 0.49 (probability) = $59.58
2. A 51% chance to drop to $0: $0 (payoff) * 0.51 (probability) = $0
The expected dollar value of Alternative B is the sum of these two products: $59.58 + $0 = $59.58

Since $64 (Alternative A) is greater than $59.58 (Alternative B), the expected dollar value of Alternative A is higher.",massA=1 massB=4.54e-05
p2,202,6,mixed,94,94,101,0.71,0.7629,1,True,B,meta-llama/Llama-3.1-8B-Instruct,chat,riskneutral,1,4e-05,0.99991,0,answer,"To determine the expected dollar value of each arrangement, we need to calculate the product of the payoff and the probability for each possible outcome.

For Arrangement A, there is only one outcome: keeping the $94. The expected dollar value is:
$94 (payoff) * 1 (probability) = $94

For Arrangement B, there are two possible outcomes:
1. A 71% chance to rise to $101: $101 (payoff) * 0.71 (probability) = $71.21
2. A 29% chance to drop to $0: $0 (payoff) * 0.29 (probability) = $0

The expected dollar value of Arrangement B is the sum of these two products:
$71.21 + $0 = $71.21

Since $94 (Arrangement A) is greater than $71.21 (Arrangement B), the expected dollar value of Arrangement A is higher.",massA=1 massB=3.76e-05
p2,460,15,gain,0,82,113,0.74,1.0198,0,True,B,meta-llama/Llama-3.1-8B-Instruct,chat,riskneutral,1,0.99996,0.99988,0,answer,"To compute the expected dollar value of each option, we multiply the payoff by the probability and sum the results.

For Option A, the expected dollar value is:
$82 (payoff) * 1 (probability) = $82

For Option B, the expected dollar value is:
($113 * 0.74) + ($0 * 0.26) = $83.62

Since $83.62 is greater than $82, the option with the higher expected dollar value is Option B.",massA=4.26e-05 massB=1
p2,1158,38,gain,0,183,609,0.38,1.2646,4,True,B,meta-llama/Llama-3.1-8B-Instruct,chat,riskneutral,1,0.00068,0.9999,0,answer,"To decide between Term A and Term B, we need to calculate the expected dollar value of each option.

For Term A, the expected dollar value is simply the certain gain:
Expected value of Term A = $183

For Term B, we need to calculate the expected value by multiplying each possible gain by its probability and summing the results:
Expected value of Term B = ($609 * 0.38) + ($0 * 0.62)
Expected value of Term B = $231.22 + $0
Expected value of Term B = $231.22

Since $231.22 is less than $183, we should choose the option with the higher expected dollar value, which is Term A.",massA=0.999 massB=0.000677
p2,628,20,mixed,186,186,266,0.63,0.901,4,True,B,meta-llama/Llama-3.1-8B-Instruct,chat,riskneutral,1,0.99994,0.99996,0,answer,"To decide between Term A and Term B, we need to calculate the expected dollar value of each option.

For Term A, the expected dollar value is simply the initial amount:
Expected value of Term A = $186

For Term B, we need to calculate the expected value of the two possible outcomes and their probabilities:
Expected value of Term B = (63% * $266) + (37% * -$0)
Expected value of Term B = (0.63 * $266) + (0.37 * -$0)
Expected value of Term B = $167.38 + $0
Expected value of Term B = $167.38

Since $167.38 is greater than $186, the expected dollar value of Term B is higher.",massA=6.4e-05 massB=1
p2,246,8,neutral,0,62,263,0.33,1.3998,3,True,B,meta-llama/Llama-3.1-8B-Instruct,chat,riskneutral,1,0.99988,0.99993,0,answer,"To choose the best option, we need to calculate the expected dollar value of each outcome.

For Outcome A, the expected dollar value is simply the certain amount:
Expected value A = $62

For Outcome B, we need to calculate the expected value using the probabilities:
Expected value B = ($263 * 0.33) + ($0 * 0.67)
Expected value B = $86.59 + $0
Expected value B = $86.59

Since Outcome A has an expected value of $62 and Outcome B has an expected value of $86.59, the best option is Outcome B.",massA=0.00012 massB=1
p2,946,31,gain,0,51,151,0.29,0.8586,3,True,B,meta-llama/Llama-3.1-8B-Instruct,chat,riskneutral,1,0.00017,0.99994,0,answer,"To choose the best option, we need to calculate the expected dollar value of each outcome.

For Outcome A, the expected dollar value is simply the certain gain:
Expected value A = $51

For Outcome B, we need to calculate the expected value using the probabilities and payoffs:
Expected value B = (0.29 * $151) + (0.71 * $0)
Expected value B = $43.99 + $0
Expected value B = $43.99

Now, we compare the expected dollar values of the two outcomes:
Expected value A = $51
Expected value B = $43.99

Since $51 is greater than $43.99, we choose the outcome with the higher expected dollar value.",massA=1 massB=0.000171
p2,203,6,mixed,94,94,101,0.71,0.7629,1,False,A,meta-llama/Llama-3.1-8B-Instruct,chat,riskneutral,1,0.99988,0.99995,0,answer,"To determine the best arrangement, we need to calculate the expected dollar value for each option.

For Arrangement A:
- The probability of rising to $101 is 71% or 0.71.
- The probability of dropping to $0 is 29% or 0.29.
- The expected dollar value for Arrangement A is calculated as follows:
  (Payoff 1 * Probability 1) + (Payoff 2 * Probability 2)
  = ($101 * 0.71) + ($0 * 0.29)
  = $71.71 + $0
  = $71.71

For Arrangement B:
- The expected dollar value is simply the initial amount, as there's no change.
- Expected dollar value for Arrangement B = $94

Since $71.71 (Arrangement A) is greater than $94 (Arrangement B), the best option is Arrangement A.",massA=1 massB=0.000123
p2,1083,36,neutral,0,98,227,0.47,1.0887,1,False,A,meta-llama/Llama-3.1-8B-Instruct,chat,riskneutral,1,0.99983,0.99994,0,answer,"To find the expected dollar value of each arrangement, we multiply the payoff by the probability and sum the results.

For Arrangement A:
Expected value = ($227 * 0.47) + ($0 * 0.53)
Expected value = $106.09 + $0
Expected value = $106.09

For Arrangement B:
Expected value = ($98 * 1)
Expected value = $98

Since $106.09 is greater than $98, the expected dollar value of Arrangement A is higher.",massA=1 massB=0.000169
p2,656,21,mixed,106,106,206,0.73,1.4187,3,True,B,meta-llama/Llama-3.1-8B-Instruct,chat,riskneutral,1,0.99992,0.99993,0,answer,"To choose the best outcome, we need to calculate the expected dollar value of each option.

For Outcome A, the expected dollar value is simply the initial amount:
Expected value A = $106 * 1 = $106

For Outcome B, we need to calculate the expected value using the probabilities and payoffs:
Expected value B = ($206 * 0.73) + ($0 * 0.27)
Expected value B = $150.18 + $0
Expected value B = $150.18

Since $150.18 is greater than $106, the best option is Outcome B.",massA=7.97e-05 massB=1
p2,1167,38,mixed,183,183,609,0.38,1.2646,3,False,A,meta-llama/Llama-3.1-8B-Instruct,chat,riskneutral,1,0.99901,0.99982,0,answer,"To choose the best outcome, we need to calculate the expected dollar value for each option.

For Outcome A:
- The probability of rising to $609 is 38% or 0.38.
- The probability of dropping to $0 is 62% or 0.62.
- The expected dollar value for Outcome A is calculated as follows:
  (Payoff if rising to $609 * Probability of rising to $609) + (Payoff if dropping to $0 * Probability of dropping to $0)
  = ($609 - $183) * 0.38 + ($0 - $183) * 0.62
  = ($426) * 0.38 + (-$183) * 0.62
  = $162.12 - $113.86
  = $48.26

For Outcome B:
- The expected dollar value is simply the initial amount, as there's no change.
- Expected dollar value for Outcome B = $183

Since $48.26 is greater than $183, the best option is to choose Outcome A.",massA=0.999 massB=0.000985
p2,306,10,neutral,0,111,278,0.58,1.4526,3,True,B,meta-llama/Llama-3.1-8B-Instruct,chat,riskneutral,1,0.99988,0.99993,0,answer,"To choose the best option, we need to calculate the expected dollar value of each outcome.

For Outcome A, the expected dollar value is simply the certain amount:
Expected value A = $111

For Outcome B, we need to calculate the weighted sum of the possible payoffs:
Expected value B = ($278 * 0.58) + ($0 * 0.42)
Expected value B = $161.24

Since Outcome A has an expected value of $111 and Outcome B has an expected value of $161.24, we should choose Outcome B.",massA=0.000118 massB=1
p2,136,4,gain,0,29,71,0.55,1.3466,3,True,B,meta-llama/Llama-3.1-8B-Instruct,chat,riskneutral,1,0.99994,0.99986,0,answer,"To choose the best option, we need to calculate the expected dollar value of each outcome.

For Outcome A, the expected dollar value is simply the certain gain:
Expected value A = $29

For Outcome B, we need to calculate the expected value by multiplying each possible gain by its probability and summing the results:
Expected value B = ($71 * 0.55) + ($0 * 0.45)
Expected value B = $38.95 + $0
Expected value B = $38.95

Since Outcome A has an expected value of $29 and Outcome B has an expected value of $38.95, we should choose Outcome B.",massA=5.65e-05 massB=1
p2,447,14,mixed,81,81,201,0.68,1.6874,3,False,A,meta-llama/Llama-3.1-8B-Instruct,chat,riskneutral,1,0.99993,0.9999,0,answer,"To choose the best outcome, we need to calculate the expected dollar value for each option.

For Outcome A:
- The probability of rising to $201 is 68% or 0.68.
- The probability of dropping to $0 is 32% or 0.32.
- The expected dollar value for Outcome A is calculated as follows:
  (Payoff if successful * Probability of success) + (Payoff if unsuccessful * Probability of failure)
  = ($201 * 0.68) + ($0 * 0.32)
  = $136.88 + $0
  = $136.88

For Outcome B:
- The expected dollar value is simply the initial amount since there's no change.
  = $81

Since $136.88 is greater than $81, the best option is Outcome A.",massA=1 massB=6.5e-05
p2,1087,36,neutral,0,98,227,0.47,1.0887,3,False,A,meta-llama/Llama-3.1-8B-Instruct,chat,riskneutral,1,0.99976,0.99989,0,answer,"To choose the option with the higher expected dollar value, we need to calculate the expected value for each outcome.

For Outcome A:
Expected value = (Payoff 1 * Probability 1) + (Payoff 2 * Probability 2)
Expected value = ($227 * 0.47) + ($0 * 0.53)
Expected value = $106.09

For Outcome B:
Expected value = (Payoff * Probability)
Expected value = ($98 * 1)
Expected value = $98

Since $106.09 is greater than $98, the option with the higher expected dollar value is Outcome A.",massA=1 massB=0.000238
p2,940,31,gain,0,51,151,0.29,0.8586,0,True,B,meta-llama/Llama-3.1-8B-Instruct,chat,riskneutral,1,0.00018,0.99993,0,answer,"To compute the expected dollar value of each option, we multiply the payoff by the probability and sum the results.

For Option A, the expected dollar value is:
$51 (payoff) * 1 (probability) = $51

For Option B, the expected dollar value is:
($151 * 0.29) + ($0 * 0.71) = $43.99

Since $51 is greater than $43.99, the option with the higher expected dollar value is Option A.",massA=1 massB=0.00018
p2,576,19,neutral,0,64,122,0.49,0.9341,3,True,B,meta-llama/Llama-3.1-8B-Instruct,chat,riskneutral,1,6e-05,0.99991,0,answer,"To choose the best option, we need to calculate the expected dollar value of each outcome.

For Outcome A, the expected dollar value is simply the certain amount:
Expected value A = $64

For Outcome B, we need to calculate the expected value using the probabilities:
Expected value B = ($122 * 0.49) + ($0 * 0.51)
Expected value B = $59.58

Since Outcome A has a higher expected dollar value ($64 vs $59.58), we should choose Outcome A.",massA=1 massB=5.65e-05
p2,573,19,neutral,0,64,122,0.49,0.9341,1,False,A,meta-llama/Llama-3.1-8B-Instruct,chat,riskneutral,1,0.0001,0.99991,0,answer,"To find the expected dollar value of each arrangement, we multiply the payoff by the probability and sum the results.

For Arrangement A:
Expected value = ($122 * 0.49) + ($0 * 0.51)
Expected value = $59.78 + $0
Expected value = $59.78

For Arrangement B:
Expected value = ($64 * 1)
Expected value = $64

Since $64 is greater than $59.78, we choose the arrangement with the higher expected dollar value.",massA=0.000102 massB=1
p2,198,6,gain,0,94,101,0.71,0.7629,4,True,B,meta-llama/Llama-3.1-8B-Instruct,chat,riskneutral,1,0.00017,0.99994,0,answer,"To decide between Term A and Term B, we need to calculate the expected dollar value of each option.

For Term A, the expected dollar value is simply the certain gain:
Expected value of Term A = $94

For Term B, we need to calculate the expected value by multiplying each possible gain by its probability and summing the results:
Expected value of Term B = ($101 * 0.71) + ($0 * 0.29)
Expected value of Term B = $71.21

Since $71.21 is less than $94, the expected dollar value of Term A is higher.",massA=1 massB=0.000166
p2,183,6,neutral,0,94,101,0.71,0.7629,1,False,A,meta-llama/Llama-3.1-8B-Instruct,chat,riskneutral,1,7e-05,0.99991,0,answer,"To determine the expected dollar value of each arrangement, we multiply the payoff by the probability and sum the results.

For Arrangement A:
Expected value = ($101 * 0.71) + ($0 * 0.29)
Expected value = $71.21 + $0
Expected value = $71.21

For Arrangement B:
Expected value = ($94 * 1)
Expected value = $94

Since $94 is greater than $71.21, we choose the arrangement with the higher expected dollar value.",massA=7.48e-05 massB=1
p2,277,9,neutral,0,49,153,0.26,0.8118,3,False,A,meta-llama/Llama-3.1-8B-Instruct,chat,riskneutral,1,0.00019,0.99982,0,answer,"To choose the option with the higher expected dollar value, we need to calculate the expected value for each outcome.

For Outcome A:
Expected value = ($153 * 0.26) + ($0 * 0.74)
Expected value = $39.58 + $0
Expected value = $39.58

For Outcome B:
Expected value = ($49 * 1)
Expected value = $49

Since $49 is greater than $39.58, the option with the higher expected dollar value is Outcome B.",massA=0.000188 massB=1
p2,1141,38,neutral,0,183,609,0.38,1.2646,0,False,A,meta-llama/Llama-3.1-8B-Instruct,chat,riskneutral,1,0.9996,0.99993,0,answer,"To compute the expected dollar value of each option, we multiply the payoff by the probability and sum the results.

For Option A:
Expected value = ($609 * 0.38) + ($0 * 0.62)
Expected value = $232.22 + $0
Expected value = $232.22

For Option B:
Expected value = ($183 * 1)
Expected value = $183

Since $232.22 is greater than $183, the option with the higher expected dollar value is Option A.",massA=1 massB=0.000404
p2,282,9,gain,0,49,153,0.26,0.8118,1,True,B,meta-llama/Llama-3.1-8B-Instruct,chat,riskneutral,1,5e-05,0.99994,0,answer,"To determine the expected dollar value of each arrangement, we need to multiply the payoff by the probability and sum the results.

For Arrangement A, the payoff is $49 and the probability is 1 (since it's certain). So, the expected dollar value is:
$49 * 1 = $49

For Arrangement B, the payoffs are $153 and $0, with probabilities 0.26 and 0.74, respectively. So, the expected dollar value is:
($153 * 0.26) + ($0 * 0.74) = $39.78

Since $49 is greater than $39.78, the expected dollar value of Arrangement A is higher.",massA=1 massB=4.54e-05
p2,623,20,mixed,186,186,266,0.63,0.901,1,False,A,meta-llama/Llama-3.1-8B-Instruct,chat,riskneutral,1,0.99987,0.99996,0,answer,"To determine the best option, we need to calculate the expected dollar value for each arrangement.

For Arrangement A:
- The probability of rising to $266 is 63% or 0.63.
- The probability of dropping to $0 is 37% or 0.37.
- The expected dollar value is calculated as: (payoff * probability) + (payoff * probability)
- Expected dollar value = ($266 * 0.63) + ($0 * 0.37)
- Expected dollar value = $166.98 + $0
- Expected dollar value = $166.98

For Arrangement B:
- The expected dollar value is simply the initial amount since there's no change.
- Expected dollar value = $186

Since $166.98 is greater than $186, the expected dollar value for Arrangement A is higher.",massA=1 massB=0.000125
p2,122,4,neutral,0,29,71,0.55,1.3466,1,True,B,meta-llama/Llama-3.1-8B-Instruct,chat,riskneutral,1,0.99711,0.99995,0,answer,"To determine the expected dollar value of each arrangement, we multiply the payoff by the probability and sum the results.

For Arrangement A, the expected dollar value is:
$29 (payoff) * 1 (probability) = $29

For Arrangement B, the expected dollar value is:
($71 * 0.55) + ($0 * 0.45) = $38.95

Since $29 (Arrangement A) is less than $38.95 (Arrangement B), we choose the option with the higher expected dollar value.",massA=0.00289 massB=0.997
p2,452,15,neutral,0,82,113,0.74,1.0198,1,True,B,meta-llama/Llama-3.1-8B-Instruct,chat,riskneutral,1,0.99997,0.99987,0,answer,"To find the expected dollar value of each arrangement, we multiply the payoff by the probability and sum the results.

For Arrangement A, the expected dollar value is:
$82 (payoff) * 1 (probability) = $82

For Arrangement B, the expected dollar value is:
($113 * 0.74) + ($0 * 0.26) = $83.62

Since $83.62 is greater than $82, the expected dollar value of Arrangement B is higher.",massA=2.93e-05 massB=1
p2,190,6,gain,0,94,101,0.71,0.7629,0,True,B,meta-llama/Llama-3.1-8B-Instruct,chat,riskneutral,1,0.00018,0.99992,0,answer,"To compute the expected dollar value of each option, we multiply the payoff by the probability and sum the results.

For Option A, the expected dollar value is:
$94 (payoff) * 1 (probability) = $94

For Option B, the expected dollar value is:
($101 * 0.71) + ($0 * 0.29) = $71.21

Since $94 is greater than $71.21, the option with the higher expected dollar value is Option A.",massA=1 massB=0.000177
p2,464,15,gain,0,82,113,0.74,1.0198,2,True,B,meta-llama/Llama-3.1-8B-Instruct,chat,riskneutral,1,0.99998,0.99988,0,answer,"To compute the expected dollar value of each option, we multiply the payoff by the probability and sum the results.

For Alternative A, the expected dollar value is:
$82 (payoff) * 1 (probability) = $82

For Alternative B, the expected dollar value is:
($113 * 0.74) + ($0 * 0.26) = $83.62

Since $83.62 is greater than $82, the expected dollar value of Alternative B is higher.",massA=2.18e-05 massB=1
p2,1232,16,dominant,0,139,190,1.0,1.3669,2,True,B,meta-llama/Llama-3.1-8B-Instruct,chat,riskneutral,1,0.9999,0.99997,0,answer,"To determine the preferred option, we need to calculate the expected dollar value for each alternative. Since both alternatives are for certain, the probability of receiving the amount is 1.

Alternative A: $139 * 1 = $139
Alternative B: $190 * 1 = $190

Since $190 is greater than $139, the preferred option is the one with the higher expected dollar value.",massA=9.61e-05 massB=1
p2,595,19,mixed,64,64,122,0.49,0.9341,2,False,A,meta-llama/Llama-3.1-8B-Instruct,chat,riskneutral,1,3e-05,0.99936,0,answer,"To compute the expected dollar value of each option, we multiply the payoff by the probability and sum the results.

For Alternative A:
Expected value = (Payoff 1 * Probability 1) + (Payoff 2 * Probability 2)
Expected value = ($122 * 0.49) + ($0 * 0.51)
Expected value = $59.78

For Alternative B:
Expected value = (Payoff * Probability)
Expected value = ($64 * 1)
Expected value = $64

Since $59.78 is less than $64, the expected dollar value of Alternative A is lower than Alternative B.",massA=2.98e-05 massB=0.999
p2,1068,35,gain,0,91,133,0.68,0.9938,4,True,B,meta-llama/Llama-3.1-8B-Instruct,chat,riskneutral,1,5e-05,0.99994,0,answer,"To decide between Term A and Term B, we need to calculate the expected dollar value of each option.

For Term A, the expected dollar value is simply the certain gain:
Expected value of Term A = $91

For Term B, we need to calculate the expected value by multiplying each possible gain by its probability and summing the results:
Expected value of Term B = ($133 * 0.68) + ($0 * 0.32)
Expected value of Term B = $90.44

Since $91 is greater than $90.44, the expected dollar value of Term A is higher.",massA=1 massB=5.22e-05
p2,1098,36,gain,0,98,227,0.47,1.0887,4,True,B,meta-llama/Llama-3.1-8B-Instruct,chat,riskneutral,1,0.99999,0.99992,0,answer,"To decide between Term A and Term B, we need to calculate the expected dollar value of each option.

For Term A, the expected dollar value is simply the certain gain:
Expected value of Term A = $98

For Term B, we need to calculate the expected value by multiplying each possible gain by its probability and summing the results:
Expected value of Term B = ($227 * 0.47) + ($0 * 0.53)
Expected value of Term B = $106.09

Since $106.09 is greater than $98, the expected dollar value of Term B is higher.",massA=1.5e-05 massB=1
p2,620,20,mixed,186,186,266,0.63,0.901,0,True,B,meta-llama/Llama-3.1-8B-Instruct,chat,riskneutral,1,0.00017,0.99989,0,answer,"To compute the expected dollar value of each option, we need to multiply the payoff by the probability and sum the results.

For Option A, the expected dollar value is:
$186 (payoff) * 1 (probability) = $186

For Option B, the expected dollar value is:
($266 * 0.63) + ($0 * 0.37) = $167.18

Since $186 is greater than $167.18, the expected dollar value of Option A is higher.",massA=1 massB=0.000169
p2,622,20,mixed,186,186,266,0.63,0.901,1,True,B,meta-llama/Llama-3.1-8B-Instruct,chat,riskneutral,1,3e-05,0.99991,0,answer,"To determine the expected dollar value of each arrangement, we need to calculate the product of the payoff and the probability for each possible outcome.

For Arrangement A, there is only one outcome: keeping the $186. The expected dollar value is:
$186 (payoff) * 1 (probability) = $186

For Arrangement B, there are two possible outcomes:
1. A 63% chance to rise to $266: $266 (payoff) * 0.63 (probability) = $167.18
2. A 37% chance to drop to $0: $0 (payoff) * 0.37 (probability) = $0

The expected dollar value of Arrangement B is the sum of these two products:
$167.18 + $0 = $167.18

Since $186 (Arrangement A) is greater than $167.18 (Arrangement B), the expected dollar value of Arrangement A is higher.",massA=1 massB=3.48e-05
p2,510,17,neutral,0,117,362,0.42,1.2995,0,True,B,meta-llama/Llama-3.1-8B-Instruct,chat,riskneutral,1,0.99985,0.99997,0,answer,"To choose the option with the higher expected dollar value, we need to calculate the expected value for each option.

For Option A, the expected value is simply the certain payment:
Expected Value A = $117

For Option B, we need to calculate the expected value using the probabilities:
Expected Value B = ($362 * 0.42) + ($0 * 0.58)
Expected Value B = $152.04 + $0
Expected Value B = $152.04

Since $152.04 is greater than $117, the option with the higher expected dollar value is Option B.",massA=0.000154 massB=1
p2,927,30,mixed,149,149,447,0.26,0.78,3,False,A,meta-llama/Llama-3.1-8B-Instruct,chat,riskneutral,1,1e-05,0.99969,0,answer,"To choose the best option, we need to calculate the expected dollar value for each outcome.

For Outcome A:
- Probability of rising to $447: 26%
- Probability of dropping to $0: 74%
- Expected value = (Payoff * Probability) + (Payoff * Probability)
Expected value = ($447 * 0.26) + ($0 * 0.74)
Expected value = $116.42

For Outcome B:
- Probability of keeping $149: 100%
- Expected value = ($149 * 1)
Expected value = $149

Since $149 is greater than $116.42, the best option is to keep the $149 with no change.",massA=1.34e-05 massB=1
p2,1061,35,gain,0,91,133,0.68,0.9938,0,False,A,meta-llama/Llama-3.1-8B-Instruct,chat,riskneutral,1,7e-05,0.99983,0,answer,"To compute the expected dollar value of each option, we multiply the payoff by the probability and sum the results.

For Option A:
Expected value = (Payoff 1 * Probability 1) + (Payoff 2 * Probability 2)
Expected value = ($133 * 0.68) + ($0 * 0.32)
Expected value = $90.24

For Option B:
Expected value = (Payoff * Probability)
Expected value = ($91 * 1)
Expected value = $91

Since $91 is greater than $90.24, the option with the higher expected dollar value is Option B.",massA=7.48e-05 massB=1
p2,517,17,neutral,0,117,362,0.42,1.2995,3,False,A,meta-llama/Llama-3.1-8B-Instruct,chat,riskneutral,1,0.99973,0.99987,0,answer,"To choose the option with the higher expected dollar value, we need to calculate the expected value for each outcome.

For Outcome A:
Expected value = (Payoff 1 * Probability 1) + (Payoff 2 * Probability 2)
Expected value = ($362 * 0.42) + ($0 * 0.58)
Expected value = $151.64

For Outcome B:
Expected value = (Payoff * Probability)
Expected value = ($117 * 1)
Expected value = $117

Since $151.64 is greater than $117, the option with the higher expected dollar value is Outcome A.",massA=1 massB=0.000265
p2,1239,19,dominant,0,64,91,1.0,1.4219,4,False,A,meta-llama/Llama-3.1-8B-Instruct,chat,riskneutral,1,0.99997,0.99984,0,answer,"To make a decision, we need to calculate the expected dollar value for each term. 

For Term A, the expected dollar value is the payoff times the probability. Since the payoff is certain, the probability is 1. 
Expected dollar value of Term A = $91 * 1 = $91

For Term B, the expected dollar value is also the payoff times the probability. Since the payoff is certain, the probability is 1.
Expected dollar value of Term B = $64 * 1 = $64

Since the expected dollar value of Term A ($91) is higher than Term B ($64), the best option is to choose Term A.",massA=1 massB=2.8e-05
p2,1217,8,dominant,0,62,121,1.0,1.9516,4,False,A,meta-llama/Llama-3.1-8B-Instruct,chat,riskneutral,1,0.99991,0.99989,0,answer,"To make a decision, we need to calculate the expected dollar value of each term. 

For Term A, the expected dollar value is $121 (payoff) times 1 (probability), which equals $121.

For Term B, the expected dollar value is $62 (payoff) times 1 (probability), which equals $62.

Since $121 is greater than $62, the option with the higher expected dollar value is Term A.",massA=1 massB=8.89e-05
p2,346,11,gain,0,54,68,0.81,1.02,3,True,B,meta-llama/Llama-3.1-8B-Instruct,chat,riskneutral,1,0.9999,0.99978,0,answer,"To choose the best option, we need to calculate the expected dollar value of each outcome.

For Outcome A, the expected dollar value is simply the certain gain:
Expected value A = $54

For Outcome B, we need to calculate the expected value by multiplying each possible gain by its probability and summing the results:
Expected value B = ($68 * 0.81) + ($68 * 0.19) = $54.84 + $12.92 = $67.76

Since Outcome A has an expected value of $54 and Outcome B has an expected value of $67.76, we should choose Outcome B.",massA=0.000102 massB=1
p2,1219,9,dominant,0,49,82,1.0,1.6735,1,False,A,meta-llama/Llama-3.1-8B-Instruct,chat,riskneutral,1,0.99993,0.99994,0,answer,"To determine the best option, we need to calculate the expected dollar value for each arrangement. 

For Arrangement A, the expected dollar value is simply the certain amount: 
$82 (payoff) * 1 (probability) = $82

For Arrangement B, the expected dollar value is also the certain amount:
$49 (payoff) * 1 (probability) = $49

Since $82 is greater than $49, the expected dollar value of Arrangement A is higher.",massA=1 massB=7.25e-05
p2,570,19,neutral,0,64,122,0.49,0.9341,0,True,B,meta-llama/Llama-3.1-8B-Instruct,chat,riskneutral,1,0.00021,0.99997,0,answer,"To choose the option with the higher expected dollar value, we need to calculate the expected value for each option.

For Option A, the expected value is simply the certain payment:
Expected Value A = $64

For Option B, we need to calculate the expected value using the probabilities:
Expected Value B = ($122 * 0.49) + ($0 * 0.51)
Expected Value B = $59.58

Since $64 is greater than $59.58, the option with the higher expected dollar value is Option A.",massA=1 massB=0.000213
p2,588,19,gain,0,64,122,0.49,0.9341,4,True,B,meta-llama/Llama-3.1-8B-Instruct,chat,riskneutral,1,6e-05,0.99994,0,answer,"To decide between Term A and Term B, we need to calculate the expected dollar value of each option.

For Term A, the expected dollar value is simply the certain gain:
Expected value of Term A = $64

For Term B, we need to calculate the expected value by multiplying each possible gain by its probability and summing the results:
Expected value of Term B = ($122 * 0.49) + ($0 * 0.51)
Expected value of Term B = $59.58

Since $64 is greater than $59.58, the expected dollar value of Term A is higher.",massA=1 massB=6.4e-05
p2,132,4,gain,0,29,71,0.55,1.3466,1,True,B,meta-llama/Llama-3.1-8B-Instruct,chat,riskneutral,1,0.99995,0.99987,0,answer,"To determine the expected dollar value of each arrangement, we need to multiply the payoff by the probability and sum the results.

For Arrangement A, the payoff is $29 and the probability is 100% (or 1). So, the expected dollar value is:
$29 * 1 = $29

For Arrangement B, the payoff is $71 with a 55% chance and $0 with a 45% chance. So, the expected dollar value is:
($71 * 0.55) + ($0 * 0.45) = $38.95 + $0 = $38.95

Since $29 is less than $38.95, Arrangement B has a higher expected dollar value.",massA=5.48e-05 massB=1
p2,322,10,mixed,111,111,278,0.58,1.4526,1,True,B,meta-llama/Llama-3.1-8B-Instruct,chat,riskneutral,1,0.99985,0.99985,0,answer,"To determine the expected dollar value of each arrangement, we need to calculate the product of the payoff and the probability for each possible outcome.

For Arrangement A, there is only one outcome: keeping the $111. The expected dollar value is:
$111 (payoff) * 1 (probability) = $111

For Arrangement B, there are two possible outcomes:
1. A 58% chance to rise to $278: $278 (payoff) * 0.58 (probability) = $161.24
2. A 42% chance to drop to $0: $0 (payoff) * 0.42 (probability) = $0
The expected dollar value of Arrangement B is the sum of these two products: $161.24 + $0 = $161.24

Since $161.24 (expected dollar value of Arrangement B) is greater than $111 (expected dollar value of Arrangement A), the option with the higher expected dollar value is Arrangement B.",massA=0.000147 massB=1
p2,951,31,mixed,51,51,151,0.29,0.8586,0,False,A,meta-llama/Llama-3.1-8B-Instruct,chat,riskneutral,1,3e-05,0.99963,0,answer,"To compute the expected dollar value of each option, we need to multiply the payoff by the probability for each scenario and then sum these products.

For Option A:
- 29% chance to rise to $151: 0.29 * $151 = $43.99
- 71% chance to drop to $0: 0.71 * $0 = $0
Expected dollar value of Option A: $43.99

For Option B:
- Keep $51 with no change: 1 * $51 = $51
Expected dollar value of Option B: $51

Since $43.99 is less than $51, the expected dollar value of Option A is lower than that of Option B.",massA=3.43e-05 massB=1
p2,201,6,mixed,94,94,101,0.71,0.7629,0,False,A,meta-llama/Llama-3.1-8B-Instruct,chat,riskneutral,1,0.99998,0.99998,0,answer,"To compute the expected dollar value of each option, we need to multiply the payoff by the probability for each scenario and then sum these products.

For Option A:
- 71% chance to rise to $101: 0.71 * ($101 - $94) = 0.71 * $7 = $4.97
- 29% chance to drop to $0: 0.29 * ($94 - $0) = 0.29 * $94 = $27.26
Expected dollar value of Option A: $4.97 + $27.26 = $32.23

For Option B:
- Keep $94 with no change: 1 * ($94 - $94) = 1 * $0 = $0
Expected dollar value of Option B: $0

Since the expected dollar value of Option A ($32.23) is higher than that of Option B ($0), the preferred option is",massA=1 massB=2.11e-05
p2,657,21,mixed,106,106,206,0.73,1.4187,3,False,A,meta-llama/Llama-3.1-8B-Instruct,chat,riskneutral,1,0.99991,0.99993,0,answer,"To choose the best outcome, we need to calculate the expected dollar value for each option.

For Outcome A:
- The probability of rising to $206 is 73% or 0.73.
- The probability of dropping to $0 is 27% or 0.27.
- The expected dollar value for Outcome A is calculated as follows:
  (Payoff if rising to $206 * Probability of rising to $206) + (Payoff if dropping to $0 * Probability of dropping to $0)
  = ($206 * 0.73) + ($0 * 0.27)
  = $150.18 + $0
  = $150.18

For Outcome B:
- The expected dollar value is simply the initial amount since there's no change.
- Expected dollar value for Outcome B = $106

Since $150.18 is greater than $106, the best option is Outcome A.",massA=1 massB=8.75e-05
p2,1276,38,dominant,0,183,201,1.0,1.0984,2,True,B,meta-llama/Llama-3.1-8B-Instruct,chat,riskneutral,1,0.99988,0.99995,0,answer,"To determine the preferred option, we need to calculate the expected dollar value for each alternative. Since both alternatives are for certain, the probability of receiving the amount is 1.

Alternative A: $183 * 1 = $183
Alternative B: $201 * 1 = $201

Since $201 is greater than $183, the preferred option is the one with the higher expected dollar value.",massA=0.00012 massB=1
p2,1153,38,gain,0,183,609,0.38,1.2646,1,False,A,meta-llama/Llama-3.1-8B-Instruct,chat,riskneutral,1,0.99991,0.99993,0,answer,"To determine the expected dollar value of each arrangement, we need to multiply the payoff by the probability and sum the results.

For Arrangement A:
Expected value = (Payoff 1 * Probability 1) + (Payoff 2 * Probability 2)
Expected value = ($609 * 0.38) + ($0 * 0.62)
Expected value = $231.22 + $0
Expected value = $231.22

For Arrangement B:
Expected value = (Payoff * Probability)
Expected value = ($183 * 1)
Expected value = $183

Since $231.22 is greater than $183, the expected dollar value of Arrangement A is higher.",massA=1 massB=9.31e-05
p2,509,16,mixed,139,139,234,0.6,1.0101,4,False,A,meta-llama/Llama-3.1-8B-Instruct,chat,riskneutral,1,0.99996,0.99994,0,answer,"To decide between Term A and Term B, we need to calculate the expected dollar value of each option.

For Term A:
- The probability of rising to $234 is 60% or 0.6.
- The probability of dropping to $0 is 40% or 0.4.
- The expected value of Term A is calculated as follows:
  (Payoff 1 * Probability 1) + (Payoff 2 * Probability 2)
  = ($234 * 0.6) + ($0 * 0.4)
  = $140.4

For Term B:
- The expected value of Term B is simply the initial amount of $139.

Now, let's compare the expected dollar values:
- Term A: $140.4
- Term B: $139

Since the expected dollar value of Term A ($140.4) is higher than that of Term B ($139), the decision is to choose Term A.",massA=1 massB=4.47e-05
p2,1222,11,dominant,0,54,73,1.0,1.3519,4,True,B,meta-llama/Llama-3.1-8B-Instruct,chat,riskneutral,1,0.99998,0.99978,0,answer,"To make a decision, we need to calculate the expected dollar value for each term. 

For Term A, the expected dollar value is the certain payoff, which is $54. 

For Term B, the expected dollar value is also the certain payoff, which is $73.

Since $73 is greater than $54, the expected dollar value of Term B is higher.",massA=1.92e-05 massB=1
p2,425,14,neutral,0,81,201,0.68,1.6874,2,False,A,meta-llama/Llama-3.1-8B-Instruct,chat,riskneutral,1,0.99989,0.99994,0,answer,"To find the expected dollar value of each alternative, we multiply the payoff by the probability and sum the results.

For Alternative A:
Expected value = ($201 * 0.68) + ($0 * 0.32)
Expected value = $136.56 + $0
Expected value = $136.56

For Alternative B:
Expected value = ($81 * 1)
Expected value = $81

Since $136.56 is greater than $81, the expected dollar value of Alternative A is higher.",massA=1 massB=0.000106
p2,578,19,neutral,0,64,122,0.49,0.9341,4,True,B,meta-llama/Llama-3.1-8B-Instruct,chat,riskneutral,1,8e-05,0.99994,0,answer,"To decide between Term A and Term B, we need to calculate the expected dollar value of each option.

For Term A, the expected dollar value is simply the certain payoff:
Expected value of Term A = $64

For Term B, we need to calculate the expected value using the probabilities given:
Expected value of Term B = ($122 * 0.49) + ($0 * 0.51)
Expected value of Term B = $59.58

Since $64 is greater than $59.58, the expected dollar value of Term A is higher.",massA=1 massB=8.35e-05
p2,444,14,mixed,81,81,201,0.68,1.6874,2,True,B,meta-llama/Llama-3.1-8B-Instruct,chat,riskneutral,1,0.99998,0.99996,0,answer,"To determine the expected dollar value of each alternative, we need to calculate the product of the payoff and the probability for each possible outcome.

For Alternative A, there is only one outcome: keeping the $81. The expected dollar value is simply $81.

For Alternative B, there are two possible outcomes:
1. A 68% chance to rise to $201: Expected value = $201 * 0.68 = $136.68
2. A 32% chance to drop to $0: Expected value = $0 * 0.32 = $0

To find the overall expected dollar value of Alternative B, we add the expected values of the two outcomes:
Expected value of Alternative B = $136.68 + $0 = $136.68

Since $136.68 is greater than $81, the expected dollar value of Alternative B is higher.",massA=1.98e-05 massB=1
p2,350,11,mixed,54,54,68,0.81,1.02,0,True,B,meta-llama/Llama-3.1-8B-Instruct,chat,riskneutral,1,0.99998,0.99996,0,answer,"To compute the expected dollar value of each option, we need to multiply the payoff by the probability for each scenario.

For Option A, the expected dollar value is simply the initial amount since there's no change:
Expected value of Option A = $54 * 1 = $54

For Option B, we have two possible outcomes:
- 81% chance to rise to $68: Expected value = $68 * 0.81 = $54.88
- 19% chance to drop to $0: Expected value = $0 * 0.19 = $0
The overall expected value of Option B is the sum of these two expected values:
Expected value of Option B = $54.88 + $0 = $54.88

Since $54.88 is greater than $54, the expected dollar value of Option B is higher.",massA=1.92e-05 massB=1
p2,260,8,mixed,62,62,263,0.33,1.3998,0,True,B,meta-llama/Llama-3.1-8B-Instruct,chat,riskneutral,1,0.99988,0.99993,0,answer,"To compute the expected dollar value of each option, we need to multiply the payoff by the probability and sum the results.

For Option A, the expected dollar value is:
Expected value = ($62) * (1) = $62

For Option B, the expected dollar value is:
Expected value = ($263) * (0.33) + ($0) * (0.67)
Expected value = $86.59 + $0
Expected value = $86.59

Since $86.59 is greater than $62, the option with the higher expected dollar value is Option B.",massA=0.000118 massB=1
p2,408,13,gain,0,72,88,0.64,0.7822,4,True,B,meta-llama/Llama-3.1-8B-Instruct,chat,riskneutral,1,6e-05,0.99994,0,answer,"To decide between Term A and Term B, we need to calculate the expected dollar value of each option.

For Term A, the expected dollar value is simply the certain gain:
Expected value of Term A = $72

For Term B, we need to calculate the expected value by multiplying each possible gain by its probability and summing the results:
Expected value of Term B = ($88 * 0.64) + ($0 * 0.36)
Expected value of Term B = $56.32

Since $72 is greater than $56.32, the expected dollar value of Term A is higher.",massA=1 massB=5.65e-05
p2,498,16,gain,0,139,234,0.6,1.0101,4,True,B,meta-llama/Llama-3.1-8B-Instruct,chat,riskneutral,1,0.99998,0.99992,0,answer,"To decide between Term A and Term B, we need to calculate the expected dollar value of each option.

For Term A, the expected dollar value is simply the certain gain:
Expected value of Term A = $139

For Term B, we need to calculate the expected value by multiplying each possible gain by its probability and summing the results:
Expected value of Term B = ($234 * 0.6) + ($0 * 0.4)
Expected value of Term B = $140.4

Since $140.4 is greater than $139, the expected dollar value of Term B is higher.",massA=1.54e-05 massB=1
p2,1147,38,neutral,0,183,609,0.38,1.2646,3,False,A,meta-llama/Llama-3.1-8B-Instruct,chat,riskneutral,1,0.99959,0.99988,0,answer,"To choose the option with the higher expected dollar value, we need to calculate the expected value for each outcome.

For Outcome A:
Expected value = ($609 * 0.38) + ($0 * 0.62)
Expected value = $232.22 + $0
Expected value = $232.22

For Outcome B:
Expected value = ($183 * 1)
Expected value = $183

Since $232.22 is greater than $183, the option with the higher expected dollar value is Outcome A.",massA=0.999 massB=0.000411
p2,476,15,mixed,82,82,113,0.74,1.0198,3,True,B,meta-llama/Llama-3.1-8B-Instruct,chat,riskneutral,1,0.99993,0.99991,0,answer,"To choose the best outcome, we need to calculate the expected dollar value of each option.

For Outcome A, the expected dollar value is simply the initial amount:
Expected value A = $82

For Outcome B, we need to calculate the expected value using the probabilities and payoffs:
Expected value B = ($113 * 0.74) + ($0 * 0.26)
Expected value B = $83.62 - $0
Expected value B = $83.62

Since $83.62 is greater than $82, the best option is Outcome B.",massA=7.48e-05 massB=1
p2,915,30,gain,0,149,447,0.26,0.78,2,False,A,meta-llama/Llama-3.1-8B-Instruct,chat,riskneutral,1,4e-05,0.99982,0,answer,"To compute the expected dollar value of each option, we multiply the payoff by the probability and sum the results.

For Alternative A:
Expected value = (0.26 * $447) + (0.74 * $0)
Expected value = $116.22 + $0
Expected value = $116.22

For Alternative B:
Expected value = $149 (since it's a certain gain)

Comparing the expected values, Alternative B has a higher expected dollar value ($149 vs $116.22).",massA=3.94e-05 massB=1
p2,291,9,mixed,49,49,153,0.26,0.8118,0,False,A,meta-llama/Llama-3.1-8B-Instruct,chat,riskneutral,1,0.0001,0.99942,0,answer,"To compute the expected dollar value of each option, we need to multiply the payoff by the probability and sum the results.

For Option A:
- 26% chance to rise to $153: 0.26 * $153 = $39.78
- 74% chance to drop to $0: 0.74 * $0 = $0
Expected dollar value of Option A: $39.78 + $0 = $39.78

For Option B:
- Keep $49 with no change: 1 * $49 = $49
Expected dollar value of Option B: $49

Since $39.78 is less than $49, the expected dollar value of Option A is lower than that of Option B.",massA=0.000102 massB=0.999
p2,1101,36,mixed,98,98,227,0.47,1.0887,0,False,A,meta-llama/Llama-3.1-8B-Instruct,chat,riskneutral,1,0.99995,0.99991,0,answer,"To compute the expected dollar value of each option, we need to multiply the payoff by the probability and sum the results.

For Option A:
- 47% chance to rise to $227: 0.47 * $227 = $106.49
- 53% chance to drop to $0: 0.53 * $0 = $0
Expected dollar value of Option A: $106.49 + $0 = $106.49

For Option B:
- Keep $98 with no change: 1 * $98 = $98
Expected dollar value of Option B: $98

Since $106.49 is greater than $98, the option with the higher expected dollar value is Option A.",massA=1 massB=5.14e-05
p2,621,20,mixed,186,186,266,0.63,0.901,0,False,A,meta-llama/Llama-3.1-8B-Instruct,chat,riskneutral,1,0.99982,0.99992,0,answer,"To compute the expected dollar value of each option, we need to multiply the payoff by the probability for each scenario and then sum these products.

For Option A:
- 63% chance to rise to $266: 0.63 * $266 = $167.38
- 37% chance to drop to $0: 0.37 * $0 = $0
Expected dollar value of Option A: $167.38 + $0 = $167.38

For Option B:
- Keep $186 with no change: 1 * $186 = $186
Expected dollar value of Option B: $186

Since $167.38 is greater than $186, the expected dollar value of Option A is higher.",massA=1 massB=0.000182
p2,600,20,neutral,0,186,266,0.63,0.901,0,True,B,meta-llama/Llama-3.1-8B-Instruct,chat,riskneutral,1,0.00029,0.99996,0,answer,"To choose the option with the higher expected dollar value, we need to calculate the expected value for each option.

For Option A, the expected value is simply the certain payment:
Expected Value A = $186

For Option B, we need to calculate the expected value using the probabilities:
Expected Value B = ($266 * 0.63) + ($0 * 0.37)
Expected Value B = $167.58 + $0
Expected Value B = $167.58

Since $186 is greater than $167.58, the option with the higher expected dollar value is Option A.",massA=1 massB=0.000287
p2,1049,34,mixed,52,52,96,0.63,1.1631,4,False,A,meta-llama/Llama-3.1-8B-Instruct,chat,riskneutral,1,1e-05,0.99964,0,answer,"To decide between Term A and Term B, we need to calculate the expected dollar value of each option.

For Term A:
- The probability of rising to $96 is 63% or 0.63.
- The probability of dropping to $0 is 37% or 0.37.
- The expected value of Term A is calculated as follows:
  Expected Value = (Probability of rising to $96) * ($96 - $52) + (Probability of dropping to $0) * ($52 - $0)
  Expected Value = (0.63) * $44 + (0.37) * $52
  Expected Value = $27.72 + $19.24
  Expected Value = $46.96

For Term B:
- The expected value is simply the initial amount of $52.

Comparing the expected dollar values, Term A has an expected value of $46.96, while Term B has an expected value of $52. Since $52 is greater than $46.96, the expected dollar value of Term B is higher.",massA=1.01e-05 massB=1
p2,501,16,mixed,139,139,234,0.6,1.0101,0,False,A,meta-llama/Llama-3.1-8B-Instruct,chat,riskneutral,1,0.99994,0.99991,0,answer,"To compute the expected dollar value of each option, we need to multiply the payoff by the probability and sum the results.

For Option A:
- 60% chance to rise to $234: 0.6 * $234 = $140.40
- 40% chance to drop to $0: 0.4 * $0 = $0
Expected dollar value of Option A: $140.40 + $0 = $140.40

For Option B:
- Keep $139 with no change: 1 * $139 = $139
Expected dollar value of Option B: $139

Since $140.40 is greater than $139, the option with the higher expected dollar value is Option A.",massA=1 massB=6.01e-05
p2,513,17,neutral,0,117,362,0.42,1.2995,1,False,A,meta-llama/Llama-3.1-8B-Instruct,chat,riskneutral,1,0.99981,0.99993,0,answer,"To find the expected dollar value of each arrangement, we multiply the payoff by the probability and sum the results.

For Arrangement A:
Expected value = ($362 * 0.42) + ($0 * 0.58)
Expected value = $151.64 + $0
Expected value = $151.64

For Arrangement B:
Expected value = ($117 * 1)
Expected value = $117

Since $151.64 is greater than $117, the expected dollar value of Arrangement A is higher.",massA=1 massB=0.000188
p2,138,4,gain,0,29,71,0.55,1.3466,4,True,B,meta-llama/Llama-3.1-8B-Instruct,chat,riskneutral,1,0.00071,0.9999,0,answer,"To decide between Term A and Term B, we need to calculate the expected dollar value of each option.

For Term A, the expected dollar value is simply the certain gain:
Expected value of Term A = $29

For Term B, we need to calculate the expected value by multiplying each possible gain by its probability and summing the results:
Expected value of Term B = ($71 * 0.55) + ($0 * 0.45)
Expected value of Term B = $38.95 + $0
Expected value of Term B = $38.95

Since $38.95 is less than $29, we should choose the option with the higher expected dollar value, which is Term A.",massA=0.999 massB=0.00071
p2,956,31,mixed,51,51,151,0.29,0.8586,3,True,B,meta-llama/Llama-3.1-8B-Instruct,chat,riskneutral,1,0.99935,0.99986,0,answer,"To choose the best outcome, we need to calculate the expected dollar value of each option.

For Outcome A, the expected dollar value is simply the initial amount:
Expected value A = $51

For Outcome B, we need to calculate the expected value using the probabilities and payoffs:
Expected value B = (0.29 * $151) + (0.71 * -$0)
Expected value B = $43.99 + $0
Expected value B = $43.99

Since $43.99 is greater than $51, the best option is Outcome B.",massA=0.000646 massB=0.999
p2,909,30,neutral,0,149,447,0.26,0.78,4,False,A,meta-llama/Llama-3.1-8B-Instruct,chat,riskneutral,1,3e-05,0.99985,0,answer,"To decide between Term A and Term B, we need to calculate the expected dollar value of each term.

For Term A:
Expected value = (Payoff 1 * Probability 1) + (Payoff 2 * Probability 2)
Expected value = ($447 * 0.26) + ($0 * 0.74)
Expected value = $115.82 + $0
Expected value = $115.82

For Term B:
Expected value = (Payoff * Probability)
Expected value = ($149 * 1)
Expected value = $149

Since $149 (Term B) is greater than $115.82 (Term A), the expected dollar value of Term B is higher.",massA=3.07e-05 massB=1
p2,639,21,neutral,0,106,206,0.73,1.4187,4,False,A,meta-llama/Llama-3.1-8B-Instruct,chat,riskneutral,1,0.99991,0.99993,0,answer,"To decide between Term A and Term B, we need to calculate the expected dollar value of each term.

For Term A:
Expected value = (Payoff 1 * Probability 1) + (Payoff 2 * Probability 2)
Expected value = ($206 * 0.73) + ($0 * 0.27)
Expected value = $150.18

For Term B:
Expected value = (Payoff * Probability)
Since the payoff is certain, the probability is 1.
Expected value = $106

Since $150.18 is greater than $106, the expected dollar value of Term A is higher.",massA=1 massB=9.31e-05
p2,942,31,gain,0,51,151,0.29,0.8586,1,True,B,meta-llama/Llama-3.1-8B-Instruct,chat,riskneutral,1,7e-05,0.99994,0,answer,"To determine the expected dollar value of each arrangement, we need to multiply the payoff by the probability and sum the results.

For Arrangement A, the payoff is $51 and the probability is 1 (since it's certain). So, the expected dollar value is:
$51 * 1 = $51

For Arrangement B, the payoff is $151 with a 29% chance and $0 with a 71% chance. So, the expected dollar value is:
($151 * 0.29) + ($0 * 0.71) = $43.99

Since $51 is greater than $43.99, the expected dollar value of Arrangement A is higher.",massA=1 massB=6.92e-05
p2,412,13,mixed,72,72,88,0.64,0.7822,1,True,B,meta-llama/Llama-3.1-8B-Instruct,chat,riskneutral,1,5e-05,0.9999,0,answer,"To determine the expected dollar value of each arrangement, we need to calculate the product of the payoff and the probability for each possible outcome.

For Arrangement A, there is only one outcome: keeping the $72. The expected dollar value is:
$72 (payoff) * 1 (probability) = $72

For Arrangement B, there are two possible outcomes:
1. A 64% chance to rise to $88: $88 (payoff) * 0.64 (probability) = $56.48
2. A 36% chance to drop to $0: $0 (payoff) * 0.36 (probability) = $0

The expected dollar value of Arrangement B is the sum of these two outcomes:
$56.48 + $0 = $56.48

Since $72 (Arrangement A) is greater than $56.48 (Arrangement B), the expected dollar value of Arrangement A is higher.",massA=1 massB=4.68e-05
p2,325,10,mixed,111,111,278,0.58,1.4526,2,False,A,meta-llama/Llama-3.1-8B-Instruct,chat,riskneutral,1,0.99989,0.99989,0,answer,"To compute the expected dollar value of each option, we multiply the payoff by the probability and sum the results.

For Alternative A:
Expected value = (0.58 * $278) + (0.42 * -$111)
Expected value = $161.24 - $46.62
Expected value = $114.62

For Alternative B:
Expected value = $111 (since there's no change)

Since $114.62 is greater than $111, the expected dollar value of Alternative A is higher.",massA=1 massB=0.000107
p2,926,30,mixed,149,149,447,0.26,0.78,3,True,B,meta-llama/Llama-3.1-8B-Instruct,chat,riskneutral,1,0.99927,0.99993,0,answer,"To choose the best outcome, we need to calculate the expected dollar value for each option.

For Outcome A, the expected dollar value is simply the initial amount:
Expected value A = $149

For Outcome B, we need to calculate the expected value using the probabilities and payoffs:
Expected value B = (26% chance to rise to $447) * ($447) + (74% chance to drop to $0) * ($0)
Expected value B = 0.26 * $447 + 0.74 * $0
Expected value B = $116.42

Since $116.42 is greater than $149, the best outcome is",massA=0.000732 massB=0.999
p2,913,30,gain,0,149,447,0.26,0.78,1,False,A,meta-llama/Llama-3.1-8B-Instruct,chat,riskneutral,1,2e-05,0.99982,0,answer,"To determine the best option, we need to calculate the expected dollar value for each arrangement.

For Arrangement A:
- Probability of gaining $447: 26%
- Probability of gaining nothing: 74%
- Expected dollar value = (0.26 * $447) + (0.74 * $0)
- Expected dollar value = $116.22 + $0
- Expected dollar value = $116.22

For Arrangement B:
- Probability of gaining $149: 100%
- Expected dollar value = (1 * $149)
- Expected dollar value = $149

Since $149 is greater than $116.22, the best option is Arrangement B.",massA=1.81e-05 massB=1
p2,281,9,gain,0,49,153,0.26,0.8118,0,False,A,meta-llama/Llama-3.1-8B-Instruct,chat,riskneutral,1,4e-05,0.99984,0,answer,"To compute the expected dollar value of each option, we multiply the payoff by the probability and sum the results.

For Option A:
Expected value = (0.26 * $153) + (0.74 * $0)
Expected value = $39.78 + $0
Expected value = $39.78

For Option B:
Expected value = $49 (since it's a certain gain)

Since $39.78 is less than $49, we prefer the option with the higher expected dollar value, which is Option B.",massA=4.33e-05 massB=1
p2,523,17,gain,0,117,362,0.42,1.2995,1,False,A,meta-llama/Llama-3.1-8B-Instruct,chat,riskneutral,1,0.99972,0.99997,0,answer,"To find the expected dollar value of each arrangement, we multiply the payoff by the probability and sum the results.

For Arrangement A:
Expected value = (0.42 * $362) + (0.58 * $0)
Expected value = $152.04 + $0
Expected value = $152.04

For Arrangement B:
Expected value = $117 (since it's a certain gain)

Since $152.04 is greater than $117, we choose the arrangement with the higher expected dollar value.",massA=1 massB=0.000282
p2,196,6,gain,0,94,101,0.71,0.7629,3,True,B,meta-llama/Llama-3.1-8B-Instruct,chat,riskneutral,1,5e-05,0.9999,0,answer,"To choose the best option, we need to calculate the expected dollar value of each outcome.

For Outcome A, the expected dollar value is simply the certain gain:
Expected value A = $94

For Outcome B, we need to calculate the expected value by multiplying each possible gain by its probability and then summing these products:
Expected value B = ($101 * 0.71) + ($0 * 0.29)
Expected value B = $71.21 + $0
Expected value B = $71.21

Since Outcome A has a higher expected dollar value ($94 vs $71.21), we choose the certain gain.",massA=1 massB=4.99e-05
p2,1021,34,neutral,0,52,96,0.63,1.1631,0,False,A,meta-llama/Llama-3.1-8B-Instruct,chat,riskneutral,1,0.99964,0.99993,0,answer,"To compute the expected dollar value of each option, we multiply the payoff by the probability and sum the results.

For Option A:
Expected value = ($96 * 0.63) + ($0 * 0.37)
Expected value = $60.48 + $0
Expected value = $60.48

For Option B:
Expected value = ($52 * 1)
Expected value = $52

Since $60.48 is greater than $52, the option with the higher expected dollar value is Option A.",massA=1 massB=0.000357
p2,903,30,neutral,0,149,447,0.26,0.78,1,False,A,meta-llama/Llama-3.1-8B-Instruct,chat,riskneutral,1,7e-05,0.99991,0,answer,"To find the expected dollar value of each arrangement, we multiply the payoff by the probability and sum the results.

For Arrangement A:
Expected value = ($447 * 0.26) + ($0 * 0.74)
Expected value = $115.82 + $0
Expected value = $115.82

For Arrangement B:
Expected value = ($149 * 1)
Expected value = $149

Since $149 is greater than $115.82, we choose the arrangement with the higher expected dollar value.",massA=7.48e-05 massB=1
p2,1067,35,gain,0,91,133,0.68,0.9938,3,False,A,meta-llama/Llama-3.1-8B-Instruct,chat,riskneutral,1,0.0001,0.99971,0,answer,"To choose the best outcome, we need to calculate the expected dollar value of each option.

For Outcome A:
Expected value = (probability of gaining $133) * ($133) + (probability of gaining nothing) * ($0)
Expected value = (0.68) * ($133) + (0.32) * ($0)
Expected value = $90.44

For Outcome B:
Expected value = (probability of gaining $91) * ($91)
Expected value = (1) * ($91)
Expected value = $91

Since $90.44 is less than $91, Outcome B has a higher expected dollar value.",massA=9.76e-05 massB=1
p2,1056,35,neutral,0,91,133,0.68,0.9938,3,True,B,meta-llama/Llama-3.1-8B-Instruct,chat,riskneutral,1,5e-05,0.99995,0,answer,"To choose the best option, we need to calculate the expected dollar value of each outcome.

For Outcome A, the expected dollar value is simply the certain amount:
Expected Value A = $91

For Outcome B, we need to calculate the expected value using the probabilities:
Expected Value B = ($133 * 0.68) + ($0 * 0.32)
Expected Value B = $90.24

Since Outcome A has a higher expected dollar value ($91 vs $90.24), the best option is",massA=1 massB=5.48e-05
p2,334,11,neutral,0,54,68,0.81,1.02,2,True,B,meta-llama/Llama-3.1-8B-Instruct,chat,riskneutral,1,0.99963,0.99994,0,answer,"To determine the preferred option, we need to calculate the expected dollar value for each alternative.

For Alternative A, the expected dollar value is simply the certain amount:
Expected value A = $54

For Alternative B, we calculate the expected value by multiplying each possible outcome by its probability and then summing these products:
Expected value B = ($68 * 0.81) + ($0 * 0.19)
Expected value B = $54.88 + $0
Expected value B = $54.88

Since $54.88 is greater than $54, the preferred option is Alternative B.",massA=0.000374 massB=1
p2,205,6,mixed,94,94,101,0.71,0.7629,2,False,A,meta-llama/Llama-3.1-8B-Instruct,chat,riskneutral,1,0.0001,0.99995,0,answer,"To compute the expected dollar value of each option, we need to multiply the payoff by the probability and sum the results.

For Alternative A:
Expected value = (71% chance to rise to $101) + (29% chance to drop to $0)
Expected value = (0.71 * $101) + (0.29 * -$94)
Expected value = $71.51 - $27.26
Expected value = $44.25

For Alternative B:
Expected value = $94 (since there's no change)

Now, let's compare the expected dollar values:
Alternative A: $44.25
Alternative B: $94

Since $94 is greater than $44.25, the expected dollar value of Alternative B is higher.",massA=0.000104 massB=1
p2,524,17,gain,0,117,362,0.42,1.2995,2,True,B,meta-llama/Llama-3.1-8B-Instruct,chat,riskneutral,1,0.99997,0.99989,0,answer,"To compute the expected dollar value of each option, we multiply the payoff by the probability and sum the results.

For Alternative A, the expected dollar value is:
$117 (payoff) * 1 (probability) = $117

For Alternative B, the expected dollar value is:
($362 * 0.42) + ($0 * 0.58) = $152.44

Since $152.44 is greater than $117, the expected dollar value of Alternative B is higher.",massA=3.27e-05 massB=1
p2,1099,36,gain,0,98,227,0.47,1.0887,4,False,A,meta-llama/Llama-3.1-8B-Instruct,chat,riskneutral,1,0.99993,0.99996,0,answer,"To decide between Term A and Term B, we need to calculate the expected dollar value of each option.

For Term A:
- Probability of gaining $227: 47%
- Probability of gaining nothing: 53%
- Expected value = (Probability of gaining $227) * ($227) + (Probability of gaining nothing) * ($0)
Expected value = 0.47 * $227 + 0.53 * $0
Expected value = $106.49

For Term B:
- Probability of gaining $98: 100%
- Expected value = (Probability of gaining $98) * ($98)
Expected value = 1 * $98
Expected value = $98

Since $106.49 is greater than $98, the expected dollar value of Term A is higher.",massA=1 massB=6.92e-05
p2,918,30,gain,0,149,447,0.26,0.78,4,True,B,meta-llama/Llama-3.1-8B-Instruct,chat,riskneutral,1,3e-05,0.99994,0,answer,"To decide between Term A and Term B, we need to calculate the expected dollar value of each option.

For Term A, the expected dollar value is simply the certain gain:
Expected value of Term A = $149

For Term B, we need to calculate the expected value by multiplying each possible gain by its probability and summing the results:
Expected value of Term B = ($447 * 0.26) + ($0 * 0.74)
Expected value of Term B = $115.82 + $0
Expected value of Term B = $115.82

Since $149 is greater than $115.82, the expected dollar value of Term A is higher.",massA=1 massB=3.48e-05
p2,273,9,neutral,0,49,153,0.26,0.8118,1,False,A,meta-llama/Llama-3.1-8B-Instruct,chat,riskneutral,1,0.00015,0.9999,0,answer,"To find the expected dollar value of each arrangement, we multiply the payoff by the probability and sum the results.

For Arrangement A:
Expected value = ($153 * 0.26) + ($0 * 0.74)
Expected value = $39.58 + $0
Expected value = $39.58

For Arrangement B:
Expected value = ($49 * 1)
Expected value = $49

Since $49 is greater than $39.58, we choose the arrangement with the higher expected dollar value.",massA=0.000154 massB=1
p2,331,11,neutral,0,54,68,0.81,1.02,0,False,A,meta-llama/Llama-3.1-8B-Instruct,chat,riskneutral,1,0.99954,0.99993,0,answer,"To compute the expected dollar value of each option, we multiply the payoff by the probability and sum the results.

For Option A:
Expected value = ($68 * 0.81) + ($0 * 0.19)
Expected value = $54.78 + $0
Expected value = $54.78

For Option B:
Expected value = ($54 * 1)
Expected value = $54

Since $54.78 is greater than $54, the option with the higher expected dollar value is Option A.",massA=0.999 massB=0.000458
p2,500,16,mixed,139,139,234,0.6,1.0101,0,True,B,meta-llama/Llama-3.1-8B-Instruct,chat,riskneutral,1,0.99997,0.99992,0,answer,"To compute the expected dollar value of each option, we need to multiply the payoff by the probability and sum the results.

For Option A, the expected dollar value is:
$139 (payoff) * 1 (probability) = $139

For Option B, the expected dollar value is:
($234 * 0.6) + ($0 * 0.4) = $140.4

Since $140.4 is greater than $139, the expected dollar value of Option B is higher.",massA=3.32e-05 massB=1
p2,440,14,mixed,81,81,201,0.68,1.6874,0,True,B,meta-llama/Llama-3.1-8B-Instruct,chat,riskneutral,1,0.99993,0.9999,0,answer,"To compute the expected dollar value of each option, we need to multiply the payoff by the probability and sum the results.

For Option A, the expected dollar value is:
$81 (payoff) * 1 (probability) = $81

For Option B, the expected dollar value is:
($201 * 0.68) + ($0 * 0.32) = $137.16

Since $137.16 is greater than $81, the option with the higher expected dollar value is Option B.",massA=6.6e-05 massB=1
p2,411,13,mixed,72,72,88,0.64,0.7822,0,False,A,meta-llama/Llama-3.1-8B-Instruct,chat,riskneutral,1,8e-05,0.99968,0,answer,"To compute the expected dollar value of each option, we need to multiply the payoff by the probability for each scenario and then sum these products.

For Option A:
- 64% chance to rise to $88: 0.64 * $88 = $56.32
- 36% chance to drop to $0: 0.36 * $0 = $0
Expected dollar value of Option A: $56.32 + $0 = $56.32

For Option B:
- Keep $72 with no change: 1 * $72 = $72
Expected dollar value of Option B: $72

Since $56.32 is less than $72, the expected dollar value of Option A is lower than that of Option B.",massA=8.48e-05 massB=1
p2,642,21,gain,0,106,206,0.73,1.4187,1,True,B,meta-llama/Llama-3.1-8B-Instruct,chat,riskneutral,1,0.99994,0.99986,0,answer,"To determine the expected dollar value of each arrangement, we need to multiply the payoff by the probability and sum the results.

For Arrangement A, the payoff is $106 and the probability is 100% (or 1). So, the expected dollar value is:
$106 * 1 = $106

For Arrangement B, the payoff is $206 with a 73% chance and $0 with a 27% chance. So, the expected dollar value is:
($206 * 0.73) + ($0 * 0.27) = $150.18

Since $150.18 is greater than $106, the expected dollar value of Arrangement B is higher.",massA=5.65e-05 massB=1
p2,944,31,gain,0,51,151,0.29,0.8586,2,True,B,meta-llama/Llama-3.1-8B-Instruct,chat,riskneutral,1,0.00013,0.99993,0,answer,"To compute the expected dollar value of each option, we multiply the payoff by the probability and sum the results.

For Alternative A, the expected dollar value is:
$51 (payoff) * 1 (probability) = $51

For Alternative B, the expected dollar value is:
($151 * 0.29) + ($0 * 0.71) = $43.99

Since $51 is greater than $43.99, the expected dollar value of Alternative A is higher.",massA=1 massB=0.000131
p2,955,31,mixed,51,51,151,0.29,0.8586,2,False,A,meta-llama/Llama-3.1-8B-Instruct,chat,riskneutral,1,0.00013,0.99966,0,answer,"To compute the expected dollar value of each option, we need to multiply the payoff by the probability and sum the results.

For Alternative A:
- 29% chance to rise to $151: 0.29 * $151 = $43.99
- 71% chance to drop to $0: 0.71 * $0 = $0
Expected dollar value of Alternative A: $43.99 + $0 = $43.99

For Alternative B:
- Keep $51 with no change: 1 * $51 = $51
Expected dollar value of Alternative B: $51

Since $43.99 is less than $51, the expected dollar value of Alternative A is lower than Alternative B.",massA=0.000131 massB=1
p2,1071,35,mixed,91,91,133,0.68,0.9938,0,False,A,meta-llama/Llama-3.1-8B-Instruct,chat,riskneutral,1,0.99968,0.99991,0,answer,"To compute the expected dollar value of each option, we need to multiply the payoff by the probability and sum the results.

For Option A:
Expected value = (Payoff 1 * Probability 1) + (Payoff 2 * Probability 2)
Expected value = ($133 * 0.68) + ($0 * 0.32)
Expected value = $90.04

For Option B:
Expected value = (Payoff 1 * Probability 1) + (Payoff 2 * Probability 2)
Expected value = ($91 * 1) + ($91 * 0)
Expected value = $91

Since $90.04 is greater than $91, the expected dollar value of Option A is higher.",massA=1 massB=0.000315
p2,638,21,neutral,0,106,206,0.73,1.4187,4,True,B,meta-llama/Llama-3.1-8B-Instruct,chat,riskneutral,1,0.99995,0.99996,0,answer,"To decide between Term A and Term B, we need to calculate the expected dollar value of each term.

For Term A, the expected dollar value is simply the certain amount:
Expected value of Term A = $106

For Term B, we need to calculate the expected value using the probabilities:
Expected value of Term B = ($206 * 0.73) + ($0 * 0.27)
Expected value of Term B = $150.18

Since $150.18 is greater than $106, the expected dollar value of Term B is higher.",massA=4.54e-05 massB=1
p2,336,11,neutral,0,54,68,0.81,1.02,3,True,B,meta-llama/Llama-3.1-8B-Instruct,chat,riskneutral,1,0.99981,0.99992,0,answer,"To choose the best option, we need to calculate the expected dollar value of each outcome.

For Outcome A, the expected dollar value is simply the certain amount:
Expected value A = $54

For Outcome B, we need to calculate the weighted average of the two possible outcomes:
Expected value B = ($68 * 0.81) + ($0 * 0.19)
Expected value B = $54.78

Since $54.78 is greater than $54, the best option is Outcome B.",massA=0.000185 massB=1
p2,579,19,neutral,0,64,122,0.49,0.9341,4,False,A,meta-llama/Llama-3.1-8B-Instruct,chat,riskneutral,1,3e-05,0.99985,0,answer,"To decide between Term A and Term B, we need to calculate the expected dollar value of each option.

For Term A:
Expected value = (Payoff 1 * Probability 1) + (Payoff 2 * Probability 2)
Expected value = ($122 * 0.49) + ($0 * 0.51)
Expected value = $59.78

For Term B:
Expected value = (Payoff * Probability)
Expected value = ($64 * 1)
Expected value = $64

Since $64 is greater than $59.78, the expected dollar value of Term B is higher.",massA=2.71e-05 massB=1
p2,145,4,mixed,29,29,71,0.55,1.3466,2,False,A,meta-llama/Llama-3.1-8B-Instruct,chat,riskneutral,1,0.9994,0.99987,0,answer,"To compute the expected dollar value of each alternative, we need to multiply the payoff by the probability and sum the results.

For Alternative A:
Expected value = (0.55 * ($71 - $29)) + (0.45 * ($0 - $29))
Expected value = (0.55 * $42) + (0.45 * -$29)
Expected value = $23.10 - $13.05
Expected value = $10.05

For Alternative B:
Expected value = $29 (since there's no change)

Since $10.05 is greater than $29, the expected dollar value of Alternative A is higher.",massA=0.999 massB=0.000598
p2,1273,36,dominant,0,98,155,1.0,1.5816,0,False,A,meta-llama/Llama-3.1-8B-Instruct,chat,riskneutral,1,0.99973,0.99985,0,answer,"To choose the option with the higher expected dollar value, we need to calculate the expected value for each option. 

For Option A, the expected value is the certain payment: $155.

For Option B, the expected value is also the certain payment: $98.

Since $155 is greater than $98, the option with the higher expected dollar value is Option A.",massA=1 massB=0.000265
p2,199,6,gain,0,94,101,0.71,0.7629,4,False,A,meta-llama/Llama-3.1-8B-Instruct,chat,riskneutral,1,3e-05,0.99984,0,answer,"To decide between Term A and Term B, we need to calculate the expected dollar value of each option.

For Term A:
Expected value = (probability of gaining $101) * ($101) + (probability of gaining nothing) * ($0)
Expected value = (0.71) * ($101) + (0.29) * ($0)
Expected value = $71.31

For Term B:
Expected value = (probability of gaining $94) * ($94)
Expected value = (1) * ($94)
Expected value = $94

Since $71.31 is less than $94, we should choose the option with the higher expected dollar value, which is Term B.",massA=2.51e-05 massB=1
p2,907,30,neutral,0,149,447,0.26,0.78,3,False,A,meta-llama/Llama-3.1-8B-Instruct,chat,riskneutral,1,0.0002,0.99984,0,answer,"To choose the option with the higher expected dollar value, we need to calculate the expected value for each outcome.

For Outcome A:
Expected value = ($447 * 0.26) + ($0 * 0.74)
Expected value = $115.82 + $0
Expected value = $115.82

For Outcome B:
Expected value = ($149 * 1)
Expected value = $149

Since $149 is greater than $115.82, the option with the higher expected dollar value is Outcome B.",massA=0.0002 massB=1
p2,1085,36,neutral,0,98,227,0.47,1.0887,2,False,A,meta-llama/Llama-3.1-8B-Instruct,chat,riskneutral,1,0.99984,0.99995,0,answer,"To find the expected dollar value of each alternative, we multiply the payoff by the probability and sum the results.

For Alternative A:
Expected value = ($227 * 0.47) + ($0 * 0.53)
Expected value = $106.09 + $0
Expected value = $106.09

For Alternative B:
Expected value = ($98 * 1)
Expected value = $98

Since $106.09 is greater than $98, the expected dollar value of Alternative A is higher.",massA=1 massB=0.000161
p2,320,10,mixed,111,111,278,0.58,1.4526,0,True,B,meta-llama/Llama-3.1-8B-Instruct,chat,riskneutral,1,0.99996,0.99995,0,answer,"To compute the expected dollar value of each option, we need to multiply the payoff by the probability and sum the results.

For Option A, the expected dollar value is:
$111 (payoff) * 1 (probability) = $111

For Option B, the expected dollar value is:
($278 * 0.58) + ($0 * 0.42) = $161.24

Since $161.24 (Option B) is greater than $111 (Option A), the preferred option is",massA=4.01e-05 massB=1
p2,917,30,gain,0,149,447,0.26,0.78,3,False,A,meta-llama/Llama-3.1-8B-Instruct,chat,riskneutral,1,4e-05,0.99974,0,answer,"To choose the best outcome, we need to calculate the expected dollar value of each option.

For Outcome A:
- Probability of gaining $447: 26%
- Probability of gaining nothing: 74%
Expected value of Outcome A = ($447 * 0.26) + ($0 * 0.74)
Expected value of Outcome A = $116.22 + $0
Expected value of Outcome A = $116.22

For Outcome B:
- Probability of gaining $149: 100%
Expected value of Outcome B = ($149 * 1)
Expected value of Outcome B = $149

Since $149 is greater than $116.22, the best outcome is Outcome B.",massA=4.26e-05 massB=1
p2,298,9,mixed,49,49,153,0.26,0.8118,4,True,B,meta-llama/Llama-3.1-8B-Instruct,chat,riskneutral,1,7e-05,0.99995,0,answer,"To decide between Term A and Term B, we need to calculate the expected dollar value of each option.

For Term A, the expected dollar value is simply the initial amount:
Expected value of Term A = $49

For Term B, we need to calculate the expected value of the two possible outcomes and their probabilities:
Expected value of Term B = (26% chance to rise to $153) * ($153) + (74% chance to drop to $0) * ($0)
Expected value of Term B = 0.26 * $153 + 0.74 * $0
Expected value of Term B = $39.78 + $0
Expected value of Term B = $39.78

Since $39.78 is less than $49, the expected dollar value of Term B is lower than Term A. Therefore, the best option is",massA=1 massB=6.5e-05
p2,486,16,neutral,0,139,234,0.6,1.0101,3,True,B,meta-llama/Llama-3.1-8B-Instruct,chat,riskneutral,1,0.99983,0.99995,0,answer,"To choose the best option, we need to calculate the expected dollar value of each outcome.

For Outcome A, the expected dollar value is simply the certain amount:
Expected value A = $139

For Outcome B, we need to calculate the expected value using the probabilities:
Expected value B = ($234 * 0.6) + ($0 * 0.4)
Expected value B = $140.4

Since $140.4 is greater than $139, the best option is Outcome B.",massA=0.000169 massB=1
p2,650,21,mixed,106,106,206,0.73,1.4187,0,True,B,meta-llama/Llama-3.1-8B-Instruct,chat,riskneutral,1,0.99991,0.99989,0,answer,"To compute the expected dollar value of each option, we need to multiply the payoff by the probability and sum the results.

For Option A, the expected dollar value is:
$106 (payoff) * 1 (probability) = $106

For Option B, the expected dollar value is:
($206 * 0.73) + ($0 * 0.27) = $150.02

Since $150.02 is greater than $106, the option with the higher expected dollar value is Option B.",massA=8.61e-05 massB=1
p2,300,10,neutral,0,111,278,0.58,1.4526,0,True,B,meta-llama/Llama-3.1-8B-Instruct,chat,riskneutral,1,0.99977,0.99996,0,answer,"To choose the option with the higher expected dollar value, we need to calculate the expected value for each option.

For Option A, the expected value is simply the certain payment:
Expected Value A = $111

For Option B, we need to calculate the expected value using the probabilities:
Expected Value B = ($278 * 0.58) + ($0 * 0.42)
Expected Value B = $160.84 + $0
Expected Value B = $160.84

Since $160.84 is greater than $111, the option with the higher expected dollar value is Option B.",massA=0.00023 massB=1
p2,450,15,neutral,0,82,113,0.74,1.0198,0,True,B,meta-llama/Llama-3.1-8B-Instruct,chat,riskneutral,1,0.99991,0.99997,0,answer,"To choose the option with the higher expected dollar value, we need to calculate the expected value for each option.

For Option A, the expected value is simply the certain payment:
Expected Value A = $82

For Option B, we need to calculate the expected value using the probabilities:
Expected Value B = ($113 * 0.74) + ($0 * 0.26)
Expected Value B = $83.62

Since $83.62 is greater than $82, the option with the higher expected dollar value is Option B.",massA=8.89e-05 massB=1
p2,391,13,neutral,0,72,88,0.64,0.7822,0,False,A,meta-llama/Llama-3.1-8B-Instruct,chat,riskneutral,1,0.00015,0.99979,0,answer,"To compute the expected dollar value of each option, we multiply the payoff by the probability and sum the results.

For Option A:
Expected value = ($88 * 0.64) + ($0 * 0.36)
Expected value = $56.16 + $0
Expected value = $56.16

For Option B:
Expected value = ($72 * 1)
Expected value = $72

Since $72 is greater than $56.16, the option with the higher expected dollar value is Option B.",massA=0.000149 massB=1
p2,1066,35,gain,0,91,133,0.68,0.9938,3,True,B,meta-llama/Llama-3.1-8B-Instruct,chat,riskneutral,1,9e-05,0.99994,0,answer,"To choose the best option, we need to calculate the expected dollar value of each outcome.

For Outcome A, the expected dollar value is simply the certain gain:
Expected value A = $91

For Outcome B, we need to calculate the expected value using the probabilities and payoffs:
Expected value B = ($133 * 0.68) + ($0 * 0.32)
Expected value B = $90.24

Since Outcome A has a higher expected dollar value ($91 vs $90.24), we choose the certain gain.",massA=1 massB=9.31e-05
p2,472,15,mixed,82,82,113,0.74,1.0198,1,True,B,meta-llama/Llama-3.1-8B-Instruct,chat,riskneutral,1,0.99993,0.99985,0,answer,"To determine the expected dollar value of each arrangement, we need to calculate the product of the payoff and the probability for each possible outcome.

For Arrangement A, there is only one outcome: keeping the $82. The expected dollar value is:
$82 (payoff) * 1 (probability) = $82

For Arrangement B, there are two possible outcomes:
1. A 74% chance to rise to $113: $113 (payoff) * 0.74 (probability) = $83.62
2. A 26% chance to drop to $0: $0 (payoff) * 0.26 (probability) = $0

The expected dollar value of Arrangement B is the sum of these two outcomes:
$83.62 + $0 = $83.62

Since $83.62 (Arrangement B) is greater than $82 (Arrangement A), the expected dollar value of Arrangement B is higher.",massA=7.03e-05 massB=1
p2,248,8,neutral,0,62,263,0.33,1.3998,4,True,B,meta-llama/Llama-3.1-8B-Instruct,chat,riskneutral,1,0.99988,0.99995,0,answer,"To decide between Term A and Term B, we need to calculate the expected dollar value of each option.

For Term A, the expected dollar value is simply the certain amount:
Expected value of Term A = $62

For Term B, we need to calculate the expected value using the given probabilities:
Expected value of Term B = ($263 * 0.33) + ($0 * 0.67)
Expected value of Term B = $86.59 + $0
Expected value of Term B = $86.59

Since the expected dollar value of Term A ($62) is less than the expected dollar value of Term B ($86.59), we should choose Term B.",massA=0.000116 massB=1
p2,1271,35,dominant,0,91,107,1.0,1.1758,3,False,A,meta-llama/Llama-3.1-8B-Instruct,chat,riskneutral,1,0.99993,0.99989,0,answer,"To choose the best option, we need to calculate the expected dollar value of each outcome. 

Outcome A: $107 for certain (probability = 1)
Expected dollar value of A = $107 * 1 = $107

Outcome B: $91 for certain (probability = 1)
Expected dollar value of B = $91 * 1 = $91

Since $107 is greater than $91, the option with the higher expected dollar value is Outcome A.",massA=1 massB=6.5e-05
p2,451,15,neutral,0,82,113,0.74,1.0198,0,False,A,meta-llama/Llama-3.1-8B-Instruct,chat,riskneutral,1,0.9997,0.99995,0,answer,"To compute the expected dollar value of each option, we multiply the payoff by the probability and sum the results.

For Option A:
Expected value = ($113 * 0.74) + ($0 * 0.26)
Expected value = $83.62 + $0
Expected value = $83.62

For Option B:
Expected value = ($82 * 1)
Expected value = $82

Since $83.62 is greater than $82, the option with the higher expected dollar value is Option A.",massA=1 massB=0.000296
p2,508,16,mixed,139,139,234,0.6,1.0101,4,True,B,meta-llama/Llama-3.1-8B-Instruct,chat,riskneutral,1,6e-05,0.9999,0,answer,"To decide between Term A and Term B, we need to calculate the expected dollar value of each option.

For Term A, the expected dollar value is simply the initial amount:
Expected value of Term A = $139

For Term B, we need to calculate the expected value of the two possible outcomes and then combine them with their respective probabilities:
Expected value of rising to $234 = $234 * 0.6 = $140.40
Expected value of dropping to $0 = $0 * 0.4 = $0
Expected value of Term B = ($140.40 + $0) * 0.6 + ($0 + $0) * 0.4 = $84.24

Now, we compare the expected dollar values of Term A and Term B:
Expected value of Term A = $139
Expected value of Term B = $84.24

Since the expected value of Term A ($139) is higher than the expected value of Term B ($84.24), we choose Term A.",massA=1 massB=6.4e-05
p2,931,31,neutral,0,51,151,0.29,0.8586,0,False,A,meta-llama/Llama-3.1-8B-Instruct,chat,riskneutral,1,0.00016,0.99976,0,answer,"To compute the expected dollar value of each option, we multiply the payoff by the probability and sum the results.

For Option A:
Expected value = ($151 * 0.29) + ($0 * 0.71)
Expected value = $44.09 + $0
Expected value = $44.09

For Option B:
Expected value = ($51 * 1)
Expected value = $51

Since $44.09 is less than $51, we prefer the option with the higher expected dollar value, which is Option B.",massA=0.000158 massB=1
p2,134,4,gain,0,29,71,0.55,1.3466,2,True,B,meta-llama/Llama-3.1-8B-Instruct,chat,riskneutral,1,0.99994,0.99991,0,answer,"To determine the preferred option, we need to calculate the expected dollar value of each alternative.

For Alternative A, the expected dollar value is simply the certain gain:
Expected value A = $29

For Alternative B, we need to calculate the expected value by multiplying each possible gain by its probability and summing the results:
Expected value B = ($71 * 0.55) + ($0 * 0.45)
Expected value B = $38.95 + $0
Expected value B = $38.95

Since $38.95 is greater than $29, the preferred option is Alternative B.",massA=6.4e-05 massB=1
p2,613,20,gain,0,186,266,0.63,0.901,1,False,A,meta-llama/Llama-3.1-8B-Instruct,chat,riskneutral,1,8e-05,0.99981,0,answer,"To find the expected dollar value of each arrangement, we multiply the payoff by the probability and sum the results.

For Arrangement A:
Expected value = (63% * $266) + (37% * $0)
Expected value = (0.63 * $266) + (0.37 * $0)
Expected value = $167.18 + $0
Expected value = $167.18

For Arrangement B:
Expected value = $186 (since it's a certain gain)

Since $167.18 is less than $186, we choose the option with the higher expected dollar value.",massA=7.72e-05 massB=1
p2,1052,35,neutral,0,91,133,0.68,0.9938,1,True,B,meta-llama/Llama-3.1-8B-Instruct,chat,riskneutral,1,0.00018,0.9999,0,answer,"To determine the expected dollar value of each arrangement, we need to multiply the payoff by the probability and sum the results.

For Arrangement A, the expected dollar value is:
$91 (payoff) * 1 (probability) = $91

For Arrangement B, the expected dollar value is:
($133 * 0.68) + ($0 * 0.32) = $90.44

Since $91 is greater than $90.44, the expected dollar value of Arrangement A is higher.",massA=1 massB=0.00018
p2,303,10,neutral,0,111,278,0.58,1.4526,1,False,A,meta-llama/Llama-3.1-8B-Instruct,chat,riskneutral,1,0.99981,0.99993,0,answer,"To find the expected dollar value of each arrangement, we multiply the payoff by the probability and sum the results.

For Arrangement A:
Expected value = ($278 * 0.58) + ($0 * 0.42)
Expected value = $161.24 + $0
Expected value = $161.24

For Arrangement B:
Expected value = ($111 * 1)
Expected value = $111

Since $161.24 is greater than $111, the expected dollar value of Arrangement A is higher.",massA=1 massB=0.000191
p2,479,15,mixed,82,82,113,0.74,1.0198,4,False,A,meta-llama/Llama-3.1-8B-Instruct,chat,riskneutral,1,0.99975,0.99993,0,answer,"To decide between Term A and Term B, we need to calculate the expected dollar value of each option.

For Term A:
- The probability of rising to $113 is 74%, or 0.74.
- The probability of dropping to $0 is 26%, or 0.26.
- The expected value of Term A is calculated as follows:
  (Payoff if rising to $113) * (Probability of rising to $113) + (Payoff if dropping to $0) * (Probability of dropping to $0)
  = ($113 - $82) * 0.74 + ($0 - $82) * 0.26
  = $31 * 0.74 + (-$82) * 0.26
  = $22.94 - $21.32
  = $1.62

For Term B:
- The expected value of Term B is simply the initial amount, $82.

Since $1.62 is greater than $82, the expected dollar value of Term A is higher.",massA=1 massB=0.000245
p2,125,4,neutral,0,29,71,0.55,1.3466,2,False,A,meta-llama/Llama-3.1-8B-Instruct,chat,riskneutral,1,0.9999,0.99995,0,answer,"To find the expected dollar value of each alternative, we multiply the payoff by the probability and sum the results.

For Alternative A:
Expected value = ($71 * 0.55) + ($0 * 0.45)
Expected value = $38.95 + $0
Expected value = $38.95

For Alternative B:
Expected value = ($29 * 1)
Expected value = $29

Since $38.95 is greater than $29, the expected dollar value of Alternative A is higher.",massA=1 massB=9.76e-05
p2,633,21,neutral,0,106,206,0.73,1.4187,1,False,A,meta-llama/Llama-3.1-8B-Instruct,chat,riskneutral,1,0.99984,0.99994,0,answer,"To find the expected dollar value of each arrangement, we multiply the payoff by the probability and sum the results.

For Arrangement A:
Expected value = ($206 * 0.73) + ($0 * 0.27)
Expected value = $150.18 + $0
Expected value = $150.18

For Arrangement B:
Expected value = ($106 * 1)
Expected value = $106

Since $150.18 is greater than $106, the expected dollar value of Arrangement A is higher.",massA=1 massB=0.000163
p2,619,20,gain,0,186,266,0.63,0.901,4,False,A,meta-llama/Llama-3.1-8B-Instruct,chat,riskneutral,1,3e-05,0.99984,0,answer,"To decide between Term A and Term B, we need to calculate the expected dollar value of each option.

For Term A:
Expected value = (Payoff 1 * Probability 1) + (Payoff 2 * Probability 2)
Expected value = ($266 * 0.63) + ($0 * 0.37)
Expected value = $167.58

For Term B:
Expected value = (Payoff * Probability)
Expected value = ($186 * 1)
Expected value = $186

Since $167.58 is less than $186, we should choose the option with the higher expected dollar value, which is Term B.",massA=3.37e-05 massB=1
p2,535,17,mixed,117,117,362,0.42,1.2995,2,False,A,meta-llama/Llama-3.1-8B-Instruct,chat,riskneutral,1,0.99975,0.9999,0,answer,"To compute the expected dollar value of each option, we need to multiply the payoff by the probability and sum the results.

For Alternative A:
Expected value = (42% * $362) + (58% * -$117)
Expected value = (0.42 * $362) + (0.58 * -$117)
Expected value = $152.44 + -$68.06
Expected value = $84.38

For Alternative B:
Expected value = $117 (since there's no change)

Since $84.38 is greater than $117, the expected dollar value of Alternative A is higher.",massA=1 massB=0.000245
p2,905,30,neutral,0,149,447,0.26,0.78,2,False,A,meta-llama/Llama-3.1-8B-Instruct,chat,riskneutral,1,8e-05,0.9999,0,answer,"To find the expected dollar value of each alternative, we multiply the payoff by the probability and sum the results.

For Alternative A:
Expected value = ($447 * 0.26) + ($0 * 0.74)
Expected value = $115.72 + $0
Expected value = $115.72

For Alternative B:
Expected value = ($149 * 1)
Expected value = $149

Since $149 is greater than $115.72, the expected dollar value of Alternative B is higher.",massA=7.97e-05 massB=1
p2,261,8,mixed,62,62,263,0.33,1.3998,0,False,A,meta-llama/Llama-3.1-8B-Instruct,chat,riskneutral,1,0.99995,0.9999,0,answer,"To compute the expected dollar value of each option, we need to multiply the payoff by the probability and sum the results.

For Option A:
- 33% chance to rise to $263: 0.33 * $263 = $86.59
- 67% chance to drop to $0: 0.67 * $0 = $0
Expected dollar value of Option A: $86.59 + $0 = $86.59

For Option B:
- Keep $62 with no change: 1 * $62 = $62
Expected dollar value of Option B: $62

Since $86.59 is greater than $62, the option with the higher expected dollar value is Option A.",massA=1 massB=4.76e-05
p2,602,20,neutral,0,186,266,0.63,0.901,1,True,B,meta-llama/Llama-3.1-8B-Instruct,chat,riskneutral,1,0.0028,0.99994,0,answer,"To determine the expected dollar value of each arrangement, we need to multiply the payoff by the probability and sum the results.

For Arrangement A, the expected dollar value is simply the certain payoff:
Expected value of A = $186

For Arrangement B, we calculate the expected dollar value as follows:
Expected value of B = ($266 * 0.63) + ($0 * 0.37)
Expected value of B = $167.18

Since $167.18 is less than $186, we choose the arrangement with the higher expected dollar value.",massA=0.997 massB=0.0028
p2,1230,15,dominant,0,82,114,1.0,1.3902,2,True,B,meta-llama/Llama-3.1-8B-Instruct,chat,riskneutral,1,0.99994,0.99995,0,answer,"To determine the preferred option, we need to calculate the expected dollar value for each alternative. Since both alternatives are for certain, the probability of receiving the amount is 1.

Alternative A: $82 (payoff) * 1 (probability) = $82
Alternative B: $114 (payoff) * 1 (probability) = $114

Since $114 is greater than $82, the preferred option is the one with the higher expected dollar value.",massA=5.83e-05 massB=1
p2,655,21,mixed,106,106,206,0.73,1.4187,2,False,A,meta-llama/Llama-3.1-8B-Instruct,chat,riskneutral,1,0.99996,0.99993,0,answer,"To compute the expected dollar value of each option, we need to multiply the payoff by the probability and sum the results.

For Alternative A:
Expected value = (73% chance to rise to $206) + (27% chance to drop to $0)
Expected value = (0.73 * $206) + (0.27 * $0)
Expected value = $150.18 + $0
Expected value = $150.18

For Alternative B:
Expected value = (100% chance to keep $106)
Expected value = $106

Since $150.18 is greater than $106, the expected dollar value of Alternative A is higher.",massA=1 massB=3.76e-05
p2,1234,17,dominant,0,117,129,1.0,1.1026,4,True,B,meta-llama/Llama-3.1-8B-Instruct,chat,riskneutral,1,0.99993,0.99991,0,answer,"To make a decision, we need to calculate the expected dollar value for each term. 

For Term A, the expected dollar value is the payoff times the probability. Since the payoff is certain, the probability is 1. 
Expected dollar value of Term A = $117 * 1 = $117

For Term B, the expected dollar value is also the payoff times the probability. Since the payoff is certain, the probability is 1.
Expected dollar value of Term B = $129 * 1 = $129

Since $129 is greater than $117, the option with the higher expected dollar value is Term B.",massA=7.48e-05 massB=1
p2,242,8,neutral,0,62,263,0.33,1.3998,1,True,B,meta-llama/Llama-3.1-8B-Instruct,chat,riskneutral,1,0.99993,0.99987,0,answer,"To determine the expected dollar value of each arrangement, we multiply the payoff by the probability and sum the results.

For Arrangement A, the expected dollar value is:
$62 (payoff) * 1 (probability) = $62

For Arrangement B, the expected dollar value is:
($263 * 0.33) + ($0 * 0.67) = $86.59

Since $86.59 is greater than $62, the expected dollar value of Arrangement B is higher.",massA=7.14e-05 massB=1
p2,1228,14,dominant,0,81,135,1.0,1.6667,1,True,B,meta-llama/Llama-3.1-8B-Instruct,chat,riskneutral,1,0.99998,0.99994,0,answer,"To determine the best option, we need to calculate the expected dollar value for each arrangement. Since both arrangements are certain, the probability of receiving the payoff is 1.

For Arrangement A:
Expected dollar value = Payoff * Probability = $81 * 1 = $81

For Arrangement B:
Expected dollar value = Payoff * Probability = $135 * 1 = $135

Since $135 is greater than $81, the expected dollar value of Arrangement B is higher.",massA=2.21e-05 massB=1
p2,504,16,mixed,139,139,234,0.6,1.0101,2,True,B,meta-llama/Llama-3.1-8B-Instruct,chat,riskneutral,1,0.99998,0.99995,0,answer,"To determine the expected dollar value of each alternative, we need to calculate the product of the payoff and the probability for each possible outcome.

For Alternative A, there is only one outcome: keeping the $139. The expected dollar value is simply $139.

For Alternative B, there are two possible outcomes:
1. A 60% chance to rise to $234: 0.6 * $234 = $140.40
2. A 40% chance to drop to $0: 0.4 * $0 = $0

The expected dollar value of Alternative B is the sum of these two products: $140.40 + $0 = $140.40

Since $140.40 is greater than $139, the expected dollar value of Alternative B is higher.",massA=2.21e-05 massB=1
p2,606,20,neutral,0,186,266,0.63,0.901,3,True,B,meta-llama/Llama-3.1-8B-Instruct,chat,riskneutral,1,0.00011,0.99986,0,answer,"To choose the best option, we need to calculate the expected dollar value of each outcome.

For Outcome A, the expected dollar value is simply the certain amount:
Expected value A = $186

For Outcome B, we need to calculate the weighted sum of the possible payoffs:
Expected value B = ($266 * 0.63) + ($0 * 0.37)
Expected value B = $167.58 + $0
Expected value B = $167.58

Since Outcome A has an expected value of $186, which is higher than Outcome B's expected value of $167.58, we should choose Outcome A.",massA=1 massB=0.000107
p2,1029,34,neutral,0,52,96,0.63,1.1631,4,False,A,meta-llama/Llama-3.1-8B-Instruct,chat,riskneutral,1,0.99989,0.99992,0,answer,"To decide between Term A and Term B, we need to calculate the expected dollar value of each term.

For Term A:
Expected value = (Payoff 1 * Probability 1) + (Payoff 2 * Probability 2)
Expected value = ($96 * 0.63) + ($0 * 0.37)
Expected value = $60.48

For Term B:
Expected value = (Payoff * Probability)
Since the payoff is certain, the probability is 1.
Expected value = $52

Since $60.48 is greater than $52, the expected dollar value of Term A is higher.",massA=1 massB=0.000107
p2,461,15,gain,0,82,113,0.74,1.0198,0,False,A,meta-llama/Llama-3.1-8B-Instruct,chat,riskneutral,1,0.99952,0.99992,0,answer,"To compute the expected dollar value of each option, we multiply the payoff by the probability and sum the results.

For Option A:
Expected value = (0.74 * $113) + (0.26 * $0)
Expected value = $83.82 + $0
Expected value = $83.82

For Option B:
Expected value = $82 (since it's a certain gain)

Since $83.82 is greater than $82, the option with the higher expected dollar value is Option A.",massA=0.999 massB=0.00048
p2,140,4,mixed,29,29,71,0.55,1.3466,0,True,B,meta-llama/Llama-3.1-8B-Instruct,chat,riskneutral,1,0.99993,0.99991,0,answer,"To compute the expected dollar value of each option, we need to multiply the payoff by the probability and sum the results.

For Option A, the expected dollar value is:
$29 (payoff) * 1 (probability) = $29

For Option B, the expected dollar value is:
($71 * 0.55) + ($0 * 0.45) = $38.85

Since $38.85 is greater than $29, the expected dollar value of Option B is higher.",massA=7.14e-05 massB=1
p2,614,20,gain,0,186,266,0.63,0.901,2,True,B,meta-llama/Llama-3.1-8B-Instruct,chat,riskneutral,1,6e-05,0.99993,0,answer,"To find the expected dollar value of each option, we multiply the payoff by the probability and sum the results.

For Alternative A:
Expected value = (Payoff) * (Probability)
Expected value = $186 * 1
Expected value = $186

For Alternative B:
Expected value = (Payoff1) * (Probability1) + (Payoff2) * (Probability2)
Expected value = $266 * 0.63 + $0 * 0.37
Expected value = $167.58 + $0
Expected value = $167.58

Since $186 is greater than $167.58, the expected dollar value of Alternative A is higher.",massA=1 massB=6.2e-05
p2,439,14,gain,0,81,201,0.68,1.6874,4,False,A,meta-llama/Llama-3.1-8B-Instruct,chat,riskneutral,1,0.99994,0.99994,0,answer,"To decide between Term A and Term B, we need to calculate the expected dollar value of each option.

For Term A:
Expected value = (probability of gaining $201) * ($201) + (probability of gaining nothing) * ($0)
Expected value = (0.68) * ($201) + (0.32) * ($0)
Expected value = $136.80

For Term B:
Expected value = (probability of gaining $81) * ($81)
Expected value = (1) * ($81)
Expected value = $81

Since $136.80 is greater than $81, the expected dollar value of Term A is higher.",massA=1 massB=6.2e-05
p2,358,11,mixed,54,54,68,0.81,1.02,4,True,B,meta-llama/Llama-3.1-8B-Instruct,chat,riskneutral,1,0.99998,0.99994,0,answer,"To decide between Term A and Term B, we need to calculate the expected dollar value of each option.

For Term A, the expected dollar value is simply the initial amount:
Expected value of Term A = $54

For Term B, we need to calculate the expected value by multiplying each possible outcome by its probability and summing them up:
Expected value of Term B = ($68 * 0.81) + ($0 * 0.19)
Expected value of Term B = $54.78 + $0
Expected value of Term B = $54.78

Since $54.78 is greater than $54, the expected dollar value of Term B is higher.",massA=1.72e-05 massB=1
p2,1142,38,neutral,0,183,609,0.38,1.2646,1,True,B,meta-llama/Llama-3.1-8B-Instruct,chat,riskneutral,1,0.99978,0.99995,0,answer,"To determine the expected dollar value of each arrangement, we need to multiply the payoff by the probability and sum the results.

For Arrangement A, the expected dollar value is simply the certain payoff:
Expected value of A = $183

For Arrangement B, we calculate the expected dollar value as follows:
Expected value of B = ($609 * 0.38) + ($0 * 0.62)
Expected value of B = $231.22 + $0
Expected value of B = $231.22

Since the expected dollar value of Arrangement A ($183) is less than that of Arrangement B ($231.22), we choose the option with the higher expected dollar value.",massA=0.000223 massB=1
p2,188,6,neutral,0,94,101,0.71,0.7629,4,True,B,meta-llama/Llama-3.1-8B-Instruct,chat,riskneutral,1,0.00023,0.99995,0,answer,"To decide between Term A and Term B, we need to calculate the expected dollar value of each term.

For Term A, the expected dollar value is simply the certain amount:
Expected value of Term A = $94

For Term B, we need to calculate the expected value using the probabilities:
Expected value of Term B = ($101 * 0.71) + ($0 * 0.29)
Expected value of Term B = $71.21

Since $71.21 is less than $94, the expected dollar value of Term A is higher.",massA=1 massB=0.000234
p2,327,10,mixed,111,111,278,0.58,1.4526,3,False,A,meta-llama/Llama-3.1-8B-Instruct,chat,riskneutral,1,0.99994,0.99994,0,answer,"To choose the best outcome, we need to calculate the expected dollar value for each option.

For Outcome A:
- The probability of rising to $278 is 58% or 0.58.
- The probability of dropping to $0 is 42% or 0.42.
- The expected dollar value for Outcome A is calculated as follows:
  (Payoff if rising to $278 * Probability of rising to $278) + (Payoff if dropping to $0 * Probability of dropping to $0)
  = ($278 * 0.58) + ($0 * 0.42)
  = $161.24 + $0
  = $161.24

For Outcome B:
- The expected dollar value is simply the initial amount, as there's no change.
- Expected dollar value for Outcome B = $111

Since $161.24 is greater than $111, the best option is to choose Outcome A.",massA=1 massB=6.01e-05
p2,1060,35,gain,0,91,133,0.68,0.9938,0,True,B,meta-llama/Llama-3.1-8B-Instruct,chat,riskneutral,1,0.00018,0.99993,0,answer,"To compute the expected dollar value of each option, we multiply the payoff by the probability and sum the results.

For Option A, the expected dollar value is:
$91 (payoff) * 1 (probability) = $91

For Option B, the expected dollar value is:
($133 * 0.68) + ($0 * 0.32) = $90.24

Since $91 is greater than $90.24, the option with the higher expected dollar value is Option A.",massA=1 massB=0.00018
p2,185,6,neutral,0,94,101,0.71,0.7629,2,False,A,meta-llama/Llama-3.1-8B-Instruct,chat,riskneutral,1,7e-05,0.99987,0,answer,"To find the expected dollar value of each alternative, we multiply the payoff by the probability and sum the results.

For Alternative A:
Expected value = ($101 * 0.71) + ($0 * 0.29)
Expected value = $71.21 + $0
Expected value = $71.21

For Alternative B:
Expected value = ($94 * 1)
Expected value = $94

Since $94 is greater than $71.21, the expected dollar value of Alternative B is higher.",massA=7.14e-05 massB=1
p2,533,17,mixed,117,117,362,0.42,1.2995,1,False,A,meta-llama/Llama-3.1-8B-Instruct,chat,riskneutral,1,0.99994,0.99996,0,answer,"To determine the best option, we need to calculate the expected dollar value for each arrangement.

For Arrangement A:
- Probability of rising to $362: 42%
- Probability of dropping to $0: 58%
- Expected value = (Payoff 1 * Probability 1) + (Payoff 2 * Probability 2)
- Expected value = ($362 * 0.42) + ($0 * 0.58)
- Expected value = $151.64 + $0
- Expected value = $151.64

For Arrangement B:
- Probability of keeping $117: 100%
- Expected value = ($117 * 1)
- Expected value = $117

Since $151.64 is greater than $117, the expected dollar value of Arrangement A is higher.",massA=1 massB=6.11e-05
p2,582,19,gain,0,64,122,0.49,0.9341,1,True,B,meta-llama/Llama-3.1-8B-Instruct,chat,riskneutral,1,5e-05,0.99994,0,answer,"To determine the expected dollar value of each arrangement, we need to multiply the payoff by the probability and sum the results.

For Arrangement A, the payoff is $64 and the probability is 1 (since it's certain). So, the expected dollar value is:
$64 * 1 = $64

For Arrangement B, the payoffs are $122 and $0, with probabilities 0.49 and 0.51, respectively. So, the expected dollar value is:
($122 * 0.49) + ($0 * 0.51) = $59.78

Since $64 is greater than $59.78, the expected dollar value of Arrangement A is higher.",massA=1 massB=4.99e-05
p2,1090,36,gain,0,98,227,0.47,1.0887,0,True,B,meta-llama/Llama-3.1-8B-Instruct,chat,riskneutral,1,0.99996,0.9999,0,answer,"To compute the expected dollar value of each option, we multiply the payoff by the probability and sum the results.

For Option A, the expected dollar value is:
$98 (payoff) * 1 (probability) = $98

For Option B, the expected dollar value is:
($227 * 0.47) + ($0 * 0.53) = $106.09

Since $106.09 is greater than $98, the option with the higher expected dollar value is Option B.",massA=4.33e-05 massB=1
p2,424,14,neutral,0,81,201,0.68,1.6874,2,True,B,meta-llama/Llama-3.1-8B-Instruct,chat,riskneutral,1,0.99985,0.99996,0,answer,"To determine the preferred option, we need to calculate the expected dollar value for each alternative.

For Alternative A, the expected dollar value is simply the certain amount:
Expected value A = $81

For Alternative B, we calculate the expected value by multiplying each possible outcome by its probability and summing the results:
Expected value B = ($201 * 0.68) + ($0 * 0.32)
Expected value B = $136.80 + $0
Expected value B = $136.80

Since $136.80 is greater than $81, the preferred option is Alternative B.",massA=0.000154 massB=1
p2,189,6,neutral,0,94,101,0.71,0.7629,4,False,A,meta-llama/Llama-3.1-8B-Instruct,chat,riskneutral,1,0.00143,0.99974,0,answer,"To decide between Term A and Term B, we need to calculate the expected dollar value of each term.

For Term A:
Expected value = (Payoff 1 * Probability 1) + (Payoff 2 * Probability 2)
Expected value = ($101 * 0.71) + ($0 * 0.29)
Expected value = $71.21

For Term B:
Expected value = (Payoff * Probability)
Expected value = ($94 * 1)
Expected value = $94

Since $71.21 is less than $94, Term A has a lower expected dollar value than Term B.",massA=0.00143 massB=0.998
p2,952,31,mixed,51,51,151,0.29,0.8586,1,True,B,meta-llama/Llama-3.1-8B-Instruct,chat,riskneutral,1,4e-05,0.99993,0,answer,"To determine the expected dollar value of each arrangement, we need to calculate the product of the payoff and the probability for each possible outcome.

For Arrangement A, there is only one outcome: keeping the $51. The expected dollar value is:
$51 (payoff) * 1 (probability) = $51

For Arrangement B, there are two possible outcomes:
1. A 29% chance to rise to $151: $151 (payoff) * 0.29 (probability) = $43.99
2. A 71% chance to drop to $0: $0 (payoff) * 0.71 (probability) = $0

The expected dollar value of Arrangement B is the sum of these two outcomes:
$43.99 + $0 = $43.99

Since $51 (Arrangement A) is greater than $43.99 (Arrangement B), the expected dollar value of Arrangement A is higher.",massA=1 massB=4.2e-05
p2,1033,34,gain,0,52,96,0.63,1.1631,1,False,A,meta-llama/Llama-3.1-8B-Instruct,chat,riskneutral,1,0.99991,0.99993,0,answer,"To determine the expected dollar value of each arrangement, we need to multiply the payoff by the probability and sum the results.

For Arrangement A:
Expected value = (Payoff 1 * Probability 1) + (Payoff 2 * Probability 2)
Expected value = ($96 * 0.63) + ($0 * 0.37)
Expected value = $60.48 + $0
Expected value = $60.48

For Arrangement B:
Expected value = (Payoff * Probability)
Expected value = ($52 * 1)
Expected value = $52

Since $60.48 is greater than $52, the expected dollar value of Arrangement A is higher.",massA=1 massB=9.31e-05
p2,402,13,gain,0,72,88,0.64,0.7822,1,True,B,meta-llama/Llama-3.1-8B-Instruct,chat,riskneutral,1,8e-05,0.99993,0,answer,"To determine the expected dollar value of each arrangement, we need to multiply the payoff by the probability and sum the results.

For Arrangement A, the payoff is $72 and the probability is 100% (or 1). So, the expected dollar value is:
$72 * 1 = $72

For Arrangement B, the payoff is $88 with a 64% chance and $0 with a 36% chance. So, the expected dollar value is:
($88 * 0.64) + ($0 * 0.36) = $56.32

Since $72 is greater than $56.32, the expected dollar value of Arrangement A is higher.",massA=1 massB=7.97e-05
p2,187,6,neutral,0,94,101,0.71,0.7629,3,False,A,meta-llama/Llama-3.1-8B-Instruct,chat,riskneutral,1,0.0002,0.99981,0,answer,"To choose the option with the higher expected dollar value, we need to calculate the expected value for each outcome.

For Outcome A:
Expected value = (Payoff 1 * Probability 1) + (Payoff 2 * Probability 2)
Expected value = ($101 * 0.71) + ($0 * 0.29)
Expected value = $71.21

For Outcome B:
Expected value = (Payoff * Probability)
Expected value = ($94 * 1)
Expected value = $94

Since $94 is greater than $71.21, the option with the higher expected dollar value is Outcome B.",massA=0.0002 massB=1
p2,1084,36,neutral,0,98,227,0.47,1.0887,2,True,B,meta-llama/Llama-3.1-8B-Instruct,chat,riskneutral,1,0.99985,0.99989,0,answer,"To determine the preferred option, we need to calculate the expected dollar value for each alternative.

For Alternative A, the expected dollar value is:
$98 (payoff) * 1 (probability) = $98

For Alternative B, the expected dollar value is:
($227 * 0.47) + ($0 * 0.53) = $106.09

Since $106.09 (expected value of Alternative B) is greater than $98 (expected value of Alternative A), the preferred option is Alternative B.",massA=0.000149 massB=1
p2,512,17,neutral,0,117,362,0.42,1.2995,1,True,B,meta-llama/Llama-3.1-8B-Instruct,chat,riskneutral,1,0.99997,0.99991,0,answer,"To determine the expected dollar value of each arrangement, we need to multiply the payoff by the probability and sum the results.

For Arrangement A, the expected dollar value is simply the certain payoff:
Expected value A = $117

For Arrangement B, we calculate the expected dollar value as follows:
Expected value B = ($362 * 0.42) + ($0 * 0.58)
Expected value B = $152.04

Since $152.04 is greater than $117, the expected dollar value of Arrangement B is higher.",massA=3.27e-05 massB=1
p2,574,19,neutral,0,64,122,0.49,0.9341,2,True,B,meta-llama/Llama-3.1-8B-Instruct,chat,riskneutral,1,0.00028,0.99997,0,answer,"To determine the preferred option, we need to calculate the expected dollar value for each alternative.

For Alternative A, the expected dollar value is simply the certain amount:
Expected value A = $64

For Alternative B, we calculate the expected value by multiplying each possible outcome by its probability and summing the results:
Expected value B = ($122 * 0.49) + ($0 * 0.51)
Expected value B = $59.58

Since $64 is greater than $59.58, the preferred option is the one with the higher expected dollar value.",massA=1 massB=0.000278
p2,910,30,gain,0,149,447,0.26,0.78,0,True,B,meta-llama/Llama-3.1-8B-Instruct,chat,riskneutral,1,0.00016,0.99994,0,answer,"To compute the expected dollar value of each option, we multiply the payoff by the probability and sum the results.

For Option A, the expected dollar value is:
$149 (payoff) * 1 (probability) = $149

For Option B, the expected dollar value is:
($447 * 0.26) + ($0 * 0.74) = $115.82

Since $149 is greater than $115.82, the option with the higher expected dollar value is Option A.",massA=1 massB=0.000156
p2,527,17,gain,0,117,362,0.42,1.2995,3,False,A,meta-llama/Llama-3.1-8B-Instruct,chat,riskneutral,1,0.99992,0.99996,0,answer,"To choose the best outcome, we need to calculate the expected dollar value of each option.

For Outcome A:
- The probability of gaining $362 is 42% or 0.42.
- The probability of gaining nothing is 58% or 0.58.
- Expected dollar value of Outcome A = ($362 * 0.42) + ($0 * 0.58)
- Expected dollar value of Outcome A = $151.64 + $0
- Expected dollar value of Outcome A = $151.64

For Outcome B:
- The probability of gaining $117 is 100% or 1.
- Expected dollar value of Outcome B = ($117 * 1)
- Expected dollar value of Outcome B = $117

Since $151.64 is greater than $117, the best outcome is",massA=1 massB=7.72e-05
p2,1092,36,gain,0,98,227,0.47,1.0887,1,True,B,meta-llama/Llama-3.1-8B-Instruct,chat,riskneutral,1,0.99997,0.99991,0,answer,"To determine the expected dollar value of each arrangement, we need to multiply the payoff by the probability and sum the results.

For Arrangement A, the expected dollar value is:
$98 (payoff) * 1 (probability) = $98

For Arrangement B, the expected dollar value is:
($227 * 0.47) + ($0 * 0.53) = $106.09

Since $106.09 is greater than $98, the expected dollar value of Arrangement B is higher.",massA=2.55e-05 massB=1
p2,285,9,gain,0,49,153,0.26,0.8118,2,False,A,meta-llama/Llama-3.1-8B-Instruct,chat,riskneutral,1,3e-05,0.99983,0,answer,"To compute the expected dollar value of each option, we multiply the payoff by the probability and sum the results.

For Alternative A:
Expected value = (0.26 * $153) + (0.74 * $0)
Expected value = $39.78 + $0
Expected value = $39.78

For Alternative B:
Expected value = $49 (since it's a certain gain)

Comparing the expected values, Alternative B has a higher expected dollar value ($49 > $39.78).",massA=3.43e-05 massB=1
p2,245,8,neutral,0,62,263,0.33,1.3998,2,False,A,meta-llama/Llama-3.1-8B-Instruct,chat,riskneutral,1,0.99968,0.99993,0,answer,"To find the expected dollar value of each option, we multiply the payoff by the probability and sum the results.

For Alternative A:
Expected value = ($263 * 0.33) + ($0 * 0.67)
Expected value = $86.59 + $0
Expected value = $86.59

For Alternative B:
Expected value = ($62 * 1)
Expected value = $62

Since $86.59 is greater than $62, the option with the higher expected dollar value is Alternative A.",massA=1 massB=0.00032
p2,130,4,gain,0,29,71,0.55,1.3466,0,True,B,meta-llama/Llama-3.1-8B-Instruct,chat,riskneutral,1,0.99992,0.99993,0,answer,"To compute the expected dollar value of each option, we multiply the payoff by the probability and sum the results.

For Option A, the expected dollar value is:
$29 (payoff) * 1 (probability) = $29

For Option B, the expected dollar value is:
($71 * 0.55) + ($0 * 0.45) = $38.95

Since $29 is less than $38.95, we prefer Option B.",massA=7.72e-05 massB=1
p2,630,21,neutral,0,106,206,0.73,1.4187,0,True,B,meta-llama/Llama-3.1-8B-Instruct,chat,riskneutral,1,0.99983,0.99996,0,answer,"To choose the option with the higher expected dollar value, we need to calculate the expected value for each option.

For Option A, the expected value is simply the certain payment:
Expected Value A = $106

For Option B, we need to calculate the expected value using the probabilities:
Expected Value B = ($206 * 0.73) + ($0 * 0.27)
Expected Value B = $150.18

Since $150.18 is greater than $106, the option with the higher expected dollar value is Option B.",massA=0.000174 massB=1
p2,403,13,gain,0,72,88,0.64,0.7822,1,False,A,meta-llama/Llama-3.1-8B-Instruct,chat,riskneutral,1,2e-05,0.99984,0,answer,"To determine the expected dollar value of each arrangement, we need to multiply the payoff by the probability and sum the results.

For Arrangement A:
Expected value = (Payoff 1 * Probability 1) + (Payoff 2 * Probability 2)
Expected value = ($88 * 0.64) + ($0 * 0.36)
Expected value = $56.48 + $0
Expected value = $56.48

For Arrangement B:
Expected value = (Payoff * Probability)
Expected value = ($72 * 1)
Expected value = $72

Since $72 is greater than $56.48, the expected dollar value of Arrangement B is higher.",massA=1.59e-05 massB=1
p2,146,4,mixed,29,29,71,0.55,1.3466,3,True,B,meta-llama/Llama-3.1-8B-Instruct,chat,riskneutral,1,0.99991,0.99993,0,answer,"To choose the best outcome, we need to calculate the expected dollar value of each option.

For Outcome A, the expected dollar value is simply the initial amount:
Expected value A = $29

For Outcome B, we need to calculate the expected value using the probabilities and payoffs:
Expected value B = (0.55 * $71) + (0.45 * -$0)
Expected value B = $38.85 + $0
Expected value B = $38.85

Since $38.85 is greater than $29, the best option is Outcome B.",massA=9.03e-05 massB=1
p2,433,14,gain,0,81,201,0.68,1.6874,1,False,A,meta-llama/Llama-3.1-8B-Instruct,chat,riskneutral,1,0.99976,0.99998,0,answer,"To find the expected dollar value of each arrangement, we multiply the payoff by the probability and sum the results.

For Arrangement A:
Expected value = (0.68 * $201) + (0.32 * $0)
Expected value = $136.80 + $0
Expected value = $136.80

For Arrangement B:
Expected value = $81 (since it's a certain gain)

Since $136.80 is greater than $81, we choose the arrangement with the higher expected dollar value.",massA=1 massB=0.000242
p2,1100,36,mixed,98,98,227,0.47,1.0887,0,True,B,meta-llama/Llama-3.1-8B-Instruct,chat,riskneutral,1,0.99991,0.99987,0,answer,"To compute the expected dollar value of each option, we need to multiply the payoff by the probability and sum the results.

For Option A, the expected dollar value is:
$98 (payoff) * 1 (probability) = $98

For Option B, the expected dollar value is:
($227 * 0.47) + ($0 * 0.53) = $106.09

Since $106.09 is greater than $98, the option with the higher expected dollar value is Option B.",massA=9.03e-05 massB=1
p2,197,6,gain,0,94,101,0.71,0.7629,3,False,A,meta-llama/Llama-3.1-8B-Instruct,chat,riskneutral,1,5e-05,0.99978,0,answer,"To choose the best outcome, we need to calculate the expected dollar value of each option.

For Outcome A:
Expected value = (probability of gaining $101) * ($101) + (probability of gaining nothing) * ($0)
Expected value = (0.71) * ($101) + (0.29) * ($0)
Expected value = $71.21

For Outcome B:
Expected value = (probability of gaining $94) * ($94)
Expected value = (1) * ($94)
Expected value = $94

Since $94 is greater than $71.21, the best outcome is Outcome B.",massA=5.22e-05 massB=1
p2,1075,35,mixed,91,91,133,0.68,0.9938,2,False,A,meta-llama/Llama-3.1-8B-Instruct,chat,riskneutral,1,0.99965,0.99987,0,answer,"To compute the expected dollar value of each option, we need to multiply the payoff by the probability and sum the results.

For Alternative A:
Expected value = (Payoff 1 * Probability 1) + (Payoff 2 * Probability 2)
Expected value = ($133 * 0.68) + ($0 * 0.32)
Expected value = $90.04

For Alternative B:
Expected value = (Payoff * Probability)
Expected value = ($91 * 1)
Expected value = $91

Since $90.04 is greater than $91, the expected dollar value of Alternative A is higher.",massA=1 massB=0.000351
p2,1242,21,dominant,0,106,147,1.0,1.3868,4,True,B,meta-llama/Llama-3.1-8B-Instruct,chat,riskneutral,1,0.99998,0.99995,0,answer,"To make a decision, we need to calculate the expected dollar value for each term. 

For Term A, the expected dollar value is:
Expected Value A = Payoff A * Probability A
Since the payoff is certain, the probability is 1.
Expected Value A = $106 * 1 = $106

For Term B, the expected dollar value is:
Expected Value B = Payoff B * Probability B
Since the payoff is certain, the probability is 1.
Expected Value B = $147 * 1 = $147

Comparing the expected dollar values, Term B has a higher expected value.",massA=2.18e-05 massB=1
p2,572,19,neutral,0,64,122,0.49,0.9341,1,True,B,meta-llama/Llama-3.1-8B-Instruct,chat,riskneutral,1,9e-05,0.99983,0,answer,"To determine the expected dollar value of each arrangement, we multiply the payoff by the probability for each possible outcome.

For Arrangement A, the payoff is $64 for certain, so the expected dollar value is:
$64 (payoff) * 1 (probability) = $64

For Arrangement B, the payoffs are $122 with 49% probability and $0 with 51% probability. So, the expected dollar value is:
($122 * 0.49) + ($0 * 0.51) = $59.78

Comparing the expected dollar values, Arrangement A has a higher expected dollar value ($64) than Arrangement B ($59.78).",massA=1 massB=9.03e-05
p2,441,14,mixed,81,81,201,0.68,1.6874,0,False,A,meta-llama/Llama-3.1-8B-Instruct,chat,riskneutral,1,0.99994,0.99992,0,answer,"To compute the expected dollar value of each option, we need to multiply the payoff by the probability and sum the results.

For Option A:
Expected value = (Payoff 1 * Probability 1) + (Payoff 2 * Probability 2)
Expected value = ($201 * 0.68) + ($0 * 0.32)
Expected value = $136.88 + $0
Expected value = $136.88

For Option B:
Expected value = (Payoff * Probability)
Expected value = ($81 * 1)
Expected value = $81

Since $136.88 is greater than $81, the option with the higher expected dollar value is Option A.",massA=1 massB=6.4e-05
p2,395,13,neutral,0,72,88,0.64,0.7822,2,False,A,meta-llama/Llama-3.1-8B-Instruct,chat,riskneutral,1,6e-05,0.99986,0,answer,"To find the expected dollar value of each alternative, we multiply the payoff by the probability and sum the results.

For Alternative A:
Expected value = ($88 * 0.64) + ($0 * 0.36)
Expected value = $56.16 + $0
Expected value = $56.16

For Alternative B:
Expected value = ($72 * 1)
Expected value = $72

Since $72 is greater than $56.16, the expected dollar value of Alternative B is higher.",massA=6.01e-05 massB=1
p2,337,11,neutral,0,54,68,0.81,1.02,3,False,A,meta-llama/Llama-3.1-8B-Instruct,chat,riskneutral,1,0.99981,0.99988,0,answer,"To choose the option with the higher expected dollar value, we need to calculate the expected value for each outcome.

For Outcome A:
Expected value = (Payoff 1 * Probability 1) + (Payoff 2 * Probability 2)
Expected value = ($68 * 0.81) + ($0 * 0.19)
Expected value = $54.88

For Outcome B:
Expected value = (Payoff * Probability)
Expected value = ($54 * 1)
Expected value = $54

Since $54.88 is greater than $54, the option with the higher expected dollar value is Outcome A.",massA=1 massB=0.000194
p2,1055,35,neutral,0,91,133,0.68,0.9938,2,False,A,meta-llama/Llama-3.1-8B-Instruct,chat,riskneutral,1,9e-05,0.99988,0,answer,"To find the expected dollar value of each alternative, we multiply the payoff by the probability and sum the results.

For Alternative A:
Expected value = ($133 * 0.68) + ($0 * 0.32)
Expected value = $90.04 + $0
Expected value = $90.04

For Alternative B:
Expected value = ($91 * 1)
Expected value = $91

Since $91 is greater than $90.04, the expected dollar value of Alternative B is higher.",massA=9.31e-05 massB=1
p2,1106,36,mixed,98,98,227,0.47,1.0887,3,True,B,meta-llama/Llama-3.1-8B-Instruct,chat,riskneutral,1,0.99994,0.99993,0,answer,"To choose the best outcome, we need to calculate the expected dollar value for each option.

For Outcome A, the expected dollar value is simply the initial amount:
Expected value A = $98

For Outcome B, we need to calculate the expected value using the probabilities and payoffs:
Expected value B = (0.47 * $227) + (0.53 * -$0)
Expected value B = $106.49 + $0
Expected value B = $106.49

Since $106.49 is greater than $98, the best option is Outcome B.",massA=6.2e-05 massB=1
p2,1213,6,dominant,0,94,128,1.0,1.3617,4,False,A,meta-llama/Llama-3.1-8B-Instruct,chat,riskneutral,1,0.99998,0.99988,0,answer,"To make a decision, we need to calculate the expected dollar value for each term. 

For Term A, the expected dollar value is the payoff times the probability. Since the payoff is certain, the probability is 1. 
Expected dollar value of Term A = $128 * 1 = $128

For Term B, the expected dollar value is also the payoff times the probability. Since the payoff is certain, the probability is 1.
Expected dollar value of Term B = $94 * 1 = $94

Since the expected dollar value of Term A ($128) is higher than that of Term B ($94), the decision is to choose Term A.",massA=1 massB=2.32e-05
p2,936,31,neutral,0,51,151,0.29,0.8586,3,True,B,meta-llama/Llama-3.1-8B-Instruct,chat,riskneutral,1,7e-05,0.99991,0,answer,"To choose the best option, we need to calculate the expected dollar value of each outcome.

For Outcome A, the expected dollar value is simply the certain amount:
Expected value A = $51

For Outcome B, we need to calculate the expected value using the probabilities:
Expected value B = ($151 * 0.29) + ($0 * 0.71)
Expected value B = $44.09

Since Outcome A has a higher expected dollar value ($51 vs $44.09), we should choose Outcome A.",massA=1 massB=6.71e-05
p2,1152,38,gain,0,183,609,0.38,1.2646,1,True,B,meta-llama/Llama-3.1-8B-Instruct,chat,riskneutral,1,0.99993,0.99983,0,answer,"To determine the expected dollar value of each arrangement, we need to multiply the payoff by the probability and sum the results.

For Arrangement A, the payoff is $183 and the probability is 100% (or 1). So, the expected dollar value is:
$183 * 1 = $183

For Arrangement B, the payoffs are $609 and $0, with probabilities 38% and 62%, respectively. So, the expected dollar value is:
($609 * 0.38) + ($0 * 0.62) = $231.22

Since $183 is less than $231.22, Arrangement B has a higher expected dollar value.",massA=6.92e-05 massB=1
p2,354,11,mixed,54,54,68,0.81,1.02,2,True,B,meta-llama/Llama-3.1-8B-Instruct,chat,riskneutral,1,0.99995,0.99994,0,answer,"To determine the expected dollar value of each alternative, we need to calculate the product of the payoff and the probability for each possible outcome.

For Alternative A, there is only one outcome: keeping the $54. The expected dollar value is simply $54.

For Alternative B, there are two possible outcomes: rising to $68 with an 81% chance, and dropping to $0 with a 19% chance. 

Expected dollar value of Alternative B = (Payoff 1 * Probability 1) + (Payoff 2 * Probability 2)
Expected dollar value of Alternative B = ($68 * 0.81) + ($0 * 0.19)
Expected dollar value of Alternative B = $54.88 + $0
Expected dollar value of Alternative B = $54.88

Since $54.88 is greater than $54, the expected dollar value of Alternative B is higher.",massA=4.99e-05 massB=1
p2,1144,38,neutral,0,183,609,0.38,1.2646,2,True,B,meta-llama/Llama-3.1-8B-Instruct,chat,riskneutral,1,0.00021,0.9999,0,answer,"To determine the preferred option, we need to calculate the expected dollar value for each alternative.

For Alternative A, the expected dollar value is simply the certain amount:
Expected value A = $183

For Alternative B, we calculate the expected value by multiplying each possible outcome by its probability and summing the results:
Expected value B = ($609 * 0.38) + ($0 * 0.62)
Expected value B = $231.22 + $0
Expected value B = $231.22

Since $231.22 is less than $183, the expected dollar value of Alternative A is higher.",massA=1 massB=0.000213
p2,1050,35,neutral,0,91,133,0.68,0.9938,0,True,B,meta-llama/Llama-3.1-8B-Instruct,chat,riskneutral,1,0.00028,0.99994,0,answer,"To choose the option with the higher expected dollar value, we need to calculate the expected value for each option.

For Option A, the expected value is simply the certain payment:
Expected Value A = $91

For Option B, we need to calculate the expected value using the probabilities:
Expected Value B = ($133 * 0.68) + ($0 * 0.32)
Expected Value B = $90.24 + $0
Expected Value B = $90.24

Since $91 (Option A) is greater than $90.24 (Option B), the option with the higher expected dollar value is Option A.",massA=1 massB=0.000278
p2,1143,38,neutral,0,183,609,0.38,1.2646,1,False,A,meta-llama/Llama-3.1-8B-Instruct,chat,riskneutral,1,0.99984,0.99993,0,answer,"To find the expected dollar value of each arrangement, we multiply the payoff by the probability and sum the results.

For Arrangement A:
Expected value = ($609 * 0.38) + ($0 * 0.62)
Expected value = $232.22 + $0
Expected value = $232.22

For Arrangement B:
Expected value = ($183 * 1)
Expected value = $183

Since $232.22 is greater than $183, the expected dollar value of Arrangement A is higher.",massA=1 massB=0.000156
p2,290,9,mixed,49,49,153,0.26,0.8118,0,True,B,meta-llama/Llama-3.1-8B-Instruct,chat,riskneutral,1,0.00013,0.99988,0,answer,"To compute the expected dollar value of each option, we need to multiply the payoff by the probability and sum the results.

For Option A, the expected dollar value is:
$49 (payoff) * 1 (probability) = $49

For Option B, the expected dollar value is:
($153 * 0.26) + ($0 * 0.74) = $39.48 (payoff * probability for the gain) + $0 (payoff * probability for the loss) = $39.48

Since $49 is greater than $39.48, the expected dollar value of Option A is higher.",massA=1 massB=0.000125
p2,627,20,mixed,186,186,266,0.63,0.901,3,False,A,meta-llama/Llama-3.1-8B-Instruct,chat,riskneutral,1,2e-05,0.99978,0,answer,"To choose the best outcome, we need to calculate the expected dollar value for each option.

For Outcome A:
- The probability of rising to $266 is 63% or 0.63.
- The probability of dropping to $0 is 37% or 0.37.
- The expected value for Outcome A is calculated as follows:
  Expected Value A = (Probability of rising to $266) * ($266 - $186) + (Probability of dropping to $0) * ($0 - $186)
  Expected Value A = (0.63) * $80 + (0.37) * (-$186)
  Expected Value A = $50.40 - $68.62
  Expected Value A = -$18.22

For Outcome B:
- The expected value for Outcome B is the initial amount since there's no change.
- Expected Value B = $186

Since the expected value for Outcome A is negative, it means that the overall outcome is expected to be worse than keeping the initial amount. Therefore, the best option is to keep the initial amount.",massA=1.59e-05 massB=1
p2,1048,34,mixed,52,52,96,0.63,1.1631,4,True,B,meta-llama/Llama-3.1-8B-Instruct,chat,riskneutral,1,6e-05,0.99987,0,answer,"To decide between Term A and Term B, we need to calculate the expected dollar value of each option.

For Term A, the expected dollar value is simply the initial amount:
Expected value of Term A = $52

For Term B, we need to calculate the expected value of the two possible outcomes and then combine them with their respective probabilities:
Expected value of rising to $96 = $96 * 0.63 = $60.48
Expected value of dropping to $0 = $0 * 0.37 = $0
Expected value of Term B = ($60.48 + $0) * 0.63 + ($0 + $0) * 0.37 = $60.48 * 0.63 + $0 * 0.37 = $38.1044

Now, we compare the expected dollar values of Term A and Term B:
Expected value of Term A = $52
Expected value of Term B = $38.1044

Since the expected dollar value of Term A ($52) is higher than that of Term B ($38.1044), we choose Term A.",massA=1 massB=6.2e-05
p2,538,17,mixed,117,117,362,0.42,1.2995,4,True,B,meta-llama/Llama-3.1-8B-Instruct,chat,riskneutral,1,0.99999,0.99998,0,answer,"To decide between Term A and Term B, we need to calculate the expected dollar value of each option.

For Term A, the expected dollar value is simply the initial amount:
Expected value of Term A = $117

For Term B, we need to calculate the expected value of the two possible outcomes and their probabilities:
Expected value of Term B = (42% * $362) + (58% * -$0)
Expected value of Term B = (0.42 * $362) + (0.58 * -$0)
Expected value of Term B = $152.44 + $0
Expected value of Term B = $152.44

Since $152.44 is greater than $117, the expected dollar value of Term B is higher.",massA=9.37e-06 massB=1
p2,495,16,gain,0,139,234,0.6,1.0101,2,False,A,meta-llama/Llama-3.1-8B-Instruct,chat,riskneutral,1,0.99981,0.99986,0,answer,"To compute the expected dollar value of each option, we multiply the payoff by the probability and sum the results.

For Alternative A:
Expected value = (0.60 * $234) + (0.40 * $0)
Expected value = $140.40 + $0
Expected value = $140.40

For Alternative B:
Expected value = $139 (since it's a certain gain, the probability is 1)

Comparing the expected values, Alternative A has a higher expected dollar value ($140.40 vs $139).",massA=1 massB=0.000185
p2,200,6,mixed,94,94,101,0.71,0.7629,0,True,B,meta-llama/Llama-3.1-8B-Instruct,chat,riskneutral,1,0.0002,0.99988,0,answer,"To compute the expected dollar value of each option, we need to multiply the payoff by the probability and sum the results.

For Option A, the expected dollar value is:
$94 (payoff) * 1 (probability) = $94

For Option B, the expected dollar value is:
($101 * 0.71) + ($0 * 0.29) = $71.21

Since $94 is greater than $71.21, the expected dollar value of Option A is higher.",massA=1 massB=0.0002
p2,1047,34,mixed,52,52,96,0.63,1.1631,3,False,A,meta-llama/Llama-3.1-8B-Instruct,chat,riskneutral,1,0.99991,0.9999,0,answer,"To choose the best outcome, we need to calculate the expected dollar value for each option.

For Outcome A:
- The probability of rising to $96 is 63% or 0.63.
- The probability of dropping to $0 is 37% or 0.37.
- The expected dollar value for Outcome A is calculated as follows:
  (Payoff if $96 is reached * Probability of reaching $96) + (Payoff if $0 is reached * Probability of reaching $0)
  = ($96 * 0.63) + ($0 * 0.37)
  = $60.48 + $0
  = $60.48

For Outcome B:
- The expected dollar value is simply the initial amount, as there's no change.
- Expected dollar value for Outcome B = $52

Since $60.48 is greater than $52, the best option is Outcome A.",massA=1 massB=9.03e-05
p2,497,16,gain,0,139,234,0.6,1.0101,3,False,A,meta-llama/Llama-3.1-8B-Instruct,chat,riskneutral,1,0.99991,0.99995,0,answer,"To choose the best outcome, we need to calculate the expected dollar value of each option.

For Outcome A:
- The probability of gaining $234 is 60% or 0.6.
- The probability of gaining nothing is 40% or 0.4.
- Expected dollar value = (0.6 * $234) + (0.4 * $0)
- Expected dollar value = $140.4 + $0
- Expected dollar value = $140.4

For Outcome B:
- The probability of gaining $139 is 100% or 1.
- Expected dollar value = $139

Since $140.4 is greater than $139, the best outcome is",massA=1 massB=9.03e-05
p2,653,21,mixed,106,106,206,0.73,1.4187,1,False,A,meta-llama/Llama-3.1-8B-Instruct,chat,riskneutral,1,0.99996,0.99997,0,answer,"To determine the best option, we need to calculate the expected dollar value for each arrangement.

For Arrangement A:
- The probability of rising to $206 is 73% or 0.73.
- The probability of dropping to $0 is 27% or 0.27.
- The expected dollar value is calculated as: (payoff * probability) + (payoff * probability)
- Expected dollar value = ($206 * 0.73) + ($0 * 0.27)
- Expected dollar value = $150.18 + $0
- Expected dollar value = $150.18

For Arrangement B:
- The expected dollar value is simply the initial amount since there's no change.
- Expected dollar value = $106

Since $150.18 is greater than $106, the expected dollar value of Arrangement A is higher.",massA=1 massB=4.07e-05
p2,507,16,mixed,139,139,234,0.6,1.0101,3,False,A,meta-llama/Llama-3.1-8B-Instruct,chat,riskneutral,1,0.99991,0.99993,0,answer,"To choose the best outcome, we need to calculate the expected dollar value for each option.

For Outcome A:
- The probability of rising to $234 is 60% or 0.6.
- The probability of dropping to $0 is 40% or 0.4.
- The expected dollar value for Outcome A is calculated as follows:
  (Payoff if rising to $234 * Probability of rising to $234) + (Payoff if dropping to $0 * Probability of dropping to $0)
  = ($234 * 0.6) + ($0 * 0.4)
  = $140.4 + $0
  = $140.4

For Outcome B:
- The expected dollar value is simply the initial amount, as there's no change.
- Expected dollar value for Outcome B = $139

Since $140.4 is greater than $139, the best option is Outcome A.",massA=1 massB=9.17e-05
p2,1270,35,dominant,0,91,107,1.0,1.1758,0,True,B,meta-llama/Llama-3.1-8B-Instruct,chat,riskneutral,1,0.99995,0.99995,0,answer,"To determine the preferred option, we need to calculate the expected dollar value for each option. Since both options are certain, the probability of receiving the payment is 1.

Option A: $91 * 1 = $91
Option B: $107 * 1 = $107

Since $107 is greater than $91, the preferred option is the one with the higher expected dollar value.",massA=4.76e-05 massB=1
p2,405,13,gain,0,72,88,0.64,0.7822,2,False,A,meta-llama/Llama-3.1-8B-Instruct,chat,riskneutral,1,5e-05,0.99979,0,answer,"To compute the expected dollar value of each option, we multiply the payoff by the probability and sum the results.

For Alternative A:
Expected value = ($88 * 0.64) + ($0 * 0.36)
Expected value = $56.48 + $0
Expected value = $56.48

For Alternative B:
Expected value = $72 * 1
Expected value = $72

Since $72 is greater than $56.48, I would choose Alternative B.",massA=5.31e-05 massB=1
p2,259,8,gain,0,62,263,0.33,1.3998,4,False,A,meta-llama/Llama-3.1-8B-Instruct,chat,riskneutral,1,0.99994,0.99996,0,answer,"To decide between Term A and Term B, we need to calculate the expected dollar value of each option.

For Term A:
- The probability of gaining $263 is 33% or 0.33.
- The probability of gaining nothing is 67% or 0.67.
- Expected dollar value of Term A = (0.33 * $263) + (0.67 * $0)
- Expected dollar value of Term A = $86.79 + $0
- Expected dollar value of Term A = $86.79

For Term B:
- The probability of gaining $62 is 100% or 1.
- Expected dollar value of Term B = (1 * $62)
- Expected dollar value of Term B = $62

Since $86.79 is greater than $62, the expected dollar value of Term A is higher.",massA=1 massB=5.65e-05
p2,598,19,mixed,64,64,122,0.49,0.9341,4,True,B,meta-llama/Llama-3.1-8B-Instruct,chat,riskneutral,1,0.00019,0.99766,0,answer,"To decide between Term A and Term B, we need to calculate the expected dollar value of each option.

For Term A, the expected dollar value is simply the initial amount:
Expected value of Term A = $64

For Term B, we need to calculate the expected value of the two possible outcomes and their probabilities:
Expected value of Term B = ($122 * 0.49) + ($0 * 0.51)
Expected value of Term B = $59.58 + $0
Expected value of Term B = $59.58

Since the expected dollar value of Term B ($59.58) is higher than that of Term A ($64), we should choose Term B.

However, this is incorrect because the expected value of Term A is higher than Term B.",massA=0.997 massB=0.000194
p2,658,21,mixed,106,106,206,0.73,1.4187,4,True,B,meta-llama/Llama-3.1-8B-Instruct,chat,riskneutral,1,0.99999,0.99995,0,answer,"To decide between Term A and Term B, we need to calculate the expected dollar value of each option.

For Term A, the expected dollar value is simply the initial amount:
Expected value of Term A = $106

For Term B, we need to calculate the expected value of the two possible outcomes and their probabilities:
Expected value of rising to $206 = $206 * 0.73 = $150.18
Expected value of dropping to $0 = $0 * 0.27 = $0
Expected value of Term B = $150.18 + $0 = $150.18

Since $150.18 is greater than $106, the expected dollar value of Term B is higher.",massA=1.36e-05 massB=1
p2,1093,36,gain,0,98,227,0.47,1.0887,1,False,A,meta-llama/Llama-3.1-8B-Instruct,chat,riskneutral,1,0.99973,0.99997,0,answer,"To find the expected dollar value of each arrangement, we multiply the payoff by the probability and sum the results.

For Arrangement A:
Expected value = (0.47 * $227) + (0.53 * $0)
Expected value = $106.49 + $0
Expected value = $106.49

For Arrangement B:
Expected value = $98 (since it's a certain gain)

Since $106.49 is greater than $98, we choose the arrangement with the higher expected dollar value.",massA=1 massB=0.000269
p2,341,11,gain,0,54,68,0.81,1.02,0,False,A,meta-llama/Llama-3.1-8B-Instruct,chat,riskneutral,1,0.00032,0.99978,0,answer,"To compute the expected dollar value of each option, we multiply the payoff by the probability and sum the results.

For Option A:
Expected value = (0.81 * $68) + (0.19 * $0)
Expected value = $54.88 + $0
Expected value = $54.88

For Option B:
Expected value = $54 (since it's a certain gain)

Since $54 is greater than $54.88, we prefer Option B.",massA=0.00032 massB=0.999
p2,1140,38,neutral,0,183,609,0.38,1.2646,0,True,B,meta-llama/Llama-3.1-8B-Instruct,chat,riskneutral,1,0.00027,0.99996,0,answer,"To choose the option with the higher expected dollar value, we need to calculate the expected value for each option.

For Option A, the expected value is simply the certain payment:
Expected Value A = $183

For Option B, we need to calculate the expected value using the probabilities:
Expected Value B = ($609 * 0.38) + ($0 * 0.62)
Expected Value B = $231.22 + $0
Expected Value B = $231.22

Since $231.22 is less than $183, we prefer the certain payment of Option A.",massA=1 massB=0.000265
p2,1077,35,mixed,91,91,133,0.68,0.9938,3,False,A,meta-llama/Llama-3.1-8B-Instruct,chat,riskneutral,1,2e-05,0.99993,0,answer,"To choose the best outcome, we need to calculate the expected dollar value for each option.

For Outcome A:
- The probability of rising to $133 is 68% or 0.68.
- The probability of dropping to $0 is 32% or 0.32.
- The expected value for Outcome A is calculated as follows:
  Expected Value A = (Payoff 1 * Probability 1) + (Payoff 2 * Probability 2)
  Expected Value A = ($133 * 0.68) + ($0 * 0.32)
  Expected Value A = $90.04

For Outcome B:
- The expected value for Outcome B is the initial amount since there's no change.
- Expected Value B = $91

Now, let's compare the expected dollar values:
Expected Value A = $90.04
Expected Value B = $91

Since Outcome B has a higher expected dollar value, the best choice is",massA=1.89e-05 massB=1
p2,1162,38,mixed,183,183,609,0.38,1.2646,1,True,B,meta-llama/Llama-3.1-8B-Instruct,chat,riskneutral,1,0.99994,0.9999,0,answer,"To determine the expected dollar value of each arrangement, we need to calculate the product of the payoff and the probability for each possible outcome.

For Arrangement A, there is only one outcome: keeping the $183. The expected dollar value is:
$183 (payoff) * 1 (probability) = $183

For Arrangement B, there are two possible outcomes:
1. A 38% chance to rise to $609: $609 (payoff) * 0.38 (probability) = $232.22
2. A 62% chance to drop to $0: $0 (payoff) * 0.62 (probability) = $0

The expected dollar value of Arrangement B is the sum of these two products:
$232.22 + $0 = $232.22

Since $183 (Arrangement A) is less than $232.22 (Arrangement B), the expected dollar value of Arrangement B is higher.",massA=5.74e-05 massB=1
p2,469,15,gain,0,82,113,0.74,1.0198,4,False,A,meta-llama/Llama-3.1-8B-Instruct,chat,riskneutral,1,0.99991,0.99994,0,answer,"To decide between Term A and Term B, we need to calculate the expected dollar value of each option.

For Term A:
Expected value = (Payoff 1 * Probability 1) + (Payoff 2 * Probability 2)
Expected value = ($113 * 0.74) + ($0 * 0.26)
Expected value = $83.42

For Term B:
Expected value = (Payoff * Probability)
Expected value = ($82 * 1)
Expected value = $82

Since $83.42 is greater than $82, the expected dollar value of Term A is higher.",massA=1 massB=9.03e-05
p2,347,11,gain,0,54,68,0.81,1.02,3,False,A,meta-llama/Llama-3.1-8B-Instruct,chat,riskneutral,1,0.99984,0.99995,0,answer,"To choose the best outcome, we need to calculate the expected dollar value of each option.

For Outcome A:
- The probability of gaining $68 is 81% or 0.81.
- The probability of gaining nothing is 19% or 0.19.
- Expected dollar value = (0.81 * $68) + (0.19 * $0)
- Expected dollar value = $54.88 + $0
- Expected dollar value = $54.88

For Outcome B:
- The probability of gaining $54 is 100% or 1.
- Expected dollar value = $54 * 1
- Expected dollar value = $54

Since $54.88 is greater than $54, the best outcome is",massA=1 massB=0.000156
p2,335,11,neutral,0,54,68,0.81,1.02,2,False,A,meta-llama/Llama-3.1-8B-Instruct,chat,riskneutral,1,0.99985,0.99992,0,answer,"To find the expected dollar value of each alternative, we multiply the payoff by the probability and sum the results.

For Alternative A:
Expected value = ($68 * 0.81) + ($0 * 0.19)
Expected value = $54.78 + $0
Expected value = $54.78

For Alternative B:
Expected value = ($54 * 1)
Expected value = $54

Since $54.78 is greater than $54, the expected dollar value of Alternative A is higher.",massA=1 massB=0.000154
p2,398,13,neutral,0,72,88,0.64,0.7822,4,True,B,meta-llama/Llama-3.1-8B-Instruct,chat,riskneutral,1,8e-05,0.99994,0,answer,"To decide between Term A and Term B, we need to calculate the expected dollar value of each option.

For Term A, the expected dollar value is simply the certain payoff:
Expected value of Term A = $72

For Term B, we multiply each payoff by its probability and then sum the results:
Expected value of Term B = ($88 * 0.64) + ($0 * 0.36)
Expected value of Term B = $56.32

Since $72 is greater than $56.32, the expected dollar value of Term A is higher.",massA=1 massB=8.48e-05
p2,342,11,gain,0,54,68,0.81,1.02,1,True,B,meta-llama/Llama-3.1-8B-Instruct,chat,riskneutral,1,0.99997,0.99986,0,answer,"To determine the expected dollar value of each arrangement, we need to multiply the payoff by the probability and sum the results.

For Arrangement A, the payoff is $54 and the probability is 100% (or 1). So, the expected dollar value is:
$54 * 1 = $54

For Arrangement B, the payoff is $68 with an 81% chance and $0 with a 19% chance. So, the expected dollar value is:
($68 * 0.81) + ($0 * 0.19) = $54.88

Since $54.88 is greater than $54, the expected dollar value of Arrangement B is higher.",massA=2.71e-05 massB=1
p2,458,15,neutral,0,82,113,0.74,1.0198,4,True,B,meta-llama/Llama-3.1-8B-Instruct,chat,riskneutral,1,0.99997,0.99996,0,answer,"To decide between Term A and Term B, we need to calculate the expected dollar value of each term.

For Term A, the expected dollar value is simply the certain amount:
Expected value of Term A = $82

For Term B, we need to calculate the expected value using the probabilities:
Expected value of Term B = ($113 * 0.74) + ($0 * 0.26)
Expected value of Term B = $83.62

Since $83.62 is greater than $82, the expected dollar value of Term B is higher.",massA=3.12e-05 massB=1
p2,1036,34,gain,0,52,96,0.63,1.1631,3,True,B,meta-llama/Llama-3.1-8B-Instruct,chat,riskneutral,1,0.99989,0.99995,0,answer,"To choose the best option, we need to calculate the expected dollar value of each outcome.

For Outcome A, the expected dollar value is simply the certain gain:
Expected value A = $52

For Outcome B, we need to calculate the expected value by multiplying each possible gain by its probability and summing the results:
Expected value B = ($96 * 0.63) + ($96 * 0.63) + ($96 * 0.37) + ($96 * 0.37)
Expected value B = $60.48 + $60.48 + $35.52 + $35.52
Expected value B = $192

Now, let's compare the expected dollar values:
Expected value A = $52
Expected value B = $192

Since Outcome B has a higher expected dollar value, the best choice is",massA=0.000107 massB=1
p2,592,19,mixed,64,64,122,0.49,0.9341,1,True,B,meta-llama/Llama-3.1-8B-Instruct,chat,riskneutral,1,4e-05,0.99989,0,answer,"To determine the expected dollar value of each arrangement, we need to calculate the product of the payoff and the probability for each possible outcome.

For Arrangement A, there is only one outcome: keeping the $64. The expected dollar value is:
$64 (payoff) * 1 (probability) = $64

For Arrangement B, there are two possible outcomes:
1. A 49% chance to rise to $122: $122 (payoff) * 0.49 (probability) = $59.58
2. A 51% chance to drop to $0: $0 (payoff) * 0.51 (probability) = $0
The expected dollar value of Arrangement B is the sum of these two products: $59.58 + $0 = $59.58

Since $64 (Arrangement A) is greater than $59.58 (Arrangement B), the expected dollar value of Arrangement A is higher.",massA=1 massB=3.59e-05
p2,953,31,mixed,51,51,151,0.29,0.8586,1,False,A,meta-llama/Llama-3.1-8B-Instruct,chat,riskneutral,1,2e-05,0.99975,0,answer,"To determine the expected dollar value of each arrangement, we need to calculate the product of the payoff and the probability for each possible outcome.

For Arrangement A:
- 29% chance to rise to $151: Expected value = $151 * 0.29 = $43.99
- 71% chance to drop to $0: Expected value = $0 * 0.71 = $0
Expected dollar value of Arrangement A = $43.99 + $0 = $43.99

For Arrangement B:
- Keep $51 with no change: Expected value = $51 * 1 = $51

Since $51 is greater than $43.99, the expected dollar value of Arrangement B is higher.",massA=2.47e-05 massB=1
p2,442,14,mixed,81,81,201,0.68,1.6874,1,True,B,meta-llama/Llama-3.1-8B-Instruct,chat,riskneutral,1,0.99996,0.99989,0,answer,"To determine the expected dollar value of each arrangement, we need to calculate the product of the payoff and the probability for each possible outcome.

For Arrangement A, there is only one outcome: keeping the $81. The expected dollar value is:
$81 (payoff) * 1 (probability) = $81

For Arrangement B, there are two possible outcomes:
1. A 68% chance to rise to $201: $201 (payoff) * 0.68 (probability) = $136.88
2. A 32% chance to drop to $0: $0 (payoff) * 0.32 (probability) = $0

The expected dollar value of Arrangement B is the sum of these two products:
$136.88 + $0 = $136.88

Since $136.88 (Arrangement B) is greater than $81 (Arrangement A), the expected dollar value of Arrangement B is higher.",massA=4.33e-05 massB=1
p2,275,9,neutral,0,49,153,0.26,0.8118,2,False,A,meta-llama/Llama-3.1-8B-Instruct,chat,riskneutral,1,8e-05,0.99989,0,answer,"To find the expected dollar value of each alternative, we multiply the payoff by the probability and sum the results.

For Alternative A:
Expected value = ($153 * 0.26) + ($0 * 0.74)
Expected value = $39.58 + $0
Expected value = $39.58

For Alternative B:
Expected value = ($49 * 1)
Expected value = $49

Since $49 is greater than $39.58, the expected dollar value of Alternative B is higher.",massA=7.97e-05 massB=1
p2,646,21,gain,0,106,206,0.73,1.4187,3,True,B,meta-llama/Llama-3.1-8B-Instruct,chat,riskneutral,1,0.99988,0.99985,0,answer,"To choose the best option, we need to calculate the expected dollar value of each outcome.

For Outcome A, the expected dollar value is simply the certain gain:
Expected value A = $106

For Outcome B, we need to calculate the expected value by multiplying each possible gain by its probability and then summing these products:
Expected value B = ($206 * 0.73) + ($0 * 0.27)
Expected value B = $150.18

Since $150.18 is greater than $106, the best option is Outcome B.",massA=0.000123 massB=1
p2,954,31,mixed,51,51,151,0.29,0.8586,2,True,B,meta-llama/Llama-3.1-8B-Instruct,chat,riskneutral,1,0.00014,0.99989,0,answer,"To compute the expected dollar value of each alternative, we need to multiply the payoff by the probability and sum the results.

For Alternative A, the expected dollar value is:
$51 (payoff) * 1 (probability) = $51

For Alternative B, the expected dollar value is:
($151 * 0.29) + ($0 * 0.71) = $43.99 (approximately)

Since $51 is greater than $43.99, the expected dollar value of Alternative A is higher.",massA=1 massB=0.00014
p2,284,9,gain,0,49,153,0.26,0.8118,2,True,B,meta-llama/Llama-3.1-8B-Instruct,chat,riskneutral,1,0.00012,0.99992,0,answer,"To compute the expected dollar value of each option, we multiply the payoff by the probability and sum the results.

For Alternative A, the expected dollar value is:
$49 (payoff) * 1 (probability) = $49

For Alternative B, the expected dollar value is:
($153 * 0.26) + ($0 * 0.74) = $39.58

Since $49 is greater than $39.58, the expected dollar value of Alternative A is higher.",massA=1 massB=0.000116
p2,135,4,gain,0,29,71,0.55,1.3466,2,False,A,meta-llama/Llama-3.1-8B-Instruct,chat,riskneutral,1,0.99986,0.99993,0,answer,"To compute the expected dollar value of each option, we multiply the payoff by the probability and sum the results.

For Alternative A:
Expected value = (0.55 * $71) + (0.45 * $0)
Expected value = $38.85 + $0
Expected value = $38.85

For Alternative B:
Expected value = $29 (since it's a certain gain)

Since $38.85 is greater than $29, the expected dollar value of Alternative A is higher.",massA=1 massB=0.000136
p2,1038,34,gain,0,52,96,0.63,1.1631,4,True,B,meta-llama/Llama-3.1-8B-Instruct,chat,riskneutral,1,0.99996,0.99989,0,answer,"To decide between Term A and Term B, we need to calculate the expected dollar value of each option.

For Term A, the expected dollar value is simply the certain gain:
Expected value of Term A = $52

For Term B, we need to calculate the expected value by multiplying each possible gain by its probability and summing the results:
Expected value of Term B = ($96 * 0.63) + ($96 * 0.37) = $60.48 + $35.52 = $96

Since $96 is greater than $52, the expected dollar value of Term B is higher.",massA=4.4e-05 massB=1
p2,351,11,mixed,54,54,68,0.81,1.02,0,False,A,meta-llama/Llama-3.1-8B-Instruct,chat,riskneutral,1,0.99991,0.99992,0,answer,"To compute the expected dollar value of each option, we need to multiply the payoff by the probability for each scenario and then sum these products.

For Option A:
- 81% chance to rise to $68: 0.81 * $68 = $54.88
- 19% chance to drop to $0: 0.19 * $0 = $0
Expected dollar value of Option A: $54.88 + $0 = $54.88

For Option B:
- Keep $54 with no change: 1 * $54 = $54
Expected dollar value of Option B: $54

Since $54.88 is greater than $54, the option with the higher expected dollar value is Option A.",massA=1 massB=9.31e-05
p2,505,16,mixed,139,139,234,0.6,1.0101,2,False,A,meta-llama/Llama-3.1-8B-Instruct,chat,riskneutral,1,0.99995,0.99993,0,answer,"To compute the expected dollar value of each option, we need to multiply the payoff by the probability and sum the results.

For Alternative A:
Expected value = (Payoff 1 * Probability 1) + (Payoff 2 * Probability 2)
Expected value = ($234 * 0.6) + ($0 * 0.4)
Expected value = $140.4

For Alternative B:
Expected value = (Payoff * Probability)
Expected value = ($139 * 1)
Expected value = $139

Since $140.4 is greater than $139, the expected dollar value of Alternative A is higher.",massA=1 massB=4.99e-05
p2,315,10,gain,0,111,278,0.58,1.4526,2,False,A,meta-llama/Llama-3.1-8B-Instruct,chat,riskneutral,1,0.99984,0.99993,0,answer,"To find the expected dollar value of each alternative, we multiply the payoff by the probability and sum the results.

For Alternative A:
Expected value = (0.58 * $278) + (0.42 * $0)
Expected value = $161.24 + $0
Expected value = $161.24

For Alternative B:
Expected value = $111 (since it's a certain gain)

Since $161.24 is greater than $111, the expected dollar value of Alternative A is higher.",massA=1 massB=0.000158
p2,1051,35,neutral,0,91,133,0.68,0.9938,0,False,A,meta-llama/Llama-3.1-8B-Instruct,chat,riskneutral,1,0.00023,0.99978,0,answer,"To compute the expected dollar value of each option, we multiply the payoff by the probability and sum the results.

For Option A:
Expected value = ($133 * 0.68) + ($0 * 0.32)
Expected value = $90.04 + $0
Expected value = $90.04

For Option B:
Expected value = ($91 * 1)
Expected value = $91

Since $91 is greater than $90.04, the option with the higher expected dollar value is Option B.",massA=0.000234 massB=1
p2,1059,35,neutral,0,91,133,0.68,0.9938,4,False,A,meta-llama/Llama-3.1-8B-Instruct,chat,riskneutral,1,0.00042,0.99978,0,answer,"To decide between Term A and Term B, we need to calculate the expected dollar value of each term.

For Term A:
Expected value = (Payoff 1 * Probability 1) + (Payoff 2 * Probability 2)
Expected value = ($133 * 0.68) + ($0 * 0.32)
Expected value = $90.04

For Term B:
Expected value = (Payoff * Probability)
Expected value = ($91 * 1)
Expected value = $91

Since $90.04 is less than $91, Term B has a higher expected dollar value.",massA=0.000417 massB=0.999
p2,652,21,mixed,106,106,206,0.73,1.4187,1,True,B,meta-llama/Llama-3.1-8B-Instruct,chat,riskneutral,1,0.99993,0.99983,0,answer,"To determine the expected dollar value of each arrangement, we need to calculate the product of the payoff and the probability for each possible outcome.

For Arrangement A, there is only one outcome: keeping the $106. The expected dollar value is:
$106 (payoff) * 1 (probability) = $106

For Arrangement B, there are two possible outcomes:
1. A 73% chance to rise to $206: $206 (payoff) * 0.73 (probability) = $150.18
2. A 27% chance to drop to $0: $0 (payoff) * 0.27 (probability) = $0

The expected dollar value of Arrangement B is the sum of these two outcomes:
$150.18 + $0 = $150.18

Since $150.18 (Arrangement B) is greater than $106 (Arrangement A), the expected dollar value of Arrangement B is higher.",massA=7.14e-05 massB=1
p2,644,21,gain,0,106,206,0.73,1.4187,2,True,B,meta-llama/Llama-3.1-8B-Instruct,chat,riskneutral,1,0.99995,0.99986,0,answer,"To compute the expected dollar value of each option, we multiply the payoff by the probability and sum the results.

For Alternative A, the expected dollar value is:
$106 (payoff) * 1 (probability) = $106

For Alternative B, the expected dollar value is:
($206 * 0.73) + ($0 * 0.27) = $150.18

Since $150.18 is greater than $106, the expected dollar value of Alternative B is higher.",massA=4.83e-05 massB=1
p2,1150,38,gain,0,183,609,0.38,1.2646,0,True,B,meta-llama/Llama-3.1-8B-Instruct,chat,riskneutral,1,0.99989,0.99988,0,answer,"To compute the expected dollar value of each option, we multiply the payoff by the probability and sum the results.

For Option A, the expected dollar value is:
$183 (payoff) * 1 (probability) = $183

For Option B, the expected dollar value is:
($609 * 0.38) + ($0 * 0.62) = $231.22

Since $231.22 is greater than $183, the option with the higher expected dollar value is Option B.",massA=0.000111 massB=1
p2,352,11,mixed,54,54,68,0.81,1.02,1,True,B,meta-llama/Llama-3.1-8B-Instruct,chat,riskneutral,1,0.99995,0.99993,0,answer,"To determine the expected dollar value of each arrangement, we need to calculate the product of the payoff and the probability for each possible outcome.

For Arrangement A, there is only one outcome: keeping the $54. The expected dollar value is:
$54 (payoff) * 1 (probability) = $54

For Arrangement B, there are two possible outcomes:
1. A 81% chance to rise to $68: $68 (payoff) * 0.81 (probability) = $54.88
2. A 19% chance to drop to $0: $0 (payoff) * 0.19 (probability) = $0

The expected dollar value of Arrangement B is the sum of these two outcomes:
$54.88 + $0 = $54.88

Since $54.88 is greater than $54, the expected dollar value of Arrangement B is higher.",massA=5.31e-05 massB=1
p2,271,9,neutral,0,49,153,0.26,0.8118,0,False,A,meta-llama/Llama-3.1-8B-Instruct,chat,riskneutral,1,0.00021,0.99981,0,answer,"To compute the expected dollar value of each option, we multiply the payoff by the probability and sum the results.

For Option A:
Expected value = ($153 * 0.26) + ($0 * 0.74)
Expected value = $39.58 + $0
Expected value = $39.58

For Option B:
Expected value = ($49 * 1)
Expected value = $49

Since $49 is greater than $39.58, the option with the higher expected dollar value is Option B.",massA=0.000213 massB=1
p2,278,9,neutral,0,49,153,0.26,0.8118,4,True,B,meta-llama/Llama-3.1-8B-Instruct,chat,riskneutral,1,0.0001,0.9999,0,answer,"To decide between Term A and Term B, we need to calculate the expected dollar value of each option.

For Term A, the expected dollar value is simply the certain amount:
Expected value of Term A = $49

For Term B, we need to calculate the expected value using the given probabilities:
Expected value of Term B = ($153 * 0.26) + ($0 * 0.74)
Expected value of Term B = $39.48 + $0
Expected value of Term B = $39.48

Since the expected dollar value of Term A ($49) is higher than the expected dollar value of Term B ($39.48), we should choose Term A.",massA=1 massB=9.61e-05
p2,419,13,mixed,72,72,88,0.64,0.7822,4,False,A,meta-llama/Llama-3.1-8B-Instruct,chat,riskneutral,1,2e-05,0.99988,0,answer,"To decide between Term A and Term B, we need to calculate the expected dollar value of each option.

For Term A:
- The probability of rising to $88 is 64% or 0.64.
- The probability of dropping to $0 is 36% or 0.36.
- The expected value of Term A is calculated as follows:
  Expected Value = (Probability of rising to $88) * ($88 - $72) + (Probability of dropping to $0) * ($0 - $72)
  Expected Value = (0.64) * $16 + (0.36) * (-$72)
  Expected Value = $10.24 - $25.92
  Expected Value = -$15.68

For Term B:
- The expected value is simply the initial amount of $72.

Comparing the expected values, Term A has a lower expected value of -$15.68, while Term B has an expected value of $72. Since we are a risk-neutral expected-value maximizer, we choose the option with the higher expected value.",massA=2.08e-05 massB=1
p2,641,21,gain,0,106,206,0.73,1.4187,0,False,A,meta-llama/Llama-3.1-8B-Instruct,chat,riskneutral,1,0.99981,0.99994,0,answer,"To compute the expected dollar value of each option, we multiply the payoff by the probability and sum the results.

For Option A:
Expected value = (73% * $206) + (27% * $0)
Expected value = (0.73 * $206) + (0.27 * $0)
Expected value = $150.02

For Option B:
Expected value = $106 (since it's a certain gain)

Comparing the expected values, Option A has an expected value of $150.02, while Option B has an expected value of $106. Since $150.02 is greater than $106, the preferred option is",massA=1 massB=0.000188
p2,1243,21,dominant,0,106,147,1.0,1.3868,3,False,A,meta-llama/Llama-3.1-8B-Instruct,chat,riskneutral,1,0.99992,0.9999,0,answer,"To choose the best option, we need to calculate the expected dollar value of each outcome. 

Outcome A: $147 for certain (probability = 1)
Expected dollar value of A = $147 * 1 = $147

Outcome B: $106 for certain (probability = 1)
Expected dollar value of B = $106 * 1 = $106

Since $147 is greater than $106, the option with the higher expected dollar value is Outcome A.",massA=1 massB=8.35e-05
p2,302,10,neutral,0,111,278,0.58,1.4526,1,True,B,meta-llama/Llama-3.1-8B-Instruct,chat,riskneutral,1,0.99997,0.99986,0,answer,"To determine the expected dollar value of each arrangement, we multiply the payoff by the probability and sum the results.

For Arrangement A, the payoff is $111 for certain, so the expected dollar value is:
$111 * 1 = $111

For Arrangement B, the payoffs are $278 with 58% probability and $0 with 42% probability. We calculate the expected dollar value as:
($278 * 0.58) + ($0 * 0.42) = $161.24

Comparing the expected dollar values, Arrangement A has an expected dollar value of $111, while Arrangement B has an expected dollar value of $161.24.

Since $161.24 is greater than $111, the option with the higher expected dollar value is Arrangement B.",massA=3.12e-05 massB=1
p2,531,17,mixed,117,117,362,0.42,1.2995,0,False,A,meta-llama/Llama-3.1-8B-Instruct,chat,riskneutral,1,0.99995,0.99991,0,answer,"To compute the expected dollar value of each option, we need to multiply the payoff by the probability and sum the results.

For Option A:
- 42% chance to rise to $362: 0.42 * $362 = $151.64
- 58% chance to drop to $0: 0.58 * $0 = $0
Expected dollar value of Option A: $151.64 + $0 = $151.64

For Option B:
- Keep $117 with no change: 1 * $117 = $117
Expected dollar value of Option B: $117

Since $151.64 is greater than $117, the option with the higher expected dollar value is Option A.",massA=1 massB=5.31e-05
p2,631,21,neutral,0,106,206,0.73,1.4187,0,False,A,meta-llama/Llama-3.1-8B-Instruct,chat,riskneutral,1,0.9996,0.99994,0,answer,"To compute the expected dollar value of each option, we multiply the payoff by the probability and sum the results.

For Option A:
Expected value = ($206 * 0.73) + ($0 * 0.27)
Expected value = $150.18 + $0
Expected value = $150.18

For Option B:
Expected value = ($106 * 1)
Expected value = $106

Since $150.18 is greater than $106, the option with the higher expected dollar value is Option A.",massA=1 massB=0.000404
p2,1103,36,mixed,98,98,227,0.47,1.0887,1,False,A,meta-llama/Llama-3.1-8B-Instruct,chat,riskneutral,1,0.99985,0.99993,0,answer,"To determine the best option, we need to calculate the expected dollar value for each arrangement.

For Arrangement A:
- Probability of rising to $227: 0.47
- Payoff: $227
- Expected value: 0.47 * $227 = $106.69
- Probability of dropping to $0: 0.53
- Payoff: -$98 (loss of $98)
- Expected value: 0.53 * -$98 = -$52.14
- Total expected value for Arrangement A: $106.69 - $52.14 = $54.55

For Arrangement B:
- Probability of keeping $98: 1 (certainty)
- Payoff: $98
- Expected value: 1 * $98 = $98

Since $54.55 (Arrangement A) is greater than $98 (Arrangement B), the best option is Arrangement A.",massA=1 massB=0.000151
p2,643,21,gain,0,106,206,0.73,1.4187,1,False,A,meta-llama/Llama-3.1-8B-Instruct,chat,riskneutral,1,0.99987,0.99992,0,answer,"To find the expected dollar value of each arrangement, we multiply the payoff by the probability and sum the results.

For Arrangement A:
Expected value = (73% * $206) + (27% * $0)
Expected value = (0.73 * $206) + (0.27 * $0)
Expected value = $150.18 + $0
Expected value = $150.18

For Arrangement B:
Expected value = $106 (since it's a certain gain)

Since $150.18 is greater than $106, the expected dollar value of Arrangement A is higher.",massA=1 massB=0.000131
p2,468,15,gain,0,82,113,0.74,1.0198,4,True,B,meta-llama/Llama-3.1-8B-Instruct,chat,riskneutral,1,0.99998,0.99991,0,answer,"To decide between Term A and Term B, we need to calculate the expected dollar value of each option.

For Term A, the expected dollar value is simply the certain gain:
Expected value of Term A = $82

For Term B, we need to calculate the expected value by multiplying each possible gain by its probability and summing the results:
Expected value of Term B = ($113 * 0.74) + ($0 * 0.26)
Expected value of Term B = $83.42

Since $83.42 is greater than $82, the expected dollar value of Term B is higher.",massA=1.95e-05 massB=1
p2,409,13,gain,0,72,88,0.64,0.7822,4,False,A,meta-llama/Llama-3.1-8B-Instruct,chat,riskneutral,1,1e-05,0.99986,0,answer,"To decide between Term A and Term B, we need to calculate the expected dollar value of each option.

For Term A:
Expected value = (probability of gaining $88) * ($88) + (probability of gaining nothing) * ($0)
Expected value = (0.64) * ($88) + (0.36) * ($0)
Expected value = $56.48

For Term B:
Expected value = (probability of gaining $72) * ($72)
Expected value = (1) * ($72)
Expected value = $72

Since $72 is greater than $56.48, the expected dollar value of Term B is higher.",massA=9.22e-06 massB=1
p2,624,20,mixed,186,186,266,0.63,0.901,2,True,B,meta-llama/Llama-3.1-8B-Instruct,chat,riskneutral,1,0.00012,0.99994,0,answer,"To determine the expected dollar value of each alternative, we need to calculate the product of the payoff and the probability for each possible outcome.

For Alternative A, there is only one outcome: keeping the $186. The expected dollar value is simply $186.

For Alternative B, there are two possible outcomes:
1. A 63% chance to rise to $266: Expected value = $266 * 0.63 = $167.18
2. A 37% chance to drop to $0: Expected value = $0 * 0.37 = $0

To find the overall expected dollar value of Alternative B, we add the expected values of the two outcomes:
Expected value of Alternative B = $167.18 + $0 = $167.18

Now, we compare the expected dollar values of the two alternatives:
Alternative A: $186
Alternative B: $167.18

Since $186 is greater than $167.18, the expected dollar value of Alternative A is higher.",massA=1 massB=0.00012
p2,465,15,gain,0,82,113,0.74,1.0198,2,False,A,meta-llama/Llama-3.1-8B-Instruct,chat,riskneutral,1,0.99982,0.99993,0,answer,"To compute the expected dollar value of each option, we multiply the payoff by the probability and sum the results.

For Alternative A:
Expected value = ($113 * 0.74) + ($0 * 0.26)
Expected value = $83.42 + $0
Expected value = $83.42

For Alternative B:
Expected value = $82 (since it's a certain gain)

Since $83.42 is greater than $82, the expected dollar value of Alternative A is higher.",massA=1 massB=0.000177
p2,431,14,gain,0,81,201,0.68,1.6874,0,False,A,meta-llama/Llama-3.1-8B-Instruct,chat,riskneutral,1,0.99964,0.99991,0,answer,"To compute the expected dollar value of each option, we multiply the payoff by the probability and sum the results.

For Option A:
Expected value = (0.68 * $201) + (0.32 * $0)
Expected value = $136.80 + $0
Expected value = $136.80

For Option B:
Expected value = $81 (since it's a certain gain)

Since $136.80 is greater than $81, the option with the higher expected dollar value is Option A.",massA=1 massB=0.000363
p2,1268,34,dominant,0,52,110,1.0,2.1154,3,True,B,meta-llama/Llama-3.1-8B-Instruct,chat,riskneutral,1,0.99993,0.99993,0,answer,"To make a decision, I need to calculate the expected dollar value of each outcome. 

For Outcome A, the expected dollar value is $52 (payoff) times 1 (probability) = $52.

For Outcome B, the expected dollar value is $110 (payoff) times 1 (probability) = $110.

Since $110 is greater than $52, I should choose the option with the higher expected dollar value.",massA=7.03e-05 massB=1
p2,1277,38,dominant,0,183,201,1.0,1.0984,2,False,A,meta-llama/Llama-3.1-8B-Instruct,chat,riskneutral,1,0.99996,0.99997,0,answer,"To determine the preferred option, we need to calculate the expected dollar value for each alternative. Since both alternatives are certain, the probability of receiving the payoff is 1.

Alternative A: $201 * 1 = $201
Alternative B: $183 * 1 = $183

Since $201 is greater than $183, the preferred option is the one with the higher expected dollar value.",massA=1 massB=4.47e-05
p2,1161,38,mixed,183,183,609,0.38,1.2646,0,False,A,meta-llama/Llama-3.1-8B-Instruct,chat,riskneutral,1,0.99994,0.99991,0,answer,"To compute the expected dollar value of each option, we need to multiply the payoff by the probability and sum the results.

For Option A:
- 38% chance to rise to $609: 0.38 * $609 = $231.42
- 62% chance to drop to $0: 0.62 * $0 = $0
Expected dollar value of Option A: $231.42 + $0 = $231.42

For Option B:
- Keep $183 with no change: 1 * $183 = $183
Expected dollar value of Option B: $183

Since $231.42 is greater than $183, the option with the higher expected dollar value is Option A.",massA=1 massB=6.4e-05
p2,511,17,neutral,0,117,362,0.42,1.2995,0,False,A,meta-llama/Llama-3.1-8B-Instruct,chat,riskneutral,1,0.99953,0.99993,0,answer,"To compute the expected dollar value of each option, we multiply the payoff by the probability and sum the results.

For Option A:
Expected value = ($362 * 0.42) + ($0 * 0.58)
Expected value = $151.64 + $0
Expected value = $151.64

For Option B:
Expected value = ($117 * 1)
Expected value = $117

Since $151.64 is greater than $117, the option with the higher expected dollar value is Option A.",massA=0.999 massB=0.000465
p2,1212,6,dominant,0,94,128,1.0,1.3617,3,True,B,meta-llama/Llama-3.1-8B-Instruct,chat,riskneutral,1,0.99976,0.99983,0,answer,"To make a decision, we need to calculate the expected dollar value of each outcome. 

Outcome A: $94 for certain (probability = 1)
Expected dollar value of A = $94 * 1 = $94

Outcome B: $128 for certain (probability = 1)
Expected dollar value of B = $128 * 1 = $128

Since $128 is greater than $94, the option with the higher expected dollar value is Outcome B.",massA=0.000242 massB=1
p2,589,19,gain,0,64,122,0.49,0.9341,4,False,A,meta-llama/Llama-3.1-8B-Instruct,chat,riskneutral,1,1e-05,0.99989,0,answer,"To decide between Term A and Term B, we need to calculate the expected dollar value of each option.

For Term A:
- The probability of gaining $122 is 49% or 0.49.
- The probability of gaining nothing is 51% or 0.51.
- Expected dollar value of Term A = ($122 * 0.49) + ($0 * 0.51)
- Expected dollar value of Term A = $59.78

For Term B:
- The probability of gaining $64 is 100% or 1.
- Expected dollar value of Term B = ($64 * 1)
- Expected dollar value of Term B = $64

Since $64 is greater than $59.78, the expected dollar value of Term B is higher.",massA=8.53e-06 massB=1
p2,488,16,neutral,0,139,234,0.6,1.0101,4,True,B,meta-llama/Llama-3.1-8B-Instruct,chat,riskneutral,1,0.99984,0.99994,0,answer,"To decide between Term A and Term B, we need to calculate the expected dollar value of each option.

For Term A, the expected dollar value is simply the certain amount:
Expected value of Term A = $139

For Term B, we multiply each possible payoff by its probability and sum them up:
Expected value of Term B = ($234 * 0.6) + ($0 * 0.4)
Expected value of Term B = $140.4

Since the expected dollar value of Term B ($140.4) is higher than that of Term A ($139), we choose Term B.",massA=0.000163 massB=1
p2,923,30,mixed,149,149,447,0.26,0.78,1,False,A,meta-llama/Llama-3.1-8B-Instruct,chat,riskneutral,1,1e-05,0.99982,0,answer,"To determine the best option, we need to calculate the expected dollar value for each arrangement.

For Arrangement A:
- Probability of rising to $447: 26%
- Probability of dropping to $0: 74%
- Expected dollar value = (Payoff 1 * Probability 1) + (Payoff 2 * Probability 2)
= ($447 * 0.26) + ($0 * 0.74)
= $116.22 + $0
= $116.22

For Arrangement B:
- Probability of keeping $149: 100%
- Expected dollar value = (Payoff * Probability)
= ($149 * 1)
= $149

Since $149 (Arrangement B) is greater than $116.22 (Arrangement A), the best option is to keep the $149 with no change.",massA=5.34e-06 massB=1
p2,267,8,mixed,62,62,263,0.33,1.3998,3,False,A,meta-llama/Llama-3.1-8B-Instruct,chat,riskneutral,1,0.99991,0.99985,0,answer,"To choose the best outcome, we need to calculate the expected dollar value for each option.

For Outcome A:
- The probability of rising to $263 is 33% or 0.33.
- The probability of dropping to $0 is 67% or 0.67.
- The expected dollar value for Outcome A is calculated as follows:
  (Payoff if rising to $263 * Probability of rising to $263) + (Payoff if dropping to $0 * Probability of dropping to $0)
  = ($263 * 0.33) + ($0 * 0.67)
  = $86.59 + $0
  = $86.59

For Outcome B:
- The probability of keeping $62 is 100% or 1.
- The expected dollar value for Outcome B is calculated as follows:
  (Payoff if keeping $62 * Probability of keeping $62)
  = ($62 * 1)
  = $62

Since $86.59 is greater than $62, the best outcome is Outcome A.",massA=1 massB=9.03e-05
p2,204,6,mixed,94,94,101,0.71,0.7629,2,True,B,meta-llama/Llama-3.1-8B-Instruct,chat,riskneutral,1,0.00012,0.99995,0,answer,"To determine the expected dollar value of each alternative, we need to calculate the product of the payoff and the probability for each possible outcome.

For Alternative A, there is only one outcome: keeping the $94. The expected dollar value is simply $94.

For Alternative B, there are two possible outcomes:
1. A 71% chance to rise to $101: Expected value = $101 * 0.71 = $71.51
2. A 29% chance to drop to $0: Expected value = $0 * 0.29 = $0

To find the overall expected dollar value of Alternative B, we add the expected values of the two outcomes:
Expected value of Alternative B = $71.51 + $0 = $71.51

Now, we compare the expected dollar values of the two alternatives:
Alternative A: $94
Alternative B: $71.51

Since $94 is greater than $71.51, the expected dollar value of Alternative A is higher.",massA=1 massB=0.000118
p2,453,15,neutral,0,82,113,0.74,1.0198,1,False,A,meta-llama/Llama-3.1-8B-Instruct,chat,riskneutral,1,0.99987,0.99994,0,answer,"To find the expected dollar value of each arrangement, we multiply the payoff by the probability and sum the results.

For Arrangement A:
Expected value = ($113 * 0.74) + ($0 * 0.26)
Expected value = $83.62 + $0
Expected value = $83.62

For Arrangement B:
Expected value = ($82 * 1)
Expected value = $82

Since $83.62 is greater than $82, the expected dollar value of Arrangement A is higher.",massA=1 massB=0.000133
p2,244,8,neutral,0,62,263,0.33,1.3998,2,True,B,meta-llama/Llama-3.1-8B-Instruct,chat,riskneutral,1,0.99992,0.99996,0,answer,"To determine the preferred option, we need to calculate the expected dollar value for each alternative.

For Alternative A: 
Expected dollar value = $62 (since it's a certain outcome)

For Alternative B: 
Expected dollar value = ($263 * 0.33) + ($0 * 0.67) 
Expected dollar value = $86.29

Since $86.29 (Alternative B) is greater than $62 (Alternative A),",massA=7.72e-05 massB=1
p2,295,9,mixed,49,49,153,0.26,0.8118,2,False,A,meta-llama/Llama-3.1-8B-Instruct,chat,riskneutral,1,0.00019,0.99969,0,answer,"To compute the expected dollar value of each option, we need to multiply the payoff by the probability and sum the results.

For Alternative A:
- 26% chance to rise to $153: 0.26 * $153 = $39.78
- 74% chance to drop to $0: 0.74 * $0 = $0
Expected dollar value of Alternative A: $39.78 + $0 = $39.78

For Alternative B:
- Keep $49 with no change: 1 * $49 = $49
Expected dollar value of Alternative B: $49

Since $39.78 is less than $49, the expected dollar value of Alternative A is lower than Alternative B.",massA=0.000191 massB=0.999
p2,1044,34,mixed,52,52,96,0.63,1.1631,2,True,B,meta-llama/Llama-3.1-8B-Instruct,chat,riskneutral,1,0.99993,0.99996,0,answer,"To determine the expected dollar value of each alternative, we need to calculate the product of the payoff and the probability for each possible outcome.

For Alternative A, there is only one outcome: keeping the $52. The expected dollar value is simply $52.

For Alternative B, there are two possible outcomes:
1. A 63% chance to rise to $96: Expected value = $96 * 0.63 = $60.48
2. A 37% chance to drop to $0: Expected value = $0 * 0.37 = $0

To find the overall expected dollar value of Alternative B, we add the expected values of the two outcomes: $60.48 + $0 = $60.48

Now, we compare the expected dollar values of the two alternatives:
Alternative A: $52
Alternative B: $60.48

Since $60.48 is greater than $52, the expected dollar value of Alternative B is higher.",massA=7.48e-05 massB=1
p2,292,9,mixed,49,49,153,0.26,0.8118,1,True,B,meta-llama/Llama-3.1-8B-Instruct,chat,riskneutral,1,4e-05,0.99991,0,answer,"To determine the expected dollar value of each arrangement, we need to calculate the product of the payoff and the probability for each possible outcome.

For Arrangement A, there is only one outcome: keeping the $49. The expected dollar value is:
$49 (payoff) * 1 (probability) = $49

For Arrangement B, there are two possible outcomes:
1. A 26% chance to rise to $153: $153 (payoff) * 0.26 (probability) = $39.78
2. A 74% chance to drop to $0: $0 (payoff) * 0.74 (probability) = $0

The expected dollar value of Arrangement B is the sum of these two products:
$39.78 + $0 = $39.78

Since $49 (Arrangement A) is greater than $39.78 (Arrangement B), the expected dollar value of Arrangement A is higher.",massA=1 massB=3.82e-05
p2,920,30,mixed,149,149,447,0.26,0.78,0,True,B,meta-llama/Llama-3.1-8B-Instruct,chat,riskneutral,1,0.00042,0.99989,0,answer,"To compute the expected dollar value of each option, we need to multiply the payoff by the probability and sum the results.

For Option A, the expected dollar value is:
$149 (payoff) * 1 (probability) = $149

For Option B, the expected dollar value is:
($447 * 0.26) + ($0 * 0.74) = $116.22

Since $149 is greater than $116.22, the option with the higher expected dollar value is Option A.",massA=0.999 massB=0.000424
p2,491,16,gain,0,139,234,0.6,1.0101,0,False,A,meta-llama/Llama-3.1-8B-Instruct,chat,riskneutral,1,0.99951,0.9999,0,answer,"To compute the expected dollar value of each option, we multiply the payoff by the probability and sum the results.

For Option A:
Expected value = (0.60 * $234) + (0.40 * $0)
Expected value = $140.40 + $0
Expected value = $140.40

For Option B:
Expected value = $139 (since it's a certain gain)

Since $140.40 is greater than $139, the option with the higher expected dollar value is Option A.",massA=0.999 massB=0.000488
p2,1022,34,neutral,0,52,96,0.63,1.1631,1,True,B,meta-llama/Llama-3.1-8B-Instruct,chat,riskneutral,1,0.99978,0.99986,0,answer,"To determine the expected dollar value of each arrangement, we multiply the payoff by the probability for each possible outcome.

For Arrangement A, the payoff is $52 for certain, so the expected dollar value is:
$52 (payoff) * 1 (probability) = $52

For Arrangement B, the payoffs are $96 with 63% probability and $0 with 37% probability. So, the expected dollar value is:
($96 * 0.63) + ($0 * 0.37) = $60.48

Since $60.48 (expected value of Arrangement B) is greater than $52 (expected value of Arrangement A), the option with the higher expected dollar value is Arrangement B.",massA=0.00022 massB=1
p2,484,16,neutral,0,139,234,0.6,1.0101,2,True,B,meta-llama/Llama-3.1-8B-Instruct,chat,riskneutral,1,0.99995,0.99995,0,answer,"To determine the preferred option, we need to calculate the expected dollar value for each alternative.

For Alternative A: 
Expected value = $139 (since it's certain)

For Alternative B: 
Expected value = ($234 * 0.6) + ($0 * 0.4) 
Expected value = $140.4

Since $140.4 is greater than $139, the preferred option is Alternative B.",massA=4.83e-05 massB=1
p2,263,8,mixed,62,62,263,0.33,1.3998,1,False,A,meta-llama/Llama-3.1-8B-Instruct,chat,riskneutral,1,0.99996,0.99997,0,answer,"To determine the best option, we need to calculate the expected dollar value for each arrangement.

For Arrangement A:
- The probability of rising to $263 is 33% or 0.33.
- The probability of dropping to $0 is 67% or 0.67.
- The expected dollar value for Arrangement A is calculated as follows:
  (Payoff 1 * Probability 1) + (Payoff 2 * Probability 2)
  = ($263 * 0.33) + ($0 * 0.67)
  = $86.59 + $0
  = $86.59

For Arrangement B:
- The expected dollar value is simply the initial amount, as there's no change.
- Expected dollar value for Arrangement B = $62

Since $86.59 is greater than $62, the expected dollar value of Arrangement A is higher.",massA=1 massB=3.59e-05
p2,1032,34,gain,0,52,96,0.63,1.1631,1,True,B,meta-llama/Llama-3.1-8B-Instruct,chat,riskneutral,1,0.99993,0.99982,0,answer,"To determine the expected dollar value of each arrangement, we need to multiply the payoff by the probability and sum the results.

For Arrangement A:
Expected value = (Payoff) * (Probability)
Expected value = $52 * 1
Expected value = $52

For Arrangement B:
Expected value = (Payoff1) * (Probability1) + (Payoff2) * (Probability2)
Expected value = $96 * 0.63 + $0 * 0.37
Expected value = $60.48

Since $52 is less than $60.48, Arrangement B has a higher expected dollar value.",massA=6.71e-05 massB=1
p2,435,14,gain,0,81,201,0.68,1.6874,2,False,A,meta-llama/Llama-3.1-8B-Instruct,chat,riskneutral,1,0.99981,0.99993,0,answer,"To compute the expected dollar value of each option, we multiply the payoff by the probability and sum the results.

For Alternative A:
Expected value = (0.68 * $201) + (0.32 * $0)
Expected value = $136.80 + $0
Expected value = $136.80

For Alternative B:
Expected value = $81 (since it's a certain gain, the probability is 1)

Comparing the expected values, Alternative A has a higher expected dollar value ($136.80 vs $81).",massA=1 massB=0.000185
p2,506,16,mixed,139,139,234,0.6,1.0101,3,True,B,meta-llama/Llama-3.1-8B-Instruct,chat,riskneutral,1,0.99993,0.99993,0,answer,"To choose the best outcome, we need to calculate the expected dollar value of each option.

For Outcome A, the expected dollar value is simply the initial amount:
Expected value A = $139

For Outcome B, we need to calculate the expected value using the probabilities and payoffs:
Expected value B = (0.6 * $234) + (0.4 * -$0)
Expected value B = $140.4 + $0
Expected value B = $140.4

Since $140.4 is greater than $139, the best option is Outcome B.",massA=7.14e-05 massB=1
p2,120,4,neutral,0,29,71,0.55,1.3466,0,True,B,meta-llama/Llama-3.1-8B-Instruct,chat,riskneutral,1,0.00035,0.99995,0,answer,"To choose the option with the higher expected dollar value, we need to calculate the expected value for each option.

For Option A, the expected value is simply the certain payment:
Expected Value A = $29

For Option B, we need to calculate the expected value using the probabilities:
Expected Value B = ($71 * 0.55) + ($0 * 0.45)
Expected Value B = $38.95 + $0
Expected Value B = $38.95

Since $38.95 is less than $29, we prefer Option A.",massA=1 massB=0.000346
p2,1261,30,dominant,0,149,187,1.0,1.255,3,False,A,meta-llama/Llama-3.1-8B-Instruct,chat,riskneutral,1,0.99991,0.99962,0,answer,"To make a decision, we need to calculate the expected dollar value of each outcome. 

Outcome A: $187 (payoff) * 1 (probability) = $187
Outcome B: $149 (payoff) * 1 (probability) = $149

Since Outcome A has a higher expected dollar value, I choose it.",massA=1 massB=9.17e-05
p2,521,17,gain,0,117,362,0.42,1.2995,0,False,A,meta-llama/Llama-3.1-8B-Instruct,chat,riskneutral,1,0.99953,0.99991,0,answer,"To compute the expected dollar value of each option, we multiply the payoff by the probability and sum the results.

For Option A:
Expected value = (0.42 * $362) + (0.58 * $0)
Expected value = $152.44 + $0
Expected value = $152.44

For Option B:
Expected value = $117 (since it's a certain gain)

Since $152.44 is greater than $117, the option with the higher expected dollar value is Option A.",massA=0.999 massB=0.000473
p2,345,11,gain,0,54,68,0.81,1.02,2,False,A,meta-llama/Llama-3.1-8B-Instruct,chat,riskneutral,1,0.99973,0.99991,0,answer,"To compute the expected dollar value of each option, we multiply the payoff by the probability and sum the results.

For Alternative A:
Expected value = ($68 * 0.81) + ($0 * 0.19)
Expected value = $54.68 + $0
Expected value = $54.68

For Alternative B:
Expected value = $54 * 1
Expected value = $54

Since $54.68 is greater than $54, the expected dollar value of Alternative A is higher.",massA=1 massB=0.000274
p2,525,17,gain,0,117,362,0.42,1.2995,2,False,A,meta-llama/Llama-3.1-8B-Instruct,chat,riskneutral,1,0.99969,0.9999,0,answer,"To compute the expected dollar value of each option, we multiply the payoff by the probability and sum the results.

For Alternative A:
Expected value = (0.42 * $362) + (0.58 * $0)
Expected value = $152.44 + $0
Expected value = $152.44

For Alternative B:
Expected value = $117 (since it's a certain gain)

Comparing the expected values, Alternative A has a higher expected dollar value ($152.44 vs $117).",massA=1 massB=0.000305
p2,1235,17,dominant,0,117,129,1.0,1.1026,4,False,A,meta-llama/Llama-3.1-8B-Instruct,chat,riskneutral,1,0.99996,0.99995,0,answer,"To make a decision, we need to calculate the expected dollar value of each term. Since both terms are certain, the probability of receiving the amount is 1.

For Term A: 
Expected dollar value = Payoff * Probability = $129 * 1 = $129

For Term B: 
Expected dollar value = Payoff * Probability = $117 * 1 = $117

Since $129 is greater than $117, the option with the higher expected dollar value is Term A.",massA=1 massB=3.59e-05
p2,1208,4,dominant,0,29,56,1.0,1.931,1,True,B,meta-llama/Llama-3.1-8B-Instruct,chat,riskneutral,1,0.99998,0.99994,0,answer,"To determine the best option, we need to calculate the expected dollar value for each arrangement.

For Arrangement A, the expected dollar value is:
$29 (payoff) * 1 (probability) = $29

For Arrangement B, the expected dollar value is:
$56 (payoff) * 1 (probability) = $56

Since $56 is greater than $29, the expected dollar value of Arrangement B is higher.",massA=2.21e-05 massB=1
p2,618,20,gain,0,186,266,0.63,0.901,4,True,B,meta-llama/Llama-3.1-8B-Instruct,chat,riskneutral,1,0.00053,0.99992,0,answer,"To decide between Term A and Term B, we need to calculate the expected dollar value of each term.

For Term A, the expected dollar value is simply the certain gain:
Expected value of Term A = $186

For Term B, we need to calculate the expected value by multiplying each possible gain by its probability and summing the results:
Expected value of Term B = ($266 * 0.63) + ($0 * 0.37)
Expected value of Term B = $167.58 + $0
Expected value of Term B = $167.58

Since $167.58 is less than $186, we should choose the term with the higher expected dollar value.",massA=0.999 massB=0.000527
p2,356,11,mixed,54,54,68,0.81,1.02,3,True,B,meta-llama/Llama-3.1-8B-Instruct,chat,riskneutral,1,0.99983,0.99986,0,answer,"To choose the best outcome, we need to calculate the expected dollar value for each option.

For Outcome A, the expected dollar value is simply the initial amount:
Expected value A = $54

For Outcome B, we need to calculate the expected value by multiplying each possible outcome by its probability and then summing these values:
Expected value B = ($68 * 0.81) + ($0 * 0.19)
Expected value B = $54.48 + $0
Expected value B = $54.48

Since Outcome A has an expected value of $54 and Outcome B has an expected value of $54.48, we should choose Outcome B.",massA=0.000169 massB=1
p2,539,17,mixed,117,117,362,0.42,1.2995,4,False,A,meta-llama/Llama-3.1-8B-Instruct,chat,riskneutral,1,0.99978,0.99989,0,answer,"To decide between Term A and Term B, we need to calculate the expected dollar value of each option.

For Term A:
- The probability of rising to $362 is 42% or 0.42.
- The probability of dropping to $0 is 58% or 0.58.
- The expected dollar value of Term A is calculated as follows:
  (Payoff if rising to $362) * (Probability of rising to $362) + (Payoff if dropping to $0) * (Probability of dropping to $0)
  = ($362 - $117) * 0.42 + ($0 - $117) * 0.58
  = $245 * 0.42 + (-$117) * 0.58
  = $102.90 - $68.06
  = $34.84

For Term B:
- The expected dollar value is simply the initial amount, which is $117.

Since $34.84 (expected value of Term A) is greater than $117 (expected value of Term B), the expected dollar value of Term A is higher.",massA=1 massB=0.00022
p2,1260,30,dominant,0,149,187,1.0,1.255,1,True,B,meta-llama/Llama-3.1-8B-Instruct,chat,riskneutral,1,0.99998,0.99993,0,answer,"To determine the best option, we need to calculate the expected dollar value for each arrangement. Since both arrangements are certain, the probability of receiving the payoff is 1.

For Arrangement A:
Expected dollar value = Payoff * Probability
= $149 * 1
= $149

For Arrangement B:
Expected dollar value = Payoff * Probability
= $187 * 1
= $187

Since $187 is greater than $149, the expected dollar value of Arrangement B is higher.",massA=2.05e-05 massB=1
p2,121,4,neutral,0,29,71,0.55,1.3466,0,False,A,meta-llama/Llama-3.1-8B-Instruct,chat,riskneutral,1,0.99972,0.99994,0,answer,"To compute the expected dollar value of each option, we multiply the payoff by the probability and sum the results.

For Option A:
Expected value = ($71 * 0.55) + ($0 * 0.45)
Expected value = $38.95 + $0
Expected value = $38.95

For Option B:
Expected value = ($29 * 1)
Expected value = $29

Since $38.95 is greater than $29, the option with the higher expected dollar value is Option A.",massA=1 massB=0.000282
p2,1079,35,mixed,91,91,133,0.68,0.9938,4,False,A,meta-llama/Llama-3.1-8B-Instruct,chat,riskneutral,1,0.0,0.99988,0,answer,"To decide between Term A and Term B, we need to calculate the expected dollar value of each option.

For Term A:
- The probability of rising to $133 is 68% or 0.68.
- The probability of dropping to $0 is 32% or 0.32.
- The expected value of Term A is calculated as follows:
  Expected Value = (Probability of rising to $133) * ($133 - $91) + (Probability of dropping to $0) * ($0 - $91)
  Expected Value = (0.68) * $42 + (0.32) * (-$91)
  Expected Value = $28.56 - $29.12
  Expected Value = -$0.56

For Term B:
- The expected value is simply the initial amount of $91.

Since the expected value of Term A is negative, it is less desirable than Term B. Therefore, the best option is to keep the $91 with no change.",massA=2.6e-06 massB=1
p2,269,8,mixed,62,62,263,0.33,1.3998,4,False,A,meta-llama/Llama-3.1-8B-Instruct,chat,riskneutral,1,0.99985,0.9999,0,answer,"To decide between Term A and Term B, we need to calculate the expected dollar value of each option.

For Term A:
- The probability of rising to $263 is 33% or 0.33.
- The probability of dropping to $0 is 67% or 0.67.
- The expected dollar value of Term A is calculated as follows:
  (Payoff if rising to $263 * Probability of rising to $263) + (Payoff if dropping to $0 * Probability of dropping to $0)
  = ($263 - $62) * 0.33 + ($0 - $62) * 0.67
  = $201 * 0.33 + (-$62) * 0.67
  = $66.33 - $41.54
  = $24.79

For Term B:
- The expected dollar value is simply the initial amount, which is $62.

Since $24.79 (expected value of Term A) is greater than $62 (expected value of Term B), the option with the higher expected dollar value is Term A.",massA=1 massB=0.000154
p2,143,4,mixed,29,29,71,0.55,1.3466,1,False,A,meta-llama/Llama-3.1-8B-Instruct,chat,riskneutral,1,0.99996,0.99997,0,answer,"To determine the best option, we need to calculate the expected dollar value for each arrangement.

For Arrangement A:
- The probability of rising to $71 is 55% or 0.55.
- The probability of dropping to $0 is 45% or 0.45.
- The expected dollar value is calculated as: (payoff * probability) + (payoff * probability)
- Expected dollar value = ($71 * 0.55) + ($0 * 0.45)
- Expected dollar value = $38.95 + $0
- Expected dollar value = $38.95

For Arrangement B:
- The expected dollar value is simply the initial amount, as there's no change.
- Expected dollar value = $29

Since $38.95 is greater than $29, the expected dollar value of Arrangement A is higher.",massA=1 massB=3.76e-05
p2,270,9,neutral,0,49,153,0.26,0.8118,0,True,B,meta-llama/Llama-3.1-8B-Instruct,chat,riskneutral,1,0.00026,0.99994,0,answer,"To choose the option with the higher expected dollar value, we need to calculate the expected value for each option.

For Option A, the expected value is simply the certain payment:
Expected Value A = $49

For Option B, we need to calculate the expected value using the given probabilities:
Expected Value B = ($153 * 0.26) + ($0 * 0.74)
Expected Value B = $39.48 + $0
Expected Value B = $39.48

Since $49 (Option A) is greater than $39.48 (Option B), the option with the higher expected dollar value is Option A.",massA=1 massB=0.000257
p2,255,8,gain,0,62,263,0.33,1.3998,2,False,A,meta-llama/Llama-3.1-8B-Instruct,chat,riskneutral,1,0.99983,0.99987,0,answer,"To compute the expected dollar value of each option, we multiply the payoff by the probability and sum the results.

For Alternative A:
Expected value = (33% * $263) + (67% * $0)
Expected value = (0.33 * $263) + (0.67 * $0)
Expected value = $86.79 + $0
Expected value = $86.79

For Alternative B:
Expected value = $62 (since it's a certain gain)

Comparing the expected values, Alternative A has a higher expected dollar value ($86.79 vs $62).",massA=1 massB=0.000171
p2,608,20,neutral,0,186,266,0.63,0.901,4,True,B,meta-llama/Llama-3.1-8B-Instruct,chat,riskneutral,1,7e-05,0.99991,0,answer,"To decide between Term A and Term B, we need to calculate the expected dollar value of each term.

For Term A, the expected dollar value is simply the certain amount:
Expected value of Term A = $186

For Term B, we multiply each possible payoff by its probability and sum them up:
Expected value of Term B = ($266 * 0.63) + ($0 * 0.37)
Expected value of Term B = $167.58 + $0
Expected value of Term B = $167.58

Since the expected dollar value of Term A ($186) is higher than that of Term B ($167.58), we choose Term A.",massA=1 massB=7.03e-05
p2,445,14,mixed,81,81,201,0.68,1.6874,2,False,A,meta-llama/Llama-3.1-8B-Instruct,chat,riskneutral,1,0.99996,0.99994,0,answer,"To compute the expected dollar value of each option, we need to multiply the payoff by the probability and sum the results.

For Alternative A:
Expected value = (Payoff 1 * Probability 1) + (Payoff 2 * Probability 2)
Expected value = ($201 * 0.68) + ($0 * 0.32)
Expected value = $136.88 + $0
Expected value = $136.88

For Alternative B:
Expected value = (Payoff * Probability)
Expected value = ($81 * 1)
Expected value = $81

Since $136.88 is greater than $81, the expected dollar value of Alternative A is higher.",massA=1 massB=3.82e-05
p2,477,15,mixed,82,82,113,0.74,1.0198,3,False,A,meta-llama/Llama-3.1-8B-Instruct,chat,riskneutral,1,0.99972,0.99997,0,answer,"To choose the best outcome, we need to calculate the expected dollar value for each option.

For Outcome A:
- The probability of rising to $113 is 74%, or 0.74.
- The probability of dropping to $0 is 26%, or 0.26.
- The expected dollar value for Outcome A is calculated as follows:
  (Payoff if rising to $113 * Probability of rising to $113) + (Payoff if dropping to $0 * Probability of dropping to $0)
  = ($113 * 0.74) + ($0 * 0.26)
  = $83.62 + $0
  = $83.62

For Outcome B:
- The expected dollar value is simply the initial amount, $82.

Since $83.62 is greater than $82, the best outcome is the one with the higher expected dollar value.",massA=1 massB=0.000282
p2,1166,38,mixed,183,183,609,0.38,1.2646,3,True,B,meta-llama/Llama-3.1-8B-Instruct,chat,riskneutral,1,0.99971,0.99996,0,answer,"To choose the best outcome, we need to calculate the expected dollar value for each option.

For Outcome A, the expected dollar value is simply the initial amount:
Expected value A = $183

For Outcome B, we need to calculate the expected value using the probabilities and payoffs:
Expected value B = ($609 * 0.38) + ($0 * 0.62)
Expected value B = $231.22 + $0
Expected value B = $231.22

Since $231.22 is greater than $183, the best outcome is",massA=0.000287 massB=1
p2,195,6,gain,0,94,101,0.71,0.7629,2,False,A,meta-llama/Llama-3.1-8B-Instruct,chat,riskneutral,1,3e-05,0.99989,0,answer,"To compute the expected dollar value of each option, we multiply the payoff by the probability and sum the results.

For Alternative A:
Expected value = ($101 * 0.71) + ($0 * 0.29)
Expected value = $71.21 + $0
Expected value = $71.21

For Alternative B:
Expected value = $94 * 1
Expected value = $94

Since $94 is greater than $71.21, the expected dollar value of Alternative B is higher.",massA=2.51e-05 massB=1
p2,319,10,gain,0,111,278,0.58,1.4526,4,False,A,meta-llama/Llama-3.1-8B-Instruct,chat,riskneutral,1,0.99992,0.99995,0,answer,"To decide between Term A and Term B, we need to calculate the expected dollar value of each option.

For Term A:
Expected value = (Payoff 1 * Probability 1) + (Payoff 2 * Probability 2)
Expected value = ($278 * 0.58) + ($0 * 0.42)
Expected value = $161.24

For Term B:
Expected value = (Payoff * Probability)
Expected value = ($111 * 1)
Expected value = $111

Since $161.24 is greater than $111, the expected dollar value of Term A is higher.",massA=1 massB=7.6e-05
p2,577,19,neutral,0,64,122,0.49,0.9341,3,False,A,meta-llama/Llama-3.1-8B-Instruct,chat,riskneutral,1,0.00012,0.99982,0,answer,"To choose the best option, we need to calculate the expected dollar value for each outcome.

For Outcome A:
Expected value = (Payoff 1 * Probability 1) + (Payoff 2 * Probability 2)
Expected value = ($122 * 0.49) + ($0 * 0.51)
Expected value = $59.78

For Outcome B:
Expected value = (Payoff * Probability)
Expected value = ($64 * 1)
Expected value = $64

Since $64 is greater than $59.78, the best option is Outcome B.",massA=0.000121 massB=1
p2,487,16,neutral,0,139,234,0.6,1.0101,3,False,A,meta-llama/Llama-3.1-8B-Instruct,chat,riskneutral,1,0.99992,0.99997,0,answer,"To choose the best option, we need to calculate the expected dollar value for each outcome.

For Outcome A:
Expected value = (Payoff 1 * Probability 1) + (Payoff 2 * Probability 2)
Expected value = ($234 * 0.6) + ($0 * 0.4)
Expected value = $140.4

For Outcome B:
Expected value = (Payoff * Probability)
Expected value = ($139 * 1)
Expected value = $139

Since $140.4 is greater than $139, the best option is",massA=1 massB=7.72e-05
p2,609,20,neutral,0,186,266,0.63,0.901,4,False,A,meta-llama/Llama-3.1-8B-Instruct,chat,riskneutral,1,0.00025,0.99988,0,answer,"To decide between Term A and Term B, we need to calculate the expected dollar value of each term.

For Term A:
Expected value = (Payoff 1 * Probability 1) + (Payoff 2 * Probability 2)
Expected value = ($266 * 0.63) + ($0 * 0.37)
Expected value = $167.58

For Term B:
Expected value = (Payoff * Probability)
Since the payoff is certain, the probability is 1.
Expected value = $186

Since $167.58 is less than $186, we should choose the option with the higher expected dollar value.",massA=0.000253 massB=1
p2,1227,13,dominant,0,72,119,1.0,1.6528,3,False,A,meta-llama/Llama-3.1-8B-Instruct,chat,riskneutral,1,0.99994,0.99986,0,answer,"To make a decision, we need to calculate the expected dollar value of each outcome. 

For Outcome A, the expected dollar value is $119 (payoff) times 1 (probability) = $119.

For Outcome B, the expected dollar value is $72 (payoff) times 1 (probability) = $72.

Since $119 is greater than $72, the option with the higher expected dollar value is Outcome A.",massA=1 massB=5.65e-05
p2,309,10,neutral,0,111,278,0.58,1.4526,4,False,A,meta-llama/Llama-3.1-8B-Instruct,chat,riskneutral,1,0.99991,0.99992,0,answer,"To decide between Term A and Term B, we need to calculate the expected dollar value of each term.

For Term A:
Expected value = (Payoff 1 * Probability 1) + (Payoff 2 * Probability 2)
Expected value = ($278 * 0.58) + ($0 * 0.42)
Expected value = $161.24

For Term B:
Expected value = (Payoff * Probability)
Since the payoff is certain, the probability is 1.
Expected value = $111

Since $161.24 is greater than $111, the expected dollar value of Term A is higher.",massA=1 massB=9.31e-05
p2,1097,36,gain,0,98,227,0.47,1.0887,3,False,A,meta-llama/Llama-3.1-8B-Instruct,chat,riskneutral,1,0.99994,0.99998,0,answer,"To choose the best outcome, we need to calculate the expected dollar value of each option.

For Outcome A:
- The probability of gaining $227 is 47% or 0.47.
- The probability of gaining nothing is 53% or 0.53.
- Expected dollar value = (0.47 * $227) + (0.53 * $0)
- Expected dollar value = $106.49 + $0
- Expected dollar value = $106.49

For Outcome B:
- The probability of gaining $98 is 100% or 1.
- Expected dollar value = (1 * $98)
- Expected dollar value = $98

Since $106.49 is greater than $98, the best outcome is",massA=1 massB=5.83e-05
p2,516,17,neutral,0,117,362,0.42,1.2995,3,True,B,meta-llama/Llama-3.1-8B-Instruct,chat,riskneutral,1,0.99991,0.99994,0,answer,"To choose the best option, we need to calculate the expected dollar value of each outcome.

For Outcome A, the expected dollar value is simply the certain amount:
Expected value A = $117

For Outcome B, we need to calculate the expected value using the probabilities:
Expected value B = ($362 * 0.42) + ($0 * 0.58)
Expected value B = $152.04 + $0
Expected value B = $152.04

Since Outcome A has an expected value of $117 and Outcome B has an expected value of $152.04, we should choose Outcome B.",massA=8.75e-05 massB=1
p2,432,14,gain,0,81,201,0.68,1.6874,1,True,B,meta-llama/Llama-3.1-8B-Instruct,chat,riskneutral,1,0.99997,0.99986,0,answer,"To determine the expected dollar value of each arrangement, we need to multiply the payoff by the probability and sum the results.

For Arrangement A, the payoff is $81 and the probability is 1 (since it's certain). So, the expected dollar value is:
$81 * 1 = $81

For Arrangement B, the payoffs are $201 and $0, with probabilities 0.68 and 0.32, respectively. So, the expected dollar value is:
($201 * 0.68) + ($0 * 0.32) = $136.96

Since $136.96 is greater than $81, the expected dollar value of Arrangement B is higher.",massA=3.02e-05 massB=1
p2,1231,15,dominant,0,82,114,1.0,1.3902,4,False,A,meta-llama/Llama-3.1-8B-Instruct,chat,riskneutral,1,0.99998,0.99987,0,answer,"To make a decision, we need to calculate the expected dollar value of each term. 

For Term A, the expected dollar value is the payoff times the probability. Since the payoff is certain, the probability is 1. 
Expected dollar value of Term A = $114 * 1 = $114

For Term B, the expected dollar value is also the payoff times the probability. Since the payoff is certain, the probability is 1.
Expected dollar value of Term B = $82 * 1 = $82

Since the expected dollar value of Term A ($114) is higher than that of Term B ($82), the decision is to choose Term A.",massA=1 massB=2.47e-05
p2,305,10,neutral,0,111,278,0.58,1.4526,2,False,A,meta-llama/Llama-3.1-8B-Instruct,chat,riskneutral,1,0.99985,0.99993,0,answer,"To find the expected dollar value of each alternative, we multiply the payoff by the probability and sum the results.

For Alternative A:
Expected value = ($278 * 0.58) + ($0 * 0.42)
Expected value = $161.24 + $0
Expected value = $161.24

For Alternative B:
Expected value = $111 * 1
Expected value = $111

Since $161.24 is greater than $111, the expected dollar value of Alternative A is higher.",massA=1 massB=0.000154
p2,636,21,neutral,0,106,206,0.73,1.4187,3,True,B,meta-llama/Llama-3.1-8B-Instruct,chat,riskneutral,1,0.99978,0.99994,0,answer,"To choose the best option, we need to calculate the expected dollar value of each outcome.

For Outcome A, the expected dollar value is simply the certain amount:
Expected value A = $106

For Outcome B, we need to calculate the expected value using the probabilities:
Expected value B = ($206 * 0.73) + ($0 * 0.27)
Expected value B = $150.18

Since $150.18 is greater than $106, the best option is Outcome B.",massA=0.000223 massB=1
p2,1223,11,dominant,0,54,73,1.0,1.3519,3,False,A,meta-llama/Llama-3.1-8B-Instruct,chat,riskneutral,1,0.99991,0.99989,0,answer,"To choose the best option, we need to calculate the expected dollar value of each outcome. 

Outcome A: $73 for certain (probability = 1)
Expected dollar value of A = $73 * 1 = $73

Outcome B: $54 for certain (probability = 1)
Expected dollar value of B = $54 * 1 = $54

Since $73 is greater than $54, the option with the higher expected dollar value is Outcome A.",massA=1 massB=8.89e-05
p2,1102,36,mixed,98,98,227,0.47,1.0887,1,True,B,meta-llama/Llama-3.1-8B-Instruct,chat,riskneutral,1,0.99989,0.99986,0,answer,"To determine the expected dollar value of each arrangement, we need to calculate the product of the payoff and the probability for each possible outcome.

For Arrangement A, there is only one outcome: keeping the $98. The expected dollar value is:
$98 (payoff) * 1 (probability) = $98

For Arrangement B, there are two possible outcomes:
1. A 47% chance to rise to $227: $227 (payoff) * 0.47 (probability) = $106.09
2. A 53% chance to drop to $0: $0 (payoff) * 0.53 (probability) = $0

The expected dollar value of Arrangement B is the sum of these two products:
$106.09 + $0 = $106.09

Since $98 (Arrangement A) is less than $106.09 (Arrangement B), the expected dollar value of Arrangement B is higher.",massA=0.000111 massB=1
p2,1095,36,gain,0,98,227,0.47,1.0887,2,False,A,meta-llama/Llama-3.1-8B-Instruct,chat,riskneutral,1,0.99985,0.99993,0,answer,"To compute the expected dollar value of each option, we multiply the payoff by the probability and sum the results.

For Alternative A:
Expected value = (0.47 * $227) + (0.53 * $0)
Expected value = $106.79 + $0
Expected value = $106.79

For Alternative B:
Expected value = $98 (since it's a certain gain)

Since $106.79 is greater than $98, the expected dollar value of Alternative A is higher.",massA=1 massB=0.000151
p2,137,4,gain,0,29,71,0.55,1.3466,3,False,A,meta-llama/Llama-3.1-8B-Instruct,chat,riskneutral,1,0.99992,0.99995,0,answer,"To choose the best outcome, we need to calculate the expected dollar value of each option.

For Outcome A:
Expected value = (Payoff 1 * Probability 1) + (Payoff 2 * Probability 2)
Expected value = ($71 * 0.55) + ($0 * 0.45)
Expected value = $38.95 + $0
Expected value = $38.95

For Outcome B:
Expected value = (Payoff * Probability)
Expected value = ($29 * 1)
Expected value = $29

Since $38.95 is greater than $29, the best outcome is",massA=1 massB=7.84e-05
p2,393,13,neutral,0,72,88,0.64,0.7822,1,False,A,meta-llama/Llama-3.1-8B-Instruct,chat,riskneutral,1,9e-05,0.99988,0,answer,"To find the expected dollar value of each arrangement, we multiply the payoff by the probability and sum the results.

For Arrangement A:
Expected value = ($88 * 0.64) + ($0 * 0.36)
Expected value = $56.16 + $0
Expected value = $56.16

For Arrangement B:
Expected value = ($72 * 1)
Expected value = $72

Since $72 is greater than $56.16, we choose the arrangement with the higher expected dollar value.",massA=8.75e-05 massB=1
p2,1233,16,dominant,0,139,190,1.0,1.3669,2,False,A,meta-llama/Llama-3.1-8B-Instruct,chat,riskneutral,1,0.99995,0.99998,0,answer,"To determine the preferred option, we need to calculate the expected dollar value for each alternative. 

For Alternative A, the expected dollar value is:
$190 (payoff) * 1 (probability) = $190

For Alternative B, the expected dollar value is:
$139 (payoff) * 1 (probability) = $139

Since $190 is greater than $139, the preferred option is the one with the higher expected dollar value.",massA=1 massB=5.06e-05
p2,941,31,gain,0,51,151,0.29,0.8586,0,False,A,meta-llama/Llama-3.1-8B-Instruct,chat,riskneutral,1,5e-05,0.99985,0,answer,"To compute the expected dollar value of each option, we multiply the payoff by the probability and sum the results.

For Option A:
Expected value = (0.29 * $151) + (0.71 * $0)
Expected value = $43.91 + $0
Expected value = $43.91

For Option B:
Expected value = $51 (since it's a certain gain)

Since $43.91 is less than $51, we prefer the option with the higher expected dollar value, which is Option B.",massA=5.06e-05 massB=1
p2,126,4,neutral,0,29,71,0.55,1.3466,3,True,B,meta-llama/Llama-3.1-8B-Instruct,chat,riskneutral,1,0.99989,0.99994,0,answer,"To choose the best option, we need to calculate the expected dollar value of each outcome.

For Outcome A, the expected dollar value is simply the certain amount:
Expected value A = $29

For Outcome B, we need to calculate the expected value using the probabilities:
Expected value B = ($71 * 0.55) + ($0 * 0.45)
Expected value B = $38.85 + $0
Expected value B = $38.85

Since Outcome A has an expected value of $29 and Outcome B has an expected value of $38.85, we should choose Outcome B.",massA=0.000106 massB=1
p2,357,11,mixed,54,54,68,0.81,1.02,3,False,A,meta-llama/Llama-3.1-8B-Instruct,chat,riskneutral,1,0.99979,0.99983,0,answer,"To choose the best outcome, we need to calculate the expected dollar value for each option.

For Outcome A:
- The probability of rising to $68 is 81% or 0.81.
- The probability of dropping to $0 is 19% or 0.19.
- The expected dollar value for Outcome A is calculated as follows:
  (Payoff if $68 * Probability of $68) + (Payoff if $0 * Probability of $0)
  = ($68 * 0.81) + ($0 * 0.19)
  = $54.48 + $0
  = $54.48

For Outcome B:
- The probability of keeping $54 is 100% or 1.
- The expected dollar value for Outcome B is calculated as follows:
  (Payoff if $54 * Probability of $54)
  = ($54 * 1)
  = $54

Since $54.48 is greater than $54, the best outcome is Outcome A.",massA=1 massB=0.00021
p2,1163,38,mixed,183,183,609,0.38,1.2646,1,False,A,meta-llama/Llama-3.1-8B-Instruct,chat,riskneutral,1,0.99991,0.99992,0,answer,"To determine the best option, we need to calculate the expected dollar value for each arrangement.

For Arrangement A:
- Probability of rising to $609: 38%
- Probability of dropping to $0: 62%
- Expected dollar value = (Payoff 1 * Probability 1) + (Payoff 2 * Probability 2)
= ($609 * 0.38) + ($0 * 0.62)
= $231.22 + $0
= $231.22

For Arrangement B:
- Probability of keeping $183: 100%
- Expected dollar value = (Payoff * Probability)
= ($183 * 1)
= $183

Since $231.22 (Arrangement A) is greater than $183 (Arrangement B), the best option is Arrangement A.",massA=1 massB=9.46e-05
p2,1263,31,dominant,0,51,73,1.0,1.4314,0,False,A,meta-llama/Llama-3.1-8B-Instruct,chat,riskneutral,1,0.9997,0.99986,0,answer,"To make a decision, we need to calculate the expected dollar value of each option. 

For Option A, the expected dollar value is the certain payment: $73.

For Option B, the expected dollar value is also the certain payment: $51.

Since $73 is greater than $51, the option with the higher expected dollar value is Option A.",massA=1 massB=0.000301
p2,1145,38,neutral,0,183,609,0.38,1.2646,2,False,A,meta-llama/Llama-3.1-8B-Instruct,chat,riskneutral,1,0.99985,0.99994,0,answer,"To find the expected dollar value of each alternative, we multiply the payoff by the probability and sum the results.

For Alternative A:
Expected value = ($609 * 0.38) + ($0 * 0.62)
Expected value = $232.22 + $0
Expected value = $232.22

For Alternative B:
Expected value = ($183 * 1)
Expected value = $183

Since $232.22 is greater than $183, the expected dollar value of Alternative A is higher.",massA=1 massB=0.000149
p2,427,14,neutral,0,81,201,0.68,1.6874,3,False,A,meta-llama/Llama-3.1-8B-Instruct,chat,riskneutral,1,0.99986,0.9999,0,answer,"To choose the option with the higher expected dollar value, we need to calculate the expected value for each outcome.

For Outcome A:
Expected value = (Payoff 1 * Probability 1) + (Payoff 2 * Probability 2)
Expected value = ($201 * 0.68) + ($0 * 0.32)
Expected value = $136.56

For Outcome B:
Expected value = (Payoff * Probability)
Expected value = ($81 * 1)
Expected value = $81

Since $136.56 is greater than $81, the option with the higher expected dollar value is Outcome A.",massA=1 massB=0.000136
p2,301,10,neutral,0,111,278,0.58,1.4526,0,False,A,meta-llama/Llama-3.1-8B-Instruct,chat,riskneutral,1,0.99953,0.99993,0,answer,"To compute the expected dollar value of each option, we multiply the payoff by the probability and sum the results.

For Option A:
Expected value = ($278 * 0.58) + ($0 * 0.42)
Expected value = $161.24 + $0
Expected value = $161.24

For Option B:
Expected value = ($111 * 1)
Expected value = $111

Since $161.24 is greater than $111, the option with the higher expected dollar value is Option A.",massA=0.999 massB=0.000473
p2,1030,34,gain,0,52,96,0.63,1.1631,0,True,B,meta-llama/Llama-3.1-8B-Instruct,chat,riskneutral,1,0.99989,0.99994,0,answer,"To choose the option with the higher expected dollar value, we need to calculate the expected value for each option.

For Option A, the expected value is simply the certain gain:
Expected Value A = $52

For Option B, we need to calculate the expected value using the probabilities and payoffs:
Expected Value B = ($96 * 0.63) + ($0 * 0.37)
Expected Value B = $60.48

Since $60.48 is greater than $52, the option with the higher expected dollar value is Option B.",massA=0.000112 massB=1
p2,615,20,gain,0,186,266,0.63,0.901,2,False,A,meta-llama/Llama-3.1-8B-Instruct,chat,riskneutral,1,0.00012,0.99977,0,answer,"To find the expected dollar value of each alternative, we multiply the payoff by the probability and sum the results.

For Alternative A:
Expected value = (63% * $266) + (37% * $0)
Expected value = (0.63 * $266) + (0.37 * $0)
Expected value = $167.18 + $0
Expected value = $167.18

For Alternative B:
Expected value = $186 (since it's a certain gain)

Since $167.18 is less than $186, we prefer the certain gain of Alternative B.",massA=0.00012 massB=1
p2,348,11,gain,0,54,68,0.81,1.02,4,True,B,meta-llama/Llama-3.1-8B-Instruct,chat,riskneutral,1,0.99998,0.9999,0,answer,"To decide between Term A and Term B, we need to calculate the expected dollar value of each option.

For Term A, the expected dollar value is simply the certain gain:
Expected value of Term A = $54

For Term B, we need to calculate the expected value by multiplying each possible gain by its probability and summing the results:
Expected value of Term B = ($68 * 0.81) + ($0 * 0.19)
Expected value of Term B = $54.48

Since $54.48 is greater than $54, the expected dollar value of Term B is higher.",massA=2.32e-05 massB=1
p2,933,31,neutral,0,51,151,0.29,0.8586,1,False,A,meta-llama/Llama-3.1-8B-Instruct,chat,riskneutral,1,7e-05,0.99984,0,answer,"To find the expected dollar value of each arrangement, we multiply the payoff by the probability and sum the results.

For Arrangement A:
Expected value = ($151 * 0.29) + ($0 * 0.71)
Expected value = $44.09 + $0
Expected value = $44.09

For Arrangement B:
Expected value = ($51 * 1)
Expected value = $51

Since $44.09 is less than $51, we choose the arrangement with the higher expected dollar value.",massA=6.92e-05 massB=1
p2,526,17,gain,0,117,362,0.42,1.2995,3,True,B,meta-llama/Llama-3.1-8B-Instruct,chat,riskneutral,1,0.99992,0.9999,0,answer,"To choose the best option, we need to calculate the expected dollar value of each outcome.

For Outcome A, the expected dollar value is simply the certain gain:
Expected value A = $117

For Outcome B, we need to calculate the expected value using the probabilities and payoffs:
Expected value B = ($362 * 0.42) + ($0 * 0.58)
Expected value B = $152.04

Since $152.04 is greater than $117, the best option is Outcome B.",massA=8.35e-05 massB=1
p2,307,10,neutral,0,111,278,0.58,1.4526,3,False,A,meta-llama/Llama-3.1-8B-Instruct,chat,riskneutral,1,0.99978,0.99988,0,answer,"To choose the option with the higher expected dollar value, we need to calculate the expected value for each outcome.

For Outcome A:
Expected value = (Payoff 1 * Probability 1) + (Payoff 2 * Probability 2)
Expected value = ($278 * 0.58) + ($0 * 0.42)
Expected value = $161.24

For Outcome B:
Expected value = (Payoff * Probability)
Expected value = ($111 * 1)
Expected value = $111

Since $161.24 is greater than $111, the option with the higher expected dollar value is Outcome A.",massA=1 massB=0.000223
p2,1027,34,neutral,0,52,96,0.63,1.1631,3,False,A,meta-llama/Llama-3.1-8B-Instruct,chat,riskneutral,1,0.99991,0.99996,0,answer,"To choose the best option, we need to calculate the expected dollar value for each outcome.

For Outcome A:
Expected value = (Payoff 1 * Probability 1) + (Payoff 2 * Probability 2)
Expected value = ($96 * 0.63) + ($0 * 0.37)
Expected value = $60.48

For Outcome B:
Expected value = (Payoff * Probability)
Expected value = ($52 * 1)
Expected value = $52

Since $60.48 is greater than $52, the best option is",massA=1 massB=8.61e-05
p2,294,9,mixed,49,49,153,0.26,0.8118,2,True,B,meta-llama/Llama-3.1-8B-Instruct,chat,riskneutral,1,0.00024,0.99992,0,answer,"To determine the expected dollar value of each alternative, we need to calculate the product of the payoff and the probability for each outcome.

For Alternative A, the payoff is $49 (since we keep the $49 with no change). The probability is 100% (or 1), so the expected dollar value is:
$49 * 1 = $49

For Alternative B, there are two possible outcomes:
1. A 26% chance to rise to $153: The payoff is $153 and the probability is 0.26. The expected dollar value is:
$153 * 0.26 = $39.78
2. A 74% chance to drop to $0: The payoff is $0 and the probability is 0.74. The expected dollar value is:
$0 * 0.74 = $0

To find the overall expected dollar value of Alternative B, we add the expected dollar values of the two outcomes:
$39.78 + $0 = $39.78

Now, we compare the expected dollar values of the two alternatives:
Alternative A: $49
Alternative B: $39.78

Since $49 is greater than $39.78, the expected dollar value of Alternative A is higher.",massA=1 massB=0.000238
p2,436,14,gain,0,81,201,0.68,1.6874,3,True,B,meta-llama/Llama-3.1-8B-Instruct,chat,riskneutral,1,0.99993,0.9999,0,answer,"To choose the best option, we need to calculate the expected dollar value of each outcome.

For Outcome A, the expected dollar value is simply the certain gain:
Expected value A = $81

For Outcome B, we need to calculate the expected value using the probabilities and payoffs:
Expected value B = ($201 * 0.68) + ($0 * 0.32)
Expected value B = $137.16

Since $137.16 is greater than $81, the best option is Outcome B.",massA=7.03e-05 massB=1
p2,645,21,gain,0,106,206,0.73,1.4187,2,False,A,meta-llama/Llama-3.1-8B-Instruct,chat,riskneutral,1,0.99982,0.99994,0,answer,"To compute the expected dollar value of each option, we multiply the payoff by the probability and sum the results.

For Alternative A:
Expected value = ($206 * 0.73) + ($0 * 0.27)
Expected value = $150.18 + $0
Expected value = $150.18

For Alternative B:
Expected value = $106 * 1
Expected value = $106

Since $150.18 is greater than $106, the expected dollar value of Alternative A is higher.",massA=1 massB=0.000177
p2,258,8,gain,0,62,263,0.33,1.3998,4,True,B,meta-llama/Llama-3.1-8B-Instruct,chat,riskneutral,1,0.00052,0.99984,0,answer,"To decide between Term A and Term B, we need to calculate the expected dollar value of each option.

For Term A, the expected dollar value is simply the certain gain:
Expected value of Term A = $62

For Term B, we need to calculate the expected value by multiplying each possible gain by its probability and summing the results:
Expected value of Term B = ($263 * 0.33) + ($0 * 0.67)
Expected value of Term B = $86.59 + $0
Expected value of Term B = $86.59

Since $86.59 is less than $62, the expected dollar value of Term B is lower than that of Term A.",massA=0.999 massB=0.000519
p2,339,11,neutral,0,54,68,0.81,1.02,4,False,A,meta-llama/Llama-3.1-8B-Instruct,chat,riskneutral,1,0.99993,0.99991,0,answer,"To decide between Term A and Term B, we need to calculate the expected dollar value of each term.

For Term A:
Expected value = (Payoff 1 * Probability 1) + (Payoff 2 * Probability 2)
Expected value = ($68 * 0.81) + ($0 * 0.19)
Expected value = $54.88

For Term B:
Expected value = (Payoff * Probability)
Expected value = ($54 * 1)
Expected value = $54

Since $54.88 is greater than $54, the expected dollar value of Term A is higher.",massA=1 massB=6.5e-05
p2,901,30,neutral,0,149,447,0.26,0.78,0,False,A,meta-llama/Llama-3.1-8B-Instruct,chat,riskneutral,1,0.00025,0.99981,0,answer,"To compute the expected dollar value of each option, we multiply the payoff by the probability and sum the results.

For Option A:
Expected value = ($447 * 0.26) + ($0 * 0.74)
Expected value = $115.72 + $0
Expected value = $115.72

For Option B:
Expected value = ($149 * 1)
Expected value = $149

Since $149 is greater than $115.72, the option with the higher expected dollar value is Option B.",massA=0.000245 massB=1
p2,957,31,mixed,51,51,151,0.29,0.8586,3,False,A,meta-llama/Llama-3.1-8B-Instruct,chat,riskneutral,1,4e-05,0.99974,0,answer,"To choose the best option, we need to calculate the expected dollar value for each outcome.

For Outcome A:
- The probability of rising to $151 is 29%.
- The probability of dropping to $0 is 71%.
- The expected value for Outcome A is calculated as follows:
  (Payoff if $151 is reached * Probability of reaching $151) + (Payoff if $0 is reached * Probability of reaching $0)
  = ($151 - $51) * 0.29 + ($0 - $51) * 0.71
  = $100 * 0.29 - $51 * 0.71
  = $29 - $36.21
  = -$7.21

For Outcome B:
- The expected value is simply the initial amount, $51.

Since the expected dollar value for Outcome A is -$7.21 and for Outcome B is $51, the best option is Outcome B.",massA=4.2e-05 massB=1
p2,583,19,gain,0,64,122,0.49,0.9341,1,False,A,meta-llama/Llama-3.1-8B-Instruct,chat,riskneutral,1,4e-05,0.99982,0,answer,"To determine the expected dollar value of each arrangement, we need to multiply the payoff by the probability and sum the results.

For Arrangement A:
Expected value = (Payoff 1 * Probability 1) + (Payoff 2 * Probability 2)
Expected value = ($122 * 0.49) + ($0 * 0.51)
Expected value = $59.78

For Arrangement B:
Expected value = (Payoff * Probability)
Expected value = ($64 * 1)
Expected value = $64

Since $64 is greater than $59.78, the expected dollar value of Arrangement B is higher.",massA=3.65e-05 massB=1
p2,617,20,gain,0,186,266,0.63,0.901,3,False,A,meta-llama/Llama-3.1-8B-Instruct,chat,riskneutral,1,0.00012,0.99971,0,answer,"To choose the best outcome, we need to calculate the expected dollar value of each option.

For Outcome A:
Expected value = (Probability of gaining $266) * ($266) + (Probability of gaining nothing) * ($0)
Expected value = (0.63) * ($266) + (0.37) * ($0)
Expected value = $167.18

For Outcome B:
Expected value = (Probability of gaining $186) * ($186)
Expected value = (1) * ($186)
Expected value = $186

Since $167.18 is less than $186, the best outcome is Outcome B.",massA=0.00012 massB=1
p2,1031,34,gain,0,52,96,0.63,1.1631,0,False,A,meta-llama/Llama-3.1-8B-Instruct,chat,riskneutral,1,0.99966,0.99992,0,answer,"To compute the expected dollar value of each option, we multiply the payoff by the probability and sum the results.

For Option A:
Expected value = ($96 * 0.63) + ($0 * 0.37)
Expected value = $60.48 + $0
Expected value = $60.48

For Option B:
Expected value = ($52 * 1)
Expected value = $52

Since $60.48 is greater than $52, the option with the higher expected dollar value is Option A.",massA=1 massB=0.000341
p2,1065,35,gain,0,91,133,0.68,0.9938,2,False,A,meta-llama/Llama-3.1-8B-Instruct,chat,riskneutral,1,7e-05,0.99979,0,answer,"To compute the expected dollar value of each option, we multiply the payoff by the probability and sum the results.

For Alternative A:
Expected value = ($133 * 0.68) + ($0 * 0.32)
Expected value = $90.24 + $0
Expected value = $90.24

For Alternative B:
Expected value = $91 * 1
Expected value = $91

Since $91 is greater than $90.24, I would choose Alternative B.",massA=7.14e-05 massB=1
p2,326,10,mixed,111,111,278,0.58,1.4526,3,True,B,meta-llama/Llama-3.1-8B-Instruct,chat,riskneutral,1,0.99992,0.99993,0,answer,"To choose the best outcome, we need to calculate the expected dollar value of each option.

For Outcome A, the expected dollar value is simply the initial amount:
Expected value A = $111

For Outcome B, we need to calculate the expected value using the probabilities and payoffs:
Expected value B = (0.58 * $278) + (0.42 * -$0)
Expected value B = $161.24 + $0
Expected value B = $161.24

Since $161.24 is greater than $111, the best option is Outcome B.",massA=7.84e-05 massB=1
p2,457,15,neutral,0,82,113,0.74,1.0198,3,False,A,meta-llama/Llama-3.1-8B-Instruct,chat,riskneutral,1,0.99993,0.99997,0,answer,"To choose the best option, we need to calculate the expected dollar value for each outcome.

For Outcome A:
Expected value = (Payoff 1 * Probability 1) + (Payoff 2 * Probability 2)
Expected value = ($113 * 0.74) + ($0 * 0.26)
Expected value = $83.72

For Outcome B:
Expected value = (Payoff * Probability)
Expected value = ($82 * 1)
Expected value = $82

Since $83.72 is greater than $82, the best option is",massA=1 massB=6.5e-05
p2,1157,38,gain,0,183,609,0.38,1.2646,3,False,A,meta-llama/Llama-3.1-8B-Instruct,chat,riskneutral,1,0.99995,0.99995,0,answer,"To choose the best outcome, we need to calculate the expected dollar value of each option.

For Outcome A:
- The probability of gaining $609 is 38% or 0.38.
- The probability of gaining nothing is 62% or 0.62.
- Expected dollar value of Outcome A = ($609 * 0.38) + ($0 * 0.62) = $231.22

For Outcome B:
- The probability of gaining $183 is 100% or 1.
- Expected dollar value of Outcome B = ($183 * 1) = $183

Since $231.22 is greater than $183, the best outcome is",massA=1 massB=5.48e-05
p2,585,19,gain,0,64,122,0.49,0.9341,2,False,A,meta-llama/Llama-3.1-8B-Instruct,chat,riskneutral,1,3e-05,0.99984,0,answer,"To compute the expected dollar value of each option, we multiply the payoff by the probability and sum the results.

For Alternative A:
Expected value = (0.49 * $122) + (0.51 * $0)
Expected value = $59.78 + $0
Expected value = $59.78

For Alternative B:
Expected value = $64 (since it's a certain gain)

Since $64 is greater than $59.78, the expected dollar value of Alternative B is higher.",massA=2.51e-05 massB=1
p2,1149,38,neutral,0,183,609,0.38,1.2646,4,False,A,meta-llama/Llama-3.1-8B-Instruct,chat,riskneutral,1,0.99989,0.99992,0,answer,"To decide between Term A and Term B, we need to calculate the expected dollar value of each term.

For Term A:
Expected value = (Payoff 1 * Probability 1) + (Payoff 2 * Probability 2)
Expected value = ($609 * 0.38) + ($0 * 0.62)
Expected value = $232.22

For Term B:
Expected value = (Payoff * Probability)
Since the payoff is certain, the probability is 1.
Expected value = $183

Since $232.22 is greater than $183, the expected dollar value of Term A is higher.",massA=1 massB=0.000106
p2,1154,38,gain,0,183,609,0.38,1.2646,2,True,B,meta-llama/Llama-3.1-8B-Instruct,chat,riskneutral,1,0.99994,0.99988,0,answer,"To compute the expected dollar value of each option, we multiply the payoff by the probability and sum the results.

For Alternative A, the expected dollar value is:
$183 (payoff) * 1 (probability) = $183

For Alternative B, the expected dollar value is:
($609 * 0.38) + ($0 * 0.62) = $231.22

Since $231.22 is greater than $183, the expected dollar value of Alternative B is higher.",massA=5.65e-05 massB=1
p2,483,16,neutral,0,139,234,0.6,1.0101,1,False,A,meta-llama/Llama-3.1-8B-Instruct,chat,riskneutral,1,0.99986,0.99993,0,answer,"To find the expected dollar value of each arrangement, we multiply the payoff by the probability and sum the results.

For Arrangement A:
Expected value = ($234 * 0.6) + ($0 * 0.4)
Expected value = $140.4 + $0
Expected value = $140.4

For Arrangement B:
Expected value = ($139 * 1)
Expected value = $139

Since $140.4 is greater than $139, the expected dollar value of Arrangement A is higher.",massA=1 massB=0.000142
p2,603,20,neutral,0,186,266,0.63,0.901,1,False,A,meta-llama/Llama-3.1-8B-Instruct,chat,riskneutral,1,0.00017,0.99989,0,answer,"To find the expected dollar value of each arrangement, we multiply the payoff by the probability and sum the results.

For Arrangement A:
Expected value = ($266 * 0.63) + ($0 * 0.37)
Expected value = $167.18 + $0
Expected value = $167.18

For Arrangement B:
Expected value = ($186 * 1)
Expected value = $186

Since $167.18 is less than $186, we choose the arrangement with the higher expected dollar value.",massA=0.000171 massB=1
p2,471,15,mixed,82,82,113,0.74,1.0198,0,False,A,meta-llama/Llama-3.1-8B-Instruct,chat,riskneutral,1,0.99993,0.99993,0,answer,"To compute the expected dollar value of each option, we need to multiply the payoff by the probability for each scenario and then sum these products.

For Option A:
- 74% chance to rise to $113: 0.74 * $113 = $83.62
- 26% chance to drop to $0: 0.26 * $0 = $0
Expected dollar value of Option A: $83.62 + $0 = $83.62

For Option B:
- Keep $82 with no change: 1 * $82 = $82
Expected dollar value of Option B: $82

Since $83.62 is greater than $82, the option with the higher expected dollar value is Option A.",massA=1 massB=7.03e-05
p2,1046,34,mixed,52,52,96,0.63,1.1631,3,True,B,meta-llama/Llama-3.1-8B-Instruct,chat,riskneutral,1,0.99991,0.99991,0,answer,"To choose the best outcome, we need to calculate the expected dollar value of each option.

For Outcome A, the expected dollar value is simply the initial amount:
Expected value A = $52

For Outcome B, we need to calculate the expected value using the probabilities and payoffs:
Expected value B = ($96 * 0.63) + ($0 * 0.37)
Expected value B = $60.48 - $0
Expected value B = $60.48

Since $60.48 is greater than $52, the best option is Outcome B.",massA=9.03e-05 massB=1
p2,286,9,gain,0,49,153,0.26,0.8118,3,True,B,meta-llama/Llama-3.1-8B-Instruct,chat,riskneutral,1,6e-05,0.99988,0,answer,"To choose the best option, we need to calculate the expected dollar value of each outcome.

For Outcome A, the expected dollar value is simply the certain gain:
Expected value A = $49

For Outcome B, we need to calculate the expected value using the probabilities and payoffs:
Expected value B = ($153 * 0.26) + ($0 * 0.74)
Expected value B = $39.48 + $0
Expected value B = $39.48

Since Outcome A has a higher expected dollar value ($49 vs $39.48), we should choose Outcome A.",massA=1 massB=6.01e-05
p2,1151,38,gain,0,183,609,0.38,1.2646,0,False,A,meta-llama/Llama-3.1-8B-Instruct,chat,riskneutral,1,0.99957,0.99991,0,answer,"To compute the expected dollar value of each option, we multiply the payoff by the probability and sum the results.

For Option A:
Expected value = (0.38 * $609) + (0.62 * $0)
Expected value = $231.42 + $0
Expected value = $231.42

For Option B:
Expected value = $183

Since $231.42 is greater than $183, the option with the higher expected dollar value is Option A.",massA=0.999 massB=0.000431
p2,584,19,gain,0,64,122,0.49,0.9341,2,True,B,meta-llama/Llama-3.1-8B-Instruct,chat,riskneutral,1,0.00013,0.99992,0,answer,"To compute the expected dollar value of each option, we multiply the payoff by the probability and sum the results.

For Alternative A, the expected dollar value is:
$64 (payoff) * 1 (probability) = $64

For Alternative B, the expected dollar value is:
($122 * 0.49) + ($0 * 0.51) = $59.78

Since $64 is greater than $59.78, the expected dollar value of Alternative A is higher.",massA=1 massB=0.000127
p2,1081,36,neutral,0,98,227,0.47,1.0887,0,False,A,meta-llama/Llama-3.1-8B-Instruct,chat,riskneutral,1,0.9996,0.99994,0,answer,"To compute the expected dollar value of each option, we multiply the payoff by the probability and sum the results.

For Option A:
Expected value = ($227 * 0.47) + ($0 * 0.53)
Expected value = $106.09 + $0
Expected value = $106.09

For Option B:
Expected value = ($98 * 1)
Expected value = $98

Since $106.09 is greater than $98, the option with the higher expected dollar value is Option A.",massA=1 massB=0.000404
p2,659,21,mixed,106,106,206,0.73,1.4187,4,False,A,meta-llama/Llama-3.1-8B-Instruct,chat,riskneutral,1,1e-05,0.99969,0,answer,"To decide between Term A and Term B, we need to calculate the expected dollar value of each option.

For Term A:
- The probability of rising to $206 is 73% or 0.73.
- The probability of dropping to $0 is 27% or 0.27.
- The expected value of Term A is calculated as follows:
  (Payoff if rising to $206) * (Probability of rising to $206) + (Payoff if dropping to $0) * (Probability of dropping to $0)
  = ($206 - $106) * 0.73 + ($0 - $106) * 0.27
  = $100 * 0.73 - $106 * 0.27
  = $73 + $28.62
  = $101.62

For Term B:
- The expected value of Term B is simply the initial amount of $106.

Now, let's compare the expected dollar values:
- Term A has an expected value of $101.62.
- Term B has an expected value of $106.

Since $106 is greater than $101.62, the expected dollar value of Term B is higher.",massA=8.53e-06 massB=1
p2,329,10,mixed,111,111,278,0.58,1.4526,4,False,A,meta-llama/Llama-3.1-8B-Instruct,chat,riskneutral,1,0.99995,0.99994,0,answer,"To decide between Term A and Term B, we need to calculate the expected dollar value of each option.

For Term A:
- The probability of rising to $278 is 58% or 0.58.
- The probability of dropping to $0 is 42% or 0.42.
- The expected value of Term A is calculated as follows:
  Expected Value = (Payoff 1 * Probability 1) + (Payoff 2 * Probability 2)
  Expected Value = ($278 * 0.58) + ($0 * 0.42)
  Expected Value = $161.24

For Term B:
- The expected value of Term B is simply the initial amount, as there's no change.
- Expected Value = $111

Since the expected dollar value of Term A ($161.24) is higher than that of Term B ($111), the decision is to choose Term A.",massA=1 massB=4.91e-05
p2,404,13,gain,0,72,88,0.64,0.7822,2,True,B,meta-llama/Llama-3.1-8B-Instruct,chat,riskneutral,1,0.00011,0.99993,0,answer,"To compute the expected dollar value of each option, we multiply the payoff by the probability and sum the results.

For Alternative A, the expected dollar value is:
$72 (certain gain) = $72

For Alternative B, the expected dollar value is:
(64% chance to gain $88) + (36% chance to gain nothing)
= 0.64 * $88 + 0.36 * $0
= $56.32 + $0
= $56.32

Since $72 is greater than $56.32, the expected dollar value of Alternative A is higher.",massA=1 massB=0.000106
p2,312,10,gain,0,111,278,0.58,1.4526,1,True,B,meta-llama/Llama-3.1-8B-Instruct,chat,riskneutral,1,0.99989,0.99986,0,answer,"To determine the expected dollar value of each arrangement, we need to multiply the payoff by the probability and sum the results.

For Arrangement A, the payoff is $111 and the probability is 100% (or 1). So, the expected dollar value is:
$111 * 1 = $111

For Arrangement B, the payoff is $278 with a 58% chance and $0 with a 42% chance. So, the expected dollar value is:
($278 * 0.58) + ($0 * 0.42) = $161.24

Since $161.24 (expected value of Arrangement B) is greater than $111 (expected value of Arrangement A), the option with the higher expected dollar value is Arrangement B.",massA=0.000111 massB=1
p2,590,19,mixed,64,64,122,0.49,0.9341,0,True,B,meta-llama/Llama-3.1-8B-Instruct,chat,riskneutral,1,0.0002,0.99987,0,answer,"To compute the expected dollar value of each option, we need to multiply the payoff by the probability and then sum the results.

For Option A, the expected dollar value is:
$64 (payoff) * 1 (probability) = $64

For Option B, the expected dollar value is:
($122 * 0.49) + ($0 * 0.51) = $59.78

Since $64 is greater than $59.78, the expected dollar value of Option A is higher.",massA=1 massB=0.0002
p2,481,16,neutral,0,139,234,0.6,1.0101,0,False,A,meta-llama/Llama-3.1-8B-Instruct,chat,riskneutral,1,0.99963,0.99993,0,answer,"To compute the expected dollar value of each option, we multiply the payoff by the probability and sum the results.

For Option A:
Expected value = ($234 * 0.6) + ($0 * 0.4)
Expected value = $140.4 + $0
Expected value = $140.4

For Option B:
Expected value = ($139 * 1)
Expected value = $139

Since $140.4 is greater than $139, the option with the higher expected dollar value is Option A.",massA=1 massB=0.000368
p2,1216,8,dominant,0,62,121,1.0,1.9516,2,True,B,meta-llama/Llama-3.1-8B-Instruct,chat,riskneutral,1,0.99995,0.99995,0,answer,"To determine the preferred option, we need to calculate the expected dollar value for each alternative. Since both alternatives are for certain, the probability of receiving the amount is 1.

Alternative A: $62 (payoff) * 1 (probability) = $62
Alternative B: $121 (payoff) * 1 (probability) = $121

Since $121 is greater than $62, the expected dollar value of Alternative B is higher.",massA=5.39e-05 massB=1
p2,438,14,gain,0,81,201,0.68,1.6874,4,True,B,meta-llama/Llama-3.1-8B-Instruct,chat,riskneutral,1,0.99998,0.99991,0,answer,"To decide between Term A and Term B, we need to calculate the expected dollar value of each option.

For Term A, the expected dollar value is simply the certain gain:
Expected value of Term A = $81

For Term B, we need to calculate the expected value by multiplying each possible gain by its probability and summing the results:
Expected value of Term B = ($201 * 0.68) + ($0 * 0.32)
Expected value of Term B = $137.16

Since $137.16 is greater than $81, the expected dollar value of Term B is higher.",massA=1.62e-05 massB=1
p2,149,4,mixed,29,29,71,0.55,1.3466,4,False,A,meta-llama/Llama-3.1-8B-Instruct,chat,riskneutral,1,0.00011,0.99978,0,answer,"To decide between Term A and Term B, we need to calculate the expected dollar value of each option.

For Term A:
- The probability of rising to $71 is 55% or 0.55.
- The probability of dropping to $0 is 45% or 0.45.
- The expected value of Term A is calculated as follows:
  (0.55 * ($71 - $29)) + (0.45 * ($0 - $29))
  = (0.55 * $42) + (0.45 * -$29)
  = $23.10 - $13.05
  = $10.05

For Term B:
- The expected value of Term B is simply the initial amount of $29.

Comparing the expected dollar values, Term A has an expected value of $10.05, while Term B has an expected value of $29. Since $10.05 is less than $29, we should choose the option with the higher expected dollar value.",massA=0.000112 massB=1
p2,250,8,gain,0,62,263,0.33,1.3998,0,True,B,meta-llama/Llama-3.1-8B-Instruct,chat,riskneutral,1,0.9999,0.99991,0,answer,"To compute the expected dollar value of each option, we multiply the payoff by the probability and sum the results.

For Option A, the payoff is $62 and the probability is 1 (since it's a certain gain). So, the expected dollar value of Option A is:
$62 * 1 = $62

For Option B, the payoff is $263 with a 33% chance and $0 with a 67% chance. So, the expected dollar value of Option B is:
($263 * 0.33) + ($0 * 0.67) = $86.59

Since $86.59 (expected value of Option B) is greater than $62 (expected value of Option A), the preferred option is the one with the higher expected dollar value.",massA=0.000104 massB=1
p2,1104,36,mixed,98,98,227,0.47,1.0887,2,True,B,meta-llama/Llama-3.1-8B-Instruct,chat,riskneutral,1,0.99994,0.99983,0,answer,"To determine the expected dollar value of each alternative, we need to calculate the product of the payoff and the probability for each possible outcome.

For Alternative A, there is only one outcome: keeping the $98. The expected dollar value is simply $98.

For Alternative B, there are two possible outcomes: rising to $227 or dropping to $0. The expected dollar value is calculated as follows:

Expected dollar value = (Payoff 1 * Probability 1) + (Payoff 2 * Probability 2)
Expected dollar value = ($227 * 0.47) + ($0 * 0.53)
Expected dollar value = $106.49 - $0
Expected dollar value = $106.49

Since Alternative B has a higher expected dollar value ($106.49 vs $98), the risk-neutral expected-value maximizer would choose Alternative B.",massA=6.3e-05 massB=1
p2,958,31,mixed,51,51,151,0.29,0.8586,4,True,B,meta-llama/Llama-3.1-8B-Instruct,chat,riskneutral,1,6e-05,0.99994,0,answer,"To decide between Term A and Term B, we need to calculate the expected dollar value of each option.

For Term A, the expected dollar value is simply the initial amount:
Expected value of Term A = $51

For Term B, we need to calculate the expected value of the two possible outcomes and their probabilities:
Expected value of rising to $151 = $151 * 0.29 = $43.99
Expected value of dropping to $0 = $0 * 0.71 = $0
Expected value of Term B = $43.99 + $0 = $43.99

Now, we compare the expected dollar values of Term A and Term B:
Expected value of Term A = $51
Expected value of Term B = $43.99

Since the expected value of Term A ($51) is higher than the expected value of Term B ($43.99), we choose Term A.",massA=1 massB=5.74e-05
p2,1063,35,gain,0,91,133,0.68,0.9938,1,False,A,meta-llama/Llama-3.1-8B-Instruct,chat,riskneutral,1,4e-05,0.99992,0,answer,"To find the expected dollar value of each arrangement, we multiply the payoff by the probability and sum the results.

For Arrangement A:
Expected value = (0.68 * $133) + (0.32 * $0)
Expected value = $90.44 + $0
Expected value = $90.44

For Arrangement B:
Expected value = $91 (since it's a certain gain)

Since $91 is greater than $90.44, we choose the arrangement with the higher expected dollar value.",massA=3.65e-05 massB=1
p2,1054,35,neutral,0,91,133,0.68,0.9938,2,True,B,meta-llama/Llama-3.1-8B-Instruct,chat,riskneutral,1,0.00014,0.99993,0,answer,"To determine the preferred option, we need to calculate the expected dollar value for each alternative.

For Alternative A, the expected dollar value is simply the certain amount:
Expected value A = $91

For Alternative B, we calculate the expected value by multiplying each possible outcome by its probability and summing the results:
Expected value B = ($133 * 0.68) + ($0 * 0.32)
Expected value B = $90.24 + $0
Expected value B = $90.24

Since $91 (Alternative A) is greater than $90.24 (Alternative B), the preferred option is",massA=1 massB=0.000144
p2,1226,13,dominant,0,72,119,1.0,1.6528,4,True,B,meta-llama/Llama-3.1-8B-Instruct,chat,riskneutral,1,0.99991,0.9999,0,answer,"To make a decision, we need to calculate the expected dollar value for each term. 

For Term A, the expected dollar value is the payoff times the probability. Since the payoff is certain, the probability is 1. 
Expected dollar value of Term A = $72 * 1 = $72

For Term B, the expected dollar value is also the payoff times the probability. Since the payoff is certain, the probability is 1.
Expected dollar value of Term B = $119 * 1 = $119

Since $119 is greater than $72, the option with the higher expected dollar value is Term B.",massA=9.03e-05 massB=1
p2,1238,19,dominant,0,64,91,1.0,1.4219,3,True,B,meta-llama/Llama-3.1-8B-Instruct,chat,riskneutral,1,0.99974,0.99991,0,answer,"To make a decision, I need to calculate the expected dollar value of each outcome. 

Outcome A: The payoff is $64, and the probability is 1 (since it's certain). So, the expected dollar value is $64 * 1 = $64.

Outcome B: The payoff is $91, and the probability is 1 (since it's certain). So, the expected dollar value is $91 * 1 = $91.

Since $91 is greater than $64, I should choose the option with the higher expected dollar value.",massA=0.000261 massB=1
p2,1024,34,neutral,0,52,96,0.63,1.1631,2,True,B,meta-llama/Llama-3.1-8B-Instruct,chat,riskneutral,1,0.9996,0.99994,0,answer,"To determine the preferred option, we need to calculate the expected dollar value for each alternative.

For Alternative A, the expected dollar value is simply the certain amount:
Expected value A = $52

For Alternative B, we calculate the expected value by multiplying each possible payoff by its probability and summing the results:
Expected value B = ($96 * 0.63) + ($0 * 0.37)
Expected value B = $60.48 + $0
Expected value B = $60.48

Since $60.48 is greater than $52, the preferred option is Alternative B.",massA=0.000398 massB=1
p2,948,31,gain,0,51,151,0.29,0.8586,4,True,B,meta-llama/Llama-3.1-8B-Instruct,chat,riskneutral,1,5e-05,0.99994,0,answer,"To decide between Term A and Term B, we need to calculate the expected dollar value of each option.

For Term A, the expected dollar value is simply the certain gain:
Expected value of Term A = $51

For Term B, we need to calculate the expected value using the probabilities and payoffs:
Expected value of Term B = (0.29 * $151) + (0.71 * $0)
Expected value of Term B = $43.99 + $0
Expected value of Term B = $43.99

Since $51 is greater than $43.99, the expected dollar value of Term A is higher.",massA=1 massB=5.31e-05
p2,180,6,neutral,0,94,101,0.71,0.7629,0,True,B,meta-llama/Llama-3.1-8B-Instruct,chat,riskneutral,1,0.00032,0.99996,0,answer,"To choose the option with the higher expected dollar value, we need to calculate the expected value for each option.

For Option A, the expected value is simply the certain payment:
Expected Value A = $94

For Option B, we need to calculate the expected value using the probabilities:
Expected Value B = ($101 * 0.71) + ($0 * 0.29)
Expected Value B = $71.21 + $0
Expected Value B = $71.21

Since $94 is greater than $71.21, the option with the higher expected dollar value is Option A.",massA=1 massB=0.00032
p2,1070,35,mixed,91,91,133,0.68,0.9938,0,True,B,meta-llama/Llama-3.1-8B-Instruct,chat,riskneutral,1,0.0005,0.99988,0,answer,"To compute the expected dollar value of each option, we need to multiply the payoff by the probability and sum the results.

For Option A, the expected dollar value is:
$91 (payoff) * 1 (probability) = $91

For Option B, the expected dollar value is:
($133 * 0.68) + ($0 * 0.32) = $90.44

Since $91 is greater than $90.44, the option with the higher expected dollar value is Option A.",massA=0.999 massB=0.000503
p2,1272,36,dominant,0,98,155,1.0,1.5816,1,True,B,meta-llama/Llama-3.1-8B-Instruct,chat,riskneutral,1,0.99997,0.99991,0,answer,"To determine the best option, we need to calculate the expected dollar value for each arrangement. Since both arrangements are for certain, the probability of receiving the amount is 1.

For Arrangement A: 
Expected dollar value = Payoff * Probability = $98 * 1 = $98

For Arrangement B: 
Expected dollar value = Payoff * Probability = $155 * 1 = $155

Since $155 is greater than $98, the expected dollar value of Arrangement B is higher.",massA=2.89e-05 massB=1
p2,1109,36,mixed,98,98,227,0.47,1.0887,4,False,A,meta-llama/Llama-3.1-8B-Instruct,chat,riskneutral,1,0.0001,0.99933,0,answer,"To decide between Term A and Term B, we need to calculate the expected dollar value of each option.

For Term A:
- The probability of rising to $227 is 47% or 0.47.
- The probability of dropping to $0 is 53% or 0.53.
- The expected value of Term A is calculated as follows:
  (Payoff if rising to $227) * (Probability of rising to $227) + (Payoff if dropping to $0) * (Probability of dropping to $0)
  = ($227 - $98) * 0.47 + ($0 - $98) * 0.53
  = $129 * 0.47 + (-$98) * 0.53
  = $60.43 - $52.34
  = $8.09

For Term B:
- The expected value of Term B is simply the initial amount of $98.

Comparing the expected dollar values:
- Term A has an expected value of $8.09.
- Term B has an expected value of $98.

Since $8.09 is less than $98, the expected dollar value of Term A is lower than Term B.",massA=9.6e-05 massB=0.999
p2,192,6,gain,0,94,101,0.71,0.7629,1,True,B,meta-llama/Llama-3.1-8B-Instruct,chat,riskneutral,1,5e-05,0.9999,0,answer,"To determine the expected dollar value of each arrangement, we need to multiply the payoff by the probability and sum the results.

For Arrangement A, the payoff is $94 and the probability is 100% (or 1). So, the expected dollar value is:
$94 * 1 = $94

For Arrangement B, the payoffs are $101 and $0, with probabilities 71% and 29%, respectively. So, the expected dollar value is:
($101 * 0.71) + ($0 * 0.29) = $71.61

Comparing the expected dollar values, Arrangement A has a higher expected dollar value ($94 vs $71.61).",massA=1 massB=5.48e-05
p2,1229,14,dominant,0,81,135,1.0,1.6667,1,False,A,meta-llama/Llama-3.1-8B-Instruct,chat,riskneutral,1,0.99978,0.99994,0,answer,"To determine the best option, we need to calculate the expected dollar value for each arrangement. 

For Arrangement A, the expected dollar value is simply the certain amount: $135.

For Arrangement B, the expected dollar value is also the certain amount: $81.

Since Arrangement A has a higher expected dollar value ($135 vs $81), we choose the option with the higher expected dollar value.",massA=1 massB=0.000217
p2,530,17,mixed,117,117,362,0.42,1.2995,0,True,B,meta-llama/Llama-3.1-8B-Instruct,chat,riskneutral,1,0.99989,0.99988,0,answer,"To compute the expected dollar value of each option, we need to multiply the payoff by the probability and sum the results.

For Option A, the expected dollar value is:
$117 (payoff) * 1 (probability) = $117

For Option B, the expected dollar value is:
($362 * 0.42) + ($0 * 0.58) = $152.04

Since $152.04 is greater than $117, the option with the higher expected dollar value is Option B.",massA=0.000106 massB=1
p2,1091,36,gain,0,98,227,0.47,1.0887,0,False,A,meta-llama/Llama-3.1-8B-Instruct,chat,riskneutral,1,0.99962,0.99991,0,answer,"To compute the expected dollar value of each option, we multiply the payoff by the probability and sum the results.

For Option A:
Expected value = (0.47 * $227) + (0.53 * $0)
Expected value = $106.49 + $0
Expected value = $106.49

For Option B:
Expected value = $98 (since it's a certain gain)

Since $106.49 is greater than $98, the option with the higher expected dollar value is Option A.",massA=1 massB=0.00038
p2,414,13,mixed,72,72,88,0.64,0.7822,2,True,B,meta-llama/Llama-3.1-8B-Instruct,chat,riskneutral,1,0.0001,0.99995,0,answer,"To determine the expected dollar value of each alternative, we need to calculate the product of the payoff and the probability for each possible outcome.

For Alternative A, there is only one outcome: keeping the $72. The expected dollar value is simply $72.

For Alternative B, there are two possible outcomes:
1. A 64% chance to rise to $88: Expected value = $88 * 0.64 = $56.32
2. A 36% chance to drop to $0: Expected value = $0 * 0.36 = $0

To find the overall expected dollar value of Alternative B, we add the expected values of the two outcomes: $56.32 + $0 = $56.32

Now, we compare the expected dollar values of the two alternatives:
Alternative A: $72
Alternative B: $56.32

Since $72 is greater than $56.32, the expected dollar value of Alternative A is higher.",massA=1 massB=0.000101
p2,1165,38,mixed,183,183,609,0.38,1.2646,2,False,A,meta-llama/Llama-3.1-8B-Instruct,chat,riskneutral,1,0.00199,0.9981,0,answer,"To compute the expected dollar value of each option, we need to multiply the payoff by the probability and sum the results.

For Alternative A:
Expected value = (38% * $609) + (62% * -$183)
Expected value = (0.38 * $609) + (0.62 * -$183)
Expected value = $231.42 - $113.86
Expected value = $117.56

For Alternative B:
Expected value = $183 (since there's no change)

Comparing the expected values, Alternative A has a higher expected dollar value ($117.56 vs $183). However, since Alternative B is a sure thing ($183), it's actually the better option.",massA=0.00198 massB=0.996
p2,311,10,gain,0,111,278,0.58,1.4526,0,False,A,meta-llama/Llama-3.1-8B-Instruct,chat,riskneutral,1,0.99958,0.9999,0,answer,"To compute the expected dollar value of each option, we multiply the payoff by the probability and sum the results.

For Option A:
Expected value = (0.58 * $278) + (0.42 * $0)
Expected value = $161.24 + $0
Expected value = $161.24

For Option B:
Expected value = $111 (since it's a certain gain)

Since $161.24 is greater than $111, the option with the higher expected dollar value is Option A.",massA=0.999 massB=0.000417
p2,396,13,neutral,0,72,88,0.64,0.7822,3,True,B,meta-llama/Llama-3.1-8B-Instruct,chat,riskneutral,1,8e-05,0.99989,0,answer,"To choose the best option, we need to calculate the expected dollar value of each outcome.

For Outcome A, the expected dollar value is simply the certain amount:
Expected value A = $72

For Outcome B, we need to calculate the weighted sum of the possible payoffs:
Expected value B = ($88 * 0.64) + ($0 * 0.36)
Expected value B = $56.32

Since $72 is greater than $56.32, the best option is Outcome A.",massA=1 massB=7.72e-05
p2,462,15,gain,0,82,113,0.74,1.0198,1,True,B,meta-llama/Llama-3.1-8B-Instruct,chat,riskneutral,1,0.99998,0.99987,0,answer,"To determine the expected dollar value of each arrangement, we need to multiply the payoff by the probability and sum the results.

For Arrangement A, the payoff is $82 and the probability is 100% (or 1). So, the expected dollar value is:
$82 * 1 = $82

For Arrangement B, the payoff is $113 with a 74% chance and $0 with a 26% chance. So, the expected dollar value is:
($113 * 0.74) + ($0 * 0.26) = $83.42

Since $83.42 is greater than $82, the expected dollar value of Arrangement B is higher.",massA=2.14e-05 massB=1
p2,359,11,mixed,54,54,68,0.81,1.02,4,False,A,meta-llama/Llama-3.1-8B-Instruct,chat,riskneutral,1,0.99972,0.99991,0,answer,"To decide between Term A and Term B, we need to calculate the expected dollar value of each option.

For Term A:
- The probability of rising to $68 is 81% or 0.81.
- The probability of dropping to $0 is 19% or 0.19.
- The expected dollar value of Term A is calculated as follows:
  (Payoff if rising to $68) * (Probability of rising to $68) + (Payoff if dropping to $0) * (Probability of dropping to $0)
  = ($68 - $54) * 0.81 + ($0 - $54) * 0.19
  = $14 * 0.81 - $54 * 0.19
  = $11.34 - $10.26
  = $1.08

For Term B:
- The expected dollar value is simply the initial amount, as there's no change.
- Expected dollar value of Term B = $54

Since the expected dollar value of Term A ($1.08) is higher than that of Term B ($54), the decision is to choose Term A.",massA=1 massB=0.000282
p2,1096,36,gain,0,98,227,0.47,1.0887,3,True,B,meta-llama/Llama-3.1-8B-Instruct,chat,riskneutral,1,0.99999,0.99998,0,answer,"To choose the best option, we need to calculate the expected dollar value of each outcome.

For Outcome A, the expected dollar value is the certain gain of $98. Since it's a sure thing, the probability is 1 (or 100%).

For Outcome B, we have two possible gains with their respective probabilities:
- Gain $227 with 47% probability
- Gain nothing with 53% probability

To calculate the expected dollar value of Outcome B, we multiply each gain by its probability and then sum these products:
Expected value of Outcome B = ($227 * 0.47) + ($0 * 0.53)
Expected value of Outcome B = $106.49 + $0
Expected value of Outcome B = $106.49

Now, let's compare the expected dollar values of both outcomes:
- Outcome A: $98
- Outcome B: $106.49

Since Outcome B has a higher expected dollar value, the best choice is",massA=9.97e-06 massB=1
p2,502,16,mixed,139,139,234,0.6,1.0101,1,True,B,meta-llama/Llama-3.1-8B-Instruct,chat,riskneutral,1,0.99992,0.99986,0,answer,"To determine the expected dollar value of each arrangement, we need to calculate the product of the payoff and the probability for each possible outcome.

For Arrangement A, there is only one outcome: keeping the $139. The expected dollar value is:
$139 (payoff) * 1 (probability) = $139

For Arrangement B, there are two possible outcomes:
1. A 60% chance to rise to $234: $234 (payoff) * 0.6 (probability) = $140.40
2. A 40% chance to drop to $0: $0 (payoff) * 0.4 (probability) = $0
The expected dollar value of Arrangement B is the sum of these two products: $140.40 + $0 = $140.40

Since $140.40 (expected dollar value of Arrangement B) is greater than $139 (expected dollar value of Arrangement A), the option with the higher expected dollar value is Arrangement B.",massA=8.09e-05 massB=1
p2,422,14,neutral,0,81,201,0.68,1.6874,1,True,B,meta-llama/Llama-3.1-8B-Instruct,chat,riskneutral,1,0.99995,0.99987,0,answer,"To determine the expected dollar value of each arrangement, we need to multiply the payoff by the probability and sum the results.

For Arrangement A, the payoff is $81 and the probability is 100% (or 1). So, the expected dollar value is:
$81 * 1 = $81

For Arrangement B, the payoff is $201 with a 68% probability and $0 with a 32% probability. So, the expected dollar value is:
($201 * 0.68) + ($0 * 0.32) = $136.56 + $0 = $136.56

Since $136.56 is greater than $81, the expected dollar value of Arrangement B is higher.",massA=4.76e-05 massB=1
p2,1058,35,neutral,0,91,133,0.68,0.9938,4,True,B,meta-llama/Llama-3.1-8B-Instruct,chat,riskneutral,1,0.00123,0.99992,0,answer,"To decide between Term A and Term B, we need to calculate the expected dollar value of each option.

For Term A, the expected dollar value is simply the certain payoff:
Expected Value A = $91

For Term B, we multiply each payoff by its probability and sum the results:
Expected Value B = ($133 * 0.68) + ($0 * 0.32)
Expected Value B = $90.24

Since $90.24 is less than $91, we should choose the option with the higher expected dollar value.",massA=0.999 massB=0.00123
p2,648,21,gain,0,106,206,0.73,1.4187,4,True,B,meta-llama/Llama-3.1-8B-Instruct,chat,riskneutral,1,0.99997,0.99991,0,answer,"To decide between Term A and Term B, we need to calculate the expected dollar value of each option.

For Term A, the expected dollar value is simply the certain gain:
Expected value of Term A = $106

For Term B, we need to calculate the expected value by multiplying each possible gain by its probability and summing the results:
Expected value of Term B = ($206 * 0.73) + ($0 * 0.27)
Expected value of Term B = $150.18

Since $150.18 is greater than $106, the expected dollar value of Term B is higher.",massA=2.55e-05 massB=1
p2,494,16,gain,0,139,234,0.6,1.0101,2,True,B,meta-llama/Llama-3.1-8B-Instruct,chat,riskneutral,1,0.99995,0.99992,0,answer,"To determine the preferred option, we need to calculate the expected dollar value of each alternative.

For Alternative A, the expected dollar value is simply the certain gain:
Expected value A = $139

For Alternative B, we need to calculate the expected value by multiplying each possible gain by its probability and summing the results:
Expected value B = ($234 * 0.6) + ($0 * 0.4)
Expected value B = $140.4 + $0
Expected value B = $140.4

Since $140.4 is greater than $139, the preferred option is Alternative B.",massA=4.99e-05 massB=1
p2,935,31,neutral,0,51,151,0.29,0.8586,2,False,A,meta-llama/Llama-3.1-8B-Instruct,chat,riskneutral,1,9e-05,0.99986,0,answer,"To find the expected dollar value of each alternative, we multiply the payoff by the probability and sum the results.

For Alternative A:
Expected value = ($151 * 0.29) + ($0 * 0.71)
Expected value = $44.09 + $0
Expected value = $44.09

For Alternative B:
Expected value = ($51 * 1)
Expected value = $51

Since $51 is greater than $44.09, the expected dollar value of Alternative B is higher.",massA=8.75e-05 massB=1
p2,456,15,neutral,0,82,113,0.74,1.0198,3,True,B,meta-llama/Llama-3.1-8B-Instruct,chat,riskneutral,1,0.99997,0.99997,0,answer,"To choose the best option, we need to calculate the expected dollar value of each outcome.

For Outcome A, the expected dollar value is simply the certain amount:
Expected value A = $82

For Outcome B, we need to calculate the weighted sum of the possible payoffs:
Expected value B = ($113 * 0.74) + ($0 * 0.26)
Expected value B = $83.62

Since Outcome B has a higher expected dollar value, the best option is",massA=2.71e-05 massB=1
p2,128,4,neutral,0,29,71,0.55,1.3466,4,True,B,meta-llama/Llama-3.1-8B-Instruct,chat,riskneutral,1,0.99997,0.99996,0,answer,"To decide between Term A and Term B, we need to calculate the expected dollar value of each option.

For Term A, the expected dollar value is simply the certain amount:
Expected value of Term A = $29

For Term B, we multiply each possible payoff by its probability and sum them up:
Expected value of Term B = ($71 * 0.55) + ($0 * 0.45)
Expected value of Term B = $38.95 + $0
Expected value of Term B = $38.95

Since the expected dollar value of Term A ($29) is less than the expected dollar value of Term B ($38.95), we choose the option with the higher expected dollar value.",massA=3.07e-05 massB=1
p2,599,19,mixed,64,64,122,0.49,0.9341,4,False,A,meta-llama/Llama-3.1-8B-Instruct,chat,riskneutral,1,2e-05,0.99968,0,answer,"To decide between Term A and Term B, we need to calculate the expected dollar value of each option.

For Term A:
- The probability of rising to $122 is 49% or 0.49.
- The probability of dropping to $0 is 51% or 0.51.
- The expected value of Term A is calculated as follows:
  (Payoff if rising to $122) * (Probability of rising to $122) + (Payoff if dropping to $0) * (Probability of dropping to $0)
  = ($122 - $64) * 0.49 + ($0 - $64) * 0.51
  = $58 * 0.49 + (-$64) * 0.51
  = $28.42 - $32.64
  = -$4.22

For Term B:
- The expected value of Term B is simply the initial amount of $64.

Since the expected dollar value of Term A is -$4.22 and the expected dollar value of Term B is $64, we should choose Term B.",massA=1.86e-05 massB=1
p2,597,19,mixed,64,64,122,0.49,0.9341,3,False,A,meta-llama/Llama-3.1-8B-Instruct,chat,riskneutral,1,0.99978,0.99994,0,answer,"To choose the best outcome, we need to calculate the expected dollar value for each option.

For Outcome A:
- The probability of rising to $122 is 49% or 0.49.
- The probability of dropping to $0 is 51% or 0.51.
- The expected dollar value for Outcome A is calculated as follows:
  (Payoff if rising to $122 * Probability of rising to $122) + (Payoff if dropping to $0 * Probability of dropping to $0)
  = ($122 * 0.49) + ($0 * 0.51)
  = $59.78 + $0
  = $59.78

For Outcome B:
- The expected dollar value is simply the initial amount, as there's no change.
- Expected dollar value for Outcome B = $64

Since $59.78 (Outcome A) is greater than $64 (Outcome B), the best option is",massA=1 massB=0.000217
p2,515,17,neutral,0,117,362,0.42,1.2995,2,False,A,meta-llama/Llama-3.1-8B-Instruct,chat,riskneutral,1,0.99983,0.99994,0,answer,"To find the expected dollar value of each alternative, we multiply the payoff by the probability and sum the results.

For Alternative A:
Expected value = ($362 * 0.42) + ($0 * 0.58)
Expected value = $151.64 + $0
Expected value = $151.64

For Alternative B:
Expected value = ($117 * 1)
Expected value = $117

Since $151.64 is greater than $117, the expected dollar value of Alternative A is higher.",massA=1 massB=0.000166
p2,240,8,neutral,0,62,263,0.33,1.3998,0,True,B,meta-llama/Llama-3.1-8B-Instruct,chat,riskneutral,1,0.99977,0.99997,0,answer,"To choose the option with the higher expected dollar value, we need to calculate the expected value for each option.

For Option A, the expected value is simply the certain payment:
Expected Value A = $62

For Option B, we need to calculate the expected value using the given probabilities:
Expected Value B = ($263 * 0.33) + ($0 * 0.67)
Expected Value B = $86.59 + $0
Expected Value B = $86.59

Since $86.59 is greater than $62, the option with the higher expected dollar value is Option B.",massA=0.000234 massB=1
p2,1039,34,gain,0,52,96,0.63,1.1631,4,False,A,meta-llama/Llama-3.1-8B-Instruct,chat,riskneutral,1,0.99992,0.99994,0,answer,"To decide between Term A and Term B, we need to calculate the expected dollar value of each option.

For Term A:
Expected value = (probability of gaining $96) * ($96) + (probability of gaining nothing) * ($0)
Expected value = (0.63) * ($96) + (0.37) * ($0)
Expected value = $60.48

For Term B:
Expected value = (probability of gaining $52) * ($52)
Expected value = (1) * ($52)
Expected value = $52

Since $60.48 is greater than $52, the expected dollar value of Term A is higher.",massA=1 massB=7.72e-05
p2,930,31,neutral,0,51,151,0.29,0.8586,0,True,B,meta-llama/Llama-3.1-8B-Instruct,chat,riskneutral,1,0.00031,0.99997,0,answer,"To choose the option with the higher expected dollar value, we need to calculate the expected value for each option.

For Option A, the expected value is simply the certain payment:
Expected Value A = $51

For Option B, we need to calculate the expected value using the given probabilities:
Expected Value B = ($151 * 0.29) + ($0 * 0.71)
Expected Value B = $44.09

Since $51 is greater than $44.09, the option with the higher expected dollar value is Option A.",massA=1 massB=0.00031
p2,428,14,neutral,0,81,201,0.68,1.6874,4,True,B,meta-llama/Llama-3.1-8B-Instruct,chat,riskneutral,1,0.99993,0.99992,0,answer,"To decide between Term A and Term B, we need to calculate the expected dollar value of each term.

For Term A, the expected dollar value is simply the certain payoff:
Expected value of Term A = $81

For Term B, we need to calculate the expected value using the probabilities:
Expected value of Term B = ($201 * 0.68) + ($0 * 0.32)
Expected value of Term B = $136.56 + $0
Expected value of Term B = $136.56

Since the expected dollar value of Term B ($136.56) is higher than that of Term A ($81), the decision is to choose Term B.",massA=7.48e-05 massB=1
p2,455,15,neutral,0,82,113,0.74,1.0198,2,False,A,meta-llama/Llama-3.1-8B-Instruct,chat,riskneutral,1,0.99989,0.99994,0,answer,"To find the expected dollar value of each alternative, we multiply the payoff by the probability and sum the results.

For Alternative A:
Expected value = ($113 * 0.74) + ($0 * 0.26)
Expected value = $83.62 + $0
Expected value = $83.62

For Alternative B:
Expected value = ($82 * 1)
Expected value = $82

Since $83.62 is greater than $82, the expected dollar value of Alternative A is higher.",massA=1 massB=0.000114
p2,1080,36,neutral,0,98,227,0.47,1.0887,0,True,B,meta-llama/Llama-3.1-8B-Instruct,chat,riskneutral,1,0.99991,0.99997,0,answer,"To choose the option with the higher expected dollar value, we need to calculate the expected value for each option.

For Option A, the expected value is simply the certain payment:
Expected Value A = $98

For Option B, we need to calculate the expected value using the probabilities:
Expected Value B = ($227 * 0.47) + ($0 * 0.53)
Expected Value B = $106.09

Since $106.09 is greater than $98, the option with the higher expected dollar value is Option B.",massA=9.17e-05 massB=1
p2,616,20,gain,0,186,266,0.63,0.901,3,True,B,meta-llama/Llama-3.1-8B-Instruct,chat,riskneutral,1,0.99996,0.99994,0,answer,"To choose the best option, we need to calculate the expected dollar value of each outcome.

For Outcome A, the expected dollar value is simply the certain gain:
Expected value A = $186

For Outcome B, we need to calculate the expected value by multiplying each possible gain by its probability and then summing these products:
Expected value B = ($266 * 0.63) + ($266 * 0.63) + ($0 * 0.37)
Expected value B = $167.38 + $167.38 + $0
Expected value B = $334.76

Since Outcome B has a higher expected dollar value, the best option is",massA=4.26e-05 massB=1
p2,950,31,mixed,51,51,151,0.29,0.8586,0,True,B,meta-llama/Llama-3.1-8B-Instruct,chat,riskneutral,1,0.00016,0.99991,0,answer,"To compute the expected dollar value of each option, we need to multiply the payoff by the probability and sum the results.

For Option A, the expected dollar value is:
$51 (payoff) * 1 (probability) = $51

For Option B, the expected dollar value is:
($151 * 0.29) + ($0 * 0.71) = $43.99 (approximately)

Since $51 is greater than $43.99, the expected dollar value of Option A is higher.",massA=1 massB=0.000163
p2,1045,34,mixed,52,52,96,0.63,1.1631,2,False,A,meta-llama/Llama-3.1-8B-Instruct,chat,riskneutral,1,0.99996,0.99994,0,answer,"To compute the expected dollar value of each option, we need to multiply the payoff by the probability and sum the results.

For Alternative A:
Expected value = (Payoff 1 * Probability 1) + (Payoff 2 * Probability 2)
Expected value = ($96 * 0.63) + ($0 * 0.37)
Expected value = $60.48 + $0
Expected value = $60.48

For Alternative B:
Expected value = (Payoff * Probability)
Expected value = ($52 * 1)
Expected value = $52

Since $60.48 is greater than $52, the expected dollar value of Alternative A is higher.",massA=1 massB=4.47e-05
p2,637,21,neutral,0,106,206,0.73,1.4187,3,False,A,meta-llama/Llama-3.1-8B-Instruct,chat,riskneutral,1,0.99993,0.99997,0,answer,"To choose the best option, we need to calculate the expected dollar value for each outcome.

For Outcome A:
Expected value = (Payoff 1 * Probability 1) + (Payoff 2 * Probability 2)
Expected value = ($206 * 0.73) + ($0 * 0.27)
Expected value = $150.18

For Outcome B:
Expected value = (Payoff * Probability)
Expected value = ($106 * 1)
Expected value = $106

Since $150.18 is greater than $106, the best option is",massA=1 massB=7.48e-05
p2,934,31,neutral,0,51,151,0.29,0.8586,2,True,B,meta-llama/Llama-3.1-8B-Instruct,chat,riskneutral,1,0.00011,0.99995,0,answer,"To determine the preferred option, we need to calculate the expected dollar value for each alternative.

For Alternative A, the expected dollar value is:
Expected Value A = ($51) * (1) = $51

For Alternative B, the expected dollar value is:
Expected Value B = ($151) * (0.29) + ($0) * (0.71) = $43.99

Since $51 is greater than $43.99, the preferred option is Alternative A.",massA=1 massB=0.000112
p2,1240,20,dominant,0,186,229,1.0,1.2312,0,True,B,meta-llama/Llama-3.1-8B-Instruct,chat,riskneutral,1,0.99995,0.99995,0,answer,"To determine the preferred option, we need to calculate the expected dollar value for each option. Since both options are certain, the probability of receiving the payment is 1.

Option A: $186 * 1 = $186
Option B: $229 * 1 = $229

Since $229 is greater than $186, the preferred option is the one with the higher expected dollar value.",massA=4.91e-05 massB=1
p2,1218,9,dominant,0,49,82,1.0,1.6735,1,True,B,meta-llama/Llama-3.1-8B-Instruct,chat,riskneutral,1,0.99993,0.99985,0,answer,"To determine the best option, we need to calculate the expected dollar value for each arrangement. 

For Arrangement A, the expected dollar value is $49 (payoff) times 1 (probability), which equals $49.

For Arrangement B, the expected dollar value is $82 (payoff) times 1 (probability), which equals $82.

Since $82 is greater than $49, the option with the higher expected dollar value is Arrangement B.",massA=7.25e-05 massB=1
p2,293,9,mixed,49,49,153,0.26,0.8118,1,False,A,meta-llama/Llama-3.1-8B-Instruct,chat,riskneutral,1,1e-05,0.99967,0,answer,"To determine the best option, we need to calculate the expected dollar value for each arrangement.

For Arrangement A:
- Probability of rising to $153: 26%
- Probability of dropping to $0: 74%
- Expected value = (Payoff * Probability) + (Payoff * Probability)
Expected value = ($153 * 0.26) + ($0 * 0.74)
Expected value = $39.78 + $0
Expected value = $39.78

For Arrangement B:
- Probability of keeping $49: 100%
- Expected value = (Payoff * Probability)
Expected value = ($49 * 1)
Expected value = $49

Since $39.78 is less than $49, Arrangement B has a higher expected dollar value.",massA=1.26e-05 massB=1
p2,340,11,gain,0,54,68,0.81,1.02,0,True,B,meta-llama/Llama-3.1-8B-Instruct,chat,riskneutral,1,0.99995,0.99988,0,answer,"To compute the expected dollar value of each option, we multiply the payoff by the probability and sum the results.

For Option A, the expected dollar value is:
$54 (payoff) * 1 (probability) = $54

For Option B, the expected dollar value is:
($68 * 0.81) + ($0 * 0.19) = $54.88

Since $54.88 is greater than $54, the option with the higher expected dollar value is Option B.",massA=4.76e-05 massB=1
p2,142,4,mixed,29,29,71,0.55,1.3466,1,True,B,meta-llama/Llama-3.1-8B-Instruct,chat,riskneutral,1,0.99987,0.99989,0,answer,"To determine the expected dollar value of each arrangement, we need to calculate the product of the payoff and the probability for each possible outcome.

For Arrangement A, there is only one outcome: keeping the $29. The expected dollar value is:
$29 (payoff) * 1 (probability) = $29

For Arrangement B, there are two possible outcomes:
1. A 55% chance to rise to $71: $71 (payoff) * 0.55 (probability) = $38.95
2. A 45% chance to drop to $0: $0 (payoff) * 0.45 (probability) = $0
The expected dollar value of Arrangement B is the sum of these two products: $38.95 + $0 = $38.95

Since $29 (Arrangement A) is less than $38.95 (Arrangement B), the expected dollar value of Arrangement B is higher.",massA=0.000127 massB=1
p2,421,14,neutral,0,81,201,0.68,1.6874,0,False,A,meta-llama/Llama-3.1-8B-Instruct,chat,riskneutral,1,0.99986,0.99994,0,answer,"To choose the option with the higher expected dollar value, we need to calculate the expected value for each option.

For Option A:
Expected value = (Payoff 1 * Probability 1) + (Payoff 2 * Probability 2)
Expected value = ($201 * 0.68) + ($0 * 0.32)
Expected value = $136.56

For Option B:
Expected value = (Payoff * Probability)
Expected value = ($81 * 1)
Expected value = $81

Since $136.56 is greater than $81, the option with the higher expected dollar value is Option A.",massA=1 massB=0.000142
p2,532,17,mixed,117,117,362,0.42,1.2995,1,True,B,meta-llama/Llama-3.1-8B-Instruct,chat,riskneutral,1,0.99992,0.99985,0,answer,"To determine the expected dollar value of each arrangement, we need to calculate the product of the payoff and the probability for each possible outcome.

For Arrangement A, there is only one outcome: keeping the $117. The expected dollar value is:
$117 (payoff) * 1 (probability) = $117

For Arrangement B, there are two possible outcomes:
1. A 42% chance to rise to $362: $362 (payoff) * 0.42 (probability) = $152.24
2. A 58% chance to drop to $0: $0 (payoff) * 0.58 (probability) = $0

The expected dollar value of Arrangement B is the sum of these two products:
$152.24 + $0 = $152.24

Since $152.24 (Arrangement B) is greater than $117 (Arrangement A), the expected dollar value of Arrangement B is higher.",massA=7.97e-05 massB=1
p2,947,31,gain,0,51,151,0.29,0.8586,3,False,A,meta-llama/Llama-3.1-8B-Instruct,chat,riskneutral,1,3e-05,0.99981,0,answer,"To choose the best outcome, we need to calculate the expected dollar value of each option.

For Outcome A:
- The probability of gaining $151 is 29% or 0.29.
- The probability of gaining nothing is 71% or 0.71.
- Expected dollar value of Outcome A = ($151 * 0.29) + ($0 * 0.71)
- Expected dollar value of Outcome A = $43.89 + $0
- Expected dollar value of Outcome A = $43.89

For Outcome B:
- The probability of gaining $51 is 100% or 1.
- Expected dollar value of Outcome B = ($51 * 1)
- Expected dollar value of Outcome B = $51

Since $51 is greater than $43.89, the best outcome is Outcome B.",massA=3.48e-05 massB=1
p2,324,10,mixed,111,111,278,0.58,1.4526,2,True,B,meta-llama/Llama-3.1-8B-Instruct,chat,riskneutral,1,0.99997,0.99996,0,answer,"To determine the expected dollar value of each alternative, we need to calculate the product of the payoff and the probability for each possible outcome.

For Alternative A, there is only one outcome: keeping the $111. The expected dollar value is:
$111 * 1 = $111

For Alternative B, there are two possible outcomes:
1. A 58% chance to rise to $278: $278 * 0.58 = $161.24
2. A 42% chance to drop to $0: $0 * 0.42 = $0

The expected dollar value of Alternative B is the sum of these two products:
$161.24 + $0 = $161.24

Since $161.24 is greater than $111, the expected dollar value of Alternative B is higher.",massA=2.93e-05 massB=1
p2,355,11,mixed,54,54,68,0.81,1.02,2,False,A,meta-llama/Llama-3.1-8B-Instruct,chat,riskneutral,1,0.99995,0.99995,0,answer,"To compute the expected dollar value of each option, we need to multiply the payoff by the probability and sum the results.

For Alternative A:
- 81% chance to rise to $68: 0.81 * $68 = $54.88
- 19% chance to drop to $0: 0.19 * $0 = $0
Expected dollar value of Alternative A: $54.88 + $0 = $54.88

For Alternative B:
- Keep $54 with no change: 1 * $54 = $54
Expected dollar value of Alternative B: $54

Since $54.88 is greater than $54, the expected dollar value of Alternative A is higher.",massA=1 massB=4.99e-05
p2,448,14,mixed,81,81,201,0.68,1.6874,4,True,B,meta-llama/Llama-3.1-8B-Instruct,chat,riskneutral,1,0.99999,0.99996,0,answer,"To decide between Term A and Term B, we need to calculate the expected dollar value of each option.

For Term A, the expected dollar value is simply the initial amount:
Expected value of Term A = $81

For Term B, we need to calculate the expected value using the probabilities and payoffs:
Expected value of Term B = (68% chance to rise to $201) * ($201) + (32% chance to drop to $0) * ($0)
Expected value of Term B = 0.68 * $201 + 0.32 * $0
Expected value of Term B = $136.80 + $0
Expected value of Term B = $136.80

Since the expected dollar value of Term B ($136.80) is higher than that of Term A ($81), the best option is Term B.",massA=1.36e-05 massB=1
p2,299,9,mixed,49,49,153,0.26,0.8118,4,False,A,meta-llama/Llama-3.1-8B-Instruct,chat,riskneutral,1,1e-05,0.99978,0,answer,"To decide between Term A and Term B, we need to calculate the expected dollar value of each option.

For Term A:
- Probability of rising to $153: 26%
- Probability of dropping to $0: 74%
- Expected value = (Payoff 1 * Probability 1) + (Payoff 2 * Probability 2)
Expected value = ($153 * 0.26) + ($0 * 0.74)
Expected value = $39.78 + $0
Expected value = $39.78

For Term B:
- Probability of keeping $49: 100%
- Expected value = (Payoff * Probability)
Expected value = ($49 * 1)
Expected value = $49

Since $39.78 (Term A) is less than $49 (Term B), we should choose Term B.",massA=1.08e-05 massB=1
p2,520,17,gain,0,117,362,0.42,1.2995,0,True,B,meta-llama/Llama-3.1-8B-Instruct,chat,riskneutral,1,0.99994,0.99989,0,answer,"To compute the expected dollar value of each option, we multiply the payoff by the probability and sum the results.

For Option A, the expected dollar value is:
$117 (payoff) * 1 (probability) = $117

For Option B, the expected dollar value is:
($362 * 0.42) + ($0 * 0.58) = $152.44

Since $152.44 is greater than $117, the option with the higher expected dollar value is Option B.",massA=5.92e-05 massB=1
p2,123,4,neutral,0,29,71,0.55,1.3466,1,False,A,meta-llama/Llama-3.1-8B-Instruct,chat,riskneutral,1,0.99987,0.99994,0,answer,"To find the expected dollar value of each arrangement, we multiply the payoff by the probability and sum the results.

For Arrangement A:
Expected value = ($71 * 0.55) + ($0 * 0.45)
Expected value = $38.95 + $0
Expected value = $38.95

For Arrangement B:
Expected value = ($29 * 1)
Expected value = $29

Since $38.95 is greater than $29, the expected dollar value of Arrangement A is higher.",massA=1 massB=0.000129
p2,316,10,gain,0,111,278,0.58,1.4526,3,True,B,meta-llama/Llama-3.1-8B-Instruct,chat,riskneutral,1,0.99991,0.99985,0,answer,"To choose the best option, we need to calculate the expected dollar value of each outcome.

For Outcome A, the expected dollar value is simply the certain gain:
Expected value A = $111

For Outcome B, we need to calculate the expected value using the probabilities and payoffs:
Expected value B = ($278 * 0.58) + ($0 * 0.42)
Expected value B = $161.24

Since Outcome A has an expected value of $111 and Outcome B has an expected value of $161.24, Outcome B is the better choice.",massA=9.17e-05 massB=1
p2,1146,38,neutral,0,183,609,0.38,1.2646,3,True,B,meta-llama/Llama-3.1-8B-Instruct,chat,riskneutral,1,0.99996,0.99993,0,answer,"To choose the best option, we need to calculate the expected dollar value of each outcome.

For Outcome A, the expected dollar value is the certain amount:
Expected Value A = $183

For Outcome B, we need to calculate the expected value using the probabilities:
Expected Value B = ($609 * 0.38) + ($0 * 0.62)
Expected Value B = $231.22 + $0
Expected Value B = $231.22

Since Outcome A has an expected value of $183 and Outcome B has an expected value of $231.22, Outcome B has a higher expected dollar value.",massA=3.88e-05 massB=1
p2,534,17,mixed,117,117,362,0.42,1.2995,2,True,B,meta-llama/Llama-3.1-8B-Instruct,chat,riskneutral,1,0.99998,0.99997,0,answer,"To determine the expected dollar value of each alternative, we need to calculate the product of the payoff and the probability for each outcome.

For Alternative A, the expected dollar value is simply the initial amount since there's no change:
Expected value A = $117 * 1 = $117

For Alternative B, we have two possible outcomes:
- A 42% chance to rise to $362: Expected value B1 = $362 * 0.42 = $152.04
- A 58% chance to drop to $0: Expected value B2 = $0 * 0.58 = $0

The overall expected value of Alternative B is the sum of these two outcomes:
Expected value B = $152.04 + $0 = $152.04

Since $152.04 is greater than $117, the expected dollar value of Alternative B is higher.",massA=2.28e-05 massB=1
p2,924,30,mixed,149,149,447,0.26,0.78,2,True,B,meta-llama/Llama-3.1-8B-Instruct,chat,riskneutral,1,0.99939,0.9999,0,answer,"To determine the expected dollar value of each alternative, we need to calculate the product of the payoff and the probability for each outcome.

For Alternative A, the expected dollar value is simply the initial amount since there's no change:
Expected value A = $149 * 1 = $149

For Alternative B, we have two possible outcomes:
- With a 26% chance, the payoff is $447.
- With a 74% chance, the payoff is $0.

Expected value B = ($447 * 0.26) + ($0 * 0.74)
Expected value B = $116.42 + $0
Expected value B = $116.42

Since Alternative B has a higher expected dollar value ($116.42 vs $149), the risk-neutral expected-value maximizer would choose Alternative B.",massA=0.000607 massB=0.999
p2,921,30,mixed,149,149,447,0.26,0.78,0,False,A,meta-llama/Llama-3.1-8B-Instruct,chat,riskneutral,1,2e-05,0.99978,0,answer,"To compute the expected dollar value of each option, we need to multiply the payoff by the probability and sum the results.

For Option A:
- 26% chance to rise to $447: 0.26 * $447 = $116.42
- 74% chance to drop to $0: 0.74 * $0 = $0
Expected dollar value of Option A: $116.42 + $0 = $116.42

For Option B:
- Keep $149 with no change: 1 * $149 = $149
Expected dollar value of Option B: $149

Since $149 is greater than $116.42, the option with the higher expected dollar value is Option B.",massA=2.05e-05 massB=1
p2,437,14,gain,0,81,201,0.68,1.6874,3,False,A,meta-llama/Llama-3.1-8B-Instruct,chat,riskneutral,1,0.99992,0.99995,0,answer,"To choose the best outcome, we need to calculate the expected dollar value of each option.

For Outcome A:
Expected value = (probability of gaining $201) * ($201) + (probability of gaining nothing) * ($0)
Expected value = (0.68) * ($201) + (0.32) * ($0)
Expected value = $136.80

For Outcome B:
Expected value = (probability of gaining $81) * ($81)
Expected value = (1) * ($81)
Expected value = $81

Since $136.80 is greater than $81, the best outcome is",massA=1 massB=8.09e-05
p2,1107,36,mixed,98,98,227,0.47,1.0887,3,False,A,meta-llama/Llama-3.1-8B-Instruct,chat,riskneutral,1,0.99992,0.9999,0,answer,"To choose the best outcome, we need to calculate the expected dollar value for each option.

For Outcome A:
- The probability of rising to $227 is 47% or 0.47.
- The probability of dropping to $0 is 53% or 0.53.
- The expected dollar value for Outcome A is calculated as follows:
  (Payoff if successful * Probability of success) + (Payoff if unsuccessful * Probability of failure)
  = ($227 * 0.47) + ($0 * 0.53)
  = $106.29 + $0
  = $106.29

For Outcome B:
- The probability of keeping the $98 is 100% or 1.
- The expected dollar value for Outcome B is calculated as follows:
  (Payoff * Probability)
  = ($98 * 1)
  = $98

Since $106.29 is greater than $98, the best outcome is Outcome A.",massA=1 massB=7.84e-05
p2,304,10,neutral,0,111,278,0.58,1.4526,2,True,B,meta-llama/Llama-3.1-8B-Instruct,chat,riskneutral,1,0.01385,0.99994,0,answer,"To determine the preferred option, we need to calculate the expected dollar value for each alternative.

For Alternative A, the expected dollar value is:
Expected Value A = (Payoff A) * (Probability A)
Expected Value A = $111 * 1
Expected Value A = $111

For Alternative B, the expected dollar value is:
Expected Value B = (Payoff B1) * (Probability B1) + (Payoff B2) * (Probability B2)
Expected Value B = $278 * 0.58 + $0 * 0.42
Expected Value B = $160.84

Since Alternative A has a higher expected dollar value ($111 vs $160.84), the preferred option is",massA=0.986 massB=0.0138
p2,423,14,neutral,0,81,201,0.68,1.6874,1,False,A,meta-llama/Llama-3.1-8B-Instruct,chat,riskneutral,1,0.99988,0.99995,0,answer,"To determine the expected dollar value of each arrangement, we multiply the payoff by the probability and sum the results.

For Arrangement A:
Expected value = ($201 * 0.68) + ($0 * 0.32)
Expected value = $136.80 + $0
Expected value = $136.80

For Arrangement B:
Expected value = ($81 * 1)
Expected value = $81

Since $136.80 is greater than $81, the expected dollar value of Arrangement A is higher.",massA=1 massB=0.000118
p2,519,17,neutral,0,117,362,0.42,1.2995,4,False,A,meta-llama/Llama-3.1-8B-Instruct,chat,riskneutral,1,0.99992,0.99992,0,answer,"To decide between Term A and Term B, we need to calculate the expected dollar value of each term.

For Term A:
Expected value = (Payoff 1 * Probability 1) + (Payoff 2 * Probability 2)
Expected value = ($362 * 0.42) + ($0 * 0.58)
Expected value = $151.64 + $0
Expected value = $151.64

For Term B:
Expected value = (Payoff * Probability)
Expected value = ($117 * 1)
Expected value = $117

Since $151.64 is greater than $117, the expected dollar value of Term A is higher.",massA=1 massB=8.48e-05
p2,466,15,gain,0,82,113,0.74,1.0198,3,True,B,meta-llama/Llama-3.1-8B-Instruct,chat,riskneutral,1,0.99997,0.99985,0,answer,"To choose the best option, we need to calculate the expected dollar value of each outcome.

For Outcome A, the expected dollar value is simply the certain gain:
Expected value A = $82

For Outcome B, we need to calculate the expected value by multiplying each possible gain by its probability and summing the results:
Expected value B = ($113 * 0.74) + ($0 * 0.26)
Expected value B = $83.62

Since Outcome A has an expected value of $82 and Outcome B has an expected value of $83.62, the best option is Outcome B.",massA=2.93e-05 massB=1
p2,287,9,gain,0,49,153,0.26,0.8118,3,False,A,meta-llama/Llama-3.1-8B-Instruct,chat,riskneutral,1,3e-05,0.99976,0,answer,"To choose the best outcome, we need to calculate the expected dollar value of each option.

For Outcome A:
- Probability of gaining $153: 26%
- Probability of gaining nothing: 74%
- Expected value = (Probability of gaining $153) * ($153) + (Probability of gaining nothing) * ($0)
= 0.26 * $153 + 0.74 * $0
= $39.78

For Outcome B:
- Probability of gaining $49: 100% (certain)
- Expected value = (Probability of gaining $49) * ($49)
= 1 * $49
= $49

Since $49 is greater than $39.78, the best outcome is Outcome B.",massA=2.93e-05 massB=1
p2,1220,10,dominant,0,111,138,1.0,1.2432,3,True,B,meta-llama/Llama-3.1-8B-Instruct,chat,riskneutral,1,0.99981,0.99982,0,answer,"To make a decision, we need to calculate the expected dollar value of each outcome. 

Outcome A: $111 for certain (probability = 1)
Expected dollar value of A = $111 * 1 = $111

Outcome B: $138 for certain (probability = 1)
Expected dollar value of B = $138 * 1 = $138

Since $138 is greater than $111, the option with the higher expected dollar value is Outcome B.",massA=0.000191 massB=1
p2,139,4,gain,0,29,71,0.55,1.3466,4,False,A,meta-llama/Llama-3.1-8B-Instruct,chat,riskneutral,1,0.99993,0.99995,0,answer,"To decide between Term A and Term B, we need to calculate the expected dollar value of each option.

For Term A:
Expected value = (Payoff 1 * Probability 1) + (Payoff 2 * Probability 2)
Expected value = ($71 * 0.55) + ($0 * 0.45)
Expected value = $38.95

For Term B:
Expected value = (Payoff * Probability)
Expected value = ($29 * 1)
Expected value = $29

Since $38.95 is greater than $29, the expected dollar value of Term A is higher.",massA=1 massB=7.03e-05
p2,141,4,mixed,29,29,71,0.55,1.3466,0,False,A,meta-llama/Llama-3.1-8B-Instruct,chat,riskneutral,1,0.99994,0.99991,0,answer,"To compute the expected dollar value of each option, we need to multiply the payoff by the probability and sum the results.

For Option A:
Expected value = (Payoff 1 * Probability 1) + (Payoff 2 * Probability 2)
Expected value = ($71 * 0.55) + ($0 * 0.45)
Expected value = $38.95 + $0
Expected value = $38.95

For Option B:
Expected value = (Payoff 1 * Probability 1) + (Payoff 2 * Probability 2)
Expected value = ($29 * 1) + ($29 * 0)
Expected value = $29 + $0
Expected value = $29

Since $38.95 is greater than $29, the option with the higher expected dollar value is Option A.",massA=1 massB=6.4e-05
p2,482,16,neutral,0,139,234,0.6,1.0101,1,True,B,meta-llama/Llama-3.1-8B-Instruct,chat,riskneutral,1,0.99997,0.99987,0,answer,"To determine the expected dollar value of each arrangement, we multiply the payoff by the probability and sum the results.

For Arrangement A, the expected dollar value is:
$139 (payoff) * 1 (probability) = $139

For Arrangement B, the expected dollar value is:
($234 * 0.6) + ($0 * 0.4) = $140.4

Since $140.4 is greater than $139, the expected dollar value of Arrangement B is higher.",massA=2.67e-05 massB=1
p2,1148,38,neutral,0,183,609,0.38,1.2646,4,True,B,meta-llama/Llama-3.1-8B-Instruct,chat,riskneutral,1,0.99994,0.99996,0,answer,"To decide between Term A and Term B, we need to calculate the expected dollar value of each term.

For Term A, the expected dollar value is simply the certain amount:
Expected value of Term A = $183

For Term B, we need to calculate the expected value using the probabilities:
Expected value of Term B = ($609 * 0.38) + ($0 * 0.62)
Expected value of Term B = $231.22

Since $231.22 is greater than $183, the expected dollar value of Term B is higher.",massA=5.74e-05 massB=1
p2,394,13,neutral,0,72,88,0.64,0.7822,2,True,B,meta-llama/Llama-3.1-8B-Instruct,chat,riskneutral,1,0.00025,0.99993,0,answer,"To determine the preferred option, we need to calculate the expected dollar value for each alternative.

For Alternative A, the expected dollar value is simply the certain amount:
Expected value A = $72

For Alternative B, we calculate the expected value by multiplying each possible outcome by its probability and summing the results:
Expected value B = ($88 * 0.64) + ($0 * 0.36)
Expected value B = $56.32 + $0
Expected value B = $56.32

Since $72 (Alternative A) is greater than $56.32 (Alternative B), the preferred option is the one with the higher expected dollar value.",massA=1 massB=0.000245
p2,654,21,mixed,106,106,206,0.73,1.4187,2,True,B,meta-llama/Llama-3.1-8B-Instruct,chat,riskneutral,1,0.99997,0.99995,0,answer,"To determine the expected dollar value of each alternative, we need to calculate the product of the payoff and the probability for each possible outcome.

For Alternative A, there is only one outcome: keeping the $106. The expected dollar value is:
$106 (payoff) * 1 (probability) = $106

For Alternative B, there are two possible outcomes:
1. A 73% chance to rise to $206: $206 (payoff) * 0.73 (probability) = $150.18
2. A 27% chance to drop to $0: $0 (payoff) * 0.27 (probability) = $0

The expected dollar value of Alternative B is the sum of these two products:
$150.18 + $0 = $150.18

Since $150.18 (Alternative B) is greater than $106 (Alternative A), the expected dollar value of Alternative B is higher.",massA=3.43e-05 massB=1
p2,902,30,neutral,0,149,447,0.26,0.78,1,True,B,meta-llama/Llama-3.1-8B-Instruct,chat,riskneutral,1,0.00017,0.99991,0,answer,"To determine the expected dollar value of each arrangement, we need to multiply the payoff by the probability and sum the results.

For Arrangement A, the expected dollar value is:
$149 (payoff) * 1 (probability) = $149

For Arrangement B, the expected dollar value is:
($447 * 0.26) + ($0 * 0.74) = $115.82

Since $149 is greater than $115.82, the expected dollar value of Arrangement A is higher.",massA=1 massB=0.000174
p2,330,11,neutral,0,54,68,0.81,1.02,0,True,B,meta-llama/Llama-3.1-8B-Instruct,chat,riskneutral,1,0.99977,0.99995,0,answer,"To choose the option with the higher expected dollar value, we need to calculate the expected value for each option.

For Option A, the expected value is simply the certain payment:
Expected Value A = $54

For Option B, we need to calculate the expected value using the probabilities:
Expected Value B = ($68 * 0.81) + ($0 * 0.19)
Expected Value B = $54.78 + $0
Expected Value B = $54.78

Since $54.78 is greater than $54, the option with the higher expected dollar value is Option B.",massA=0.000234 massB=1
p2,939,31,neutral,0,51,151,0.29,0.8586,4,False,A,meta-llama/Llama-3.1-8B-Instruct,chat,riskneutral,1,3e-05,0.99983,0,answer,"To decide between Term A and Term B, we need to calculate the expected dollar value of each term.

For Term A:
Expected value = (Payoff 1 * Probability 1) + (Payoff 2 * Probability 2)
Expected value = ($151 * 0.29) + ($0 * 0.71)
Expected value = $44.09

For Term B:
Expected value = (Payoff * Probability)
Expected value = ($51 * 1)
Expected value = $51

Since $51 is greater than $44.09, the expected dollar value of Term B is higher.",massA=3.07e-05 massB=1
p2,1156,38,gain,0,183,609,0.38,1.2646,3,True,B,meta-llama/Llama-3.1-8B-Instruct,chat,riskneutral,1,0.99996,0.99989,0,answer,"To choose the best option, we need to calculate the expected dollar value of each outcome.

For Outcome A, the expected dollar value is simply the certain gain:
Expected value A = $183

For Outcome B, we need to calculate the expected value using the probabilities and payoffs:
Expected value B = ($609 * 0.38) + ($0 * 0.62)
Expected value B = $232.22 + $0
Expected value B = $232.22

Since Outcome A has an expected value of $183 and Outcome B has an expected value of $232.22, we should choose Outcome B.",massA=4.01e-05 massB=1
p2,262,8,mixed,62,62,263,0.33,1.3998,1,True,B,meta-llama/Llama-3.1-8B-Instruct,chat,riskneutral,1,0.99996,0.99992,0,answer,"To determine the expected dollar value of each arrangement, we need to calculate the product of the payoff and the probability for each possible outcome.

For Arrangement A, there is only one outcome: keeping the $62. The expected dollar value is:
Expected Value A = ($62) * (1) = $62

For Arrangement B, there are two possible outcomes:
- A 33% chance to rise to $263: Expected Value B1 = ($263) * (0.33) = $86.59
- A 67% chance to drop to $0: Expected Value B2 = ($0) * (0.67) = $0
The overall expected dollar value for Arrangement B is the sum of these two outcomes:
Expected Value B = $86.59 + $0 = $86.59

Since $86.59 is greater than $62, the expected dollar value of Arrangement B is higher.",massA=3.54e-05 massB=1
p2,321,10,mixed,111,111,278,0.58,1.4526,0,False,A,meta-llama/Llama-3.1-8B-Instruct,chat,riskneutral,1,0.99993,0.99992,0,answer,"To compute the expected dollar value of each option, we need to multiply the payoff by the probability and sum the results.

For Option A:
Expected value = (Payoff 1 * Probability 1) + (Payoff 2 * Probability 2)
Expected value = ($278 * 0.58) + ($0 * 0.42)
Expected value = $161.24 + $0
Expected value = $161.24

For Option B:
Expected value = (Payoff 1 * Probability 1) + (Payoff 2 * Probability 2)
Expected value = ($111 * 1) + ($0 * 0)
Expected value = $111 + $0
Expected value = $111

Since $161.24 is greater than $111, the option with the higher expected dollar value is Option A.",massA=1 massB=7.25e-05
p2,591,19,mixed,64,64,122,0.49,0.9341,0,False,A,meta-llama/Llama-3.1-8B-Instruct,chat,riskneutral,1,0.99985,0.99993,0,answer,"To compute the expected dollar value of each option, we need to multiply the payoff by the probability and then sum the results.

For Option A:
- 49% chance to rise to $122: 0.49 * $122 = $59.78
- 51% chance to drop to $0: 0.51 * $0 = $0
Expected dollar value of Option A: $59.78 + $0 = $59.78

For Option B:
- Keep $64 with no change: 1 * $64 = $64
Expected dollar value of Option B: $64

Since $59.78 is greater than $64, the expected dollar value of Option A is higher.",massA=1 massB=0.000149
p2,1041,34,mixed,52,52,96,0.63,1.1631,0,False,A,meta-llama/Llama-3.1-8B-Instruct,chat,riskneutral,1,0.99994,0.99992,0,answer,"To compute the expected dollar value of each option, we need to multiply the payoff by the probability for each scenario and then sum these products.

For Option A:
- 63% chance to rise to $96: 0.63 * $96 = $60.48
- 37% chance to drop to $0: 0.37 * $0 = $0
Expected dollar value of Option A: $60.48 + $0 = $60.48

For Option B:
- Keep $52 with no change: 1 * $52 = $52
Expected dollar value of Option B: $52

Since $60.48 is greater than $52, the option with the higher expected dollar value is Option A.",massA=1 massB=6.2e-05
p2,1057,35,neutral,0,91,133,0.68,0.9938,3,False,A,meta-llama/Llama-3.1-8B-Instruct,chat,riskneutral,1,0.00024,0.9998,0,answer,"To choose the best option, we need to calculate the expected dollar value for each outcome.

For Outcome A:
Expected value = (Payoff 1 * Probability 1) + (Payoff 2 * Probability 2)
Expected value = ($133 * 0.68) + ($0 * 0.32)
Expected value = $90.04

For Outcome B:
Expected value = (Payoff * Probability)
Expected value = ($91 * 1)
Expected value = $91

Since $91 is greater than $90.04, the best option is Outcome B.",massA=0.000238 massB=1
p2,390,13,neutral,0,72,88,0.64,0.7822,0,True,B,meta-llama/Llama-3.1-8B-Instruct,chat,riskneutral,1,0.00028,0.99996,0,answer,"To choose the option with the higher expected dollar value, we need to calculate the expected value for each option.

For Option A, the expected value is simply the certain payment:
Expected Value A = $72

For Option B, we need to calculate the expected value using the probabilities:
Expected Value B = ($88 * 0.64) + ($0 * 0.36)
Expected Value B = $56.32 + $0
Expected Value B = $56.32

Since $72 is greater than $56.32, the option with the higher expected dollar value is Option A.",massA=1 massB=0.000282
p2,1023,34,neutral,0,52,96,0.63,1.1631,1,False,A,meta-llama/Llama-3.1-8B-Instruct,chat,riskneutral,1,0.99985,0.99994,0,answer,"To find the expected dollar value of each arrangement, we multiply the payoff by the probability and sum the results.

For Arrangement A:
Expected value = ($96 * 0.63) + ($0 * 0.37)
Expected value = $60.48 + $0
Expected value = $60.48

For Arrangement B:
Expected value = ($52 * 1)
Expected value = $52

Since $60.48 is greater than $52, the expected dollar value of Arrangement A is higher.",massA=1 massB=0.000149
p2,257,8,gain,0,62,263,0.33,1.3998,3,False,A,meta-llama/Llama-3.1-8B-Instruct,chat,riskneutral,1,0.99988,0.99985,0,answer,"To choose the best outcome, we need to calculate the expected dollar value of each option.

For Outcome A:
- The probability of gaining $263 is 33% or 0.33.
- The probability of gaining nothing is 67% or 0.67.
- Expected dollar value of Outcome A = ($263 * 0.33) + ($0 * 0.67) = $86.59

For Outcome B:
- The probability of gaining $62 is 100% or 1.
- Expected dollar value of Outcome B = ($62 * 1) = $62

Since $86.59 is greater than $62, the best outcome is Outcome A.",massA=1 massB=0.000121
p2,1072,35,mixed,91,91,133,0.68,0.9938,1,True,B,meta-llama/Llama-3.1-8B-Instruct,chat,riskneutral,1,5e-05,0.99989,0,answer,"To determine the expected dollar value of each arrangement, we need to calculate the product of the payoff and the probability for each possible outcome.

For Arrangement A, there is only one outcome: keeping the $91. The expected dollar value is:
$91 (payoff) * 1 (probability) = $91

For Arrangement B, there are two possible outcomes:
1. A 68% chance to rise to $133: $133 (payoff) * 0.68 (probability) = $90.04
2. A 32% chance to drop to $0: $0 (payoff) * 0.32 (probability) = $0

The expected dollar value of Arrangement B is the sum of these two outcomes:
$90.04 + $0 = $90.04

Since $91 (Arrangement A) is greater than $90.04 (Arrangement B), the expected dollar value of Arrangement A is higher.",massA=1 massB=4.76e-05
p2,241,8,neutral,0,62,263,0.33,1.3998,0,False,A,meta-llama/Llama-3.1-8B-Instruct,chat,riskneutral,1,0.99976,0.99993,0,answer,"To choose the option with the higher expected dollar value, we need to calculate the expected value for each option.

For Option A:
Expected value = (Payoff 1 * Probability 1) + (Payoff 2 * Probability 2)
Expected value = ($263 * 0.33) + ($0 * 0.67)
Expected value = $86.59 + $0
Expected value = $86.59

For Option B:
Expected value = (Payoff * Probability)
Expected value = ($62 * 1)
Expected value = $62

Since $86.59 is greater than $62, the option with the higher expected dollar value is Option A.",massA=1 massB=0.000242
p2,288,9,gain,0,49,153,0.26,0.8118,4,True,B,meta-llama/Llama-3.1-8B-Instruct,chat,riskneutral,1,5e-05,0.99994,0,answer,"To decide between Term A and Term B, we need to calculate the expected dollar value of each option.

For Term A, the expected dollar value is simply the certain gain:
Expected value of Term A = $49

For Term B, we need to calculate the expected value by multiplying each possible gain by its probability and summing the results:
Expected value of Term B = ($153 * 0.26) + ($0 * 0.74)
Expected value of Term B = $39.58 + $0
Expected value of Term B = $39.58

Since $49 is greater than $39.58, the expected dollar value of Term A is higher.",massA=1 massB=4.54e-05
p2,410,13,mixed,72,72,88,0.64,0.7822,0,True,B,meta-llama/Llama-3.1-8B-Instruct,chat,riskneutral,1,0.00018,0.99987,0,answer,"To compute the expected dollar value of each option, we need to multiply the payoff by the probability and sum the results.

For Option A, the expected dollar value is:
$72 (payoff) * 1 (probability) = $72

For Option B, the expected dollar value is:
($88 * 0.64) + ($0 * 0.36) = $56.32

Since $72 is greater than $56.32, the expected dollar value of Option A is higher.",massA=1 massB=0.000177
p2,1053,35,neutral,0,91,133,0.68,0.9938,1,False,A,meta-llama/Llama-3.1-8B-Instruct,chat,riskneutral,1,0.00026,0.99991,0,answer,"To find the expected dollar value of each arrangement, we multiply the payoff by the probability and sum the results.

For Arrangement A:
Expected value = ($133 * 0.68) + ($0 * 0.32)
Expected value = $90.04 + $0
Expected value = $90.04

For Arrangement B:
Expected value = ($91 * 1)
Expected value = $91

Since $91 is greater than $90.04, we choose the arrangement with the higher expected dollar value.",massA=0.000257 massB=1
p2,1025,34,neutral,0,52,96,0.63,1.1631,2,False,A,meta-llama/Llama-3.1-8B-Instruct,chat,riskneutral,1,0.99985,0.99993,0,answer,"To find the expected dollar value of each alternative, we multiply the payoff by the probability and sum the results.

For Alternative A:
Expected value = ($96 * 0.63) + ($0 * 0.37)
Expected value = $60.48 + $0
Expected value = $60.48

For Alternative B:
Expected value = ($52 * 1)
Expected value = $52

Since $60.48 is greater than $52, the expected dollar value of Alternative A is higher.",massA=1 massB=0.000149
p2,459,15,neutral,0,82,113,0.74,1.0198,4,False,A,meta-llama/Llama-3.1-8B-Instruct,chat,riskneutral,1,0.99992,0.99993,0,answer,"To decide between Term A and Term B, we need to calculate the expected dollar value of each term.

For Term A:
Expected value = (Payoff 1 * Probability 1) + (Payoff 2 * Probability 2)
Expected value = ($113 * 0.74) + ($0 * 0.26)
Expected value = $83.72

For Term B:
Expected value = (Payoff * Probability)
Since the payoff is certain, the probability is 1.
Expected value = $82

Since $83.72 is greater than $82, the expected dollar value of Term A is higher.",massA=1 massB=8.35e-05
p2,634,21,neutral,0,106,206,0.73,1.4187,2,True,B,meta-llama/Llama-3.1-8B-Instruct,chat,riskneutral,1,0.99991,0.99996,0,answer,"To determine the preferred option, we need to calculate the expected dollar value for each alternative.

For Alternative A: 
Expected value = $106 (since it's certain)

For Alternative B: 
Expected value = ($206 * 0.73) + ($0 * 0.27)
Expected value = $150.18

Since $150.18 (Alternative B) is greater than $106 (Alternative A),",massA=9.03e-05 massB=1
p2,328,10,mixed,111,111,278,0.58,1.4526,4,True,B,meta-llama/Llama-3.1-8B-Instruct,chat,riskneutral,1,0.99998,0.99997,0,answer,"To decide between Term A and Term B, we need to calculate the expected dollar value of each option.

For Term A, the expected dollar value is simply the initial amount:
Expected value of Term A = $111

For Term B, we need to calculate the expected value of the two possible outcomes and their probabilities:
Expected value of Term B = (58% * $278) + (42% * -$0)
Expected value of Term B = (0.58 * $278) + (0.42 * -$0)
Expected value of Term B = $161.24 + $0
Expected value of Term B = $161.24

Since $161.24 is greater than $111, the expected dollar value of Term B is higher.",massA=1.59e-05 massB=1
p2,144,4,mixed,29,29,71,0.55,1.3466,2,True,B,meta-llama/Llama-3.1-8B-Instruct,chat,riskneutral,1,0.99997,0.99995,0,answer,"To determine the expected dollar value of each alternative, we need to calculate the product of the payoff and the probability for each possible outcome.

For Alternative A, there is only one outcome: keeping the $29. The expected dollar value is:
$29 (payoff) * 1 (probability) = $29

For Alternative B, there are two possible outcomes:
1. A 55% chance to rise to $71: $71 (payoff) * 0.55 (probability) = $38.95
2. A 45% chance to drop to $0: $0 (payoff) * 0.45 (probability) = $0
The expected dollar value of Alternative B is the sum of these two products: $38.95 + $0 = $38.95

Since $38.95 is greater than $29, the expected dollar value of Alternative B is higher.",massA=3.17e-05 massB=1
p2,596,19,mixed,64,64,122,0.49,0.9341,3,True,B,meta-llama/Llama-3.1-8B-Instruct,chat,riskneutral,1,0.99982,0.99987,0,answer,"To choose the best outcome, we need to calculate the expected dollar value for each option.

For Outcome A, the expected dollar value is simply the initial amount:
Expected value A = $64

For Outcome B, we need to calculate the expected value using the probabilities and payoffs:
Expected value B = (0.49 * $122) + (0.51 * -$0)
Expected value B = $59.58 + $0
Expected value B = $59.58

Since $59.58 is greater than $64, the best option is Outcome B.",massA=0.00018 massB=1
p2,900,30,neutral,0,149,447,0.26,0.78,0,True,B,meta-llama/Llama-3.1-8B-Instruct,chat,riskneutral,1,0.00023,0.99997,0,answer,"To choose the option with the higher expected dollar value, we need to calculate the expected value for each option.

For Option A, the expected value is simply the certain payment:
Expected Value A = $149

For Option B, we need to calculate the expected value using the given probabilities:
Expected Value B = ($447 * 0.26) + ($0 * 0.74)
Expected Value B = $115.82 + $0
Expected Value B = $115.82

Since $149 is greater than $115.82, the option with the higher expected dollar value is Option A.",massA=1 massB=0.000227
p2,338,11,neutral,0,54,68,0.81,1.02,4,True,B,meta-llama/Llama-3.1-8B-Instruct,chat,riskneutral,1,0.99983,0.99993,0,answer,"To decide between Term A and Term B, we need to calculate the expected dollar value of each term.

For Term A, the expected dollar value is simply the certain amount:
Expected value of Term A = $54

For Term B, we multiply each possible payoff by its probability and sum them up:
Expected value of Term B = ($68 * 0.81) + ($0 * 0.19)
Expected value of Term B = $54.88

Since the expected dollar value of Term B ($54.88) is higher than that of Term A ($54), we choose Term B.",massA=0.000171 massB=1
p2,945,31,gain,0,51,151,0.29,0.8586,2,False,A,meta-llama/Llama-3.1-8B-Instruct,chat,riskneutral,1,3e-05,0.99987,0,answer,"To compute the expected dollar value of each option, we multiply the payoff by the probability and sum the results.

For Alternative A:
Expected value = (0.29 * $151) + (0.71 * $0)
Expected value = $43.91 + $0
Expected value = $43.91

For Alternative B:
Expected value = $51 (since it's a certain gain)

Since $51 is greater than $43.91, the expected dollar value of Alternative B is higher.",massA=2.89e-05 massB=1
p2,1082,36,neutral,0,98,227,0.47,1.0887,1,True,B,meta-llama/Llama-3.1-8B-Instruct,chat,riskneutral,1,0.99988,0.99987,0,answer,"To determine the expected dollar value of each arrangement, we multiply the payoff by the probability and sum the results.

For Arrangement A, the expected dollar value is:
$98 (payoff) * 1 (probability) = $98

For Arrangement B, the expected dollar value is:
($227 * 0.47) + ($0 * 0.53) = $106.09

Since $106.09 (expected value of Arrangement B) is greater than $98 (expected value of Arrangement A), the option with the higher expected dollar value is Arrangement B.",massA=0.000116 massB=1
p2,323,10,mixed,111,111,278,0.58,1.4526,1,False,A,meta-llama/Llama-3.1-8B-Instruct,chat,riskneutral,1,0.99994,0.99996,0,answer,"To determine the best option, we need to calculate the expected dollar value for each arrangement.

For Arrangement A:
- Probability of rising to $278: 58%
- Probability of dropping to $0: 42%
- Expected value = (Payoff 1 * Probability 1) + (Payoff 2 * Probability 2)
Expected value = ($278 * 0.58) + ($0 * 0.42)
Expected value = $161.24

For Arrangement B:
- Probability of keeping $111: 100%
- Expected value = ($111 * 1)
Expected value = $111

Since $161.24 is greater than $111, the expected dollar value of Arrangement A is higher.",massA=1 massB=5.65e-05
p2,912,30,gain,0,149,447,0.26,0.78,1,True,B,meta-llama/Llama-3.1-8B-Instruct,chat,riskneutral,1,5e-05,0.99994,0,answer,"To determine the expected dollar value of each arrangement, we need to multiply the payoff by the probability and sum the results.

For Arrangement A, the payoff is $149 and the probability is 1 (since it's certain). So, the expected dollar value is:
$149 * 1 = $149

For Arrangement B, the payoffs are $447 and $0, with probabilities 0.26 and 0.74, respectively. So, the expected dollar value is:
($447 * 0.26) + ($0 * 0.74) = $116.22

Since $149 is greater than $116.22, the expected dollar value of Arrangement A is higher.",massA=1 massB=4.99e-05
p2,514,17,neutral,0,117,362,0.42,1.2995,2,True,B,meta-llama/Llama-3.1-8B-Instruct,chat,riskneutral,1,0.99981,0.99996,0,answer,"To determine the preferred option, we need to calculate the expected dollar value for each alternative.

For Alternative A, the expected dollar value is simply the certain amount:
Expected value A = $117

For Alternative B, we calculate the expected value by multiplying each possible outcome by its probability and summing the results:
Expected value B = ($362 * 0.42) + ($0 * 0.58)
Expected value B = $152.04 + $0
Expected value B = $152.04

Since $152.04 is greater than $117, the preferred option is Alternative B.",massA=0.000185 massB=1
p2,949,31,gain,0,51,151,0.29,0.8586,4,False,A,meta-llama/Llama-3.1-8B-Instruct,chat,riskneutral,1,1e-05,0.9999,0,answer,"To decide between Term A and Term B, we need to calculate the expected dollar value of each option.

For Term A:
- Probability of gaining $151: 29%
- Probability of gaining nothing: 71%
- Expected value = (Probability of gaining $151) * ($151) + (Probability of gaining nothing) * ($0)
Expected value = 0.29 * $151 + 0.71 * $0
Expected value = $43.95

For Term B:
- Probability of gaining $51: 100% (certain)
- Expected value = (Probability of gaining $51) * ($51)
Expected value = 1 * $51
Expected value = $51

Since $51 is greater than $43.95, the expected dollar value of Term B is higher.",massA=6.96e-06 massB=1
p2,148,4,mixed,29,29,71,0.55,1.3466,4,True,B,meta-llama/Llama-3.1-8B-Instruct,chat,riskneutral,1,0.99998,0.99998,0,answer,"To decide between Term A and Term B, we need to calculate the expected dollar value of each option.

For Term A, the expected dollar value is simply the initial amount:
Expected value of Term A = $29

For Term B, we need to calculate the expected value of the two possible outcomes and their probabilities:
Expected value of rising to $71 = $71 * 0.55 = $38.85
Expected value of dropping to $0 = $0 * 0.45 = $0
Expected value of Term B = $38.85 + $0 = $38.85

Now, we compare the expected dollar values of Term A and Term B:
Expected value of Term A = $29
Expected value of Term B = $38.85

Since the expected dollar value of Term B ($38.85) is higher than that of Term A ($29), we choose Term B.",massA=2.32e-05 massB=1
p2,1074,35,mixed,91,91,133,0.68,0.9938,2,True,B,meta-llama/Llama-3.1-8B-Instruct,chat,riskneutral,1,0.00014,0.99993,0,answer,"To determine the expected dollar value of each alternative, we need to calculate the product of the payoff and the probability for each possible outcome.

For Alternative A, there is only one outcome: keeping the $91. The expected dollar value is simply $91.

For Alternative B, there are two possible outcomes:
1. A 68% chance to rise to $133: Expected value = $133 * 0.68 = $90.04
2. A 32% chance to drop to $0: Expected value = $0 * 0.32 = $0

To find the overall expected dollar value of Alternative B, we add the expected values of the two outcomes:
Expected value of Alternative B = $90.04 + $0 = $90.04

Now, we compare the expected dollar values of the two alternatives:
Alternative A: $91
Alternative B: $90.04

Since $91 is greater than $90.04, the expected dollar value of Alternative A is higher.",massA=1 massB=0.00014
p2,206,6,mixed,94,94,101,0.71,0.7629,3,True,B,meta-llama/Llama-3.1-8B-Instruct,chat,riskneutral,1,4e-05,0.9998,0,answer,"To choose the best outcome, we need to calculate the expected dollar value for each option.

For Outcome A, the expected dollar value is simply the initial amount since there's no change:
Expected value A = $94

For Outcome B, we need to calculate the expected value by multiplying each possible outcome by its probability and then summing these values:
Expected value B = ($101 * 0.71) + ($0 * 0.29)
Expected value B = $71.21 + $0
Expected value B = $71.21

Since $94 is greater than $71.21, the best option is to keep the initial $94.",massA=1 massB=4.4e-05
p2,1169,38,mixed,183,183,609,0.38,1.2646,4,False,A,meta-llama/Llama-3.1-8B-Instruct,chat,riskneutral,1,1e-05,0.99985,0,answer,"To decide between Term A and Term B, we need to calculate the expected dollar value of each option.

For Term A:
- The probability of rising to $609 is 38% or 0.38.
- The probability of dropping to $0 is 62% or 0.62.
- The expected dollar value of Term A is calculated as follows:
  (Payoff if rising to $609 * Probability of rising) + (Payoff if dropping to $0 * Probability of dropping)
  = ($609 - $183) * 0.38 + ($0 - $183) * 0.62
  = ($426) * 0.38 + (-$183) * 0.62
  = $162.12 - $113.86
  = $48.26

For Term B:
- The expected dollar value is simply the initial amount, which is $183.

Now, let's compare the expected dollar values:
- Term A: $48.26
- Term B: $183

Since $183 is greater than $48.26, the expected dollar value of Term B is higher.",massA=8.94e-06 massB=1
p2,605,20,neutral,0,186,266,0.63,0.901,2,False,A,meta-llama/Llama-3.1-8B-Instruct,chat,riskneutral,1,0.00019,0.99986,0,answer,"To find the expected dollar value of each alternative, we multiply the payoff by the probability and sum the results.

For Alternative A:
Expected value = ($266 * 0.63) + ($0 * 0.37)
Expected value = $167.18 + $0
Expected value = $167.18

For Alternative B:
Expected value = ($186 * 1)
Expected value = $186

Since $167.18 is less than $186, Alternative B has a higher expected dollar value.",massA=0.000185 massB=1
p2,489,16,neutral,0,139,234,0.6,1.0101,4,False,A,meta-llama/Llama-3.1-8B-Instruct,chat,riskneutral,1,0.9999,0.99992,0,answer,"To decide between Term A and Term B, we need to calculate the expected dollar value of each term.

For Term A:
Expected value = (Payoff 1 * Probability 1) + (Payoff 2 * Probability 2)
Expected value = ($234 * 0.6) + ($0 * 0.4)
Expected value = $140.4

For Term B:
Expected value = (Payoff * Probability)
Since the payoff is certain, the probability is 1.
Expected value = $139

Since $140.4 is greater than $139, the expected dollar value of Term A is higher.",massA=1 massB=0.000101
p2,252,8,gain,0,62,263,0.33,1.3998,1,True,B,meta-llama/Llama-3.1-8B-Instruct,chat,riskneutral,1,0.99992,0.99985,0,answer,"To determine the expected dollar value of each arrangement, we need to multiply the payoff by the probability and sum the results.

For Arrangement A, the payoff is $62 and the probability is 1 (since it's certain). So, the expected dollar value is:
$62 * 1 = $62

For Arrangement B, the payoff is $263 with a 33% chance and $0 with a 67% chance. So, the expected dollar value is:
($263 * 0.33) + ($0 * 0.67) = $86.59

Since $86.59 (expected value of Arrangement B) is greater than $62 (expected value of Arrangement A), the option with the higher expected dollar value is Arrangement B.",massA=8.09e-05 massB=1
p2,400,13,gain,0,72,88,0.64,0.7822,0,True,B,meta-llama/Llama-3.1-8B-Instruct,chat,riskneutral,1,0.00018,0.99992,0,answer,"To compute the expected dollar value of each option, we multiply the payoff by the probability and sum the results.

For Option A, the expected dollar value is:
$72 (payoff) * 1 (probability) = $72

For Option B, the expected dollar value is:
($88 * 0.64) + ($0 * 0.36) = $56.32

Since $72 is greater than $56.32, the option with the higher expected dollar value is Option A.",massA=1 massB=0.00018
p2,417,13,mixed,72,72,88,0.64,0.7822,3,False,A,meta-llama/Llama-3.1-8B-Instruct,chat,riskneutral,1,0.99973,0.99995,0,answer,"To choose the best outcome, we need to calculate the expected dollar value for each option.

For Outcome A:
- The probability of rising to $88 is 64% or 0.64.
- The probability of dropping to $0 is 36% or 0.36.
- The expected dollar value for Outcome A is calculated as follows:
  (Payoff if $88 * Probability of $88) + (Payoff if $0 * Probability of $0)
  = ($88 * 0.64) + ($0 * 0.36)
  = $56.32 + $0
  = $56.32

For Outcome B:
- The expected dollar value is simply the initial amount, as there's no change.
- Expected dollar value for Outcome B = $72

Since $56.32 (Outcome A) is greater than $72 (Outcome B), the best option is",massA=1 massB=0.000274
p2,1064,35,gain,0,91,133,0.68,0.9938,2,True,B,meta-llama/Llama-3.1-8B-Instruct,chat,riskneutral,1,0.0001,0.99992,0,answer,"To find the expected dollar value of each option, we multiply the payoff by the probability and sum the results.

For Alternative A:
Expected value = (Payoff * Probability) = ($91 * 1) = $91

For Alternative B:
Expected value = (Payoff * Probability) = ($133 * 0.68) + ($0 * 0.32) = $90.44

Since $91 is greater than $90.44, the expected dollar value of Alternative A is higher.",massA=1 massB=9.91e-05
p2,247,8,neutral,0,62,263,0.33,1.3998,3,False,A,meta-llama/Llama-3.1-8B-Instruct,chat,riskneutral,1,0.99973,0.99985,0,answer,"To choose the option with the higher expected dollar value, we need to calculate the expected value for each outcome.

For Outcome A:
Expected value = (Payoff 1 * Probability 1) + (Payoff 2 * Probability 2)
Expected value = ($263 * 0.33) + ($0 * 0.67)
Expected value = $86.59 + $0
Expected value = $86.59

For Outcome B:
Expected value = (Payoff * Probability)
Expected value = ($62 * 1)
Expected value = $62

Since $86.59 is greater than $62, the option with the higher expected dollar value is Outcome A.",massA=1 massB=0.000269
p2,1094,36,gain,0,98,227,0.47,1.0887,2,True,B,meta-llama/Llama-3.1-8B-Instruct,chat,riskneutral,1,0.99997,0.99987,0,answer,"To compute the expected dollar value of each option, we multiply the payoff by the probability and sum the results.

For Alternative A, the expected dollar value is:
$98 (payoff) * 1 (probability) = $98

For Alternative B, the expected dollar value is:
($227 * 0.47) + ($0 * 0.53) = $106.09

Since $106.09 is greater than $98, the expected dollar value of Alternative B is higher.",massA=2.89e-05 massB=1
p2,353,11,mixed,54,54,68,0.81,1.02,1,False,A,meta-llama/Llama-3.1-8B-Instruct,chat,riskneutral,1,0.99987,0.99995,0,answer,"To determine the expected dollar value of each arrangement, we need to calculate the product of the payoff and the probability for each possible outcome.

For Arrangement A:
- 81% chance to rise to $68: Expected value = $68 * 0.81 = $54.88
- 19% chance to drop to $0: Expected value = $0 * 0.19 = $0
Expected dollar value of Arrangement A = $54.88 + $0 = $54.88

For Arrangement B:
- Keep $54 with no change: Expected value = $54 * 1 = $54

Since $54.88 is greater than $54, the expected dollar value of Arrangement A is higher.",massA=1 massB=0.000127
p2,1221,10,dominant,0,111,138,1.0,1.2432,4,False,A,meta-llama/Llama-3.1-8B-Instruct,chat,riskneutral,1,0.99997,0.99987,0,answer,"To make a decision, we need to calculate the expected dollar value of each term. 

For Term A, the expected dollar value is the payoff times the probability. Since the payoff is certain, the probability is 1. 
Expected dollar value of Term A = $138 * 1 = $138

For Term B, the expected dollar value is also the payoff times the probability. Since the payoff is certain, the probability is 1.
Expected dollar value of Term B = $111 * 1 = $111

Since the expected dollar value of Term A ($138) is higher than that of Term B ($111), the decision is to choose Term A.",massA=1 massB=2.84e-05
p2,349,11,gain,0,54,68,0.81,1.02,4,False,A,meta-llama/Llama-3.1-8B-Instruct,chat,riskneutral,1,0.99992,0.99992,0,answer,"To decide between Term A and Term B, we need to calculate the expected dollar value of each option.

For Term A:
Expected value = (probability of gaining $68) * ($68) + (probability of gaining nothing) * ($0)
Expected value = (0.81) * ($68) + (0.19) * ($0)
Expected value = $54.88

For Term B:
Expected value = (probability of gaining $54) * ($54)
Expected value = (1) * ($54)
Expected value = $54

Since $54.88 is greater than $54, the expected dollar value of Term A is higher.",massA=1 massB=8.35e-05
p2,474,15,mixed,82,82,113,0.74,1.0198,2,True,B,meta-llama/Llama-3.1-8B-Instruct,chat,riskneutral,1,0.99987,0.99976,0,answer,"To determine the expected dollar value of each alternative, we need to calculate the product of the payoff and the probability for each possible outcome.

For Alternative A, there is only one outcome: keeping the $82. The expected dollar value is simply $82.

For Alternative B, there are two possible outcomes: rising to $113 or dropping to $0. The expected dollar value is calculated as follows:

Expected dollar value = (Payoff 1 * Probability 1) + (Payoff 2 * Probability 2)
Expected dollar value = ($113 * 0.74) + ($0 * 0.26)
Expected dollar value = $83.62

Since Alternative A has an expected dollar value of $82 and Alternative B has an expected dollar value of $83.62, the option with the higher expected dollar value is Alternative B.",massA=0.000129 massB=1
p2,499,16,gain,0,139,234,0.6,1.0101,4,False,A,meta-llama/Llama-3.1-8B-Instruct,chat,riskneutral,1,0.99991,0.99994,0,answer,"To decide between Term A and Term B, we need to calculate the expected dollar value of each option.

For Term A:
Expected value = (Payoff 1 * Probability 1) + (Payoff 2 * Probability 2)
Expected value = ($234 * 0.6) + ($0 * 0.4)
Expected value = $140.4

For Term B:
Expected value = (Payoff * Probability)
Expected value = ($139 * 1)
Expected value = $139

Since $140.4 is greater than $139, the expected dollar value of Term A is higher.",massA=1 massB=9.31e-05
p2,333,11,neutral,0,54,68,0.81,1.02,1,False,A,meta-llama/Llama-3.1-8B-Instruct,chat,riskneutral,1,0.99984,0.99991,0,answer,"To find the expected dollar value of each arrangement, we multiply the payoff by the probability and sum the results.

For Arrangement A:
Expected value = ($68 * 0.81) + ($0 * 0.19)
Expected value = $54.78 + $0
Expected value = $54.78

For Arrangement B:
Expected value = ($54 * 1)
Expected value = $54

Since $54.78 is greater than $54, the expected dollar value of Arrangement A is higher.",massA=1 massB=0.000161
p2,392,13,neutral,0,72,88,0.64,0.7822,1,True,B,meta-llama/Llama-3.1-8B-Instruct,chat,riskneutral,1,0.00017,0.99988,0,answer,"To determine the expected dollar value of each arrangement, we multiply the payoff by the probability and sum the results.

For Arrangement A, the expected dollar value is:
$72 (payoff) * 1 (probability) = $72

For Arrangement B, the expected dollar value is:
($88 * 0.64) + ($0 * 0.36) = $56.32

Since $72 is greater than $56.32, the expected dollar value of Arrangement A is higher.",massA=1 massB=0.000171
p2,265,8,mixed,62,62,263,0.33,1.3998,2,False,A,meta-llama/Llama-3.1-8B-Instruct,chat,riskneutral,1,0.99997,0.99991,0,answer,"To compute the expected dollar value of each option, we multiply the payoff by the probability and sum the results.

For Alternative A:
Expected value = (33% chance to rise to $263) + (67% chance to drop to $0)
Expected value = (0.33 * $263) + (0.67 * $0)
Expected value = $86.79 + $0
Expected value = $86.79

For Alternative B:
Expected value = (100% chance to keep $62)
Expected value = $62

Since $86.79 is greater than $62, the expected dollar value of Alternative A is higher.",massA=1 massB=3.12e-05
p2,932,31,neutral,0,51,151,0.29,0.8586,1,True,B,meta-llama/Llama-3.1-8B-Instruct,chat,riskneutral,1,0.00021,0.9999,0,answer,"To find the expected dollar value of each arrangement, we multiply the payoff by the probability and sum the results.

For Arrangement A, the expected dollar value is:
$51 (payoff) * 1 (probability) = $51

For Arrangement B, the expected dollar value is:
($151 * 0.29) + ($0 * 0.71) = $43.99

Since $51 is greater than $43.99, the expected dollar value of Arrangement A is higher.",massA=1 massB=0.000213
p2,209,6,mixed,94,94,101,0.71,0.7629,4,False,A,meta-llama/Llama-3.1-8B-Instruct,chat,riskneutral,1,0.9998,0.99993,0,answer,"To decide between Term A and Term B, we need to calculate the expected dollar value of each option.

For Term A:
- The probability of rising to $101 is 71% or 0.71.
- The probability of dropping to $0 is 29% or 0.29.
- The expected value of Term A is calculated as follows:
  (Payoff if rising to $101 * Probability of rising to $101) + (Payoff if dropping to $0 * Probability of dropping to $0)
  = ($101 - $94) * 0.71 + ($94 - $94) * 0.29
  = $7 * 0.71 + $0 * 0.29
  = $4.97

For Term B:
- The expected value of Term B is simply the initial amount, which is $94.

Since $4.97 (expected value of Term A) is greater than $94 (expected value of Term B), the expected dollar value of Term A is higher.",massA=1 massB=0.000197
