instrument,trial_id,gamble_id,frame,anchor,sure,hi,p,ev_ratio,template_id,safe_first,gamble_letter,model,fmt,p_gamble,ab_mass,excluded,note
p1,247,24,risk,0,168,214,0.76,0.9681,3,False,A,allenai/OLMo-2-1124-7B-DPO,fewshot,0.55254,0.99224,0,massA=0.548 massB=0.444
p1,283,28,risk,0,132,181,0.76,1.0421,1,False,A,allenai/OLMo-2-1124-7B-DPO,fewshot,0.01272,0.94185,0,massA=0.012 massB=0.93
p1,208,20,risk,0,186,266,0.63,0.901,4,True,B,allenai/OLMo-2-1124-7B-DPO,fewshot,0.04337,0.86562,0,massA=0.828 massB=0.0375
p1,232,23,risk,0,91,626,0.23,1.5822,1,True,B,allenai/OLMo-2-1124-7B-DPO,fewshot,0.1128,0.86416,0,massA=0.767 massB=0.0975
p1,267,26,risk,0,59,151,0.36,0.9214,3,False,A,allenai/OLMo-2-1124-7B-DPO,fewshot,0.13296,0.99558,0,massA=0.132 massB=0.863
p1,80,8,risk,0,62,263,0.33,1.3998,0,True,B,allenai/OLMo-2-1124-7B-DPO,fewshot,0.38307,0.99091,0,massA=0.611 massB=0.38
p1,97,9,risk,0,49,153,0.26,0.8118,3,False,A,allenai/OLMo-2-1124-7B-DPO,fewshot,0.06954,0.99668,0,massA=0.0693 massB=0.927
p1,265,26,risk,0,59,151,0.36,0.9214,2,False,A,allenai/OLMo-2-1124-7B-DPO,fewshot,0.77999,0.98782,0,massA=0.77 massB=0.217
p1,223,22,risk,0,81,163,0.72,1.4489,1,False,A,allenai/OLMo-2-1124-7B-DPO,fewshot,0.02822,0.89742,0,massA=0.0253 massB=0.872
p1,12,1,risk,0,58,116,0.66,1.32,1,True,B,allenai/OLMo-2-1124-7B-DPO,fewshot,0.29748,0.8886,0,massA=0.624 massB=0.264
p1,211,21,risk,0,106,206,0.73,1.4187,0,False,A,allenai/OLMo-2-1124-7B-DPO,fewshot,0.97737,0.97287,0,massA=0.951 massB=0.022
p1,298,29,risk,0,79,81,0.83,0.851,4,True,B,allenai/OLMo-2-1124-7B-DPO,fewshot,0.04708,0.85332,0,massA=0.813 massB=0.0402
p1,259,25,risk,0,124,207,0.76,1.2687,4,False,A,allenai/OLMo-2-1124-7B-DPO,fewshot,0.0485,0.91474,0,massA=0.0444 massB=0.87
p1,87,8,risk,0,62,263,0.33,1.3998,3,False,A,allenai/OLMo-2-1124-7B-DPO,fewshot,0.19559,0.99444,0,massA=0.195 massB=0.8
p1,32,3,risk,0,46,158,0.33,1.1335,1,True,B,allenai/OLMo-2-1124-7B-DPO,fewshot,0.1394,0.93647,0,massA=0.806 massB=0.131
p1,276,27,risk,0,166,433,0.53,1.3825,3,True,B,allenai/OLMo-2-1124-7B-DPO,fewshot,0.55447,0.99583,0,massA=0.444 massB=0.552
p1,287,28,risk,0,132,181,0.76,1.0421,3,False,A,allenai/OLMo-2-1124-7B-DPO,fewshot,0.73412,0.98972,0,massA=0.727 massB=0.263
p1,367,36,risk,0,98,227,0.47,1.0887,3,False,A,allenai/OLMo-2-1124-7B-DPO,fewshot,0.11437,0.99433,0,massA=0.114 massB=0.881
p1,355,35,risk,0,91,133,0.68,0.9938,2,False,A,allenai/OLMo-2-1124-7B-DPO,fewshot,0.95498,0.98234,0,massA=0.938 massB=0.0442
p1,126,12,risk,0,164,541,0.38,1.2535,3,True,B,allenai/OLMo-2-1124-7B-DPO,fewshot,0.28617,0.99594,0,massA=0.711 massB=0.285
p1,36,3,risk,0,46,158,0.33,1.1335,3,True,B,allenai/OLMo-2-1124-7B-DPO,fewshot,0.79053,0.999,0,massA=0.209 massB=0.79
p1,245,24,risk,0,168,214,0.76,0.9681,2,False,A,allenai/OLMo-2-1124-7B-DPO,fewshot,0.98434,0.9928,0,massA=0.977 massB=0.0156
p1,177,17,risk,0,117,362,0.42,1.2995,3,False,A,allenai/OLMo-2-1124-7B-DPO,fewshot,0.06854,0.99436,0,massA=0.0682 massB=0.926
p1,133,13,risk,0,72,88,0.64,0.7822,1,False,A,allenai/OLMo-2-1124-7B-DPO,fewshot,0.00087,0.97632,0,massA=0.000849 massB=0.975
p1,312,31,risk,0,51,151,0.29,0.8586,1,True,B,allenai/OLMo-2-1124-7B-DPO,fewshot,0.0485,0.91576,0,massA=0.871 massB=0.0444
p1,221,22,risk,0,81,163,0.72,1.4489,0,False,A,allenai/OLMo-2-1124-7B-DPO,fewshot,0.9466,0.97998,0,massA=0.928 massB=0.0523
p1,280,28,risk,0,132,181,0.76,1.0421,0,True,B,allenai/OLMo-2-1124-7B-DPO,fewshot,0.92469,0.98119,0,massA=0.0739 massB=0.907
p1,164,16,risk,0,139,234,0.6,1.0101,2,True,B,allenai/OLMo-2-1124-7B-DPO,fewshot,0.59455,0.99474,0,massA=0.403 massB=0.591
p1,124,12,risk,0,164,541,0.38,1.2535,2,True,B,allenai/OLMo-2-1124-7B-DPO,fewshot,0.46296,0.99633,0,massA=0.535 massB=0.461
p1,332,33,risk,0,142,446,0.53,1.6646,1,True,B,allenai/OLMo-2-1124-7B-DPO,fewshot,0.04886,0.89021,0,massA=0.847 massB=0.0435
p1,226,22,risk,0,81,163,0.72,1.4489,3,True,B,allenai/OLMo-2-1124-7B-DPO,fewshot,0.96036,0.99843,0,massA=0.0396 massB=0.959
p1,391,39,risk,0,178,567,0.32,1.0193,0,False,A,allenai/OLMo-2-1124-7B-DPO,fewshot,0.9515,0.97363,0,massA=0.926 massB=0.0472
p1,81,8,risk,0,62,263,0.33,1.3998,0,False,A,allenai/OLMo-2-1124-7B-DPO,fewshot,0.95078,0.9809,0,massA=0.933 massB=0.0483
p1,71,7,risk,0,63,98,0.64,0.9956,0,False,A,allenai/OLMo-2-1124-7B-DPO,fewshot,0.96323,0.98663,0,massA=0.95 massB=0.0363
p1,17,1,risk,0,58,116,0.66,1.32,3,False,A,allenai/OLMo-2-1124-7B-DPO,fewshot,0.35399,0.99151,0,massA=0.351 massB=0.641
p1,236,23,risk,0,91,626,0.23,1.5822,3,True,B,allenai/OLMo-2-1124-7B-DPO,fewshot,0.78793,0.99797,0,massA=0.212 massB=0.786
p1,206,20,risk,0,186,266,0.63,0.901,3,True,B,allenai/OLMo-2-1124-7B-DPO,fewshot,0.39607,0.99515,0,massA=0.601 massB=0.394
p1,68,6,risk,0,94,101,0.71,0.7629,4,True,B,allenai/OLMo-2-1124-7B-DPO,fewshot,0.28617,0.82942,0,massA=0.592 massB=0.237
p1,337,33,risk,0,142,446,0.53,1.6646,3,False,A,allenai/OLMo-2-1124-7B-DPO,fewshot,0.12765,0.99511,0,massA=0.127 massB=0.868
p1,44,4,risk,0,29,71,0.55,1.3466,2,True,B,allenai/OLMo-2-1124-7B-DPO,fewshot,0.49805,0.99814,0,massA=0.501 massB=0.497
p1,188,18,risk,0,41,61,0.58,0.8629,4,True,B,allenai/OLMo-2-1124-7B-DPO,fewshot,0.09269,0.89643,0,massA=0.813 massB=0.0831
p1,354,35,risk,0,91,133,0.68,0.9938,2,True,B,allenai/OLMo-2-1124-7B-DPO,fewshot,0.91906,0.99645,0,massA=0.0806 massB=0.916
p1,210,21,risk,0,106,206,0.73,1.4187,0,True,B,allenai/OLMo-2-1124-7B-DPO,fewshot,0.70579,0.98672,0,massA=0.29 massB=0.696
p1,60,6,risk,0,94,101,0.71,0.7629,0,True,B,allenai/OLMo-2-1124-7B-DPO,fewshot,0.93096,0.98331,0,massA=0.0679 massB=0.915
p1,70,7,risk,0,63,98,0.64,0.9956,0,True,B,allenai/OLMo-2-1124-7B-DPO,fewshot,0.81405,0.98969,0,massA=0.184 massB=0.806
p1,273,27,risk,0,166,433,0.53,1.3825,1,False,A,allenai/OLMo-2-1124-7B-DPO,fewshot,0.01785,0.948,0,massA=0.0169 massB=0.931
p1,174,17,risk,0,117,362,0.42,1.2995,2,True,B,allenai/OLMo-2-1124-7B-DPO,fewshot,0.27669,0.99571,0,massA=0.72 massB=0.276
p1,100,10,risk,0,111,278,0.58,1.4526,0,True,B,allenai/OLMo-2-1124-7B-DPO,fewshot,0.4206,0.98118,0,massA=0.568 massB=0.413
p1,176,17,risk,0,117,362,0.42,1.2995,3,True,B,allenai/OLMo-2-1124-7B-DPO,fewshot,0.03021,0.99249,0,massA=0.963 massB=0.03
p1,272,27,risk,0,166,433,0.53,1.3825,1,True,B,allenai/OLMo-2-1124-7B-DPO,fewshot,0.03595,0.92804,0,massA=0.895 massB=0.0334
p1,149,14,risk,0,81,201,0.68,1.6874,4,False,A,allenai/OLMo-2-1124-7B-DPO,fewshot,0.02195,0.93845,0,massA=0.0206 massB=0.918
p1,294,29,risk,0,79,81,0.83,0.851,2,True,B,allenai/OLMo-2-1124-7B-DPO,fewshot,0.67747,0.99763,0,massA=0.322 massB=0.676
p1,385,38,risk,0,183,609,0.38,1.2646,2,False,A,allenai/OLMo-2-1124-7B-DPO,fewshot,0.67405,0.9864,0,massA=0.665 massB=0.322
p1,64,6,risk,0,94,101,0.71,0.7629,2,True,B,allenai/OLMo-2-1124-7B-DPO,fewshot,0.73106,0.99451,0,massA=0.267 massB=0.727
p1,241,24,risk,0,168,214,0.76,0.9681,0,False,A,allenai/OLMo-2-1124-7B-DPO,fewshot,0.98385,0.98638,0,massA=0.97 massB=0.0159
p1,37,3,risk,0,46,158,0.33,1.1335,3,False,A,allenai/OLMo-2-1124-7B-DPO,fewshot,0.11279,0.99598,0,massA=0.112 massB=0.884
p1,198,19,risk,0,64,122,0.49,0.9341,4,True,B,allenai/OLMo-2-1124-7B-DPO,fewshot,0.02002,0.87649,0,massA=0.859 massB=0.0176
p1,216,21,risk,0,106,206,0.73,1.4187,3,True,B,allenai/OLMo-2-1124-7B-DPO,fewshot,0.64423,0.99666,0,massA=0.355 massB=0.642
p1,360,36,risk,0,98,227,0.47,1.0887,0,True,B,allenai/OLMo-2-1124-7B-DPO,fewshot,0.65842,0.98594,0,massA=0.337 massB=0.649
p1,254,25,risk,0,124,207,0.76,1.2687,2,True,B,allenai/OLMo-2-1124-7B-DPO,fewshot,0.66192,0.996,0,massA=0.337 massB=0.659
p1,258,25,risk,0,124,207,0.76,1.2687,4,True,B,allenai/OLMo-2-1124-7B-DPO,fewshot,0.03847,0.82778,0,massA=0.796 massB=0.0318
p1,377,37,risk,0,151,252,0.68,1.1348,3,False,A,allenai/OLMo-2-1124-7B-DPO,fewshot,0.52732,0.99137,0,massA=0.523 massB=0.469
p1,120,12,risk,0,164,541,0.38,1.2535,0,True,B,allenai/OLMo-2-1124-7B-DPO,fewshot,0.37023,0.97908,0,massA=0.617 massB=0.362
p1,389,38,risk,0,183,609,0.38,1.2646,4,False,A,allenai/OLMo-2-1124-7B-DPO,fewshot,0.02801,0.93476,0,massA=0.0262 massB=0.909
p1,281,28,risk,0,132,181,0.76,1.0421,0,False,A,allenai/OLMo-2-1124-7B-DPO,fewshot,0.98975,0.98477,0,massA=0.975 massB=0.0101
p1,260,26,risk,0,59,151,0.36,0.9214,0,True,B,allenai/OLMo-2-1124-7B-DPO,fewshot,0.66192,0.9916,0,massA=0.335 massB=0.656
p1,146,14,risk,0,81,201,0.68,1.6874,3,True,B,allenai/OLMo-2-1124-7B-DPO,fewshot,0.76489,0.99765,0,massA=0.235 massB=0.763
p1,179,17,risk,0,117,362,0.42,1.2995,4,False,A,allenai/OLMo-2-1124-7B-DPO,fewshot,0.01855,0.93972,0,massA=0.0174 massB=0.922
p1,271,27,risk,0,166,433,0.53,1.3825,0,False,A,allenai/OLMo-2-1124-7B-DPO,fewshot,0.89256,0.97042,0,massA=0.866 massB=0.104
p1,264,26,risk,0,59,151,0.36,0.9214,2,True,B,allenai/OLMo-2-1124-7B-DPO,fewshot,0.587,0.99772,0,massA=0.412 massB=0.586
p1,290,29,risk,0,79,81,0.83,0.851,0,True,B,allenai/OLMo-2-1124-7B-DPO,fewshot,0.85681,0.98973,0,massA=0.142 massB=0.848
p1,343,34,risk,0,52,96,0.63,1.1631,1,False,A,allenai/OLMo-2-1124-7B-DPO,fewshot,0.00248,0.96183,0,massA=0.00239 massB=0.959
p1,286,28,risk,0,132,181,0.76,1.0421,3,True,B,allenai/OLMo-2-1124-7B-DPO,fewshot,0.9263,0.99805,0,massA=0.0736 massB=0.924
p1,51,5,risk,0,162,381,0.46,1.0819,0,False,A,allenai/OLMo-2-1124-7B-DPO,fewshot,0.95362,0.97152,0,massA=0.926 massB=0.0451
p1,252,25,risk,0,124,207,0.76,1.2687,1,True,B,allenai/OLMo-2-1124-7B-DPO,fewshot,0.02369,0.90206,0,massA=0.881 massB=0.0214
p1,107,10,risk,0,111,278,0.58,1.4526,3,False,A,allenai/OLMo-2-1124-7B-DPO,fewshot,0.18595,0.99193,0,massA=0.184 massB=0.807
p1,173,17,risk,0,117,362,0.42,1.2995,1,False,A,allenai/OLMo-2-1124-7B-DPO,fewshot,0.00233,0.96671,0,massA=0.00225 massB=0.964
p1,382,38,risk,0,183,609,0.38,1.2646,1,True,B,allenai/OLMo-2-1124-7B-DPO,fewshot,0.01282,0.91752,0,massA=0.906 massB=0.0118
p1,59,5,risk,0,162,381,0.46,1.0819,4,False,A,allenai/OLMo-2-1124-7B-DPO,fewshot,0.03541,0.93337,0,massA=0.0331 massB=0.9
p1,330,33,risk,0,142,446,0.53,1.6646,0,True,B,allenai/OLMo-2-1124-7B-DPO,fewshot,0.40734,0.98227,0,massA=0.582 massB=0.4
p1,317,31,risk,0,51,151,0.29,0.8586,3,False,A,allenai/OLMo-2-1124-7B-DPO,fewshot,0.22405,0.99462,0,massA=0.223 massB=0.772
p1,99,9,risk,0,49,153,0.26,0.8118,4,False,A,allenai/OLMo-2-1124-7B-DPO,fewshot,0.00452,0.96181,0,massA=0.00435 massB=0.957
p1,308,30,risk,0,149,447,0.26,0.78,4,True,B,allenai/OLMo-2-1124-7B-DPO,fewshot,0.03818,0.85664,0,massA=0.824 massB=0.0327
p1,54,5,risk,0,162,381,0.46,1.0819,2,True,B,allenai/OLMo-2-1124-7B-DPO,fewshot,0.47463,0.99399,0,massA=0.522 massB=0.472
p1,350,35,risk,0,91,133,0.68,0.9938,0,True,B,allenai/OLMo-2-1124-7B-DPO,fewshot,0.93196,0.98638,0,massA=0.0671 massB=0.919
p1,194,19,risk,0,64,122,0.49,0.9341,2,True,B,allenai/OLMo-2-1124-7B-DPO,fewshot,0.29422,0.99704,0,massA=0.704 massB=0.293
p1,39,3,risk,0,46,158,0.33,1.1335,4,False,A,allenai/OLMo-2-1124-7B-DPO,fewshot,0.00598,0.96051,0,massA=0.00574 massB=0.955
p1,230,23,risk,0,91,626,0.23,1.5822,0,True,B,allenai/OLMo-2-1124-7B-DPO,fewshot,0.51562,0.98474,0,massA=0.477 massB=0.508
p1,53,5,risk,0,162,381,0.46,1.0819,1,False,A,allenai/OLMo-2-1124-7B-DPO,fewshot,0.01057,0.9612,0,massA=0.0102 massB=0.951
p1,250,25,risk,0,124,207,0.76,1.2687,0,True,B,allenai/OLMo-2-1124-7B-DPO,fewshot,0.74018,0.98564,0,massA=0.256 massB=0.73
p1,90,9,risk,0,49,153,0.26,0.8118,0,True,B,allenai/OLMo-2-1124-7B-DPO,fewshot,0.58321,0.99355,0,massA=0.414 massB=0.579
p1,48,4,risk,0,29,71,0.55,1.3466,4,True,B,allenai/OLMo-2-1124-7B-DPO,fewshot,0.02596,0.86166,0,massA=0.839 massB=0.0224
p1,251,25,risk,0,124,207,0.76,1.2687,0,False,A,allenai/OLMo-2-1124-7B-DPO,fewshot,0.97424,0.97929,0,massA=0.954 massB=0.0252
p1,102,10,risk,0,111,278,0.58,1.4526,1,True,B,allenai/OLMo-2-1124-7B-DPO,fewshot,0.01771,0.90215,0,massA=0.886 massB=0.016
p1,328,32,risk,0,131,236,0.57,1.0269,4,True,B,allenai/OLMo-2-1124-7B-DPO,fewshot,0.10744,0.85507,0,massA=0.763 massB=0.0919
p1,109,10,risk,0,111,278,0.58,1.4526,4,False,A,allenai/OLMo-2-1124-7B-DPO,fewshot,0.01826,0.93637,0,massA=0.0171 massB=0.919
p1,261,26,risk,0,59,151,0.36,0.9214,0,False,A,allenai/OLMo-2-1124-7B-DPO,fewshot,0.83868,0.97978,0,massA=0.822 massB=0.158
p1,220,22,risk,0,81,163,0.72,1.4489,0,True,B,allenai/OLMo-2-1124-7B-DPO,fewshot,0.83114,0.98636,0,massA=0.167 massB=0.82
p1,323,32,risk,0,131,236,0.57,1.0269,1,False,A,allenai/OLMo-2-1124-7B-DPO,fewshot,0.00404,0.95386,0,massA=0.00385 massB=0.95
p1,374,37,risk,0,151,252,0.68,1.1348,2,True,B,allenai/OLMo-2-1124-7B-DPO,fewshot,0.61509,0.99639,0,massA=0.384 massB=0.613
p1,284,28,risk,0,132,181,0.76,1.0421,2,True,B,allenai/OLMo-2-1124-7B-DPO,fewshot,0.91551,0.99631,0,massA=0.0842 massB=0.912
p1,10,1,risk,0,58,116,0.66,1.32,0,True,B,allenai/OLMo-2-1124-7B-DPO,fewshot,0.85777,0.98897,0,massA=0.141 massB=0.848
p1,224,22,risk,0,81,163,0.72,1.4489,2,True,B,allenai/OLMo-2-1124-7B-DPO,fewshot,0.85294,0.99508,0,massA=0.146 massB=0.849
p1,292,29,risk,0,79,81,0.83,0.851,1,True,B,allenai/OLMo-2-1124-7B-DPO,fewshot,0.05749,0.90002,0,massA=0.848 massB=0.0517
p1,235,23,risk,0,91,626,0.23,1.5822,2,False,A,allenai/OLMo-2-1124-7B-DPO,fewshot,0.87147,0.97663,0,massA=0.851 massB=0.126
p1,182,18,risk,0,41,61,0.58,0.8629,1,True,B,allenai/OLMo-2-1124-7B-DPO,fewshot,0.21734,0.93469,0,massA=0.732 massB=0.203
p1,299,29,risk,0,79,81,0.83,0.851,4,False,A,allenai/OLMo-2-1124-7B-DPO,fewshot,0.16886,0.89412,0,massA=0.151 massB=0.743
p1,196,19,risk,0,64,122,0.49,0.9341,3,True,B,allenai/OLMo-2-1124-7B-DPO,fewshot,0.24364,0.99744,0,massA=0.754 massB=0.243
p1,291,29,risk,0,79,81,0.83,0.851,0,False,A,allenai/OLMo-2-1124-7B-DPO,fewshot,0.98295,0.98453,0,massA=0.968 massB=0.0168
p1,353,35,risk,0,91,133,0.68,0.9938,1,False,A,allenai/OLMo-2-1124-7B-DPO,fewshot,0.02909,0.90289,0,massA=0.0263 massB=0.877
p1,166,16,risk,0,139,234,0.6,1.0101,3,True,B,allenai/OLMo-2-1124-7B-DPO,fewshot,0.47074,0.99668,0,massA=0.528 massB=0.469
p1,104,10,risk,0,111,278,0.58,1.4526,2,True,B,allenai/OLMo-2-1124-7B-DPO,fewshot,0.48438,0.99568,0,massA=0.513 massB=0.482
p1,380,38,risk,0,183,609,0.38,1.2646,0,True,B,allenai/OLMo-2-1124-7B-DPO,fewshot,0.11677,0.9854,0,massA=0.87 massB=0.115
p1,27,2,risk,0,162,661,0.26,1.0609,3,False,A,allenai/OLMo-2-1124-7B-DPO,fewshot,0.2227,0.99029,0,massA=0.221 massB=0.77
p1,114,11,risk,0,54,68,0.81,1.02,2,True,B,allenai/OLMo-2-1124-7B-DPO,fewshot,0.50977,0.99801,0,massA=0.489 massB=0.509
p1,336,33,risk,0,142,446,0.53,1.6646,3,True,B,allenai/OLMo-2-1124-7B-DPO,fewshot,0.42823,0.99491,0,massA=0.569 massB=0.426
p1,138,13,risk,0,72,88,0.64,0.7822,4,True,B,allenai/OLMo-2-1124-7B-DPO,fewshot,0.09335,0.82095,0,massA=0.744 massB=0.0766
p1,115,11,risk,0,54,68,0.81,1.02,2,False,A,allenai/OLMo-2-1124-7B-DPO,fewshot,0.96459,0.99329,0,massA=0.958 massB=0.0352
p1,26,2,risk,0,162,661,0.26,1.0609,3,True,B,allenai/OLMo-2-1124-7B-DPO,fewshot,0.07005,0.99569,0,massA=0.926 massB=0.0697
p1,262,26,risk,0,59,151,0.36,0.9214,1,True,B,allenai/OLMo-2-1124-7B-DPO,fewshot,0.12086,0.9226,0,massA=0.811 massB=0.112
p1,52,5,risk,0,162,381,0.46,1.0819,1,True,B,allenai/OLMo-2-1124-7B-DPO,fewshot,0.0109,0.91163,0,massA=0.902 massB=0.00994
p1,384,38,risk,0,183,609,0.38,1.2646,2,True,B,allenai/OLMo-2-1124-7B-DPO,fewshot,0.18713,0.99534,0,massA=0.809 massB=0.186
p1,201,20,risk,0,186,266,0.63,0.901,0,False,A,allenai/OLMo-2-1124-7B-DPO,fewshot,0.96666,0.97839,0,massA=0.946 massB=0.0326
p1,209,20,risk,0,186,266,0.63,0.901,4,False,A,allenai/OLMo-2-1124-7B-DPO,fewshot,0.02616,0.95325,0,massA=0.0249 massB=0.928
p1,200,20,risk,0,186,266,0.63,0.901,0,True,B,allenai/OLMo-2-1124-7B-DPO,fewshot,0.587,0.97805,0,massA=0.404 massB=0.574
p1,2,0,risk,0,186,984,0.26,1.3755,1,True,B,allenai/OLMo-2-1124-7B-DPO,fewshot,0.0092,0.88206,0,massA=0.874 massB=0.00811
p1,74,7,risk,0,63,98,0.64,0.9956,2,True,B,allenai/OLMo-2-1124-7B-DPO,fewshot,0.48828,0.99729,0,massA=0.51 massB=0.487
p1,296,29,risk,0,79,81,0.83,0.851,3,True,B,allenai/OLMo-2-1124-7B-DPO,fewshot,0.59831,0.99713,0,massA=0.401 massB=0.597
p1,57,5,risk,0,162,381,0.46,1.0819,3,False,A,allenai/OLMo-2-1124-7B-DPO,fewshot,0.35398,0.99081,0,massA=0.351 massB=0.64
p1,21,2,risk,0,162,661,0.26,1.0609,0,False,A,allenai/OLMo-2-1124-7B-DPO,fewshot,0.96814,0.9649,0,massA=0.934 massB=0.0307
p1,334,33,risk,0,142,446,0.53,1.6646,2,True,B,allenai/OLMo-2-1124-7B-DPO,fewshot,0.4552,0.9947,0,massA=0.542 massB=0.453
p1,169,16,risk,0,139,234,0.6,1.0101,4,False,A,allenai/OLMo-2-1124-7B-DPO,fewshot,0.02229,0.93961,0,massA=0.0209 massB=0.919
p1,346,34,risk,0,52,96,0.63,1.1631,3,True,B,allenai/OLMo-2-1124-7B-DPO,fewshot,0.94208,0.99868,0,massA=0.0578 massB=0.941
p1,18,1,risk,0,58,116,0.66,1.32,4,True,B,allenai/OLMo-2-1124-7B-DPO,fewshot,0.4168,0.8564,0,massA=0.499 massB=0.357
p1,237,23,risk,0,91,626,0.23,1.5822,3,False,A,allenai/OLMo-2-1124-7B-DPO,fewshot,0.24653,0.9863,0,massA=0.243 massB=0.743
p1,339,33,risk,0,142,446,0.53,1.6646,4,False,A,allenai/OLMo-2-1124-7B-DPO,fewshot,0.01771,0.94799,0,massA=0.0168 massB=0.931
p1,94,9,risk,0,49,153,0.26,0.8118,2,True,B,allenai/OLMo-2-1124-7B-DPO,fewshot,0.47853,0.99793,0,massA=0.52 massB=0.478
p1,158,15,risk,0,82,113,0.74,1.0198,4,True,B,allenai/OLMo-2-1124-7B-DPO,fewshot,0.35399,0.85985,0,massA=0.555 massB=0.304
p1,175,17,risk,0,117,362,0.42,1.2995,2,False,A,allenai/OLMo-2-1124-7B-DPO,fewshot,0.87321,0.9845,0,massA=0.86 massB=0.125
p1,183,18,risk,0,41,61,0.58,0.8629,1,False,A,allenai/OLMo-2-1124-7B-DPO,fewshot,0.12336,0.88436,0,massA=0.109 massB=0.775
p1,207,20,risk,0,186,266,0.63,0.901,3,False,A,allenai/OLMo-2-1124-7B-DPO,fewshot,0.31069,0.99388,0,massA=0.309 massB=0.685
p1,333,33,risk,0,142,446,0.53,1.6646,1,False,A,allenai/OLMo-2-1124-7B-DPO,fewshot,0.00372,0.95839,0,massA=0.00357 massB=0.955
p1,316,31,risk,0,51,151,0.29,0.8586,3,True,B,allenai/OLMo-2-1124-7B-DPO,fewshot,0.37023,0.99789,0,massA=0.628 massB=0.369
p1,79,7,risk,0,63,98,0.64,0.9956,4,False,A,allenai/OLMo-2-1124-7B-DPO,fewshot,0.05921,0.91154,0,massA=0.054 massB=0.858
p1,150,15,risk,0,82,113,0.74,1.0198,0,True,B,allenai/OLMo-2-1124-7B-DPO,fewshot,0.90465,0.98594,0,massA=0.094 massB=0.892
p1,322,32,risk,0,131,236,0.57,1.0269,1,True,B,allenai/OLMo-2-1124-7B-DPO,fewshot,0.03284,0.92575,0,massA=0.895 massB=0.0304
p1,239,23,risk,0,91,626,0.23,1.5822,4,False,A,allenai/OLMo-2-1124-7B-DPO,fewshot,0.02212,0.893,0,massA=0.0197 massB=0.873
p1,396,39,risk,0,178,567,0.32,1.0193,3,True,B,allenai/OLMo-2-1124-7B-DPO,fewshot,0.587,0.99631,0,massA=0.411 massB=0.585
p1,142,14,risk,0,81,201,0.68,1.6874,1,True,B,allenai/OLMo-2-1124-7B-DPO,fewshot,0.04085,0.90829,0,massA=0.871 massB=0.0371
p1,62,6,risk,0,94,101,0.71,0.7629,1,True,B,allenai/OLMo-2-1124-7B-DPO,fewshot,0.09808,0.87833,0,massA=0.792 massB=0.0861
p1,263,26,risk,0,59,151,0.36,0.9214,1,False,A,allenai/OLMo-2-1124-7B-DPO,fewshot,0.00171,0.9749,0,massA=0.00166 massB=0.973
p1,378,37,risk,0,151,252,0.68,1.1348,4,True,B,allenai/OLMo-2-1124-7B-DPO,fewshot,0.06904,0.85628,0,massA=0.797 massB=0.0591
p1,160,16,risk,0,139,234,0.6,1.0101,0,True,B,allenai/OLMo-2-1124-7B-DPO,fewshot,0.83224,0.98659,0,massA=0.166 massB=0.821
p1,383,38,risk,0,183,609,0.38,1.2646,1,False,A,allenai/OLMo-2-1124-7B-DPO,fewshot,0.00906,0.94694,0,massA=0.00857 massB=0.938
p1,112,11,risk,0,54,68,0.81,1.02,1,True,B,allenai/OLMo-2-1124-7B-DPO,fewshot,0.1656,0.92141,0,massA=0.769 massB=0.153
p1,156,15,risk,0,82,113,0.74,1.0198,3,True,B,allenai/OLMo-2-1124-7B-DPO,fewshot,0.97001,0.99846,0,massA=0.0299 massB=0.969
p1,38,3,risk,0,46,158,0.33,1.1335,4,True,B,allenai/OLMo-2-1124-7B-DPO,fewshot,0.09603,0.85526,0,massA=0.773 massB=0.0821
p1,128,12,risk,0,164,541,0.38,1.2535,4,True,B,allenai/OLMo-2-1124-7B-DPO,fewshot,0.04024,0.86002,0,massA=0.825 massB=0.0346
p1,217,21,risk,0,106,206,0.73,1.4187,3,False,A,allenai/OLMo-2-1124-7B-DPO,fewshot,0.77322,0.98581,0,massA=0.762 massB=0.224
p1,318,31,risk,0,51,151,0.29,0.8586,4,True,B,allenai/OLMo-2-1124-7B-DPO,fewshot,0.02801,0.90116,0,massA=0.876 massB=0.0252
p1,55,5,risk,0,162,381,0.46,1.0819,2,False,A,allenai/OLMo-2-1124-7B-DPO,fewshot,0.94418,0.98739,0,massA=0.932 massB=0.0551
p1,96,9,risk,0,49,153,0.26,0.8118,3,True,B,allenai/OLMo-2-1124-7B-DPO,fewshot,0.72017,0.99844,0,massA=0.279 massB=0.719
p1,8,0,risk,0,186,984,0.26,1.3755,4,True,B,allenai/OLMo-2-1124-7B-DPO,fewshot,0.02113,0.77832,0,massA=0.762 massB=0.0164
p1,132,13,risk,0,72,88,0.64,0.7822,1,True,B,allenai/OLMo-2-1124-7B-DPO,fewshot,0.04922,0.89361,0,massA=0.85 massB=0.044
p1,340,34,risk,0,52,96,0.63,1.1631,0,True,B,allenai/OLMo-2-1124-7B-DPO,fewshot,0.89983,0.99077,0,massA=0.0992 massB=0.892
p1,28,2,risk,0,162,661,0.26,1.0609,4,True,B,allenai/OLMo-2-1124-7B-DPO,fewshot,0.02442,0.82789,0,massA=0.808 massB=0.0202
p1,77,7,risk,0,63,98,0.64,0.9956,3,False,A,allenai/OLMo-2-1124-7B-DPO,fewshot,0.77594,0.98691,0,massA=0.766 massB=0.221
p1,349,34,risk,0,52,96,0.63,1.1631,4,False,A,allenai/OLMo-2-1124-7B-DPO,fewshot,0.00649,0.96482,0,massA=0.00626 massB=0.959
p1,371,37,risk,0,151,252,0.68,1.1348,0,False,A,allenai/OLMo-2-1124-7B-DPO,fewshot,0.97364,0.97793,0,massA=0.952 massB=0.0258
p1,0,0,risk,0,186,984,0.26,1.3755,0,True,B,allenai/OLMo-2-1124-7B-DPO,fewshot,0.16238,0.97968,0,massA=0.821 massB=0.159
p1,111,11,risk,0,54,68,0.81,1.02,0,False,A,allenai/OLMo-2-1124-7B-DPO,fewshot,0.91551,0.9876,0,massA=0.904 massB=0.0834
p1,238,23,risk,0,91,626,0.23,1.5822,4,True,B,allenai/OLMo-2-1124-7B-DPO,fewshot,0.13754,0.74621,0,massA=0.644 massB=0.103
p1,7,0,risk,0,186,984,0.26,1.3755,3,False,A,allenai/OLMo-2-1124-7B-DPO,fewshot,0.23231,0.99161,0,massA=0.23 massB=0.761
p1,40,4,risk,0,29,71,0.55,1.3466,0,True,B,allenai/OLMo-2-1124-7B-DPO,fewshot,0.78133,0.98676,0,massA=0.216 massB=0.771
p1,393,39,risk,0,178,567,0.32,1.0193,1,False,A,allenai/OLMo-2-1124-7B-DPO,fewshot,0.00644,0.96035,0,massA=0.00618 massB=0.954
p1,3,0,risk,0,186,984,0.26,1.3755,1,False,A,allenai/OLMo-2-1124-7B-DPO,fewshot,0.03186,0.91582,0,massA=0.0292 massB=0.887
p1,154,15,risk,0,82,113,0.74,1.0198,2,True,B,allenai/OLMo-2-1124-7B-DPO,fewshot,0.90665,0.99724,0,massA=0.0931 massB=0.904
p1,129,12,risk,0,164,541,0.38,1.2535,4,False,A,allenai/OLMo-2-1124-7B-DPO,fewshot,0.02909,0.93573,0,massA=0.0272 massB=0.909
p1,203,20,risk,0,186,266,0.63,0.901,1,False,A,allenai/OLMo-2-1124-7B-DPO,fewshot,0.02537,0.9457,0,massA=0.024 massB=0.922
p1,118,11,risk,0,54,68,0.81,1.02,4,True,B,allenai/OLMo-2-1124-7B-DPO,fewshot,0.10448,0.88422,0,massA=0.792 massB=0.0924
p1,137,13,risk,0,72,88,0.64,0.7822,3,False,A,allenai/OLMo-2-1124-7B-DPO,fewshot,0.16886,0.99428,0,massA=0.168 massB=0.826
p1,95,9,risk,0,49,153,0.26,0.8118,2,False,A,allenai/OLMo-2-1124-7B-DPO,fewshot,0.49804,0.98599,0,massA=0.491 massB=0.495
p1,33,3,risk,0,46,158,0.33,1.1335,1,False,A,allenai/OLMo-2-1124-7B-DPO,fewshot,0.00287,0.97146,0,massA=0.00279 massB=0.969
p1,321,32,risk,0,131,236,0.57,1.0269,0,False,A,allenai/OLMo-2-1124-7B-DPO,fewshot,0.91964,0.97416,0,massA=0.896 massB=0.0783
p1,91,9,risk,0,49,153,0.26,0.8118,0,False,A,allenai/OLMo-2-1124-7B-DPO,fewshot,0.49218,0.97881,0,massA=0.482 massB=0.497
p1,73,7,risk,0,63,98,0.64,0.9956,1,False,A,allenai/OLMo-2-1124-7B-DPO,fewshot,0.00956,0.94173,0,massA=0.009 massB=0.933
p1,86,8,risk,0,62,263,0.33,1.3998,3,True,B,allenai/OLMo-2-1124-7B-DPO,fewshot,0.05624,0.99726,0,massA=0.941 massB=0.0561
p1,25,2,risk,0,162,661,0.26,1.0609,2,False,A,allenai/OLMo-2-1124-7B-DPO,fewshot,0.8606,0.9862,0,massA=0.849 massB=0.137
p1,197,19,risk,0,64,122,0.49,0.9341,3,False,A,allenai/OLMo-2-1124-7B-DPO,fewshot,0.11596,0.9949,0,massA=0.115 massB=0.88
p1,155,15,risk,0,82,113,0.74,1.0198,2,False,A,allenai/OLMo-2-1124-7B-DPO,fewshot,0.97001,0.98702,0,massA=0.957 massB=0.0296
p1,135,13,risk,0,72,88,0.64,0.7822,2,False,A,allenai/OLMo-2-1124-7B-DPO,fewshot,0.88161,0.98758,0,massA=0.871 massB=0.117
p1,185,18,risk,0,41,61,0.58,0.8629,2,False,A,allenai/OLMo-2-1124-7B-DPO,fewshot,0.9722,0.99175,0,massA=0.964 massB=0.0276
p1,92,9,risk,0,49,153,0.26,0.8118,1,True,B,allenai/OLMo-2-1124-7B-DPO,fewshot,0.09074,0.91579,0,massA=0.833 massB=0.0831
p1,370,37,risk,0,151,252,0.68,1.1348,0,True,B,allenai/OLMo-2-1124-7B-DPO,fewshot,0.76065,0.98461,0,massA=0.236 massB=0.749
p1,398,39,risk,0,178,567,0.32,1.0193,4,True,B,allenai/OLMo-2-1124-7B-DPO,fewshot,0.09947,0.83304,0,massA=0.75 massB=0.0829
p1,140,14,risk,0,81,201,0.68,1.6874,0,True,B,allenai/OLMo-2-1124-7B-DPO,fewshot,0.74614,0.98654,0,massA=0.25 massB=0.736
p1,243,24,risk,0,168,214,0.76,0.9681,1,False,A,allenai/OLMo-2-1124-7B-DPO,fewshot,0.25534,0.85944,0,massA=0.219 massB=0.64
p1,253,25,risk,0,124,207,0.76,1.2687,1,False,A,allenai/OLMo-2-1124-7B-DPO,fewshot,0.03044,0.91129,0,massA=0.0277 massB=0.884
p1,352,35,risk,0,91,133,0.68,0.9938,1,True,B,allenai/OLMo-2-1124-7B-DPO,fewshot,0.29747,0.90889,0,massA=0.639 massB=0.27
p1,303,30,risk,0,149,447,0.26,0.78,1,False,A,allenai/OLMo-2-1124-7B-DPO,fewshot,0.00123,0.96614,0,massA=0.00119 massB=0.965
p1,84,8,risk,0,62,263,0.33,1.3998,2,True,B,allenai/OLMo-2-1124-7B-DPO,fewshot,0.15103,0.99704,0,massA=0.846 massB=0.151
p1,365,36,risk,0,98,227,0.47,1.0887,2,False,A,allenai/OLMo-2-1124-7B-DPO,fewshot,0.84997,0.97281,0,massA=0.827 massB=0.146
p1,369,36,risk,0,98,227,0.47,1.0887,4,False,A,allenai/OLMo-2-1124-7B-DPO,fewshot,0.01234,0.94368,0,massA=0.0116 massB=0.932
p1,113,11,risk,0,54,68,0.81,1.02,1,False,A,allenai/OLMo-2-1124-7B-DPO,fewshot,0.00151,0.97589,0,massA=0.00147 massB=0.974
p1,186,18,risk,0,41,61,0.58,0.8629,3,True,B,allenai/OLMo-2-1124-7B-DPO,fewshot,0.72017,0.99787,0,massA=0.279 massB=0.719
p1,341,34,risk,0,52,96,0.63,1.1631,0,False,A,allenai/OLMo-2-1124-7B-DPO,fewshot,0.9454,0.97935,0,massA=0.926 massB=0.0535
p1,313,31,risk,0,51,151,0.29,0.8586,1,False,A,allenai/OLMo-2-1124-7B-DPO,fewshot,0.00321,0.96257,0,massA=0.00309 massB=0.959
p1,143,14,risk,0,81,201,0.68,1.6874,1,False,A,allenai/OLMo-2-1124-7B-DPO,fewshot,0.00735,0.93776,0,massA=0.00689 massB=0.931
p1,72,7,risk,0,63,98,0.64,0.9956,1,True,B,allenai/OLMo-2-1124-7B-DPO,fewshot,0.03876,0.90422,0,massA=0.869 massB=0.035
p1,170,17,risk,0,117,362,0.42,1.2995,0,True,B,allenai/OLMo-2-1124-7B-DPO,fewshot,0.2069,0.97811,0,massA=0.776 massB=0.202
p1,181,18,risk,0,41,61,0.58,0.8629,0,False,A,allenai/OLMo-2-1124-7B-DPO,fewshot,0.97113,0.98358,0,massA=0.955 massB=0.0284
p1,1,0,risk,0,186,984,0.26,1.3755,0,False,A,allenai/OLMo-2-1124-7B-DPO,fewshot,0.94699,0.97048,0,massA=0.919 massB=0.0514
p1,105,10,risk,0,111,278,0.58,1.4526,2,False,A,allenai/OLMo-2-1124-7B-DPO,fewshot,0.89625,0.9805,0,massA=0.879 massB=0.102
p1,11,1,risk,0,58,116,0.66,1.32,0,False,A,allenai/OLMo-2-1124-7B-DPO,fewshot,0.93146,0.96982,0,massA=0.903 massB=0.0665
p1,244,24,risk,0,168,214,0.76,0.9681,2,True,B,allenai/OLMo-2-1124-7B-DPO,fewshot,0.60206,0.99578,0,massA=0.396 massB=0.6
p1,165,16,risk,0,139,234,0.6,1.0101,2,False,A,allenai/OLMo-2-1124-7B-DPO,fewshot,0.97069,0.98798,0,massA=0.959 massB=0.029
p1,361,36,risk,0,98,227,0.47,1.0887,0,False,A,allenai/OLMo-2-1124-7B-DPO,fewshot,0.8606,0.96718,0,massA=0.832 massB=0.135
p1,233,23,risk,0,91,626,0.23,1.5822,1,False,A,allenai/OLMo-2-1124-7B-DPO,fewshot,0.01017,0.90176,0,massA=0.00917 massB=0.893
p1,30,3,risk,0,46,158,0.33,1.1335,0,True,B,allenai/OLMo-2-1124-7B-DPO,fewshot,0.68257,0.99392,0,massA=0.315 massB=0.678
p1,13,1,risk,0,58,116,0.66,1.32,1,False,A,allenai/OLMo-2-1124-7B-DPO,fewshot,0.0074,0.95042,0,massA=0.00704 massB=0.943
p1,347,34,risk,0,52,96,0.63,1.1631,3,False,A,allenai/OLMo-2-1124-7B-DPO,fewshot,0.43015,0.99102,0,massA=0.426 massB=0.565
p1,119,11,risk,0,54,68,0.81,1.02,4,False,A,allenai/OLMo-2-1124-7B-DPO,fewshot,0.01353,0.95678,0,massA=0.0129 massB=0.944
p1,257,25,risk,0,124,207,0.76,1.2687,3,False,A,allenai/OLMo-2-1124-7B-DPO,fewshot,0.37205,0.9923,0,massA=0.369 massB=0.623
p1,255,25,risk,0,124,207,0.76,1.2687,2,False,A,allenai/OLMo-2-1124-7B-DPO,fewshot,0.96886,0.98524,0,massA=0.955 massB=0.0307
p1,310,31,risk,0,51,151,0.29,0.8586,0,True,B,allenai/OLMo-2-1124-7B-DPO,fewshot,0.50781,0.99177,0,massA=0.488 massB=0.504
p1,43,4,risk,0,29,71,0.55,1.3466,1,False,A,allenai/OLMo-2-1124-7B-DPO,fewshot,0.00624,0.84761,0,massA=0.00529 massB=0.842
p1,228,22,risk,0,81,163,0.72,1.4489,4,True,B,allenai/OLMo-2-1124-7B-DPO,fewshot,0.11202,0.77852,0,massA=0.691 massB=0.0872
p1,103,10,risk,0,111,278,0.58,1.4526,1,False,A,allenai/OLMo-2-1124-7B-DPO,fewshot,0.01406,0.91716,0,massA=0.0129 massB=0.904
p1,83,8,risk,0,62,263,0.33,1.3998,1,False,A,allenai/OLMo-2-1124-7B-DPO,fewshot,0.0031,0.96453,0,massA=0.00299 massB=0.962
p1,274,27,risk,0,166,433,0.53,1.3825,2,True,B,allenai/OLMo-2-1124-7B-DPO,fewshot,0.55254,0.99625,0,massA=0.446 massB=0.55
p1,4,0,risk,0,186,984,0.26,1.3755,2,True,B,allenai/OLMo-2-1124-7B-DPO,fewshot,0.1394,0.99365,0,massA=0.855 massB=0.139
p1,277,27,risk,0,166,433,0.53,1.3825,3,False,A,allenai/OLMo-2-1124-7B-DPO,fewshot,0.29747,0.99268,0,massA=0.295 massB=0.697
p1,275,27,risk,0,166,433,0.53,1.3825,2,False,A,allenai/OLMo-2-1124-7B-DPO,fewshot,0.90862,0.98778,0,massA=0.898 massB=0.0903
p1,307,30,risk,0,149,447,0.26,0.78,3,False,A,allenai/OLMo-2-1124-7B-DPO,fewshot,0.02576,0.99584,0,massA=0.0257 massB=0.97
p1,325,32,risk,0,131,236,0.57,1.0269,2,False,A,allenai/OLMo-2-1124-7B-DPO,fewshot,0.92789,0.98325,0,massA=0.912 massB=0.0709
p1,306,30,risk,0,149,447,0.26,0.78,3,True,B,allenai/OLMo-2-1124-7B-DPO,fewshot,0.04996,0.9939,0,massA=0.944 massB=0.0497
p1,397,39,risk,0,178,567,0.32,1.0193,3,False,A,allenai/OLMo-2-1124-7B-DPO,fewshot,0.22953,0.99288,0,massA=0.228 massB=0.765
p1,89,8,risk,0,62,263,0.33,1.3998,4,False,A,allenai/OLMo-2-1124-7B-DPO,fewshot,0.01364,0.94518,0,massA=0.0129 massB=0.932
p1,362,36,risk,0,98,227,0.47,1.0887,1,True,B,allenai/OLMo-2-1124-7B-DPO,fewshot,0.02576,0.87372,0,massA=0.851 massB=0.0225
p1,22,2,risk,0,162,661,0.26,1.0609,1,True,B,allenai/OLMo-2-1124-7B-DPO,fewshot,0.01302,0.89477,0,massA=0.883 massB=0.0117
p1,324,32,risk,0,131,236,0.57,1.0269,2,True,B,allenai/OLMo-2-1124-7B-DPO,fewshot,0.71859,0.99632,0,massA=0.28 massB=0.716
p1,131,13,risk,0,72,88,0.64,0.7822,0,False,A,allenai/OLMo-2-1124-7B-DPO,fewshot,0.95946,0.9848,0,massA=0.945 massB=0.0399
p1,152,15,risk,0,82,113,0.74,1.0198,1,True,B,allenai/OLMo-2-1124-7B-DPO,fewshot,0.07531,0.87939,0,massA=0.813 massB=0.0662
p1,187,18,risk,0,41,61,0.58,0.8629,3,False,A,allenai/OLMo-2-1124-7B-DPO,fewshot,0.81287,0.98862,0,massA=0.804 massB=0.185
p1,213,21,risk,0,106,206,0.73,1.4187,1,False,A,allenai/OLMo-2-1124-7B-DPO,fewshot,0.60392,0.78327,0,massA=0.473 massB=0.31
p1,189,18,risk,0,41,61,0.58,0.8629,4,False,A,allenai/OLMo-2-1124-7B-DPO,fewshot,0.18594,0.84036,0,massA=0.156 massB=0.684
p1,373,37,risk,0,151,252,0.68,1.1348,1,False,A,allenai/OLMo-2-1124-7B-DPO,fewshot,0.00788,0.95221,0,massA=0.0075 massB=0.945
p1,285,28,risk,0,132,181,0.76,1.0421,2,False,A,allenai/OLMo-2-1124-7B-DPO,fewshot,0.9855,0.99178,0,massA=0.977 massB=0.0144
p1,205,20,risk,0,186,266,0.63,0.901,2,False,A,allenai/OLMo-2-1124-7B-DPO,fewshot,0.95696,0.98744,0,massA=0.945 massB=0.0425
p1,270,27,risk,0,166,433,0.53,1.3825,0,True,B,allenai/OLMo-2-1124-7B-DPO,fewshot,0.24799,0.98283,0,massA=0.739 massB=0.244
p1,110,11,risk,0,54,68,0.81,1.02,0,True,B,allenai/OLMo-2-1124-7B-DPO,fewshot,0.81874,0.98574,0,massA=0.179 massB=0.807
p1,50,5,risk,0,162,381,0.46,1.0819,0,True,B,allenai/OLMo-2-1124-7B-DPO,fewshot,0.45714,0.97903,0,massA=0.531 massB=0.448
p1,390,39,risk,0,178,567,0.32,1.0193,0,True,B,allenai/OLMo-2-1124-7B-DPO,fewshot,0.14512,0.98216,0,massA=0.84 massB=0.143
p1,98,9,risk,0,49,153,0.26,0.8118,4,True,B,allenai/OLMo-2-1124-7B-DPO,fewshot,0.05582,0.87581,0,massA=0.827 massB=0.0489
p1,379,37,risk,0,151,252,0.68,1.1348,4,False,A,allenai/OLMo-2-1124-7B-DPO,fewshot,0.01164,0.95103,0,massA=0.0111 massB=0.94
p1,106,10,risk,0,111,278,0.58,1.4526,3,True,B,allenai/OLMo-2-1124-7B-DPO,fewshot,0.27513,0.99437,0,massA=0.721 massB=0.274
p1,24,2,risk,0,162,661,0.26,1.0609,2,True,B,allenai/OLMo-2-1124-7B-DPO,fewshot,0.21734,0.9967,0,massA=0.78 massB=0.217
p1,45,4,risk,0,29,71,0.55,1.3466,2,False,A,allenai/OLMo-2-1124-7B-DPO,fewshot,0.87997,0.97313,0,massA=0.856 massB=0.117
p1,240,24,risk,0,168,214,0.76,0.9681,0,True,B,allenai/OLMo-2-1124-7B-DPO,fewshot,0.74018,0.98511,0,massA=0.256 massB=0.729
p1,214,21,risk,0,106,206,0.73,1.4187,2,True,B,allenai/OLMo-2-1124-7B-DPO,fewshot,0.40169,0.99508,0,massA=0.595 massB=0.4
p1,314,31,risk,0,51,151,0.29,0.8586,2,True,B,allenai/OLMo-2-1124-7B-DPO,fewshot,0.18595,0.99855,0,massA=0.813 massB=0.186
p1,319,31,risk,0,51,151,0.29,0.8586,4,False,A,allenai/OLMo-2-1124-7B-DPO,fewshot,0.01428,0.94869,0,massA=0.0135 massB=0.935
p1,159,15,risk,0,82,113,0.74,1.0198,4,False,A,allenai/OLMo-2-1124-7B-DPO,fewshot,0.09739,0.89619,0,massA=0.0873 massB=0.809
p1,222,22,risk,0,81,163,0.72,1.4489,1,True,B,allenai/OLMo-2-1124-7B-DPO,fewshot,0.05501,0.87818,0,massA=0.83 massB=0.0483
p1,329,32,risk,0,131,236,0.57,1.0269,4,False,A,allenai/OLMo-2-1124-7B-DPO,fewshot,0.01957,0.93234,0,massA=0.0182 massB=0.914
p1,191,19,risk,0,64,122,0.49,0.9341,0,False,A,allenai/OLMo-2-1124-7B-DPO,fewshot,0.84997,0.96931,0,massA=0.824 massB=0.145
p1,180,18,risk,0,41,61,0.58,0.8629,0,True,B,allenai/OLMo-2-1124-7B-DPO,fewshot,0.77322,0.98958,0,massA=0.224 massB=0.765
p1,215,21,risk,0,106,206,0.73,1.4187,2,False,A,allenai/OLMo-2-1124-7B-DPO,fewshot,0.98187,0.98071,0,massA=0.963 massB=0.0178
p1,351,35,risk,0,91,133,0.68,0.9938,0,False,A,allenai/OLMo-2-1124-7B-DPO,fewshot,0.92736,0.96944,0,massA=0.899 massB=0.0704
p1,295,29,risk,0,79,81,0.83,0.851,2,False,A,allenai/OLMo-2-1124-7B-DPO,fewshot,0.98991,0.99384,0,massA=0.984 massB=0.01
p1,116,11,risk,0,54,68,0.81,1.02,3,True,B,allenai/OLMo-2-1124-7B-DPO,fewshot,0.70253,0.99796,0,massA=0.297 massB=0.701
p1,49,4,risk,0,29,71,0.55,1.3466,4,False,A,allenai/OLMo-2-1124-7B-DPO,fewshot,0.02096,0.81511,0,massA=0.0171 massB=0.798
p1,394,39,risk,0,178,567,0.32,1.0193,2,True,B,allenai/OLMo-2-1124-7B-DPO,fewshot,0.43206,0.99557,0,massA=0.565 massB=0.43
p1,387,38,risk,0,183,609,0.38,1.2646,3,False,A,allenai/OLMo-2-1124-7B-DPO,fewshot,0.09138,0.995,0,massA=0.0909 massB=0.904
p1,141,14,risk,0,81,201,0.68,1.6874,0,False,A,allenai/OLMo-2-1124-7B-DPO,fewshot,0.93046,0.97944,0,massA=0.911 massB=0.0681
p1,395,39,risk,0,178,567,0.32,1.0193,2,False,A,allenai/OLMo-2-1124-7B-DPO,fewshot,0.83332,0.98623,0,massA=0.822 massB=0.164
p1,127,12,risk,0,164,541,0.38,1.2535,3,False,A,allenai/OLMo-2-1124-7B-DPO,fewshot,0.20561,0.99302,0,massA=0.204 massB=0.789
p1,368,36,risk,0,98,227,0.47,1.0887,4,True,B,allenai/OLMo-2-1124-7B-DPO,fewshot,0.0737,0.83547,0,massA=0.774 massB=0.0616
p1,359,35,risk,0,91,133,0.68,0.9938,4,False,A,allenai/OLMo-2-1124-7B-DPO,fewshot,0.02298,0.93863,0,massA=0.0216 massB=0.917
p1,338,33,risk,0,142,446,0.53,1.6646,4,True,B,allenai/OLMo-2-1124-7B-DPO,fewshot,0.13118,0.82786,0,massA=0.719 massB=0.109
p1,218,21,risk,0,106,206,0.73,1.4187,4,True,B,allenai/OLMo-2-1124-7B-DPO,fewshot,0.07317,0.82648,0,massA=0.766 massB=0.0605
p1,288,28,risk,0,132,181,0.76,1.0421,4,True,B,allenai/OLMo-2-1124-7B-DPO,fewshot,0.35578,0.83486,0,massA=0.538 massB=0.297
p1,67,6,risk,0,94,101,0.71,0.7629,3,False,A,allenai/OLMo-2-1124-7B-DPO,fewshot,0.50586,0.98817,0,massA=0.5 massB=0.488
p1,121,12,risk,0,164,541,0.38,1.2535,0,False,A,allenai/OLMo-2-1124-7B-DPO,fewshot,0.92995,0.96431,0,massA=0.897 massB=0.0675
p1,363,36,risk,0,98,227,0.47,1.0887,1,False,A,allenai/OLMo-2-1124-7B-DPO,fewshot,0.00152,0.96168,0,massA=0.00147 massB=0.96
p1,204,20,risk,0,186,266,0.63,0.901,2,True,B,allenai/OLMo-2-1124-7B-DPO,fewshot,0.37205,0.99498,0,massA=0.625 massB=0.37
p1,242,24,risk,0,168,214,0.76,0.9681,1,True,B,allenai/OLMo-2-1124-7B-DPO,fewshot,0.03934,0.92281,0,massA=0.887 massB=0.0363
p1,16,1,risk,0,58,116,0.66,1.32,3,True,B,allenai/OLMo-2-1124-7B-DPO,fewshot,0.97156,0.99877,0,massA=0.0284 massB=0.97
p1,29,2,risk,0,162,661,0.26,1.0609,4,False,A,allenai/OLMo-2-1124-7B-DPO,fewshot,0.02656,0.90821,0,massA=0.0241 massB=0.884
p1,162,16,risk,0,139,234,0.6,1.0101,1,True,B,allenai/OLMo-2-1124-7B-DPO,fewshot,0.01841,0.89382,0,massA=0.877 massB=0.0165
p1,19,1,risk,0,58,116,0.66,1.32,4,False,A,allenai/OLMo-2-1124-7B-DPO,fewshot,0.01898,0.94648,0,massA=0.018 massB=0.929
p1,199,19,risk,0,64,122,0.49,0.9341,4,False,A,allenai/OLMo-2-1124-7B-DPO,fewshot,0.00589,0.96464,0,massA=0.00568 massB=0.959
p1,5,0,risk,0,186,984,0.26,1.3755,2,False,A,allenai/OLMo-2-1124-7B-DPO,fewshot,0.79438,0.98201,0,massA=0.78 massB=0.202
p1,144,14,risk,0,81,201,0.68,1.6874,2,True,B,allenai/OLMo-2-1124-7B-DPO,fewshot,0.6943,0.99548,0,massA=0.304 massB=0.691
p1,108,10,risk,0,111,278,0.58,1.4526,4,True,B,allenai/OLMo-2-1124-7B-DPO,fewshot,0.06513,0.84743,0,massA=0.792 massB=0.0552
p1,301,30,risk,0,149,447,0.26,0.78,0,False,A,allenai/OLMo-2-1124-7B-DPO,fewshot,0.61509,0.95973,0,massA=0.59 massB=0.369
p1,148,14,risk,0,81,201,0.68,1.6874,4,True,B,allenai/OLMo-2-1124-7B-DPO,fewshot,0.0827,0.85082,0,massA=0.78 massB=0.0704
p1,15,1,risk,0,58,116,0.66,1.32,2,False,A,allenai/OLMo-2-1124-7B-DPO,fewshot,0.95292,0.98747,0,massA=0.941 massB=0.0465
p1,20,2,risk,0,162,661,0.26,1.0609,0,True,B,allenai/OLMo-2-1124-7B-DPO,fewshot,0.28617,0.98517,0,massA=0.703 massB=0.282
p1,193,19,risk,0,64,122,0.49,0.9341,1,False,A,allenai/OLMo-2-1124-7B-DPO,fewshot,0.00105,0.974,0,massA=0.00103 massB=0.973
p1,63,6,risk,0,94,101,0.71,0.7629,1,False,A,allenai/OLMo-2-1124-7B-DPO,fewshot,0.08632,0.84234,0,massA=0.0727 massB=0.77
p1,167,16,risk,0,139,234,0.6,1.0101,3,False,A,allenai/OLMo-2-1124-7B-DPO,fewshot,0.46879,0.99038,0,massA=0.464 massB=0.526
p1,357,35,risk,0,91,133,0.68,0.9938,3,False,A,allenai/OLMo-2-1124-7B-DPO,fewshot,0.42632,0.99048,0,massA=0.422 massB=0.568
p1,58,5,risk,0,162,381,0.46,1.0819,4,True,B,allenai/OLMo-2-1124-7B-DPO,fewshot,0.04085,0.81621,0,massA=0.783 massB=0.0333
p1,309,30,risk,0,149,447,0.26,0.78,4,False,A,allenai/OLMo-2-1124-7B-DPO,fewshot,0.00938,0.95514,0,massA=0.00896 massB=0.946
p1,147,14,risk,0,81,201,0.68,1.6874,3,False,A,allenai/OLMo-2-1124-7B-DPO,fewshot,0.21867,0.99282,0,massA=0.217 massB=0.776
p1,42,4,risk,0,29,71,0.55,1.3466,1,True,B,allenai/OLMo-2-1124-7B-DPO,fewshot,0.06804,0.87731,0,massA=0.818 massB=0.0597
p1,249,24,risk,0,168,214,0.76,0.9681,4,False,A,allenai/OLMo-2-1124-7B-DPO,fewshot,0.12252,0.90815,0,massA=0.111 massB=0.797
p1,311,31,risk,0,51,151,0.29,0.8586,0,False,A,allenai/OLMo-2-1124-7B-DPO,fewshot,0.88798,0.97086,0,massA=0.862 massB=0.109
p1,163,16,risk,0,139,234,0.6,1.0101,1,False,A,allenai/OLMo-2-1124-7B-DPO,fewshot,0.00994,0.91088,0,massA=0.00905 massB=0.902
p1,122,12,risk,0,164,541,0.38,1.2535,1,True,B,allenai/OLMo-2-1124-7B-DPO,fewshot,0.01343,0.89906,0,massA=0.887 massB=0.0121
p1,388,38,risk,0,183,609,0.38,1.2646,4,True,B,allenai/OLMo-2-1124-7B-DPO,fewshot,0.02229,0.8369,0,massA=0.818 massB=0.0187
p1,168,16,risk,0,139,234,0.6,1.0101,4,True,B,allenai/OLMo-2-1124-7B-DPO,fewshot,0.04502,0.82361,0,massA=0.787 massB=0.0371
p1,192,19,risk,0,64,122,0.49,0.9341,1,True,B,allenai/OLMo-2-1124-7B-DPO,fewshot,0.01653,0.91335,0,massA=0.898 massB=0.0151
p1,266,26,risk,0,59,151,0.36,0.9214,3,True,B,allenai/OLMo-2-1124-7B-DPO,fewshot,0.87493,0.99903,0,massA=0.125 massB=0.874
p1,300,30,risk,0,149,447,0.26,0.78,0,True,B,allenai/OLMo-2-1124-7B-DPO,fewshot,0.13569,0.98394,0,massA=0.85 massB=0.134
p1,282,28,risk,0,132,181,0.76,1.0421,1,True,B,allenai/OLMo-2-1124-7B-DPO,fewshot,0.10669,0.91495,0,massA=0.817 massB=0.0976
p1,219,21,risk,0,106,206,0.73,1.4187,4,False,A,allenai/OLMo-2-1124-7B-DPO,fewshot,0.32767,0.80536,0,massA=0.264 massB=0.541
p1,101,10,risk,0,111,278,0.58,1.4526,0,False,A,allenai/OLMo-2-1124-7B-DPO,fewshot,0.91611,0.97183,0,massA=0.89 massB=0.0815
p1,123,12,risk,0,164,541,0.38,1.2535,1,False,A,allenai/OLMo-2-1124-7B-DPO,fewshot,0.01799,0.95081,0,massA=0.0171 massB=0.934
p1,82,8,risk,0,62,263,0.33,1.3998,1,True,B,allenai/OLMo-2-1124-7B-DPO,fewshot,0.02518,0.9078,0,massA=0.885 massB=0.0229
p1,268,26,risk,0,59,151,0.36,0.9214,4,True,B,allenai/OLMo-2-1124-7B-DPO,fewshot,0.08756,0.90965,0,massA=0.83 massB=0.0797
p1,151,15,risk,0,82,113,0.74,1.0198,0,False,A,allenai/OLMo-2-1124-7B-DPO,fewshot,0.92683,0.97139,0,massA=0.9 massB=0.0711
p1,171,17,risk,0,117,362,0.42,1.2995,0,False,A,allenai/OLMo-2-1124-7B-DPO,fewshot,0.90192,0.96889,0,massA=0.874 massB=0.095
p1,375,37,risk,0,151,252,0.68,1.1348,2,False,A,allenai/OLMo-2-1124-7B-DPO,fewshot,0.97304,0.98849,0,massA=0.962 massB=0.0267
p1,6,0,risk,0,186,984,0.26,1.3755,3,True,B,allenai/OLMo-2-1124-7B-DPO,fewshot,0.04673,0.99288,0,massA=0.946 massB=0.0464
p1,326,32,risk,0,131,236,0.57,1.0269,3,True,B,allenai/OLMo-2-1124-7B-DPO,fewshot,0.73412,0.99751,0,massA=0.265 massB=0.732
p1,227,22,risk,0,81,163,0.72,1.4489,3,False,A,allenai/OLMo-2-1124-7B-DPO,fewshot,0.4649,0.98967,0,massA=0.46 massB=0.53
p1,279,27,risk,0,166,433,0.53,1.3825,4,False,A,allenai/OLMo-2-1124-7B-DPO,fewshot,0.05624,0.93277,0,massA=0.0525 massB=0.88
p1,376,37,risk,0,151,252,0.68,1.1348,3,True,B,allenai/OLMo-2-1124-7B-DPO,fewshot,0.8808,0.99849,0,massA=0.119 massB=0.879
p1,392,39,risk,0,178,567,0.32,1.0193,1,True,B,allenai/OLMo-2-1124-7B-DPO,fewshot,0.03384,0.91054,0,massA=0.88 massB=0.0308
p1,331,33,risk,0,142,446,0.53,1.6646,0,False,A,allenai/OLMo-2-1124-7B-DPO,fewshot,0.85966,0.96811,0,massA=0.832 massB=0.136
p1,93,9,risk,0,49,153,0.26,0.8118,1,False,A,allenai/OLMo-2-1124-7B-DPO,fewshot,0.00094,0.97723,0,massA=0.000915 massB=0.976
p1,125,12,risk,0,164,541,0.38,1.2535,2,False,A,allenai/OLMo-2-1124-7B-DPO,fewshot,0.84594,0.9835,0,massA=0.832 massB=0.152
p1,344,34,risk,0,52,96,0.63,1.1631,2,True,B,allenai/OLMo-2-1124-7B-DPO,fewshot,0.83868,0.9974,0,massA=0.161 massB=0.836
p1,9,0,risk,0,186,984,0.26,1.3755,4,False,A,allenai/OLMo-2-1124-7B-DPO,fewshot,0.02145,0.9286,0,massA=0.0199 massB=0.909
p1,297,29,risk,0,79,81,0.83,0.851,3,False,A,allenai/OLMo-2-1124-7B-DPO,fewshot,0.75347,0.98921,0,massA=0.745 massB=0.244
p1,161,16,risk,0,139,234,0.6,1.0101,0,False,A,allenai/OLMo-2-1124-7B-DPO,fewshot,0.97001,0.9833,0,massA=0.954 massB=0.0295
p1,386,38,risk,0,183,609,0.38,1.2646,3,True,B,allenai/OLMo-2-1124-7B-DPO,fewshot,0.05707,0.99475,0,massA=0.938 massB=0.0568
p1,289,28,risk,0,132,181,0.76,1.0421,4,False,A,allenai/OLMo-2-1124-7B-DPO,fewshot,0.04337,0.92768,0,massA=0.0402 massB=0.887
p1,356,35,risk,0,91,133,0.68,0.9938,3,True,B,allenai/OLMo-2-1124-7B-DPO,fewshot,0.98884,0.99873,0,massA=0.0111 massB=0.988
p1,304,30,risk,0,149,447,0.26,0.78,2,True,B,allenai/OLMo-2-1124-7B-DPO,fewshot,0.10231,0.99683,0,massA=0.895 massB=0.102
p1,234,23,risk,0,91,626,0.23,1.5822,2,True,B,allenai/OLMo-2-1124-7B-DPO,fewshot,0.46879,0.99426,0,massA=0.528 massB=0.466
p1,320,32,risk,0,131,236,0.57,1.0269,0,True,B,allenai/OLMo-2-1124-7B-DPO,fewshot,0.61509,0.98771,0,massA=0.38 massB=0.608
p1,76,7,risk,0,63,98,0.64,0.9956,3,True,B,allenai/OLMo-2-1124-7B-DPO,fewshot,0.75347,0.99815,0,massA=0.246 massB=0.752
p1,202,20,risk,0,186,266,0.63,0.901,1,True,B,allenai/OLMo-2-1124-7B-DPO,fewshot,0.01813,0.9263,0,massA=0.91 massB=0.0168
p1,399,39,risk,0,178,567,0.32,1.0193,4,False,A,allenai/OLMo-2-1124-7B-DPO,fewshot,0.02065,0.94428,0,massA=0.0195 massB=0.925
p1,139,13,risk,0,72,88,0.64,0.7822,4,False,A,allenai/OLMo-2-1124-7B-DPO,fewshot,0.00835,0.95392,0,massA=0.00796 massB=0.946
p1,178,17,risk,0,117,362,0.42,1.2995,4,True,B,allenai/OLMo-2-1124-7B-DPO,fewshot,0.02738,0.85514,0,massA=0.832 massB=0.0234
p1,145,14,risk,0,81,201,0.68,1.6874,2,False,A,allenai/OLMo-2-1124-7B-DPO,fewshot,0.88404,0.98051,0,massA=0.867 massB=0.114
p1,212,21,risk,0,106,206,0.73,1.4187,1,True,B,allenai/OLMo-2-1124-7B-DPO,fewshot,0.03384,0.90947,0,massA=0.879 massB=0.0308
p1,248,24,risk,0,168,214,0.76,0.9681,4,True,B,allenai/OLMo-2-1124-7B-DPO,fewshot,0.07531,0.86307,0,massA=0.798 massB=0.065
p1,65,6,risk,0,94,101,0.71,0.7629,2,False,A,allenai/OLMo-2-1124-7B-DPO,fewshot,0.97199,0.98758,0,massA=0.96 massB=0.0277
p1,78,7,risk,0,63,98,0.64,0.9956,4,True,B,allenai/OLMo-2-1124-7B-DPO,fewshot,0.06009,0.80832,0,massA=0.76 massB=0.0486
p1,56,5,risk,0,162,381,0.46,1.0819,3,True,B,allenai/OLMo-2-1124-7B-DPO,fewshot,0.13661,0.99442,0,massA=0.859 massB=0.136
p1,34,3,risk,0,46,158,0.33,1.1335,2,True,B,allenai/OLMo-2-1124-7B-DPO,fewshot,0.57559,0.99782,0,massA=0.423 massB=0.574
p1,302,30,risk,0,149,447,0.26,0.78,1,True,B,allenai/OLMo-2-1124-7B-DPO,fewshot,0.01731,0.90962,0,massA=0.894 massB=0.0157
p1,246,24,risk,0,168,214,0.76,0.9681,3,True,B,allenai/OLMo-2-1124-7B-DPO,fewshot,0.66888,0.99697,0,massA=0.33 massB=0.667
p1,342,34,risk,0,52,96,0.63,1.1631,1,True,B,allenai/OLMo-2-1124-7B-DPO,fewshot,0.23511,0.94108,0,massA=0.72 massB=0.221
p1,41,4,risk,0,29,71,0.55,1.3466,0,False,A,allenai/OLMo-2-1124-7B-DPO,fewshot,0.62062,0.95041,0,massA=0.59 massB=0.361
p1,372,37,risk,0,151,252,0.68,1.1348,1,True,B,allenai/OLMo-2-1124-7B-DPO,fewshot,0.04638,0.90318,0,massA=0.861 massB=0.0419
p1,345,34,risk,0,52,96,0.63,1.1631,2,False,A,allenai/OLMo-2-1124-7B-DPO,fewshot,0.95854,0.98663,0,massA=0.946 massB=0.0409
p1,229,22,risk,0,81,163,0.72,1.4489,4,False,A,allenai/OLMo-2-1124-7B-DPO,fewshot,0.03847,0.92139,0,massA=0.0354 massB=0.886
p1,315,31,risk,0,51,151,0.29,0.8586,2,False,A,allenai/OLMo-2-1124-7B-DPO,fewshot,0.84286,0.98805,0,massA=0.833 massB=0.155
p1,190,19,risk,0,64,122,0.49,0.9341,0,True,B,allenai/OLMo-2-1124-7B-DPO,fewshot,0.52732,0.99008,0,massA=0.468 massB=0.522
p1,35,3,risk,0,46,158,0.33,1.1335,2,False,A,allenai/OLMo-2-1124-7B-DPO,fewshot,0.5832,0.98459,0,massA=0.574 massB=0.41
p1,184,18,risk,0,41,61,0.58,0.8629,2,True,B,allenai/OLMo-2-1124-7B-DPO,fewshot,0.56602,0.99861,0,massA=0.433 massB=0.565
p1,327,32,risk,0,131,236,0.57,1.0269,3,False,A,allenai/OLMo-2-1124-7B-DPO,fewshot,0.26741,0.99276,0,massA=0.265 massB=0.727
p1,269,26,risk,0,59,151,0.36,0.9214,4,False,A,allenai/OLMo-2-1124-7B-DPO,fewshot,0.00854,0.96219,0,massA=0.00822 massB=0.954
p1,69,6,risk,0,94,101,0.71,0.7629,4,False,A,allenai/OLMo-2-1124-7B-DPO,fewshot,0.11596,0.88141,0,massA=0.102 massB=0.779
p1,305,30,risk,0,149,447,0.26,0.78,2,False,A,allenai/OLMo-2-1124-7B-DPO,fewshot,0.5564,0.98436,0,massA=0.548 massB=0.437
p1,358,35,risk,0,91,133,0.68,0.9938,4,True,B,allenai/OLMo-2-1124-7B-DPO,fewshot,0.3057,0.83537,0,massA=0.58 massB=0.255
p1,366,36,risk,0,98,227,0.47,1.0887,3,True,B,allenai/OLMo-2-1124-7B-DPO,fewshot,0.49609,0.99631,0,massA=0.502 massB=0.494
p1,278,27,risk,0,166,433,0.53,1.3825,4,True,B,allenai/OLMo-2-1124-7B-DPO,fewshot,0.0737,0.87459,0,massA=0.81 massB=0.0645
p1,153,15,risk,0,82,113,0.74,1.0198,1,False,A,allenai/OLMo-2-1124-7B-DPO,fewshot,0.02018,0.89911,0,massA=0.0181 massB=0.881
p1,195,19,risk,0,64,122,0.49,0.9341,2,False,A,allenai/OLMo-2-1124-7B-DPO,fewshot,0.71859,0.98067,0,massA=0.705 massB=0.276
p1,47,4,risk,0,29,71,0.55,1.3466,3,False,A,allenai/OLMo-2-1124-7B-DPO,fewshot,0.08329,0.98931,0,massA=0.0824 massB=0.907
p1,85,8,risk,0,62,263,0.33,1.3998,2,False,A,allenai/OLMo-2-1124-7B-DPO,fewshot,0.92789,0.986,0,massA=0.915 massB=0.0711
p1,23,2,risk,0,162,661,0.26,1.0609,1,False,A,allenai/OLMo-2-1124-7B-DPO,fewshot,0.01554,0.93593,0,massA=0.0145 massB=0.921
p1,256,25,risk,0,124,207,0.76,1.2687,3,True,B,allenai/OLMo-2-1124-7B-DPO,fewshot,0.37938,0.99545,0,massA=0.618 massB=0.378
p1,225,22,risk,0,81,163,0.72,1.4489,2,False,A,allenai/OLMo-2-1124-7B-DPO,fewshot,0.97262,0.98766,0,massA=0.961 massB=0.027
p1,293,29,risk,0,79,81,0.83,0.851,1,False,A,allenai/OLMo-2-1124-7B-DPO,fewshot,0.18359,0.87435,0,massA=0.161 massB=0.714
p1,88,8,risk,0,62,263,0.33,1.3998,4,True,B,allenai/OLMo-2-1124-7B-DPO,fewshot,0.01942,0.88544,0,massA=0.868 massB=0.0172
p1,134,13,risk,0,72,88,0.64,0.7822,2,True,B,allenai/OLMo-2-1124-7B-DPO,fewshot,0.63522,0.99446,0,massA=0.363 massB=0.632
p1,136,13,risk,0,72,88,0.64,0.7822,3,True,B,allenai/OLMo-2-1124-7B-DPO,fewshot,0.88953,0.99814,0,massA=0.11 massB=0.888
p1,46,4,risk,0,29,71,0.55,1.3466,3,True,B,allenai/OLMo-2-1124-7B-DPO,fewshot,0.44939,0.99748,0,massA=0.549 massB=0.448
p1,348,34,risk,0,52,96,0.63,1.1631,4,True,B,allenai/OLMo-2-1124-7B-DPO,fewshot,0.17441,0.90241,0,massA=0.745 massB=0.157
p1,14,1,risk,0,58,116,0.66,1.32,2,True,B,allenai/OLMo-2-1124-7B-DPO,fewshot,0.77458,0.99478,0,massA=0.224 massB=0.771
p1,117,11,risk,0,54,68,0.81,1.02,3,False,A,allenai/OLMo-2-1124-7B-DPO,fewshot,0.16344,0.99517,0,massA=0.163 massB=0.833
p1,335,33,risk,0,142,446,0.53,1.6646,2,False,A,allenai/OLMo-2-1124-7B-DPO,fewshot,0.79438,0.98174,0,massA=0.78 massB=0.202
p1,75,7,risk,0,63,98,0.64,0.9956,2,False,A,allenai/OLMo-2-1124-7B-DPO,fewshot,0.96378,0.9896,0,massA=0.954 massB=0.0358
p1,130,13,risk,0,72,88,0.64,0.7822,0,True,B,allenai/OLMo-2-1124-7B-DPO,fewshot,0.85195,0.98159,0,massA=0.145 massB=0.836
p1,172,17,risk,0,117,362,0.42,1.2995,1,True,B,allenai/OLMo-2-1124-7B-DPO,fewshot,0.01196,0.90388,0,massA=0.893 massB=0.0108
p1,381,38,risk,0,183,609,0.38,1.2646,0,False,A,allenai/OLMo-2-1124-7B-DPO,fewshot,0.82559,0.969,0,massA=0.8 massB=0.169
p1,231,23,risk,0,91,626,0.23,1.5822,0,False,A,allenai/OLMo-2-1124-7B-DPO,fewshot,0.95327,0.9558,0,massA=0.911 massB=0.0447
p1,61,6,risk,0,94,101,0.71,0.7629,0,False,A,allenai/OLMo-2-1124-7B-DPO,fewshot,0.95854,0.97075,0,massA=0.931 massB=0.0403
p1,66,6,risk,0,94,101,0.71,0.7629,3,True,B,allenai/OLMo-2-1124-7B-DPO,fewshot,0.95293,0.99796,0,massA=0.047 massB=0.951
p1,364,36,risk,0,98,227,0.47,1.0887,2,True,B,allenai/OLMo-2-1124-7B-DPO,fewshot,0.62246,0.99446,0,massA=0.375 massB=0.619
p1,157,15,risk,0,82,113,0.74,1.0198,3,False,A,allenai/OLMo-2-1124-7B-DPO,fewshot,0.45326,0.99102,0,massA=0.449 massB=0.542
p1,31,3,risk,0,46,158,0.33,1.1335,0,False,A,allenai/OLMo-2-1124-7B-DPO,fewshot,0.66541,0.97564,0,massA=0.649 massB=0.326
p2,379,12,gain,0,164,541,0.38,1.2535,4,False,A,allenai/OLMo-2-1124-7B-DPO,fewshot,0.00275,0.94601,0,massA=0.0026 massB=0.943
p2,232,7,mixed,63,63,98,0.64,0.9956,1,True,B,allenai/OLMo-2-1124-7B-DPO,fewshot,0.68427,0.98116,0,massA=0.31 massB=0.671
p2,430,14,gain,0,81,201,0.68,1.6874,0,True,B,allenai/OLMo-2-1124-7B-DPO,fewshot,0.44939,0.97206,0,massA=0.535 massB=0.437
p2,153,5,neutral,0,162,381,0.46,1.0819,1,False,A,allenai/OLMo-2-1124-7B-DPO,fewshot,0.02049,0.99773,0,massA=0.0204 massB=0.977
p2,1001,33,gain,0,142,446,0.53,1.6646,0,False,A,allenai/OLMo-2-1124-7B-DPO,fewshot,0.0041,0.98426,0,massA=0.00404 massB=0.98
p2,632,21,neutral,0,106,206,0.73,1.4187,1,True,B,allenai/OLMo-2-1124-7B-DPO,fewshot,0.00832,0.99641,0,massA=0.988 massB=0.00829
p2,546,18,neutral,0,41,61,0.58,0.8629,3,True,B,allenai/OLMo-2-1124-7B-DPO,fewshot,0.6058,0.98401,0,massA=0.388 massB=0.596
p2,371,12,gain,0,164,541,0.38,1.2535,0,False,A,allenai/OLMo-2-1124-7B-DPO,fewshot,0.0033,0.98336,0,massA=0.00324 massB=0.98
p2,283,9,gain,0,49,153,0.26,0.8118,1,False,A,allenai/OLMo-2-1124-7B-DPO,fewshot,0.00117,0.9961,0,massA=0.00117 massB=0.995
p2,256,8,gain,0,62,263,0.33,1.3998,3,True,B,allenai/OLMo-2-1124-7B-DPO,fewshot,0.39048,0.97765,0,massA=0.596 massB=0.382
p2,1127,37,gain,0,151,252,0.68,1.1348,3,False,A,allenai/OLMo-2-1124-7B-DPO,fewshot,0.001,0.99372,0,massA=0.000998 massB=0.993
p2,264,8,mixed,62,62,263,0.33,1.3998,2,True,B,allenai/OLMo-2-1124-7B-DPO,fewshot,0.62247,0.98782,0,massA=0.373 massB=0.615
p2,1266,33,dominant,0,142,179,1.0,1.2606,0,True,B,allenai/OLMo-2-1124-7B-DPO,fewshot,0.98983,0.97405,0,massA=0.00991 massB=0.964
p2,868,28,mixed,132,132,181,0.76,1.0421,4,True,B,allenai/OLMo-2-1124-7B-DPO,fewshot,0.93245,0.8844,0,massA=0.0597 massB=0.825
p2,711,23,mixed,91,91,626,0.23,1.5822,0,False,A,allenai/OLMo-2-1124-7B-DPO,fewshot,0.06706,0.98111,0,massA=0.0658 massB=0.915
p2,152,5,neutral,0,162,381,0.46,1.0819,1,True,B,allenai/OLMo-2-1124-7B-DPO,fewshot,0.00327,0.99693,0,massA=0.994 massB=0.00326
p2,919,30,gain,0,149,447,0.26,0.78,4,False,A,allenai/OLMo-2-1124-7B-DPO,fewshot,0.00193,0.94444,0,massA=0.00183 massB=0.943
p2,747,24,mixed,168,168,214,0.76,0.9681,3,False,A,allenai/OLMo-2-1124-7B-DPO,fewshot,0.0485,0.99094,0,massA=0.0481 massB=0.943
p2,129,4,neutral,0,29,71,0.55,1.3466,4,False,A,allenai/OLMo-2-1124-7B-DPO,fewshot,0.08329,0.70505,0,massA=0.0587 massB=0.646
p2,560,18,mixed,41,41,61,0.58,0.8629,0,True,B,allenai/OLMo-2-1124-7B-DPO,fewshot,0.52342,0.96777,0,massA=0.461 massB=0.507
p2,193,6,gain,0,94,101,0.71,0.7629,1,False,A,allenai/OLMo-2-1124-7B-DPO,fewshot,0.00262,0.99415,0,massA=0.00261 massB=0.992
p2,575,19,neutral,0,64,122,0.49,0.9341,2,False,A,allenai/OLMo-2-1124-7B-DPO,fewshot,0.9149,0.99137,0,massA=0.907 massB=0.0844
p2,571,19,neutral,0,64,122,0.49,0.9341,0,False,A,allenai/OLMo-2-1124-7B-DPO,fewshot,0.38861,0.96456,0,massA=0.375 massB=0.59
p2,54,1,mixed,58,58,116,0.66,1.32,2,True,B,allenai/OLMo-2-1124-7B-DPO,fewshot,0.61509,0.98547,0,massA=0.379 massB=0.606
p2,1042,34,mixed,52,52,96,0.63,1.1631,1,True,B,allenai/OLMo-2-1124-7B-DPO,fewshot,0.72331,0.98109,0,massA=0.271 massB=0.71
p2,111,3,mixed,46,46,158,0.33,1.1335,0,False,A,allenai/OLMo-2-1124-7B-DPO,fewshot,0.07978,0.97759,0,massA=0.078 massB=0.9
p2,1105,36,mixed,98,98,227,0.47,1.0887,2,False,A,allenai/OLMo-2-1124-7B-DPO,fewshot,0.70902,0.98788,0,massA=0.7 massB=0.287
p2,227,7,gain,0,63,98,0.64,0.9956,3,False,A,allenai/OLMo-2-1124-7B-DPO,fewshot,0.00125,0.9922,0,massA=0.00124 massB=0.991
p2,1089,36,neutral,0,98,227,0.47,1.0887,4,False,A,allenai/OLMo-2-1124-7B-DPO,fewshot,0.01957,0.9371,0,massA=0.0183 massB=0.919
p2,727,24,neutral,0,168,214,0.76,0.9681,3,False,A,allenai/OLMo-2-1124-7B-DPO,fewshot,0.10971,0.98801,0,massA=0.108 massB=0.88
p2,399,13,neutral,0,72,88,0.64,0.7822,4,False,A,allenai/OLMo-2-1124-7B-DPO,fewshot,0.06657,0.89999,0,massA=0.0599 massB=0.84
p2,1078,35,mixed,91,91,133,0.68,0.9938,4,True,B,allenai/OLMo-2-1124-7B-DPO,fewshot,0.92577,0.86438,0,massA=0.0642 massB=0.8
p2,496,16,gain,0,139,234,0.6,1.0101,3,True,B,allenai/OLMo-2-1124-7B-DPO,fewshot,0.68257,0.97901,0,massA=0.311 massB=0.668
p2,1014,33,mixed,142,142,446,0.53,1.6646,2,True,B,allenai/OLMo-2-1124-7B-DPO,fewshot,0.75056,0.98993,0,massA=0.247 massB=0.743
p2,443,14,mixed,81,81,201,0.68,1.6874,1,False,A,allenai/OLMo-2-1124-7B-DPO,fewshot,0.23511,0.98833,0,massA=0.232 massB=0.756
p2,1224,12,dominant,0,164,181,1.0,1.1037,2,True,B,allenai/OLMo-2-1124-7B-DPO,fewshot,0.97539,0.99791,0,massA=0.0246 massB=0.973
p2,41,1,gain,0,58,116,0.66,1.32,0,False,A,allenai/OLMo-2-1124-7B-DPO,fewshot,0.06053,0.91414,0,massA=0.0553 massB=0.859
p2,69,2,neutral,0,162,661,0.26,1.0609,4,False,A,allenai/OLMo-2-1124-7B-DPO,fewshot,0.03384,0.90271,0,massA=0.0306 massB=0.872
p2,625,20,mixed,186,186,266,0.63,0.901,2,False,A,allenai/OLMo-2-1124-7B-DPO,fewshot,0.61323,0.9919,0,massA=0.608 massB=0.384
p2,254,8,gain,0,62,263,0.33,1.3998,2,True,B,allenai/OLMo-2-1124-7B-DPO,fewshot,0.03934,0.99636,0,massA=0.957 massB=0.0392
p2,528,17,gain,0,117,362,0.42,1.2995,4,True,B,allenai/OLMo-2-1124-7B-DPO,fewshot,0.60767,0.89173,0,massA=0.35 massB=0.542
p2,276,9,neutral,0,49,153,0.26,0.8118,3,True,B,allenai/OLMo-2-1124-7B-DPO,fewshot,0.72798,0.99439,0,massA=0.27 massB=0.724
p2,929,30,mixed,149,149,447,0.26,0.78,4,False,A,allenai/OLMo-2-1124-7B-DPO,fewshot,0.3451,0.9052,0,massA=0.312 massB=0.593
p2,700,23,gain,0,91,626,0.23,1.5822,0,True,B,allenai/OLMo-2-1124-7B-DPO,fewshot,0.38306,0.97134,0,massA=0.599 massB=0.372
p2,908,30,neutral,0,149,447,0.26,0.78,4,True,B,allenai/OLMo-2-1124-7B-DPO,fewshot,0.07864,0.77204,0,massA=0.711 massB=0.0607
p2,809,26,mixed,59,59,151,0.36,0.9214,4,False,A,allenai/OLMo-2-1124-7B-DPO,fewshot,0.18713,0.92643,0,massA=0.173 massB=0.753
p2,207,6,mixed,94,94,101,0.71,0.7629,3,False,A,allenai/OLMo-2-1124-7B-DPO,fewshot,0.02999,0.99038,0,massA=0.0297 massB=0.961
p2,216,7,neutral,0,63,98,0.64,0.9956,3,True,B,allenai/OLMo-2-1124-7B-DPO,fewshot,0.81641,0.99316,0,massA=0.182 massB=0.811
p2,601,20,neutral,0,186,266,0.63,0.901,0,False,A,allenai/OLMo-2-1124-7B-DPO,fewshot,0.57176,0.97205,0,massA=0.556 massB=0.416
p2,317,10,gain,0,111,278,0.58,1.4526,3,False,A,allenai/OLMo-2-1124-7B-DPO,fewshot,0.00041,0.99476,0,massA=0.000409 massB=0.994
p2,1069,35,gain,0,91,133,0.68,0.9938,4,False,A,allenai/OLMo-2-1124-7B-DPO,fewshot,0.03595,0.74937,0,massA=0.0269 massB=0.722
p2,42,1,gain,0,58,116,0.66,1.32,1,True,B,allenai/OLMo-2-1124-7B-DPO,fewshot,0.06954,0.97876,0,massA=0.911 massB=0.0681
p2,1035,34,gain,0,52,96,0.63,1.1631,2,False,A,allenai/OLMo-2-1124-7B-DPO,fewshot,0.19072,0.99367,0,massA=0.19 massB=0.804
p2,475,15,mixed,82,82,113,0.74,1.0198,2,False,A,allenai/OLMo-2-1124-7B-DPO,fewshot,0.80193,0.99228,0,massA=0.796 massB=0.197
p2,610,20,gain,0,186,266,0.63,0.901,0,True,B,allenai/OLMo-2-1124-7B-DPO,fewshot,0.5448,0.96311,0,massA=0.438 massB=0.525
p2,773,25,mixed,124,124,207,0.76,1.2687,1,False,A,allenai/OLMo-2-1124-7B-DPO,fewshot,0.60019,0.98338,0,massA=0.59 massB=0.393
p2,1269,34,dominant,0,52,110,1.0,2.1154,3,False,A,allenai/OLMo-2-1124-7B-DPO,fewshot,0.96006,0.997,0,massA=0.957 massB=0.0398
p2,243,8,neutral,0,62,263,0.33,1.3998,1,False,A,allenai/OLMo-2-1124-7B-DPO,fewshot,0.00391,0.99859,0,massA=0.00391 massB=0.995
p2,416,13,mixed,72,72,88,0.64,0.7822,3,True,B,allenai/OLMo-2-1124-7B-DPO,fewshot,0.87831,0.98082,0,massA=0.119 massB=0.861
p2,1241,20,dominant,0,186,229,1.0,1.2312,2,False,A,allenai/OLMo-2-1124-7B-DPO,fewshot,0.98698,0.99786,0,massA=0.985 massB=0.013
p2,580,19,gain,0,64,122,0.49,0.9341,0,True,B,allenai/OLMo-2-1124-7B-DPO,fewshot,0.24221,0.9805,0,massA=0.743 massB=0.237
p2,754,25,neutral,0,124,207,0.76,1.2687,2,True,B,allenai/OLMo-2-1124-7B-DPO,fewshot,0.77458,0.99826,0,massA=0.225 massB=0.773
p2,1128,37,gain,0,151,252,0.68,1.1348,4,True,B,allenai/OLMo-2-1124-7B-DPO,fewshot,0.80928,0.89465,0,massA=0.171 massB=0.724
p2,612,20,gain,0,186,266,0.63,0.901,1,True,B,allenai/OLMo-2-1124-7B-DPO,fewshot,0.05541,0.98373,0,massA=0.929 massB=0.0545
p2,549,18,neutral,0,41,61,0.58,0.8629,4,False,A,allenai/OLMo-2-1124-7B-DPO,fewshot,0.50195,0.62564,0,massA=0.314 massB=0.312
p2,478,15,mixed,82,82,113,0.74,1.0198,4,True,B,allenai/OLMo-2-1124-7B-DPO,fewshot,0.90465,0.8495,0,massA=0.081 massB=0.769
p2,938,31,neutral,0,51,151,0.29,0.8586,4,True,B,allenai/OLMo-2-1124-7B-DPO,fewshot,0.24365,0.88315,0,massA=0.668 massB=0.215
p2,162,5,gain,0,162,381,0.46,1.0819,1,True,B,allenai/OLMo-2-1124-7B-DPO,fewshot,0.04959,0.98498,0,massA=0.936 massB=0.0488
p2,343,11,gain,0,54,68,0.81,1.02,1,False,A,allenai/OLMo-2-1124-7B-DPO,fewshot,0.00157,0.99622,0,massA=0.00157 massB=0.995
p2,779,25,mixed,124,124,207,0.76,1.2687,4,False,A,allenai/OLMo-2-1124-7B-DPO,fewshot,0.81167,0.82582,0,massA=0.67 massB=0.156
p2,740,24,mixed,168,168,214,0.76,0.9681,0,True,B,allenai/OLMo-2-1124-7B-DPO,fewshot,0.66541,0.97217,0,massA=0.325 massB=0.647
p2,1256,28,dominant,0,132,158,1.0,1.197,3,True,B,allenai/OLMo-2-1124-7B-DPO,fewshot,0.96006,0.99179,0,massA=0.0396 massB=0.952
p2,1159,38,gain,0,183,609,0.38,1.2646,4,False,A,allenai/OLMo-2-1124-7B-DPO,fewshot,0.00547,0.92586,0,massA=0.00506 massB=0.921
p2,229,7,gain,0,63,98,0.64,0.9956,4,False,A,allenai/OLMo-2-1124-7B-DPO,fewshot,0.09401,0.57082,0,massA=0.0537 massB=0.517
p2,12,0,gain,0,186,984,0.26,1.3755,1,True,B,allenai/OLMo-2-1124-7B-DPO,fewshot,0.01009,0.98796,0,massA=0.978 massB=0.00997
p2,8,0,neutral,0,186,984,0.26,1.3755,4,True,B,allenai/OLMo-2-1124-7B-DPO,fewshot,0.04502,0.719,0,massA=0.687 massB=0.0324
p2,449,14,mixed,81,81,201,0.68,1.6874,4,False,A,allenai/OLMo-2-1124-7B-DPO,fewshot,0.67576,0.87989,0,massA=0.595 massB=0.285
p2,1164,38,mixed,183,183,609,0.38,1.2646,2,True,B,allenai/OLMo-2-1124-7B-DPO,fewshot,0.73716,0.99241,0,massA=0.261 massB=0.732
p2,780,26,neutral,0,59,151,0.36,0.9214,0,True,B,allenai/OLMo-2-1124-7B-DPO,fewshot,0.73412,0.98653,0,massA=0.262 massB=0.724
p2,993,33,neutral,0,142,446,0.53,1.6646,1,False,A,allenai/OLMo-2-1124-7B-DPO,fewshot,0.00417,0.99848,0,massA=0.00416 massB=0.994
p2,1086,36,neutral,0,98,227,0.47,1.0887,3,True,B,allenai/OLMo-2-1124-7B-DPO,fewshot,0.52537,0.99047,0,massA=0.47 massB=0.52
p2,344,11,gain,0,54,68,0.81,1.02,2,True,B,allenai/OLMo-2-1124-7B-DPO,fewshot,0.07696,0.9967,0,massA=0.92 massB=0.0767
p2,266,8,mixed,62,62,263,0.33,1.3998,3,True,B,allenai/OLMo-2-1124-7B-DPO,fewshot,0.89912,0.98152,0,massA=0.099 massB=0.883
p2,1026,34,neutral,0,52,96,0.63,1.1631,3,True,B,allenai/OLMo-2-1124-7B-DPO,fewshot,0.96886,0.99325,0,massA=0.0309 massB=0.962
p2,812,27,neutral,0,166,433,0.53,1.3825,1,True,B,allenai/OLMo-2-1124-7B-DPO,fewshot,0.00338,0.99699,0,massA=0.994 massB=0.00337
p2,1108,36,mixed,98,98,227,0.47,1.0887,4,True,B,allenai/OLMo-2-1124-7B-DPO,fewshot,0.95004,0.87522,0,massA=0.0437 massB=0.831
p2,1262,31,dominant,0,51,73,1.0,1.4314,1,True,B,allenai/OLMo-2-1124-7B-DPO,fewshot,0.8706,0.99659,0,massA=0.129 massB=0.868
p2,184,6,neutral,0,94,101,0.71,0.7629,2,True,B,allenai/OLMo-2-1124-7B-DPO,fewshot,0.83114,0.9977,0,massA=0.168 massB=0.829
p2,660,22,neutral,0,81,163,0.72,1.4489,0,True,B,allenai/OLMo-2-1124-7B-DPO,fewshot,0.81048,0.98578,0,massA=0.187 massB=0.799
p2,586,19,gain,0,64,122,0.49,0.9341,3,True,B,allenai/OLMo-2-1124-7B-DPO,fewshot,0.27358,0.98349,0,massA=0.714 massB=0.269
p2,1155,38,gain,0,183,609,0.38,1.2646,2,False,A,allenai/OLMo-2-1124-7B-DPO,fewshot,0.03044,0.99416,0,massA=0.0303 massB=0.964
p2,1211,5,dominant,0,162,206,1.0,1.2716,3,False,A,allenai/OLMo-2-1124-7B-DPO,fewshot,0.92192,0.99464,0,massA=0.917 massB=0.0777
p2,796,26,gain,0,59,151,0.36,0.9214,3,True,B,allenai/OLMo-2-1124-7B-DPO,fewshot,0.43398,0.98827,0,massA=0.559 massB=0.429
p2,105,3,gain,0,46,158,0.33,1.1335,2,False,A,allenai/OLMo-2-1124-7B-DPO,fewshot,0.07921,0.99301,0,massA=0.0787 massB=0.914
p2,485,16,neutral,0,139,234,0.6,1.0101,2,False,A,allenai/OLMo-2-1124-7B-DPO,fewshot,0.9923,0.99568,0,massA=0.988 massB=0.00766
p2,127,4,neutral,0,29,71,0.55,1.3466,3,False,A,allenai/OLMo-2-1124-7B-DPO,fewshot,0.0228,0.98981,0,massA=0.0226 massB=0.967
p2,365,12,neutral,0,164,541,0.38,1.2535,2,False,A,allenai/OLMo-2-1124-7B-DPO,fewshot,0.87408,0.99344,0,massA=0.868 massB=0.125
p2,1196,39,mixed,178,178,567,0.32,1.0193,3,True,B,allenai/OLMo-2-1124-7B-DPO,fewshot,0.90261,0.98435,0,massA=0.0959 massB=0.888
p2,695,23,neutral,0,91,626,0.23,1.5822,2,False,A,allenai/OLMo-2-1124-7B-DPO,fewshot,0.90991,0.98987,0,massA=0.901 massB=0.0892
p2,426,14,neutral,0,81,201,0.68,1.6874,3,True,B,allenai/OLMo-2-1124-7B-DPO,fewshot,0.93535,0.99339,0,massA=0.0642 massB=0.929
p2,251,8,gain,0,62,263,0.33,1.3998,0,False,A,allenai/OLMo-2-1124-7B-DPO,fewshot,0.01322,0.96024,0,massA=0.0127 massB=0.948
p2,420,14,neutral,0,81,201,0.68,1.6874,0,True,B,allenai/OLMo-2-1124-7B-DPO,fewshot,0.76489,0.98594,0,massA=0.232 massB=0.754
p2,1040,34,mixed,52,52,96,0.63,1.1631,0,True,B,allenai/OLMo-2-1124-7B-DPO,fewshot,0.66367,0.97377,0,massA=0.328 massB=0.646
p2,822,27,gain,0,166,433,0.53,1.3825,1,True,B,allenai/OLMo-2-1124-7B-DPO,fewshot,0.07586,0.98716,0,massA=0.912 massB=0.0749
p2,714,23,mixed,91,91,626,0.23,1.5822,2,True,B,allenai/OLMo-2-1124-7B-DPO,fewshot,0.62247,0.98865,0,massA=0.373 massB=0.615
p2,363,12,neutral,0,164,541,0.38,1.2535,1,False,A,allenai/OLMo-2-1124-7B-DPO,fewshot,0.00664,0.99868,0,massA=0.00663 massB=0.992
p2,904,30,neutral,0,149,447,0.26,0.78,2,True,B,allenai/OLMo-2-1124-7B-DPO,fewshot,0.01041,0.99838,0,massA=0.988 massB=0.0104
p2,210,7,neutral,0,63,98,0.64,0.9956,0,True,B,allenai/OLMo-2-1124-7B-DPO,fewshot,0.79053,0.97804,0,massA=0.205 massB=0.773
p2,911,30,gain,0,149,447,0.26,0.78,0,False,A,allenai/OLMo-2-1124-7B-DPO,fewshot,0.00116,0.98861,0,massA=0.00115 massB=0.987
p2,992,33,neutral,0,142,446,0.53,1.6646,1,True,B,allenai/OLMo-2-1124-7B-DPO,fewshot,0.00543,0.99644,0,massA=0.991 massB=0.00541
p2,124,4,neutral,0,29,71,0.55,1.3466,2,True,B,allenai/OLMo-2-1124-7B-DPO,fewshot,0.59455,0.99837,0,massA=0.405 massB=0.594
p2,147,4,mixed,29,29,71,0.55,1.3466,3,False,A,allenai/OLMo-2-1124-7B-DPO,fewshot,0.03309,0.99241,0,massA=0.0328 massB=0.96
p2,467,15,gain,0,82,113,0.74,1.0198,3,False,A,allenai/OLMo-2-1124-7B-DPO,fewshot,0.00086,0.99375,0,massA=0.000854 massB=0.993
p2,552,18,gain,0,41,61,0.58,0.8629,1,True,B,allenai/OLMo-2-1124-7B-DPO,fewshot,0.04468,0.98271,0,massA=0.939 massB=0.0439
p2,977,32,gain,0,131,236,0.57,1.0269,3,False,A,allenai/OLMo-2-1124-7B-DPO,fewshot,0.00032,0.9964,0,massA=0.000323 massB=0.996
p2,310,10,gain,0,111,278,0.58,1.4526,0,True,B,allenai/OLMo-2-1124-7B-DPO,fewshot,0.55061,0.96436,0,massA=0.433 massB=0.531
p2,397,13,neutral,0,72,88,0.64,0.7822,3,False,A,allenai/OLMo-2-1124-7B-DPO,fewshot,0.03733,0.99263,0,massA=0.0371 massB=0.956
p2,1129,37,gain,0,151,252,0.68,1.1348,4,False,A,allenai/OLMo-2-1124-7B-DPO,fewshot,0.02351,0.84026,0,massA=0.0198 massB=0.821
p2,626,20,mixed,186,186,266,0.63,0.901,3,True,B,allenai/OLMo-2-1124-7B-DPO,fewshot,0.94499,0.98423,0,massA=0.0541 massB=0.93
p2,662,22,neutral,0,81,163,0.72,1.4489,1,True,B,allenai/OLMo-2-1124-7B-DPO,fewshot,0.01826,0.99589,0,massA=0.978 massB=0.0182
p2,943,31,gain,0,51,151,0.29,0.8586,1,False,A,allenai/OLMo-2-1124-7B-DPO,fewshot,0.00136,0.99476,0,massA=0.00135 massB=0.993
p2,186,6,neutral,0,94,101,0.71,0.7629,3,True,B,allenai/OLMo-2-1124-7B-DPO,fewshot,0.86613,0.98804,0,massA=0.132 massB=0.856
p2,274,9,neutral,0,49,153,0.26,0.8118,2,True,B,allenai/OLMo-2-1124-7B-DPO,fewshot,0.61138,0.99842,0,massA=0.388 massB=0.61
p2,503,16,mixed,139,139,234,0.6,1.0101,1,False,A,allenai/OLMo-2-1124-7B-DPO,fewshot,0.18952,0.98479,0,massA=0.187 massB=0.798
p2,983,32,mixed,131,131,236,0.57,1.0269,1,False,A,allenai/OLMo-2-1124-7B-DPO,fewshot,0.30074,0.98583,0,massA=0.296 massB=0.689
p2,937,31,neutral,0,51,151,0.29,0.8586,3,False,A,allenai/OLMo-2-1124-7B-DPO,fewshot,0.03284,0.99278,0,massA=0.0326 massB=0.96
p2,765,25,gain,0,124,207,0.76,1.2687,2,False,A,allenai/OLMo-2-1124-7B-DPO,fewshot,0.40169,0.99018,0,massA=0.398 massB=0.592
p2,1034,34,gain,0,52,96,0.63,1.1631,2,True,B,allenai/OLMo-2-1124-7B-DPO,fewshot,0.15003,0.99614,0,massA=0.847 massB=0.149
p2,959,31,mixed,51,51,151,0.29,0.8586,4,False,A,allenai/OLMo-2-1124-7B-DPO,fewshot,0.29259,0.89314,0,massA=0.261 massB=0.632
p2,272,9,neutral,0,49,153,0.26,0.8118,1,True,B,allenai/OLMo-2-1124-7B-DPO,fewshot,0.00885,0.99541,0,massA=0.987 massB=0.00881
p2,368,12,neutral,0,164,541,0.38,1.2535,4,True,B,allenai/OLMo-2-1124-7B-DPO,fewshot,0.10159,0.84222,0,massA=0.757 massB=0.0856
p2,279,9,neutral,0,49,153,0.26,0.8118,4,False,A,allenai/OLMo-2-1124-7B-DPO,fewshot,0.01957,0.93032,0,massA=0.0182 massB=0.912
p2,522,17,gain,0,117,362,0.42,1.2995,1,True,B,allenai/OLMo-2-1124-7B-DPO,fewshot,0.02576,0.98765,0,massA=0.962 massB=0.0254
p2,1130,37,mixed,151,151,252,0.68,1.1348,0,True,B,allenai/OLMo-2-1124-7B-DPO,fewshot,0.77458,0.96222,0,massA=0.217 massB=0.745
p2,332,11,neutral,0,54,68,0.81,1.02,1,True,B,allenai/OLMo-2-1124-7B-DPO,fewshot,0.01785,0.99527,0,massA=0.978 massB=0.0178
p2,737,24,gain,0,168,214,0.76,0.9681,3,False,A,allenai/OLMo-2-1124-7B-DPO,fewshot,0.00099,0.9946,0,massA=0.00098 massB=0.994
p2,60,2,neutral,0,162,661,0.26,1.0609,0,True,B,allenai/OLMo-2-1124-7B-DPO,fewshot,0.63522,0.98765,0,massA=0.36 massB=0.627
p2,297,9,mixed,49,49,153,0.26,0.8118,3,False,A,allenai/OLMo-2-1124-7B-DPO,fewshot,0.02696,0.99126,0,massA=0.0267 massB=0.965
p2,35,1,neutral,0,58,116,0.66,1.32,2,False,A,allenai/OLMo-2-1124-7B-DPO,fewshot,0.99328,0.99454,0,massA=0.988 massB=0.00668
p2,386,12,mixed,164,164,541,0.38,1.2535,3,True,B,allenai/OLMo-2-1124-7B-DPO,fewshot,0.93812,0.98751,0,massA=0.0611 massB=0.926
p2,280,9,gain,0,49,153,0.26,0.8118,0,True,B,allenai/OLMo-2-1124-7B-DPO,fewshot,0.13387,0.98704,0,massA=0.855 massB=0.132
p2,1073,35,mixed,91,91,133,0.68,0.9938,1,False,A,allenai/OLMo-2-1124-7B-DPO,fewshot,0.20181,0.98808,0,massA=0.199 massB=0.789
p2,181,6,neutral,0,94,101,0.71,0.7629,0,False,A,allenai/OLMo-2-1124-7B-DPO,fewshot,0.79818,0.9681,0,massA=0.773 massB=0.195
p2,925,30,mixed,149,149,447,0.26,0.78,2,False,A,allenai/OLMo-2-1124-7B-DPO,fewshot,0.25832,0.99,0,massA=0.256 massB=0.734
p2,493,16,gain,0,139,234,0.6,1.0101,1,False,A,allenai/OLMo-2-1124-7B-DPO,fewshot,0.00253,0.99348,0,massA=0.00251 massB=0.991
p2,723,24,neutral,0,168,214,0.76,0.9681,1,False,A,allenai/OLMo-2-1124-7B-DPO,fewshot,0.00718,0.99816,0,massA=0.00716 massB=0.991
p2,1198,39,mixed,178,178,567,0.32,1.0193,4,True,B,allenai/OLMo-2-1124-7B-DPO,fewshot,0.95041,0.90989,0,massA=0.0451 massB=0.865
p2,208,6,mixed,94,94,101,0.71,0.7629,4,True,B,allenai/OLMo-2-1124-7B-DPO,fewshot,0.89841,0.79918,0,massA=0.0812 massB=0.718
p2,406,13,gain,0,72,88,0.64,0.7822,3,True,B,allenai/OLMo-2-1124-7B-DPO,fewshot,0.55061,0.97783,0,massA=0.439 massB=0.538
p2,697,23,neutral,0,91,626,0.23,1.5822,3,False,A,allenai/OLMo-2-1124-7B-DPO,fewshot,0.03876,0.98896,0,massA=0.0383 massB=0.951
p2,761,25,gain,0,124,207,0.76,1.2687,0,False,A,allenai/OLMo-2-1124-7B-DPO,fewshot,0.0208,0.94377,0,massA=0.0196 massB=0.924
p2,1190,39,mixed,178,178,567,0.32,1.0193,0,True,B,allenai/OLMo-2-1124-7B-DPO,fewshot,0.64064,0.96902,0,massA=0.348 massB=0.621
p2,985,32,mixed,131,131,236,0.57,1.0269,2,False,A,allenai/OLMo-2-1124-7B-DPO,fewshot,0.79818,0.99225,0,massA=0.792 massB=0.2
p2,7,0,neutral,0,186,984,0.26,1.3755,3,False,A,allenai/OLMo-2-1124-7B-DPO,fewshot,0.01439,0.99541,0,massA=0.0143 massB=0.981
p2,1062,35,gain,0,91,133,0.68,0.9938,1,True,B,allenai/OLMo-2-1124-7B-DPO,fewshot,0.06609,0.98363,0,massA=0.919 massB=0.065
p2,749,24,mixed,168,168,214,0.76,0.9681,4,False,A,allenai/OLMo-2-1124-7B-DPO,fewshot,0.61693,0.83461,0,massA=0.515 massB=0.32
p2,690,23,neutral,0,91,626,0.23,1.5822,0,True,B,allenai/OLMo-2-1124-7B-DPO,fewshot,0.66715,0.98505,0,massA=0.328 massB=0.657
p2,996,33,neutral,0,142,446,0.53,1.6646,3,True,B,allenai/OLMo-2-1124-7B-DPO,fewshot,0.4649,0.9899,0,massA=0.53 massB=0.46
p2,846,28,neutral,0,132,181,0.76,1.0421,3,True,B,allenai/OLMo-2-1124-7B-DPO,fewshot,0.98795,0.99469,0,massA=0.012 massB=0.983
p2,57,1,mixed,58,58,116,0.66,1.32,3,False,A,allenai/OLMo-2-1124-7B-DPO,fewshot,0.05071,0.98579,0,massA=0.05 massB=0.936
p2,1182,39,gain,0,178,567,0.32,1.0193,1,True,B,allenai/OLMo-2-1124-7B-DPO,fewshot,0.03284,0.98791,0,massA=0.955 massB=0.0324
p2,308,10,neutral,0,111,278,0.58,1.4526,4,True,B,allenai/OLMo-2-1124-7B-DPO,fewshot,0.77322,0.9134,0,massA=0.207 massB=0.706
p2,1120,37,gain,0,151,252,0.68,1.1348,0,True,B,allenai/OLMo-2-1124-7B-DPO,fewshot,0.6316,0.96755,0,massA=0.356 massB=0.611
p2,725,24,neutral,0,168,214,0.76,0.9681,2,False,A,allenai/OLMo-2-1124-7B-DPO,fewshot,0.9959,0.99695,0,massA=0.993 massB=0.00409
p2,1206,3,dominant,0,46,58,1.0,1.2609,3,True,B,allenai/OLMo-2-1124-7B-DPO,fewshot,0.97567,0.9864,0,massA=0.024 massB=0.962
p2,581,19,gain,0,64,122,0.49,0.9341,0,False,A,allenai/OLMo-2-1124-7B-DPO,fewshot,0.00729,0.97481,0,massA=0.00711 massB=0.968
p2,119,3,mixed,46,46,158,0.33,1.1335,4,False,A,allenai/OLMo-2-1124-7B-DPO,fewshot,0.32252,0.89262,0,massA=0.288 massB=0.605
p2,15,0,gain,0,186,984,0.26,1.3755,2,False,A,allenai/OLMo-2-1124-7B-DPO,fewshot,0.01957,0.99286,0,massA=0.0194 massB=0.973
p2,1037,34,gain,0,52,96,0.63,1.1631,3,False,A,allenai/OLMo-2-1124-7B-DPO,fewshot,0.00052,0.99538,0,massA=0.000515 massB=0.995
p2,647,21,gain,0,106,206,0.73,1.4187,3,False,A,allenai/OLMo-2-1124-7B-DPO,fewshot,0.00264,0.99098,0,massA=0.00262 massB=0.988
p2,1122,37,gain,0,151,252,0.68,1.1348,1,True,B,allenai/OLMo-2-1124-7B-DPO,fewshot,0.08329,0.9844,0,massA=0.902 massB=0.082
p2,1252,26,dominant,0,59,73,1.0,1.2373,2,True,B,allenai/OLMo-2-1124-7B-DPO,fewshot,0.99678,0.99874,0,massA=0.00322 massB=0.996
p2,961,32,neutral,0,131,236,0.57,1.0269,0,False,A,allenai/OLMo-2-1124-7B-DPO,fewshot,0.27825,0.97704,0,massA=0.272 massB=0.705
p2,897,29,mixed,79,79,81,0.83,0.851,3,False,A,allenai/OLMo-2-1124-7B-DPO,fewshot,0.01322,0.9906,0,massA=0.0131 massB=0.978
p2,991,33,neutral,0,142,446,0.53,1.6646,0,False,A,allenai/OLMo-2-1124-7B-DPO,fewshot,0.26133,0.97435,0,massA=0.255 massB=0.72
p2,680,22,mixed,81,81,163,0.72,1.4489,0,True,B,allenai/OLMo-2-1124-7B-DPO,fewshot,0.8439,0.95288,0,massA=0.149 massB=0.804
p2,651,21,mixed,106,106,206,0.73,1.4187,0,False,A,allenai/OLMo-2-1124-7B-DPO,fewshot,0.08571,0.99031,0,massA=0.0849 massB=0.905
p2,976,32,gain,0,131,236,0.57,1.0269,3,True,B,allenai/OLMo-2-1124-7B-DPO,fewshot,0.85585,0.97927,0,massA=0.141 massB=0.838
p2,807,26,mixed,59,59,151,0.36,0.9214,3,False,A,allenai/OLMo-2-1124-7B-DPO,fewshot,0.01898,0.99506,0,massA=0.0189 massB=0.976
p2,537,17,mixed,117,117,362,0.42,1.2995,3,False,A,allenai/OLMo-2-1124-7B-DPO,fewshot,0.03622,0.99326,0,massA=0.036 massB=0.957
p2,916,30,gain,0,149,447,0.26,0.78,3,True,B,allenai/OLMo-2-1124-7B-DPO,fewshot,0.59455,0.98297,0,massA=0.399 massB=0.584
p2,787,26,neutral,0,59,151,0.36,0.9214,3,False,A,allenai/OLMo-2-1124-7B-DPO,fewshot,0.02229,0.99523,0,massA=0.0222 massB=0.973
p2,922,30,mixed,149,149,447,0.26,0.78,1,True,B,allenai/OLMo-2-1124-7B-DPO,fewshot,0.67748,0.98125,0,massA=0.316 massB=0.665
p2,1011,33,mixed,142,142,446,0.53,1.6646,0,False,A,allenai/OLMo-2-1124-7B-DPO,fewshot,0.21338,0.98091,0,massA=0.209 massB=0.772
p2,314,10,gain,0,111,278,0.58,1.4526,2,True,B,allenai/OLMo-2-1124-7B-DPO,fewshot,0.29747,0.99521,0,massA=0.699 massB=0.296
p2,268,8,mixed,62,62,263,0.33,1.3998,4,True,B,allenai/OLMo-2-1124-7B-DPO,fewshot,0.94293,0.91627,0,massA=0.0523 massB=0.864
p2,220,7,gain,0,63,98,0.64,0.9956,0,True,B,allenai/OLMo-2-1124-7B-DPO,fewshot,0.43206,0.96199,0,massA=0.546 massB=0.416
p2,1131,37,mixed,151,151,252,0.68,1.1348,0,False,A,allenai/OLMo-2-1124-7B-DPO,fewshot,0.09203,0.98842,0,massA=0.091 massB=0.897
p2,454,15,neutral,0,82,113,0.74,1.0198,2,True,B,allenai/OLMo-2-1124-7B-DPO,fewshot,0.96211,0.99877,0,massA=0.0378 massB=0.961
p2,1203,1,dominant,0,58,72,1.0,1.2414,3,False,A,allenai/OLMo-2-1124-7B-DPO,fewshot,0.92469,0.99322,0,massA=0.918 massB=0.0748
p2,611,20,gain,0,186,266,0.63,0.901,0,False,A,allenai/OLMo-2-1124-7B-DPO,fewshot,0.05749,0.91955,0,massA=0.0529 massB=0.867
p2,1201,0,dominant,0,186,240,1.0,1.2903,4,False,A,allenai/OLMo-2-1124-7B-DPO,fewshot,0.99203,0.80202,0,massA=0.796 massB=0.00639
p2,810,27,neutral,0,166,433,0.53,1.3825,0,True,B,allenai/OLMo-2-1124-7B-DPO,fewshot,0.44167,0.98791,0,massA=0.552 massB=0.436
p2,480,16,neutral,0,139,234,0.6,1.0101,0,True,B,allenai/OLMo-2-1124-7B-DPO,fewshot,0.86247,0.98992,0,massA=0.136 massB=0.854
p2,629,20,mixed,186,186,266,0.63,0.901,4,False,A,allenai/OLMo-2-1124-7B-DPO,fewshot,0.63883,0.85392,0,massA=0.546 massB=0.308
p2,446,14,mixed,81,81,201,0.68,1.6874,3,True,B,allenai/OLMo-2-1124-7B-DPO,fewshot,0.94738,0.97685,0,massA=0.0514 massB=0.925
p2,731,24,gain,0,168,214,0.76,0.9681,0,False,A,allenai/OLMo-2-1124-7B-DPO,fewshot,0.03789,0.91984,0,massA=0.0349 massB=0.885
p2,194,6,gain,0,94,101,0.71,0.7629,2,True,B,allenai/OLMo-2-1124-7B-DPO,fewshot,0.24221,0.99561,0,massA=0.754 massB=0.241
p2,91,3,neutral,0,46,158,0.33,1.1335,0,False,A,allenai/OLMo-2-1124-7B-DPO,fewshot,0.16344,0.97997,0,massA=0.16 massB=0.82
p2,529,17,gain,0,117,362,0.42,1.2995,4,False,A,allenai/OLMo-2-1124-7B-DPO,fewshot,0.00258,0.94525,0,massA=0.00244 massB=0.943
p2,1004,33,gain,0,142,446,0.53,1.6646,2,True,B,allenai/OLMo-2-1124-7B-DPO,fewshot,0.31743,0.99579,0,massA=0.68 massB=0.316
p2,172,5,mixed,162,162,381,0.46,1.0819,1,True,B,allenai/OLMo-2-1124-7B-DPO,fewshot,0.80563,0.98675,0,massA=0.192 massB=0.795
p2,1209,4,dominant,0,29,56,1.0,1.931,1,False,A,allenai/OLMo-2-1124-7B-DPO,fewshot,0.96814,0.99238,0,massA=0.961 massB=0.0316
p2,318,10,gain,0,111,278,0.58,1.4526,4,True,B,allenai/OLMo-2-1124-7B-DPO,fewshot,0.83974,0.89286,0,massA=0.143 massB=0.75
p2,967,32,neutral,0,131,236,0.57,1.0269,3,False,A,allenai/OLMo-2-1124-7B-DPO,fewshot,0.01333,0.99627,0,massA=0.0133 massB=0.983
p2,841,28,neutral,0,132,181,0.76,1.0421,0,False,A,allenai/OLMo-2-1124-7B-DPO,fewshot,0.76489,0.97326,0,massA=0.744 massB=0.229
p2,1160,38,mixed,183,183,609,0.38,1.2646,0,True,B,allenai/OLMo-2-1124-7B-DPO,fewshot,0.71383,0.97442,0,massA=0.279 massB=0.696
p2,384,12,mixed,164,164,541,0.38,1.2535,2,True,B,allenai/OLMo-2-1124-7B-DPO,fewshot,0.73565,0.99106,0,massA=0.262 massB=0.729
p2,821,27,gain,0,166,433,0.53,1.3825,0,False,A,allenai/OLMo-2-1124-7B-DPO,fewshot,0.01628,0.95766,0,massA=0.0156 massB=0.942
p2,70,2,gain,0,162,661,0.26,1.0609,0,True,B,allenai/OLMo-2-1124-7B-DPO,fewshot,0.32595,0.97526,0,massA=0.657 massB=0.318
p2,1076,35,mixed,91,91,133,0.68,0.9938,3,True,B,allenai/OLMo-2-1124-7B-DPO,fewshot,0.93582,0.98265,0,massA=0.0631 massB=0.92
p2,177,5,mixed,162,162,381,0.46,1.0819,3,False,A,allenai/OLMo-2-1124-7B-DPO,fewshot,0.03044,0.99386,0,massA=0.0303 massB=0.964
p2,688,22,mixed,81,81,163,0.72,1.4489,4,True,B,allenai/OLMo-2-1124-7B-DPO,fewshot,0.9458,0.90184,0,massA=0.0489 massB=0.853
p2,670,22,gain,0,81,163,0.72,1.4489,0,True,B,allenai/OLMo-2-1124-7B-DPO,fewshot,0.47853,0.95591,0,massA=0.498 massB=0.457
p2,896,29,mixed,79,79,81,0.83,0.851,3,True,B,allenai/OLMo-2-1124-7B-DPO,fewshot,0.73867,0.96062,0,massA=0.251 massB=0.71
p2,372,12,gain,0,164,541,0.38,1.2535,1,True,B,allenai/OLMo-2-1124-7B-DPO,fewshot,0.04708,0.98398,0,massA=0.938 massB=0.0463
p2,434,14,gain,0,81,201,0.68,1.6874,2,True,B,allenai/OLMo-2-1124-7B-DPO,fewshot,0.12592,0.99616,0,massA=0.871 massB=0.125
p2,1173,39,neutral,0,178,567,0.32,1.0193,1,False,A,allenai/OLMo-2-1124-7B-DPO,fewshot,0.00295,0.9987,0,massA=0.00294 massB=0.996
p2,928,30,mixed,149,149,447,0.26,0.78,4,True,B,allenai/OLMo-2-1124-7B-DPO,fewshot,0.91244,0.88961,0,massA=0.0779 massB=0.812
p2,191,6,gain,0,94,101,0.71,0.7629,0,False,A,allenai/OLMo-2-1124-7B-DPO,fewshot,0.08945,0.91988,0,massA=0.0823 massB=0.838
p2,133,4,gain,0,29,71,0.55,1.3466,1,False,A,allenai/OLMo-2-1124-7B-DPO,fewshot,0.00299,0.99293,0,massA=0.00297 massB=0.99
p2,635,21,neutral,0,106,206,0.73,1.4187,2,False,A,allenai/OLMo-2-1124-7B-DPO,fewshot,0.99616,0.99454,0,massA=0.991 massB=0.00382
p2,990,33,neutral,0,142,446,0.53,1.6646,0,True,B,allenai/OLMo-2-1124-7B-DPO,fewshot,0.56025,0.98808,0,massA=0.435 massB=0.554
p2,536,17,mixed,117,117,362,0.42,1.2995,3,True,B,allenai/OLMo-2-1124-7B-DPO,fewshot,0.8706,0.98222,0,massA=0.127 massB=0.855
p2,1245,22,dominant,0,81,109,1.0,1.3457,1,False,A,allenai/OLMo-2-1124-7B-DPO,fewshot,0.98159,0.9962,0,massA=0.978 massB=0.0183
p2,833,27,mixed,166,166,433,0.53,1.3825,1,False,A,allenai/OLMo-2-1124-7B-DPO,fewshot,0.29421,0.98901,0,massA=0.291 massB=0.698
p2,702,23,gain,0,91,626,0.23,1.5822,1,True,B,allenai/OLMo-2-1124-7B-DPO,fewshot,0.06325,0.98644,0,massA=0.924 massB=0.0624
p2,407,13,gain,0,72,88,0.64,0.7822,3,False,A,allenai/OLMo-2-1124-7B-DPO,fewshot,0.00049,0.9939,0,massA=0.000489 massB=0.993
p2,710,23,mixed,91,91,626,0.23,1.5822,0,True,B,allenai/OLMo-2-1124-7B-DPO,fewshot,0.7009,0.96421,0,massA=0.288 massB=0.676
p2,253,8,gain,0,62,263,0.33,1.3998,1,False,A,allenai/OLMo-2-1124-7B-DPO,fewshot,0.00169,0.99544,0,massA=0.00169 massB=0.994
p2,234,7,mixed,63,63,98,0.64,0.9956,2,True,B,allenai/OLMo-2-1124-7B-DPO,fewshot,0.60394,0.99026,0,massA=0.392 massB=0.598
p2,1135,37,mixed,151,151,252,0.68,1.1348,2,False,A,allenai/OLMo-2-1124-7B-DPO,fewshot,0.77046,0.99313,0,massA=0.765 massB=0.228
p2,1088,36,neutral,0,98,227,0.47,1.0887,4,True,B,allenai/OLMo-2-1124-7B-DPO,fewshot,0.28617,0.77271,0,massA=0.552 massB=0.221
p2,906,30,neutral,0,149,447,0.26,0.78,3,True,B,allenai/OLMo-2-1124-7B-DPO,fewshot,0.14904,0.99133,0,massA=0.844 massB=0.148
p2,413,13,mixed,72,72,88,0.64,0.7822,1,False,A,allenai/OLMo-2-1124-7B-DPO,fewshot,0.12678,0.98922,0,massA=0.125 massB=0.864
p2,385,12,mixed,164,164,541,0.38,1.2535,2,False,A,allenai/OLMo-2-1124-7B-DPO,fewshot,0.57749,0.9909,0,massA=0.572 massB=0.419
p2,131,4,gain,0,29,71,0.55,1.3466,0,False,A,allenai/OLMo-2-1124-7B-DPO,fewshot,0.02676,0.93242,0,massA=0.025 massB=0.907
p2,1258,29,dominant,0,79,118,1.0,1.4937,3,True,B,allenai/OLMo-2-1124-7B-DPO,fewshot,0.99567,0.99675,0,massA=0.00432 massB=0.992
p2,182,6,neutral,0,94,101,0.71,0.7629,1,True,B,allenai/OLMo-2-1124-7B-DPO,fewshot,0.02333,0.99402,0,massA=0.971 massB=0.0232
p2,849,28,neutral,0,132,181,0.76,1.0421,4,False,A,allenai/OLMo-2-1124-7B-DPO,fewshot,0.25832,0.78195,0,massA=0.202 massB=0.58
p2,987,32,mixed,131,131,236,0.57,1.0269,3,False,A,allenai/OLMo-2-1124-7B-DPO,fewshot,0.08819,0.99066,0,massA=0.0874 massB=0.903
p2,604,20,neutral,0,186,266,0.63,0.901,2,True,B,allenai/OLMo-2-1124-7B-DPO,fewshot,0.23511,0.99775,0,massA=0.763 massB=0.235
p2,778,25,mixed,124,124,207,0.76,1.2687,4,True,B,allenai/OLMo-2-1124-7B-DPO,fewshot,0.945,0.87255,0,massA=0.048 massB=0.825
p2,415,13,mixed,72,72,88,0.64,0.7822,2,False,A,allenai/OLMo-2-1124-7B-DPO,fewshot,0.38676,0.99252,0,massA=0.384 massB=0.609
p2,1248,24,dominant,0,168,180,1.0,1.0714,1,True,B,allenai/OLMo-2-1124-7B-DPO,fewshot,0.28458,0.9944,0,massA=0.711 massB=0.283
p2,593,19,mixed,64,64,122,0.49,0.9341,1,False,A,allenai/OLMo-2-1124-7B-DPO,fewshot,0.1294,0.98802,0,massA=0.128 massB=0.86
p2,649,21,gain,0,106,206,0.73,1.4187,4,False,A,allenai/OLMo-2-1124-7B-DPO,fewshot,0.12002,0.67041,0,massA=0.0805 massB=0.59
p2,80,2,mixed,162,162,661,0.26,1.0609,0,True,B,allenai/OLMo-2-1124-7B-DPO,fewshot,0.64958,0.96507,0,massA=0.338 massB=0.627
p2,490,16,gain,0,139,234,0.6,1.0101,0,True,B,allenai/OLMo-2-1124-7B-DPO,fewshot,0.67061,0.96242,0,massA=0.317 massB=0.645
p2,867,28,mixed,132,132,181,0.76,1.0421,3,False,A,allenai/OLMo-2-1124-7B-DPO,fewshot,0.05878,0.99004,0,massA=0.0582 massB=0.932
p2,587,19,gain,0,64,122,0.49,0.9341,3,False,A,allenai/OLMo-2-1124-7B-DPO,fewshot,0.00037,0.99631,0,massA=0.000367 massB=0.996
p2,429,14,neutral,0,81,201,0.68,1.6874,4,False,A,allenai/OLMo-2-1124-7B-DPO,fewshot,0.08819,0.87416,0,massA=0.0771 massB=0.797
p2,418,13,mixed,72,72,88,0.64,0.7822,4,True,B,allenai/OLMo-2-1124-7B-DPO,fewshot,0.86972,0.81501,0,massA=0.106 massB=0.709
p2,492,16,gain,0,139,234,0.6,1.0101,1,True,B,allenai/OLMo-2-1124-7B-DPO,fewshot,0.0546,0.98132,0,massA=0.928 massB=0.0536
p2,1043,34,mixed,52,52,96,0.63,1.1631,1,False,A,allenai/OLMo-2-1124-7B-DPO,fewshot,0.19072,0.98877,0,massA=0.189 massB=0.8
p2,113,3,mixed,46,46,158,0.33,1.1335,1,False,A,allenai/OLMo-2-1124-7B-DPO,fewshot,0.09602,0.9903,0,massA=0.0951 massB=0.895
p2,296,9,mixed,49,49,153,0.26,0.8118,3,True,B,allenai/OLMo-2-1124-7B-DPO,fewshot,0.86339,0.97767,0,massA=0.134 massB=0.844
p2,106,3,gain,0,46,158,0.33,1.1335,3,True,B,allenai/OLMo-2-1124-7B-DPO,fewshot,0.4206,0.98872,0,massA=0.573 massB=0.416
p2,96,3,neutral,0,46,158,0.33,1.1335,3,True,B,allenai/OLMo-2-1124-7B-DPO,fewshot,0.87148,0.99637,0,massA=0.128 massB=0.868
p2,1168,38,mixed,183,183,609,0.38,1.2646,4,True,B,allenai/OLMo-2-1124-7B-DPO,fewshot,0.95664,0.93391,0,massA=0.0405 massB=0.893
p2,678,22,gain,0,81,163,0.72,1.4489,4,True,B,allenai/OLMo-2-1124-7B-DPO,fewshot,0.74466,0.82619,0,massA=0.211 massB=0.615
p2,249,8,neutral,0,62,263,0.33,1.3998,4,False,A,allenai/OLMo-2-1124-7B-DPO,fewshot,0.04535,0.9094,0,massA=0.0412 massB=0.868
p2,518,17,neutral,0,117,362,0.42,1.2995,4,True,B,allenai/OLMo-2-1124-7B-DPO,fewshot,0.12085,0.83058,0,massA=0.73 massB=0.1
p2,88,2,mixed,162,162,661,0.26,1.0609,4,True,B,allenai/OLMo-2-1124-7B-DPO,fewshot,0.94079,0.93674,0,massA=0.0555 massB=0.881
p2,289,9,gain,0,49,153,0.26,0.8118,4,False,A,allenai/OLMo-2-1124-7B-DPO,fewshot,0.00344,0.92106,0,massA=0.00317 massB=0.918
p2,914,30,gain,0,149,447,0.26,0.78,2,True,B,allenai/OLMo-2-1124-7B-DPO,fewshot,0.14128,0.99658,0,massA=0.856 massB=0.141
p2,885,29,gain,0,79,81,0.83,0.851,2,False,A,allenai/OLMo-2-1124-7B-DPO,fewshot,0.16559,0.98992,0,massA=0.164 massB=0.826
p2,640,21,gain,0,106,206,0.73,1.4187,0,True,B,allenai/OLMo-2-1124-7B-DPO,fewshot,0.60953,0.95629,0,massA=0.373 massB=0.583
p2,766,25,gain,0,124,207,0.76,1.2687,3,True,B,allenai/OLMo-2-1124-7B-DPO,fewshot,0.63522,0.968,0,massA=0.353 massB=0.615
p2,470,15,mixed,82,82,113,0.74,1.0198,0,True,B,allenai/OLMo-2-1124-7B-DPO,fewshot,0.66192,0.9671,0,massA=0.327 massB=0.64
p2,463,15,gain,0,82,113,0.74,1.0198,1,False,A,allenai/OLMo-2-1124-7B-DPO,fewshot,0.00142,0.99523,0,massA=0.00141 massB=0.994
p2,163,5,gain,0,162,381,0.46,1.0819,1,False,A,allenai/OLMo-2-1124-7B-DPO,fewshot,0.00112,0.99649,0,massA=0.00112 massB=0.995
p2,175,5,mixed,162,162,381,0.46,1.0819,2,False,A,allenai/OLMo-2-1124-7B-DPO,fewshot,0.62612,0.99029,0,massA=0.62 massB=0.37
p2,473,15,mixed,82,82,113,0.74,1.0198,1,False,A,allenai/OLMo-2-1124-7B-DPO,fewshot,0.18952,0.98867,0,massA=0.187 massB=0.801
p2,313,10,gain,0,111,278,0.58,1.4526,1,False,A,allenai/OLMo-2-1124-7B-DPO,fewshot,0.00132,0.99483,0,massA=0.00131 massB=0.994
p2,712,23,mixed,91,91,626,0.23,1.5822,1,True,B,allenai/OLMo-2-1124-7B-DPO,fewshot,0.71702,0.98336,0,massA=0.278 massB=0.705
p2,1257,28,dominant,0,132,158,1.0,1.197,1,False,A,allenai/OLMo-2-1124-7B-DPO,fewshot,0.98242,0.99681,0,massA=0.979 massB=0.0175
p2,790,26,gain,0,59,151,0.36,0.9214,0,True,B,allenai/OLMo-2-1124-7B-DPO,fewshot,0.24799,0.98802,0,massA=0.743 massB=0.245
p2,1253,26,dominant,0,59,73,1.0,1.2373,3,False,A,allenai/OLMo-2-1124-7B-DPO,fewshot,0.90532,0.99286,0,massA=0.899 massB=0.094
p2,685,22,mixed,81,81,163,0.72,1.4489,2,False,A,allenai/OLMo-2-1124-7B-DPO,fewshot,0.92944,0.99112,0,massA=0.921 massB=0.0699
p2,1138,37,mixed,151,151,252,0.68,1.1348,4,True,B,allenai/OLMo-2-1124-7B-DPO,fewshot,0.94738,0.90378,0,massA=0.0476 massB=0.856
p2,755,25,neutral,0,124,207,0.76,1.2687,2,False,A,allenai/OLMo-2-1124-7B-DPO,fewshot,0.99331,0.9958,0,massA=0.989 massB=0.00666
p2,1028,34,neutral,0,52,96,0.63,1.1631,4,True,B,allenai/OLMo-2-1124-7B-DPO,fewshot,0.98757,0.98788,0,massA=0.0123 massB=0.976
p2,238,7,mixed,63,63,98,0.64,0.9956,4,True,B,allenai/OLMo-2-1124-7B-DPO,fewshot,0.90991,0.88588,0,massA=0.0798 massB=0.806
p2,16,0,gain,0,186,984,0.26,1.3755,3,True,B,allenai/OLMo-2-1124-7B-DPO,fewshot,0.34687,0.98068,0,massA=0.641 massB=0.34
p2,804,26,mixed,59,59,151,0.36,0.9214,2,True,B,allenai/OLMo-2-1124-7B-DPO,fewshot,0.61879,0.98772,0,massA=0.377 massB=0.611
p2,1020,34,neutral,0,52,96,0.63,1.1631,0,True,B,allenai/OLMo-2-1124-7B-DPO,fewshot,0.89625,0.97655,0,massA=0.101 massB=0.875
p2,607,20,neutral,0,186,266,0.63,0.901,3,False,A,allenai/OLMo-2-1124-7B-DPO,fewshot,0.09401,0.98519,0,massA=0.0926 massB=0.893
p2,47,1,gain,0,58,116,0.66,1.32,3,False,A,allenai/OLMo-2-1124-7B-DPO,fewshot,0.00143,0.99281,0,massA=0.00142 massB=0.991
p2,401,13,gain,0,72,88,0.64,0.7822,0,False,A,allenai/OLMo-2-1124-7B-DPO,fewshot,0.00293,0.97882,0,massA=0.00287 massB=0.976
p2,594,19,mixed,64,64,122,0.49,0.9341,2,True,B,allenai/OLMo-2-1124-7B-DPO,fewshot,0.59832,0.9901,0,massA=0.398 massB=0.592
p2,159,5,neutral,0,162,381,0.46,1.0819,4,False,A,allenai/OLMo-2-1124-7B-DPO,fewshot,0.13477,0.85371,0,massA=0.115 massB=0.739
p2,1012,33,mixed,142,142,446,0.53,1.6646,1,True,B,allenai/OLMo-2-1124-7B-DPO,fewshot,0.83333,0.98932,0,massA=0.165 massB=0.824
p2,717,23,mixed,91,91,626,0.23,1.5822,3,False,A,allenai/OLMo-2-1124-7B-DPO,fewshot,0.03384,0.99286,0,massA=0.0336 massB=0.959
p2,202,6,mixed,94,94,101,0.71,0.7629,1,True,B,allenai/OLMo-2-1124-7B-DPO,fewshot,0.68763,0.96672,0,massA=0.302 massB=0.665
p2,72,2,gain,0,162,661,0.26,1.0609,1,True,B,allenai/OLMo-2-1124-7B-DPO,fewshot,0.03595,0.9865,0,massA=0.951 massB=0.0355
p2,460,15,gain,0,82,113,0.74,1.0198,0,True,B,allenai/OLMo-2-1124-7B-DPO,fewshot,0.5832,0.94766,0,massA=0.395 massB=0.553
p2,542,18,neutral,0,41,61,0.58,0.8629,1,True,B,allenai/OLMo-2-1124-7B-DPO,fewshot,0.03138,0.9921,0,massA=0.961 massB=0.0311
p2,1158,38,gain,0,183,609,0.38,1.2646,4,True,B,allenai/OLMo-2-1124-7B-DPO,fewshot,0.82105,0.90696,0,massA=0.162 massB=0.745
p2,108,3,gain,0,46,158,0.33,1.1335,4,True,B,allenai/OLMo-2-1124-7B-DPO,fewshot,0.54093,0.85853,0,massA=0.394 massB=0.464
p2,628,20,mixed,186,186,266,0.63,0.901,4,True,B,allenai/OLMo-2-1124-7B-DPO,fewshot,0.93582,0.88699,0,massA=0.0569 massB=0.83
p2,246,8,neutral,0,62,263,0.33,1.3998,3,True,B,allenai/OLMo-2-1124-7B-DPO,fewshot,0.37938,0.99538,0,massA=0.618 massB=0.378
p2,865,28,mixed,132,132,181,0.76,1.0421,2,False,A,allenai/OLMo-2-1124-7B-DPO,fewshot,0.73412,0.99326,0,massA=0.729 massB=0.264
p2,891,29,mixed,79,79,81,0.83,0.851,0,False,A,allenai/OLMo-2-1124-7B-DPO,fewshot,0.01927,0.99081,0,massA=0.0191 massB=0.972
p2,866,28,mixed,132,132,181,0.76,1.0421,3,True,B,allenai/OLMo-2-1124-7B-DPO,fewshot,0.9466,0.98269,0,massA=0.0525 massB=0.93
p2,946,31,gain,0,51,151,0.29,0.8586,3,True,B,allenai/OLMo-2-1124-7B-DPO,fewshot,0.19315,0.98557,0,massA=0.795 massB=0.19
p2,68,2,neutral,0,162,661,0.26,1.0609,4,True,B,allenai/OLMo-2-1124-7B-DPO,fewshot,0.06561,0.79295,0,massA=0.741 massB=0.052
p2,203,6,mixed,94,94,101,0.71,0.7629,1,False,A,allenai/OLMo-2-1124-7B-DPO,fewshot,0.13661,0.98664,0,massA=0.135 massB=0.852
p2,1083,36,neutral,0,98,227,0.47,1.0887,1,False,A,allenai/OLMo-2-1124-7B-DPO,fewshot,0.00459,0.99853,0,massA=0.00458 massB=0.994
p2,732,24,gain,0,168,214,0.76,0.9681,1,True,B,allenai/OLMo-2-1124-7B-DPO,fewshot,0.04304,0.98426,0,massA=0.942 massB=0.0424
p2,656,21,mixed,106,106,206,0.73,1.4187,3,True,B,allenai/OLMo-2-1124-7B-DPO,fewshot,0.9263,0.98334,0,massA=0.0725 massB=0.911
p2,11,0,gain,0,186,984,0.26,1.3755,0,False,A,allenai/OLMo-2-1124-7B-DPO,fewshot,0.0077,0.96951,0,massA=0.00746 massB=0.962
p2,758,25,neutral,0,124,207,0.76,1.2687,4,True,B,allenai/OLMo-2-1124-7B-DPO,fewshot,0.87748,0.94756,0,massA=0.116 massB=0.831
p2,56,1,mixed,58,58,116,0.66,1.32,3,True,B,allenai/OLMo-2-1124-7B-DPO,fewshot,0.90991,0.96946,0,massA=0.0873 massB=0.882
p2,1167,38,mixed,183,183,609,0.38,1.2646,3,False,A,allenai/OLMo-2-1124-7B-DPO,fewshot,0.0278,0.99577,0,massA=0.0277 massB=0.968
p2,696,23,neutral,0,91,626,0.23,1.5822,3,True,B,allenai/OLMo-2-1124-7B-DPO,fewshot,0.82333,0.99408,0,massA=0.176 massB=0.818
p2,306,10,neutral,0,111,278,0.58,1.4526,3,True,B,allenai/OLMo-2-1124-7B-DPO,fewshot,0.64601,0.98858,0,massA=0.35 massB=0.639
p2,136,4,gain,0,29,71,0.55,1.3466,3,True,B,allenai/OLMo-2-1124-7B-DPO,fewshot,0.46879,0.97926,0,massA=0.52 massB=0.459
p2,447,14,mixed,81,81,201,0.68,1.6874,3,False,A,allenai/OLMo-2-1124-7B-DPO,fewshot,0.07864,0.98846,0,massA=0.0777 massB=0.911
p2,829,27,gain,0,166,433,0.53,1.3825,4,False,A,allenai/OLMo-2-1124-7B-DPO,fewshot,0.0184,0.86979,0,massA=0.016 massB=0.854
p2,777,25,mixed,124,124,207,0.76,1.2687,3,False,A,allenai/OLMo-2-1124-7B-DPO,fewshot,0.19437,0.98632,0,massA=0.192 massB=0.795
p2,383,12,mixed,164,164,541,0.38,1.2535,1,False,A,allenai/OLMo-2-1124-7B-DPO,fewshot,0.15003,0.9895,0,massA=0.148 massB=0.841
p2,222,7,gain,0,63,98,0.64,0.9956,1,True,B,allenai/OLMo-2-1124-7B-DPO,fewshot,0.03334,0.97333,0,massA=0.941 massB=0.0324
p2,1087,36,neutral,0,98,227,0.47,1.0887,3,False,A,allenai/OLMo-2-1124-7B-DPO,fewshot,0.02246,0.99514,0,massA=0.0223 massB=0.973
p2,226,7,gain,0,63,98,0.64,0.9956,3,True,B,allenai/OLMo-2-1124-7B-DPO,fewshot,0.6478,0.97337,0,massA=0.343 massB=0.631
p2,160,5,gain,0,162,381,0.46,1.0819,0,True,B,allenai/OLMo-2-1124-7B-DPO,fewshot,0.40922,0.97211,0,massA=0.574 massB=0.398
p2,48,1,gain,0,58,116,0.66,1.32,4,True,B,allenai/OLMo-2-1124-7B-DPO,fewshot,0.73107,0.84483,0,massA=0.227 massB=0.618
p2,940,31,gain,0,51,151,0.29,0.8586,0,True,B,allenai/OLMo-2-1124-7B-DPO,fewshot,0.16559,0.98538,0,massA=0.822 massB=0.163
p2,20,0,mixed,186,186,984,0.26,1.3755,0,True,B,allenai/OLMo-2-1124-7B-DPO,fewshot,0.71063,0.9746,0,massA=0.282 massB=0.693
p2,818,27,neutral,0,166,433,0.53,1.3825,4,True,B,allenai/OLMo-2-1124-7B-DPO,fewshot,0.39981,0.86572,0,massA=0.52 massB=0.346
p2,576,19,neutral,0,64,122,0.49,0.9341,3,True,B,allenai/OLMo-2-1124-7B-DPO,fewshot,0.47074,0.99256,0,massA=0.525 massB=0.467
p2,26,0,mixed,186,186,984,0.26,1.3755,3,True,B,allenai/OLMo-2-1124-7B-DPO,fewshot,0.92248,0.98818,0,massA=0.0766 massB=0.912
p2,573,19,neutral,0,64,122,0.49,0.9341,1,False,A,allenai/OLMo-2-1124-7B-DPO,fewshot,0.00316,0.99839,0,massA=0.00316 massB=0.995
p2,781,26,neutral,0,59,151,0.36,0.9214,0,False,A,allenai/OLMo-2-1124-7B-DPO,fewshot,0.31912,0.97885,0,massA=0.312 massB=0.666
p2,559,18,gain,0,41,61,0.58,0.8629,4,False,A,allenai/OLMo-2-1124-7B-DPO,fewshot,0.08093,0.58568,0,massA=0.0474 massB=0.538
p2,839,27,mixed,166,166,433,0.53,1.3825,4,False,A,allenai/OLMo-2-1124-7B-DPO,fewshot,0.71542,0.88541,0,massA=0.633 massB=0.252
p2,764,25,gain,0,124,207,0.76,1.2687,2,True,B,allenai/OLMo-2-1124-7B-DPO,fewshot,0.16559,0.99536,0,massA=0.831 massB=0.165
p2,858,28,gain,0,132,181,0.76,1.0421,4,True,B,allenai/OLMo-2-1124-7B-DPO,fewshot,0.83974,0.89081,0,massA=0.143 massB=0.748
p2,198,6,gain,0,94,101,0.71,0.7629,4,True,B,allenai/OLMo-2-1124-7B-DPO,fewshot,0.75636,0.82019,0,massA=0.2 massB=0.62
p2,899,29,mixed,79,79,81,0.83,0.851,4,False,A,allenai/OLMo-2-1124-7B-DPO,fewshot,0.21337,0.88223,0,massA=0.188 massB=0.694
p2,752,25,neutral,0,124,207,0.76,1.2687,1,True,B,allenai/OLMo-2-1124-7B-DPO,fewshot,0.0042,0.99609,0,massA=0.992 massB=0.00418
p2,183,6,neutral,0,94,101,0.71,0.7629,1,False,A,allenai/OLMo-2-1124-7B-DPO,fewshot,0.02931,0.99532,0,massA=0.0292 massB=0.966
p2,277,9,neutral,0,49,153,0.26,0.8118,3,False,A,allenai/OLMo-2-1124-7B-DPO,fewshot,0.01731,0.99567,0,massA=0.0172 massB=0.978
p2,1186,39,gain,0,178,567,0.32,1.0193,3,True,B,allenai/OLMo-2-1124-7B-DPO,fewshot,0.65136,0.9792,0,massA=0.341 massB=0.638
p2,894,29,mixed,79,79,81,0.83,0.851,2,True,B,allenai/OLMo-2-1124-7B-DPO,fewshot,0.25684,0.98782,0,massA=0.734 massB=0.254
p2,1141,38,neutral,0,183,609,0.38,1.2646,0,False,A,allenai/OLMo-2-1124-7B-DPO,fewshot,0.12678,0.98023,0,massA=0.124 massB=0.856
p2,53,1,mixed,58,58,116,0.66,1.32,1,False,A,allenai/OLMo-2-1124-7B-DPO,fewshot,0.20689,0.98077,0,massA=0.203 massB=0.778
p2,282,9,gain,0,49,153,0.26,0.8118,1,True,B,allenai/OLMo-2-1124-7B-DPO,fewshot,0.0208,0.98647,0,massA=0.966 massB=0.0205
p2,1010,33,mixed,142,142,446,0.53,1.6646,0,True,B,allenai/OLMo-2-1124-7B-DPO,fewshot,0.80807,0.96517,0,massA=0.185 massB=0.78
p2,623,20,mixed,186,186,266,0.63,0.901,1,False,A,allenai/OLMo-2-1124-7B-DPO,fewshot,0.31405,0.98321,0,massA=0.309 massB=0.674
p2,122,4,neutral,0,29,71,0.55,1.3466,1,True,B,allenai/OLMo-2-1124-7B-DPO,fewshot,0.00871,0.99196,0,massA=0.983 massB=0.00864
p2,452,15,neutral,0,82,113,0.74,1.0198,1,True,B,allenai/OLMo-2-1124-7B-DPO,fewshot,0.02576,0.99411,0,massA=0.968 massB=0.0256
p2,1117,37,neutral,0,151,252,0.68,1.1348,3,False,A,allenai/OLMo-2-1124-7B-DPO,fewshot,0.07864,0.98845,0,massA=0.0777 massB=0.911
p2,190,6,gain,0,94,101,0.71,0.7629,0,True,B,allenai/OLMo-2-1124-7B-DPO,fewshot,0.66888,0.93745,0,massA=0.31 massB=0.627
p2,464,15,gain,0,82,113,0.74,1.0198,2,True,B,allenai/OLMo-2-1124-7B-DPO,fewshot,0.32082,0.9952,0,massA=0.676 massB=0.319
p2,881,29,gain,0,79,81,0.83,0.851,0,False,A,allenai/OLMo-2-1124-7B-DPO,fewshot,0.05071,0.91503,0,massA=0.0464 massB=0.869
p2,980,32,mixed,131,131,236,0.57,1.0269,0,True,B,allenai/OLMo-2-1124-7B-DPO,fewshot,0.79053,0.95951,0,massA=0.201 massB=0.759
p2,793,26,gain,0,59,151,0.36,0.9214,1,False,A,allenai/OLMo-2-1124-7B-DPO,fewshot,0.00146,0.99562,0,massA=0.00145 massB=0.994
p2,1197,39,mixed,178,178,567,0.32,1.0193,3,False,A,allenai/OLMo-2-1124-7B-DPO,fewshot,0.03259,0.9939,0,massA=0.0324 massB=0.962
p2,1232,16,dominant,0,139,190,1.0,1.3669,2,True,B,allenai/OLMo-2-1124-7B-DPO,fewshot,0.99838,0.99699,0,massA=0.00162 massB=0.995
p2,880,29,gain,0,79,81,0.83,0.851,0,True,B,allenai/OLMo-2-1124-7B-DPO,fewshot,0.48828,0.95828,0,massA=0.49 massB=0.468
p2,595,19,mixed,64,64,122,0.49,0.9341,2,False,A,allenai/OLMo-2-1124-7B-DPO,fewshot,0.48633,0.98955,0,massA=0.481 massB=0.508
p2,1068,35,gain,0,91,133,0.68,0.9938,4,True,B,allenai/OLMo-2-1124-7B-DPO,fewshot,0.74168,0.83649,0,massA=0.216 massB=0.62
p2,1098,36,gain,0,98,227,0.47,1.0887,4,True,B,allenai/OLMo-2-1124-7B-DPO,fewshot,0.7677,0.86733,0,massA=0.201 massB=0.666
p2,25,0,mixed,186,186,984,0.26,1.3755,2,False,A,allenai/OLMo-2-1124-7B-DPO,fewshot,0.60018,0.99027,0,massA=0.594 massB=0.396
p2,620,20,mixed,186,186,266,0.63,0.901,0,True,B,allenai/OLMo-2-1124-7B-DPO,fewshot,0.76769,0.96626,0,massA=0.224 massB=0.742
p2,622,20,mixed,186,186,266,0.63,0.901,1,True,B,allenai/OLMo-2-1124-7B-DPO,fewshot,0.83114,0.98779,0,massA=0.167 massB=0.821
p2,66,2,neutral,0,162,661,0.26,1.0609,3,True,B,allenai/OLMo-2-1124-7B-DPO,fewshot,0.39048,0.99269,0,massA=0.605 massB=0.388
p2,510,17,neutral,0,117,362,0.42,1.2995,0,True,B,allenai/OLMo-2-1124-7B-DPO,fewshot,0.5448,0.98195,0,massA=0.447 massB=0.535
p2,927,30,mixed,149,149,447,0.26,0.78,3,False,A,allenai/OLMo-2-1124-7B-DPO,fewshot,0.02263,0.9945,0,massA=0.0225 massB=0.972
p2,9,0,neutral,0,186,984,0.26,1.3755,4,False,A,allenai/OLMo-2-1124-7B-DPO,fewshot,0.03705,0.88195,0,massA=0.0327 massB=0.849
p2,1061,35,gain,0,91,133,0.68,0.9938,0,False,A,allenai/OLMo-2-1124-7B-DPO,fewshot,0.03514,0.91949,0,massA=0.0323 massB=0.887
p2,517,17,neutral,0,117,362,0.42,1.2995,3,False,A,allenai/OLMo-2-1124-7B-DPO,fewshot,0.01142,0.99386,0,massA=0.0113 massB=0.983
p2,799,26,gain,0,59,151,0.36,0.9214,4,False,A,allenai/OLMo-2-1124-7B-DPO,fewshot,0.00555,0.9213,0,massA=0.00512 massB=0.916
p2,1239,19,dominant,0,64,91,1.0,1.4219,4,False,A,allenai/OLMo-2-1124-7B-DPO,fewshot,0.98693,0.92039,0,massA=0.908 massB=0.012
p2,116,3,mixed,46,46,158,0.33,1.1335,3,True,B,allenai/OLMo-2-1124-7B-DPO,fewshot,0.80928,0.98237,0,massA=0.187 massB=0.795
p2,1264,32,dominant,0,131,144,1.0,1.0992,4,True,B,allenai/OLMo-2-1124-7B-DPO,fewshot,0.96036,0.98008,0,massA=0.0388 massB=0.941
p2,870,29,neutral,0,79,81,0.83,0.851,0,True,B,allenai/OLMo-2-1124-7B-DPO,fewshot,0.82446,0.97422,0,massA=0.171 massB=0.803
p2,104,3,gain,0,46,158,0.33,1.1335,2,True,B,allenai/OLMo-2-1124-7B-DPO,fewshot,0.07752,0.99673,0,massA=0.919 massB=0.0773
p2,76,2,gain,0,162,661,0.26,1.0609,3,True,B,allenai/OLMo-2-1124-7B-DPO,fewshot,0.47268,0.97918,0,massA=0.516 massB=0.463
p2,46,1,gain,0,58,116,0.66,1.32,3,True,B,allenai/OLMo-2-1124-7B-DPO,fewshot,0.57368,0.97763,0,massA=0.417 massB=0.561
p2,1205,2,dominant,0,162,174,1.0,1.0741,4,False,A,allenai/OLMo-2-1124-7B-DPO,fewshot,0.99438,0.87521,0,massA=0.87 massB=0.00492
p2,1217,8,dominant,0,62,121,1.0,1.9516,4,False,A,allenai/OLMo-2-1124-7B-DPO,fewshot,0.99381,0.94174,0,massA=0.936 massB=0.00583
p2,346,11,gain,0,54,68,0.81,1.02,3,True,B,allenai/OLMo-2-1124-7B-DPO,fewshot,0.39981,0.98702,0,massA=0.592 massB=0.395
p2,1000,33,gain,0,142,446,0.53,1.6646,0,True,B,allenai/OLMo-2-1124-7B-DPO,fewshot,0.60019,0.96822,0,massA=0.387 massB=0.581
p2,1219,9,dominant,0,49,82,1.0,1.6735,1,False,A,allenai/OLMo-2-1124-7B-DPO,fewshot,0.9752,0.99584,0,massA=0.971 massB=0.0247
p2,999,33,neutral,0,142,446,0.53,1.6646,4,False,A,allenai/OLMo-2-1124-7B-DPO,fewshot,0.03488,0.94734,0,massA=0.033 massB=0.914
p2,570,19,neutral,0,64,122,0.49,0.9341,0,True,B,allenai/OLMo-2-1124-7B-DPO,fewshot,0.58321,0.9736,0,massA=0.406 massB=0.568
p2,1178,39,neutral,0,178,567,0.32,1.0193,4,True,B,allenai/OLMo-2-1124-7B-DPO,fewshot,0.45326,0.84839,0,massA=0.464 massB=0.385
p2,173,5,mixed,162,162,381,0.46,1.0819,1,False,A,allenai/OLMo-2-1124-7B-DPO,fewshot,0.11202,0.99243,0,massA=0.111 massB=0.881
p2,51,1,mixed,58,58,116,0.66,1.32,0,False,A,allenai/OLMo-2-1124-7B-DPO,fewshot,0.07696,0.978,0,massA=0.0753 massB=0.903
p2,62,2,neutral,0,162,661,0.26,1.0609,1,True,B,allenai/OLMo-2-1124-7B-DPO,fewshot,0.00343,0.9966,0,massA=0.993 massB=0.00342
p2,715,23,mixed,91,91,626,0.23,1.5822,2,False,A,allenai/OLMo-2-1124-7B-DPO,fewshot,0.62062,0.99025,0,massA=0.615 massB=0.376
p2,64,2,neutral,0,162,661,0.26,1.0609,2,True,B,allenai/OLMo-2-1124-7B-DPO,fewshot,0.16559,0.99803,0,massA=0.833 massB=0.165
p2,588,19,gain,0,64,122,0.49,0.9341,4,True,B,allenai/OLMo-2-1124-7B-DPO,fewshot,0.4961,0.75475,0,massA=0.38 massB=0.374
p2,45,1,gain,0,58,116,0.66,1.32,2,False,A,allenai/OLMo-2-1124-7B-DPO,fewshot,0.50195,0.99044,0,massA=0.497 massB=0.493
p2,869,28,mixed,132,132,181,0.76,1.0421,4,False,A,allenai/OLMo-2-1124-7B-DPO,fewshot,0.71859,0.85907,0,massA=0.617 massB=0.242
p2,132,4,gain,0,29,71,0.55,1.3466,1,True,B,allenai/OLMo-2-1124-7B-DPO,fewshot,0.03309,0.97817,0,massA=0.946 massB=0.0324
p2,783,26,neutral,0,59,151,0.36,0.9214,1,False,A,allenai/OLMo-2-1124-7B-DPO,fewshot,0.00634,0.9986,0,massA=0.00633 massB=0.992
p2,322,10,mixed,111,111,278,0.58,1.4526,1,True,B,allenai/OLMo-2-1124-7B-DPO,fewshot,0.78133,0.98373,0,massA=0.215 massB=0.769
p2,782,26,neutral,0,59,151,0.36,0.9214,1,True,B,allenai/OLMo-2-1124-7B-DPO,fewshot,0.01364,0.99568,0,massA=0.982 massB=0.0136
p2,951,31,mixed,51,51,151,0.29,0.8586,0,False,A,allenai/OLMo-2-1124-7B-DPO,fewshot,0.04435,0.981,0,massA=0.0435 massB=0.937
p2,201,6,mixed,94,94,101,0.71,0.7629,0,False,A,allenai/OLMo-2-1124-7B-DPO,fewshot,0.04435,0.98955,0,massA=0.0439 massB=0.946
p2,657,21,mixed,106,106,206,0.73,1.4187,3,False,A,allenai/OLMo-2-1124-7B-DPO,fewshot,0.10894,0.99047,0,massA=0.108 massB=0.883
p2,1276,38,dominant,0,183,201,1.0,1.0984,2,True,B,allenai/OLMo-2-1124-7B-DPO,fewshot,0.91789,0.99626,0,massA=0.0818 massB=0.914
p2,1184,39,gain,0,178,567,0.32,1.0193,2,True,B,allenai/OLMo-2-1124-7B-DPO,fewshot,0.16886,0.99571,0,massA=0.828 massB=0.168
p2,22,0,mixed,186,186,984,0.26,1.3755,1,True,B,allenai/OLMo-2-1124-7B-DPO,fewshot,0.82671,0.99244,0,massA=0.172 massB=0.82
p2,1153,38,gain,0,183,609,0.38,1.2646,1,False,A,allenai/OLMo-2-1124-7B-DPO,fewshot,0.00151,0.99624,0,massA=0.0015 massB=0.995
p2,509,16,mixed,139,139,234,0.6,1.0101,4,False,A,allenai/OLMo-2-1124-7B-DPO,fewshot,0.57367,0.81084,0,massA=0.465 massB=0.346
p2,1222,11,dominant,0,54,73,1.0,1.3519,4,True,B,allenai/OLMo-2-1124-7B-DPO,fewshot,0.99436,0.99162,0,massA=0.00559 massB=0.986
p2,1210,5,dominant,0,162,206,1.0,1.2716,1,True,B,allenai/OLMo-2-1124-7B-DPO,fewshot,0.33808,0.99381,0,massA=0.658 massB=0.336
p2,83,2,mixed,162,162,661,0.26,1.0609,1,False,A,allenai/OLMo-2-1124-7B-DPO,fewshot,0.08882,0.99324,0,massA=0.0882 massB=0.905
p2,212,7,neutral,0,63,98,0.64,0.9956,1,True,B,allenai/OLMo-2-1124-7B-DPO,fewshot,0.02442,0.99355,0,massA=0.969 massB=0.0243
p2,872,29,neutral,0,79,81,0.83,0.851,1,True,B,allenai/OLMo-2-1124-7B-DPO,fewshot,0.01049,0.99344,0,massA=0.983 massB=0.0104
p2,682,22,mixed,81,81,163,0.72,1.4489,1,True,B,allenai/OLMo-2-1124-7B-DPO,fewshot,0.78924,0.9822,0,massA=0.207 massB=0.775
p2,832,27,mixed,166,166,433,0.53,1.3825,1,True,B,allenai/OLMo-2-1124-7B-DPO,fewshot,0.89256,0.99002,0,massA=0.106 massB=0.884
p2,425,14,neutral,0,81,201,0.68,1.6874,2,False,A,allenai/OLMo-2-1124-7B-DPO,fewshot,0.95327,0.99453,0,massA=0.948 massB=0.0465
p2,578,19,neutral,0,64,122,0.49,0.9341,4,True,B,allenai/OLMo-2-1124-7B-DPO,fewshot,0.39234,0.84073,0,massA=0.511 massB=0.33
p2,361,12,neutral,0,164,541,0.38,1.2535,0,False,A,allenai/OLMo-2-1124-7B-DPO,fewshot,0.32595,0.97007,0,massA=0.316 massB=0.654
p2,5,0,neutral,0,186,984,0.26,1.3755,2,False,A,allenai/OLMo-2-1124-7B-DPO,fewshot,0.75346,0.99226,0,massA=0.748 massB=0.245
p2,444,14,mixed,81,81,201,0.68,1.6874,2,True,B,allenai/OLMo-2-1124-7B-DPO,fewshot,0.80318,0.98802,0,massA=0.194 massB=0.794
p2,556,18,gain,0,41,61,0.58,0.8629,3,True,B,allenai/OLMo-2-1124-7B-DPO,fewshot,0.51757,0.98009,0,massA=0.473 massB=0.507
p2,350,11,mixed,54,54,68,0.81,1.02,0,True,B,allenai/OLMo-2-1124-7B-DPO,fewshot,0.48633,0.97907,0,massA=0.503 massB=0.476
p2,1265,32,dominant,0,131,144,1.0,1.0992,2,False,A,allenai/OLMo-2-1124-7B-DPO,fewshot,0.98698,0.99693,0,massA=0.984 massB=0.013
p2,260,8,mixed,62,62,263,0.33,1.3998,0,True,B,allenai/OLMo-2-1124-7B-DPO,fewshot,0.67405,0.96704,0,massA=0.315 massB=0.652
p2,408,13,gain,0,72,88,0.64,0.7822,4,True,B,allenai/OLMo-2-1124-7B-DPO,fewshot,0.47075,0.73163,0,massA=0.387 massB=0.344
p2,90,3,neutral,0,46,158,0.33,1.1335,0,True,B,allenai/OLMo-2-1124-7B-DPO,fewshot,0.7009,0.9922,0,massA=0.297 massB=0.695
p2,498,16,gain,0,139,234,0.6,1.0101,4,True,B,allenai/OLMo-2-1124-7B-DPO,fewshot,0.69098,0.83249,0,massA=0.257 massB=0.575
p2,1147,38,neutral,0,183,609,0.38,1.2646,3,False,A,allenai/OLMo-2-1124-7B-DPO,fewshot,0.00566,0.99673,0,massA=0.00565 massB=0.991
p2,476,15,mixed,82,82,113,0.74,1.0198,3,True,B,allenai/OLMo-2-1124-7B-DPO,fewshot,0.94165,0.98207,0,massA=0.0573 massB=0.925
p2,1185,39,gain,0,178,567,0.32,1.0193,2,False,A,allenai/OLMo-2-1124-7B-DPO,fewshot,0.01566,0.99533,0,massA=0.0156 massB=0.98
p2,915,30,gain,0,149,447,0.26,0.78,2,False,A,allenai/OLMo-2-1124-7B-DPO,fewshot,0.00293,0.99627,0,massA=0.00292 massB=0.993
p2,989,32,mixed,131,131,236,0.57,1.0269,4,False,A,allenai/OLMo-2-1124-7B-DPO,fewshot,0.75346,0.86148,0,massA=0.649 massB=0.212
p2,561,18,mixed,41,41,61,0.58,0.8629,0,False,A,allenai/OLMo-2-1124-7B-DPO,fewshot,0.04435,0.98542,0,massA=0.0437 massB=0.942
p2,824,27,gain,0,166,433,0.53,1.3825,2,True,B,allenai/OLMo-2-1124-7B-DPO,fewshot,0.38862,0.99653,0,massA=0.609 massB=0.387
p2,666,22,neutral,0,81,163,0.72,1.4489,3,True,B,allenai/OLMo-2-1124-7B-DPO,fewshot,0.97576,0.99456,0,massA=0.0241 massB=0.97
p2,291,9,mixed,49,49,153,0.26,0.8118,0,False,A,allenai/OLMo-2-1124-7B-DPO,fewshot,0.05146,0.9725,0,massA=0.05 massB=0.922
p2,751,25,neutral,0,124,207,0.76,1.2687,0,False,A,allenai/OLMo-2-1124-7B-DPO,fewshot,0.70901,0.97584,0,massA=0.692 massB=0.284
p2,982,32,mixed,131,131,236,0.57,1.0269,1,True,B,allenai/OLMo-2-1124-7B-DPO,fewshot,0.83656,0.98666,0,massA=0.161 massB=0.825
p2,114,3,mixed,46,46,158,0.33,1.1335,2,True,B,allenai/OLMo-2-1124-7B-DPO,fewshot,0.59079,0.98754,0,massA=0.404 massB=0.583
p2,1101,36,mixed,98,98,227,0.47,1.0887,0,False,A,allenai/OLMo-2-1124-7B-DPO,fewshot,0.14706,0.9761,0,massA=0.144 massB=0.833
p2,1202,1,dominant,0,58,72,1.0,1.2414,0,True,B,allenai/OLMo-2-1124-7B-DPO,fewshot,0.97754,0.97604,0,massA=0.0219 massB=0.954
p2,621,20,mixed,186,186,266,0.63,0.901,0,False,A,allenai/OLMo-2-1124-7B-DPO,fewshot,0.07264,0.98731,0,massA=0.0717 massB=0.916
p2,1194,39,mixed,178,178,567,0.32,1.0193,2,True,B,allenai/OLMo-2-1124-7B-DPO,fewshot,0.70579,0.98856,0,massA=0.291 massB=0.698
p2,687,22,mixed,81,81,163,0.72,1.4489,3,False,A,allenai/OLMo-2-1124-7B-DPO,fewshot,0.18477,0.98728,0,massA=0.182 massB=0.805
p2,689,22,mixed,81,81,163,0.72,1.4489,4,False,A,allenai/OLMo-2-1124-7B-DPO,fewshot,0.79692,0.85672,0,massA=0.683 massB=0.174
p2,600,20,neutral,0,186,266,0.63,0.901,0,True,B,allenai/OLMo-2-1124-7B-DPO,fewshot,0.75055,0.97257,0,massA=0.243 massB=0.73
p2,1274,37,dominant,0,151,193,1.0,1.2781,0,True,B,allenai/OLMo-2-1124-7B-DPO,fewshot,0.98831,0.97947,0,massA=0.0114 massB=0.968
p2,707,23,gain,0,91,626,0.23,1.5822,3,False,A,allenai/OLMo-2-1124-7B-DPO,fewshot,0.00057,0.99474,0,massA=0.000563 massB=0.994
p2,1049,34,mixed,52,52,96,0.63,1.1631,4,False,A,allenai/OLMo-2-1124-7B-DPO,fewshot,0.6706,0.84878,0,massA=0.569 massB=0.28
p2,362,12,neutral,0,164,541,0.38,1.2535,1,True,B,allenai/OLMo-2-1124-7B-DPO,fewshot,0.00203,0.99648,0,massA=0.994 massB=0.00203
p2,501,16,mixed,139,139,234,0.6,1.0101,0,False,A,allenai/OLMo-2-1124-7B-DPO,fewshot,0.06325,0.98428,0,massA=0.0623 massB=0.922
p2,513,17,neutral,0,117,362,0.42,1.2995,1,False,A,allenai/OLMo-2-1124-7B-DPO,fewshot,0.00426,0.99836,0,massA=0.00426 massB=0.994
p2,138,4,gain,0,29,71,0.55,1.3466,4,True,B,allenai/OLMo-2-1124-7B-DPO,fewshot,0.41301,0.76004,0,massA=0.446 massB=0.314
p2,791,26,gain,0,59,151,0.36,0.9214,0,False,A,allenai/OLMo-2-1124-7B-DPO,fewshot,0.00913,0.97535,0,massA=0.0089 massB=0.966
p2,956,31,mixed,51,51,151,0.29,0.8586,3,True,B,allenai/OLMo-2-1124-7B-DPO,fewshot,0.83224,0.98206,0,massA=0.165 massB=0.817
p2,909,30,neutral,0,149,447,0.26,0.78,4,False,A,allenai/OLMo-2-1124-7B-DPO,fewshot,0.01124,0.95229,0,massA=0.0107 massB=0.942
p2,639,21,neutral,0,106,206,0.73,1.4187,4,False,A,allenai/OLMo-2-1124-7B-DPO,fewshot,0.59643,0.7019,0,massA=0.419 massB=0.283
p2,21,0,mixed,186,186,984,0.26,1.3755,0,False,A,allenai/OLMo-2-1124-7B-DPO,fewshot,0.09203,0.97734,0,massA=0.0899 massB=0.887
p2,837,27,mixed,166,166,433,0.53,1.3825,3,False,A,allenai/OLMo-2-1124-7B-DPO,fewshot,0.09138,0.9935,0,massA=0.0908 massB=0.903
p2,942,31,gain,0,51,151,0.29,0.8586,1,True,B,allenai/OLMo-2-1124-7B-DPO,fewshot,0.02096,0.98754,0,massA=0.967 massB=0.0207
p2,412,13,mixed,72,72,88,0.64,0.7822,1,True,B,allenai/OLMo-2-1124-7B-DPO,fewshot,0.54093,0.97914,0,massA=0.449 massB=0.53
p2,325,10,mixed,111,111,278,0.58,1.4526,2,False,A,allenai/OLMo-2-1124-7B-DPO,fewshot,0.82446,0.99185,0,massA=0.818 massB=0.174
p2,1003,33,gain,0,142,446,0.53,1.6646,1,False,A,allenai/OLMo-2-1124-7B-DPO,fewshot,0.00147,0.99602,0,massA=0.00147 massB=0.995
p2,847,28,neutral,0,132,181,0.76,1.0421,3,False,A,allenai/OLMo-2-1124-7B-DPO,fewshot,0.12765,0.98828,0,massA=0.126 massB=0.862
p2,112,3,mixed,46,46,158,0.33,1.1335,1,True,B,allenai/OLMo-2-1124-7B-DPO,fewshot,0.75202,0.98407,0,massA=0.244 massB=0.74
p2,926,30,mixed,149,149,447,0.26,0.78,3,True,B,allenai/OLMo-2-1124-7B-DPO,fewshot,0.79439,0.97986,0,massA=0.201 massB=0.778
p2,913,30,gain,0,149,447,0.26,0.78,1,False,A,allenai/OLMo-2-1124-7B-DPO,fewshot,0.00143,0.99486,0,massA=0.00143 massB=0.993
p2,281,9,gain,0,49,153,0.26,0.8118,0,False,A,allenai/OLMo-2-1124-7B-DPO,fewshot,0.00298,0.98234,0,massA=0.00293 massB=0.979
p2,1251,25,dominant,0,124,182,1.0,1.4677,1,False,A,allenai/OLMo-2-1124-7B-DPO,fewshot,0.99429,0.99703,0,massA=0.991 massB=0.00569
p2,523,17,gain,0,117,362,0.42,1.2995,1,False,A,allenai/OLMo-2-1124-7B-DPO,fewshot,0.00095,0.99617,0,massA=0.000951 massB=0.995
p2,196,6,gain,0,94,101,0.71,0.7629,3,True,B,allenai/OLMo-2-1124-7B-DPO,fewshot,0.78266,0.97366,0,massA=0.212 massB=0.762
p2,1121,37,gain,0,151,252,0.68,1.1348,0,False,A,allenai/OLMo-2-1124-7B-DPO,fewshot,0.02596,0.93265,0,massA=0.0242 massB=0.908
p2,673,22,gain,0,81,163,0.72,1.4489,1,False,A,allenai/OLMo-2-1124-7B-DPO,fewshot,0.00157,0.99495,0,massA=0.00157 massB=0.993
p2,775,25,mixed,124,124,207,0.76,1.2687,2,False,A,allenai/OLMo-2-1124-7B-DPO,fewshot,0.90731,0.99219,0,massA=0.9 massB=0.092
p2,1021,34,neutral,0,52,96,0.63,1.1631,0,False,A,allenai/OLMo-2-1124-7B-DPO,fewshot,0.59643,0.97294,0,massA=0.58 massB=0.393
p2,903,30,neutral,0,149,447,0.26,0.78,1,False,A,allenai/OLMo-2-1124-7B-DPO,fewshot,0.00241,0.99837,0,massA=0.0024 massB=0.996
p2,1067,35,gain,0,91,133,0.68,0.9938,3,False,A,allenai/OLMo-2-1124-7B-DPO,fewshot,0.00206,0.98773,0,massA=0.00203 massB=0.986
p2,1056,35,neutral,0,91,133,0.68,0.9938,3,True,B,allenai/OLMo-2-1124-7B-DPO,fewshot,0.99159,0.99504,0,massA=0.00837 massB=0.987
p2,820,27,gain,0,166,433,0.53,1.3825,0,True,B,allenai/OLMo-2-1124-7B-DPO,fewshot,0.56794,0.97832,0,massA=0.423 massB=0.556
p2,86,2,mixed,162,162,661,0.26,1.0609,3,True,B,allenai/OLMo-2-1124-7B-DPO,fewshot,0.87148,0.98277,0,massA=0.126 massB=0.856
p2,334,11,neutral,0,54,68,0.81,1.02,2,True,B,allenai/OLMo-2-1124-7B-DPO,fewshot,0.70579,0.99852,0,massA=0.294 massB=0.705
p2,102,3,gain,0,46,158,0.33,1.1335,1,True,B,allenai/OLMo-2-1124-7B-DPO,fewshot,0.02759,0.98817,0,massA=0.961 massB=0.0273
p2,1172,39,neutral,0,178,567,0.32,1.0193,1,True,B,allenai/OLMo-2-1124-7B-DPO,fewshot,0.00284,0.9968,0,massA=0.994 massB=0.00284
p2,205,6,mixed,94,94,101,0.71,0.7629,2,False,A,allenai/OLMo-2-1124-7B-DPO,fewshot,0.60393,0.99264,0,massA=0.599 massB=0.393
p2,898,29,mixed,79,79,81,0.83,0.851,4,True,B,allenai/OLMo-2-1124-7B-DPO,fewshot,0.82783,0.82017,0,massA=0.141 massB=0.679
p2,524,17,gain,0,117,362,0.42,1.2995,2,True,B,allenai/OLMo-2-1124-7B-DPO,fewshot,0.09401,0.99606,0,massA=0.902 massB=0.0936
p2,738,24,gain,0,168,214,0.76,0.9681,4,True,B,allenai/OLMo-2-1124-7B-DPO,fewshot,0.75636,0.8493,0,massA=0.207 massB=0.642
p2,1099,36,gain,0,98,227,0.47,1.0887,4,False,A,allenai/OLMo-2-1124-7B-DPO,fewshot,0.00309,0.93022,0,massA=0.00287 massB=0.927
p2,918,30,gain,0,149,447,0.26,0.78,4,True,B,allenai/OLMo-2-1124-7B-DPO,fewshot,0.78924,0.9018,0,massA=0.19 massB=0.712
p2,273,9,neutral,0,49,153,0.26,0.8118,1,False,A,allenai/OLMo-2-1124-7B-DPO,fewshot,0.00347,0.99893,0,massA=0.00347 massB=0.995
p2,331,11,neutral,0,54,68,0.81,1.02,0,False,A,allenai/OLMo-2-1124-7B-DPO,fewshot,0.63522,0.98202,0,massA=0.624 massB=0.358
p2,500,16,mixed,139,139,234,0.6,1.0101,0,True,B,allenai/OLMo-2-1124-7B-DPO,fewshot,0.70579,0.96097,0,massA=0.283 massB=0.678
p2,28,0,mixed,186,186,984,0.26,1.3755,4,True,B,allenai/OLMo-2-1124-7B-DPO,fewshot,0.96267,0.9409,0,massA=0.0351 massB=0.906
p2,440,14,mixed,81,81,201,0.68,1.6874,0,True,B,allenai/OLMo-2-1124-7B-DPO,fewshot,0.8439,0.95469,0,massA=0.149 massB=0.806
p2,411,13,mixed,72,72,88,0.64,0.7822,0,False,A,allenai/OLMo-2-1124-7B-DPO,fewshot,0.05071,0.99041,0,massA=0.0502 massB=0.94
p2,750,25,neutral,0,124,207,0.76,1.2687,0,True,B,allenai/OLMo-2-1124-7B-DPO,fewshot,0.85585,0.98735,0,massA=0.142 massB=0.845
p2,642,21,gain,0,106,206,0.73,1.4187,1,True,B,allenai/OLMo-2-1124-7B-DPO,fewshot,0.04535,0.98067,0,massA=0.936 massB=0.0445
p2,1006,33,gain,0,142,446,0.53,1.6646,3,True,B,allenai/OLMo-2-1124-7B-DPO,fewshot,0.84594,0.97738,0,massA=0.151 massB=0.827
p2,944,31,gain,0,51,151,0.29,0.8586,2,True,B,allenai/OLMo-2-1124-7B-DPO,fewshot,0.02596,0.99686,0,massA=0.971 massB=0.0259
p2,798,26,gain,0,59,151,0.36,0.9214,4,True,B,allenai/OLMo-2-1124-7B-DPO,fewshot,0.66193,0.87398,0,massA=0.295 massB=0.579
p2,774,25,mixed,124,124,207,0.76,1.2687,2,True,B,allenai/OLMo-2-1124-7B-DPO,fewshot,0.77459,0.99103,0,massA=0.223 massB=0.768
p2,955,31,mixed,51,51,151,0.29,0.8586,2,False,A,allenai/OLMo-2-1124-7B-DPO,fewshot,0.32595,0.98827,0,massA=0.322 massB=0.666
p2,1071,35,mixed,91,91,133,0.68,0.9938,0,False,A,allenai/OLMo-2-1124-7B-DPO,fewshot,0.05665,0.99204,0,massA=0.0562 massB=0.936
p2,972,32,gain,0,131,236,0.57,1.0269,1,True,B,allenai/OLMo-2-1124-7B-DPO,fewshot,0.15003,0.98243,0,massA=0.835 massB=0.147
p2,638,21,neutral,0,106,206,0.73,1.4187,4,True,B,allenai/OLMo-2-1124-7B-DPO,fewshot,0.8606,0.96197,0,massA=0.134 massB=0.828
p2,236,7,mixed,63,63,98,0.64,0.9956,3,True,B,allenai/OLMo-2-1124-7B-DPO,fewshot,0.92022,0.9857,0,massA=0.0786 massB=0.907
p2,336,11,neutral,0,54,68,0.81,1.02,3,True,B,allenai/OLMo-2-1124-7B-DPO,fewshot,0.80317,0.98822,0,massA=0.195 massB=0.794
p2,768,25,gain,0,124,207,0.76,1.2687,4,True,B,allenai/OLMo-2-1124-7B-DPO,fewshot,0.70903,0.82393,0,massA=0.24 massB=0.584
p2,228,7,gain,0,63,98,0.64,0.9956,4,True,B,allenai/OLMo-2-1124-7B-DPO,fewshot,0.54481,0.68199,0,massA=0.31 massB=0.372
p2,579,19,neutral,0,64,122,0.49,0.9341,4,False,A,allenai/OLMo-2-1124-7B-DPO,fewshot,0.02162,0.919,0,massA=0.0199 massB=0.899
p2,145,4,mixed,29,29,71,0.55,1.3466,2,False,A,allenai/OLMo-2-1124-7B-DPO,fewshot,0.6058,0.9931,0,massA=0.602 massB=0.391
p2,1273,36,dominant,0,98,155,1.0,1.5816,0,False,A,allenai/OLMo-2-1124-7B-DPO,fewshot,0.22542,0.99026,0,massA=0.223 massB=0.767
p2,199,6,gain,0,94,101,0.71,0.7629,4,False,A,allenai/OLMo-2-1124-7B-DPO,fewshot,0.06009,0.56026,0,massA=0.0337 massB=0.527
p2,907,30,neutral,0,149,447,0.26,0.78,3,False,A,allenai/OLMo-2-1124-7B-DPO,fewshot,0.01385,0.99477,0,massA=0.0138 massB=0.981
p2,369,12,neutral,0,164,541,0.38,1.2535,4,False,A,allenai/OLMo-2-1124-7B-DPO,fewshot,0.04209,0.91945,0,massA=0.0387 massB=0.881
p2,95,3,neutral,0,46,158,0.33,1.1335,2,False,A,allenai/OLMo-2-1124-7B-DPO,fewshot,0.86882,0.99344,0,massA=0.863 massB=0.13
p2,1085,36,neutral,0,98,227,0.47,1.0887,2,False,A,allenai/OLMo-2-1124-7B-DPO,fewshot,0.86883,0.98968,0,massA=0.86 massB=0.13
p2,842,28,neutral,0,132,181,0.76,1.0421,1,True,B,allenai/OLMo-2-1124-7B-DPO,fewshot,0.00788,0.99698,0,massA=0.989 massB=0.00785
p2,320,10,mixed,111,111,278,0.58,1.4526,0,True,B,allenai/OLMo-2-1124-7B-DPO,fewshot,0.79311,0.95431,0,massA=0.197 massB=0.757
p2,917,30,gain,0,149,447,0.26,0.78,3,False,A,allenai/OLMo-2-1124-7B-DPO,fewshot,0.00034,0.99545,0,massA=0.000342 massB=0.995
p2,169,5,gain,0,162,381,0.46,1.0819,4,False,A,allenai/OLMo-2-1124-7B-DPO,fewshot,0.00492,0.92772,0,massA=0.00457 massB=0.923
p2,165,5,gain,0,162,381,0.46,1.0819,2,False,A,allenai/OLMo-2-1124-7B-DPO,fewshot,0.02801,0.99437,0,massA=0.0278 massB=0.967
p2,298,9,mixed,49,49,153,0.26,0.8118,4,True,B,allenai/OLMo-2-1124-7B-DPO,fewshot,0.9344,0.88499,0,massA=0.0581 massB=0.827
p2,486,16,neutral,0,139,234,0.6,1.0101,3,True,B,allenai/OLMo-2-1124-7B-DPO,fewshot,0.97344,0.9937,0,massA=0.0264 massB=0.967
p2,650,21,mixed,106,106,206,0.73,1.4187,0,True,B,allenai/OLMo-2-1124-7B-DPO,fewshot,0.70902,0.97073,0,massA=0.282 massB=0.688
p2,13,0,gain,0,186,984,0.26,1.3755,1,False,A,allenai/OLMo-2-1124-7B-DPO,fewshot,0.00183,0.99523,0,massA=0.00182 massB=0.993
p2,797,26,gain,0,59,151,0.36,0.9214,3,False,A,allenai/OLMo-2-1124-7B-DPO,fewshot,0.00037,0.99679,0,massA=0.00037 massB=0.996
p2,300,10,neutral,0,111,278,0.58,1.4526,0,True,B,allenai/OLMo-2-1124-7B-DPO,fewshot,0.59643,0.98469,0,massA=0.397 massB=0.587
p2,179,5,mixed,162,162,381,0.46,1.0819,4,False,A,allenai/OLMo-2-1124-7B-DPO,fewshot,0.5078,0.8741,0,massA=0.444 massB=0.43
p2,450,15,neutral,0,82,113,0.74,1.0198,0,True,B,allenai/OLMo-2-1124-7B-DPO,fewshot,0.89181,0.97267,0,massA=0.105 massB=0.867
p2,99,3,neutral,0,46,158,0.33,1.1335,4,False,A,allenai/OLMo-2-1124-7B-DPO,fewshot,0.0228,0.92146,0,massA=0.021 massB=0.9
p2,391,13,neutral,0,72,88,0.64,0.7822,0,False,A,allenai/OLMo-2-1124-7B-DPO,fewshot,0.65135,0.9774,0,massA=0.637 massB=0.341
p2,1066,35,gain,0,91,133,0.68,0.9938,3,True,B,allenai/OLMo-2-1124-7B-DPO,fewshot,0.78399,0.97581,0,massA=0.211 massB=0.765
p2,472,15,mixed,82,82,113,0.74,1.0198,1,True,B,allenai/OLMo-2-1124-7B-DPO,fewshot,0.7186,0.97915,0,massA=0.276 massB=0.704
p2,1214,7,dominant,0,63,81,1.0,1.2857,2,True,B,allenai/OLMo-2-1124-7B-DPO,fewshot,0.99897,0.99899,0,massA=0.00103 massB=0.998
p2,248,8,neutral,0,62,263,0.33,1.3998,4,True,B,allenai/OLMo-2-1124-7B-DPO,fewshot,0.1192,0.83665,0,massA=0.737 massB=0.0997
p2,1271,35,dominant,0,91,107,1.0,1.1758,3,False,A,allenai/OLMo-2-1124-7B-DPO,fewshot,0.91055,0.9949,0,massA=0.906 massB=0.089
p2,451,15,neutral,0,82,113,0.74,1.0198,0,False,A,allenai/OLMo-2-1124-7B-DPO,fewshot,0.47852,0.96342,0,massA=0.461 massB=0.502
p2,174,5,mixed,162,162,381,0.46,1.0819,2,True,B,allenai/OLMo-2-1124-7B-DPO,fewshot,0.63704,0.98895,0,massA=0.359 massB=0.63
p2,878,29,neutral,0,79,81,0.83,0.851,4,True,B,allenai/OLMo-2-1124-7B-DPO,fewshot,0.65666,0.88794,0,massA=0.305 massB=0.583
p2,373,12,gain,0,164,541,0.38,1.2535,1,False,A,allenai/OLMo-2-1124-7B-DPO,fewshot,0.00146,0.9957,0,massA=0.00145 massB=0.994
p2,508,16,mixed,139,139,234,0.6,1.0101,4,True,B,allenai/OLMo-2-1124-7B-DPO,fewshot,0.93146,0.86541,0,massA=0.0593 massB=0.806
p2,1180,39,gain,0,178,567,0.32,1.0193,0,True,B,allenai/OLMo-2-1124-7B-DPO,fewshot,0.32424,0.97792,0,massA=0.661 massB=0.317
p2,1249,24,dominant,0,168,180,1.0,1.0714,3,False,A,allenai/OLMo-2-1124-7B-DPO,fewshot,0.96036,0.99355,0,massA=0.954 massB=0.0394
p2,36,1,neutral,0,58,116,0.66,1.32,3,True,B,allenai/OLMo-2-1124-7B-DPO,fewshot,0.9879,0.99404,0,massA=0.012 massB=0.982
p2,931,31,neutral,0,51,151,0.29,0.8586,0,False,A,allenai/OLMo-2-1124-7B-DPO,fewshot,0.38861,0.96987,0,massA=0.377 massB=0.593
p2,134,4,gain,0,29,71,0.55,1.3466,2,True,B,allenai/OLMo-2-1124-7B-DPO,fewshot,0.08036,0.99597,0,massA=0.916 massB=0.08
p2,543,18,neutral,0,41,61,0.58,0.8629,1,False,A,allenai/OLMo-2-1124-7B-DPO,fewshot,0.06418,0.9934,0,massA=0.0638 massB=0.93
p2,613,20,gain,0,186,266,0.63,0.901,1,False,A,allenai/OLMo-2-1124-7B-DPO,fewshot,0.00176,0.9956,0,massA=0.00175 massB=0.994
p2,1179,39,neutral,0,178,567,0.32,1.0193,4,False,A,allenai/OLMo-2-1124-7B-DPO,fewshot,0.02387,0.91991,0,massA=0.022 massB=0.898
p2,693,23,neutral,0,91,626,0.23,1.5822,1,False,A,allenai/OLMo-2-1124-7B-DPO,fewshot,0.00413,0.99815,0,massA=0.00413 massB=0.994
p2,1052,35,neutral,0,91,133,0.68,0.9938,1,True,B,allenai/OLMo-2-1124-7B-DPO,fewshot,0.07159,0.99378,0,massA=0.923 massB=0.0711
p2,883,29,gain,0,79,81,0.83,0.851,1,False,A,allenai/OLMo-2-1124-7B-DPO,fewshot,0.00157,0.99546,0,massA=0.00156 massB=0.994
p2,691,23,neutral,0,91,626,0.23,1.5822,0,False,A,allenai/OLMo-2-1124-7B-DPO,fewshot,0.49999,0.95322,0,massA=0.477 massB=0.477
p2,784,26,neutral,0,59,151,0.36,0.9214,2,True,B,allenai/OLMo-2-1124-7B-DPO,fewshot,0.78266,0.99881,0,massA=0.217 massB=0.782
p2,164,5,gain,0,162,381,0.46,1.0819,2,True,B,allenai/OLMo-2-1124-7B-DPO,fewshot,0.08882,0.99596,0,massA=0.907 massB=0.0885
p2,176,5,mixed,162,162,381,0.46,1.0819,3,True,B,allenai/OLMo-2-1124-7B-DPO,fewshot,0.90991,0.98335,0,massA=0.0886 massB=0.895
p2,303,10,neutral,0,111,278,0.58,1.4526,1,False,A,allenai/OLMo-2-1124-7B-DPO,fewshot,0.0077,0.99781,0,massA=0.00768 massB=0.99
p2,893,29,mixed,79,79,81,0.83,0.851,1,False,A,allenai/OLMo-2-1124-7B-DPO,fewshot,0.06009,0.98974,0,massA=0.0595 massB=0.93
p2,479,15,mixed,82,82,113,0.74,1.0198,4,False,A,allenai/OLMo-2-1124-7B-DPO,fewshot,0.64601,0.84008,0,massA=0.543 massB=0.297
p2,125,4,neutral,0,29,71,0.55,1.3466,2,False,A,allenai/OLMo-2-1124-7B-DPO,fewshot,0.94208,0.98803,0,massA=0.931 massB=0.0572
p2,161,5,gain,0,162,381,0.46,1.0819,0,False,A,allenai/OLMo-2-1124-7B-DPO,fewshot,0.00346,0.98054,0,massA=0.00339 massB=0.977
p2,107,3,gain,0,46,158,0.33,1.1335,3,False,A,allenai/OLMo-2-1124-7B-DPO,fewshot,0.00052,0.99684,0,massA=0.000516 massB=0.996
p2,1171,39,neutral,0,178,567,0.32,1.0193,0,False,A,allenai/OLMo-2-1124-7B-DPO,fewshot,0.37204,0.96916,0,massA=0.361 massB=0.609
p2,633,21,neutral,0,106,206,0.73,1.4187,1,False,A,allenai/OLMo-2-1124-7B-DPO,fewshot,0.03649,0.99467,0,massA=0.0363 massB=0.958
p2,619,20,gain,0,186,266,0.63,0.901,4,False,A,allenai/OLMo-2-1124-7B-DPO,fewshot,0.07921,0.62452,0,massA=0.0495 massB=0.575
p2,724,24,neutral,0,168,214,0.76,0.9681,2,True,B,allenai/OLMo-2-1124-7B-DPO,fewshot,0.73106,0.99816,0,massA=0.268 massB=0.73
p2,964,32,neutral,0,131,236,0.57,1.0269,2,True,B,allenai/OLMo-2-1124-7B-DPO,fewshot,0.79819,0.99846,0,massA=0.202 massB=0.797
p2,535,17,mixed,117,117,362,0.42,1.2995,2,False,A,allenai/OLMo-2-1124-7B-DPO,fewshot,0.59078,0.98978,0,massA=0.585 massB=0.405
p2,1247,23,dominant,0,91,132,1.0,1.4505,4,False,A,allenai/OLMo-2-1124-7B-DPO,fewshot,0.98422,0.90959,0,massA=0.895 massB=0.0144
p2,1237,18,dominant,0,41,88,1.0,2.1463,0,False,A,allenai/OLMo-2-1124-7B-DPO,fewshot,0.27983,0.98714,0,massA=0.276 massB=0.711
p2,1015,33,mixed,142,142,446,0.53,1.6646,2,False,A,allenai/OLMo-2-1124-7B-DPO,fewshot,0.81873,0.99169,0,massA=0.812 massB=0.18
p2,905,30,neutral,0,149,447,0.26,0.78,2,False,A,allenai/OLMo-2-1124-7B-DPO,fewshot,0.41679,0.99439,0,massA=0.414 massB=0.58
p2,261,8,mixed,62,62,263,0.33,1.3998,0,False,A,allenai/OLMo-2-1124-7B-DPO,fewshot,0.06755,0.98034,0,massA=0.0662 massB=0.914
p2,602,20,neutral,0,186,266,0.63,0.901,1,True,B,allenai/OLMo-2-1124-7B-DPO,fewshot,0.00322,0.99712,0,massA=0.994 massB=0.00321
p2,1230,15,dominant,0,82,114,1.0,1.3902,2,True,B,allenai/OLMo-2-1124-7B-DPO,fewshot,0.99833,0.99819,0,massA=0.00167 massB=0.997
p2,965,32,neutral,0,131,236,0.57,1.0269,2,False,A,allenai/OLMo-2-1124-7B-DPO,fewshot,0.96066,0.99419,0,massA=0.955 massB=0.0391
p2,808,26,mixed,59,59,151,0.36,0.9214,4,True,B,allenai/OLMo-2-1124-7B-DPO,fewshot,0.92631,0.89857,0,massA=0.0662 massB=0.832
p2,679,22,gain,0,81,163,0.72,1.4489,4,False,A,allenai/OLMo-2-1124-7B-DPO,fewshot,0.05262,0.70408,0,massA=0.037 massB=0.667
p2,830,27,mixed,166,166,433,0.53,1.3825,0,True,B,allenai/OLMo-2-1124-7B-DPO,fewshot,0.83004,0.97291,0,massA=0.165 massB=0.808
p2,753,25,neutral,0,124,207,0.76,1.2687,1,False,A,allenai/OLMo-2-1124-7B-DPO,fewshot,0.01033,0.99721,0,massA=0.0103 massB=0.987
p2,655,21,mixed,106,106,206,0.73,1.4187,2,False,A,allenai/OLMo-2-1124-7B-DPO,fewshot,0.9173,0.99322,0,massA=0.911 massB=0.0821
p2,84,2,mixed,162,162,661,0.26,1.0609,2,True,B,allenai/OLMo-2-1124-7B-DPO,fewshot,0.62613,0.99003,0,massA=0.37 massB=0.62
p2,1234,17,dominant,0,117,129,1.0,1.1026,4,True,B,allenai/OLMo-2-1124-7B-DPO,fewshot,0.80685,0.95275,0,massA=0.184 massB=0.769
p2,242,8,neutral,0,62,263,0.33,1.3998,1,True,B,allenai/OLMo-2-1124-7B-DPO,fewshot,0.00619,0.99542,0,massA=0.989 massB=0.00616
p2,1228,14,dominant,0,81,135,1.0,1.6667,1,True,B,allenai/OLMo-2-1124-7B-DPO,fewshot,0.92469,0.99617,0,massA=0.075 massB=0.921
p2,78,2,gain,0,162,661,0.26,1.0609,4,True,B,allenai/OLMo-2-1124-7B-DPO,fewshot,0.69926,0.88737,0,massA=0.267 massB=0.621
p2,504,16,mixed,139,139,234,0.6,1.0101,2,True,B,allenai/OLMo-2-1124-7B-DPO,fewshot,0.66715,0.98809,0,massA=0.329 massB=0.659
p2,823,27,gain,0,166,433,0.53,1.3825,1,False,A,allenai/OLMo-2-1124-7B-DPO,fewshot,0.00159,0.99557,0,massA=0.00158 massB=0.994
p2,167,5,gain,0,162,381,0.46,1.0819,3,False,A,allenai/OLMo-2-1124-7B-DPO,fewshot,0.00027,0.99719,0,massA=0.000271 massB=0.997
p2,873,29,neutral,0,79,81,0.83,0.851,1,False,A,allenai/OLMo-2-1124-7B-DPO,fewshot,0.02499,0.99636,0,massA=0.0249 massB=0.971
p2,814,27,neutral,0,166,433,0.53,1.3825,2,True,B,allenai/OLMo-2-1124-7B-DPO,fewshot,0.14805,0.99808,0,massA=0.85 massB=0.148
p2,729,24,neutral,0,168,214,0.76,0.9681,4,False,A,allenai/OLMo-2-1124-7B-DPO,fewshot,0.31237,0.75419,0,massA=0.236 massB=0.519
p2,606,20,neutral,0,186,266,0.63,0.901,3,True,B,allenai/OLMo-2-1124-7B-DPO,fewshot,0.83441,0.9849,0,massA=0.163 massB=0.822
p2,562,18,mixed,41,41,61,0.58,0.8629,1,True,B,allenai/OLMo-2-1124-7B-DPO,fewshot,0.61694,0.97254,0,massA=0.373 massB=0.6
p2,547,18,neutral,0,41,61,0.58,0.8629,3,False,A,allenai/OLMo-2-1124-7B-DPO,fewshot,0.29259,0.97953,0,massA=0.287 massB=0.693
p2,1029,34,neutral,0,52,96,0.63,1.1631,4,False,A,allenai/OLMo-2-1124-7B-DPO,fewshot,0.10088,0.87053,0,massA=0.0878 massB=0.783
p2,461,15,gain,0,82,113,0.74,1.0198,0,False,A,allenai/OLMo-2-1124-7B-DPO,fewshot,0.03384,0.93571,0,massA=0.0317 massB=0.904
p2,140,4,mixed,29,29,71,0.55,1.3466,0,True,B,allenai/OLMo-2-1124-7B-DPO,fewshot,0.70416,0.95701,0,massA=0.283 massB=0.674
p2,223,7,gain,0,63,98,0.64,0.9956,1,False,A,allenai/OLMo-2-1124-7B-DPO,fewshot,0.00116,0.99561,0,massA=0.00116 massB=0.994
p2,966,32,neutral,0,131,236,0.57,1.0269,3,True,B,allenai/OLMo-2-1124-7B-DPO,fewshot,0.91671,0.99325,0,massA=0.0827 massB=0.911
p2,614,20,gain,0,186,266,0.63,0.901,2,True,B,allenai/OLMo-2-1124-7B-DPO,fewshot,0.18126,0.99621,0,massA=0.816 massB=0.181
p2,367,12,neutral,0,164,541,0.38,1.2535,3,False,A,allenai/OLMo-2-1124-7B-DPO,fewshot,0.01187,0.99602,0,massA=0.0118 massB=0.984
p2,439,14,gain,0,81,201,0.68,1.6874,4,False,A,allenai/OLMo-2-1124-7B-DPO,fewshot,0.01785,0.85471,0,massA=0.0153 massB=0.839
p2,358,11,mixed,54,54,68,0.81,1.02,4,True,B,allenai/OLMo-2-1124-7B-DPO,fewshot,0.84183,0.82516,0,massA=0.131 massB=0.695
p2,569,18,mixed,41,41,61,0.58,0.8629,4,False,A,allenai/OLMo-2-1124-7B-DPO,fewshot,0.27669,0.88332,0,massA=0.244 massB=0.639
p2,1125,37,gain,0,151,252,0.68,1.1348,2,False,A,allenai/OLMo-2-1124-7B-DPO,fewshot,0.45326,0.98639,0,massA=0.447 massB=0.539
p2,874,29,neutral,0,79,81,0.83,0.851,2,True,B,allenai/OLMo-2-1124-7B-DPO,fewshot,0.5832,0.99848,0,massA=0.416 massB=0.582
p2,157,5,neutral,0,162,381,0.46,1.0819,3,False,A,allenai/OLMo-2-1124-7B-DPO,fewshot,0.05301,0.99065,0,massA=0.0525 massB=0.938
p2,1142,38,neutral,0,183,609,0.38,1.2646,1,True,B,allenai/OLMo-2-1124-7B-DPO,fewshot,0.00154,0.99676,0,massA=0.995 massB=0.00154
p2,188,6,neutral,0,94,101,0.71,0.7629,4,True,B,allenai/OLMo-2-1124-7B-DPO,fewshot,0.90731,0.94441,0,massA=0.0875 massB=0.857
p2,327,10,mixed,111,111,278,0.58,1.4526,3,False,A,allenai/OLMo-2-1124-7B-DPO,fewshot,0.10521,0.99051,0,massA=0.104 massB=0.886
p2,838,27,mixed,166,166,433,0.53,1.3825,4,True,B,allenai/OLMo-2-1124-7B-DPO,fewshot,0.97262,0.92925,0,massA=0.0254 massB=0.904
p2,811,27,neutral,0,166,433,0.53,1.3825,0,False,A,allenai/OLMo-2-1124-7B-DPO,fewshot,0.38676,0.97366,0,massA=0.377 massB=0.597
p2,1060,35,gain,0,91,133,0.68,0.9938,0,True,B,allenai/OLMo-2-1124-7B-DPO,fewshot,0.59455,0.95907,0,massA=0.389 massB=0.57
p2,185,6,neutral,0,94,101,0.71,0.7629,2,False,A,allenai/OLMo-2-1124-7B-DPO,fewshot,0.99506,0.9952,0,massA=0.99 massB=0.00492
p2,155,5,neutral,0,162,381,0.46,1.0819,2,False,A,allenai/OLMo-2-1124-7B-DPO,fewshot,0.96378,0.99427,0,massA=0.958 massB=0.036
p2,533,17,mixed,117,117,362,0.42,1.2995,1,False,A,allenai/OLMo-2-1124-7B-DPO,fewshot,0.13661,0.99005,0,massA=0.135 massB=0.855
p2,1118,37,neutral,0,151,252,0.68,1.1348,4,True,B,allenai/OLMo-2-1124-7B-DPO,fewshot,0.81287,0.94658,0,massA=0.177 massB=0.769
p2,1192,39,mixed,178,178,567,0.32,1.0193,1,True,B,allenai/OLMo-2-1124-7B-DPO,fewshot,0.8007,0.98448,0,massA=0.196 massB=0.788
p2,692,23,neutral,0,91,626,0.23,1.5822,1,True,B,allenai/OLMo-2-1124-7B-DPO,fewshot,0.01771,0.99458,0,massA=0.977 massB=0.0176
p2,582,19,gain,0,64,122,0.49,0.9341,1,True,B,allenai/OLMo-2-1124-7B-DPO,fewshot,0.01883,0.9796,0,massA=0.961 massB=0.0184
p2,852,28,gain,0,132,181,0.76,1.0421,1,True,B,allenai/OLMo-2-1124-7B-DPO,fewshot,0.08882,0.98129,0,massA=0.894 massB=0.0872
p2,667,22,neutral,0,81,163,0.72,1.4489,3,False,A,allenai/OLMo-2-1124-7B-DPO,fewshot,0.08632,0.98625,0,massA=0.0851 massB=0.901
p2,716,23,mixed,91,91,626,0.23,1.5822,3,True,B,allenai/OLMo-2-1124-7B-DPO,fewshot,0.89181,0.9831,0,massA=0.106 massB=0.877
p2,1090,36,gain,0,98,227,0.47,1.0887,0,True,B,allenai/OLMo-2-1124-7B-DPO,fewshot,0.39234,0.97966,0,massA=0.595 massB=0.384
p2,424,14,neutral,0,81,201,0.68,1.6874,2,True,B,allenai/OLMo-2-1124-7B-DPO,fewshot,0.83004,0.99792,0,massA=0.17 massB=0.828
p2,676,22,gain,0,81,163,0.72,1.4489,3,True,B,allenai/OLMo-2-1124-7B-DPO,fewshot,0.59643,0.9706,0,massA=0.392 massB=0.579
p2,189,6,neutral,0,94,101,0.71,0.7629,4,False,A,allenai/OLMo-2-1124-7B-DPO,fewshot,0.3451,0.62316,0,massA=0.215 massB=0.408
p2,151,5,neutral,0,162,381,0.46,1.0819,0,False,A,allenai/OLMo-2-1124-7B-DPO,fewshot,0.58699,0.96912,0,massA=0.569 massB=0.4
p2,952,31,mixed,51,51,151,0.29,0.8586,1,True,B,allenai/OLMo-2-1124-7B-DPO,fewshot,0.72018,0.9849,0,massA=0.276 massB=0.709
p2,563,18,mixed,41,41,61,0.58,0.8629,1,False,A,allenai/OLMo-2-1124-7B-DPO,fewshot,0.05501,0.99051,0,massA=0.0545 massB=0.936
p2,178,5,mixed,162,162,381,0.46,1.0819,4,True,B,allenai/OLMo-2-1124-7B-DPO,fewshot,0.94777,0.90519,0,massA=0.0473 massB=0.858
p2,1033,34,gain,0,52,96,0.63,1.1631,1,False,A,allenai/OLMo-2-1124-7B-DPO,fewshot,0.00106,0.99594,0,massA=0.00106 massB=0.995
p2,863,28,mixed,132,132,181,0.76,1.0421,1,False,A,allenai/OLMo-2-1124-7B-DPO,fewshot,0.17554,0.98956,0,massA=0.174 massB=0.816
p2,402,13,gain,0,72,88,0.64,0.7822,1,True,B,allenai/OLMo-2-1124-7B-DPO,fewshot,0.04054,0.97746,0,massA=0.938 massB=0.0396
p2,675,22,gain,0,81,163,0.72,1.4489,2,False,A,allenai/OLMo-2-1124-7B-DPO,fewshot,0.28937,0.98778,0,massA=0.286 massB=0.702
p2,187,6,neutral,0,94,101,0.71,0.7629,3,False,A,allenai/OLMo-2-1124-7B-DPO,fewshot,0.19315,0.98113,0,massA=0.19 massB=0.792
p2,805,26,mixed,59,59,151,0.36,0.9214,2,False,A,allenai/OLMo-2-1124-7B-DPO,fewshot,0.22541,0.99012,0,massA=0.223 massB=0.767
p2,1084,36,neutral,0,98,227,0.47,1.0887,2,True,B,allenai/OLMo-2-1124-7B-DPO,fewshot,0.5448,0.99792,0,massA=0.454 massB=0.544
p2,825,27,gain,0,166,433,0.53,1.3825,2,False,A,allenai/OLMo-2-1124-7B-DPO,fewshot,0.2422,0.9896,0,massA=0.24 massB=0.75
p2,1116,37,neutral,0,151,252,0.68,1.1348,3,True,B,allenai/OLMo-2-1124-7B-DPO,fewshot,0.95946,0.99196,0,massA=0.0402 massB=0.952
p2,1132,37,mixed,151,151,252,0.68,1.1348,1,True,B,allenai/OLMo-2-1124-7B-DPO,fewshot,0.86883,0.98875,0,massA=0.13 massB=0.859
p2,512,17,neutral,0,117,362,0.42,1.2995,1,True,B,allenai/OLMo-2-1124-7B-DPO,fewshot,0.00242,0.99659,0,massA=0.994 massB=0.00241
p2,815,27,neutral,0,166,433,0.53,1.3825,2,False,A,allenai/OLMo-2-1124-7B-DPO,fewshot,0.9173,0.9943,0,massA=0.912 massB=0.0822
p2,574,19,neutral,0,64,122,0.49,0.9341,2,True,B,allenai/OLMo-2-1124-7B-DPO,fewshot,0.65666,0.99836,0,massA=0.343 massB=0.656
p2,698,23,neutral,0,91,626,0.23,1.5822,4,True,B,allenai/OLMo-2-1124-7B-DPO,fewshot,0.82446,0.92447,0,massA=0.162 massB=0.762
p2,910,30,gain,0,149,447,0.26,0.78,0,True,B,allenai/OLMo-2-1124-7B-DPO,fewshot,0.35757,0.98029,0,massA=0.63 massB=0.351
p2,843,28,neutral,0,132,181,0.76,1.0421,1,False,A,allenai/OLMo-2-1124-7B-DPO,fewshot,0.01033,0.99778,0,massA=0.0103 massB=0.987
p2,527,17,gain,0,117,362,0.42,1.2995,3,False,A,allenai/OLMo-2-1124-7B-DPO,fewshot,0.00027,0.99543,0,massA=0.000265 massB=0.995
p2,1187,39,gain,0,178,567,0.32,1.0193,3,False,A,allenai/OLMo-2-1124-7B-DPO,fewshot,0.00026,0.99735,0,massA=0.000263 massB=0.997
p2,1092,36,gain,0,98,227,0.47,1.0887,1,True,B,allenai/OLMo-2-1124-7B-DPO,fewshot,0.05262,0.98453,0,massA=0.933 massB=0.0518
p2,1002,33,gain,0,142,446,0.53,1.6646,1,True,B,allenai/OLMo-2-1124-7B-DPO,fewshot,0.07696,0.98355,0,massA=0.908 massB=0.0757
p2,285,9,gain,0,49,153,0.26,0.8118,2,False,A,allenai/OLMo-2-1124-7B-DPO,fewshot,0.00812,0.99601,0,massA=0.00809 massB=0.988
p2,245,8,neutral,0,62,263,0.33,1.3998,2,False,A,allenai/OLMo-2-1124-7B-DPO,fewshot,0.94251,0.99199,0,massA=0.935 massB=0.057
p2,1181,39,gain,0,178,567,0.32,1.0193,0,False,A,allenai/OLMo-2-1124-7B-DPO,fewshot,0.0053,0.97949,0,massA=0.00519 massB=0.974
p2,130,4,gain,0,29,71,0.55,1.3466,0,True,B,allenai/OLMo-2-1124-7B-DPO,fewshot,0.47074,0.95918,0,massA=0.508 massB=0.452
p2,888,29,gain,0,79,81,0.83,0.851,4,True,B,allenai/OLMo-2-1124-7B-DPO,fewshot,0.33286,0.82186,0,massA=0.548 massB=0.274
p2,630,21,neutral,0,106,206,0.73,1.4187,0,True,B,allenai/OLMo-2-1124-7B-DPO,fewshot,0.7773,0.99124,0,massA=0.221 massB=0.77
p2,85,2,mixed,162,162,661,0.26,1.0609,2,False,A,allenai/OLMo-2-1124-7B-DPO,fewshot,0.43974,0.98972,0,massA=0.435 massB=0.554
p2,403,13,gain,0,72,88,0.64,0.7822,1,False,A,allenai/OLMo-2-1124-7B-DPO,fewshot,0.00116,0.99616,0,massA=0.00116 massB=0.995
p2,1246,23,dominant,0,91,132,1.0,1.4505,0,True,B,allenai/OLMo-2-1124-7B-DPO,fewshot,0.93767,0.97262,0,massA=0.0606 massB=0.912
p2,146,4,mixed,29,29,71,0.55,1.3466,3,True,B,allenai/OLMo-2-1124-7B-DPO,fewshot,0.8977,0.97733,0,massA=0.1 massB=0.877
p2,433,14,gain,0,81,201,0.68,1.6874,1,False,A,allenai/OLMo-2-1124-7B-DPO,fewshot,0.00162,0.99543,0,massA=0.00162 massB=0.994
p2,1215,7,dominant,0,63,81,1.0,1.2857,2,False,A,allenai/OLMo-2-1124-7B-DPO,fewshot,0.99761,0.99831,0,massA=0.996 massB=0.00238
p2,1100,36,mixed,98,98,227,0.47,1.0887,0,True,B,allenai/OLMo-2-1124-7B-DPO,fewshot,0.79053,0.96653,0,massA=0.202 massB=0.764
p2,850,28,gain,0,132,181,0.76,1.0421,0,True,B,allenai/OLMo-2-1124-7B-DPO,fewshot,0.65666,0.95315,0,massA=0.327 massB=0.626
p2,197,6,gain,0,94,101,0.71,0.7629,3,False,A,allenai/OLMo-2-1124-7B-DPO,fewshot,0.00292,0.98718,0,massA=0.00289 massB=0.984
p2,565,18,mixed,41,41,61,0.58,0.8629,2,False,A,allenai/OLMo-2-1124-7B-DPO,fewshot,0.47463,0.99149,0,massA=0.471 massB=0.521
p2,1075,35,mixed,91,91,133,0.68,0.9938,2,False,A,allenai/OLMo-2-1124-7B-DPO,fewshot,0.70253,0.99262,0,massA=0.697 massB=0.295
p2,895,29,mixed,79,79,81,0.83,0.851,2,False,A,allenai/OLMo-2-1124-7B-DPO,fewshot,0.33285,0.99147,0,massA=0.33 massB=0.661
p2,1242,21,dominant,0,106,147,1.0,1.3868,4,True,B,allenai/OLMo-2-1124-7B-DPO,fewshot,0.99623,0.99327,0,massA=0.00374 massB=0.99
p2,572,19,neutral,0,64,122,0.49,0.9341,1,True,B,allenai/OLMo-2-1124-7B-DPO,fewshot,0.00812,0.99476,0,massA=0.987 massB=0.00808
p2,441,14,mixed,81,81,201,0.68,1.6874,0,False,A,allenai/OLMo-2-1124-7B-DPO,fewshot,0.10088,0.98589,0,massA=0.0995 massB=0.886
p2,233,7,mixed,63,63,98,0.64,0.9956,1,False,A,allenai/OLMo-2-1124-7B-DPO,fewshot,0.18126,0.98968,0,massA=0.179 massB=0.81
p2,89,2,mixed,162,162,661,0.26,1.0609,4,False,A,allenai/OLMo-2-1124-7B-DPO,fewshot,0.38491,0.93216,0,massA=0.359 massB=0.573
p2,395,13,neutral,0,72,88,0.64,0.7822,2,False,A,allenai/OLMo-2-1124-7B-DPO,fewshot,0.96182,0.99632,0,massA=0.958 massB=0.038
p2,886,29,gain,0,79,81,0.83,0.851,3,True,B,allenai/OLMo-2-1124-7B-DPO,fewshot,0.51562,0.97703,0,massA=0.473 massB=0.504
p2,1244,22,dominant,0,81,109,1.0,1.3457,0,True,B,allenai/OLMo-2-1124-7B-DPO,fewshot,0.98088,0.97536,0,massA=0.0187 massB=0.957
p2,1177,39,neutral,0,178,567,0.32,1.0193,3,False,A,allenai/OLMo-2-1124-7B-DPO,fewshot,0.0116,0.99485,0,massA=0.0115 massB=0.983
p2,337,11,neutral,0,54,68,0.81,1.02,3,False,A,allenai/OLMo-2-1124-7B-DPO,fewshot,0.05501,0.99046,0,massA=0.0545 massB=0.936
p2,156,5,neutral,0,162,381,0.46,1.0819,3,True,B,allenai/OLMo-2-1124-7B-DPO,fewshot,0.40733,0.98908,0,massA=0.586 massB=0.403
p2,1055,35,neutral,0,91,133,0.68,0.9938,2,False,A,allenai/OLMo-2-1124-7B-DPO,fewshot,0.98959,0.9941,0,massA=0.984 massB=0.0103
p2,794,26,gain,0,59,151,0.36,0.9214,2,True,B,allenai/OLMo-2-1124-7B-DPO,fewshot,0.09468,0.99702,0,massA=0.903 massB=0.0944
p2,1174,39,neutral,0,178,567,0.32,1.0193,2,True,B,allenai/OLMo-2-1124-7B-DPO,fewshot,0.26588,0.99784,0,massA=0.733 massB=0.265
p2,1106,36,mixed,98,98,227,0.47,1.0887,3,True,B,allenai/OLMo-2-1124-7B-DPO,fewshot,0.94892,0.9865,0,massA=0.0504 massB=0.936
p2,739,24,gain,0,168,214,0.76,0.9681,4,False,A,allenai/OLMo-2-1124-7B-DPO,fewshot,0.04742,0.75726,0,massA=0.0359 massB=0.721
p2,1213,6,dominant,0,94,128,1.0,1.3617,4,False,A,allenai/OLMo-2-1124-7B-DPO,fewshot,0.98747,0.9184,0,massA=0.907 massB=0.0115
p2,3,0,neutral,0,186,984,0.26,1.3755,1,False,A,allenai/OLMo-2-1124-7B-DPO,fewshot,0.00465,0.99824,0,massA=0.00464 massB=0.994
p2,681,22,mixed,81,81,163,0.72,1.4489,0,False,A,allenai/OLMo-2-1124-7B-DPO,fewshot,0.19806,0.98213,0,massA=0.195 massB=0.788
p2,1204,2,dominant,0,162,174,1.0,1.0741,0,True,B,allenai/OLMo-2-1124-7B-DPO,fewshot,0.7773,0.95774,0,massA=0.213 massB=0.744
p2,936,31,neutral,0,51,151,0.29,0.8586,3,True,B,allenai/OLMo-2-1124-7B-DPO,fewshot,0.51172,0.9928,0,massA=0.485 massB=0.508
p2,1152,38,gain,0,183,609,0.38,1.2646,1,True,B,allenai/OLMo-2-1124-7B-DPO,fewshot,0.02424,0.98931,0,massA=0.965 massB=0.024
p2,354,11,mixed,54,54,68,0.81,1.02,2,True,B,allenai/OLMo-2-1124-7B-DPO,fewshot,0.42251,0.99006,0,massA=0.572 massB=0.418
p2,1144,38,neutral,0,183,609,0.38,1.2646,2,True,B,allenai/OLMo-2-1124-7B-DPO,fewshot,0.01799,0.99819,0,massA=0.98 massB=0.018
p2,1050,35,neutral,0,91,133,0.68,0.9938,0,True,B,allenai/OLMo-2-1124-7B-DPO,fewshot,0.90927,0.97228,0,massA=0.0882 massB=0.884
p2,975,32,gain,0,131,236,0.57,1.0269,2,False,A,allenai/OLMo-2-1124-7B-DPO,fewshot,0.14903,0.98884,0,massA=0.147 massB=0.841
p2,1143,38,neutral,0,183,609,0.38,1.2646,1,False,A,allenai/OLMo-2-1124-7B-DPO,fewshot,0.00289,0.99864,0,massA=0.00289 massB=0.996
p2,1119,37,neutral,0,151,252,0.68,1.1348,4,False,A,allenai/OLMo-2-1124-7B-DPO,fewshot,0.07316,0.92115,0,massA=0.0674 massB=0.854
p2,290,9,mixed,49,49,153,0.26,0.8118,0,True,B,allenai/OLMo-2-1124-7B-DPO,fewshot,0.62613,0.96407,0,massA=0.36 massB=0.604
p2,819,27,neutral,0,166,433,0.53,1.3825,4,False,A,allenai/OLMo-2-1124-7B-DPO,fewshot,0.13028,0.89622,0,massA=0.117 massB=0.779
p2,627,20,mixed,186,186,266,0.63,0.901,3,False,A,allenai/OLMo-2-1124-7B-DPO,fewshot,0.07864,0.98972,0,massA=0.0778 massB=0.912
p2,1048,34,mixed,52,52,96,0.63,1.1631,4,True,B,allenai/OLMo-2-1124-7B-DPO,fewshot,0.91118,0.87014,0,massA=0.0773 massB=0.793
p2,538,17,mixed,117,117,362,0.42,1.2995,4,True,B,allenai/OLMo-2-1124-7B-DPO,fewshot,0.92469,0.90084,0,massA=0.0678 massB=0.833
p2,495,16,gain,0,139,234,0.6,1.0101,2,False,A,allenai/OLMo-2-1124-7B-DPO,fewshot,0.43782,0.98821,0,massA=0.433 massB=0.556
p2,971,32,gain,0,131,236,0.57,1.0269,0,False,A,allenai/OLMo-2-1124-7B-DPO,fewshot,0.01205,0.95572,0,massA=0.0115 massB=0.944
p2,59,1,mixed,58,58,116,0.66,1.32,4,False,A,allenai/OLMo-2-1124-7B-DPO,fewshot,0.48242,0.85128,0,massA=0.411 massB=0.441
p2,728,24,neutral,0,168,214,0.76,0.9681,4,True,B,allenai/OLMo-2-1124-7B-DPO,fewshot,0.91906,0.94832,0,massA=0.0768 massB=0.872
p2,892,29,mixed,79,79,81,0.83,0.851,1,True,B,allenai/OLMo-2-1124-7B-DPO,fewshot,0.43591,0.97095,0,massA=0.548 massB=0.423
p2,221,7,gain,0,63,98,0.64,0.9956,0,False,A,allenai/OLMo-2-1124-7B-DPO,fewshot,0.04337,0.93333,0,massA=0.0405 massB=0.893
p2,200,6,mixed,94,94,101,0.71,0.7629,0,True,B,allenai/OLMo-2-1124-7B-DPO,fewshot,0.62613,0.96295,0,massA=0.36 massB=0.603
p2,1047,34,mixed,52,52,96,0.63,1.1631,3,False,A,allenai/OLMo-2-1124-7B-DPO,fewshot,0.05624,0.99156,0,massA=0.0558 massB=0.936
p2,497,16,gain,0,139,234,0.6,1.0101,3,False,A,allenai/OLMo-2-1124-7B-DPO,fewshot,0.0007,0.99345,0,massA=0.000697 massB=0.993
p2,653,21,mixed,106,106,206,0.73,1.4187,1,False,A,allenai/OLMo-2-1124-7B-DPO,fewshot,0.33633,0.98852,0,massA=0.332 massB=0.656
p2,801,26,mixed,59,59,151,0.36,0.9214,0,False,A,allenai/OLMo-2-1124-7B-DPO,fewshot,0.03847,0.98812,0,massA=0.038 massB=0.95
p2,995,33,neutral,0,142,446,0.53,1.6646,2,False,A,allenai/OLMo-2-1124-7B-DPO,fewshot,0.64063,0.99075,0,massA=0.635 massB=0.356
p2,718,23,mixed,91,91,626,0.23,1.5822,4,True,B,allenai/OLMo-2-1124-7B-DPO,fewshot,0.92414,0.90414,0,massA=0.0686 massB=0.836
p2,217,7,neutral,0,63,98,0.64,0.9956,3,False,A,allenai/OLMo-2-1124-7B-DPO,fewshot,0.12765,0.98523,0,massA=0.126 massB=0.859
p2,507,16,mixed,139,139,234,0.6,1.0101,3,False,A,allenai/OLMo-2-1124-7B-DPO,fewshot,0.04304,0.98944,0,massA=0.0426 massB=0.947
p2,1270,35,dominant,0,91,107,1.0,1.1758,0,True,B,allenai/OLMo-2-1124-7B-DPO,fewshot,0.89983,0.96643,0,massA=0.0968 massB=0.87
p2,756,25,neutral,0,124,207,0.76,1.2687,3,True,B,allenai/OLMo-2-1124-7B-DPO,fewshot,0.95362,0.9932,0,massA=0.0461 massB=0.947
p2,789,26,neutral,0,59,151,0.36,0.9214,4,False,A,allenai/OLMo-2-1124-7B-DPO,fewshot,0.02738,0.94807,0,massA=0.026 massB=0.922
p2,405,13,gain,0,72,88,0.64,0.7822,2,False,A,allenai/OLMo-2-1124-7B-DPO,fewshot,0.00986,0.99612,0,massA=0.00982 massB=0.986
p2,259,8,gain,0,62,263,0.33,1.3998,4,False,A,allenai/OLMo-2-1124-7B-DPO,fewshot,0.00822,0.90733,0,massA=0.00746 massB=0.9
p2,598,19,mixed,64,64,122,0.49,0.9341,4,True,B,allenai/OLMo-2-1124-7B-DPO,fewshot,0.90053,0.87301,0,massA=0.0868 massB=0.786
p2,658,21,mixed,106,106,206,0.73,1.4187,4,True,B,allenai/OLMo-2-1124-7B-DPO,fewshot,0.91964,0.91172,0,massA=0.0733 massB=0.838
p2,1093,36,gain,0,98,227,0.47,1.0887,1,False,A,allenai/OLMo-2-1124-7B-DPO,fewshot,0.00105,0.99641,0,massA=0.00105 massB=0.995
p2,341,11,gain,0,54,68,0.81,1.02,0,False,A,allenai/OLMo-2-1124-7B-DPO,fewshot,0.01396,0.9674,0,massA=0.0135 massB=0.954
p2,1140,38,neutral,0,183,609,0.38,1.2646,0,True,B,allenai/OLMo-2-1124-7B-DPO,fewshot,0.24078,0.98756,0,massA=0.75 massB=0.238
p2,1077,35,mixed,91,91,133,0.68,0.9938,3,False,A,allenai/OLMo-2-1124-7B-DPO,fewshot,0.04959,0.99236,0,massA=0.0492 massB=0.943
p2,27,0,mixed,186,186,984,0.26,1.3755,3,False,A,allenai/OLMo-2-1124-7B-DPO,fewshot,0.04435,0.99303,0,massA=0.044 massB=0.949
p2,1162,38,mixed,183,183,609,0.38,1.2646,1,True,B,allenai/OLMo-2-1124-7B-DPO,fewshot,0.80685,0.99115,0,massA=0.191 massB=0.8
p2,879,29,neutral,0,79,81,0.83,0.851,4,False,A,allenai/OLMo-2-1124-7B-DPO,fewshot,0.58699,0.59613,0,massA=0.35 massB=0.246
p2,469,15,gain,0,82,113,0.74,1.0198,4,False,A,allenai/OLMo-2-1124-7B-DPO,fewshot,0.04569,0.77222,0,massA=0.0353 massB=0.737
p2,857,28,gain,0,132,181,0.76,1.0421,3,False,A,allenai/OLMo-2-1124-7B-DPO,fewshot,0.00129,0.9934,0,massA=0.00128 massB=0.992
p2,347,11,gain,0,54,68,0.81,1.02,3,False,A,allenai/OLMo-2-1124-7B-DPO,fewshot,0.00066,0.99395,0,massA=0.000658 massB=0.993
p2,684,22,mixed,81,81,163,0.72,1.4489,2,True,B,allenai/OLMo-2-1124-7B-DPO,fewshot,0.80069,0.98912,0,massA=0.197 massB=0.792
p2,370,12,gain,0,164,541,0.38,1.2535,0,True,B,allenai/OLMo-2-1124-7B-DPO,fewshot,0.61509,0.96628,0,massA=0.372 massB=0.594
p2,541,18,neutral,0,41,61,0.58,0.8629,0,False,A,allenai/OLMo-2-1124-7B-DPO,fewshot,0.82446,0.97375,0,massA=0.803 massB=0.171
p2,816,27,neutral,0,166,433,0.53,1.3825,3,True,B,allenai/OLMo-2-1124-7B-DPO,fewshot,0.33983,0.99173,0,massA=0.655 massB=0.337
p2,335,11,neutral,0,54,68,0.81,1.02,2,False,A,allenai/OLMo-2-1124-7B-DPO,fewshot,0.98434,0.99725,0,massA=0.982 massB=0.0156
p2,1110,37,neutral,0,151,252,0.68,1.1348,0,True,B,allenai/OLMo-2-1124-7B-DPO,fewshot,0.87235,0.98595,0,massA=0.126 massB=0.86
p2,398,13,neutral,0,72,88,0.64,0.7822,4,True,B,allenai/OLMo-2-1124-7B-DPO,fewshot,0.89625,0.93006,0,massA=0.0965 massB=0.834
p2,34,1,neutral,0,58,116,0.66,1.32,2,True,B,allenai/OLMo-2-1124-7B-DPO,fewshot,0.97304,0.99835,0,massA=0.0269 massB=0.971
p2,664,22,neutral,0,81,163,0.72,1.4489,2,True,B,allenai/OLMo-2-1124-7B-DPO,fewshot,0.91848,0.99818,0,massA=0.0814 massB=0.917
p2,342,11,gain,0,54,68,0.81,1.02,1,True,B,allenai/OLMo-2-1124-7B-DPO,fewshot,0.04085,0.98359,0,massA=0.943 massB=0.0402
p2,458,15,neutral,0,82,113,0.74,1.0198,4,True,B,allenai/OLMo-2-1124-7B-DPO,fewshot,0.98347,0.97893,0,massA=0.0162 massB=0.963
p2,1036,34,gain,0,52,96,0.63,1.1631,3,True,B,allenai/OLMo-2-1124-7B-DPO,fewshot,0.55061,0.98094,0,massA=0.441 massB=0.54
p2,592,19,mixed,64,64,122,0.49,0.9341,1,True,B,allenai/OLMo-2-1124-7B-DPO,fewshot,0.69596,0.98211,0,massA=0.299 massB=0.684
p2,380,12,mixed,164,164,541,0.38,1.2535,0,True,B,allenai/OLMo-2-1124-7B-DPO,fewshot,0.75347,0.96619,0,massA=0.238 massB=0.728
p2,953,31,mixed,51,51,151,0.29,0.8586,1,False,A,allenai/OLMo-2-1124-7B-DPO,fewshot,0.07423,0.99208,0,massA=0.0736 massB=0.918
p2,442,14,mixed,81,81,201,0.68,1.6874,1,True,B,allenai/OLMo-2-1124-7B-DPO,fewshot,0.78924,0.98303,0,massA=0.207 massB=0.776
p2,275,9,neutral,0,49,153,0.26,0.8118,2,False,A,allenai/OLMo-2-1124-7B-DPO,fewshot,0.82104,0.99202,0,massA=0.814 massB=0.178
p2,795,26,gain,0,59,151,0.36,0.9214,2,False,A,allenai/OLMo-2-1124-7B-DPO,fewshot,0.03068,0.99475,0,massA=0.0305 massB=0.964
p2,646,21,gain,0,106,206,0.73,1.4187,3,True,B,allenai/OLMo-2-1124-7B-DPO,fewshot,0.67918,0.96705,0,massA=0.31 massB=0.657
p2,954,31,mixed,51,51,151,0.29,0.8586,2,True,B,allenai/OLMo-2-1124-7B-DPO,fewshot,0.62247,0.98722,0,massA=0.373 massB=0.615
p2,284,9,gain,0,49,153,0.26,0.8118,2,True,B,allenai/OLMo-2-1124-7B-DPO,fewshot,0.04085,0.99637,0,massA=0.956 massB=0.0407
p2,135,4,gain,0,29,71,0.55,1.3466,2,False,A,allenai/OLMo-2-1124-7B-DPO,fewshot,0.23231,0.98674,0,massA=0.229 massB=0.758
p2,360,12,neutral,0,164,541,0.38,1.2535,0,True,B,allenai/OLMo-2-1124-7B-DPO,fewshot,0.66888,0.98393,0,massA=0.326 massB=0.658
p2,1038,34,gain,0,52,96,0.63,1.1631,4,True,B,allenai/OLMo-2-1124-7B-DPO,fewshot,0.69431,0.84041,0,massA=0.257 massB=0.584
p2,351,11,mixed,54,54,68,0.81,1.02,0,False,A,allenai/OLMo-2-1124-7B-DPO,fewshot,0.03186,0.99119,0,massA=0.0316 massB=0.96
p2,505,16,mixed,139,139,234,0.6,1.0101,2,False,A,allenai/OLMo-2-1124-7B-DPO,fewshot,0.70578,0.99124,0,massA=0.7 massB=0.292
p2,770,25,mixed,124,124,207,0.76,1.2687,0,True,B,allenai/OLMo-2-1124-7B-DPO,fewshot,0.81758,0.95464,0,massA=0.174 massB=0.78
p2,315,10,gain,0,111,278,0.58,1.4526,2,False,A,allenai/OLMo-2-1124-7B-DPO,fewshot,0.06097,0.99028,0,massA=0.0604 massB=0.93
p2,1051,35,neutral,0,91,133,0.68,0.9938,0,False,A,allenai/OLMo-2-1124-7B-DPO,fewshot,0.53509,0.96815,0,massA=0.518 massB=0.45
p2,218,7,neutral,0,63,98,0.64,0.9956,4,True,B,allenai/OLMo-2-1124-7B-DPO,fewshot,0.93767,0.96134,0,massA=0.0599 massB=0.901
p2,1059,35,neutral,0,91,133,0.68,0.9938,4,False,A,allenai/OLMo-2-1124-7B-DPO,fewshot,0.12421,0.85038,0,massA=0.106 massB=0.745
p2,652,21,mixed,106,106,206,0.73,1.4187,1,True,B,allenai/OLMo-2-1124-7B-DPO,fewshot,0.70741,0.98618,0,massA=0.289 massB=0.698
p2,844,28,neutral,0,132,181,0.76,1.0421,2,True,B,allenai/OLMo-2-1124-7B-DPO,fewshot,0.95041,0.99867,0,massA=0.0495 massB=0.949
p2,644,21,gain,0,106,206,0.73,1.4187,2,True,B,allenai/OLMo-2-1124-7B-DPO,fewshot,0.14034,0.99451,0,massA=0.855 massB=0.14
p2,1150,38,gain,0,183,609,0.38,1.2646,0,True,B,allenai/OLMo-2-1124-7B-DPO,fewshot,0.39981,0.97862,0,massA=0.587 massB=0.391
p2,352,11,mixed,54,54,68,0.81,1.02,1,True,B,allenai/OLMo-2-1124-7B-DPO,fewshot,0.47853,0.97765,0,massA=0.51 massB=0.468
p2,884,29,gain,0,79,81,0.83,0.851,2,True,B,allenai/OLMo-2-1124-7B-DPO,fewshot,0.09947,0.99601,0,massA=0.897 massB=0.0991
p2,757,25,neutral,0,124,207,0.76,1.2687,3,False,A,allenai/OLMo-2-1124-7B-DPO,fewshot,0.08449,0.98917,0,massA=0.0836 massB=0.906
p2,271,9,neutral,0,49,153,0.26,0.8118,0,False,A,allenai/OLMo-2-1124-7B-DPO,fewshot,0.13387,0.98351,0,massA=0.132 massB=0.852
p2,278,9,neutral,0,49,153,0.26,0.8118,4,True,B,allenai/OLMo-2-1124-7B-DPO,fewshot,0.68763,0.9035,0,massA=0.282 massB=0.621
p2,419,13,mixed,72,72,88,0.64,0.7822,4,False,A,allenai/OLMo-2-1124-7B-DPO,fewshot,0.35398,0.8239,0,massA=0.292 massB=0.532
p2,813,27,neutral,0,166,433,0.53,1.3825,1,False,A,allenai/OLMo-2-1124-7B-DPO,fewshot,0.01406,0.99819,0,massA=0.014 massB=0.984
p2,641,21,gain,0,106,206,0.73,1.4187,0,False,A,allenai/OLMo-2-1124-7B-DPO,fewshot,0.12085,0.9183,0,massA=0.111 massB=0.807
p2,1133,37,mixed,151,151,252,0.68,1.1348,1,False,A,allenai/OLMo-2-1124-7B-DPO,fewshot,0.22405,0.98789,0,massA=0.221 massB=0.767
p2,1243,21,dominant,0,106,147,1.0,1.3868,3,False,A,allenai/OLMo-2-1124-7B-DPO,fewshot,0.9454,0.99422,0,massA=0.94 massB=0.0543
p2,302,10,neutral,0,111,278,0.58,1.4526,1,True,B,allenai/OLMo-2-1124-7B-DPO,fewshot,0.0109,0.99506,0,massA=0.984 massB=0.0108
p2,531,17,mixed,117,117,362,0.42,1.2995,0,False,A,allenai/OLMo-2-1124-7B-DPO,fewshot,0.06657,0.98022,0,massA=0.0653 massB=0.915
p2,118,3,mixed,46,46,158,0.33,1.1335,4,True,B,allenai/OLMo-2-1124-7B-DPO,fewshot,0.93295,0.90189,0,massA=0.0605 massB=0.841
p2,860,28,mixed,132,132,181,0.76,1.0421,0,True,B,allenai/OLMo-2-1124-7B-DPO,fewshot,0.70416,0.97038,0,massA=0.287 massB=0.683
p2,631,21,neutral,0,106,206,0.73,1.4187,0,False,A,allenai/OLMo-2-1124-7B-DPO,fewshot,0.76629,0.96693,0,massA=0.741 massB=0.226
p2,171,5,mixed,162,162,381,0.46,1.0819,0,False,A,allenai/OLMo-2-1124-7B-DPO,fewshot,0.07808,0.9797,0,massA=0.0765 massB=0.903
p2,762,25,gain,0,124,207,0.76,1.2687,1,True,B,allenai/OLMo-2-1124-7B-DPO,fewshot,0.04304,0.97814,0,massA=0.936 massB=0.0421
p2,861,28,mixed,132,132,181,0.76,1.0421,0,False,A,allenai/OLMo-2-1124-7B-DPO,fewshot,0.07752,0.98862,0,massA=0.0766 massB=0.912
p2,1103,36,mixed,98,98,227,0.47,1.0887,1,False,A,allenai/OLMo-2-1124-7B-DPO,fewshot,0.17217,0.98741,0,massA=0.17 massB=0.817
p2,231,7,mixed,63,63,98,0.64,0.9956,0,False,A,allenai/OLMo-2-1124-7B-DPO,fewshot,0.08036,0.99139,0,massA=0.0797 massB=0.912
p2,643,21,gain,0,106,206,0.73,1.4187,1,False,A,allenai/OLMo-2-1124-7B-DPO,fewshot,0.00379,0.99388,0,massA=0.00377 massB=0.99
p2,468,15,gain,0,82,113,0.74,1.0198,4,True,B,allenai/OLMo-2-1124-7B-DPO,fewshot,0.81406,0.83921,0,massA=0.156 massB=0.683
p2,806,26,mixed,59,59,151,0.36,0.9214,3,True,B,allenai/OLMo-2-1124-7B-DPO,fewshot,0.82559,0.98253,0,massA=0.171 massB=0.811
p2,409,13,gain,0,72,88,0.64,0.7822,4,False,A,allenai/OLMo-2-1124-7B-DPO,fewshot,0.00468,0.91779,0,massA=0.0043 massB=0.913
p2,624,20,mixed,186,186,266,0.63,0.901,2,True,B,allenai/OLMo-2-1124-7B-DPO,fewshot,0.73106,0.98991,0,massA=0.266 massB=0.724
p2,465,15,gain,0,82,113,0.74,1.0198,2,False,A,allenai/OLMo-2-1124-7B-DPO,fewshot,0.28299,0.99206,0,massA=0.281 massB=0.711
p2,382,12,mixed,164,164,541,0.38,1.2535,1,True,B,allenai/OLMo-2-1124-7B-DPO,fewshot,0.82219,0.98839,0,massA=0.176 massB=0.813
p2,431,14,gain,0,81,201,0.68,1.6874,0,False,A,allenai/OLMo-2-1124-7B-DPO,fewshot,0.01364,0.94428,0,massA=0.0129 massB=0.931
p2,109,3,gain,0,46,158,0.33,1.1335,4,False,A,allenai/OLMo-2-1124-7B-DPO,fewshot,0.01142,0.88267,0,massA=0.0101 massB=0.873
p2,1268,34,dominant,0,52,110,1.0,2.1154,3,True,B,allenai/OLMo-2-1124-7B-DPO,fewshot,0.99427,0.99682,0,massA=0.00571 massB=0.991
p2,1277,38,dominant,0,183,201,1.0,1.0984,2,False,A,allenai/OLMo-2-1124-7B-DPO,fewshot,0.92893,0.99833,0,massA=0.927 massB=0.071
p2,1161,38,mixed,183,183,609,0.38,1.2646,0,False,A,allenai/OLMo-2-1124-7B-DPO,fewshot,0.06053,0.99027,0,massA=0.0599 massB=0.93
p2,677,22,gain,0,81,163,0.72,1.4489,3,False,A,allenai/OLMo-2-1124-7B-DPO,fewshot,0.002,0.98742,0,massA=0.00197 massB=0.985
p2,1136,37,mixed,151,151,252,0.68,1.1348,3,True,B,allenai/OLMo-2-1124-7B-DPO,fewshot,0.96095,0.98307,0,massA=0.0384 massB=0.945
p2,511,17,neutral,0,117,362,0.42,1.2995,0,False,A,allenai/OLMo-2-1124-7B-DPO,fewshot,0.26133,0.97046,0,massA=0.254 massB=0.717
p2,1212,6,dominant,0,94,128,1.0,1.3617,3,True,B,allenai/OLMo-2-1124-7B-DPO,fewshot,0.98939,0.99544,0,massA=0.0106 massB=0.985
p2,1,0,neutral,0,186,984,0.26,1.3755,0,False,A,allenai/OLMo-2-1124-7B-DPO,fewshot,0.28457,0.97463,0,massA=0.277 massB=0.697
p2,55,1,mixed,58,58,116,0.66,1.32,2,False,A,allenai/OLMo-2-1124-7B-DPO,fewshot,0.82783,0.99043,0,massA=0.82 massB=0.171
p2,589,19,gain,0,64,122,0.49,0.9341,4,False,A,allenai/OLMo-2-1124-7B-DPO,fewshot,0.00292,0.93964,0,massA=0.00275 massB=0.937
p2,488,16,neutral,0,139,234,0.6,1.0101,4,True,B,allenai/OLMo-2-1124-7B-DPO,fewshot,0.79053,0.91647,0,massA=0.192 massB=0.725
p2,923,30,mixed,149,149,447,0.26,0.78,1,False,A,allenai/OLMo-2-1124-7B-DPO,fewshot,0.05921,0.99252,0,massA=0.0588 massB=0.934
p2,1170,39,neutral,0,178,567,0.32,1.0193,0,True,B,allenai/OLMo-2-1124-7B-DPO,fewshot,0.44553,0.98968,0,massA=0.549 massB=0.441
p2,267,8,mixed,62,62,263,0.33,1.3998,3,False,A,allenai/OLMo-2-1124-7B-DPO,fewshot,0.02887,0.99269,0,massA=0.0287 massB=0.964
p2,204,6,mixed,94,94,101,0.71,0.7629,2,True,B,allenai/OLMo-2-1124-7B-DPO,fewshot,0.59644,0.9881,0,massA=0.399 massB=0.589
p2,686,22,mixed,81,81,163,0.72,1.4489,3,True,B,allenai/OLMo-2-1124-7B-DPO,fewshot,0.96211,0.9808,0,massA=0.0372 massB=0.944
p2,453,15,neutral,0,82,113,0.74,1.0198,1,False,A,allenai/OLMo-2-1124-7B-DPO,fewshot,0.01439,0.99716,0,massA=0.0144 massB=0.983
p2,154,5,neutral,0,162,381,0.46,1.0819,2,True,B,allenai/OLMo-2-1124-7B-DPO,fewshot,0.38122,0.99776,0,massA=0.617 massB=0.38
p2,974,32,gain,0,131,236,0.57,1.0269,2,True,B,allenai/OLMo-2-1124-7B-DPO,fewshot,0.48828,0.99593,0,massA=0.51 massB=0.486
p2,150,5,neutral,0,162,381,0.46,1.0819,0,True,B,allenai/OLMo-2-1124-7B-DPO,fewshot,0.63703,0.98229,0,massA=0.357 massB=0.626
p2,244,8,neutral,0,62,263,0.33,1.3998,2,True,B,allenai/OLMo-2-1124-7B-DPO,fewshot,0.39048,0.99825,0,massA=0.608 massB=0.39
p2,295,9,mixed,49,49,153,0.26,0.8118,2,False,A,allenai/OLMo-2-1124-7B-DPO,fewshot,0.32082,0.9861,0,massA=0.316 massB=0.67
p2,877,29,neutral,0,79,81,0.83,0.851,3,False,A,allenai/OLMo-2-1124-7B-DPO,fewshot,0.28617,0.97968,0,massA=0.28 massB=0.699
p2,744,24,mixed,168,168,214,0.76,0.9681,2,True,B,allenai/OLMo-2-1124-7B-DPO,fewshot,0.68763,0.99242,0,massA=0.31 massB=0.682
p2,704,23,gain,0,91,626,0.23,1.5822,2,True,B,allenai/OLMo-2-1124-7B-DPO,fewshot,0.11596,0.99563,0,massA=0.88 massB=0.115
p2,100,3,gain,0,46,158,0.33,1.1335,0,True,B,allenai/OLMo-2-1124-7B-DPO,fewshot,0.29584,0.98098,0,massA=0.691 massB=0.29
p2,17,0,gain,0,186,984,0.26,1.3755,3,False,A,allenai/OLMo-2-1124-7B-DPO,fewshot,0.00042,0.99577,0,massA=0.000419 massB=0.995
p2,1044,34,mixed,52,52,96,0.63,1.1631,2,True,B,allenai/OLMo-2-1124-7B-DPO,fewshot,0.61694,0.99005,0,massA=0.379 massB=0.611
p2,1018,33,mixed,142,142,446,0.53,1.6646,4,True,B,allenai/OLMo-2-1124-7B-DPO,fewshot,0.96095,0.90766,0,massA=0.0354 massB=0.872
p2,292,9,mixed,49,49,153,0.26,0.8118,1,True,B,allenai/OLMo-2-1124-7B-DPO,fewshot,0.75347,0.97803,0,massA=0.241 massB=0.737
p2,920,30,mixed,149,149,447,0.26,0.78,0,True,B,allenai/OLMo-2-1124-7B-DPO,fewshot,0.52927,0.96759,0,massA=0.455 massB=0.512
p2,491,16,gain,0,139,234,0.6,1.0101,0,False,A,allenai/OLMo-2-1124-7B-DPO,fewshot,0.05707,0.92946,0,massA=0.053 massB=0.876
p2,110,3,mixed,46,46,158,0.33,1.1335,0,True,B,allenai/OLMo-2-1124-7B-DPO,fewshot,0.61694,0.97379,0,massA=0.373 massB=0.601
p2,211,7,neutral,0,63,98,0.64,0.9956,0,False,A,allenai/OLMo-2-1124-7B-DPO,fewshot,0.72952,0.98114,0,massA=0.716 massB=0.265
p2,1022,34,neutral,0,52,96,0.63,1.1631,1,True,B,allenai/OLMo-2-1124-7B-DPO,fewshot,0.0546,0.99321,0,massA=0.939 massB=0.0542
p2,40,1,gain,0,58,116,0.66,1.32,0,True,B,allenai/OLMo-2-1124-7B-DPO,fewshot,0.55833,0.95605,0,massA=0.422 massB=0.534
p2,484,16,neutral,0,139,234,0.6,1.0101,2,True,B,allenai/OLMo-2-1124-7B-DPO,fewshot,0.88404,0.99824,0,massA=0.116 massB=0.882
p2,748,24,mixed,168,168,214,0.76,0.9681,4,True,B,allenai/OLMo-2-1124-7B-DPO,fewshot,0.93582,0.87613,0,massA=0.0562 massB=0.82
p2,835,27,mixed,166,166,433,0.53,1.3825,2,False,A,allenai/OLMo-2-1124-7B-DPO,fewshot,0.8044,0.99197,0,massA=0.798 massB=0.194
p2,263,8,mixed,62,62,263,0.33,1.3998,1,False,A,allenai/OLMo-2-1124-7B-DPO,fewshot,0.10894,0.99101,0,massA=0.108 massB=0.883
p2,969,32,neutral,0,131,236,0.57,1.0269,4,False,A,allenai/OLMo-2-1124-7B-DPO,fewshot,0.06513,0.88113,0,massA=0.0574 massB=0.824
p2,77,2,gain,0,162,661,0.26,1.0609,3,False,A,allenai/OLMo-2-1124-7B-DPO,fewshot,0.00037,0.9959,0,massA=0.000367 massB=0.996
p2,1189,39,gain,0,178,567,0.32,1.0193,4,False,A,allenai/OLMo-2-1124-7B-DPO,fewshot,0.00332,0.93097,0,massA=0.00309 massB=0.928
p2,986,32,mixed,131,131,236,0.57,1.0269,3,True,B,allenai/OLMo-2-1124-7B-DPO,fewshot,0.95532,0.98464,0,massA=0.044 massB=0.941
p2,1137,37,mixed,151,151,252,0.68,1.1348,3,False,A,allenai/OLMo-2-1124-7B-DPO,fewshot,0.07978,0.99011,0,massA=0.079 massB=0.911
p2,1278,39,dominant,0,178,205,1.0,1.1517,4,True,B,allenai/OLMo-2-1124-7B-DPO,fewshot,0.89983,0.95955,0,massA=0.0961 massB=0.863
p2,871,29,neutral,0,79,81,0.83,0.851,0,False,A,allenai/OLMo-2-1124-7B-DPO,fewshot,0.87578,0.97384,0,massA=0.853 massB=0.121
p2,708,23,gain,0,91,626,0.23,1.5822,4,True,B,allenai/OLMo-2-1124-7B-DPO,fewshot,0.83115,0.8819,0,massA=0.149 massB=0.733
p2,1115,37,neutral,0,151,252,0.68,1.1348,2,False,A,allenai/OLMo-2-1124-7B-DPO,fewshot,0.97998,0.99536,0,massA=0.975 massB=0.0199
p2,1032,34,gain,0,52,96,0.63,1.1631,1,True,B,allenai/OLMo-2-1124-7B-DPO,fewshot,0.06561,0.98021,0,massA=0.916 massB=0.0643
p2,435,14,gain,0,81,201,0.68,1.6874,2,False,A,allenai/OLMo-2-1124-7B-DPO,fewshot,0.10302,0.99131,0,massA=0.102 massB=0.889
p2,671,22,gain,0,81,163,0.72,1.4489,0,False,A,allenai/OLMo-2-1124-7B-DPO,fewshot,0.02696,0.89073,0,massA=0.024 massB=0.867
p2,506,16,mixed,139,139,234,0.6,1.0101,3,True,B,allenai/OLMo-2-1124-7B-DPO,fewshot,0.91611,0.97514,0,massA=0.0818 massB=0.893
p2,120,4,neutral,0,29,71,0.55,1.3466,0,True,B,allenai/OLMo-2-1124-7B-DPO,fewshot,0.85391,0.97571,0,massA=0.143 massB=0.833
p2,1261,30,dominant,0,149,187,1.0,1.255,3,False,A,allenai/OLMo-2-1124-7B-DPO,fewshot,0.87235,0.99488,0,massA=0.868 massB=0.127
p2,58,1,mixed,58,58,116,0.66,1.32,4,True,B,allenai/OLMo-2-1124-7B-DPO,fewshot,0.91055,0.8275,0,massA=0.074 massB=0.753
p2,734,24,gain,0,168,214,0.76,0.9681,2,True,B,allenai/OLMo-2-1124-7B-DPO,fewshot,0.16668,0.99631,0,massA=0.83 massB=0.166
p2,521,17,gain,0,117,362,0.42,1.2995,0,False,A,allenai/OLMo-2-1124-7B-DPO,fewshot,0.00212,0.98892,0,massA=0.0021 massB=0.987
p2,345,11,gain,0,54,68,0.81,1.02,2,False,A,allenai/OLMo-2-1124-7B-DPO,fewshot,0.08571,0.99421,0,massA=0.0852 massB=0.909
p2,49,1,gain,0,58,116,0.66,1.32,4,False,A,allenai/OLMo-2-1124-7B-DPO,fewshot,0.04369,0.78198,0,massA=0.0342 massB=0.748
p2,1124,37,gain,0,151,252,0.68,1.1348,2,True,B,allenai/OLMo-2-1124-7B-DPO,fewshot,0.23092,0.99652,0,massA=0.766 massB=0.23
p2,525,17,gain,0,117,362,0.42,1.2995,2,False,A,allenai/OLMo-2-1124-7B-DPO,fewshot,0.00607,0.9952,0,massA=0.00604 massB=0.989
p2,1235,17,dominant,0,117,129,1.0,1.1026,4,False,A,allenai/OLMo-2-1124-7B-DPO,fewshot,0.9926,0.90383,0,massA=0.897 massB=0.00669
p2,1208,4,dominant,0,29,56,1.0,1.931,1,True,B,allenai/OLMo-2-1124-7B-DPO,fewshot,0.57368,0.9927,0,massA=0.423 massB=0.569
p2,618,20,gain,0,186,266,0.63,0.901,4,True,B,allenai/OLMo-2-1124-7B-DPO,fewshot,0.70254,0.86047,0,massA=0.256 massB=0.605
p2,1275,37,dominant,0,151,193,1.0,1.2781,2,False,A,allenai/OLMo-2-1124-7B-DPO,fewshot,0.97855,0.99793,0,massA=0.977 massB=0.0214
p2,694,23,neutral,0,91,626,0.23,1.5822,2,True,B,allenai/OLMo-2-1124-7B-DPO,fewshot,0.587,0.99711,0,massA=0.412 massB=0.585
p2,1013,33,mixed,142,142,446,0.53,1.6646,1,False,A,allenai/OLMo-2-1124-7B-DPO,fewshot,0.39047,0.98455,0,massA=0.384 massB=0.6
p2,356,11,mixed,54,54,68,0.81,1.02,3,True,B,allenai/OLMo-2-1124-7B-DPO,fewshot,0.81168,0.97396,0,massA=0.183 massB=0.791
p2,539,17,mixed,117,117,362,0.42,1.2995,4,False,A,allenai/OLMo-2-1124-7B-DPO,fewshot,0.45325,0.88837,0,massA=0.403 massB=0.486
p2,1260,30,dominant,0,149,187,1.0,1.255,1,True,B,allenai/OLMo-2-1124-7B-DPO,fewshot,0.4649,0.99545,0,massA=0.533 massB=0.463
p2,121,4,neutral,0,29,71,0.55,1.3466,0,False,A,allenai/OLMo-2-1124-7B-DPO,fewshot,0.14128,0.97064,0,massA=0.137 massB=0.834
p2,663,22,neutral,0,81,163,0.72,1.4489,1,False,A,allenai/OLMo-2-1124-7B-DPO,fewshot,0.00685,0.99794,0,massA=0.00684 massB=0.991
p2,1079,35,mixed,91,91,133,0.68,0.9938,4,False,A,allenai/OLMo-2-1124-7B-DPO,fewshot,0.42823,0.87245,0,massA=0.374 massB=0.499
p2,269,8,mixed,62,62,263,0.33,1.3998,4,False,A,allenai/OLMo-2-1124-7B-DPO,fewshot,0.44167,0.88912,0,massA=0.393 massB=0.496
p2,10,0,gain,0,186,984,0.26,1.3755,0,True,B,allenai/OLMo-2-1124-7B-DPO,fewshot,0.17329,0.97837,0,massA=0.809 massB=0.17
p2,115,3,mixed,46,46,158,0.33,1.1335,2,False,A,allenai/OLMo-2-1124-7B-DPO,fewshot,0.51171,0.98896,0,massA=0.506 massB=0.483
p2,143,4,mixed,29,29,71,0.55,1.3466,1,False,A,allenai/OLMo-2-1124-7B-DPO,fewshot,0.22816,0.98195,0,massA=0.224 massB=0.758
p2,270,9,neutral,0,49,153,0.26,0.8118,0,True,B,allenai/OLMo-2-1124-7B-DPO,fewshot,0.63884,0.9887,0,massA=0.357 massB=0.632
p2,255,8,gain,0,62,263,0.33,1.3998,2,False,A,allenai/OLMo-2-1124-7B-DPO,fewshot,0.05792,0.98965,0,massA=0.0573 massB=0.932
p2,31,1,neutral,0,58,116,0.66,1.32,0,False,A,allenai/OLMo-2-1124-7B-DPO,fewshot,0.6943,0.96362,0,massA=0.669 massB=0.295
p2,887,29,gain,0,79,81,0.83,0.851,3,False,A,allenai/OLMo-2-1124-7B-DPO,fewshot,0.00111,0.99013,0,massA=0.0011 massB=0.989
p2,608,20,neutral,0,186,266,0.63,0.901,4,True,B,allenai/OLMo-2-1124-7B-DPO,fewshot,0.57177,0.88001,0,massA=0.377 massB=0.503
p2,722,24,neutral,0,168,214,0.76,0.9681,1,True,B,allenai/OLMo-2-1124-7B-DPO,fewshot,0.00476,0.99637,0,massA=0.992 massB=0.00474
p2,889,29,gain,0,79,81,0.83,0.851,4,False,A,allenai/OLMo-2-1124-7B-DPO,fewshot,0.0278,0.75144,0,massA=0.0209 massB=0.731
p2,792,26,gain,0,59,151,0.36,0.9214,1,True,B,allenai/OLMo-2-1124-7B-DPO,fewshot,0.03259,0.98803,0,massA=0.956 massB=0.0322
p2,445,14,mixed,81,81,201,0.68,1.6874,2,False,A,allenai/OLMo-2-1124-7B-DPO,fewshot,0.83868,0.99115,0,massA=0.831 massB=0.16
p2,477,15,mixed,82,82,113,0.74,1.0198,3,False,A,allenai/OLMo-2-1124-7B-DPO,fewshot,0.0534,0.99129,0,massA=0.0529 massB=0.938
p2,1166,38,mixed,183,183,609,0.38,1.2646,3,True,B,allenai/OLMo-2-1124-7B-DPO,fewshot,0.92022,0.99013,0,massA=0.079 massB=0.911
p2,18,0,gain,0,186,984,0.26,1.3755,4,True,B,allenai/OLMo-2-1124-7B-DPO,fewshot,0.59267,0.81082,0,massA=0.33 massB=0.481
p2,195,6,gain,0,94,101,0.71,0.7629,2,False,A,allenai/OLMo-2-1124-7B-DPO,fewshot,0.34687,0.98939,0,massA=0.343 massB=0.646
p2,890,29,mixed,79,79,81,0.83,0.851,0,True,B,allenai/OLMo-2-1124-7B-DPO,fewshot,0.26436,0.97557,0,massA=0.718 massB=0.258
p2,24,0,mixed,186,186,984,0.26,1.3755,2,True,B,allenai/OLMo-2-1124-7B-DPO,fewshot,0.72175,0.99027,0,massA=0.276 massB=0.715
p2,1114,37,neutral,0,151,252,0.68,1.1348,2,True,B,allenai/OLMo-2-1124-7B-DPO,fewshot,0.75055,0.99818,0,massA=0.249 massB=0.749
p2,763,25,gain,0,124,207,0.76,1.2687,1,False,A,allenai/OLMo-2-1124-7B-DPO,fewshot,0.0028,0.99462,0,massA=0.00279 massB=0.992
p2,319,10,gain,0,111,278,0.58,1.4526,4,False,A,allenai/OLMo-2-1124-7B-DPO,fewshot,0.0074,0.903,0,massA=0.00668 massB=0.896
p2,166,5,gain,0,162,381,0.46,1.0819,3,True,B,allenai/OLMo-2-1124-7B-DPO,fewshot,0.45326,0.97845,0,massA=0.535 massB=0.443
p2,788,26,neutral,0,59,151,0.36,0.9214,4,True,B,allenai/OLMo-2-1124-7B-DPO,fewshot,0.7186,0.94133,0,massA=0.265 massB=0.676
p2,82,2,mixed,162,162,661,0.26,1.0609,1,True,B,allenai/OLMo-2-1124-7B-DPO,fewshot,0.7578,0.98642,0,massA=0.239 massB=0.748
p2,577,19,neutral,0,64,122,0.49,0.9341,3,False,A,allenai/OLMo-2-1124-7B-DPO,fewshot,0.01603,0.99399,0,massA=0.0159 massB=0.978
p2,63,2,neutral,0,162,661,0.26,1.0609,1,False,A,allenai/OLMo-2-1124-7B-DPO,fewshot,0.00832,0.99721,0,massA=0.00829 massB=0.989
p2,487,16,neutral,0,139,234,0.6,1.0101,3,False,A,allenai/OLMo-2-1124-7B-DPO,fewshot,0.02887,0.99003,0,massA=0.0286 massB=0.961
p2,609,20,neutral,0,186,266,0.63,0.901,4,False,A,allenai/OLMo-2-1124-7B-DPO,fewshot,0.12002,0.85858,0,massA=0.103 massB=0.756
p2,981,32,mixed,131,131,236,0.57,1.0269,0,False,A,allenai/OLMo-2-1124-7B-DPO,fewshot,0.09671,0.9842,0,massA=0.0952 massB=0.889
p2,856,28,gain,0,132,181,0.76,1.0421,3,True,B,allenai/OLMo-2-1124-7B-DPO,fewshot,0.72798,0.97719,0,massA=0.266 massB=0.711
p2,1227,13,dominant,0,72,119,1.0,1.6528,3,False,A,allenai/OLMo-2-1124-7B-DPO,fewshot,0.90329,0.99628,0,massA=0.9 massB=0.0963
p2,1195,39,mixed,178,178,567,0.32,1.0193,2,False,A,allenai/OLMo-2-1124-7B-DPO,fewshot,0.50585,0.98892,0,massA=0.5 massB=0.489
p2,309,10,neutral,0,111,278,0.58,1.4526,4,False,A,allenai/OLMo-2-1124-7B-DPO,fewshot,0.07056,0.87511,0,massA=0.0617 massB=0.813
p2,772,25,mixed,124,124,207,0.76,1.2687,1,True,B,allenai/OLMo-2-1124-7B-DPO,fewshot,0.76207,0.98061,0,massA=0.233 massB=0.747
p2,52,1,mixed,58,58,116,0.66,1.32,1,True,B,allenai/OLMo-2-1124-7B-DPO,fewshot,0.74614,0.98095,0,massA=0.249 massB=0.732
p2,1097,36,gain,0,98,227,0.47,1.0887,3,False,A,allenai/OLMo-2-1124-7B-DPO,fewshot,0.00023,0.99717,0,massA=0.000228 massB=0.997
p2,39,1,neutral,0,58,116,0.66,1.32,4,False,A,allenai/OLMo-2-1124-7B-DPO,fewshot,0.13939,0.82374,0,massA=0.115 massB=0.709
p2,661,22,neutral,0,81,163,0.72,1.4489,0,False,A,allenai/OLMo-2-1124-7B-DPO,fewshot,0.54479,0.96922,0,massA=0.528 massB=0.441
p2,516,17,neutral,0,117,362,0.42,1.2995,3,True,B,allenai/OLMo-2-1124-7B-DPO,fewshot,0.26894,0.9887,0,massA=0.723 massB=0.266
p2,432,14,gain,0,81,201,0.68,1.6874,1,True,B,allenai/OLMo-2-1124-7B-DPO,fewshot,0.06009,0.98184,0,massA=0.923 massB=0.059
p2,1126,37,gain,0,151,252,0.68,1.1348,3,True,B,allenai/OLMo-2-1124-7B-DPO,fewshot,0.70902,0.98047,0,massA=0.285 massB=0.695
p2,1231,15,dominant,0,82,114,1.0,1.3902,4,False,A,allenai/OLMo-2-1124-7B-DPO,fewshot,0.98728,0.90066,0,massA=0.889 massB=0.0115
p2,845,28,neutral,0,132,181,0.76,1.0421,2,False,A,allenai/OLMo-2-1124-7B-DPO,fewshot,0.9968,0.99689,0,massA=0.994 massB=0.00319
p2,305,10,neutral,0,111,278,0.58,1.4526,2,False,A,allenai/OLMo-2-1124-7B-DPO,fewshot,0.9458,0.99271,0,massA=0.939 massB=0.0538
p2,636,21,neutral,0,106,206,0.73,1.4187,3,True,B,allenai/OLMo-2-1124-7B-DPO,fewshot,0.80441,0.99098,0,massA=0.194 massB=0.797
p2,94,3,neutral,0,46,158,0.33,1.1335,2,True,B,allenai/OLMo-2-1124-7B-DPO,fewshot,0.74909,0.99873,0,massA=0.251 massB=0.748
p2,1223,11,dominant,0,54,73,1.0,1.3519,3,False,A,allenai/OLMo-2-1124-7B-DPO,fewshot,0.91244,0.99406,0,massA=0.907 massB=0.087
p2,1102,36,mixed,98,98,227,0.47,1.0887,1,True,B,allenai/OLMo-2-1124-7B-DPO,fewshot,0.77865,0.98421,0,massA=0.218 massB=0.766
p2,1095,36,gain,0,98,227,0.47,1.0887,2,False,A,allenai/OLMo-2-1124-7B-DPO,fewshot,0.0164,0.9951,0,massA=0.0163 massB=0.979
p2,137,4,gain,0,29,71,0.55,1.3466,3,False,A,allenai/OLMo-2-1124-7B-DPO,fewshot,0.00097,0.99377,0,massA=0.000967 massB=0.993
p2,393,13,neutral,0,72,88,0.64,0.7822,1,False,A,allenai/OLMo-2-1124-7B-DPO,fewshot,0.0021,0.99899,0,massA=0.0021 massB=0.997
p2,709,23,gain,0,91,626,0.23,1.5822,4,False,A,allenai/OLMo-2-1124-7B-DPO,fewshot,0.00468,0.9162,0,massA=0.00429 massB=0.912
p2,557,18,gain,0,41,61,0.58,0.8629,3,False,A,allenai/OLMo-2-1124-7B-DPO,fewshot,0.00106,0.99088,0,massA=0.00106 massB=0.99
p2,859,28,gain,0,132,181,0.76,1.0421,4,False,A,allenai/OLMo-2-1124-7B-DPO,fewshot,0.05965,0.7051,0,massA=0.0421 massB=0.663
p2,1233,16,dominant,0,139,190,1.0,1.3669,2,False,A,allenai/OLMo-2-1124-7B-DPO,fewshot,0.98626,0.9973,0,massA=0.984 massB=0.0137
p2,1254,27,dominant,0,166,204,1.0,1.2289,0,True,B,allenai/OLMo-2-1124-7B-DPO,fewshot,0.93582,0.94737,0,massA=0.0608 massB=0.887
p2,941,31,gain,0,51,151,0.29,0.8586,0,False,A,allenai/OLMo-2-1124-7B-DPO,fewshot,0.00664,0.97052,0,massA=0.00645 massB=0.964
p2,92,3,neutral,0,46,158,0.33,1.1335,1,True,B,allenai/OLMo-2-1124-7B-DPO,fewshot,0.02931,0.9967,0,massA=0.967 massB=0.0292
p2,126,4,neutral,0,29,71,0.55,1.3466,3,True,B,allenai/OLMo-2-1124-7B-DPO,fewshot,0.4149,0.98609,0,massA=0.577 massB=0.409
p2,876,29,neutral,0,79,81,0.83,0.851,3,True,B,allenai/OLMo-2-1124-7B-DPO,fewshot,0.80441,0.98704,0,massA=0.193 massB=0.794
p2,672,22,gain,0,81,163,0.72,1.4489,1,True,B,allenai/OLMo-2-1124-7B-DPO,fewshot,0.05541,0.97705,0,massA=0.923 massB=0.0541
p2,357,11,mixed,54,54,68,0.81,1.02,3,False,A,allenai/OLMo-2-1124-7B-DPO,fewshot,0.0184,0.99181,0,massA=0.0183 massB=0.974
p2,1163,38,mixed,183,183,609,0.38,1.2646,1,False,A,allenai/OLMo-2-1124-7B-DPO,fewshot,0.15203,0.99293,0,massA=0.151 massB=0.842
p2,1263,31,dominant,0,51,73,1.0,1.4314,0,False,A,allenai/OLMo-2-1124-7B-DPO,fewshot,0.23652,0.98301,0,massA=0.232 massB=0.751
p2,1145,38,neutral,0,183,609,0.38,1.2646,2,False,A,allenai/OLMo-2-1124-7B-DPO,fewshot,0.65312,0.99343,0,massA=0.649 massB=0.345
p2,978,32,gain,0,131,236,0.57,1.0269,4,True,B,allenai/OLMo-2-1124-7B-DPO,fewshot,0.80441,0.88901,0,massA=0.174 massB=0.715
p2,427,14,neutral,0,81,201,0.68,1.6874,3,False,A,allenai/OLMo-2-1124-7B-DPO,fewshot,0.02387,0.99257,0,massA=0.0237 massB=0.969
p2,301,10,neutral,0,111,278,0.58,1.4526,0,False,A,allenai/OLMo-2-1124-7B-DPO,fewshot,0.43974,0.97043,0,massA=0.427 massB=0.544
p2,1030,34,gain,0,52,96,0.63,1.1631,0,True,B,allenai/OLMo-2-1124-7B-DPO,fewshot,0.47658,0.96614,0,massA=0.506 massB=0.46
p2,831,27,mixed,166,166,433,0.53,1.3825,0,False,A,allenai/OLMo-2-1124-7B-DPO,fewshot,0.14511,0.98523,0,massA=0.143 massB=0.842
p2,615,20,gain,0,186,266,0.63,0.901,2,False,A,allenai/OLMo-2-1124-7B-DPO,fewshot,0.48243,0.99121,0,massA=0.478 massB=0.513
p2,4,0,neutral,0,186,984,0.26,1.3755,2,True,B,allenai/OLMo-2-1124-7B-DPO,fewshot,0.04502,0.9974,0,massA=0.953 massB=0.0449
p2,730,24,gain,0,168,214,0.76,0.9681,0,True,B,allenai/OLMo-2-1124-7B-DPO,fewshot,0.5351,0.96729,0,massA=0.45 massB=0.518
p2,348,11,gain,0,54,68,0.81,1.02,4,True,B,allenai/OLMo-2-1124-7B-DPO,fewshot,0.39048,0.86675,0,massA=0.528 massB=0.338
p2,1200,0,dominant,0,186,240,1.0,1.2903,0,True,B,allenai/OLMo-2-1124-7B-DPO,fewshot,0.96909,0.95682,0,massA=0.0296 massB=0.927
p2,215,7,neutral,0,63,98,0.64,0.9956,2,False,A,allenai/OLMo-2-1124-7B-DPO,fewshot,0.99442,0.99561,0,massA=0.99 massB=0.00555
p2,933,31,neutral,0,51,151,0.29,0.8586,1,False,A,allenai/OLMo-2-1124-7B-DPO,fewshot,0.00487,0.99823,0,massA=0.00486 massB=0.993
p2,550,18,gain,0,41,61,0.58,0.8629,0,True,B,allenai/OLMo-2-1124-7B-DPO,fewshot,0.35042,0.9637,0,massA=0.626 massB=0.338
p2,87,2,mixed,162,162,661,0.26,1.0609,3,False,A,allenai/OLMo-2-1124-7B-DPO,fewshot,0.02113,0.99467,0,massA=0.021 massB=0.974
p2,733,24,gain,0,168,214,0.76,0.9681,1,False,A,allenai/OLMo-2-1124-7B-DPO,fewshot,0.00129,0.99594,0,massA=0.00129 massB=0.995
p2,1225,12,dominant,0,164,181,1.0,1.1037,0,False,A,allenai/OLMo-2-1124-7B-DPO,fewshot,0.25982,0.98886,0,massA=0.257 massB=0.732
p2,526,17,gain,0,117,362,0.42,1.2995,3,True,B,allenai/OLMo-2-1124-7B-DPO,fewshot,0.37388,0.98055,0,massA=0.614 massB=0.367
p2,307,10,neutral,0,111,278,0.58,1.4526,3,False,A,allenai/OLMo-2-1124-7B-DPO,fewshot,0.02865,0.9917,0,massA=0.0284 massB=0.963
p2,29,0,mixed,186,186,984,0.26,1.3755,4,False,A,allenai/OLMo-2-1124-7B-DPO,fewshot,0.53509,0.87833,0,massA=0.47 massB=0.408
p2,1027,34,neutral,0,52,96,0.63,1.1631,3,False,A,allenai/OLMo-2-1124-7B-DPO,fewshot,0.10088,0.98686,0,massA=0.0996 massB=0.887
p2,1236,18,dominant,0,41,88,1.0,2.1463,2,True,B,allenai/OLMo-2-1124-7B-DPO,fewshot,0.99812,0.99889,0,massA=0.00188 massB=0.997
p2,294,9,mixed,49,49,153,0.26,0.8118,2,True,B,allenai/OLMo-2-1124-7B-DPO,fewshot,0.60581,0.98529,0,massA=0.388 massB=0.597
p2,65,2,neutral,0,162,661,0.26,1.0609,2,False,A,allenai/OLMo-2-1124-7B-DPO,fewshot,0.85096,0.99283,0,massA=0.845 massB=0.148
p2,436,14,gain,0,81,201,0.68,1.6874,3,True,B,allenai/OLMo-2-1124-7B-DPO,fewshot,0.52732,0.97443,0,massA=0.461 massB=0.514
p2,645,21,gain,0,106,206,0.73,1.4187,2,False,A,allenai/OLMo-2-1124-7B-DPO,fewshot,0.64958,0.9873,0,massA=0.641 massB=0.346
p2,1008,33,gain,0,142,446,0.53,1.6646,4,True,B,allenai/OLMo-2-1124-7B-DPO,fewshot,0.8706,0.90519,0,massA=0.117 massB=0.788
p2,258,8,gain,0,62,263,0.33,1.3998,4,True,B,allenai/OLMo-2-1124-7B-DPO,fewshot,0.63523,0.83517,0,massA=0.305 massB=0.531
p2,339,11,neutral,0,54,68,0.81,1.02,4,False,A,allenai/OLMo-2-1124-7B-DPO,fewshot,0.22405,0.77623,0,massA=0.174 massB=0.602
p2,378,12,gain,0,164,541,0.38,1.2535,4,True,B,allenai/OLMo-2-1124-7B-DPO,fewshot,0.86972,0.91539,0,massA=0.119 massB=0.796
p2,901,30,neutral,0,149,447,0.26,0.78,0,False,A,allenai/OLMo-2-1124-7B-DPO,fewshot,0.15003,0.97502,0,massA=0.146 massB=0.829
p2,957,31,mixed,51,51,151,0.29,0.8586,3,False,A,allenai/OLMo-2-1124-7B-DPO,fewshot,0.02212,0.99258,0,massA=0.022 massB=0.971
p2,583,19,gain,0,64,122,0.49,0.9341,1,False,A,allenai/OLMo-2-1124-7B-DPO,fewshot,0.0012,0.99594,0,massA=0.00119 massB=0.995
p2,43,1,gain,0,58,116,0.66,1.32,1,False,A,allenai/OLMo-2-1124-7B-DPO,fewshot,0.00171,0.99494,0,massA=0.00171 massB=0.993
p2,617,20,gain,0,186,266,0.63,0.901,3,False,A,allenai/OLMo-2-1124-7B-DPO,fewshot,0.00154,0.99251,0,massA=0.00153 massB=0.991
p2,1031,34,gain,0,52,96,0.63,1.1631,0,False,A,allenai/OLMo-2-1124-7B-DPO,fewshot,0.02018,0.9355,0,massA=0.0189 massB=0.917
p2,1065,35,gain,0,91,133,0.68,0.9938,2,False,A,allenai/OLMo-2-1124-7B-DPO,fewshot,0.26741,0.98587,0,massA=0.264 massB=0.722
p2,213,7,neutral,0,63,98,0.64,0.9956,1,False,A,allenai/OLMo-2-1124-7B-DPO,fewshot,0.00649,0.99759,0,massA=0.00647 massB=0.991
p2,326,10,mixed,111,111,278,0.58,1.4526,3,True,B,allenai/OLMo-2-1124-7B-DPO,fewshot,0.94418,0.98139,0,massA=0.0548 massB=0.927
p2,554,18,gain,0,41,61,0.58,0.8629,2,True,B,allenai/OLMo-2-1124-7B-DPO,fewshot,0.09138,0.99596,0,massA=0.905 massB=0.091
p2,457,15,neutral,0,82,113,0.74,1.0198,3,False,A,allenai/OLMo-2-1124-7B-DPO,fewshot,0.11202,0.98484,0,massA=0.11 massB=0.875
p2,1157,38,gain,0,183,609,0.38,1.2646,3,False,A,allenai/OLMo-2-1124-7B-DPO,fewshot,0.00032,0.99708,0,massA=0.000314 massB=0.997
p2,585,19,gain,0,64,122,0.49,0.9341,2,False,A,allenai/OLMo-2-1124-7B-DPO,fewshot,0.01439,0.99497,0,massA=0.0143 massB=0.981
p2,1149,38,neutral,0,183,609,0.38,1.2646,4,False,A,allenai/OLMo-2-1124-7B-DPO,fewshot,0.02405,0.95525,0,massA=0.023 massB=0.932
p2,1154,38,gain,0,183,609,0.38,1.2646,2,True,B,allenai/OLMo-2-1124-7B-DPO,fewshot,0.11677,0.99588,0,massA=0.88 massB=0.116
p2,483,16,neutral,0,139,234,0.6,1.0101,1,False,A,allenai/OLMo-2-1124-7B-DPO,fewshot,0.00379,0.99802,0,massA=0.00379 massB=0.994
p2,962,32,neutral,0,131,236,0.57,1.0269,1,True,B,allenai/OLMo-2-1124-7B-DPO,fewshot,0.01519,0.99621,0,massA=0.981 massB=0.0151
p2,603,20,neutral,0,186,266,0.63,0.901,1,False,A,allenai/OLMo-2-1124-7B-DPO,fewshot,0.00605,0.99827,0,massA=0.00604 massB=0.992
p2,741,24,mixed,168,168,214,0.76,0.9681,0,False,A,allenai/OLMo-2-1124-7B-DPO,fewshot,0.06325,0.98997,0,massA=0.0626 massB=0.927
p2,674,22,gain,0,81,163,0.72,1.4489,2,True,B,allenai/OLMo-2-1124-7B-DPO,fewshot,0.25983,0.99415,0,massA=0.736 massB=0.258
p2,471,15,mixed,82,82,113,0.74,1.0198,0,False,A,allenai/OLMo-2-1124-7B-DPO,fewshot,0.07264,0.98718,0,massA=0.0717 massB=0.915
p2,1046,34,mixed,52,52,96,0.63,1.1631,3,True,B,allenai/OLMo-2-1124-7B-DPO,fewshot,0.90532,0.98173,0,massA=0.0929 massB=0.889
p2,286,9,gain,0,49,153,0.26,0.8118,3,True,B,allenai/OLMo-2-1124-7B-DPO,fewshot,0.31574,0.98443,0,massA=0.674 massB=0.311
p2,1207,3,dominant,0,46,58,1.0,1.2609,0,False,A,allenai/OLMo-2-1124-7B-DPO,fewshot,0.45713,0.97982,0,massA=0.448 massB=0.532
p2,1139,37,mixed,151,151,252,0.68,1.1348,4,False,A,allenai/OLMo-2-1124-7B-DPO,fewshot,0.66017,0.89544,0,massA=0.591 massB=0.304
p2,1188,39,gain,0,178,567,0.32,1.0193,4,True,B,allenai/OLMo-2-1124-7B-DPO,fewshot,0.75056,0.86876,0,massA=0.217 massB=0.652
p2,1111,37,neutral,0,151,252,0.68,1.1348,0,False,A,allenai/OLMo-2-1124-7B-DPO,fewshot,0.48242,0.9752,0,massA=0.47 massB=0.505
p2,1151,38,gain,0,183,609,0.38,1.2646,0,False,A,allenai/OLMo-2-1124-7B-DPO,fewshot,0.00437,0.98284,0,massA=0.00429 massB=0.979
p2,1255,27,dominant,0,166,204,1.0,1.2289,2,False,A,allenai/OLMo-2-1124-7B-DPO,fewshot,0.98718,0.99761,0,massA=0.985 massB=0.0128
p2,848,28,neutral,0,132,181,0.76,1.0421,4,True,B,allenai/OLMo-2-1124-7B-DPO,fewshot,0.98102,0.9809,0,massA=0.0186 massB=0.962
p2,875,29,neutral,0,79,81,0.83,0.851,2,False,A,allenai/OLMo-2-1124-7B-DPO,fewshot,0.99711,0.9967,0,massA=0.994 massB=0.00288
p2,544,18,neutral,0,41,61,0.58,0.8629,2,True,B,allenai/OLMo-2-1124-7B-DPO,fewshot,0.54674,0.99881,0,massA=0.453 massB=0.546
p2,584,19,gain,0,64,122,0.49,0.9341,2,True,B,allenai/OLMo-2-1124-7B-DPO,fewshot,0.05792,0.99641,0,massA=0.939 massB=0.0577
p2,0,0,neutral,0,186,984,0.26,1.3755,0,True,B,allenai/OLMo-2-1124-7B-DPO,fewshot,0.48243,0.98787,0,massA=0.511 massB=0.477
p2,23,0,mixed,186,186,984,0.26,1.3755,1,False,A,allenai/OLMo-2-1124-7B-DPO,fewshot,0.15406,0.98959,0,massA=0.152 massB=0.837
p2,1081,36,neutral,0,98,227,0.47,1.0887,0,False,A,allenai/OLMo-2-1124-7B-DPO,fewshot,0.34687,0.97853,0,massA=0.339 massB=0.639
p2,1016,33,mixed,142,142,446,0.53,1.6646,3,True,B,allenai/OLMo-2-1124-7B-DPO,fewshot,0.95431,0.98838,0,massA=0.0452 massB=0.943
p2,776,25,mixed,124,124,207,0.76,1.2687,3,True,B,allenai/OLMo-2-1124-7B-DPO,fewshot,0.96486,0.98257,0,massA=0.0345 massB=0.948
p2,1019,33,mixed,142,142,446,0.53,1.6646,4,False,A,allenai/OLMo-2-1124-7B-DPO,fewshot,0.79438,0.86665,0,massA=0.688 massB=0.178
p2,659,21,mixed,106,106,206,0.73,1.4187,4,False,A,allenai/OLMo-2-1124-7B-DPO,fewshot,0.81405,0.88858,0,massA=0.723 massB=0.165
p2,735,24,gain,0,168,214,0.76,0.9681,2,False,A,allenai/OLMo-2-1124-7B-DPO,fewshot,0.46101,0.99148,0,massA=0.457 massB=0.534
p2,736,24,gain,0,168,214,0.76,0.9681,3,True,B,allenai/OLMo-2-1124-7B-DPO,fewshot,0.60206,0.97679,0,massA=0.389 massB=0.588
p2,329,10,mixed,111,111,278,0.58,1.4526,4,False,A,allenai/OLMo-2-1124-7B-DPO,fewshot,0.72486,0.88367,0,massA=0.641 massB=0.243
p2,786,26,neutral,0,59,151,0.36,0.9214,3,True,B,allenai/OLMo-2-1124-7B-DPO,fewshot,0.91429,0.99649,0,massA=0.0854 massB=0.911
p2,743,24,mixed,168,168,214,0.76,0.9681,1,False,A,allenai/OLMo-2-1124-7B-DPO,fewshot,0.27669,0.98496,0,massA=0.273 massB=0.712
p2,548,18,neutral,0,41,61,0.58,0.8629,4,True,B,allenai/OLMo-2-1124-7B-DPO,fewshot,0.86613,0.96808,0,massA=0.13 massB=0.838
p2,81,2,mixed,162,162,661,0.26,1.0609,0,False,A,allenai/OLMo-2-1124-7B-DPO,fewshot,0.06279,0.98367,0,massA=0.0618 massB=0.922
p2,404,13,gain,0,72,88,0.64,0.7822,2,True,B,allenai/OLMo-2-1124-7B-DPO,fewshot,0.09947,0.99654,0,massA=0.897 massB=0.0991
p2,312,10,gain,0,111,278,0.58,1.4526,1,True,B,allenai/OLMo-2-1124-7B-DPO,fewshot,0.11047,0.98368,0,massA=0.875 massB=0.109
p2,1007,33,gain,0,142,446,0.53,1.6646,3,False,A,allenai/OLMo-2-1124-7B-DPO,fewshot,0.00039,0.9967,0,massA=0.000385 massB=0.996
p2,769,25,gain,0,124,207,0.76,1.2687,4,False,A,allenai/OLMo-2-1124-7B-DPO,fewshot,0.0538,0.69932,0,massA=0.0376 massB=0.662
p2,1191,39,mixed,178,178,567,0.32,1.0193,0,False,A,allenai/OLMo-2-1124-7B-DPO,fewshot,0.08945,0.9776,0,massA=0.0875 massB=0.89
p2,170,5,mixed,162,162,381,0.46,1.0819,0,True,B,allenai/OLMo-2-1124-7B-DPO,fewshot,0.66017,0.95472,0,massA=0.324 massB=0.63
p2,590,19,mixed,64,64,122,0.49,0.9341,0,True,B,allenai/OLMo-2-1124-7B-DPO,fewshot,0.5794,0.9821,0,massA=0.413 massB=0.569
p2,481,16,neutral,0,139,234,0.6,1.0101,0,False,A,allenai/OLMo-2-1124-7B-DPO,fewshot,0.49023,0.97389,0,massA=0.477 massB=0.496
p2,1216,8,dominant,0,62,121,1.0,1.9516,2,True,B,allenai/OLMo-2-1124-7B-DPO,fewshot,0.99977,0.99861,0,massA=0.000228 massB=0.998
p2,438,14,gain,0,81,201,0.68,1.6874,4,True,B,allenai/OLMo-2-1124-7B-DPO,fewshot,0.78399,0.82658,0,massA=0.179 massB=0.648
p2,149,4,mixed,29,29,71,0.55,1.3466,4,False,A,allenai/OLMo-2-1124-7B-DPO,fewshot,0.56793,0.84734,0,massA=0.481 massB=0.366
p2,1259,29,dominant,0,79,118,1.0,1.4937,1,False,A,allenai/OLMo-2-1124-7B-DPO,fewshot,0.98688,0.99578,0,massA=0.983 massB=0.0131
p2,250,8,gain,0,62,263,0.33,1.3998,0,True,B,allenai/OLMo-2-1124-7B-DPO,fewshot,0.19931,0.98396,0,massA=0.788 massB=0.196
p2,366,12,neutral,0,164,541,0.38,1.2535,3,True,B,allenai/OLMo-2-1124-7B-DPO,fewshot,0.68088,0.99148,0,massA=0.316 massB=0.675
p2,1104,36,mixed,98,98,227,0.47,1.0887,2,True,B,allenai/OLMo-2-1124-7B-DPO,fewshot,0.7649,0.98865,0,massA=0.232 massB=0.756
p2,958,31,mixed,51,51,151,0.29,0.8586,4,True,B,allenai/OLMo-2-1124-7B-DPO,fewshot,0.92841,0.89784,0,massA=0.0643 massB=0.834
p2,225,7,gain,0,63,98,0.64,0.9956,2,False,A,allenai/OLMo-2-1124-7B-DPO,fewshot,0.38491,0.98976,0,massA=0.381 massB=0.609
p2,1063,35,gain,0,91,133,0.68,0.9938,1,False,A,allenai/OLMo-2-1124-7B-DPO,fewshot,0.00239,0.99383,0,massA=0.00237 massB=0.991
p2,1054,35,neutral,0,91,133,0.68,0.9938,2,True,B,allenai/OLMo-2-1124-7B-DPO,fewshot,0.95598,0.99816,0,massA=0.0439 massB=0.954
p2,551,18,gain,0,41,61,0.58,0.8629,0,False,A,allenai/OLMo-2-1124-7B-DPO,fewshot,0.06097,0.90979,0,massA=0.0555 massB=0.854
p2,706,23,gain,0,91,626,0.23,1.5822,3,True,B,allenai/OLMo-2-1124-7B-DPO,fewshot,0.74466,0.97829,0,massA=0.25 massB=0.728
p2,1226,13,dominant,0,72,119,1.0,1.6528,4,True,B,allenai/OLMo-2-1124-7B-DPO,fewshot,0.99839,0.99564,0,massA=0.0016 massB=0.994
p2,1238,19,dominant,0,64,91,1.0,1.4219,3,True,B,allenai/OLMo-2-1124-7B-DPO,fewshot,0.97754,0.99167,0,massA=0.0223 massB=0.969
p2,1024,34,neutral,0,52,96,0.63,1.1631,2,True,B,allenai/OLMo-2-1124-7B-DPO,fewshot,0.93858,0.99879,0,massA=0.0613 massB=0.937
p2,948,31,gain,0,51,151,0.29,0.8586,4,True,B,allenai/OLMo-2-1124-7B-DPO,fewshot,0.52148,0.82941,0,massA=0.397 massB=0.433
p2,180,6,neutral,0,94,101,0.71,0.7629,0,True,B,allenai/OLMo-2-1124-7B-DPO,fewshot,0.84492,0.97354,0,massA=0.151 massB=0.823
p2,1070,35,mixed,91,91,133,0.68,0.9938,0,True,B,allenai/OLMo-2-1124-7B-DPO,fewshot,0.75636,0.96833,0,massA=0.236 massB=0.732
p2,1123,37,gain,0,151,252,0.68,1.1348,1,False,A,allenai/OLMo-2-1124-7B-DPO,fewshot,0.0026,0.99411,0,massA=0.00259 massB=0.992
p2,668,22,neutral,0,81,163,0.72,1.4489,4,True,B,allenai/OLMo-2-1124-7B-DPO,fewshot,0.89552,0.93903,0,massA=0.0981 massB=0.841
p2,1112,37,neutral,0,151,252,0.68,1.1348,1,True,B,allenai/OLMo-2-1124-7B-DPO,fewshot,0.02145,0.99502,0,massA=0.974 massB=0.0213
p2,1272,36,dominant,0,98,155,1.0,1.5816,1,True,B,allenai/OLMo-2-1124-7B-DPO,fewshot,0.28617,0.99237,0,massA=0.708 massB=0.284
p2,567,18,mixed,41,41,61,0.58,0.8629,3,False,A,allenai/OLMo-2-1124-7B-DPO,fewshot,0.01942,0.99297,0,massA=0.0193 massB=0.974
p2,1109,36,mixed,98,98,227,0.47,1.0887,4,False,A,allenai/OLMo-2-1124-7B-DPO,fewshot,0.64601,0.79518,0,massA=0.514 massB=0.281
p2,826,27,gain,0,166,433,0.53,1.3825,3,True,B,allenai/OLMo-2-1124-7B-DPO,fewshot,0.83655,0.98374,0,massA=0.161 massB=0.823
p2,37,1,neutral,0,58,116,0.66,1.32,3,False,A,allenai/OLMo-2-1124-7B-DPO,fewshot,0.10017,0.98142,0,massA=0.0983 massB=0.883
p2,192,6,gain,0,94,101,0.71,0.7629,1,True,B,allenai/OLMo-2-1124-7B-DPO,fewshot,0.10303,0.97796,0,massA=0.877 massB=0.101
p2,1009,33,gain,0,142,446,0.53,1.6646,4,False,A,allenai/OLMo-2-1124-7B-DPO,fewshot,0.00443,0.94737,0,massA=0.0042 massB=0.943
p2,1229,14,dominant,0,81,135,1.0,1.6667,1,False,A,allenai/OLMo-2-1124-7B-DPO,fewshot,0.99184,0.99576,0,massA=0.988 massB=0.00812
p2,6,0,neutral,0,186,984,0.26,1.3755,3,True,B,allenai/OLMo-2-1124-7B-DPO,fewshot,0.18477,0.98711,0,massA=0.805 massB=0.182
p2,1183,39,gain,0,178,567,0.32,1.0193,1,False,A,allenai/OLMo-2-1124-7B-DPO,fewshot,0.00173,0.99539,0,massA=0.00172 massB=0.994
p2,61,2,neutral,0,162,661,0.26,1.0609,0,False,A,allenai/OLMo-2-1124-7B-DPO,fewshot,0.34864,0.95891,0,massA=0.334 massB=0.625
p2,555,18,gain,0,41,61,0.58,0.8629,2,False,A,allenai/OLMo-2-1124-7B-DPO,fewshot,0.25238,0.98641,0,massA=0.249 massB=0.737
p2,979,32,gain,0,131,236,0.57,1.0269,4,False,A,allenai/OLMo-2-1124-7B-DPO,fewshot,0.01496,0.87082,0,massA=0.013 massB=0.858
p2,530,17,mixed,117,117,362,0.42,1.2995,0,True,B,allenai/OLMo-2-1124-7B-DPO,fewshot,0.6058,0.9663,0,massA=0.381 massB=0.585
p2,1091,36,gain,0,98,227,0.47,1.0887,0,False,A,allenai/OLMo-2-1124-7B-DPO,fewshot,0.00342,0.99186,0,massA=0.00339 massB=0.988
p2,414,13,mixed,72,72,88,0.64,0.7822,2,True,B,allenai/OLMo-2-1124-7B-DPO,fewshot,0.48439,0.98979,0,massA=0.51 massB=0.479
p2,1165,38,mixed,183,183,609,0.38,1.2646,2,False,A,allenai/OLMo-2-1124-7B-DPO,fewshot,0.62429,0.99279,0,massA=0.62 massB=0.373
p2,311,10,gain,0,111,278,0.58,1.4526,0,False,A,allenai/OLMo-2-1124-7B-DPO,fewshot,0.008,0.96301,0,massA=0.0077 massB=0.955
p2,665,22,neutral,0,81,163,0.72,1.4489,2,False,A,allenai/OLMo-2-1124-7B-DPO,fewshot,0.99271,0.99568,0,massA=0.988 massB=0.00726
p2,963,32,neutral,0,131,236,0.57,1.0269,1,False,A,allenai/OLMo-2-1124-7B-DPO,fewshot,0.00551,0.99805,0,massA=0.0055 massB=0.993
p2,396,13,neutral,0,72,88,0.64,0.7822,3,True,B,allenai/OLMo-2-1124-7B-DPO,fewshot,0.85681,0.98631,0,massA=0.141 massB=0.845
p2,462,15,gain,0,82,113,0.74,1.0198,1,True,B,allenai/OLMo-2-1124-7B-DPO,fewshot,0.05301,0.97975,0,massA=0.928 massB=0.0519
p2,719,23,mixed,91,91,626,0.23,1.5822,4,False,A,allenai/OLMo-2-1124-7B-DPO,fewshot,0.31573,0.90248,0,massA=0.285 massB=0.618
p2,219,7,neutral,0,63,98,0.64,0.9956,4,False,A,allenai/OLMo-2-1124-7B-DPO,fewshot,0.35756,0.63995,0,massA=0.229 massB=0.411
p2,30,1,neutral,0,58,116,0.66,1.32,0,True,B,allenai/OLMo-2-1124-7B-DPO,fewshot,0.90797,0.98227,0,massA=0.0904 massB=0.892
p2,767,25,gain,0,124,207,0.76,1.2687,3,False,A,allenai/OLMo-2-1124-7B-DPO,fewshot,0.00094,0.9939,0,massA=0.000934 massB=0.993
p2,359,11,mixed,54,54,68,0.81,1.02,4,False,A,allenai/OLMo-2-1124-7B-DPO,fewshot,0.20181,0.89724,0,massA=0.181 massB=0.716
p2,101,3,gain,0,46,158,0.33,1.1335,0,False,A,allenai/OLMo-2-1124-7B-DPO,fewshot,0.02065,0.95282,0,massA=0.0197 massB=0.933
p2,364,12,neutral,0,164,541,0.38,1.2535,2,True,B,allenai/OLMo-2-1124-7B-DPO,fewshot,0.47658,0.99827,0,massA=0.523 massB=0.476
p2,558,18,gain,0,41,61,0.58,0.8629,4,True,B,allenai/OLMo-2-1124-7B-DPO,fewshot,0.44361,0.80388,0,massA=0.447 massB=0.357
p2,1096,36,gain,0,98,227,0.47,1.0887,3,True,B,allenai/OLMo-2-1124-7B-DPO,fewshot,0.64958,0.98258,0,massA=0.344 massB=0.638
p2,502,16,mixed,139,139,234,0.6,1.0101,1,True,B,allenai/OLMo-2-1124-7B-DPO,fewshot,0.73412,0.97674,0,massA=0.26 massB=0.717
p2,862,28,mixed,132,132,181,0.76,1.0421,1,True,B,allenai/OLMo-2-1124-7B-DPO,fewshot,0.66715,0.98248,0,massA=0.327 massB=0.655
p2,422,14,neutral,0,81,201,0.68,1.6874,1,True,B,allenai/OLMo-2-1124-7B-DPO,fewshot,0.01731,0.99613,0,massA=0.979 massB=0.0172
p2,713,23,mixed,91,91,626,0.23,1.5822,1,False,A,allenai/OLMo-2-1124-7B-DPO,fewshot,0.12336,0.98994,0,massA=0.122 massB=0.868
p2,1058,35,neutral,0,91,133,0.68,0.9938,4,True,B,allenai/OLMo-2-1124-7B-DPO,fewshot,0.98572,0.97981,0,massA=0.014 massB=0.966
p2,840,28,neutral,0,132,181,0.76,1.0421,0,True,B,allenai/OLMo-2-1124-7B-DPO,fewshot,0.95791,0.98557,0,massA=0.0415 massB=0.944
p2,648,21,gain,0,106,206,0.73,1.4187,4,True,B,allenai/OLMo-2-1124-7B-DPO,fewshot,0.68258,0.84322,0,massA=0.268 massB=0.576
p2,75,2,gain,0,162,661,0.26,1.0609,2,False,A,allenai/OLMo-2-1124-7B-DPO,fewshot,0.01666,0.99393,0,massA=0.0166 massB=0.977
p2,1176,39,neutral,0,178,567,0.32,1.0193,3,True,B,allenai/OLMo-2-1124-7B-DPO,fewshot,0.53315,0.99043,0,massA=0.462 massB=0.528
p2,494,16,gain,0,139,234,0.6,1.0101,2,True,B,allenai/OLMo-2-1124-7B-DPO,fewshot,0.30404,0.99593,0,massA=0.693 massB=0.303
p2,239,7,mixed,63,63,98,0.64,0.9956,4,False,A,allenai/OLMo-2-1124-7B-DPO,fewshot,0.47463,0.85663,0,massA=0.407 massB=0.45
p2,375,12,gain,0,164,541,0.38,1.2535,2,False,A,allenai/OLMo-2-1124-7B-DPO,fewshot,0.01554,0.99522,0,massA=0.0155 massB=0.98
p2,669,22,neutral,0,81,163,0.72,1.4489,4,False,A,allenai/OLMo-2-1124-7B-DPO,fewshot,0.21601,0.78099,0,massA=0.169 massB=0.612
p2,935,31,neutral,0,51,151,0.29,0.8586,2,False,A,allenai/OLMo-2-1124-7B-DPO,fewshot,0.9462,0.99315,0,massA=0.94 massB=0.0534
p2,456,15,neutral,0,82,113,0.74,1.0198,3,True,B,allenai/OLMo-2-1124-7B-DPO,fewshot,0.98201,0.99341,0,massA=0.0179 massB=0.976
p2,128,4,neutral,0,29,71,0.55,1.3466,4,True,B,allenai/OLMo-2-1124-7B-DPO,fewshot,0.63523,0.91638,0,massA=0.334 massB=0.582
p2,599,19,mixed,64,64,122,0.49,0.9341,4,False,A,allenai/OLMo-2-1124-7B-DPO,fewshot,0.26894,0.86896,0,massA=0.234 massB=0.635
p2,597,19,mixed,64,64,122,0.49,0.9341,3,False,A,allenai/OLMo-2-1124-7B-DPO,fewshot,0.02844,0.99376,0,massA=0.0283 massB=0.966
p2,515,17,neutral,0,117,362,0.42,1.2995,2,False,A,allenai/OLMo-2-1124-7B-DPO,fewshot,0.62246,0.99006,0,massA=0.616 massB=0.374
p2,240,8,neutral,0,62,263,0.33,1.3998,0,True,B,allenai/OLMo-2-1124-7B-DPO,fewshot,0.43975,0.98652,0,massA=0.553 massB=0.434
p2,2,0,neutral,0,186,984,0.26,1.3755,1,True,B,allenai/OLMo-2-1124-7B-DPO,fewshot,0.00171,0.99575,0,massA=0.994 massB=0.0017
p2,1039,34,gain,0,52,96,0.63,1.1631,4,False,A,allenai/OLMo-2-1124-7B-DPO,fewshot,0.03488,0.80878,0,massA=0.0282 massB=0.781
p2,930,31,neutral,0,51,151,0.29,0.8586,0,True,B,allenai/OLMo-2-1124-7B-DPO,fewshot,0.66367,0.98211,0,massA=0.33 massB=0.652
p2,703,23,gain,0,91,626,0.23,1.5822,1,False,A,allenai/OLMo-2-1124-7B-DPO,fewshot,0.00168,0.99454,0,massA=0.00167 massB=0.993
p2,988,32,mixed,131,131,236,0.57,1.0269,4,True,B,allenai/OLMo-2-1124-7B-DPO,fewshot,0.96066,0.92129,0,massA=0.0362 massB=0.885
p2,428,14,neutral,0,81,201,0.68,1.6874,4,True,B,allenai/OLMo-2-1124-7B-DPO,fewshot,0.90927,0.95245,0,massA=0.0864 massB=0.866
p2,237,7,mixed,63,63,98,0.64,0.9956,3,False,A,allenai/OLMo-2-1124-7B-DPO,fewshot,0.06371,0.99286,0,massA=0.0633 massB=0.93
p2,455,15,neutral,0,82,113,0.74,1.0198,2,False,A,allenai/OLMo-2-1124-7B-DPO,fewshot,0.99609,0.99504,0,massA=0.991 massB=0.0039
p2,158,5,neutral,0,162,381,0.46,1.0819,4,True,B,allenai/OLMo-2-1124-7B-DPO,fewshot,0.17441,0.81641,0,massA=0.674 massB=0.142
p2,1080,36,neutral,0,98,227,0.47,1.0887,0,True,B,allenai/OLMo-2-1124-7B-DPO,fewshot,0.57368,0.98923,0,massA=0.422 massB=0.567
p2,759,25,neutral,0,124,207,0.76,1.2687,4,False,A,allenai/OLMo-2-1124-7B-DPO,fewshot,0.27983,0.76666,0,massA=0.215 massB=0.552
p2,745,24,mixed,168,168,214,0.76,0.9681,2,False,A,allenai/OLMo-2-1124-7B-DPO,fewshot,0.58699,0.99291,0,massA=0.583 massB=0.41
p2,1113,37,neutral,0,151,252,0.68,1.1348,1,False,A,allenai/OLMo-2-1124-7B-DPO,fewshot,0.00543,0.99789,0,massA=0.00542 massB=0.992
p2,564,18,mixed,41,41,61,0.58,0.8629,2,True,B,allenai/OLMo-2-1124-7B-DPO,fewshot,0.41681,0.98649,0,massA=0.575 massB=0.411
p2,616,20,gain,0,186,266,0.63,0.901,3,True,B,allenai/OLMo-2-1124-7B-DPO,fewshot,0.70741,0.97638,0,massA=0.286 massB=0.691
p2,168,5,gain,0,162,381,0.46,1.0819,4,True,B,allenai/OLMo-2-1124-7B-DPO,fewshot,0.68258,0.84838,0,massA=0.269 massB=0.579
p2,771,25,mixed,124,124,207,0.76,1.2687,0,False,A,allenai/OLMo-2-1124-7B-DPO,fewshot,0.20689,0.98246,0,massA=0.203 massB=0.779
p2,950,31,mixed,51,51,151,0.29,0.8586,0,True,B,allenai/OLMo-2-1124-7B-DPO,fewshot,0.62613,0.96929,0,massA=0.362 massB=0.607
p2,389,12,mixed,164,164,541,0.38,1.2535,4,False,A,allenai/OLMo-2-1124-7B-DPO,fewshot,0.49804,0.90472,0,massA=0.451 massB=0.454
p2,834,27,mixed,166,166,433,0.53,1.3825,2,True,B,allenai/OLMo-2-1124-7B-DPO,fewshot,0.80441,0.99172,0,massA=0.194 massB=0.798
p2,800,26,mixed,59,59,151,0.36,0.9214,0,True,B,allenai/OLMo-2-1124-7B-DPO,fewshot,0.60019,0.97822,0,massA=0.391 massB=0.587
p2,566,18,mixed,41,41,61,0.58,0.8629,3,True,B,allenai/OLMo-2-1124-7B-DPO,fewshot,0.7578,0.97159,0,massA=0.235 massB=0.736
p2,803,26,mixed,59,59,151,0.36,0.9214,1,False,A,allenai/OLMo-2-1124-7B-DPO,fewshot,0.06371,0.9934,0,massA=0.0633 massB=0.93
p2,1045,34,mixed,52,52,96,0.63,1.1631,2,False,A,allenai/OLMo-2-1124-7B-DPO,fewshot,0.72331,0.99319,0,massA=0.718 massB=0.275
p2,637,21,neutral,0,106,206,0.73,1.4187,3,False,A,allenai/OLMo-2-1124-7B-DPO,fewshot,0.23652,0.98146,0,massA=0.232 massB=0.749
p2,934,31,neutral,0,51,151,0.29,0.8586,2,True,B,allenai/OLMo-2-1124-7B-DPO,fewshot,0.4436,0.99873,0,massA=0.556 massB=0.443
p2,1267,33,dominant,0,142,179,1.0,1.2606,2,False,A,allenai/OLMo-2-1124-7B-DPO,fewshot,0.99132,0.99797,0,massA=0.989 massB=0.00866
p2,93,3,neutral,0,46,158,0.33,1.1335,1,False,A,allenai/OLMo-2-1124-7B-DPO,fewshot,0.00277,0.99904,0,massA=0.00277 massB=0.996
p2,1240,20,dominant,0,186,229,1.0,1.2312,0,True,B,allenai/OLMo-2-1124-7B-DPO,fewshot,0.81989,0.98098,0,massA=0.177 massB=0.804
p2,97,3,neutral,0,46,158,0.33,1.1335,3,False,A,allenai/OLMo-2-1124-7B-DPO,fewshot,0.01912,0.99313,0,massA=0.019 massB=0.974
p2,1218,9,dominant,0,49,82,1.0,1.6735,1,True,B,allenai/OLMo-2-1124-7B-DPO,fewshot,0.88243,0.99647,0,massA=0.117 massB=0.879
p2,699,23,neutral,0,91,626,0.23,1.5822,4,False,A,allenai/OLMo-2-1124-7B-DPO,fewshot,0.02002,0.92804,0,massA=0.0186 massB=0.909
p2,864,28,mixed,132,132,181,0.76,1.0421,2,True,B,allenai/OLMo-2-1124-7B-DPO,fewshot,0.72487,0.9913,0,massA=0.273 massB=0.719
p2,293,9,mixed,49,49,153,0.26,0.8118,1,False,A,allenai/OLMo-2-1124-7B-DPO,fewshot,0.07586,0.99006,0,massA=0.0751 massB=0.915
p2,973,32,gain,0,131,236,0.57,1.0269,1,False,A,allenai/OLMo-2-1124-7B-DPO,fewshot,0.00129,0.99517,0,massA=0.00128 massB=0.994
p2,720,24,neutral,0,168,214,0.76,0.9681,0,True,B,allenai/OLMo-2-1124-7B-DPO,fewshot,0.85777,0.98331,0,massA=0.14 massB=0.843
p2,851,28,gain,0,132,181,0.76,1.0421,0,False,A,allenai/OLMo-2-1124-7B-DPO,fewshot,0.03488,0.9287,0,massA=0.0324 massB=0.896
p2,340,11,gain,0,54,68,0.81,1.02,0,True,B,allenai/OLMo-2-1124-7B-DPO,fewshot,0.37938,0.97551,0,massA=0.605 massB=0.37
p2,1250,25,dominant,0,124,182,1.0,1.4677,0,True,B,allenai/OLMo-2-1124-7B-DPO,fewshot,0.99381,0.98244,0,massA=0.00608 massB=0.976
p2,142,4,mixed,29,29,71,0.55,1.3466,1,True,B,allenai/OLMo-2-1124-7B-DPO,fewshot,0.79945,0.97771,0,massA=0.196 massB=0.782
p2,421,14,neutral,0,81,201,0.68,1.6874,0,False,A,allenai/OLMo-2-1124-7B-DPO,fewshot,0.40733,0.97605,0,massA=0.398 massB=0.578
p2,73,2,gain,0,162,661,0.26,1.0609,1,False,A,allenai/OLMo-2-1124-7B-DPO,fewshot,0.00147,0.99559,0,massA=0.00146 massB=0.994
p2,882,29,gain,0,79,81,0.83,0.851,1,True,B,allenai/OLMo-2-1124-7B-DPO,fewshot,0.03847,0.97671,0,massA=0.939 massB=0.0376
p2,532,17,mixed,117,117,362,0.42,1.2995,1,True,B,allenai/OLMo-2-1124-7B-DPO,fewshot,0.72331,0.98631,0,massA=0.273 massB=0.713
p2,947,31,gain,0,51,151,0.29,0.8586,3,False,A,allenai/OLMo-2-1124-7B-DPO,fewshot,0.00037,0.99594,0,massA=0.00037 massB=0.996
p2,1017,33,mixed,142,142,446,0.53,1.6646,3,False,A,allenai/OLMo-2-1124-7B-DPO,fewshot,0.14034,0.9915,0,massA=0.139 massB=0.852
p2,324,10,mixed,111,111,278,0.58,1.4526,2,True,B,allenai/OLMo-2-1124-7B-DPO,fewshot,0.73867,0.98898,0,massA=0.258 massB=0.731
p2,828,27,gain,0,166,433,0.53,1.3825,4,True,B,allenai/OLMo-2-1124-7B-DPO,fewshot,0.88484,0.91708,0,massA=0.106 massB=0.811
p2,760,25,gain,0,124,207,0.76,1.2687,0,True,B,allenai/OLMo-2-1124-7B-DPO,fewshot,0.57177,0.94907,0,massA=0.406 massB=0.543
p2,355,11,mixed,54,54,68,0.81,1.02,2,False,A,allenai/OLMo-2-1124-7B-DPO,fewshot,0.38676,0.99371,0,massA=0.384 massB=0.609
p2,448,14,mixed,81,81,201,0.68,1.6874,4,True,B,allenai/OLMo-2-1124-7B-DPO,fewshot,0.95186,0.90743,0,massA=0.0437 massB=0.864
p2,299,9,mixed,49,49,153,0.26,0.8118,4,False,A,allenai/OLMo-2-1124-7B-DPO,fewshot,0.2991,0.87888,0,massA=0.263 massB=0.616
p2,1279,39,dominant,0,178,205,1.0,1.1517,2,False,A,allenai/OLMo-2-1124-7B-DPO,fewshot,0.97998,0.99809,0,massA=0.978 massB=0.02
p2,520,17,gain,0,117,362,0.42,1.2995,0,True,B,allenai/OLMo-2-1124-7B-DPO,fewshot,0.3522,0.98029,0,massA=0.635 massB=0.345
p2,123,4,neutral,0,29,71,0.55,1.3466,1,False,A,allenai/OLMo-2-1124-7B-DPO,fewshot,0.04272,0.9869,0,massA=0.0422 massB=0.945
p2,785,26,neutral,0,59,151,0.36,0.9214,2,False,A,allenai/OLMo-2-1124-7B-DPO,fewshot,0.88243,0.99359,0,massA=0.877 massB=0.117
p2,1005,33,gain,0,142,446,0.53,1.6646,2,False,A,allenai/OLMo-2-1124-7B-DPO,fewshot,0.02576,0.99374,0,massA=0.0256 massB=0.968
p2,316,10,gain,0,111,278,0.58,1.4526,3,True,B,allenai/OLMo-2-1124-7B-DPO,fewshot,0.78793,0.978,0,massA=0.207 massB=0.771
p2,553,18,gain,0,41,61,0.58,0.8629,1,False,A,allenai/OLMo-2-1124-7B-DPO,fewshot,0.002,0.99294,0,massA=0.00199 massB=0.991
p2,1146,38,neutral,0,183,609,0.38,1.2646,3,True,B,allenai/OLMo-2-1124-7B-DPO,fewshot,0.09335,0.99169,0,massA=0.899 massB=0.0926
p2,534,17,mixed,117,117,362,0.42,1.2995,2,True,B,allenai/OLMo-2-1124-7B-DPO,fewshot,0.62613,0.98928,0,massA=0.37 massB=0.619
p2,924,30,mixed,149,149,447,0.26,0.78,2,True,B,allenai/OLMo-2-1124-7B-DPO,fewshot,0.50782,0.98662,0,massA=0.486 massB=0.501
p2,921,30,mixed,149,149,447,0.26,0.78,0,False,A,allenai/OLMo-2-1124-7B-DPO,fewshot,0.03677,0.98362,0,massA=0.0362 massB=0.947
p2,437,14,gain,0,81,201,0.68,1.6874,3,False,A,allenai/OLMo-2-1124-7B-DPO,fewshot,0.00082,0.99372,0,massA=0.000812 massB=0.993
p2,74,2,gain,0,162,661,0.26,1.0609,2,True,B,allenai/OLMo-2-1124-7B-DPO,fewshot,0.07005,0.99561,0,massA=0.926 massB=0.0697
p2,853,28,gain,0,132,181,0.76,1.0421,1,False,A,allenai/OLMo-2-1124-7B-DPO,fewshot,0.00203,0.99507,0,massA=0.00202 massB=0.993
p2,1199,39,mixed,178,178,567,0.32,1.0193,4,False,A,allenai/OLMo-2-1124-7B-DPO,fewshot,0.45713,0.87659,0,massA=0.401 massB=0.476
p2,854,28,gain,0,132,181,0.76,1.0421,2,True,B,allenai/OLMo-2-1124-7B-DPO,fewshot,0.34865,0.99564,0,massA=0.649 massB=0.347
p2,1107,36,mixed,98,98,227,0.47,1.0887,3,False,A,allenai/OLMo-2-1124-7B-DPO,fewshot,0.06706,0.99172,0,massA=0.0665 massB=0.925
p2,304,10,neutral,0,111,278,0.58,1.4526,2,True,B,allenai/OLMo-2-1124-7B-DPO,fewshot,0.5,0.99785,0,massA=0.499 massB=0.499
p2,423,14,neutral,0,81,201,0.68,1.6874,1,False,A,allenai/OLMo-2-1124-7B-DPO,fewshot,0.00819,0.99771,0,massA=0.00817 massB=0.99
p2,519,17,neutral,0,117,362,0.42,1.2995,4,False,A,allenai/OLMo-2-1124-7B-DPO,fewshot,0.02405,0.9365,0,massA=0.0225 massB=0.914
p2,466,15,gain,0,82,113,0.74,1.0198,3,True,B,allenai/OLMo-2-1124-7B-DPO,fewshot,0.7009,0.97293,0,massA=0.291 massB=0.682
p2,287,9,gain,0,49,153,0.26,0.8118,3,False,A,allenai/OLMo-2-1124-7B-DPO,fewshot,0.00037,0.99627,0,massA=0.000364 massB=0.996
p2,970,32,gain,0,131,236,0.57,1.0269,0,True,B,allenai/OLMo-2-1124-7B-DPO,fewshot,0.70253,0.96371,0,massA=0.287 massB=0.677
p2,968,32,neutral,0,131,236,0.57,1.0269,4,True,B,allenai/OLMo-2-1124-7B-DPO,fewshot,0.73716,0.93361,0,massA=0.245 massB=0.688
p2,705,23,gain,0,91,626,0.23,1.5822,2,False,A,allenai/OLMo-2-1124-7B-DPO,fewshot,0.02018,0.99236,0,massA=0.02 massB=0.972
p2,1220,10,dominant,0,111,138,1.0,1.2432,3,True,B,allenai/OLMo-2-1124-7B-DPO,fewshot,0.96486,0.99171,0,massA=0.0349 massB=0.957
p2,374,12,gain,0,164,541,0.38,1.2535,2,True,B,allenai/OLMo-2-1124-7B-DPO,fewshot,0.35578,0.99526,0,massA=0.641 massB=0.354
p2,139,4,gain,0,29,71,0.55,1.3466,4,False,A,allenai/OLMo-2-1124-7B-DPO,fewshot,0.02656,0.77023,0,massA=0.0205 massB=0.75
p2,141,4,mixed,29,29,71,0.55,1.3466,0,False,A,allenai/OLMo-2-1124-7B-DPO,fewshot,0.05878,0.97873,0,massA=0.0575 massB=0.921
p2,482,16,neutral,0,139,234,0.6,1.0101,1,True,B,allenai/OLMo-2-1124-7B-DPO,fewshot,0.00878,0.99553,0,massA=0.987 massB=0.00874
p2,1148,38,neutral,0,183,609,0.38,1.2646,4,True,B,allenai/OLMo-2-1124-7B-DPO,fewshot,0.04369,0.82314,0,massA=0.787 massB=0.036
p2,394,13,neutral,0,72,88,0.64,0.7822,2,True,B,allenai/OLMo-2-1124-7B-DPO,fewshot,0.75492,0.99756,0,massA=0.244 massB=0.753
p2,654,21,mixed,106,106,206,0.73,1.4187,2,True,B,allenai/OLMo-2-1124-7B-DPO,fewshot,0.65842,0.99011,0,massA=0.338 massB=0.652
p2,38,1,neutral,0,58,116,0.66,1.32,4,True,B,allenai/OLMo-2-1124-7B-DPO,fewshot,0.98738,0.98639,0,massA=0.0125 massB=0.974
p2,683,22,mixed,81,81,163,0.72,1.4489,1,False,A,allenai/OLMo-2-1124-7B-DPO,fewshot,0.41111,0.98459,0,massA=0.405 massB=0.58
p2,902,30,neutral,0,149,447,0.26,0.78,1,True,B,allenai/OLMo-2-1124-7B-DPO,fewshot,0.00215,0.99581,0,massA=0.994 massB=0.00214
p2,44,1,gain,0,58,116,0.66,1.32,2,True,B,allenai/OLMo-2-1124-7B-DPO,fewshot,0.22816,0.99554,0,massA=0.768 massB=0.227
p2,33,1,neutral,0,58,116,0.66,1.32,1,False,A,allenai/OLMo-2-1124-7B-DPO,fewshot,0.01628,0.99706,0,massA=0.0162 massB=0.981
p2,330,11,neutral,0,54,68,0.81,1.02,0,True,B,allenai/OLMo-2-1124-7B-DPO,fewshot,0.84079,0.97202,0,massA=0.155 massB=0.817
p2,939,31,neutral,0,51,151,0.29,0.8586,4,False,A,allenai/OLMo-2-1124-7B-DPO,fewshot,0.01942,0.95345,0,massA=0.0185 massB=0.935
p2,855,28,gain,0,132,181,0.76,1.0421,2,False,A,allenai/OLMo-2-1124-7B-DPO,fewshot,0.51367,0.99093,0,massA=0.509 massB=0.482
p2,1156,38,gain,0,183,609,0.38,1.2646,3,True,B,allenai/OLMo-2-1124-7B-DPO,fewshot,0.66192,0.97906,0,massA=0.331 massB=0.648
p2,214,7,neutral,0,63,98,0.64,0.9956,2,True,B,allenai/OLMo-2-1124-7B-DPO,fewshot,0.81641,0.99878,0,massA=0.183 massB=0.815
p2,377,12,gain,0,164,541,0.38,1.2535,3,False,A,allenai/OLMo-2-1124-7B-DPO,fewshot,0.00025,0.99718,0,massA=0.000248 massB=0.997
p2,545,18,neutral,0,41,61,0.58,0.8629,2,False,A,allenai/OLMo-2-1124-7B-DPO,fewshot,0.99215,0.99664,0,massA=0.989 massB=0.00782
p2,1175,39,neutral,0,178,567,0.32,1.0193,2,False,A,allenai/OLMo-2-1124-7B-DPO,fewshot,0.8164,0.99412,0,massA=0.812 massB=0.183
p2,262,8,mixed,62,62,263,0.33,1.3998,1,True,B,allenai/OLMo-2-1124-7B-DPO,fewshot,0.71543,0.98231,0,massA=0.28 massB=0.703
p2,726,24,neutral,0,168,214,0.76,0.9681,3,True,B,allenai/OLMo-2-1124-7B-DPO,fewshot,0.95431,0.99108,0,massA=0.0453 massB=0.946
p2,568,18,mixed,41,41,61,0.58,0.8629,4,True,B,allenai/OLMo-2-1124-7B-DPO,fewshot,0.86061,0.8174,0,massA=0.114 massB=0.703
p2,321,10,mixed,111,111,278,0.58,1.4526,0,False,A,allenai/OLMo-2-1124-7B-DPO,fewshot,0.12506,0.98213,0,massA=0.123 massB=0.859
p2,591,19,mixed,64,64,122,0.49,0.9341,0,False,A,allenai/OLMo-2-1124-7B-DPO,fewshot,0.0656,0.98721,0,massA=0.0648 massB=0.922
p2,994,33,neutral,0,142,446,0.53,1.6646,2,True,B,allenai/OLMo-2-1124-7B-DPO,fewshot,0.10669,0.9982,0,massA=0.892 massB=0.106
p2,1041,34,mixed,52,52,96,0.63,1.1631,0,False,A,allenai/OLMo-2-1124-7B-DPO,fewshot,0.06706,0.989,0,massA=0.0663 massB=0.923
p2,1057,35,neutral,0,91,133,0.68,0.9938,3,False,A,allenai/OLMo-2-1124-7B-DPO,fewshot,0.13661,0.98462,0,massA=0.135 massB=0.85
p2,701,23,gain,0,91,626,0.23,1.5822,0,False,A,allenai/OLMo-2-1124-7B-DPO,fewshot,0.00971,0.96487,0,massA=0.00937 massB=0.956
p2,390,13,neutral,0,72,88,0.64,0.7822,0,True,B,allenai/OLMo-2-1124-7B-DPO,fewshot,0.84492,0.95034,0,massA=0.147 massB=0.803
p2,1193,39,mixed,178,178,567,0.32,1.0193,1,False,A,allenai/OLMo-2-1124-7B-DPO,fewshot,0.14128,0.98805,0,massA=0.14 massB=0.848
p2,1023,34,neutral,0,52,96,0.63,1.1631,1,False,A,allenai/OLMo-2-1124-7B-DPO,fewshot,0.00487,0.99847,0,massA=0.00486 massB=0.994
p2,742,24,mixed,168,168,214,0.76,0.9681,1,True,B,allenai/OLMo-2-1124-7B-DPO,fewshot,0.79053,0.98508,0,massA=0.206 massB=0.779
p2,224,7,gain,0,63,98,0.64,0.9956,2,True,B,allenai/OLMo-2-1124-7B-DPO,fewshot,0.09808,0.99597,0,massA=0.898 massB=0.0977
p2,79,2,gain,0,162,661,0.26,1.0609,4,False,A,allenai/OLMo-2-1124-7B-DPO,fewshot,0.00489,0.91834,0,massA=0.00449 massB=0.914
p2,746,24,mixed,168,168,214,0.76,0.9681,3,True,B,allenai/OLMo-2-1124-7B-DPO,fewshot,0.9458,0.98267,0,massA=0.0533 massB=0.929
p2,257,8,gain,0,62,263,0.33,1.3998,3,False,A,allenai/OLMo-2-1124-7B-DPO,fewshot,0.00046,0.99632,0,massA=0.000458 massB=0.996
p2,1072,35,mixed,91,91,133,0.68,0.9938,1,True,B,allenai/OLMo-2-1124-7B-DPO,fewshot,0.75492,0.98324,0,massA=0.241 massB=0.742
p2,14,0,gain,0,186,984,0.26,1.3755,2,True,B,allenai/OLMo-2-1124-7B-DPO,fewshot,0.03488,0.99561,0,massA=0.961 massB=0.0347
p2,241,8,neutral,0,62,263,0.33,1.3998,0,False,A,allenai/OLMo-2-1124-7B-DPO,fewshot,0.33633,0.97896,0,massA=0.329 massB=0.65
p2,288,9,gain,0,49,153,0.26,0.8118,4,True,B,allenai/OLMo-2-1124-7B-DPO,fewshot,0.49806,0.78908,0,massA=0.396 massB=0.393
p2,387,12,mixed,164,164,541,0.38,1.2535,3,False,A,allenai/OLMo-2-1124-7B-DPO,fewshot,0.03284,0.99409,0,massA=0.0326 massB=0.961
p2,410,13,mixed,72,72,88,0.64,0.7822,0,True,B,allenai/OLMo-2-1124-7B-DPO,fewshot,0.53316,0.97753,0,massA=0.456 massB=0.521
p2,984,32,mixed,131,131,236,0.57,1.0269,2,True,B,allenai/OLMo-2-1124-7B-DPO,fewshot,0.81287,0.98986,0,massA=0.185 massB=0.805
p2,1053,35,neutral,0,91,133,0.68,0.9938,1,False,A,allenai/OLMo-2-1124-7B-DPO,fewshot,0.00971,0.99743,0,massA=0.00968 massB=0.988
p2,1025,34,neutral,0,52,96,0.63,1.1631,2,False,A,allenai/OLMo-2-1124-7B-DPO,fewshot,0.99212,0.99569,0,massA=0.988 massB=0.00784
p2,459,15,neutral,0,82,113,0.74,1.0198,4,False,A,allenai/OLMo-2-1124-7B-DPO,fewshot,0.26894,0.74437,0,massA=0.2 massB=0.544
p2,827,27,gain,0,166,433,0.53,1.3825,3,False,A,allenai/OLMo-2-1124-7B-DPO,fewshot,0.00047,0.99646,0,massA=0.000471 massB=0.996
p2,634,21,neutral,0,106,206,0.73,1.4187,2,True,B,allenai/OLMo-2-1124-7B-DPO,fewshot,0.62612,0.9977,0,massA=0.373 massB=0.625
p2,328,10,mixed,111,111,278,0.58,1.4526,4,True,B,allenai/OLMo-2-1124-7B-DPO,fewshot,0.95328,0.90393,0,massA=0.0422 massB=0.862
p2,144,4,mixed,29,29,71,0.55,1.3466,2,True,B,allenai/OLMo-2-1124-7B-DPO,fewshot,0.6478,0.98846,0,massA=0.348 massB=0.64
p2,98,3,neutral,0,46,158,0.33,1.1335,4,True,B,allenai/OLMo-2-1124-7B-DPO,fewshot,0.62795,0.9294,0,massA=0.346 massB=0.584
p2,596,19,mixed,64,64,122,0.49,0.9341,3,True,B,allenai/OLMo-2-1124-7B-DPO,fewshot,0.84183,0.98405,0,massA=0.156 massB=0.828
p2,900,30,neutral,0,149,447,0.26,0.78,0,True,B,allenai/OLMo-2-1124-7B-DPO,fewshot,0.33983,0.98684,0,massA=0.651 massB=0.335
p2,388,12,mixed,164,164,541,0.38,1.2535,4,True,B,allenai/OLMo-2-1124-7B-DPO,fewshot,0.95823,0.93615,0,massA=0.0391 massB=0.897
p2,338,11,neutral,0,54,68,0.81,1.02,4,True,B,allenai/OLMo-2-1124-7B-DPO,fewshot,0.94335,0.955,0,massA=0.0541 massB=0.901
p2,945,31,gain,0,51,151,0.29,0.8586,2,False,A,allenai/OLMo-2-1124-7B-DPO,fewshot,0.01507,0.99491,0,massA=0.015 massB=0.98
p2,1082,36,neutral,0,98,227,0.47,1.0887,1,True,B,allenai/OLMo-2-1124-7B-DPO,fewshot,0.00343,0.99597,0,massA=0.993 massB=0.00342
p2,117,3,mixed,46,46,158,0.33,1.1335,3,False,A,allenai/OLMo-2-1124-7B-DPO,fewshot,0.03436,0.99296,0,massA=0.0341 massB=0.959
p2,323,10,mixed,111,111,278,0.58,1.4526,1,False,A,allenai/OLMo-2-1124-7B-DPO,fewshot,0.33633,0.98829,0,massA=0.332 massB=0.656
p2,912,30,gain,0,149,447,0.26,0.78,1,True,B,allenai/OLMo-2-1124-7B-DPO,fewshot,0.03284,0.98625,0,massA=0.954 massB=0.0324
p2,514,17,neutral,0,117,362,0.42,1.2995,2,True,B,allenai/OLMo-2-1124-7B-DPO,fewshot,0.13661,0.99827,0,massA=0.862 massB=0.136
p2,949,31,gain,0,51,151,0.29,0.8586,4,False,A,allenai/OLMo-2-1124-7B-DPO,fewshot,0.00405,0.91569,0,massA=0.00371 massB=0.912
p2,148,4,mixed,29,29,71,0.55,1.3466,4,True,B,allenai/OLMo-2-1124-7B-DPO,fewshot,0.94854,0.89907,0,massA=0.0463 massB=0.853
p2,381,12,mixed,164,164,541,0.38,1.2535,0,False,A,allenai/OLMo-2-1124-7B-DPO,fewshot,0.06904,0.984,0,massA=0.0679 massB=0.916
p2,1074,35,mixed,91,91,133,0.68,0.9938,2,True,B,allenai/OLMo-2-1124-7B-DPO,fewshot,0.69431,0.98996,0,massA=0.303 massB=0.687
p2,206,6,mixed,94,94,101,0.71,0.7629,3,True,B,allenai/OLMo-2-1124-7B-DPO,fewshot,0.92248,0.97665,0,massA=0.0757 massB=0.901
p2,1169,38,mixed,183,183,609,0.38,1.2646,4,False,A,allenai/OLMo-2-1124-7B-DPO,fewshot,0.54092,0.92154,0,massA=0.498 massB=0.423
p2,605,20,neutral,0,186,266,0.63,0.901,2,False,A,allenai/OLMo-2-1124-7B-DPO,fewshot,0.98667,0.99605,0,massA=0.983 massB=0.0133
p2,489,16,neutral,0,139,234,0.6,1.0101,4,False,A,allenai/OLMo-2-1124-7B-DPO,fewshot,0.09073,0.80618,0,massA=0.0731 massB=0.733
p2,50,1,mixed,58,58,116,0.66,1.32,0,True,B,allenai/OLMo-2-1124-7B-DPO,fewshot,0.74909,0.93722,0,massA=0.235 massB=0.702
p2,721,24,neutral,0,168,214,0.76,0.9681,0,False,A,allenai/OLMo-2-1124-7B-DPO,fewshot,0.76207,0.97509,0,massA=0.743 massB=0.232
p2,252,8,gain,0,62,263,0.33,1.3998,1,True,B,allenai/OLMo-2-1124-7B-DPO,fewshot,0.01731,0.98362,0,massA=0.967 massB=0.017
p2,400,13,gain,0,72,88,0.64,0.7822,0,True,B,allenai/OLMo-2-1124-7B-DPO,fewshot,0.42441,0.9608,0,massA=0.553 massB=0.408
p2,417,13,mixed,72,72,88,0.64,0.7822,3,False,A,allenai/OLMo-2-1124-7B-DPO,fewshot,0.03234,0.99246,0,massA=0.0321 massB=0.96
p2,71,2,gain,0,162,661,0.26,1.0609,0,False,A,allenai/OLMo-2-1124-7B-DPO,fewshot,0.00669,0.97196,0,massA=0.00651 massB=0.965
p2,1064,35,gain,0,91,133,0.68,0.9938,2,True,B,allenai/OLMo-2-1124-7B-DPO,fewshot,0.17217,0.99603,0,massA=0.825 massB=0.171
p2,32,1,neutral,0,58,116,0.66,1.32,1,True,B,allenai/OLMo-2-1124-7B-DPO,fewshot,0.12169,0.99156,0,massA=0.871 massB=0.121
p2,247,8,neutral,0,62,263,0.33,1.3998,3,False,A,allenai/OLMo-2-1124-7B-DPO,fewshot,0.02636,0.99297,0,massA=0.0262 massB=0.967
p2,1094,36,gain,0,98,227,0.47,1.0887,2,True,B,allenai/OLMo-2-1124-7B-DPO,fewshot,0.16452,0.99627,0,massA=0.832 massB=0.164
p2,836,27,mixed,166,166,433,0.53,1.3825,3,True,B,allenai/OLMo-2-1124-7B-DPO,fewshot,0.96124,0.98824,0,massA=0.0383 massB=0.95
p2,817,27,neutral,0,166,433,0.53,1.3825,3,False,A,allenai/OLMo-2-1124-7B-DPO,fewshot,0.0424,0.99348,0,massA=0.0421 massB=0.951
p2,540,18,neutral,0,41,61,0.58,0.8629,0,True,B,allenai/OLMo-2-1124-7B-DPO,fewshot,0.80686,0.97932,0,massA=0.189 massB=0.79
p2,230,7,mixed,63,63,98,0.64,0.9956,0,True,B,allenai/OLMo-2-1124-7B-DPO,fewshot,0.64423,0.97229,0,massA=0.346 massB=0.626
p2,960,32,neutral,0,131,236,0.57,1.0269,0,True,B,allenai/OLMo-2-1124-7B-DPO,fewshot,0.76348,0.98807,0,massA=0.234 massB=0.754
p2,353,11,mixed,54,54,68,0.81,1.02,1,False,A,allenai/OLMo-2-1124-7B-DPO,fewshot,0.06904,0.9913,0,massA=0.0684 massB=0.923
p2,376,12,gain,0,164,541,0.38,1.2535,3,True,B,allenai/OLMo-2-1124-7B-DPO,fewshot,0.88798,0.97756,0,massA=0.11 massB=0.868
p2,1221,10,dominant,0,111,138,1.0,1.2432,4,False,A,allenai/OLMo-2-1124-7B-DPO,fewshot,0.97711,0.83989,0,massA=0.821 massB=0.0192
p2,349,11,gain,0,54,68,0.81,1.02,4,False,A,allenai/OLMo-2-1124-7B-DPO,fewshot,0.02758,0.78849,0,massA=0.0218 massB=0.767
p2,103,3,gain,0,46,158,0.33,1.1335,1,False,A,allenai/OLMo-2-1124-7B-DPO,fewshot,0.00208,0.99635,0,massA=0.00208 massB=0.994
p2,474,15,mixed,82,82,113,0.74,1.0198,2,True,B,allenai/OLMo-2-1124-7B-DPO,fewshot,0.65842,0.98977,0,massA=0.338 massB=0.652
p2,499,16,gain,0,139,234,0.6,1.0101,4,False,A,allenai/OLMo-2-1124-7B-DPO,fewshot,0.02696,0.73526,0,massA=0.0198 massB=0.715
p2,333,11,neutral,0,54,68,0.81,1.02,1,False,A,allenai/OLMo-2-1124-7B-DPO,fewshot,0.00476,0.99879,0,massA=0.00475 massB=0.994
p2,1134,37,mixed,151,151,252,0.68,1.1348,2,True,B,allenai/OLMo-2-1124-7B-DPO,fewshot,0.80928,0.99122,0,massA=0.189 massB=0.802
p2,392,13,neutral,0,72,88,0.64,0.7822,1,True,B,allenai/OLMo-2-1124-7B-DPO,fewshot,0.01578,0.9943,0,massA=0.979 massB=0.0157
p2,67,2,neutral,0,162,661,0.26,1.0609,3,False,A,allenai/OLMo-2-1124-7B-DPO,fewshot,0.01628,0.99232,0,massA=0.0162 massB=0.976
p2,265,8,mixed,62,62,263,0.33,1.3998,2,False,A,allenai/OLMo-2-1124-7B-DPO,fewshot,0.53509,0.98731,0,massA=0.528 massB=0.459
p2,235,7,mixed,63,63,98,0.64,0.9956,2,False,A,allenai/OLMo-2-1124-7B-DPO,fewshot,0.75346,0.99307,0,massA=0.748 massB=0.245
p2,998,33,neutral,0,142,446,0.53,1.6646,4,True,B,allenai/OLMo-2-1124-7B-DPO,fewshot,0.4168,0.87524,0,massA=0.51 massB=0.365
p2,802,26,mixed,59,59,151,0.36,0.9214,1,True,B,allenai/OLMo-2-1124-7B-DPO,fewshot,0.73412,0.97995,0,massA=0.261 massB=0.719
p2,932,31,neutral,0,51,151,0.29,0.8586,1,True,B,allenai/OLMo-2-1124-7B-DPO,fewshot,0.0061,0.99356,0,massA=0.988 massB=0.00606
p2,19,0,gain,0,186,984,0.26,1.3755,4,False,A,allenai/OLMo-2-1124-7B-DPO,fewshot,0.00607,0.87575,0,massA=0.00532 massB=0.87
p2,209,6,mixed,94,94,101,0.71,0.7629,4,False,A,allenai/OLMo-2-1124-7B-DPO,fewshot,0.54092,0.81429,0,massA=0.44 massB=0.374
p2,997,33,neutral,0,142,446,0.53,1.6646,3,False,A,allenai/OLMo-2-1124-7B-DPO,fewshot,0.01731,0.99667,0,massA=0.0173 massB=0.979
