instrument,trial_id,gamble_id,frame,anchor,sure,hi,p,ev_ratio,template_id,safe_first,gamble_letter,model,fmt,induce,reason,p_gamble,ab_mass,excluded,reason_ended,reasoning,note,induce_position,sample,temperature
p1,247,24,risk,0,168,214,0.76,0.9681,3,False,A,meta-llama/Llama-3.1-8B-Instruct,chat,riskneutral,0,0.81048,0.01029,1,,,massA=0.00834 massB=0.00195,before,0,0.0
p1,283,28,risk,0,132,181,0.76,1.0421,1,False,A,meta-llama/Llama-3.1-8B-Instruct,chat,riskneutral,0,0.22542,0.0087,1,,,massA=0.00196 massB=0.00674,before,0,0.0
p1,208,20,risk,0,186,266,0.63,0.901,4,True,B,meta-llama/Llama-3.1-8B-Instruct,chat,riskneutral,0,0.8439,0.00011,1,,,massA=1.79e-05 massB=9.7e-05,before,0,0.0
p1,232,23,risk,0,91,626,0.23,1.5822,1,True,B,meta-llama/Llama-3.1-8B-Instruct,chat,riskneutral,0,0.94967,0.05533,1,,,massA=0.00278 massB=0.0525,before,0,0.0
p1,267,26,risk,0,59,151,0.36,0.9214,3,False,A,meta-llama/Llama-3.1-8B-Instruct,chat,riskneutral,0,0.88563,0.00993,1,,,massA=0.0088 massB=0.00114,before,0,0.0
p1,80,8,risk,0,62,263,0.33,1.3998,0,True,B,meta-llama/Llama-3.1-8B-Instruct,chat,riskneutral,0,0.77184,0.03118,1,,,massA=0.00711 massB=0.0241,before,0,0.0
p1,97,9,risk,0,49,153,0.26,0.8118,3,False,A,meta-llama/Llama-3.1-8B-Instruct,chat,riskneutral,0,0.82446,0.01523,1,,,massA=0.0126 massB=0.00267,before,0,0.0
p1,265,26,risk,0,59,151,0.36,0.9214,2,False,A,meta-llama/Llama-3.1-8B-Instruct,chat,riskneutral,0,0.73564,3e-05,1,,,massA=2.44e-05 massB=8.76e-06,before,0,0.0
p1,223,22,risk,0,81,163,0.72,1.4489,1,False,A,meta-llama/Llama-3.1-8B-Instruct,chat,riskneutral,0,0.19437,0.00722,1,,,massA=0.0014 massB=0.00582,before,0,0.0
p1,12,1,risk,0,58,116,0.66,1.32,1,True,B,meta-llama/Llama-3.1-8B-Instruct,chat,riskneutral,0,0.95397,0.05736,1,,,massA=0.00264 massB=0.0547,before,0,0.0
p1,211,21,risk,0,106,206,0.73,1.4187,0,False,A,meta-llama/Llama-3.1-8B-Instruct,chat,riskneutral,0,0.34865,0.01037,1,,,massA=0.00362 massB=0.00675,before,0,0.0
p1,298,29,risk,0,79,81,0.83,0.851,4,True,B,meta-llama/Llama-3.1-8B-Instruct,chat,riskneutral,0,0.86339,0.00032,1,,,massA=4.4e-05 massB=0.000278,before,0,0.0
p1,259,25,risk,0,124,207,0.76,1.2687,4,False,A,meta-llama/Llama-3.1-8B-Instruct,chat,riskneutral,0,0.65313,2e-05,1,,,massA=1.13e-05 massB=5.98e-06,before,0,0.0
p1,87,8,risk,0,62,263,0.33,1.3998,3,False,A,meta-llama/Llama-3.1-8B-Instruct,chat,riskneutral,0,0.82894,0.0135,1,,,massA=0.0112 massB=0.00231,before,0,0.0
p1,32,3,risk,0,46,158,0.33,1.1335,1,True,B,meta-llama/Llama-3.1-8B-Instruct,chat,riskneutral,0,0.93343,0.06412,1,,,massA=0.00427 massB=0.0599,before,0,0.0
p1,276,27,risk,0,166,433,0.53,1.3825,3,True,B,meta-llama/Llama-3.1-8B-Instruct,chat,riskneutral,0,0.7773,0.0377,1,,,massA=0.0084 massB=0.0293,before,0,0.0
p1,287,28,risk,0,132,181,0.76,1.0421,3,False,A,meta-llama/Llama-3.1-8B-Instruct,chat,riskneutral,0,0.85585,0.00864,1,,,massA=0.0074 massB=0.00125,before,0,0.0
p1,367,36,risk,0,98,227,0.47,1.0887,3,False,A,meta-llama/Llama-3.1-8B-Instruct,chat,riskneutral,0,0.84183,0.00882,1,,,massA=0.00742 massB=0.0014,before,0,0.0
p1,355,35,risk,0,91,133,0.68,0.9938,2,False,A,meta-llama/Llama-3.1-8B-Instruct,chat,riskneutral,0,0.75492,4e-05,1,,,massA=3.19e-05 massB=1.04e-05,before,0,0.0
p1,126,12,risk,0,164,541,0.38,1.2535,3,True,B,meta-llama/Llama-3.1-8B-Instruct,chat,riskneutral,0,0.76629,0.02637,1,,,massA=0.00616 massB=0.0202,before,0,0.0
p1,36,3,risk,0,46,158,0.33,1.1335,3,True,B,meta-llama/Llama-3.1-8B-Instruct,chat,riskneutral,0,0.60019,0.02089,1,,,massA=0.00835 massB=0.0125,before,0,0.0
p1,245,24,risk,0,168,214,0.76,0.9681,2,False,A,meta-llama/Llama-3.1-8B-Instruct,chat,riskneutral,0,0.58889,4e-05,1,,,massA=2.3e-05 massB=1.61e-05,before,0,0.0
p1,177,17,risk,0,117,362,0.42,1.2995,3,False,A,meta-llama/Llama-3.1-8B-Instruct,chat,riskneutral,0,0.85777,0.00813,1,,,massA=0.00697 massB=0.00116,before,0,0.0
p1,133,13,risk,0,72,88,0.64,0.7822,1,False,A,meta-llama/Llama-3.1-8B-Instruct,chat,riskneutral,0,0.28777,0.00531,1,,,massA=0.00153 massB=0.00378,before,0,0.0
p1,312,31,risk,0,51,151,0.29,0.8586,1,True,B,meta-llama/Llama-3.1-8B-Instruct,chat,riskneutral,0,0.95328,0.07461,1,,,massA=0.00349 massB=0.0711,before,0,0.0
p1,221,22,risk,0,81,163,0.72,1.4489,0,False,A,meta-llama/Llama-3.1-8B-Instruct,chat,riskneutral,0,0.37023,0.00783,1,,,massA=0.0029 massB=0.00493,before,0,0.0
p1,280,28,risk,0,132,181,0.76,1.0421,0,True,B,meta-llama/Llama-3.1-8B-Instruct,chat,riskneutral,0,0.86154,0.04212,1,,,massA=0.00583 massB=0.0363,before,0,0.0
p1,164,16,risk,0,139,234,0.6,1.0101,2,True,B,meta-llama/Llama-3.1-8B-Instruct,chat,riskneutral,0,0.8706,0.00033,1,,,massA=4.31e-05 massB=0.00029,before,0,0.0
p1,124,12,risk,0,164,541,0.38,1.2535,2,True,B,meta-llama/Llama-3.1-8B-Instruct,chat,riskneutral,0,0.8706,0.00045,1,,,massA=5.8e-05 massB=0.00039,before,0,0.0
p1,332,33,risk,0,142,446,0.53,1.6646,1,True,B,meta-llama/Llama-3.1-8B-Instruct,chat,riskneutral,0,0.96036,0.07125,1,,,massA=0.00282 massB=0.0684,before,0,0.0
p1,226,22,risk,0,81,163,0.72,1.4489,3,True,B,meta-llama/Llama-3.1-8B-Instruct,chat,riskneutral,0,0.80807,0.03232,1,,,massA=0.0062 massB=0.0261,before,0,0.0
p1,391,39,risk,0,178,567,0.32,1.0193,0,False,A,meta-llama/Llama-3.1-8B-Instruct,chat,riskneutral,0,0.39607,0.00994,1,,,massA=0.00394 massB=0.006,before,0,0.0
p1,81,8,risk,0,62,263,0.33,1.3998,0,False,A,meta-llama/Llama-3.1-8B-Instruct,chat,riskneutral,0,0.40357,0.01277,1,,,massA=0.00515 massB=0.00761,before,0,0.0
p1,71,7,risk,0,63,98,0.64,0.9956,0,False,A,meta-llama/Llama-3.1-8B-Instruct,chat,riskneutral,0,0.49609,0.0048,1,,,massA=0.00238 massB=0.00242,before,0,0.0
p1,17,1,risk,0,58,116,0.66,1.32,3,False,A,meta-llama/Llama-3.1-8B-Instruct,chat,riskneutral,0,0.88563,0.0115,1,,,massA=0.0102 massB=0.00132,before,0,0.0
p1,236,23,risk,0,91,626,0.23,1.5822,3,True,B,meta-llama/Llama-3.1-8B-Instruct,chat,riskneutral,0,0.65135,0.01506,1,,,massA=0.00525 massB=0.00981,before,0,0.0
p1,206,20,risk,0,186,266,0.63,0.901,3,True,B,meta-llama/Llama-3.1-8B-Instruct,chat,riskneutral,0,0.80069,0.02325,1,,,massA=0.00463 massB=0.0186,before,0,0.0
p1,68,6,risk,0,94,101,0.71,0.7629,4,True,B,meta-llama/Llama-3.1-8B-Instruct,chat,riskneutral,0,0.87235,0.00023,1,,,massA=2.91e-05 massB=0.000199,before,0,0.0
p1,337,33,risk,0,142,446,0.53,1.6646,3,False,A,meta-llama/Llama-3.1-8B-Instruct,chat,riskneutral,0,0.82894,0.01123,1,,,massA=0.00931 massB=0.00192,before,0,0.0
p1,44,4,risk,0,29,71,0.55,1.3466,2,True,B,meta-llama/Llama-3.1-8B-Instruct,chat,riskneutral,0,0.86522,0.00042,1,,,massA=5.66e-05 massB=0.000363,before,0,0.0
p1,188,18,risk,0,41,61,0.58,0.8629,4,True,B,meta-llama/Llama-3.1-8B-Instruct,chat,riskneutral,0,0.84797,9e-05,1,,,massA=1.37e-05 massB=7.64e-05,before,0,0.0
p1,354,35,risk,0,91,133,0.68,0.9938,2,True,B,meta-llama/Llama-3.1-8B-Instruct,chat,riskneutral,0,0.87915,0.00067,1,,,massA=8.07e-05 massB=0.000587,before,0,0.0
p1,210,21,risk,0,106,206,0.73,1.4187,0,True,B,meta-llama/Llama-3.1-8B-Instruct,chat,riskneutral,0,0.89181,0.04867,1,,,massA=0.00527 massB=0.0434,before,0,0.0
p1,60,6,risk,0,94,101,0.71,0.7629,0,True,B,meta-llama/Llama-3.1-8B-Instruct,chat,riskneutral,0,0.87748,0.04982,1,,,massA=0.0061 massB=0.0437,before,0,0.0
p1,70,7,risk,0,63,98,0.64,0.9956,0,True,B,meta-llama/Llama-3.1-8B-Instruct,chat,riskneutral,0,0.85966,0.03141,1,,,massA=0.00441 massB=0.027,before,0,0.0
p1,273,27,risk,0,166,433,0.53,1.3825,1,False,A,meta-llama/Llama-3.1-8B-Instruct,chat,riskneutral,0,0.21469,0.01221,1,,,massA=0.00262 massB=0.00959,before,0,0.0
p1,174,17,risk,0,117,362,0.42,1.2995,2,True,B,meta-llama/Llama-3.1-8B-Instruct,chat,riskneutral,0,0.86154,0.0003,1,,,massA=4.13e-05 massB=0.000257,before,0,0.0
p1,100,10,risk,0,111,278,0.58,1.4526,0,True,B,meta-llama/Llama-3.1-8B-Instruct,chat,riskneutral,0,0.83114,0.04242,1,,,massA=0.00716 massB=0.0353,before,0,0.0
p1,176,17,risk,0,117,362,0.42,1.2995,3,True,B,meta-llama/Llama-3.1-8B-Instruct,chat,riskneutral,0,0.74909,0.01838,1,,,massA=0.00461 massB=0.0138,before,0,0.0
p1,272,27,risk,0,166,433,0.53,1.3825,1,True,B,meta-llama/Llama-3.1-8B-Instruct,chat,riskneutral,0,0.96095,0.09628,1,,,massA=0.00376 massB=0.0925,before,0,0.0
p1,149,14,risk,0,81,201,0.68,1.6874,4,False,A,meta-llama/Llama-3.1-8B-Instruct,chat,riskneutral,0,0.72798,2e-05,1,,,massA=1.26e-05 massB=4.69e-06,before,0,0.0
p1,294,29,risk,0,79,81,0.83,0.851,2,True,B,meta-llama/Llama-3.1-8B-Instruct,chat,riskneutral,0,0.90192,0.00106,1,,,massA=0.000104 massB=0.00096,before,0,0.0
p1,385,38,risk,0,183,609,0.38,1.2646,2,False,A,meta-llama/Llama-3.1-8B-Instruct,chat,riskneutral,0,0.6943,3e-05,1,,,massA=2.2e-05 massB=9.7e-06,before,0,0.0
p1,64,6,risk,0,94,101,0.71,0.7629,2,True,B,meta-llama/Llama-3.1-8B-Instruct,chat,riskneutral,0,0.8872,0.00086,1,,,massA=9.68e-05 massB=0.000762,before,0,0.0
p1,241,24,risk,0,168,214,0.76,0.9681,0,False,A,meta-llama/Llama-3.1-8B-Instruct,chat,riskneutral,0,0.35577,0.00983,1,,,massA=0.0035 massB=0.00633,before,0,0.0
p1,37,3,risk,0,46,158,0.33,1.1335,3,False,A,meta-llama/Llama-3.1-8B-Instruct,chat,riskneutral,0,0.85195,0.01774,1,,,massA=0.0151 massB=0.00263,before,0,0.0
p1,198,19,risk,0,64,122,0.49,0.9341,4,True,B,meta-llama/Llama-3.1-8B-Instruct,chat,riskneutral,0,0.81048,0.0001,1,,,massA=1.87e-05 massB=7.98e-05,before,0,0.0
p1,216,21,risk,0,106,206,0.73,1.4187,3,True,B,meta-llama/Llama-3.1-8B-Instruct,chat,riskneutral,0,0.77999,0.02745,1,,,massA=0.00604 massB=0.0214,before,0,0.0
p1,360,36,risk,0,98,227,0.47,1.0887,0,True,B,meta-llama/Llama-3.1-8B-Instruct,chat,riskneutral,0,0.8706,0.06619,1,,,massA=0.00857 massB=0.0576,before,0,0.0
p1,254,25,risk,0,124,207,0.76,1.2687,2,True,B,meta-llama/Llama-3.1-8B-Instruct,chat,riskneutral,0,0.86704,0.00052,1,,,massA=6.95e-05 massB=0.000453,before,0,0.0
p1,258,25,risk,0,124,207,0.76,1.2687,4,True,B,meta-llama/Llama-3.1-8B-Instruct,chat,riskneutral,0,0.85777,0.0002,1,,,massA=2.86e-05 massB=0.000173,before,0,0.0
p1,377,37,risk,0,151,252,0.68,1.1348,3,False,A,meta-llama/Llama-3.1-8B-Instruct,chat,riskneutral,0,0.87235,0.01231,1,,,massA=0.0107 massB=0.00157,before,0,0.0
p1,120,12,risk,0,164,541,0.38,1.2535,0,True,B,meta-llama/Llama-3.1-8B-Instruct,chat,riskneutral,0,0.86883,0.03764,1,,,massA=0.00494 massB=0.0327,before,0,0.0
p1,389,38,risk,0,183,609,0.38,1.2646,4,False,A,meta-llama/Llama-3.1-8B-Instruct,chat,riskneutral,0,0.70253,1e-05,1,,,massA=8.98e-06 massB=3.8e-06,before,0,0.0
p1,281,28,risk,0,132,181,0.76,1.0421,0,False,A,meta-llama/Llama-3.1-8B-Instruct,chat,riskneutral,0,0.40357,0.00661,1,,,massA=0.00267 massB=0.00394,before,0,0.0
p1,260,26,risk,0,59,151,0.36,0.9214,0,True,B,meta-llama/Llama-3.1-8B-Instruct,chat,riskneutral,0,0.82219,0.02789,1,,,massA=0.00496 massB=0.0229,before,0,0.0
p1,146,14,risk,0,81,201,0.68,1.6874,3,True,B,meta-llama/Llama-3.1-8B-Instruct,chat,riskneutral,0,0.81989,0.03201,1,,,massA=0.00577 massB=0.0262,before,0,0.0
p1,179,17,risk,0,117,362,0.42,1.2995,4,False,A,meta-llama/Llama-3.1-8B-Instruct,chat,riskneutral,0,0.6943,2e-05,1,,,massA=1.25e-05 massB=5.5e-06,before,0,0.0
p1,271,27,risk,0,166,433,0.53,1.3825,0,False,A,meta-llama/Llama-3.1-8B-Instruct,chat,riskneutral,0,0.37754,0.01094,1,,,massA=0.00413 massB=0.00681,before,0,0.0
p1,264,26,risk,0,59,151,0.36,0.9214,2,True,B,meta-llama/Llama-3.1-8B-Instruct,chat,riskneutral,0,0.84997,0.00029,1,,,massA=4.29e-05 massB=0.000243,before,0,0.0
p1,290,29,risk,0,79,81,0.83,0.851,0,True,B,meta-llama/Llama-3.1-8B-Instruct,chat,riskneutral,0,0.8808,0.08784,1,,,massA=0.0105 massB=0.0774,before,0,0.0
p1,343,34,risk,0,52,96,0.63,1.1631,1,False,A,meta-llama/Llama-3.1-8B-Instruct,chat,riskneutral,0,0.28777,0.00425,1,,,massA=0.00122 massB=0.00303,before,0,0.0
p1,286,28,risk,0,132,181,0.76,1.0421,3,True,B,meta-llama/Llama-3.1-8B-Instruct,chat,riskneutral,0,0.75491,0.02847,1,,,massA=0.00698 massB=0.0215,before,0,0.0
p1,51,5,risk,0,162,381,0.46,1.0819,0,False,A,meta-llama/Llama-3.1-8B-Instruct,chat,riskneutral,0,0.39234,0.00973,1,,,massA=0.00382 massB=0.00591,before,0,0.0
p1,252,25,risk,0,124,207,0.76,1.2687,1,True,B,meta-llama/Llama-3.1-8B-Instruct,chat,riskneutral,0,0.96267,0.0911,1,,,massA=0.0034 massB=0.0877,before,0,0.0
p1,107,10,risk,0,111,278,0.58,1.4526,3,False,A,meta-llama/Llama-3.1-8B-Instruct,chat,riskneutral,0,0.85195,0.00956,1,,,massA=0.00815 massB=0.00142,before,0,0.0
p1,173,17,risk,0,117,362,0.42,1.2995,1,False,A,meta-llama/Llama-3.1-8B-Instruct,chat,riskneutral,0,0.20181,0.00993,1,,,massA=0.002 massB=0.00792,before,0,0.0
p1,382,38,risk,0,183,609,0.38,1.2646,1,True,B,meta-llama/Llama-3.1-8B-Instruct,chat,riskneutral,0,0.9679,0.079,1,,,massA=0.00254 massB=0.0765,before,0,0.0
p1,59,5,risk,0,162,381,0.46,1.0819,4,False,A,meta-llama/Llama-3.1-8B-Instruct,chat,riskneutral,0,0.72487,3e-05,1,,,massA=2.17e-05 massB=8.24e-06,before,0,0.0
p1,330,33,risk,0,142,446,0.53,1.6646,0,True,B,meta-llama/Llama-3.1-8B-Instruct,chat,riskneutral,0,0.85777,0.03538,1,,,massA=0.00503 massB=0.0303,before,0,0.0
p1,317,31,risk,0,51,151,0.29,0.8586,3,False,A,meta-llama/Llama-3.1-8B-Instruct,chat,riskneutral,0,0.83114,0.01512,1,,,massA=0.0126 massB=0.00255,before,0,0.0
p1,99,9,risk,0,49,153,0.26,0.8118,4,False,A,meta-llama/Llama-3.1-8B-Instruct,chat,riskneutral,0,0.71859,2e-05,1,,,massA=1.54e-05 massB=6.04e-06,before,0,0.0
p1,308,30,risk,0,149,447,0.26,0.78,4,True,B,meta-llama/Llama-3.1-8B-Instruct,chat,riskneutral,0,0.83332,0.00014,1,,,massA=2.34e-05 massB=0.000117,before,0,0.0
p1,54,5,risk,0,162,381,0.46,1.0819,2,True,B,meta-llama/Llama-3.1-8B-Instruct,chat,riskneutral,0,0.87915,0.00043,1,,,massA=5.17e-05 massB=0.000376,before,0,0.0
p1,350,35,risk,0,91,133,0.68,0.9938,0,True,B,meta-llama/Llama-3.1-8B-Instruct,chat,riskneutral,0,0.87748,0.0384,1,,,massA=0.0047 massB=0.0337,before,0,0.0
p1,194,19,risk,0,64,122,0.49,0.9341,2,True,B,meta-llama/Llama-3.1-8B-Instruct,chat,riskneutral,0,0.81523,0.00032,1,,,massA=5.98e-05 massB=0.000264,before,0,0.0
p1,39,3,risk,0,46,158,0.33,1.1335,4,False,A,meta-llama/Llama-3.1-8B-Instruct,chat,riskneutral,0,0.76629,3e-05,1,,,massA=2.53e-05 massB=7.71e-06,before,0,0.0
p1,230,23,risk,0,91,626,0.23,1.5822,0,True,B,meta-llama/Llama-3.1-8B-Instruct,chat,riskneutral,0,0.80317,0.02179,1,,,massA=0.00429 massB=0.0175,before,0,0.0
p1,53,5,risk,0,162,381,0.46,1.0819,1,False,A,meta-llama/Llama-3.1-8B-Instruct,chat,riskneutral,0,0.23371,0.01386,1,,,massA=0.00324 massB=0.0106,before,0,0.0
p1,250,25,risk,0,124,207,0.76,1.2687,0,True,B,meta-llama/Llama-3.1-8B-Instruct,chat,riskneutral,0,0.86154,0.04538,1,,,massA=0.00628 massB=0.0391,before,0,0.0
p1,90,9,risk,0,49,153,0.26,0.8118,0,True,B,meta-llama/Llama-3.1-8B-Instruct,chat,riskneutral,0,0.79311,0.02433,1,,,massA=0.00503 massB=0.0193,before,0,0.0
p1,48,4,risk,0,29,71,0.55,1.3466,4,True,B,meta-llama/Llama-3.1-8B-Instruct,chat,riskneutral,0,0.85195,0.00015,1,,,massA=2.18e-05 massB=0.000125,before,0,0.0
p1,251,25,risk,0,124,207,0.76,1.2687,0,False,A,meta-llama/Llama-3.1-8B-Instruct,chat,riskneutral,0,0.38862,0.0094,1,,,massA=0.00365 massB=0.00574,before,0,0.0
p1,102,10,risk,0,111,278,0.58,1.4526,1,True,B,meta-llama/Llama-3.1-8B-Instruct,chat,riskneutral,0,0.94892,0.08902,1,,,massA=0.00455 massB=0.0845,before,0,0.0
p1,328,32,risk,0,131,236,0.57,1.0269,4,True,B,meta-llama/Llama-3.1-8B-Instruct,chat,riskneutral,0,0.85585,0.00015,1,,,massA=2.18e-05 massB=0.000129,before,0,0.0
p1,109,10,risk,0,111,278,0.58,1.4526,4,False,A,meta-llama/Llama-3.1-8B-Instruct,chat,riskneutral,0,0.67576,2e-05,1,,,massA=1.15e-05 massB=5.52e-06,before,0,0.0
p1,261,26,risk,0,59,151,0.36,0.9214,0,False,A,meta-llama/Llama-3.1-8B-Instruct,chat,riskneutral,0,0.46102,0.00804,1,,,massA=0.00371 massB=0.00433,before,0,0.0
p1,220,22,risk,0,81,163,0.72,1.4489,0,True,B,meta-llama/Llama-3.1-8B-Instruct,chat,riskneutral,0,0.89331,0.05136,1,,,massA=0.00548 massB=0.0459,before,0,0.0
p1,323,32,risk,0,131,236,0.57,1.0269,1,False,A,meta-llama/Llama-3.1-8B-Instruct,chat,riskneutral,0,0.22816,0.00795,1,,,massA=0.00181 massB=0.00613,before,0,0.0
p1,374,37,risk,0,151,252,0.68,1.1348,2,True,B,meta-llama/Llama-3.1-8B-Instruct,chat,riskneutral,0,0.87408,0.00048,1,,,massA=6.09e-05 massB=0.000423,before,0,0.0
p1,284,28,risk,0,132,181,0.76,1.0421,2,True,B,meta-llama/Llama-3.1-8B-Instruct,chat,riskneutral,0,0.86704,0.00054,1,,,massA=7.19e-05 massB=0.000469,before,0,0.0
p1,10,1,risk,0,58,116,0.66,1.32,0,True,B,meta-llama/Llama-3.1-8B-Instruct,chat,riskneutral,0,0.84594,0.0423,1,,,massA=0.00652 massB=0.0358,before,0,0.0
p1,224,22,risk,0,81,163,0.72,1.4489,2,True,B,meta-llama/Llama-3.1-8B-Instruct,chat,riskneutral,0,0.90053,0.00048,1,,,massA=4.82e-05 massB=0.000436,before,0,0.0
p1,292,29,risk,0,79,81,0.83,0.851,1,True,B,meta-llama/Llama-3.1-8B-Instruct,chat,riskneutral,0,0.95728,0.10925,1,,,massA=0.00467 massB=0.105,before,0,0.0
p1,235,23,risk,0,91,626,0.23,1.5822,2,False,A,meta-llama/Llama-3.1-8B-Instruct,chat,riskneutral,0,0.65135,5e-05,1,,,massA=3.39e-05 massB=1.81e-05,before,0,0.0
p1,182,18,risk,0,41,61,0.58,0.8629,1,True,B,meta-llama/Llama-3.1-8B-Instruct,chat,riskneutral,0,0.96432,0.04368,1,,,massA=0.00156 massB=0.0421,before,0,0.0
p1,299,29,risk,0,79,81,0.83,0.851,4,False,A,meta-llama/Llama-3.1-8B-Instruct,chat,riskneutral,0,0.80563,1e-05,1,,,massA=9e-06 massB=2.17e-06,before,0,0.0
p1,196,19,risk,0,64,122,0.49,0.9341,3,True,B,meta-llama/Llama-3.1-8B-Instruct,chat,riskneutral,0,0.6478,0.02089,1,,,massA=0.00736 massB=0.0135,before,0,0.0
p1,291,29,risk,0,79,81,0.83,0.851,0,False,A,meta-llama/Llama-3.1-8B-Instruct,chat,riskneutral,0,0.52342,0.00711,1,,,massA=0.00372 massB=0.00339,before,0,0.0
p1,353,35,risk,0,91,133,0.68,0.9938,1,False,A,meta-llama/Llama-3.1-8B-Instruct,chat,riskneutral,0,0.27513,0.00799,1,,,massA=0.0022 massB=0.00579,before,0,0.0
p1,166,16,risk,0,139,234,0.6,1.0101,3,True,B,meta-llama/Llama-3.1-8B-Instruct,chat,riskneutral,0,0.75201,0.01711,1,,,massA=0.00424 massB=0.0129,before,0,0.0
p1,104,10,risk,0,111,278,0.58,1.4526,2,True,B,meta-llama/Llama-3.1-8B-Instruct,chat,riskneutral,0,0.8439,0.00064,1,,,massA=9.98e-05 massB=0.00054,before,0,0.0
p1,380,38,risk,0,183,609,0.38,1.2646,0,True,B,meta-llama/Llama-3.1-8B-Instruct,chat,riskneutral,0,0.87915,0.03526,1,,,massA=0.00426 massB=0.031,before,0,0.0
p1,27,2,risk,0,162,661,0.26,1.0609,3,False,A,meta-llama/Llama-3.1-8B-Instruct,chat,riskneutral,0,0.77458,0.01228,1,,,massA=0.00951 massB=0.00277,before,0,0.0
p1,114,11,risk,0,54,68,0.81,1.02,2,True,B,meta-llama/Llama-3.1-8B-Instruct,chat,riskneutral,0,0.89625,0.00072,1,,,massA=7.46e-05 massB=0.000645,before,0,0.0
p1,336,33,risk,0,142,446,0.53,1.6646,3,True,B,meta-llama/Llama-3.1-8B-Instruct,chat,riskneutral,0,0.74909,0.02706,1,,,massA=0.00679 massB=0.0203,before,0,0.0
p1,138,13,risk,0,72,88,0.64,0.7822,4,True,B,meta-llama/Llama-3.1-8B-Instruct,chat,riskneutral,0,0.82446,7e-05,1,,,massA=1.23e-05 massB=5.76e-05,before,0,0.0
p1,115,11,risk,0,54,68,0.81,1.02,2,False,A,meta-llama/Llama-3.1-8B-Instruct,chat,riskneutral,0,0.76769,3e-05,1,,,massA=2.49e-05 massB=7.54e-06,before,0,0.0
p1,26,2,risk,0,162,661,0.26,1.0609,3,True,B,meta-llama/Llama-3.1-8B-Instruct,chat,riskneutral,0,0.64064,0.01853,1,,,massA=0.00666 massB=0.0119,before,0,0.0
p1,262,26,risk,0,59,151,0.36,0.9214,1,True,B,meta-llama/Llama-3.1-8B-Instruct,chat,riskneutral,0,0.95257,0.05504,1,,,massA=0.00261 massB=0.0524,before,0,0.0
p1,52,5,risk,0,162,381,0.46,1.0819,1,True,B,meta-llama/Llama-3.1-8B-Instruct,chat,riskneutral,0,0.96691,0.08331,1,,,massA=0.00276 massB=0.0806,before,0,0.0
p1,384,38,risk,0,183,609,0.38,1.2646,2,True,B,meta-llama/Llama-3.1-8B-Instruct,chat,riskneutral,0,0.87408,0.00043,1,,,massA=5.38e-05 massB=0.000374,before,0,0.0
p1,201,20,risk,0,186,266,0.63,0.901,0,False,A,meta-llama/Llama-3.1-8B-Instruct,chat,riskneutral,0,0.43015,0.0072,1,,,massA=0.0031 massB=0.0041,before,0,0.0
p1,209,20,risk,0,186,266,0.63,0.901,4,False,A,meta-llama/Llama-3.1-8B-Instruct,chat,riskneutral,0,0.71542,2e-05,1,,,massA=1.19e-05 massB=4.72e-06,before,0,0.0
p1,200,20,risk,0,186,266,0.63,0.901,0,True,B,meta-llama/Llama-3.1-8B-Instruct,chat,riskneutral,0,0.87915,0.03569,1,,,massA=0.00431 massB=0.0314,before,0,0.0
p1,2,0,risk,0,186,984,0.26,1.3755,1,True,B,meta-llama/Llama-3.1-8B-Instruct,chat,riskneutral,0,0.95663,0.06862,1,,,massA=0.00298 massB=0.0656,before,0,0.0
p1,74,7,risk,0,63,98,0.64,0.9956,2,True,B,meta-llama/Llama-3.1-8B-Instruct,chat,riskneutral,0,0.87748,0.0003,1,,,massA=3.69e-05 massB=0.000265,before,0,0.0
p1,296,29,risk,0,79,81,0.83,0.851,3,True,B,meta-llama/Llama-3.1-8B-Instruct,chat,riskneutral,0,0.77458,0.04427,1,,,massA=0.00998 massB=0.0343,before,0,0.0
p1,57,5,risk,0,162,381,0.46,1.0819,3,False,A,meta-llama/Llama-3.1-8B-Instruct,chat,riskneutral,0,0.83973,0.01268,1,,,massA=0.0106 massB=0.00203,before,0,0.0
p1,21,2,risk,0,162,661,0.26,1.0609,0,False,A,meta-llama/Llama-3.1-8B-Instruct,chat,riskneutral,0,0.33112,0.01121,1,,,massA=0.00371 massB=0.0075,before,0,0.0
p1,334,33,risk,0,142,446,0.53,1.6646,2,True,B,meta-llama/Llama-3.1-8B-Instruct,chat,riskneutral,0,0.86883,0.00046,1,,,massA=6.01e-05 massB=0.000398,before,0,0.0
p1,169,16,risk,0,139,234,0.6,1.0101,4,False,A,meta-llama/Llama-3.1-8B-Instruct,chat,riskneutral,0,0.6943,1e-05,1,,,massA=6.72e-06 massB=2.96e-06,before,0,0.0
p1,346,34,risk,0,52,96,0.63,1.1631,3,True,B,meta-llama/Llama-3.1-8B-Instruct,chat,riskneutral,0,0.73412,0.02135,1,,,massA=0.00568 massB=0.0157,before,0,0.0
p1,18,1,risk,0,58,116,0.66,1.32,4,True,B,meta-llama/Llama-3.1-8B-Instruct,chat,riskneutral,0,0.8439,0.00012,1,,,massA=1.91e-05 massB=0.000103,before,0,0.0
p1,237,23,risk,0,91,626,0.23,1.5822,3,False,A,meta-llama/Llama-3.1-8B-Instruct,chat,riskneutral,0,0.84797,0.00914,1,,,massA=0.00775 massB=0.00139,before,0,0.0
p1,339,33,risk,0,142,446,0.53,1.6646,4,False,A,meta-llama/Llama-3.1-8B-Instruct,chat,riskneutral,0,0.68931,3e-05,1,,,massA=2.06e-05 massB=9.27e-06,before,0,0.0
p1,94,9,risk,0,49,153,0.26,0.8118,2,True,B,meta-llama/Llama-3.1-8B-Instruct,chat,riskneutral,0,0.84797,0.00026,1,,,massA=3.94e-05 massB=0.00022,before,0,0.0
p1,158,15,risk,0,82,113,0.74,1.0198,4,True,B,meta-llama/Llama-3.1-8B-Instruct,chat,riskneutral,0,0.8808,0.00022,1,,,massA=2.61e-05 massB=0.000193,before,0,0.0
p1,175,17,risk,0,117,362,0.42,1.2995,2,False,A,meta-llama/Llama-3.1-8B-Instruct,chat,riskneutral,0,0.67405,3e-05,1,,,massA=2.16e-05 massB=1.04e-05,before,0,0.0
p1,183,18,risk,0,41,61,0.58,0.8629,1,False,A,meta-llama/Llama-3.1-8B-Instruct,chat,riskneutral,0,0.3522,0.0046,1,,,massA=0.00162 massB=0.00298,before,0,0.0
p1,207,20,risk,0,186,266,0.63,0.901,3,False,A,meta-llama/Llama-3.1-8B-Instruct,chat,riskneutral,0,0.85585,0.01138,1,,,massA=0.00974 massB=0.00164,before,0,0.0
p1,333,33,risk,0,142,446,0.53,1.6646,1,False,A,meta-llama/Llama-3.1-8B-Instruct,chat,riskneutral,0,0.21734,0.01033,1,,,massA=0.00224 massB=0.00808,before,0,0.0
p1,316,31,risk,0,51,151,0.29,0.8586,3,True,B,meta-llama/Llama-3.1-8B-Instruct,chat,riskneutral,0,0.68257,0.02167,1,,,massA=0.00688 massB=0.0148,before,0,0.0
p1,79,7,risk,0,63,98,0.64,0.9956,4,False,A,meta-llama/Llama-3.1-8B-Instruct,chat,riskneutral,0,0.75055,1e-05,1,,,massA=7.22e-06 massB=2.4e-06,before,0,0.0
p1,150,15,risk,0,82,113,0.74,1.0198,0,True,B,meta-llama/Llama-3.1-8B-Instruct,chat,riskneutral,0,0.89331,0.05992,1,,,massA=0.00639 massB=0.0535,before,0,0.0
p1,322,32,risk,0,131,236,0.57,1.0269,1,True,B,meta-llama/Llama-3.1-8B-Instruct,chat,riskneutral,0,0.96838,0.0796,1,,,massA=0.00252 massB=0.0771,before,0,0.0
p1,239,23,risk,0,91,626,0.23,1.5822,4,False,A,meta-llama/Llama-3.1-8B-Instruct,chat,riskneutral,0,0.68426,2e-05,1,,,massA=1.17e-05 massB=5.41e-06,before,0,0.0
p1,396,39,risk,0,178,567,0.32,1.0193,3,True,B,meta-llama/Llama-3.1-8B-Instruct,chat,riskneutral,0,0.71859,0.01459,1,,,massA=0.00411 massB=0.0105,before,0,0.0
p1,142,14,risk,0,81,201,0.68,1.6874,1,True,B,meta-llama/Llama-3.1-8B-Instruct,chat,riskneutral,0,0.9752,0.10533,1,,,massA=0.00261 massB=0.103,before,0,0.0
p1,62,6,risk,0,94,101,0.71,0.7629,1,True,B,meta-llama/Llama-3.1-8B-Instruct,chat,riskneutral,0,0.96486,0.08529,1,,,massA=0.003 massB=0.0823,before,0,0.0
p1,263,26,risk,0,59,151,0.36,0.9214,1,False,A,meta-llama/Llama-3.1-8B-Instruct,chat,riskneutral,0,0.29421,0.00968,1,,,massA=0.00285 massB=0.00683,before,0,0.0
p1,378,37,risk,0,151,252,0.68,1.1348,4,True,B,meta-llama/Llama-3.1-8B-Instruct,chat,riskneutral,0,0.84183,0.00015,1,,,massA=2.34e-05 massB=0.000125,before,0,0.0
p1,160,16,risk,0,139,234,0.6,1.0101,0,True,B,meta-llama/Llama-3.1-8B-Instruct,chat,riskneutral,0,0.83762,0.02954,1,,,massA=0.0048 massB=0.0247,before,0,0.0
p1,383,38,risk,0,183,609,0.38,1.2646,1,False,A,meta-llama/Llama-3.1-8B-Instruct,chat,riskneutral,0,0.22542,0.0082,1,,,massA=0.00185 massB=0.00635,before,0,0.0
p1,112,11,risk,0,54,68,0.81,1.02,1,True,B,meta-llama/Llama-3.1-8B-Instruct,chat,riskneutral,0,0.96153,0.08401,1,,,massA=0.00323 massB=0.0808,before,0,0.0
p1,156,15,risk,0,82,113,0.74,1.0198,3,True,B,meta-llama/Llama-3.1-8B-Instruct,chat,riskneutral,0,0.78793,0.03505,1,,,massA=0.00743 massB=0.0276,before,0,0.0
p1,38,3,risk,0,46,158,0.33,1.1335,4,True,B,meta-llama/Llama-3.1-8B-Instruct,chat,riskneutral,0,0.77184,9e-05,1,,,massA=2.12e-05 massB=7.18e-05,before,0,0.0
p1,128,12,risk,0,164,541,0.38,1.2535,4,True,B,meta-llama/Llama-3.1-8B-Instruct,chat,riskneutral,0,0.88563,0.00023,1,,,massA=2.63e-05 massB=0.000204,before,0,0.0
p1,217,21,risk,0,106,206,0.73,1.4187,3,False,A,meta-llama/Llama-3.1-8B-Instruct,chat,riskneutral,0,0.81287,0.01096,1,,,massA=0.00891 massB=0.00205,before,0,0.0
p1,318,31,risk,0,51,151,0.29,0.8586,4,True,B,meta-llama/Llama-3.1-8B-Instruct,chat,riskneutral,0,0.83332,0.00012,1,,,massA=1.92e-05 massB=9.59e-05,before,0,0.0
p1,55,5,risk,0,162,381,0.46,1.0819,2,False,A,meta-llama/Llama-3.1-8B-Instruct,chat,riskneutral,0,0.69925,5e-05,1,,,massA=3.59e-05 massB=1.55e-05,before,0,0.0
p1,96,9,risk,0,49,153,0.26,0.8118,3,True,B,meta-llama/Llama-3.1-8B-Instruct,chat,riskneutral,0,0.63341,0.01502,1,,,massA=0.00551 massB=0.00951,before,0,0.0
p1,8,0,risk,0,186,984,0.26,1.3755,4,True,B,meta-llama/Llama-3.1-8B-Instruct,chat,riskneutral,0,0.85195,0.00015,1,,,massA=2.28e-05 massB=0.000131,before,0,0.0
p1,132,13,risk,0,72,88,0.64,0.7822,1,True,B,meta-llama/Llama-3.1-8B-Instruct,chat,riskneutral,0,0.94738,0.04248,1,,,massA=0.00224 massB=0.0402,before,0,0.0
p1,340,34,risk,0,52,96,0.63,1.1631,0,True,B,meta-llama/Llama-3.1-8B-Instruct,chat,riskneutral,0,0.86339,0.03261,1,,,massA=0.00446 massB=0.0282,before,0,0.0
p1,28,2,risk,0,162,661,0.26,1.0609,4,True,B,meta-llama/Llama-3.1-8B-Instruct,chat,riskneutral,0,0.83548,0.00015,1,,,massA=2.41e-05 massB=0.000122,before,0,0.0
p1,77,7,risk,0,63,98,0.64,0.9956,3,False,A,meta-llama/Llama-3.1-8B-Instruct,chat,riskneutral,0,0.90465,0.00738,1,,,massA=0.00668 massB=0.000704,before,0,0.0
p1,349,34,risk,0,52,96,0.63,1.1631,4,False,A,meta-llama/Llama-3.1-8B-Instruct,chat,riskneutral,0,0.71383,1e-05,1,,,massA=7.05e-06 massB=2.83e-06,before,0,0.0
p1,371,37,risk,0,151,252,0.68,1.1348,0,False,A,meta-llama/Llama-3.1-8B-Instruct,chat,riskneutral,0,0.43398,0.00951,1,,,massA=0.00413 massB=0.00538,before,0,0.0
p1,0,0,risk,0,186,984,0.26,1.3755,0,True,B,meta-llama/Llama-3.1-8B-Instruct,chat,riskneutral,0,0.82219,0.03062,1,,,massA=0.00544 massB=0.0252,before,0,0.0
p1,111,11,risk,0,54,68,0.81,1.02,0,False,A,meta-llama/Llama-3.1-8B-Instruct,chat,riskneutral,0,0.48438,0.00878,1,,,massA=0.00426 massB=0.00453,before,0,0.0
p1,238,23,risk,0,91,626,0.23,1.5822,4,True,B,meta-llama/Llama-3.1-8B-Instruct,chat,riskneutral,0,0.77999,6e-05,1,,,massA=1.26e-05 massB=4.45e-05,before,0,0.0
p1,7,0,risk,0,186,984,0.26,1.3755,3,False,A,meta-llama/Llama-3.1-8B-Instruct,chat,riskneutral,0,0.80317,0.01501,1,,,massA=0.0121 massB=0.00295,before,0,0.0
p1,40,4,risk,0,29,71,0.55,1.3466,0,True,B,meta-llama/Llama-3.1-8B-Instruct,chat,riskneutral,0,0.82446,0.03467,1,,,massA=0.00609 massB=0.0286,before,0,0.0
p1,393,39,risk,0,178,567,0.32,1.0193,1,False,A,meta-llama/Llama-3.1-8B-Instruct,chat,riskneutral,0,0.22816,0.01428,1,,,massA=0.00326 massB=0.011,before,0,0.0
p1,3,0,risk,0,186,984,0.26,1.3755,1,False,A,meta-llama/Llama-3.1-8B-Instruct,chat,riskneutral,0,0.21469,0.01431,1,,,massA=0.00307 massB=0.0112,before,0,0.0
p1,154,15,risk,0,82,113,0.74,1.0198,2,True,B,meta-llama/Llama-3.1-8B-Instruct,chat,riskneutral,0,0.89912,0.00088,1,,,massA=8.92e-05 massB=0.000795,before,0,0.0
p1,129,12,risk,0,164,541,0.38,1.2535,4,False,A,meta-llama/Llama-3.1-8B-Instruct,chat,riskneutral,0,0.69264,2e-05,1,,,massA=1.69e-05 massB=7.51e-06,before,0,0.0
p1,203,20,risk,0,186,266,0.63,0.901,1,False,A,meta-llama/Llama-3.1-8B-Instruct,chat,riskneutral,0,0.24508,0.00955,1,,,massA=0.00234 massB=0.00721,before,0,0.0
p1,118,11,risk,0,54,68,0.81,1.02,4,True,B,meta-llama/Llama-3.1-8B-Instruct,chat,riskneutral,0,0.86154,0.00021,1,,,massA=2.86e-05 massB=0.000178,before,0,0.0
p1,137,13,risk,0,72,88,0.64,0.7822,3,False,A,meta-llama/Llama-3.1-8B-Instruct,chat,riskneutral,0,0.87915,0.00659,1,,,massA=0.00579 massB=0.000796,before,0,0.0
p1,95,9,risk,0,49,153,0.26,0.8118,2,False,A,meta-llama/Llama-3.1-8B-Instruct,chat,riskneutral,0,0.62977,4e-05,1,,,massA=2.49e-05 massB=1.46e-05,before,0,0.0
p1,33,3,risk,0,46,158,0.33,1.1335,1,False,A,meta-llama/Llama-3.1-8B-Instruct,chat,riskneutral,0,0.28141,0.01615,1,,,massA=0.00455 massB=0.0116,before,0,0.0
p1,321,32,risk,0,131,236,0.57,1.0269,0,False,A,meta-llama/Llama-3.1-8B-Instruct,chat,riskneutral,0,0.39234,0.00683,1,,,massA=0.00268 massB=0.00415,before,0,0.0
p1,91,9,risk,0,49,153,0.26,0.8118,0,False,A,meta-llama/Llama-3.1-8B-Instruct,chat,riskneutral,0,0.37023,0.01327,1,,,massA=0.00491 massB=0.00836,before,0,0.0
p1,73,7,risk,0,63,98,0.64,0.9956,1,False,A,meta-llama/Llama-3.1-8B-Instruct,chat,riskneutral,0,0.30404,0.0048,1,,,massA=0.00146 massB=0.00334,before,0,0.0
p1,86,8,risk,0,62,263,0.33,1.3998,3,True,B,meta-llama/Llama-3.1-8B-Instruct,chat,riskneutral,0,0.60393,0.01948,1,,,massA=0.00771 massB=0.0118,before,0,0.0
p1,25,2,risk,0,162,661,0.26,1.0609,2,False,A,meta-llama/Llama-3.1-8B-Instruct,chat,riskneutral,0,0.57368,5e-05,1,,,massA=2.63e-05 massB=1.95e-05,before,0,0.0
p1,197,19,risk,0,64,122,0.49,0.9341,3,False,A,meta-llama/Llama-3.1-8B-Instruct,chat,riskneutral,0,0.81048,0.01321,1,,,massA=0.0107 massB=0.0025,before,0,0.0
p1,155,15,risk,0,82,113,0.74,1.0198,2,False,A,meta-llama/Llama-3.1-8B-Instruct,chat,riskneutral,0,0.70902,4e-05,1,,,massA=2.94e-05 massB=1.21e-05,before,0,0.0
p1,135,13,risk,0,72,88,0.64,0.7822,2,False,A,meta-llama/Llama-3.1-8B-Instruct,chat,riskneutral,0,0.7074,2e-05,1,,,massA=1.61e-05 massB=6.67e-06,before,0,0.0
p1,185,18,risk,0,41,61,0.58,0.8629,2,False,A,meta-llama/Llama-3.1-8B-Instruct,chat,riskneutral,0,0.79693,3e-05,1,,,massA=2.34e-05 massB=5.96e-06,before,0,0.0
p1,92,9,risk,0,49,153,0.26,0.8118,1,True,B,meta-llama/Llama-3.1-8B-Instruct,chat,riskneutral,0,0.94499,0.05147,1,,,massA=0.00283 massB=0.0486,before,0,0.0
p1,370,37,risk,0,151,252,0.68,1.1348,0,True,B,meta-llama/Llama-3.1-8B-Instruct,chat,riskneutral,0,0.85585,0.04274,1,,,massA=0.00616 massB=0.0366,before,0,0.0
p1,398,39,risk,0,178,567,0.32,1.0193,4,True,B,meta-llama/Llama-3.1-8B-Instruct,chat,riskneutral,0,0.8439,0.0001,1,,,massA=1.5e-05 massB=8.12e-05,before,0,0.0
p1,140,14,risk,0,81,201,0.68,1.6874,0,True,B,meta-llama/Llama-3.1-8B-Instruct,chat,riskneutral,0,0.90329,0.0543,1,,,massA=0.00525 massB=0.0491,before,0,0.0
p1,243,24,risk,0,168,214,0.76,0.9681,1,False,A,meta-llama/Llama-3.1-8B-Instruct,chat,riskneutral,0,0.18243,0.01173,1,,,massA=0.00214 massB=0.00959,before,0,0.0
p1,253,25,risk,0,124,207,0.76,1.2687,1,False,A,meta-llama/Llama-3.1-8B-Instruct,chat,riskneutral,0,0.21207,0.00902,1,,,massA=0.00191 massB=0.00711,before,0,0.0
p1,352,35,risk,0,91,133,0.68,0.9938,1,True,B,meta-llama/Llama-3.1-8B-Instruct,chat,riskneutral,0,0.96838,0.07436,1,,,massA=0.00235 massB=0.072,before,0,0.0
p1,303,30,risk,0,149,447,0.26,0.78,1,False,A,meta-llama/Llama-3.1-8B-Instruct,chat,riskneutral,0,0.19437,0.01651,1,,,massA=0.00321 massB=0.0133,before,0,0.0
p1,84,8,risk,0,62,263,0.33,1.3998,2,True,B,meta-llama/Llama-3.1-8B-Instruct,chat,riskneutral,0,0.80069,0.00039,1,,,massA=7.69e-05 massB=0.000309,before,0,0.0
p1,365,36,risk,0,98,227,0.47,1.0887,2,False,A,meta-llama/Llama-3.1-8B-Instruct,chat,riskneutral,0,0.6478,5e-05,1,,,massA=3.01e-05 massB=1.64e-05,before,0,0.0
p1,369,36,risk,0,98,227,0.47,1.0887,4,False,A,meta-llama/Llama-3.1-8B-Instruct,chat,riskneutral,0,0.65842,2e-05,1,,,massA=1.05e-05 massB=5.45e-06,before,0,0.0
p1,113,11,risk,0,54,68,0.81,1.02,1,False,A,meta-llama/Llama-3.1-8B-Instruct,chat,riskneutral,0,0.28777,0.00681,1,,,massA=0.00196 massB=0.00485,before,0,0.0
p1,186,18,risk,0,41,61,0.58,0.8629,3,True,B,meta-llama/Llama-3.1-8B-Instruct,chat,riskneutral,0,0.76629,0.01853,1,,,massA=0.00433 massB=0.0142,before,0,0.0
p1,341,34,risk,0,52,96,0.63,1.1631,0,False,A,meta-llama/Llama-3.1-8B-Instruct,chat,riskneutral,0,0.44167,0.00487,1,,,massA=0.00215 massB=0.00272,before,0,0.0
p1,313,31,risk,0,51,151,0.29,0.8586,1,False,A,meta-llama/Llama-3.1-8B-Instruct,chat,riskneutral,0,0.26894,0.01554,1,,,massA=0.00418 massB=0.0114,before,0,0.0
p1,143,14,risk,0,81,201,0.68,1.6874,1,False,A,meta-llama/Llama-3.1-8B-Instruct,chat,riskneutral,0,0.25386,0.00943,1,,,massA=0.00239 massB=0.00703,before,0,0.0
p1,72,7,risk,0,63,98,0.64,0.9956,1,True,B,meta-llama/Llama-3.1-8B-Instruct,chat,riskneutral,0,0.96378,0.05484,1,,,massA=0.00199 massB=0.0529,before,0,0.0
p1,170,17,risk,0,117,362,0.42,1.2995,0,True,B,meta-llama/Llama-3.1-8B-Instruct,chat,riskneutral,0,0.85966,0.02732,1,,,massA=0.00383 massB=0.0235,before,0,0.0
p1,181,18,risk,0,41,61,0.58,0.8629,0,False,A,meta-llama/Llama-3.1-8B-Instruct,chat,riskneutral,0,0.51172,0.00573,1,,,massA=0.00293 massB=0.0028,before,0,0.0
p1,1,0,risk,0,186,984,0.26,1.3755,0,False,A,meta-llama/Llama-3.1-8B-Instruct,chat,riskneutral,0,0.34511,0.01377,1,,,massA=0.00475 massB=0.00902,before,0,0.0
p1,105,10,risk,0,111,278,0.58,1.4526,2,False,A,meta-llama/Llama-3.1-8B-Instruct,chat,riskneutral,0,0.64423,4e-05,1,,,massA=2.87e-05 massB=1.58e-05,before,0,0.0
p1,11,1,risk,0,58,116,0.66,1.32,0,False,A,meta-llama/Llama-3.1-8B-Instruct,chat,riskneutral,0,0.49219,0.0084,1,,,massA=0.00414 massB=0.00427,before,0,0.0
p1,244,24,risk,0,168,214,0.76,0.9681,2,True,B,meta-llama/Llama-3.1-8B-Instruct,chat,riskneutral,0,0.89625,0.00058,1,,,massA=5.99e-05 massB=0.000518,before,0,0.0
p1,165,16,risk,0,139,234,0.6,1.0101,2,False,A,meta-llama/Llama-3.1-8B-Instruct,chat,riskneutral,0,0.66541,2e-05,1,,,massA=1.52e-05 massB=7.67e-06,before,0,0.0
p1,361,36,risk,0,98,227,0.47,1.0887,0,False,A,meta-llama/Llama-3.1-8B-Instruct,chat,riskneutral,0,0.37754,0.00965,1,,,massA=0.00364 massB=0.00601,before,0,0.0
p1,233,23,risk,0,91,626,0.23,1.5822,1,False,A,meta-llama/Llama-3.1-8B-Instruct,chat,riskneutral,0,0.22816,0.0093,1,,,massA=0.00212 massB=0.00718,before,0,0.0
p1,30,3,risk,0,46,158,0.33,1.1335,0,True,B,meta-llama/Llama-3.1-8B-Instruct,chat,riskneutral,0,0.76629,0.03556,1,,,massA=0.00831 massB=0.0272,before,0,0.0
p1,13,1,risk,0,58,116,0.66,1.32,1,False,A,meta-llama/Llama-3.1-8B-Instruct,chat,riskneutral,0,0.25983,0.00668,1,,,massA=0.00173 massB=0.00494,before,0,0.0
p1,347,34,risk,0,52,96,0.63,1.1631,3,False,A,meta-llama/Llama-3.1-8B-Instruct,chat,riskneutral,0,0.87408,0.00843,1,,,massA=0.00737 massB=0.00106,before,0,0.0
p1,119,11,risk,0,54,68,0.81,1.02,4,False,A,meta-llama/Llama-3.1-8B-Instruct,chat,riskneutral,0,0.75779,1e-05,1,,,massA=1.08e-05 massB=3.44e-06,before,0,0.0
p1,257,25,risk,0,124,207,0.76,1.2687,3,False,A,meta-llama/Llama-3.1-8B-Instruct,chat,riskneutral,0,0.84594,0.01114,1,,,massA=0.00943 massB=0.00172,before,0,0.0
p1,255,25,risk,0,124,207,0.76,1.2687,2,False,A,meta-llama/Llama-3.1-8B-Instruct,chat,riskneutral,0,0.64601,3e-05,1,,,massA=1.81e-05 massB=9.94e-06,before,0,0.0
p1,310,31,risk,0,51,151,0.29,0.8586,0,True,B,meta-llama/Llama-3.1-8B-Instruct,chat,riskneutral,0,0.81523,0.03733,1,,,massA=0.0069 massB=0.0304,before,0,0.0
p1,43,4,risk,0,29,71,0.55,1.3466,1,False,A,meta-llama/Llama-3.1-8B-Instruct,chat,riskneutral,0,0.37388,0.00879,1,,,massA=0.00329 massB=0.00551,before,0,0.0
p1,228,22,risk,0,81,163,0.72,1.4489,4,True,B,meta-llama/Llama-3.1-8B-Instruct,chat,riskneutral,0,0.87235,0.00017,1,,,massA=2.17e-05 massB=0.000148,before,0,0.0
p1,103,10,risk,0,111,278,0.58,1.4526,1,False,A,meta-llama/Llama-3.1-8B-Instruct,chat,riskneutral,0,0.19931,0.00815,1,,,massA=0.00162 massB=0.00653,before,0,0.0
p1,83,8,risk,0,62,263,0.33,1.3998,1,False,A,meta-llama/Llama-3.1-8B-Instruct,chat,riskneutral,0,0.22001,0.01406,1,,,massA=0.00309 massB=0.011,before,0,0.0
p1,274,27,risk,0,166,433,0.53,1.3825,2,True,B,meta-llama/Llama-3.1-8B-Instruct,chat,riskneutral,0,0.85585,0.00046,1,,,massA=6.62e-05 massB=0.000393,before,0,0.0
p1,4,0,risk,0,186,984,0.26,1.3755,2,True,B,meta-llama/Llama-3.1-8B-Instruct,chat,riskneutral,0,0.84797,0.00034,1,,,massA=5.16e-05 massB=0.000288,before,0,0.0
p1,277,27,risk,0,166,433,0.53,1.3825,3,False,A,meta-llama/Llama-3.1-8B-Instruct,chat,riskneutral,0,0.83114,0.0133,1,,,massA=0.0111 massB=0.00225,before,0,0.0
p1,275,27,risk,0,166,433,0.53,1.3825,2,False,A,meta-llama/Llama-3.1-8B-Instruct,chat,riskneutral,0,0.69264,6e-05,1,,,massA=4.09e-05 massB=1.82e-05,before,0,0.0
p1,307,30,risk,0,149,447,0.26,0.78,3,False,A,meta-llama/Llama-3.1-8B-Instruct,chat,riskneutral,0,0.78531,0.01386,1,,,massA=0.0109 massB=0.00298,before,0,0.0
p1,325,32,risk,0,131,236,0.57,1.0269,2,False,A,meta-llama/Llama-3.1-8B-Instruct,chat,riskneutral,0,0.71063,3e-05,1,,,massA=2.42e-05 massB=9.85e-06,before,0,0.0
p1,306,30,risk,0,149,447,0.26,0.78,3,True,B,meta-llama/Llama-3.1-8B-Instruct,chat,riskneutral,0,0.66541,0.01836,1,,,massA=0.00614 massB=0.0122,before,0,0.0
p1,397,39,risk,0,178,567,0.32,1.0193,3,False,A,meta-llama/Llama-3.1-8B-Instruct,chat,riskneutral,0,0.83548,0.01027,1,,,massA=0.00858 massB=0.00169,before,0,0.0
p1,89,8,risk,0,62,263,0.33,1.3998,4,False,A,meta-llama/Llama-3.1-8B-Instruct,chat,riskneutral,0,0.71063,2e-05,1,,,massA=1.46e-05 massB=5.96e-06,before,0,0.0
p1,362,36,risk,0,98,227,0.47,1.0887,1,True,B,meta-llama/Llama-3.1-8B-Instruct,chat,riskneutral,0,0.9659,0.10938,1,,,massA=0.00373 massB=0.106,before,0,0.0
p1,22,2,risk,0,162,661,0.26,1.0609,1,True,B,meta-llama/Llama-3.1-8B-Instruct,chat,riskneutral,0,0.95397,0.07594,1,,,massA=0.0035 massB=0.0724,before,0,0.0
p1,324,32,risk,0,131,236,0.57,1.0269,2,True,B,meta-llama/Llama-3.1-8B-Instruct,chat,riskneutral,0,0.88243,0.00061,1,,,massA=7.16e-05 massB=0.000538,before,0,0.0
p1,131,13,risk,0,72,88,0.64,0.7822,0,False,A,meta-llama/Llama-3.1-8B-Instruct,chat,riskneutral,0,0.46102,0.00508,1,,,massA=0.00234 massB=0.00274,before,0,0.0
p1,152,15,risk,0,82,113,0.74,1.0198,1,True,B,meta-llama/Llama-3.1-8B-Instruct,chat,riskneutral,0,0.97113,0.112,1,,,massA=0.00323 massB=0.109,before,0,0.0
p1,187,18,risk,0,41,61,0.58,0.8629,3,False,A,meta-llama/Llama-3.1-8B-Instruct,chat,riskneutral,0,0.89625,0.01039,1,,,massA=0.00931 massB=0.00108,before,0,0.0
p1,213,21,risk,0,106,206,0.73,1.4187,1,False,A,meta-llama/Llama-3.1-8B-Instruct,chat,riskneutral,0,0.19683,0.01041,1,,,massA=0.00205 massB=0.00836,before,0,0.0
p1,189,18,risk,0,41,61,0.58,0.8629,4,False,A,meta-llama/Llama-3.1-8B-Instruct,chat,riskneutral,0,0.77865,2e-05,1,,,massA=1.2e-05 massB=3.42e-06,before,0,0.0
p1,373,37,risk,0,151,252,0.68,1.1348,1,False,A,meta-llama/Llama-3.1-8B-Instruct,chat,riskneutral,0,0.26894,0.00991,1,,,massA=0.00266 massB=0.00724,before,0,0.0
p1,285,28,risk,0,132,181,0.76,1.0421,2,False,A,meta-llama/Llama-3.1-8B-Instruct,chat,riskneutral,0,0.66541,3e-05,1,,,massA=1.77e-05 massB=8.89e-06,before,0,0.0
p1,205,20,risk,0,186,266,0.63,0.901,2,False,A,meta-llama/Llama-3.1-8B-Instruct,chat,riskneutral,0,0.71859,3e-05,1,,,massA=2.51e-05 massB=9.84e-06,before,0,0.0
p1,270,27,risk,0,166,433,0.53,1.3825,0,True,B,meta-llama/Llama-3.1-8B-Instruct,chat,riskneutral,0,0.86522,0.05214,1,,,massA=0.00703 massB=0.0451,before,0,0.0
p1,110,11,risk,0,54,68,0.81,1.02,0,True,B,meta-llama/Llama-3.1-8B-Instruct,chat,riskneutral,0,0.8808,0.0565,1,,,massA=0.00674 massB=0.0498,before,0,0.0
p1,50,5,risk,0,162,381,0.46,1.0819,0,True,B,meta-llama/Llama-3.1-8B-Instruct,chat,riskneutral,0,0.86154,0.03652,1,,,massA=0.00506 massB=0.0315,before,0,0.0
p1,390,39,risk,0,178,567,0.32,1.0193,0,True,B,meta-llama/Llama-3.1-8B-Instruct,chat,riskneutral,0,0.84183,0.02959,1,,,massA=0.00468 massB=0.0249,before,0,0.0
p1,98,9,risk,0,49,153,0.26,0.8118,4,True,B,meta-llama/Llama-3.1-8B-Instruct,chat,riskneutral,0,0.80807,6e-05,1,,,massA=1.18e-05 massB=4.99e-05,before,0,0.0
p1,379,37,risk,0,151,252,0.68,1.1348,4,False,A,meta-llama/Llama-3.1-8B-Instruct,chat,riskneutral,0,0.74317,3e-05,1,,,massA=1.87e-05 massB=6.48e-06,before,0,0.0
p1,106,10,risk,0,111,278,0.58,1.4526,3,True,B,meta-llama/Llama-3.1-8B-Instruct,chat,riskneutral,0,0.71223,0.03079,1,,,massA=0.00886 massB=0.0219,before,0,0.0
p1,24,2,risk,0,162,661,0.26,1.0609,2,True,B,meta-llama/Llama-3.1-8B-Instruct,chat,riskneutral,0,0.85195,0.00039,1,,,massA=5.82e-05 massB=0.000335,before,0,0.0
p1,45,4,risk,0,29,71,0.55,1.3466,2,False,A,meta-llama/Llama-3.1-8B-Instruct,chat,riskneutral,0,0.7773,4e-05,1,,,massA=2.97e-05 massB=8.52e-06,before,0,0.0
p1,240,24,risk,0,168,214,0.76,0.9681,0,True,B,meta-llama/Llama-3.1-8B-Instruct,chat,riskneutral,0,0.88563,0.0479,1,,,massA=0.00548 massB=0.0424,before,0,0.0
p1,214,21,risk,0,106,206,0.73,1.4187,2,True,B,meta-llama/Llama-3.1-8B-Instruct,chat,riskneutral,0,0.88563,0.00059,1,,,massA=6.79e-05 massB=0.000526,before,0,0.0
p1,314,31,risk,0,51,151,0.29,0.8586,2,True,B,meta-llama/Llama-3.1-8B-Instruct,chat,riskneutral,0,0.83973,0.00049,1,,,massA=7.92e-05 massB=0.000415,before,0,0.0
p1,319,31,risk,0,51,151,0.29,0.8586,4,False,A,meta-llama/Llama-3.1-8B-Instruct,chat,riskneutral,0,0.73106,3e-05,1,,,massA=2.39e-05 massB=8.78e-06,before,0,0.0
p1,159,15,risk,0,82,113,0.74,1.0198,4,False,A,meta-llama/Llama-3.1-8B-Instruct,chat,riskneutral,0,0.71542,3e-05,1,,,massA=1.85e-05 massB=7.37e-06,before,0,0.0
p1,222,22,risk,0,81,163,0.72,1.4489,1,True,B,meta-llama/Llama-3.1-8B-Instruct,chat,riskneutral,0,0.96838,0.08138,1,,,massA=0.00257 massB=0.0788,before,0,0.0
p1,329,32,risk,0,131,236,0.57,1.0269,4,False,A,meta-llama/Llama-3.1-8B-Instruct,chat,riskneutral,0,0.73106,1e-05,1,,,massA=1.05e-05 massB=3.85e-06,before,0,0.0
p1,191,19,risk,0,64,122,0.49,0.9341,0,False,A,meta-llama/Llama-3.1-8B-Instruct,chat,riskneutral,0,0.38491,0.00982,1,,,massA=0.00378 massB=0.00604,before,0,0.0
p1,180,18,risk,0,41,61,0.58,0.8629,0,True,B,meta-llama/Llama-3.1-8B-Instruct,chat,riskneutral,0,0.85777,0.02506,1,,,massA=0.00356 massB=0.0215,before,0,0.0
p1,215,21,risk,0,106,206,0.73,1.4187,2,False,A,meta-llama/Llama-3.1-8B-Instruct,chat,riskneutral,0,0.64423,4e-05,1,,,massA=2.6e-05 massB=1.44e-05,before,0,0.0
p1,351,35,risk,0,91,133,0.68,0.9938,0,False,A,meta-llama/Llama-3.1-8B-Instruct,chat,riskneutral,0,0.43782,0.00967,1,,,massA=0.00423 massB=0.00543,before,0,0.0
p1,295,29,risk,0,79,81,0.83,0.851,2,False,A,meta-llama/Llama-3.1-8B-Instruct,chat,riskneutral,0,0.79693,2e-05,1,,,massA=1.97e-05 massB=5.02e-06,before,0,0.0
p1,116,11,risk,0,54,68,0.81,1.02,3,True,B,meta-llama/Llama-3.1-8B-Instruct,chat,riskneutral,0,0.80317,0.04322,1,,,massA=0.00851 massB=0.0347,before,0,0.0
p1,49,4,risk,0,29,71,0.55,1.3466,4,False,A,meta-llama/Llama-3.1-8B-Instruct,chat,riskneutral,0,0.81641,3e-05,1,,,massA=2.46e-05 massB=5.53e-06,before,0,0.0
p1,394,39,risk,0,178,567,0.32,1.0193,2,True,B,meta-llama/Llama-3.1-8B-Instruct,chat,riskneutral,0,0.85391,0.00036,1,,,massA=5.3e-05 massB=0.00031,before,0,0.0
p1,387,38,risk,0,183,609,0.38,1.2646,3,False,A,meta-llama/Llama-3.1-8B-Instruct,chat,riskneutral,0,0.85195,0.0076,1,,,massA=0.00647 massB=0.00112,before,0,0.0
p1,141,14,risk,0,81,201,0.68,1.6874,0,False,A,meta-llama/Llama-3.1-8B-Instruct,chat,riskneutral,0,0.44553,0.00743,1,,,massA=0.00331 massB=0.00412,before,0,0.0
p1,395,39,risk,0,178,567,0.32,1.0193,2,False,A,meta-llama/Llama-3.1-8B-Instruct,chat,riskneutral,0,0.68595,4e-05,1,,,massA=2.75e-05 massB=1.26e-05,before,0,0.0
p1,127,12,risk,0,164,541,0.38,1.2535,3,False,A,meta-llama/Llama-3.1-8B-Instruct,chat,riskneutral,0,0.83548,0.01156,1,,,massA=0.00965 massB=0.0019,before,0,0.0
p1,368,36,risk,0,98,227,0.47,1.0887,4,True,B,meta-llama/Llama-3.1-8B-Instruct,chat,riskneutral,0,0.84183,0.0001,1,,,massA=1.65e-05 massB=8.8e-05,before,0,0.0
p1,359,35,risk,0,91,133,0.68,0.9938,4,False,A,meta-llama/Llama-3.1-8B-Instruct,chat,riskneutral,0,0.74909,2e-05,1,,,massA=1.51e-05 massB=5.06e-06,before,0,0.0
p1,338,33,risk,0,142,446,0.53,1.6646,4,True,B,meta-llama/Llama-3.1-8B-Instruct,chat,riskneutral,0,0.84797,0.00016,1,,,massA=2.5e-05 massB=0.000139,before,0,0.0
p1,218,21,risk,0,106,206,0.73,1.4187,4,True,B,meta-llama/Llama-3.1-8B-Instruct,chat,riskneutral,0,0.86522,0.00017,1,,,massA=2.3e-05 massB=0.000148,before,0,0.0
p1,288,28,risk,0,132,181,0.76,1.0421,4,True,B,meta-llama/Llama-3.1-8B-Instruct,chat,riskneutral,0,0.85777,0.00018,1,,,massA=2.52e-05 massB=0.000152,before,0,0.0
p1,67,6,risk,0,94,101,0.71,0.7629,3,False,A,meta-llama/Llama-3.1-8B-Instruct,chat,riskneutral,0,0.85585,0.00915,1,,,massA=0.00783 massB=0.00132,before,0,0.0
p1,121,12,risk,0,164,541,0.38,1.2535,0,False,A,meta-llama/Llama-3.1-8B-Instruct,chat,riskneutral,0,0.37023,0.00828,1,,,massA=0.00307 massB=0.00521,before,0,0.0
p1,363,36,risk,0,98,227,0.47,1.0887,1,False,A,meta-llama/Llama-3.1-8B-Instruct,chat,riskneutral,0,0.19437,0.01213,1,,,massA=0.00236 massB=0.00978,before,0,0.0
p1,204,20,risk,0,186,266,0.63,0.901,2,True,B,meta-llama/Llama-3.1-8B-Instruct,chat,riskneutral,0,0.8872,0.00045,1,,,massA=5.05e-05 massB=0.000397,before,0,0.0
p1,242,24,risk,0,168,214,0.76,0.9681,1,True,B,meta-llama/Llama-3.1-8B-Instruct,chat,riskneutral,0,0.9679,0.0966,1,,,massA=0.0031 massB=0.0935,before,0,0.0
p1,16,1,risk,0,58,116,0.66,1.32,3,True,B,meta-llama/Llama-3.1-8B-Instruct,chat,riskneutral,0,0.72487,0.02874,1,,,massA=0.00791 massB=0.0208,before,0,0.0
p1,29,2,risk,0,162,661,0.26,1.0609,4,False,A,meta-llama/Llama-3.1-8B-Instruct,chat,riskneutral,0,0.62612,2e-05,1,,,massA=1.3e-05 massB=7.75e-06,before,0,0.0
p1,162,16,risk,0,139,234,0.6,1.0101,1,True,B,meta-llama/Llama-3.1-8B-Instruct,chat,riskneutral,0,0.95728,0.04518,1,,,massA=0.00193 massB=0.0433,before,0,0.0
p1,19,1,risk,0,58,116,0.66,1.32,4,False,A,meta-llama/Llama-3.1-8B-Instruct,chat,riskneutral,0,0.72331,2e-05,1,,,massA=1.36e-05 massB=5.21e-06,before,0,0.0
p1,199,19,risk,0,64,122,0.49,0.9341,4,False,A,meta-llama/Llama-3.1-8B-Instruct,chat,riskneutral,0,0.65489,3e-05,1,,,massA=1.8e-05 massB=9.5e-06,before,0,0.0
p1,5,0,risk,0,186,984,0.26,1.3755,2,False,A,meta-llama/Llama-3.1-8B-Instruct,chat,riskneutral,0,0.62977,5e-05,1,,,massA=3.11e-05 massB=1.83e-05,before,0,0.0
p1,144,14,risk,0,81,201,0.68,1.6874,2,True,B,meta-llama/Llama-3.1-8B-Instruct,chat,riskneutral,0,0.90053,0.00062,1,,,massA=6.19e-05 massB=0.00056,before,0,0.0
p1,108,10,risk,0,111,278,0.58,1.4526,4,True,B,meta-llama/Llama-3.1-8B-Instruct,chat,riskneutral,0,0.83114,0.00025,1,,,massA=4.24e-05 massB=0.000209,before,0,0.0
p1,301,30,risk,0,149,447,0.26,0.78,0,False,A,meta-llama/Llama-3.1-8B-Instruct,chat,riskneutral,0,0.33112,0.01538,1,,,massA=0.00509 massB=0.0103,before,0,0.0
p1,148,14,risk,0,81,201,0.68,1.6874,4,True,B,meta-llama/Llama-3.1-8B-Instruct,chat,riskneutral,0,0.87579,0.00013,1,,,massA=1.63e-05 massB=0.000115,before,0,0.0
p1,15,1,risk,0,58,116,0.66,1.32,2,False,A,meta-llama/Llama-3.1-8B-Instruct,chat,riskneutral,0,0.74762,3e-05,1,,,massA=2.57e-05 massB=8.68e-06,before,0,0.0
p1,20,2,risk,0,162,661,0.26,1.0609,0,True,B,meta-llama/Llama-3.1-8B-Instruct,chat,riskneutral,0,0.80563,0.02947,1,,,massA=0.00573 massB=0.0237,before,0,0.0
p1,193,19,risk,0,64,122,0.49,0.9341,1,False,A,meta-llama/Llama-3.1-8B-Instruct,chat,riskneutral,0,0.21207,0.00945,1,,,massA=0.002 massB=0.00745,before,0,0.0
p1,63,6,risk,0,94,101,0.71,0.7629,1,False,A,meta-llama/Llama-3.1-8B-Instruct,chat,riskneutral,0,0.26894,0.00854,1,,,massA=0.0023 massB=0.00624,before,0,0.0
p1,167,16,risk,0,139,234,0.6,1.0101,3,False,A,meta-llama/Llama-3.1-8B-Instruct,chat,riskneutral,0,0.8706,0.00623,1,,,massA=0.00542 massB=0.000806,before,0,0.0
p1,357,35,risk,0,91,133,0.68,0.9938,3,False,A,meta-llama/Llama-3.1-8B-Instruct,chat,riskneutral,0,0.87915,0.01122,1,,,massA=0.00986 massB=0.00136,before,0,0.0
p1,58,5,risk,0,162,381,0.46,1.0819,4,True,B,meta-llama/Llama-3.1-8B-Instruct,chat,riskneutral,0,0.87408,0.00019,1,,,massA=2.44e-05 massB=0.000169,before,0,0.0
p1,309,30,risk,0,149,447,0.26,0.78,4,False,A,meta-llama/Llama-3.1-8B-Instruct,chat,riskneutral,0,0.66888,2e-05,1,,,massA=1.66e-05 massB=8.2e-06,before,0,0.0
p1,147,14,risk,0,81,201,0.68,1.6874,3,False,A,meta-llama/Llama-3.1-8B-Instruct,chat,riskneutral,0,0.88404,0.01001,1,,,massA=0.00885 massB=0.00116,before,0,0.0
p1,42,4,risk,0,29,71,0.55,1.3466,1,True,B,meta-llama/Llama-3.1-8B-Instruct,chat,riskneutral,0,0.94251,0.05052,1,,,massA=0.0029 massB=0.0476,before,0,0.0
p1,249,24,risk,0,168,214,0.76,0.9681,4,False,A,meta-llama/Llama-3.1-8B-Instruct,chat,riskneutral,0,0.58889,2e-05,1,,,massA=1.38e-05 massB=9.67e-06,before,0,0.0
p1,311,31,risk,0,51,151,0.29,0.8586,0,False,A,meta-llama/Llama-3.1-8B-Instruct,chat,riskneutral,0,0.39607,0.01625,1,,,massA=0.00643 massB=0.00981,before,0,0.0
p1,163,16,risk,0,139,234,0.6,1.0101,1,False,A,meta-llama/Llama-3.1-8B-Instruct,chat,riskneutral,0,0.29421,0.00683,1,,,massA=0.00201 massB=0.00482,before,0,0.0
p1,122,12,risk,0,164,541,0.38,1.2535,1,True,B,meta-llama/Llama-3.1-8B-Instruct,chat,riskneutral,0,0.96886,0.08674,1,,,massA=0.0027 massB=0.084,before,0,0.0
p1,388,38,risk,0,183,609,0.38,1.2646,4,True,B,meta-llama/Llama-3.1-8B-Instruct,chat,riskneutral,0,0.84594,0.00012,1,,,massA=1.78e-05 massB=9.78e-05,before,0,0.0
p1,168,16,risk,0,139,234,0.6,1.0101,4,True,B,meta-llama/Llama-3.1-8B-Instruct,chat,riskneutral,0,0.83868,6e-05,1,,,massA=9.85e-06 massB=5.12e-05,before,0,0.0
p1,192,19,risk,0,64,122,0.49,0.9341,1,True,B,meta-llama/Llama-3.1-8B-Instruct,chat,riskneutral,0,0.93629,0.0472,1,,,massA=0.00301 massB=0.0442,before,0,0.0
p1,266,26,risk,0,59,151,0.36,0.9214,3,True,B,meta-llama/Llama-3.1-8B-Instruct,chat,riskneutral,0,0.68595,0.01868,1,,,massA=0.00586 massB=0.0128,before,0,0.0
p1,300,30,risk,0,149,447,0.26,0.78,0,True,B,meta-llama/Llama-3.1-8B-Instruct,chat,riskneutral,0,0.80807,0.03841,1,,,massA=0.00737 massB=0.031,before,0,0.0
p1,282,28,risk,0,132,181,0.76,1.0421,1,True,B,meta-llama/Llama-3.1-8B-Instruct,chat,riskneutral,0,0.95915,0.08189,1,,,massA=0.00334 massB=0.0785,before,0,0.0
p1,219,21,risk,0,106,206,0.73,1.4187,4,False,A,meta-llama/Llama-3.1-8B-Instruct,chat,riskneutral,0,0.64064,2e-05,1,,,massA=1.59e-05 massB=8.9e-06,before,0,0.0
p1,101,10,risk,0,111,278,0.58,1.4526,0,False,A,meta-llama/Llama-3.1-8B-Instruct,chat,riskneutral,0,0.38491,0.00686,1,,,massA=0.00264 massB=0.00422,before,0,0.0
p1,123,12,risk,0,164,541,0.38,1.2535,1,False,A,meta-llama/Llama-3.1-8B-Instruct,chat,riskneutral,0,0.23092,0.01089,1,,,massA=0.00251 massB=0.00838,before,0,0.0
p1,82,8,risk,0,62,263,0.33,1.3998,1,True,B,meta-llama/Llama-3.1-8B-Instruct,chat,riskneutral,0,0.94079,0.06244,1,,,massA=0.0037 massB=0.0587,before,0,0.0
p1,268,26,risk,0,59,151,0.36,0.9214,4,True,B,meta-llama/Llama-3.1-8B-Instruct,chat,riskneutral,0,0.83548,0.0001,1,,,massA=1.64e-05 massB=8.33e-05,before,0,0.0
p1,151,15,risk,0,82,113,0.74,1.0198,0,False,A,meta-llama/Llama-3.1-8B-Instruct,chat,riskneutral,0,0.43015,0.01078,1,,,massA=0.00464 massB=0.00614,before,0,0.0
p1,171,17,risk,0,117,362,0.42,1.2995,0,False,A,meta-llama/Llama-3.1-8B-Instruct,chat,riskneutral,0,0.37023,0.00702,1,,,massA=0.0026 massB=0.00442,before,0,0.0
p1,375,37,risk,0,151,252,0.68,1.1348,2,False,A,meta-llama/Llama-3.1-8B-Instruct,chat,riskneutral,0,0.73106,5e-05,1,,,massA=3.54e-05 massB=1.3e-05,before,0,0.0
p1,6,0,risk,0,186,984,0.26,1.3755,3,True,B,meta-llama/Llama-3.1-8B-Instruct,chat,riskneutral,0,0.69925,0.01555,1,,,massA=0.00468 massB=0.0109,before,0,0.0
p1,326,32,risk,0,131,236,0.57,1.0269,3,True,B,meta-llama/Llama-3.1-8B-Instruct,chat,riskneutral,0,0.76348,0.02843,1,,,massA=0.00672 massB=0.0217,before,0,0.0
p1,227,22,risk,0,81,163,0.72,1.4489,3,False,A,meta-llama/Llama-3.1-8B-Instruct,chat,riskneutral,0,0.86154,0.00948,1,,,massA=0.00817 massB=0.00131,before,0,0.0
p1,279,27,risk,0,166,433,0.53,1.3825,4,False,A,meta-llama/Llama-3.1-8B-Instruct,chat,riskneutral,0,0.70253,3e-05,1,,,massA=2.35e-05 massB=9.94e-06,before,0,0.0
p1,376,37,risk,0,151,252,0.68,1.1348,3,True,B,meta-llama/Llama-3.1-8B-Instruct,chat,riskneutral,0,0.74317,0.02782,1,,,massA=0.00715 massB=0.0207,before,0,0.0
p1,392,39,risk,0,178,567,0.32,1.0193,1,True,B,meta-llama/Llama-3.1-8B-Instruct,chat,riskneutral,0,0.96486,0.07216,1,,,massA=0.00254 massB=0.0696,before,0,0.0
p1,331,33,risk,0,142,446,0.53,1.6646,0,False,A,meta-llama/Llama-3.1-8B-Instruct,chat,riskneutral,0,0.37754,0.00975,1,,,massA=0.00368 massB=0.00607,before,0,0.0
p1,93,9,risk,0,49,153,0.26,0.8118,1,False,A,meta-llama/Llama-3.1-8B-Instruct,chat,riskneutral,0,0.24221,0.01385,1,,,massA=0.00336 massB=0.0105,before,0,0.0
p1,125,12,risk,0,164,541,0.38,1.2535,2,False,A,meta-llama/Llama-3.1-8B-Instruct,chat,riskneutral,0,0.66192,4e-05,1,,,massA=2.9e-05 massB=1.48e-05,before,0,0.0
p1,344,34,risk,0,52,96,0.63,1.1631,2,True,B,meta-llama/Llama-3.1-8B-Instruct,chat,riskneutral,0,0.86883,0.0003,1,,,massA=3.95e-05 massB=0.000261,before,0,0.0
p1,9,0,risk,0,186,984,0.26,1.3755,4,False,A,meta-llama/Llama-3.1-8B-Instruct,chat,riskneutral,0,0.70902,3e-05,1,,,massA=1.91e-05 massB=7.82e-06,before,0,0.0
p1,297,29,risk,0,79,81,0.83,0.851,3,False,A,meta-llama/Llama-3.1-8B-Instruct,chat,riskneutral,0,0.90053,0.01147,1,,,massA=0.0103 massB=0.00114,before,0,0.0
p1,161,16,risk,0,139,234,0.6,1.0101,0,False,A,meta-llama/Llama-3.1-8B-Instruct,chat,riskneutral,0,0.46102,0.00501,1,,,massA=0.00231 massB=0.0027,before,0,0.0
p1,386,38,risk,0,183,609,0.38,1.2646,3,True,B,meta-llama/Llama-3.1-8B-Instruct,chat,riskneutral,0,0.76908,0.02153,1,,,massA=0.00497 massB=0.0166,before,0,0.0
p1,289,28,risk,0,132,181,0.76,1.0421,4,False,A,meta-llama/Llama-3.1-8B-Instruct,chat,riskneutral,0,0.66367,2e-05,1,,,massA=1.12e-05 massB=5.68e-06,before,0,0.0
p1,356,35,risk,0,91,133,0.68,0.9938,3,True,B,meta-llama/Llama-3.1-8B-Instruct,chat,riskneutral,0,0.7773,0.02572,1,,,massA=0.00573 massB=0.02,before,0,0.0
p1,304,30,risk,0,149,447,0.26,0.78,2,True,B,meta-llama/Llama-3.1-8B-Instruct,chat,riskneutral,0,0.85391,0.00048,1,,,massA=7.07e-05 massB=0.000414,before,0,0.0
p1,234,23,risk,0,91,626,0.23,1.5822,2,True,B,meta-llama/Llama-3.1-8B-Instruct,chat,riskneutral,0,0.84797,0.00041,1,,,massA=6.27e-05 massB=0.00035,before,0,0.0
p1,320,32,risk,0,131,236,0.57,1.0269,0,True,B,meta-llama/Llama-3.1-8B-Instruct,chat,riskneutral,0,0.8706,0.03978,1,,,massA=0.00515 massB=0.0346,before,0,0.0
p1,76,7,risk,0,63,98,0.64,0.9956,3,True,B,meta-llama/Llama-3.1-8B-Instruct,chat,riskneutral,0,0.75491,0.01896,1,,,massA=0.00465 massB=0.0143,before,0,0.0
p1,202,20,risk,0,186,266,0.63,0.901,1,True,B,meta-llama/Llama-3.1-8B-Instruct,chat,riskneutral,0,0.96486,0.06081,1,,,massA=0.00214 massB=0.0587,before,0,0.0
p1,399,39,risk,0,178,567,0.32,1.0193,4,False,A,meta-llama/Llama-3.1-8B-Instruct,chat,riskneutral,0,0.6943,2e-05,1,,,massA=1.48e-05 massB=6.52e-06,before,0,0.0
p1,139,13,risk,0,72,88,0.64,0.7822,4,False,A,meta-llama/Llama-3.1-8B-Instruct,chat,riskneutral,0,0.72331,1e-05,1,,,massA=9.53e-06 massB=3.65e-06,before,0,0.0
p1,178,17,risk,0,117,362,0.42,1.2995,4,True,B,meta-llama/Llama-3.1-8B-Instruct,chat,riskneutral,0,0.84797,0.0001,1,,,massA=1.56e-05 massB=8.68e-05,before,0,0.0
p1,145,14,risk,0,81,201,0.68,1.6874,2,False,A,meta-llama/Llama-3.1-8B-Instruct,chat,riskneutral,0,0.71859,4e-05,1,,,massA=2.69e-05 massB=1.05e-05,before,0,0.0
p1,212,21,risk,0,106,206,0.73,1.4187,1,True,B,meta-llama/Llama-3.1-8B-Instruct,chat,riskneutral,0,0.96691,0.08708,1,,,massA=0.00288 massB=0.0842,before,0,0.0
p1,248,24,risk,0,168,214,0.76,0.9681,4,True,B,meta-llama/Llama-3.1-8B-Instruct,chat,riskneutral,0,0.88243,0.0002,1,,,massA=2.32e-05 massB=0.000174,before,0,0.0
p1,65,6,risk,0,94,101,0.71,0.7629,2,False,A,meta-llama/Llama-3.1-8B-Instruct,chat,riskneutral,0,0.72487,4e-05,1,,,massA=2.77e-05 massB=1.05e-05,before,0,0.0
p1,78,7,risk,0,63,98,0.64,0.9956,4,True,B,meta-llama/Llama-3.1-8B-Instruct,chat,riskneutral,0,0.84797,7e-05,1,,,massA=1.11e-05 massB=6.19e-05,before,0,0.0
p1,56,5,risk,0,162,381,0.46,1.0819,3,True,B,meta-llama/Llama-3.1-8B-Instruct,chat,riskneutral,0,0.74017,0.0247,1,,,massA=0.00642 massB=0.0183,before,0,0.0
p1,34,3,risk,0,46,158,0.33,1.1335,2,True,B,meta-llama/Llama-3.1-8B-Instruct,chat,riskneutral,0,0.78531,0.00031,1,,,massA=6.6e-05 massB=0.000241,before,0,0.0
p1,302,30,risk,0,149,447,0.26,0.78,1,True,B,meta-llama/Llama-3.1-8B-Instruct,chat,riskneutral,0,0.95397,0.07689,1,,,massA=0.00354 massB=0.0734,before,0,0.0
p1,246,24,risk,0,168,214,0.76,0.9681,3,True,B,meta-llama/Llama-3.1-8B-Instruct,chat,riskneutral,0,0.79819,0.03145,1,,,massA=0.00635 massB=0.0251,before,0,0.0
p1,342,34,risk,0,52,96,0.63,1.1631,1,True,B,meta-llama/Llama-3.1-8B-Instruct,chat,riskneutral,0,0.95532,0.04311,1,,,massA=0.00193 massB=0.0412,before,0,0.0
p1,41,4,risk,0,29,71,0.55,1.3466,0,False,A,meta-llama/Llama-3.1-8B-Instruct,chat,riskneutral,0,0.51172,0.00926,1,,,massA=0.00474 massB=0.00452,before,0,0.0
p1,372,37,risk,0,151,252,0.68,1.1348,1,True,B,meta-llama/Llama-3.1-8B-Instruct,chat,riskneutral,0,0.96211,0.07776,1,,,massA=0.00295 massB=0.0748,before,0,0.0
p1,345,34,risk,0,52,96,0.63,1.1631,2,False,A,meta-llama/Llama-3.1-8B-Instruct,chat,riskneutral,0,0.71383,2e-05,1,,,massA=1.55e-05 massB=6.21e-06,before,0,0.0
p1,229,22,risk,0,81,163,0.72,1.4489,4,False,A,meta-llama/Llama-3.1-8B-Instruct,chat,riskneutral,0,0.66192,2e-05,1,,,massA=1.04e-05 massB=5.34e-06,before,0,0.0
p1,315,31,risk,0,51,151,0.29,0.8586,2,False,A,meta-llama/Llama-3.1-8B-Instruct,chat,riskneutral,0,0.70579,6e-05,1,,,massA=4.03e-05 massB=1.68e-05,before,0,0.0
p1,190,19,risk,0,64,122,0.49,0.9341,0,True,B,meta-llama/Llama-3.1-8B-Instruct,chat,riskneutral,0,0.81048,0.03174,1,,,massA=0.00602 massB=0.0257,before,0,0.0
p1,35,3,risk,0,46,158,0.33,1.1335,2,False,A,meta-llama/Llama-3.1-8B-Instruct,chat,riskneutral,0,0.74017,7e-05,1,,,massA=4.89e-05 massB=1.72e-05,before,0,0.0
p1,184,18,risk,0,41,61,0.58,0.8629,2,True,B,meta-llama/Llama-3.1-8B-Instruct,chat,riskneutral,0,0.87915,0.00036,1,,,massA=4.39e-05 massB=0.000319,before,0,0.0
p1,327,32,risk,0,131,236,0.57,1.0269,3,False,A,meta-llama/Llama-3.1-8B-Instruct,chat,riskneutral,0,0.85585,0.00849,1,,,massA=0.00727 massB=0.00122,before,0,0.0
p1,269,26,risk,0,59,151,0.36,0.9214,4,False,A,meta-llama/Llama-3.1-8B-Instruct,chat,riskneutral,0,0.7773,2e-05,1,,,massA=1.61e-05 massB=4.61e-06,before,0,0.0
p1,69,6,risk,0,94,101,0.71,0.7629,4,False,A,meta-llama/Llama-3.1-8B-Instruct,chat,riskneutral,0,0.73106,2e-05,1,,,massA=1.66e-05 massB=6.11e-06,before,0,0.0
p1,305,30,risk,0,149,447,0.26,0.78,2,False,A,meta-llama/Llama-3.1-8B-Instruct,chat,riskneutral,0,0.61878,5e-05,1,,,massA=2.87e-05 massB=1.77e-05,before,0,0.0
p1,358,35,risk,0,91,133,0.68,0.9938,4,True,B,meta-llama/Llama-3.1-8B-Instruct,chat,riskneutral,0,0.86154,0.00012,1,,,massA=1.64e-05 massB=0.000102,before,0,0.0
p1,366,36,risk,0,98,227,0.47,1.0887,3,True,B,meta-llama/Llama-3.1-8B-Instruct,chat,riskneutral,0,0.74909,0.03273,1,,,massA=0.00821 massB=0.0245,before,0,0.0
p1,278,27,risk,0,166,433,0.53,1.3825,4,True,B,meta-llama/Llama-3.1-8B-Instruct,chat,riskneutral,0,0.84997,0.00025,1,,,massA=3.75e-05 massB=0.000212,before,0,0.0
p1,153,15,risk,0,82,113,0.74,1.0198,1,False,A,meta-llama/Llama-3.1-8B-Instruct,chat,riskneutral,0,0.24509,0.01077,1,,,massA=0.00264 massB=0.00813,before,0,0.0
p1,195,19,risk,0,64,122,0.49,0.9341,2,False,A,meta-llama/Llama-3.1-8B-Instruct,chat,riskneutral,0,0.6478,4e-05,1,,,massA=2.6e-05 massB=1.42e-05,before,0,0.0
p1,47,4,risk,0,29,71,0.55,1.3466,3,False,A,meta-llama/Llama-3.1-8B-Instruct,chat,riskneutral,0,0.8977,0.01471,1,,,massA=0.0132 massB=0.0015,before,0,0.0
p1,85,8,risk,0,62,263,0.33,1.3998,2,False,A,meta-llama/Llama-3.1-8B-Instruct,chat,riskneutral,0,0.68257,5e-05,1,,,massA=3.55e-05 massB=1.65e-05,before,0,0.0
p1,23,2,risk,0,162,661,0.26,1.0609,1,False,A,meta-llama/Llama-3.1-8B-Instruct,chat,riskneutral,0,0.19193,0.01479,1,,,massA=0.00284 massB=0.012,before,0,0.0
p1,256,25,risk,0,124,207,0.76,1.2687,3,True,B,meta-llama/Llama-3.1-8B-Instruct,chat,riskneutral,0,0.75779,0.03092,1,,,massA=0.00749 massB=0.0234,before,0,0.0
p1,225,22,risk,0,81,163,0.72,1.4489,2,False,A,meta-llama/Llama-3.1-8B-Instruct,chat,riskneutral,0,0.65489,2e-05,1,,,massA=1.57e-05 massB=8.29e-06,before,0,0.0
p1,293,29,risk,0,79,81,0.83,0.851,1,False,A,meta-llama/Llama-3.1-8B-Instruct,chat,riskneutral,0,0.35936,0.00575,1,,,massA=0.00207 massB=0.00368,before,0,0.0
p1,88,8,risk,0,62,263,0.33,1.3998,4,True,B,meta-llama/Llama-3.1-8B-Instruct,chat,riskneutral,0,0.78266,8e-05,1,,,massA=1.79e-05 massB=6.46e-05,before,0,0.0
p1,134,13,risk,0,72,88,0.64,0.7822,2,True,B,meta-llama/Llama-3.1-8B-Instruct,chat,riskneutral,0,0.87235,0.00026,1,,,massA=3.28e-05 massB=0.000224,before,0,0.0
p1,136,13,risk,0,72,88,0.64,0.7822,3,True,B,meta-llama/Llama-3.1-8B-Instruct,chat,riskneutral,0,0.71859,0.01867,1,,,massA=0.00525 massB=0.0134,before,0,0.0
p1,46,4,risk,0,29,71,0.55,1.3466,3,True,B,meta-llama/Llama-3.1-8B-Instruct,chat,riskneutral,0,0.71223,0.02456,1,,,massA=0.00707 massB=0.0175,before,0,0.0
p1,348,34,risk,0,52,96,0.63,1.1631,4,True,B,meta-llama/Llama-3.1-8B-Instruct,chat,riskneutral,0,0.81989,6e-05,1,,,massA=1.13e-05 massB=5.13e-05,before,0,0.0
p1,14,1,risk,0,58,116,0.66,1.32,2,True,B,meta-llama/Llama-3.1-8B-Instruct,chat,riskneutral,0,0.86154,0.00053,1,,,massA=7.28e-05 massB=0.000453,before,0,0.0
p1,117,11,risk,0,54,68,0.81,1.02,3,False,A,meta-llama/Llama-3.1-8B-Instruct,chat,riskneutral,0,0.90053,0.0124,1,,,massA=0.0112 massB=0.00123,before,0,0.0
p1,335,33,risk,0,142,446,0.53,1.6646,2,False,A,meta-llama/Llama-3.1-8B-Instruct,chat,riskneutral,0,0.69596,6e-05,1,,,massA=4.27e-05 massB=1.87e-05,before,0,0.0
p1,75,7,risk,0,63,98,0.64,0.9956,2,False,A,meta-llama/Llama-3.1-8B-Instruct,chat,riskneutral,0,0.73716,3e-05,1,,,massA=1.92e-05 massB=6.84e-06,before,0,0.0
p1,130,13,risk,0,72,88,0.64,0.7822,0,True,B,meta-llama/Llama-3.1-8B-Instruct,chat,riskneutral,0,0.83332,0.02668,1,,,massA=0.00445 massB=0.0222,before,0,0.0
p1,172,17,risk,0,117,362,0.42,1.2995,1,True,B,meta-llama/Llama-3.1-8B-Instruct,chat,riskneutral,0,0.96211,0.05977,1,,,massA=0.00226 massB=0.0575,before,0,0.0
p1,381,38,risk,0,183,609,0.38,1.2646,0,False,A,meta-llama/Llama-3.1-8B-Instruct,chat,riskneutral,0,0.38122,0.0055,1,,,massA=0.0021 massB=0.0034,before,0,0.0
p1,231,23,risk,0,91,626,0.23,1.5822,0,False,A,meta-llama/Llama-3.1-8B-Instruct,chat,riskneutral,0,0.37023,0.00973,1,,,massA=0.0036 massB=0.00613,before,0,0.0
p1,61,6,risk,0,94,101,0.71,0.7629,0,False,A,meta-llama/Llama-3.1-8B-Instruct,chat,riskneutral,0,0.46102,0.00906,1,,,massA=0.00418 massB=0.00488,before,0,0.0
p1,66,6,risk,0,94,101,0.71,0.7629,3,True,B,meta-llama/Llama-3.1-8B-Instruct,chat,riskneutral,0,0.77458,0.03519,1,,,massA=0.00793 massB=0.0273,before,0,0.0
p1,364,36,risk,0,98,227,0.47,1.0887,2,True,B,meta-llama/Llama-3.1-8B-Instruct,chat,riskneutral,0,0.89912,0.00119,1,,,massA=0.00012 massB=0.00107,before,0,0.0
p1,157,15,risk,0,82,113,0.74,1.0198,3,False,A,meta-llama/Llama-3.1-8B-Instruct,chat,riskneutral,0,0.88243,0.01235,1,,,massA=0.0109 massB=0.00145,before,0,0.0
p1,31,3,risk,0,46,158,0.33,1.1335,0,False,A,meta-llama/Llama-3.1-8B-Instruct,chat,riskneutral,0,0.46102,0.01625,1,,,massA=0.00749 massB=0.00876,before,0,0.0
p2,379,12,gain,0,164,541,0.38,1.2535,4,False,A,meta-llama/Llama-3.1-8B-Instruct,chat,riskneutral,0,0.36659,9e-05,1,,,massA=3.18e-05 massB=5.5e-05,before,0,0.0
p2,232,7,mixed,63,63,98,0.64,0.9956,1,True,B,meta-llama/Llama-3.1-8B-Instruct,chat,riskneutral,0,0.89625,0.00964,1,,,massA=0.001 massB=0.00864,before,0,0.0
p2,430,14,gain,0,81,201,0.68,1.6874,0,True,B,meta-llama/Llama-3.1-8B-Instruct,chat,riskneutral,0,0.86883,0.08293,1,,,massA=0.0109 massB=0.072,before,0,0.0
p2,153,5,neutral,0,162,381,0.46,1.0819,1,False,A,meta-llama/Llama-3.1-8B-Instruct,chat,riskneutral,0,0.29421,0.01619,1,,,massA=0.00476 massB=0.0114,before,0,0.0
p2,1001,33,gain,0,142,446,0.53,1.6646,0,False,A,meta-llama/Llama-3.1-8B-Instruct,chat,riskneutral,0,0.34511,0.00762,1,,,massA=0.00263 massB=0.00499,before,0,0.0
p2,632,21,neutral,0,106,206,0.73,1.4187,1,True,B,meta-llama/Llama-3.1-8B-Instruct,chat,riskneutral,0,0.97631,0.0715,1,,,massA=0.00169 massB=0.0698,before,0,0.0
p2,546,18,neutral,0,41,61,0.58,0.8629,3,True,B,meta-llama/Llama-3.1-8B-Instruct,chat,riskneutral,0,0.81989,0.04023,1,,,massA=0.00724 massB=0.033,before,0,0.0
p2,371,12,gain,0,164,541,0.38,1.2535,0,False,A,meta-llama/Llama-3.1-8B-Instruct,chat,riskneutral,0,0.31069,0.00881,1,,,massA=0.00274 massB=0.00608,before,0,0.0
p2,283,9,gain,0,49,153,0.26,0.8118,1,False,A,meta-llama/Llama-3.1-8B-Instruct,chat,riskneutral,0,0.24509,0.01314,1,,,massA=0.00322 massB=0.00992,before,0,0.0
p2,256,8,gain,0,62,263,0.33,1.3998,3,True,B,meta-llama/Llama-3.1-8B-Instruct,chat,riskneutral,0,0.49219,0.00296,1,,,massA=0.0015 massB=0.00146,before,0,0.0
p2,1127,37,gain,0,151,252,0.68,1.1348,3,False,A,meta-llama/Llama-3.1-8B-Instruct,chat,riskneutral,0,0.83973,0.00105,1,,,massA=0.000882 massB=0.000168,before,0,0.0
p2,264,8,mixed,62,62,263,0.33,1.3998,2,True,B,meta-llama/Llama-3.1-8B-Instruct,chat,riskneutral,0,0.74909,0.00455,1,,,massA=0.00114 massB=0.0034,before,0,0.0
p2,1266,33,dominant,0,142,179,1.0,1.2606,0,True,B,meta-llama/Llama-3.1-8B-Instruct,chat,riskneutral,0,0.88876,0.79842,0,,,massA=0.0888 massB=0.71,before,0,0.0
p2,868,28,mixed,132,132,181,0.76,1.0421,4,True,B,meta-llama/Llama-3.1-8B-Instruct,chat,riskneutral,0,0.94815,0.00282,1,,,massA=0.000146 massB=0.00267,before,0,0.0
p2,711,23,mixed,91,91,626,0.23,1.5822,0,False,A,meta-llama/Llama-3.1-8B-Instruct,chat,riskneutral,0,0.6478,0.00469,1,,,massA=0.00304 massB=0.00165,before,0,0.0
p2,152,5,neutral,0,162,381,0.46,1.0819,1,True,B,meta-llama/Llama-3.1-8B-Instruct,chat,riskneutral,0,0.97404,0.07052,1,,,massA=0.00183 massB=0.0687,before,0,0.0
p2,919,30,gain,0,149,447,0.26,0.78,4,False,A,meta-llama/Llama-3.1-8B-Instruct,chat,riskneutral,0,0.31743,0.0001,1,,,massA=3.31e-05 massB=7.12e-05,before,0,0.0
p2,747,24,mixed,168,168,214,0.76,0.9681,3,False,A,meta-llama/Llama-3.1-8B-Instruct,chat,riskneutral,0,0.86883,0.00063,1,,,massA=0.000545 massB=8.23e-05,before,0,0.0
p2,129,4,neutral,0,29,71,0.55,1.3466,4,False,A,meta-llama/Llama-3.1-8B-Instruct,chat,riskneutral,0,0.77999,2e-05,1,,,massA=1.27e-05 massB=3.57e-06,before,0,0.0
p2,560,18,mixed,41,41,61,0.58,0.8629,0,True,B,meta-llama/Llama-3.1-8B-Instruct,chat,riskneutral,0,0.87579,0.1099,1,,,massA=0.0137 massB=0.0962,before,0,0.0
p2,193,6,gain,0,94,101,0.71,0.7629,1,False,A,meta-llama/Llama-3.1-8B-Instruct,chat,riskneutral,0,0.27513,0.00587,1,,,massA=0.00162 massB=0.00426,before,0,0.0
p2,575,19,neutral,0,64,122,0.49,0.9341,2,False,A,meta-llama/Llama-3.1-8B-Instruct,chat,riskneutral,0,0.74614,0.0007,1,,,massA=0.000521 massB=0.000177,before,0,0.0
p2,571,19,neutral,0,64,122,0.49,0.9341,0,False,A,meta-llama/Llama-3.1-8B-Instruct,chat,riskneutral,0,0.26284,0.01576,1,,,massA=0.00414 massB=0.0116,before,0,0.0
p2,54,1,mixed,58,58,116,0.66,1.32,2,True,B,meta-llama/Llama-3.1-8B-Instruct,chat,riskneutral,0,0.74614,0.00779,1,,,massA=0.00198 massB=0.00581,before,0,0.0
p2,1042,34,mixed,52,52,96,0.63,1.1631,1,True,B,meta-llama/Llama-3.1-8B-Instruct,chat,riskneutral,0,0.90731,0.02053,1,,,massA=0.0019 massB=0.0186,before,0,0.0
p2,111,3,mixed,46,46,158,0.33,1.1335,0,False,A,meta-llama/Llama-3.1-8B-Instruct,chat,riskneutral,0,0.72798,0.00634,1,,,massA=0.00461 massB=0.00172,before,0,0.0
p2,1105,36,mixed,98,98,227,0.47,1.0887,2,False,A,meta-llama/Llama-3.1-8B-Instruct,chat,riskneutral,0,0.73412,0.00031,1,,,massA=0.000225 massB=8.14e-05,before,0,0.0
p2,227,7,gain,0,63,98,0.64,0.9956,3,False,A,meta-llama/Llama-3.1-8B-Instruct,chat,riskneutral,0,0.84797,0.00062,1,,,massA=0.000524 massB=9.39e-05,before,0,0.0
p2,1089,36,neutral,0,98,227,0.47,1.0887,4,False,A,meta-llama/Llama-3.1-8B-Instruct,chat,riskneutral,0,0.57368,1e-05,1,,,massA=4.02e-06 massB=2.99e-06,before,0,0.0
p2,727,24,neutral,0,168,214,0.76,0.9681,3,False,A,meta-llama/Llama-3.1-8B-Instruct,chat,riskneutral,0,0.55061,0.06337,1,,,massA=0.0349 massB=0.0285,before,0,0.0
p2,399,13,neutral,0,72,88,0.64,0.7822,4,False,A,meta-llama/Llama-3.1-8B-Instruct,chat,riskneutral,0,0.65135,1e-05,1,,,massA=3.8e-06 massB=2.03e-06,before,0,0.0
p2,1078,35,mixed,91,91,133,0.68,0.9938,4,True,B,meta-llama/Llama-3.1-8B-Instruct,chat,riskneutral,0,0.95854,0.00309,1,,,massA=0.000128 massB=0.00297,before,0,0.0
p2,496,16,gain,0,139,234,0.6,1.0101,3,True,B,meta-llama/Llama-3.1-8B-Instruct,chat,riskneutral,0,0.5813,0.00327,1,,,massA=0.00137 massB=0.0019,before,0,0.0
p2,1014,33,mixed,142,142,446,0.53,1.6646,2,True,B,meta-llama/Llama-3.1-8B-Instruct,chat,riskneutral,0,0.83332,0.01096,1,,,massA=0.00183 massB=0.00914,before,0,0.0
p2,443,14,mixed,81,81,201,0.68,1.6874,1,False,A,meta-llama/Llama-3.1-8B-Instruct,chat,riskneutral,0,0.55447,0.00082,1,,,massA=0.000457 massB=0.000367,before,0,0.0
p2,1224,12,dominant,0,164,181,1.0,1.1037,2,True,B,meta-llama/Llama-3.1-8B-Instruct,chat,riskneutral,0,0.78793,0.31979,0,,,massA=0.0678 massB=0.252,before,0,0.0
p2,41,1,gain,0,58,116,0.66,1.32,0,False,A,meta-llama/Llama-3.1-8B-Instruct,chat,riskneutral,0,0.4149,0.00884,1,,,massA=0.00367 massB=0.00517,before,0,0.0
p2,69,2,neutral,0,162,661,0.26,1.0609,4,False,A,meta-llama/Llama-3.1-8B-Instruct,chat,riskneutral,0,0.48438,1e-05,1,,,massA=3.09e-06 massB=3.29e-06,before,0,0.0
p2,625,20,mixed,186,186,266,0.63,0.901,2,False,A,meta-llama/Llama-3.1-8B-Instruct,chat,riskneutral,0,0.72487,0.00022,1,,,massA=0.000162 massB=6.13e-05,before,0,0.0
p2,254,8,gain,0,62,263,0.33,1.3998,2,True,B,meta-llama/Llama-3.1-8B-Instruct,chat,riskneutral,0,0.68257,0.00174,1,,,massA=0.000552 massB=0.00119,before,0,0.0
p2,528,17,gain,0,117,362,0.42,1.2995,4,True,B,meta-llama/Llama-3.1-8B-Instruct,chat,riskneutral,0,0.9173,0.00046,1,,,massA=3.78e-05 massB=0.00042,before,0,0.0
p2,276,9,neutral,0,49,153,0.26,0.8118,3,True,B,meta-llama/Llama-3.1-8B-Instruct,chat,riskneutral,0,0.67918,0.04237,1,,,massA=0.0136 massB=0.0288,before,0,0.0
p2,929,30,mixed,149,149,447,0.26,0.78,4,False,A,meta-llama/Llama-3.1-8B-Instruct,chat,riskneutral,0,0.59643,0.00014,1,,,massA=8.45e-05 massB=5.72e-05,before,0,0.0
p2,700,23,gain,0,91,626,0.23,1.5822,0,True,B,meta-llama/Llama-3.1-8B-Instruct,chat,riskneutral,0,0.81989,0.04874,1,,,massA=0.00878 massB=0.04,before,0,0.0
p2,908,30,neutral,0,149,447,0.26,0.78,4,True,B,meta-llama/Llama-3.1-8B-Instruct,chat,riskneutral,0,0.8872,0.00034,1,,,massA=3.79e-05 massB=0.000298,before,0,0.0
p2,809,26,mixed,59,59,151,0.36,0.9214,4,False,A,meta-llama/Llama-3.1-8B-Instruct,chat,riskneutral,0,0.63703,0.0001,1,,,massA=6.44e-05 massB=3.67e-05,before,0,0.0
p2,207,6,mixed,94,94,101,0.71,0.7629,3,False,A,meta-llama/Llama-3.1-8B-Instruct,chat,riskneutral,0,0.87997,0.00054,1,,,massA=0.000478 massB=6.52e-05,before,0,0.0
p2,216,7,neutral,0,63,98,0.64,0.9956,3,True,B,meta-llama/Llama-3.1-8B-Instruct,chat,riskneutral,0,0.81048,0.05277,1,,,massA=0.01 massB=0.0428,before,0,0.0
p2,601,20,neutral,0,186,266,0.63,0.901,0,False,A,meta-llama/Llama-3.1-8B-Instruct,chat,riskneutral,0,0.32424,0.00972,1,,,massA=0.00315 massB=0.00657,before,0,0.0
p2,317,10,gain,0,111,278,0.58,1.4526,3,False,A,meta-llama/Llama-3.1-8B-Instruct,chat,riskneutral,0,0.83762,0.00125,1,,,massA=0.00104 massB=0.000203,before,0,0.0
p2,1069,35,gain,0,91,133,0.68,0.9938,4,False,A,meta-llama/Llama-3.1-8B-Instruct,chat,riskneutral,0,0.41111,5e-05,1,,,massA=2e-05 massB=2.87e-05,before,0,0.0
p2,42,1,gain,0,58,116,0.66,1.32,1,True,B,meta-llama/Llama-3.1-8B-Instruct,chat,riskneutral,0,0.97241,0.03217,1,,,massA=0.000887 massB=0.0313,before,0,0.0
p2,1035,34,gain,0,52,96,0.63,1.1631,2,False,A,meta-llama/Llama-3.1-8B-Instruct,chat,riskneutral,0,0.65489,0.00023,1,,,massA=0.000147 massB=7.77e-05,before,0,0.0
p2,475,15,mixed,82,82,113,0.74,1.0198,2,False,A,meta-llama/Llama-3.1-8B-Instruct,chat,riskneutral,0,0.73716,0.00027,1,,,massA=0.000195 massB=6.97e-05,before,0,0.0
p2,610,20,gain,0,186,266,0.63,0.901,0,True,B,meta-llama/Llama-3.1-8B-Instruct,chat,riskneutral,0,0.84183,0.06052,1,,,massA=0.00957 massB=0.0509,before,0,0.0
p2,773,25,mixed,124,124,207,0.76,1.2687,1,False,A,meta-llama/Llama-3.1-8B-Instruct,chat,riskneutral,0,0.55447,0.00099,1,,,massA=0.000547 massB=0.000439,before,0,0.0
p2,1269,34,dominant,0,52,110,1.0,2.1154,3,False,A,meta-llama/Llama-3.1-8B-Instruct,chat,riskneutral,0,0.84997,0.53282,0,,,massA=0.453 massB=0.0799,before,0,0.0
p2,243,8,neutral,0,62,263,0.33,1.3998,1,False,A,meta-llama/Llama-3.1-8B-Instruct,chat,riskneutral,0,0.28141,0.01926,1,,,massA=0.00542 massB=0.0138,before,0,0.0
p2,416,13,mixed,72,72,88,0.64,0.7822,3,True,B,meta-llama/Llama-3.1-8B-Instruct,chat,riskneutral,0,0.61509,0.0049,1,,,massA=0.00188 massB=0.00301,before,0,0.0
p2,1241,20,dominant,0,186,229,1.0,1.2312,2,False,A,meta-llama/Llama-3.1-8B-Instruct,chat,riskneutral,0,0.77458,0.06779,1,,,massA=0.0525 massB=0.0153,before,0,0.0
p2,580,19,gain,0,64,122,0.49,0.9341,0,True,B,meta-llama/Llama-3.1-8B-Instruct,chat,riskneutral,0,0.76908,0.04521,1,,,massA=0.0104 massB=0.0348,before,0,0.0
p2,754,25,neutral,0,124,207,0.76,1.2687,2,True,B,meta-llama/Llama-3.1-8B-Instruct,chat,riskneutral,0,0.82894,0.02489,1,,,massA=0.00426 massB=0.0206,before,0,0.0
p2,1128,37,gain,0,151,252,0.68,1.1348,4,True,B,meta-llama/Llama-3.1-8B-Instruct,chat,riskneutral,0,0.93721,0.00079,1,,,massA=4.98e-05 massB=0.000743,before,0,0.0
p2,612,20,gain,0,186,266,0.63,0.901,1,True,B,meta-llama/Llama-3.1-8B-Instruct,chat,riskneutral,0,0.97482,0.03646,1,,,massA=0.000918 massB=0.0355,before,0,0.0
p2,549,18,neutral,0,41,61,0.58,0.8629,4,False,A,meta-llama/Llama-3.1-8B-Instruct,chat,riskneutral,0,0.6943,1e-05,1,,,massA=4.59e-06 massB=2.02e-06,before,0,0.0
p2,478,15,mixed,82,82,113,0.74,1.0198,4,True,B,meta-llama/Llama-3.1-8B-Instruct,chat,riskneutral,0,0.95728,0.00431,1,,,massA=0.000184 massB=0.00412,before,0,0.0
p2,938,31,neutral,0,51,151,0.29,0.8586,4,True,B,meta-llama/Llama-3.1-8B-Instruct,chat,riskneutral,0,0.87748,0.00011,1,,,massA=1.36e-05 massB=9.71e-05,before,0,0.0
p2,162,5,gain,0,162,381,0.46,1.0819,1,True,B,meta-llama/Llama-3.1-8B-Instruct,chat,riskneutral,0,0.97364,0.02867,1,,,massA=0.000756 massB=0.0279,before,0,0.0
p2,343,11,gain,0,54,68,0.81,1.02,1,False,A,meta-llama/Llama-3.1-8B-Instruct,chat,riskneutral,0,0.27513,0.00499,1,,,massA=0.00137 massB=0.00361,before,0,0.0
p2,779,25,mixed,124,124,207,0.76,1.2687,4,False,A,meta-llama/Llama-3.1-8B-Instruct,chat,riskneutral,0,0.64064,8e-05,1,,,massA=5e-05 massB=2.8e-05,before,0,0.0
p2,740,24,mixed,168,168,214,0.76,0.9681,0,True,B,meta-llama/Llama-3.1-8B-Instruct,chat,riskneutral,0,0.8977,0.11695,1,,,massA=0.012 massB=0.105,before,0,0.0
p2,1256,28,dominant,0,132,158,1.0,1.197,3,True,B,meta-llama/Llama-3.1-8B-Instruct,chat,riskneutral,0,0.72487,0.74297,0,,,massA=0.204 massB=0.539,before,0,0.0
p2,1159,38,gain,0,183,609,0.38,1.2646,4,False,A,meta-llama/Llama-3.1-8B-Instruct,chat,riskneutral,0,0.37754,0.0001,1,,,massA=3.87e-05 massB=6.37e-05,before,0,0.0
p2,229,7,gain,0,63,98,0.64,0.9956,4,False,A,meta-llama/Llama-3.1-8B-Instruct,chat,riskneutral,0,0.48438,2e-05,1,,,massA=8.81e-06 massB=9.37e-06,before,0,0.0
p2,12,0,gain,0,186,984,0.26,1.3755,1,True,B,meta-llama/Llama-3.1-8B-Instruct,chat,riskneutral,0,0.97364,0.05539,1,,,massA=0.00146 massB=0.0539,before,0,0.0
p2,8,0,neutral,0,186,984,0.26,1.3755,4,True,B,meta-llama/Llama-3.1-8B-Instruct,chat,riskneutral,0,0.89181,0.00022,1,,,massA=2.38e-05 massB=0.000196,before,0,0.0
p2,449,14,mixed,81,81,201,0.68,1.6874,4,False,A,meta-llama/Llama-3.1-8B-Instruct,chat,riskneutral,0,0.66192,0.0001,1,,,massA=6.92e-05 massB=3.54e-05,before,0,0.0
p2,1164,38,mixed,183,183,609,0.38,1.2646,2,True,B,meta-llama/Llama-3.1-8B-Instruct,chat,riskneutral,0,0.82671,0.00752,1,,,massA=0.0013 massB=0.00622,before,0,0.0
p2,780,26,neutral,0,59,151,0.36,0.9214,0,True,B,meta-llama/Llama-3.1-8B-Instruct,chat,riskneutral,0,0.81989,0.05623,1,,,massA=0.0101 massB=0.0461,before,0,0.0
p2,993,33,neutral,0,142,446,0.53,1.6646,1,False,A,meta-llama/Llama-3.1-8B-Instruct,chat,riskneutral,0,0.30736,0.0159,1,,,massA=0.00489 massB=0.011,before,0,0.0
p2,1086,36,neutral,0,98,227,0.47,1.0887,3,True,B,meta-llama/Llama-3.1-8B-Instruct,chat,riskneutral,0,0.83332,0.08845,1,,,massA=0.0147 massB=0.0737,before,0,0.0
p2,344,11,gain,0,54,68,0.81,1.02,2,True,B,meta-llama/Llama-3.1-8B-Instruct,chat,riskneutral,0,0.75491,0.0028,1,,,massA=0.000685 massB=0.00211,before,0,0.0
p2,266,8,mixed,62,62,263,0.33,1.3998,3,True,B,meta-llama/Llama-3.1-8B-Instruct,chat,riskneutral,0,0.66192,0.00526,1,,,massA=0.00178 massB=0.00348,before,0,0.0
p2,1026,34,neutral,0,52,96,0.63,1.1631,3,True,B,meta-llama/Llama-3.1-8B-Instruct,chat,riskneutral,0,0.80069,0.04135,1,,,massA=0.00824 massB=0.0331,before,0,0.0
p2,812,27,neutral,0,166,433,0.53,1.3825,1,True,B,meta-llama/Llama-3.1-8B-Instruct,chat,riskneutral,0,0.97482,0.10264,1,,,massA=0.00258 massB=0.1,before,0,0.0
p2,1108,36,mixed,98,98,227,0.47,1.0887,4,True,B,meta-llama/Llama-3.1-8B-Instruct,chat,riskneutral,0,0.96378,0.00361,1,,,massA=0.000131 massB=0.00348,before,0,0.0
p2,1262,31,dominant,0,51,73,1.0,1.4314,1,True,B,meta-llama/Llama-3.1-8B-Instruct,chat,riskneutral,0,0.9263,0.78953,0,,,massA=0.0582 massB=0.731,before,0,0.0
p2,184,6,neutral,0,94,101,0.71,0.7629,2,True,B,meta-llama/Llama-3.1-8B-Instruct,chat,riskneutral,0,0.85585,0.03206,1,,,massA=0.00462 massB=0.0274,before,0,0.0
p2,660,22,neutral,0,81,163,0.72,1.4489,0,True,B,meta-llama/Llama-3.1-8B-Instruct,chat,riskneutral,0,0.90599,0.10812,1,,,massA=0.0102 massB=0.098,before,0,0.0
p2,586,19,gain,0,64,122,0.49,0.9341,3,True,B,meta-llama/Llama-3.1-8B-Instruct,chat,riskneutral,0,0.53121,0.00203,1,,,massA=0.000951 massB=0.00108,before,0,0.0
p2,1155,38,gain,0,183,609,0.38,1.2646,2,False,A,meta-llama/Llama-3.1-8B-Instruct,chat,riskneutral,0,0.56218,0.00069,1,,,massA=0.00039 massB=0.000304,before,0,0.0
p2,1211,5,dominant,0,162,206,1.0,1.2716,3,False,A,meta-llama/Llama-3.1-8B-Instruct,chat,riskneutral,0,0.76348,0.61009,0,,,massA=0.466 massB=0.144,before,0,0.0
p2,796,26,gain,0,59,151,0.36,0.9214,3,True,B,meta-llama/Llama-3.1-8B-Instruct,chat,riskneutral,0,0.55061,0.0025,1,,,massA=0.00112 massB=0.00138,before,0,0.0
p2,105,3,gain,0,46,158,0.33,1.1335,2,False,A,meta-llama/Llama-3.1-8B-Instruct,chat,riskneutral,0,0.66888,0.00037,1,,,massA=0.000248 massB=0.000123,before,0,0.0
p2,485,16,neutral,0,139,234,0.6,1.0101,2,False,A,meta-llama/Llama-3.1-8B-Instruct,chat,riskneutral,0,0.80069,0.00045,1,,,massA=0.000364 massB=9.06e-05,before,0,0.0
p2,127,4,neutral,0,29,71,0.55,1.3466,3,False,A,meta-llama/Llama-3.1-8B-Instruct,chat,riskneutral,0,0.69925,0.06937,1,,,massA=0.0485 massB=0.0209,before,0,0.0
p2,365,12,neutral,0,164,541,0.38,1.2535,2,False,A,meta-llama/Llama-3.1-8B-Instruct,chat,riskneutral,0,0.78531,0.00074,1,,,massA=0.000582 massB=0.000159,before,0,0.0
p2,1196,39,mixed,178,178,567,0.32,1.0193,3,True,B,meta-llama/Llama-3.1-8B-Instruct,chat,riskneutral,0,0.70253,0.00848,1,,,massA=0.00252 massB=0.00595,before,0,0.0
p2,695,23,neutral,0,91,626,0.23,1.5822,2,False,A,meta-llama/Llama-3.1-8B-Instruct,chat,riskneutral,0,0.78793,0.0008,1,,,massA=0.000628 massB=0.000169,before,0,0.0
p2,426,14,neutral,0,81,201,0.68,1.6874,3,True,B,meta-llama/Llama-3.1-8B-Instruct,chat,riskneutral,0,0.87915,0.09232,1,,,massA=0.0112 massB=0.0812,before,0,0.0
p2,251,8,gain,0,62,263,0.33,1.3998,0,False,A,meta-llama/Llama-3.1-8B-Instruct,chat,riskneutral,0,0.40733,0.00658,1,,,massA=0.00268 massB=0.0039,before,0,0.0
p2,420,14,neutral,0,81,201,0.68,1.6874,0,True,B,meta-llama/Llama-3.1-8B-Instruct,chat,riskneutral,0,0.91368,0.11687,1,,,massA=0.0101 massB=0.107,before,0,0.0
p2,1040,34,mixed,52,52,96,0.63,1.1631,0,True,B,meta-llama/Llama-3.1-8B-Instruct,chat,riskneutral,0,0.87235,0.12164,1,,,massA=0.0155 massB=0.106,before,0,0.0
p2,822,27,gain,0,166,433,0.53,1.3825,1,True,B,meta-llama/Llama-3.1-8B-Instruct,chat,riskneutral,0,0.97156,0.04643,1,,,massA=0.00132 massB=0.0451,before,0,0.0
p2,714,23,mixed,91,91,626,0.23,1.5822,2,True,B,meta-llama/Llama-3.1-8B-Instruct,chat,riskneutral,0,0.79311,0.00341,1,,,massA=0.000706 massB=0.00271,before,0,0.0
p2,363,12,neutral,0,164,541,0.38,1.2535,1,False,A,meta-llama/Llama-3.1-8B-Instruct,chat,riskneutral,0,0.27826,0.01623,1,,,massA=0.00452 massB=0.0117,before,0,0.0
p2,904,30,neutral,0,149,447,0.26,0.78,2,True,B,meta-llama/Llama-3.1-8B-Instruct,chat,riskneutral,0,0.81989,0.02905,1,,,massA=0.00523 massB=0.0238,before,0,0.0
p2,210,7,neutral,0,63,98,0.64,0.9956,0,True,B,meta-llama/Llama-3.1-8B-Instruct,chat,riskneutral,0,0.85777,0.07003,1,,,massA=0.00996 massB=0.0601,before,0,0.0
p2,911,30,gain,0,149,447,0.26,0.78,0,False,A,meta-llama/Llama-3.1-8B-Instruct,chat,riskneutral,0,0.29747,0.01464,1,,,massA=0.00435 massB=0.0103,before,0,0.0
p2,992,33,neutral,0,142,446,0.53,1.6646,1,True,B,meta-llama/Llama-3.1-8B-Instruct,chat,riskneutral,0,0.97443,0.06925,1,,,massA=0.00177 massB=0.0675,before,0,0.0
p2,124,4,neutral,0,29,71,0.55,1.3466,2,True,B,meta-llama/Llama-3.1-8B-Instruct,chat,riskneutral,0,0.81523,0.02199,1,,,massA=0.00406 massB=0.0179,before,0,0.0
p2,147,4,mixed,29,29,71,0.55,1.3466,3,False,A,meta-llama/Llama-3.1-8B-Instruct,chat,riskneutral,0,0.90731,0.00089,1,,,massA=0.000811 massB=8.28e-05,before,0,0.0
p2,467,15,gain,0,82,113,0.74,1.0198,3,False,A,meta-llama/Llama-3.1-8B-Instruct,chat,riskneutral,0,0.81048,0.00102,1,,,massA=0.000827 massB=0.000193,before,0,0.0
p2,552,18,gain,0,41,61,0.58,0.8629,1,True,B,meta-llama/Llama-3.1-8B-Instruct,chat,riskneutral,0,0.97024,0.03121,1,,,massA=0.000929 massB=0.0303,before,0,0.0
p2,977,32,gain,0,131,236,0.57,1.0269,3,False,A,meta-llama/Llama-3.1-8B-Instruct,chat,riskneutral,0,0.82671,0.00094,1,,,massA=0.000777 massB=0.000163,before,0,0.0
p2,310,10,gain,0,111,278,0.58,1.4526,0,True,B,meta-llama/Llama-3.1-8B-Instruct,chat,riskneutral,0,0.83548,0.08641,1,,,massA=0.0142 massB=0.0722,before,0,0.0
p2,397,13,neutral,0,72,88,0.64,0.7822,3,False,A,meta-llama/Llama-3.1-8B-Instruct,chat,riskneutral,0,0.65135,0.03265,1,,,massA=0.0213 massB=0.0114,before,0,0.0
p2,1129,37,gain,0,151,252,0.68,1.1348,4,False,A,meta-llama/Llama-3.1-8B-Instruct,chat,riskneutral,0,0.4187,5e-05,1,,,massA=2.22e-05 massB=3.09e-05,before,0,0.0
p2,626,20,mixed,186,186,266,0.63,0.901,3,True,B,meta-llama/Llama-3.1-8B-Instruct,chat,riskneutral,0,0.66541,0.0067,1,,,massA=0.00224 massB=0.00446,before,0,0.0
p2,662,22,neutral,0,81,163,0.72,1.4489,1,True,B,meta-llama/Llama-3.1-8B-Instruct,chat,riskneutral,0,0.97871,0.08805,1,,,massA=0.00187 massB=0.0862,before,0,0.0
p2,943,31,gain,0,51,151,0.29,0.8586,1,False,A,meta-llama/Llama-3.1-8B-Instruct,chat,riskneutral,0,0.24799,0.00966,1,,,massA=0.00239 massB=0.00726,before,0,0.0
p2,186,6,neutral,0,94,101,0.71,0.7629,3,True,B,meta-llama/Llama-3.1-8B-Instruct,chat,riskneutral,0,0.83762,0.08523,1,,,massA=0.0138 massB=0.0714,before,0,0.0
p2,274,9,neutral,0,49,153,0.26,0.8118,2,True,B,meta-llama/Llama-3.1-8B-Instruct,chat,riskneutral,0,0.77184,0.01275,1,,,massA=0.00291 massB=0.00984,before,0,0.0
p2,503,16,mixed,139,139,234,0.6,1.0101,1,False,A,meta-llama/Llama-3.1-8B-Instruct,chat,riskneutral,0,0.5775,0.00055,1,,,massA=0.000316 massB=0.000231,before,0,0.0
p2,983,32,mixed,131,131,236,0.57,1.0269,1,False,A,meta-llama/Llama-3.1-8B-Instruct,chat,riskneutral,0,0.54286,0.00089,1,,,massA=0.000481 massB=0.000405,before,0,0.0
p2,937,31,neutral,0,51,151,0.29,0.8586,3,False,A,meta-llama/Llama-3.1-8B-Instruct,chat,riskneutral,0,0.55833,0.05941,1,,,massA=0.0332 massB=0.0262,before,0,0.0
p2,765,25,gain,0,124,207,0.76,1.2687,2,False,A,meta-llama/Llama-3.1-8B-Instruct,chat,riskneutral,0,0.52732,0.0004,1,,,massA=0.000211 massB=0.000189,before,0,0.0
p2,1034,34,gain,0,52,96,0.63,1.1631,2,True,B,meta-llama/Llama-3.1-8B-Instruct,chat,riskneutral,0,0.74909,0.00193,1,,,massA=0.000483 massB=0.00144,before,0,0.0
p2,959,31,mixed,51,51,151,0.29,0.8586,4,False,A,meta-llama/Llama-3.1-8B-Instruct,chat,riskneutral,0,0.67918,0.00023,1,,,massA=0.000159 massB=7.51e-05,before,0,0.0
p2,272,9,neutral,0,49,153,0.26,0.8118,1,True,B,meta-llama/Llama-3.1-8B-Instruct,chat,riskneutral,0,0.95114,0.05969,1,,,massA=0.00292 massB=0.0568,before,0,0.0
p2,368,12,neutral,0,164,541,0.38,1.2535,4,True,B,meta-llama/Llama-3.1-8B-Instruct,chat,riskneutral,0,0.90192,0.00021,1,,,massA=2.06e-05 massB=0.000189,before,0,0.0
p2,279,9,neutral,0,49,153,0.26,0.8118,4,False,A,meta-llama/Llama-3.1-8B-Instruct,chat,riskneutral,0,0.58889,1e-05,1,,,massA=3.81e-06 massB=2.66e-06,before,0,0.0
p2,522,17,gain,0,117,362,0.42,1.2995,1,True,B,meta-llama/Llama-3.1-8B-Instruct,chat,riskneutral,0,0.97631,0.04821,1,,,massA=0.00114 massB=0.0471,before,0,0.0
p2,1130,37,mixed,151,151,252,0.68,1.1348,0,True,B,meta-llama/Llama-3.1-8B-Instruct,chat,riskneutral,0,0.90599,0.16787,1,,,massA=0.0158 massB=0.152,before,0,0.0
p2,332,11,neutral,0,54,68,0.81,1.02,1,True,B,meta-llama/Llama-3.1-8B-Instruct,chat,riskneutral,0,0.97199,0.09685,1,,,massA=0.00271 massB=0.0941,before,0,0.0
p2,737,24,gain,0,168,214,0.76,0.9681,3,False,A,meta-llama/Llama-3.1-8B-Instruct,chat,riskneutral,0,0.76908,0.00112,1,,,massA=0.000859 massB=0.000258,before,0,0.0
p2,60,2,neutral,0,162,661,0.26,1.0609,0,True,B,meta-llama/Llama-3.1-8B-Instruct,chat,riskneutral,0,0.81757,0.06248,1,,,massA=0.0114 massB=0.0511,before,0,0.0
p2,297,9,mixed,49,49,153,0.26,0.8118,3,False,A,meta-llama/Llama-3.1-8B-Instruct,chat,riskneutral,0,0.8706,0.00086,1,,,massA=0.000748 massB=0.000111,before,0,0.0
p2,35,1,neutral,0,58,116,0.66,1.32,2,False,A,meta-llama/Llama-3.1-8B-Instruct,chat,riskneutral,0,0.82671,0.00059,1,,,massA=0.000489 massB=0.000103,before,0,0.0
p2,386,12,mixed,164,164,541,0.38,1.2535,3,True,B,meta-llama/Llama-3.1-8B-Instruct,chat,riskneutral,0,0.73412,0.00728,1,,,massA=0.00194 massB=0.00535,before,0,0.0
p2,280,9,gain,0,49,153,0.26,0.8118,0,True,B,meta-llama/Llama-3.1-8B-Instruct,chat,riskneutral,0,0.78793,0.04877,1,,,massA=0.0103 massB=0.0384,before,0,0.0
p2,1073,35,mixed,91,91,133,0.68,0.9938,1,False,A,meta-llama/Llama-3.1-8B-Instruct,chat,riskneutral,0,0.5775,0.0005,1,,,massA=0.000291 massB=0.000213,before,0,0.0
p2,181,6,neutral,0,94,101,0.71,0.7629,0,False,A,meta-llama/Llama-3.1-8B-Instruct,chat,riskneutral,0,0.34865,0.01429,1,,,massA=0.00498 massB=0.00931,before,0,0.0
p2,925,30,mixed,149,149,447,0.26,0.78,2,False,A,meta-llama/Llama-3.1-8B-Instruct,chat,riskneutral,0,0.69596,0.00026,1,,,massA=0.000179 massB=7.81e-05,before,0,0.0
p2,493,16,gain,0,139,234,0.6,1.0101,1,False,A,meta-llama/Llama-3.1-8B-Instruct,chat,riskneutral,0,0.33459,0.00649,1,,,massA=0.00217 massB=0.00432,before,0,0.0
p2,723,24,neutral,0,168,214,0.76,0.9681,1,False,A,meta-llama/Llama-3.1-8B-Instruct,chat,riskneutral,0,0.29421,0.01434,1,,,massA=0.00422 massB=0.0101,before,0,0.0
p2,1198,39,mixed,178,178,567,0.32,1.0193,4,True,B,meta-llama/Llama-3.1-8B-Instruct,chat,riskneutral,0,0.96323,0.00443,1,,,massA=0.000163 massB=0.00426,before,0,0.0
p2,208,6,mixed,94,94,101,0.71,0.7629,4,True,B,meta-llama/Llama-3.1-8B-Instruct,chat,riskneutral,0,0.95114,0.00293,1,,,massA=0.000143 massB=0.00278,before,0,0.0
p2,406,13,gain,0,72,88,0.64,0.7822,3,True,B,meta-llama/Llama-3.1-8B-Instruct,chat,riskneutral,0,0.48828,0.00303,1,,,massA=0.00155 massB=0.00148,before,0,0.0
p2,697,23,neutral,0,91,626,0.23,1.5822,3,False,A,meta-llama/Llama-3.1-8B-Instruct,chat,riskneutral,0,0.5813,0.0573,1,,,massA=0.0333 massB=0.024,before,0,0.0
p2,761,25,gain,0,124,207,0.76,1.2687,0,False,A,meta-llama/Llama-3.1-8B-Instruct,chat,riskneutral,0,0.32082,0.00512,1,,,massA=0.00164 massB=0.00348,before,0,0.0
p2,1190,39,mixed,178,178,567,0.32,1.0193,0,True,B,meta-llama/Llama-3.1-8B-Instruct,chat,riskneutral,0,0.90862,0.14915,1,,,massA=0.0136 massB=0.136,before,0,0.0
p2,985,32,mixed,131,131,236,0.57,1.0269,2,False,A,meta-llama/Llama-3.1-8B-Instruct,chat,riskneutral,0,0.74017,0.00028,1,,,massA=0.000208 massB=7.29e-05,before,0,0.0
p2,7,0,neutral,0,186,984,0.26,1.3755,3,False,A,meta-llama/Llama-3.1-8B-Instruct,chat,riskneutral,0,0.5351,0.06171,1,,,massA=0.033 massB=0.0287,before,0,0.0
p2,1062,35,gain,0,91,133,0.68,0.9938,1,True,B,meta-llama/Llama-3.1-8B-Instruct,chat,riskneutral,0,0.97838,0.04112,1,,,massA=0.000889 massB=0.0402,before,0,0.0
p2,749,24,mixed,168,168,214,0.76,0.9681,4,False,A,meta-llama/Llama-3.1-8B-Instruct,chat,riskneutral,0,0.59643,8e-05,1,,,massA=4.52e-05 massB=3.06e-05,before,0,0.0
p2,690,23,neutral,0,91,626,0.23,1.5822,0,True,B,meta-llama/Llama-3.1-8B-Instruct,chat,riskneutral,0,0.83973,0.06185,1,,,massA=0.00991 massB=0.0519,before,0,0.0
p2,996,33,neutral,0,142,446,0.53,1.6646,3,True,B,meta-llama/Llama-3.1-8B-Instruct,chat,riskneutral,0,0.81757,0.07908,1,,,massA=0.0144 massB=0.0647,before,0,0.0
p2,846,28,neutral,0,132,181,0.76,1.0421,3,True,B,meta-llama/Llama-3.1-8B-Instruct,chat,riskneutral,0,0.81523,0.05971,1,,,massA=0.011 massB=0.0487,before,0,0.0
p2,57,1,mixed,58,58,116,0.66,1.32,3,False,A,meta-llama/Llama-3.1-8B-Instruct,chat,riskneutral,0,0.90599,0.00114,1,,,massA=0.00103 massB=0.000107,before,0,0.0
p2,1182,39,gain,0,178,567,0.32,1.0193,1,True,B,meta-llama/Llama-3.1-8B-Instruct,chat,riskneutral,0,0.97595,0.03911,1,,,massA=0.000941 massB=0.0382,before,0,0.0
p2,308,10,neutral,0,111,278,0.58,1.4526,4,True,B,meta-llama/Llama-3.1-8B-Instruct,chat,riskneutral,0,0.89479,0.00029,1,,,massA=3.05e-05 massB=0.000259,before,0,0.0
p2,1120,37,gain,0,151,252,0.68,1.1348,0,True,B,meta-llama/Llama-3.1-8B-Instruct,chat,riskneutral,0,0.83973,0.07389,1,,,massA=0.0118 massB=0.0621,before,0,0.0
p2,725,24,neutral,0,168,214,0.76,0.9681,2,False,A,meta-llama/Llama-3.1-8B-Instruct,chat,riskneutral,0,0.72174,0.00092,1,,,massA=0.000666 massB=0.000257,before,0,0.0
p2,1206,3,dominant,0,46,58,1.0,1.2609,3,True,B,meta-llama/Llama-3.1-8B-Instruct,chat,riskneutral,0,0.7773,0.69059,0,,,massA=0.154 massB=0.537,before,0,0.0
p2,581,19,gain,0,64,122,0.49,0.9341,0,False,A,meta-llama/Llama-3.1-8B-Instruct,chat,riskneutral,0,0.37388,0.00586,1,,,massA=0.00219 massB=0.00367,before,0,0.0
p2,119,3,mixed,46,46,158,0.33,1.1335,4,False,A,meta-llama/Llama-3.1-8B-Instruct,chat,riskneutral,0,0.74017,0.00015,1,,,massA=0.00011 massB=3.87e-05,before,0,0.0
p2,15,0,gain,0,186,984,0.26,1.3755,2,False,A,meta-llama/Llama-3.1-8B-Instruct,chat,riskneutral,0,0.62612,0.00086,1,,,massA=0.000537 massB=0.000321,before,0,0.0
p2,1037,34,gain,0,52,96,0.63,1.1631,3,False,A,meta-llama/Llama-3.1-8B-Instruct,chat,riskneutral,0,0.82894,0.00059,1,,,massA=0.000489 massB=0.000101,before,0,0.0
p2,647,21,gain,0,106,206,0.73,1.4187,3,False,A,meta-llama/Llama-3.1-8B-Instruct,chat,riskneutral,0,0.79053,0.001,1,,,massA=0.000793 massB=0.00021,before,0,0.0
p2,1122,37,gain,0,151,252,0.68,1.1348,1,True,B,meta-llama/Llama-3.1-8B-Instruct,chat,riskneutral,0,0.97805,0.04334,1,,,massA=0.000951 massB=0.0424,before,0,0.0
p2,1252,26,dominant,0,59,73,1.0,1.2373,2,True,B,meta-llama/Llama-3.1-8B-Instruct,chat,riskneutral,0,0.69925,0.16516,1,,,massA=0.0497 massB=0.115,before,0,0.0
p2,961,32,neutral,0,131,236,0.57,1.0269,0,False,A,meta-llama/Llama-3.1-8B-Instruct,chat,riskneutral,0,0.28458,0.01079,1,,,massA=0.00307 massB=0.00772,before,0,0.0
p2,897,29,mixed,79,79,81,0.83,0.851,3,False,A,meta-llama/Llama-3.1-8B-Instruct,chat,riskneutral,0,0.87235,0.00091,1,,,massA=0.000794 massB=0.000116,before,0,0.0
p2,991,33,neutral,0,142,446,0.53,1.6646,0,False,A,meta-llama/Llama-3.1-8B-Instruct,chat,riskneutral,0,0.26894,0.01464,1,,,massA=0.00394 massB=0.0107,before,0,0.0
p2,680,22,mixed,81,81,163,0.72,1.4489,0,True,B,meta-llama/Llama-3.1-8B-Instruct,chat,riskneutral,0,0.89181,0.13135,1,,,massA=0.0142 massB=0.117,before,0,0.0
p2,651,21,mixed,106,106,206,0.73,1.4187,0,False,A,meta-llama/Llama-3.1-8B-Instruct,chat,riskneutral,0,0.66192,0.00775,1,,,massA=0.00513 massB=0.00262,before,0,0.0
p2,976,32,gain,0,131,236,0.57,1.0269,3,True,B,meta-llama/Llama-3.1-8B-Instruct,chat,riskneutral,0,0.58889,0.00357,1,,,massA=0.00147 massB=0.0021,before,0,0.0
p2,807,26,mixed,59,59,151,0.36,0.9214,3,False,A,meta-llama/Llama-3.1-8B-Instruct,chat,riskneutral,0,0.85966,0.00071,1,,,massA=0.000607 massB=9.91e-05,before,0,0.0
p2,537,17,mixed,117,117,362,0.42,1.2995,3,False,A,meta-llama/Llama-3.1-8B-Instruct,chat,riskneutral,0,0.87748,0.00072,1,,,massA=0.000628 massB=8.76e-05,before,0,0.0
p2,916,30,gain,0,149,447,0.26,0.78,3,True,B,meta-llama/Llama-3.1-8B-Instruct,chat,riskneutral,0,0.5813,0.00479,1,,,massA=0.002 massB=0.00278,before,0,0.0
p2,787,26,neutral,0,59,151,0.36,0.9214,3,False,A,meta-llama/Llama-3.1-8B-Instruct,chat,riskneutral,0,0.63703,0.05946,1,,,massA=0.0379 massB=0.0216,before,0,0.0
p2,922,30,mixed,149,149,447,0.26,0.78,1,True,B,meta-llama/Llama-3.1-8B-Instruct,chat,riskneutral,0,0.92192,0.03408,1,,,massA=0.00266 massB=0.0314,before,0,0.0
p2,1011,33,mixed,142,142,446,0.53,1.6646,0,False,A,meta-llama/Llama-3.1-8B-Instruct,chat,riskneutral,0,0.6478,0.00699,1,,,massA=0.00453 massB=0.00246,before,0,0.0
p2,314,10,gain,0,111,278,0.58,1.4526,2,True,B,meta-llama/Llama-3.1-8B-Instruct,chat,riskneutral,0,0.77184,0.00395,1,,,massA=0.000902 massB=0.00305,before,0,0.0
p2,268,8,mixed,62,62,263,0.33,1.3998,4,True,B,meta-llama/Llama-3.1-8B-Instruct,chat,riskneutral,0,0.94335,0.00289,1,,,massA=0.000164 massB=0.00273,before,0,0.0
p2,220,7,gain,0,63,98,0.64,0.9956,0,True,B,meta-llama/Llama-3.1-8B-Instruct,chat,riskneutral,0,0.77458,0.03887,1,,,massA=0.00876 massB=0.0301,before,0,0.0
p2,1131,37,mixed,151,151,252,0.68,1.1348,0,False,A,meta-llama/Llama-3.1-8B-Instruct,chat,riskneutral,0,0.61509,0.00699,1,,,massA=0.0043 massB=0.00269,before,0,0.0
p2,454,15,neutral,0,82,113,0.74,1.0198,2,True,B,meta-llama/Llama-3.1-8B-Instruct,chat,riskneutral,0,0.86883,0.0351,1,,,massA=0.0046 massB=0.0305,before,0,0.0
p2,1203,1,dominant,0,58,72,1.0,1.2414,3,False,A,meta-llama/Llama-3.1-8B-Instruct,chat,riskneutral,0,0.78266,0.58992,0,,,massA=0.462 massB=0.128,before,0,0.0
p2,611,20,gain,0,186,266,0.63,0.901,0,False,A,meta-llama/Llama-3.1-8B-Instruct,chat,riskneutral,0,0.33112,0.00386,1,,,massA=0.00128 massB=0.00258,before,0,0.0
p2,1201,0,dominant,0,186,240,1.0,1.2903,4,False,A,meta-llama/Llama-3.1-8B-Instruct,chat,riskneutral,0,0.87235,0.00227,1,,,massA=0.00198 massB=0.00029,before,0,0.0
p2,810,27,neutral,0,166,433,0.53,1.3825,0,True,B,meta-llama/Llama-3.1-8B-Instruct,chat,riskneutral,0,0.88876,0.11913,1,,,massA=0.0133 massB=0.106,before,0,0.0
p2,480,16,neutral,0,139,234,0.6,1.0101,0,True,B,meta-llama/Llama-3.1-8B-Instruct,chat,riskneutral,0,0.82894,0.07085,1,,,massA=0.0121 massB=0.0587,before,0,0.0
p2,629,20,mixed,186,186,266,0.63,0.901,4,False,A,meta-llama/Llama-3.1-8B-Instruct,chat,riskneutral,0,0.67576,6e-05,1,,,massA=4.35e-05 massB=2.09e-05,before,0,0.0
p2,446,14,mixed,81,81,201,0.68,1.6874,3,True,B,meta-llama/Llama-3.1-8B-Instruct,chat,riskneutral,0,0.74017,0.00728,1,,,massA=0.00189 massB=0.00539,before,0,0.0
p2,731,24,gain,0,168,214,0.76,0.9681,0,False,A,meta-llama/Llama-3.1-8B-Instruct,chat,riskneutral,0,0.29098,0.00728,1,,,massA=0.00212 massB=0.00516,before,0,0.0
p2,194,6,gain,0,94,101,0.71,0.7629,2,True,B,meta-llama/Llama-3.1-8B-Instruct,chat,riskneutral,0,0.76629,0.00343,1,,,massA=0.000802 massB=0.00263,before,0,0.0
p2,91,3,neutral,0,46,158,0.33,1.1335,0,False,A,meta-llama/Llama-3.1-8B-Instruct,chat,riskneutral,0,0.31405,0.0203,1,,,massA=0.00638 massB=0.0139,before,0,0.0
p2,529,17,gain,0,117,362,0.42,1.2995,4,False,A,meta-llama/Llama-3.1-8B-Instruct,chat,riskneutral,0,0.38491,5e-05,1,,,massA=1.97e-05 massB=3.14e-05,before,0,0.0
p2,1004,33,gain,0,142,446,0.53,1.6646,2,True,B,meta-llama/Llama-3.1-8B-Instruct,chat,riskneutral,0,0.80069,0.00299,1,,,massA=0.000596 massB=0.0024,before,0,0.0
p2,172,5,mixed,162,162,381,0.46,1.0819,1,True,B,meta-llama/Llama-3.1-8B-Instruct,chat,riskneutral,0,0.93146,0.03384,1,,,massA=0.00232 massB=0.0315,before,0,0.0
p2,1209,4,dominant,0,29,56,1.0,1.931,1,False,A,meta-llama/Llama-3.1-8B-Instruct,chat,riskneutral,0,0.65135,0.31749,0,,,massA=0.207 massB=0.111,before,0,0.0
p2,318,10,gain,0,111,278,0.58,1.4526,4,True,B,meta-llama/Llama-3.1-8B-Instruct,chat,riskneutral,0,0.92523,0.00068,1,,,massA=5.06e-05 massB=0.000626,before,0,0.0
p2,967,32,neutral,0,131,236,0.57,1.0269,3,False,A,meta-llama/Llama-3.1-8B-Instruct,chat,riskneutral,0,0.5813,0.06238,1,,,massA=0.0363 massB=0.0261,before,0,0.0
p2,841,28,neutral,0,132,181,0.76,1.0421,0,False,A,meta-llama/Llama-3.1-8B-Instruct,chat,riskneutral,0,0.29098,0.00942,1,,,massA=0.00274 massB=0.00668,before,0,0.0
p2,1160,38,mixed,183,183,609,0.38,1.2646,0,True,B,meta-llama/Llama-3.1-8B-Instruct,chat,riskneutral,0,0.9173,0.16494,1,,,massA=0.0136 massB=0.151,before,0,0.0
p2,384,12,mixed,164,164,541,0.38,1.2535,2,True,B,meta-llama/Llama-3.1-8B-Instruct,chat,riskneutral,0,0.81523,0.00836,1,,,massA=0.00155 massB=0.00682,before,0,0.0
p2,821,27,gain,0,166,433,0.53,1.3825,0,False,A,meta-llama/Llama-3.1-8B-Instruct,chat,riskneutral,0,0.3522,0.00845,1,,,massA=0.00298 massB=0.00547,before,0,0.0
p2,70,2,gain,0,162,661,0.26,1.0609,0,True,B,meta-llama/Llama-3.1-8B-Instruct,chat,riskneutral,0,0.79819,0.04127,1,,,massA=0.00833 massB=0.0329,before,0,0.0
p2,1076,35,mixed,91,91,133,0.68,0.9938,3,True,B,meta-llama/Llama-3.1-8B-Instruct,chat,riskneutral,0,0.69925,0.00355,1,,,massA=0.00107 massB=0.00248,before,0,0.0
p2,177,5,mixed,162,162,381,0.46,1.0819,3,False,A,meta-llama/Llama-3.1-8B-Instruct,chat,riskneutral,0,0.85585,0.00085,1,,,massA=0.000725 massB=0.000122,before,0,0.0
p2,688,22,mixed,81,81,163,0.72,1.4489,4,True,B,meta-llama/Llama-3.1-8B-Instruct,chat,riskneutral,0,0.95598,0.00399,1,,,massA=0.000176 massB=0.00381,before,0,0.0
p2,670,22,gain,0,81,163,0.72,1.4489,0,True,B,meta-llama/Llama-3.1-8B-Instruct,chat,riskneutral,0,0.84183,0.06556,1,,,massA=0.0104 massB=0.0552,before,0,0.0
p2,896,29,mixed,79,79,81,0.83,0.851,3,True,B,meta-llama/Llama-3.1-8B-Instruct,chat,riskneutral,0,0.62246,0.01138,1,,,massA=0.0043 massB=0.00708,before,0,0.0
p2,372,12,gain,0,164,541,0.38,1.2535,1,True,B,meta-llama/Llama-3.1-8B-Instruct,chat,riskneutral,0,0.97805,0.04027,1,,,massA=0.000884 massB=0.0394,before,0,0.0
p2,434,14,gain,0,81,201,0.68,1.6874,2,True,B,meta-llama/Llama-3.1-8B-Instruct,chat,riskneutral,0,0.81048,0.0043,1,,,massA=0.000816 massB=0.00349,before,0,0.0
p2,1173,39,neutral,0,178,567,0.32,1.0193,1,False,A,meta-llama/Llama-3.1-8B-Instruct,chat,riskneutral,0,0.29747,0.01679,1,,,massA=0.00499 massB=0.0118,before,0,0.0
p2,928,30,mixed,149,149,447,0.26,0.78,4,True,B,meta-llama/Llama-3.1-8B-Instruct,chat,riskneutral,0,0.96538,0.005,1,,,massA=0.000173 massB=0.00483,before,0,0.0
p2,191,6,gain,0,94,101,0.71,0.7629,0,False,A,meta-llama/Llama-3.1-8B-Instruct,chat,riskneutral,0,0.35936,0.0058,1,,,massA=0.00209 massB=0.00372,before,0,0.0
p2,133,4,gain,0,29,71,0.55,1.3466,1,False,A,meta-llama/Llama-3.1-8B-Instruct,chat,riskneutral,0,0.38491,0.00542,1,,,massA=0.00209 massB=0.00333,before,0,0.0
p2,635,21,neutral,0,106,206,0.73,1.4187,2,False,A,meta-llama/Llama-3.1-8B-Instruct,chat,riskneutral,0,0.74614,0.00117,1,,,massA=0.00087 massB=0.000296,before,0,0.0
p2,990,33,neutral,0,142,446,0.53,1.6646,0,True,B,meta-llama/Llama-3.1-8B-Instruct,chat,riskneutral,0,0.88404,0.08742,1,,,massA=0.0101 massB=0.0773,before,0,0.0
p2,536,17,mixed,117,117,362,0.42,1.2995,3,True,B,meta-llama/Llama-3.1-8B-Instruct,chat,riskneutral,0,0.74317,0.00636,1,,,massA=0.00163 massB=0.00472,before,0,0.0
p2,1245,22,dominant,0,81,109,1.0,1.3457,1,False,A,meta-llama/Llama-3.1-8B-Instruct,chat,riskneutral,0,0.59267,0.43424,0,,,massA=0.257 massB=0.177,before,0,0.0
p2,833,27,mixed,166,166,433,0.53,1.3825,1,False,A,meta-llama/Llama-3.1-8B-Instruct,chat,riskneutral,0,0.54674,0.00093,1,,,massA=0.000509 massB=0.000422,before,0,0.0
p2,702,23,gain,0,91,626,0.23,1.5822,1,True,B,meta-llama/Llama-3.1-8B-Instruct,chat,riskneutral,0,0.97364,0.04278,1,,,massA=0.00113 massB=0.0417,before,0,0.0
p2,407,13,gain,0,72,88,0.64,0.7822,3,False,A,meta-llama/Llama-3.1-8B-Instruct,chat,riskneutral,0,0.81048,0.00059,1,,,massA=0.000475 massB=0.000111,before,0,0.0
p2,710,23,mixed,91,91,626,0.23,1.5822,0,True,B,meta-llama/Llama-3.1-8B-Instruct,chat,riskneutral,0,0.89479,0.08819,1,,,massA=0.00928 massB=0.0789,before,0,0.0
p2,253,8,gain,0,62,263,0.33,1.3998,1,False,A,meta-llama/Llama-3.1-8B-Instruct,chat,riskneutral,0,0.28141,0.00865,1,,,massA=0.00243 massB=0.00621,before,0,0.0
p2,234,7,mixed,63,63,98,0.64,0.9956,2,True,B,meta-llama/Llama-3.1-8B-Instruct,chat,riskneutral,0,0.77458,0.00484,1,,,massA=0.00109 massB=0.00375,before,0,0.0
p2,1135,37,mixed,151,151,252,0.68,1.1348,2,False,A,meta-llama/Llama-3.1-8B-Instruct,chat,riskneutral,0,0.69596,0.0003,1,,,massA=0.000212 massB=9.25e-05,before,0,0.0
p2,1088,36,neutral,0,98,227,0.47,1.0887,4,True,B,meta-llama/Llama-3.1-8B-Instruct,chat,riskneutral,0,0.92736,0.00032,1,,,massA=2.32e-05 massB=0.000296,before,0,0.0
p2,906,30,neutral,0,149,447,0.26,0.78,3,True,B,meta-llama/Llama-3.1-8B-Instruct,chat,riskneutral,0,0.70902,0.05934,1,,,massA=0.0173 massB=0.0421,before,0,0.0
p2,413,13,mixed,72,72,88,0.64,0.7822,1,False,A,meta-llama/Llama-3.1-8B-Instruct,chat,riskneutral,0,0.59643,0.00089,1,,,massA=0.000532 massB=0.00036,before,0,0.0
p2,385,12,mixed,164,164,541,0.38,1.2535,2,False,A,meta-llama/Llama-3.1-8B-Instruct,chat,riskneutral,0,0.73106,0.00022,1,,,massA=0.00016 massB=5.88e-05,before,0,0.0
p2,131,4,gain,0,29,71,0.55,1.3466,0,False,A,meta-llama/Llama-3.1-8B-Instruct,chat,riskneutral,0,0.44939,0.0109,1,,,massA=0.0049 massB=0.006,before,0,0.0
p2,1258,29,dominant,0,79,118,1.0,1.4937,3,True,B,meta-llama/Llama-3.1-8B-Instruct,chat,riskneutral,0,0.83762,0.74742,0,,,massA=0.121 massB=0.626,before,0,0.0
p2,182,6,neutral,0,94,101,0.71,0.7629,1,True,B,meta-llama/Llama-3.1-8B-Instruct,chat,riskneutral,0,0.97667,0.1157,1,,,massA=0.0027 massB=0.113,before,0,0.0
p2,849,28,neutral,0,132,181,0.76,1.0421,4,False,A,meta-llama/Llama-3.1-8B-Instruct,chat,riskneutral,0,0.56025,1e-05,1,,,massA=3.49e-06 massB=2.74e-06,before,0,0.0
p2,987,32,mixed,131,131,236,0.57,1.0269,3,False,A,meta-llama/Llama-3.1-8B-Instruct,chat,riskneutral,0,0.88563,0.0008,1,,,massA=0.00071 massB=9.17e-05,before,0,0.0
p2,604,20,neutral,0,186,266,0.63,0.901,2,True,B,meta-llama/Llama-3.1-8B-Instruct,chat,riskneutral,0,0.85195,0.01656,1,,,massA=0.00245 massB=0.0141,before,0,0.0
p2,778,25,mixed,124,124,207,0.76,1.2687,4,True,B,meta-llama/Llama-3.1-8B-Instruct,chat,riskneutral,0,0.95854,0.00334,1,,,massA=0.000139 massB=0.0032,before,0,0.0
p2,415,13,mixed,72,72,88,0.64,0.7822,2,False,A,meta-llama/Llama-3.1-8B-Instruct,chat,riskneutral,0,0.76065,0.0002,1,,,massA=0.000156 massB=4.9e-05,before,0,0.0
p2,1248,24,dominant,0,168,180,1.0,1.0714,1,True,B,meta-llama/Llama-3.1-8B-Instruct,chat,riskneutral,0,0.93812,0.83715,0,,,massA=0.0518 massB=0.785,before,0,0.0
p2,593,19,mixed,64,64,122,0.49,0.9341,1,False,A,meta-llama/Llama-3.1-8B-Instruct,chat,riskneutral,0,0.5813,0.00067,1,,,massA=0.000392 massB=0.000283,before,0,0.0
p2,649,21,gain,0,106,206,0.73,1.4187,4,False,A,meta-llama/Llama-3.1-8B-Instruct,chat,riskneutral,0,0.34865,4e-05,1,,,massA=1.52e-05 massB=2.84e-05,before,0,0.0
p2,80,2,mixed,162,162,661,0.26,1.0609,0,True,B,meta-llama/Llama-3.1-8B-Instruct,chat,riskneutral,0,0.89625,0.11777,1,,,massA=0.0122 massB=0.106,before,0,0.0
p2,490,16,gain,0,139,234,0.6,1.0101,0,True,B,meta-llama/Llama-3.1-8B-Instruct,chat,riskneutral,0,0.79566,0.06097,1,,,massA=0.0125 massB=0.0485,before,0,0.0
p2,867,28,mixed,132,132,181,0.76,1.0421,3,False,A,meta-llama/Llama-3.1-8B-Instruct,chat,riskneutral,0,0.88404,0.00072,1,,,massA=0.000639 massB=8.39e-05,before,0,0.0
p2,587,19,gain,0,64,122,0.49,0.9341,3,False,A,meta-llama/Llama-3.1-8B-Instruct,chat,riskneutral,0,0.80807,0.00066,1,,,massA=0.000533 massB=0.000127,before,0,0.0
p2,429,14,neutral,0,81,201,0.68,1.6874,4,False,A,meta-llama/Llama-3.1-8B-Instruct,chat,riskneutral,0,0.67233,1e-05,1,,,massA=3.71e-06 massB=1.81e-06,before,0,0.0
p2,418,13,mixed,72,72,88,0.64,0.7822,4,True,B,meta-llama/Llama-3.1-8B-Instruct,chat,riskneutral,0,0.94499,0.00239,1,,,massA=0.000132 massB=0.00226,before,0,0.0
p2,492,16,gain,0,139,234,0.6,1.0101,1,True,B,meta-llama/Llama-3.1-8B-Instruct,chat,riskneutral,0,0.96691,0.04378,1,,,massA=0.00145 massB=0.0423,before,0,0.0
p2,1043,34,mixed,52,52,96,0.63,1.1631,1,False,A,meta-llama/Llama-3.1-8B-Instruct,chat,riskneutral,0,0.60019,0.00085,1,,,massA=0.000511 massB=0.00034,before,0,0.0
p2,113,3,mixed,46,46,158,0.33,1.1335,1,False,A,meta-llama/Llama-3.1-8B-Instruct,chat,riskneutral,0,0.53898,0.00117,1,,,massA=0.00063 massB=0.000539,before,0,0.0
p2,296,9,mixed,49,49,153,0.26,0.8118,3,True,B,meta-llama/Llama-3.1-8B-Instruct,chat,riskneutral,0,0.65489,0.00653,1,,,massA=0.00225 massB=0.00428,before,0,0.0
p2,106,3,gain,0,46,158,0.33,1.1335,3,True,B,meta-llama/Llama-3.1-8B-Instruct,chat,riskneutral,0,0.47268,0.00373,1,,,massA=0.00197 massB=0.00176,before,0,0.0
p2,96,3,neutral,0,46,158,0.33,1.1335,3,True,B,meta-llama/Llama-3.1-8B-Instruct,chat,riskneutral,0,0.69264,0.06908,1,,,massA=0.0212 massB=0.0479,before,0,0.0
p2,1168,38,mixed,183,183,609,0.38,1.2646,4,True,B,meta-llama/Llama-3.1-8B-Instruct,chat,riskneutral,0,0.96153,0.00413,1,,,massA=0.000159 massB=0.00397,before,0,0.0
p2,678,22,gain,0,81,163,0.72,1.4489,4,True,B,meta-llama/Llama-3.1-8B-Instruct,chat,riskneutral,0,0.92192,0.00045,1,,,massA=3.52e-05 massB=0.000416,before,0,0.0
p2,249,8,neutral,0,62,263,0.33,1.3998,4,False,A,meta-llama/Llama-3.1-8B-Instruct,chat,riskneutral,0,0.63341,1e-05,1,,,massA=4.33e-06 massB=2.51e-06,before,0,0.0
p2,518,17,neutral,0,117,362,0.42,1.2995,4,True,B,meta-llama/Llama-3.1-8B-Instruct,chat,riskneutral,0,0.89841,0.00014,1,,,massA=1.42e-05 massB=0.000125,before,0,0.0
p2,88,2,mixed,162,162,661,0.26,1.0609,4,True,B,meta-llama/Llama-3.1-8B-Instruct,chat,riskneutral,0,0.96095,0.00531,1,,,massA=0.000208 massB=0.00511,before,0,0.0
p2,289,9,gain,0,49,153,0.26,0.8118,4,False,A,meta-llama/Llama-3.1-8B-Instruct,chat,riskneutral,0,0.35577,5e-05,1,,,massA=1.68e-05 massB=3.05e-05,before,0,0.0
p2,914,30,gain,0,149,447,0.26,0.78,2,True,B,meta-llama/Llama-3.1-8B-Instruct,chat,riskneutral,0,0.76908,0.00234,1,,,massA=0.000541 massB=0.0018,before,0,0.0
p2,885,29,gain,0,79,81,0.83,0.851,2,False,A,meta-llama/Llama-3.1-8B-Instruct,chat,riskneutral,0,0.67918,0.00047,1,,,massA=0.000321 massB=0.000152,before,0,0.0
p2,640,21,gain,0,106,206,0.73,1.4187,0,True,B,meta-llama/Llama-3.1-8B-Instruct,chat,riskneutral,0,0.8439,0.07635,1,,,massA=0.0119 massB=0.0644,before,0,0.0
p2,766,25,gain,0,124,207,0.76,1.2687,3,True,B,meta-llama/Llama-3.1-8B-Instruct,chat,riskneutral,0,0.49609,0.00308,1,,,massA=0.00155 massB=0.00153,before,0,0.0
p2,470,15,mixed,82,82,113,0.74,1.0198,0,True,B,meta-llama/Llama-3.1-8B-Instruct,chat,riskneutral,0,0.89625,0.14046,1,,,massA=0.0146 massB=0.126,before,0,0.0
p2,463,15,gain,0,82,113,0.74,1.0198,1,False,A,meta-llama/Llama-3.1-8B-Instruct,chat,riskneutral,0,0.24799,0.00638,1,,,massA=0.00158 massB=0.0048,before,0,0.0
p2,163,5,gain,0,162,381,0.46,1.0819,1,False,A,meta-llama/Llama-3.1-8B-Instruct,chat,riskneutral,0,0.23092,0.00936,1,,,massA=0.00216 massB=0.0072,before,0,0.0
p2,175,5,mixed,162,162,381,0.46,1.0819,2,False,A,meta-llama/Llama-3.1-8B-Instruct,chat,riskneutral,0,0.70253,0.00034,1,,,massA=0.000237 massB=0.0001,before,0,0.0
p2,473,15,mixed,82,82,113,0.74,1.0198,1,False,A,meta-llama/Llama-3.1-8B-Instruct,chat,riskneutral,0,0.56602,0.00099,1,,,massA=0.000559 massB=0.000429,before,0,0.0
p2,313,10,gain,0,111,278,0.58,1.4526,1,False,A,meta-llama/Llama-3.1-8B-Instruct,chat,riskneutral,0,0.26894,0.0085,1,,,massA=0.00229 massB=0.00622,before,0,0.0
p2,712,23,mixed,91,91,626,0.23,1.5822,1,True,B,meta-llama/Llama-3.1-8B-Instruct,chat,riskneutral,0,0.93343,0.01641,1,,,massA=0.00109 massB=0.0153,before,0,0.0
p2,1257,28,dominant,0,132,158,1.0,1.197,1,False,A,meta-llama/Llama-3.1-8B-Instruct,chat,riskneutral,0,0.56985,0.59774,0,,,massA=0.341 massB=0.257,before,0,0.0
p2,790,26,gain,0,59,151,0.36,0.9214,0,True,B,meta-llama/Llama-3.1-8B-Instruct,chat,riskneutral,0,0.78266,0.0406,1,,,massA=0.00882 massB=0.0318,before,0,0.0
p2,1253,26,dominant,0,59,73,1.0,1.2373,3,False,A,meta-llama/Llama-3.1-8B-Instruct,chat,riskneutral,0,0.76908,0.62551,0,,,massA=0.481 massB=0.144,before,0,0.0
p2,685,22,mixed,81,81,163,0.72,1.4489,2,False,A,meta-llama/Llama-3.1-8B-Instruct,chat,riskneutral,0,0.76629,0.00028,1,,,massA=0.000211 massB=6.45e-05,before,0,0.0
p2,1138,37,mixed,151,151,252,0.68,1.1348,4,True,B,meta-llama/Llama-3.1-8B-Instruct,chat,riskneutral,0,0.96432,0.0079,1,,,massA=0.000282 massB=0.00762,before,0,0.0
p2,755,25,neutral,0,124,207,0.76,1.2687,2,False,A,meta-llama/Llama-3.1-8B-Instruct,chat,riskneutral,0,0.75492,0.00079,1,,,massA=0.0006 massB=0.000195,before,0,0.0
p2,1028,34,neutral,0,52,96,0.63,1.1631,4,True,B,meta-llama/Llama-3.1-8B-Instruct,chat,riskneutral,0,0.91181,0.00013,1,,,massA=1.11e-05 massB=0.000115,before,0,0.0
p2,238,7,mixed,63,63,98,0.64,0.9956,4,True,B,meta-llama/Llama-3.1-8B-Instruct,chat,riskneutral,0,0.94335,0.00259,1,,,massA=0.000147 massB=0.00244,before,0,0.0
p2,16,0,gain,0,186,984,0.26,1.3755,3,True,B,meta-llama/Llama-3.1-8B-Instruct,chat,riskneutral,0,0.5813,0.00435,1,,,massA=0.00182 massB=0.00253,before,0,0.0
p2,804,26,mixed,59,59,151,0.36,0.9214,2,True,B,meta-llama/Llama-3.1-8B-Instruct,chat,riskneutral,0,0.77184,0.00336,1,,,massA=0.000767 massB=0.0026,before,0,0.0
p2,1020,34,neutral,0,52,96,0.63,1.1631,0,True,B,meta-llama/Llama-3.1-8B-Instruct,chat,riskneutral,0,0.86522,0.05917,1,,,massA=0.00797 massB=0.0512,before,0,0.0
p2,607,20,neutral,0,186,266,0.63,0.901,3,False,A,meta-llama/Llama-3.1-8B-Instruct,chat,riskneutral,0,0.59267,0.05999,1,,,massA=0.0356 massB=0.0244,before,0,0.0
p2,47,1,gain,0,58,116,0.66,1.32,3,False,A,meta-llama/Llama-3.1-8B-Instruct,chat,riskneutral,0,0.85585,0.00102,1,,,massA=0.000875 massB=0.000147,before,0,0.0
p2,401,13,gain,0,72,88,0.64,0.7822,0,False,A,meta-llama/Llama-3.1-8B-Instruct,chat,riskneutral,0,0.38862,0.0047,1,,,massA=0.00182 massB=0.00287,before,0,0.0
p2,594,19,mixed,64,64,122,0.49,0.9341,2,True,B,meta-llama/Llama-3.1-8B-Instruct,chat,riskneutral,0,0.76908,0.00471,1,,,massA=0.00109 massB=0.00362,before,0,0.0
p2,159,5,neutral,0,162,381,0.46,1.0819,4,False,A,meta-llama/Llama-3.1-8B-Instruct,chat,riskneutral,0,0.61138,1e-05,1,,,massA=5.53e-06 massB=3.51e-06,before,0,0.0
p2,1012,33,mixed,142,142,446,0.53,1.6646,1,True,B,meta-llama/Llama-3.1-8B-Instruct,chat,riskneutral,0,0.9344,0.03278,1,,,massA=0.00215 massB=0.0306,before,0,0.0
p2,717,23,mixed,91,91,626,0.23,1.5822,3,False,A,meta-llama/Llama-3.1-8B-Instruct,chat,riskneutral,0,0.86704,0.00077,1,,,massA=0.000669 massB=0.000103,before,0,0.0
p2,202,6,mixed,94,94,101,0.71,0.7629,1,True,B,meta-llama/Llama-3.1-8B-Instruct,chat,riskneutral,0,0.89029,0.01308,1,,,massA=0.00144 massB=0.0116,before,0,0.0
p2,72,2,gain,0,162,661,0.26,1.0609,1,True,B,meta-llama/Llama-3.1-8B-Instruct,chat,riskneutral,0,0.97156,0.03388,1,,,massA=0.000963 massB=0.0329,before,0,0.0
p2,460,15,gain,0,82,113,0.74,1.0198,0,True,B,meta-llama/Llama-3.1-8B-Instruct,chat,riskneutral,0,0.83762,0.07674,1,,,massA=0.0125 massB=0.0643,before,0,0.0
p2,542,18,neutral,0,41,61,0.58,0.8629,1,True,B,meta-llama/Llama-3.1-8B-Instruct,chat,riskneutral,0,0.97667,0.04877,1,,,massA=0.00114 massB=0.0476,before,0,0.0
p2,1158,38,gain,0,183,609,0.38,1.2646,4,True,B,meta-llama/Llama-3.1-8B-Instruct,chat,riskneutral,0,0.9344,0.00045,1,,,massA=2.98e-05 massB=0.000425,before,0,0.0
p2,108,3,gain,0,46,158,0.33,1.1335,4,True,B,meta-llama/Llama-3.1-8B-Instruct,chat,riskneutral,0,0.91244,0.00048,1,,,massA=4.22e-05 massB=0.00044,before,0,0.0
p2,628,20,mixed,186,186,266,0.63,0.901,4,True,B,meta-llama/Llama-3.1-8B-Instruct,chat,riskneutral,0,0.95041,0.0025,1,,,massA=0.000124 massB=0.00238,before,0,0.0
p2,246,8,neutral,0,62,263,0.33,1.3998,3,True,B,meta-llama/Llama-3.1-8B-Instruct,chat,riskneutral,0,0.71542,0.06555,1,,,massA=0.0187 massB=0.0469,before,0,0.0
p2,865,28,mixed,132,132,181,0.76,1.0421,2,False,A,meta-llama/Llama-3.1-8B-Instruct,chat,riskneutral,0,0.72174,0.00023,1,,,massA=0.000165 massB=6.36e-05,before,0,0.0
p2,891,29,mixed,79,79,81,0.83,0.851,0,False,A,meta-llama/Llama-3.1-8B-Instruct,chat,riskneutral,0,0.61138,0.01051,1,,,massA=0.00643 massB=0.00409,before,0,0.0
p2,866,28,mixed,132,132,181,0.76,1.0421,3,True,B,meta-llama/Llama-3.1-8B-Instruct,chat,riskneutral,0,0.63703,0.0061,1,,,massA=0.00222 massB=0.00389,before,0,0.0
p2,946,31,gain,0,51,151,0.29,0.8586,3,True,B,meta-llama/Llama-3.1-8B-Instruct,chat,riskneutral,0,0.54286,0.00296,1,,,massA=0.00135 massB=0.00161,before,0,0.0
p2,68,2,neutral,0,162,661,0.26,1.0609,4,True,B,meta-llama/Llama-3.1-8B-Instruct,chat,riskneutral,0,0.8808,0.00019,1,,,massA=2.24e-05 massB=0.000166,before,0,0.0
p2,203,6,mixed,94,94,101,0.71,0.7629,1,False,A,meta-llama/Llama-3.1-8B-Instruct,chat,riskneutral,0,0.55061,0.0009,1,,,massA=0.000496 massB=0.000405,before,0,0.0
p2,1083,36,neutral,0,98,227,0.47,1.0887,1,False,A,meta-llama/Llama-3.1-8B-Instruct,chat,riskneutral,0,0.25683,0.01939,1,,,massA=0.00498 massB=0.0144,before,0,0.0
p2,732,24,gain,0,168,214,0.76,0.9681,1,True,B,meta-llama/Llama-3.1-8B-Instruct,chat,riskneutral,0,0.97069,0.04068,1,,,massA=0.00119 massB=0.0395,before,0,0.0
p2,656,21,mixed,106,106,206,0.73,1.4187,3,True,B,meta-llama/Llama-3.1-8B-Instruct,chat,riskneutral,0,0.67918,0.01248,1,,,massA=0.004 massB=0.00848,before,0,0.0
p2,11,0,gain,0,186,984,0.26,1.3755,0,False,A,meta-llama/Llama-3.1-8B-Instruct,chat,riskneutral,0,0.30736,0.01566,1,,,massA=0.00481 massB=0.0108,before,0,0.0
p2,758,25,neutral,0,124,207,0.76,1.2687,4,True,B,meta-llama/Llama-3.1-8B-Instruct,chat,riskneutral,0,0.92304,0.00037,1,,,massA=2.82e-05 massB=0.000338,before,0,0.0
p2,56,1,mixed,58,58,116,0.66,1.32,3,True,B,meta-llama/Llama-3.1-8B-Instruct,chat,riskneutral,0,0.60019,0.01257,1,,,massA=0.00502 massB=0.00754,before,0,0.0
p2,1167,38,mixed,183,183,609,0.38,1.2646,3,False,A,meta-llama/Llama-3.1-8B-Instruct,chat,riskneutral,0,0.86522,0.00074,1,,,massA=0.000639 massB=9.95e-05,before,0,0.0
p2,696,23,neutral,0,91,626,0.23,1.5822,3,True,B,meta-llama/Llama-3.1-8B-Instruct,chat,riskneutral,0,0.73106,0.05769,1,,,massA=0.0155 massB=0.0422,before,0,0.0
p2,306,10,neutral,0,111,278,0.58,1.4526,3,True,B,meta-llama/Llama-3.1-8B-Instruct,chat,riskneutral,0,0.79311,0.07191,1,,,massA=0.0149 massB=0.057,before,0,0.0
p2,136,4,gain,0,29,71,0.55,1.3466,3,True,B,meta-llama/Llama-3.1-8B-Instruct,chat,riskneutral,0,0.56218,0.00426,1,,,massA=0.00186 massB=0.00239,before,0,0.0
p2,447,14,mixed,81,81,201,0.68,1.6874,3,False,A,meta-llama/Llama-3.1-8B-Instruct,chat,riskneutral,0,0.8808,0.0007,1,,,massA=0.000616 massB=8.33e-05,before,0,0.0
p2,829,27,gain,0,166,433,0.53,1.3825,4,False,A,meta-llama/Llama-3.1-8B-Instruct,chat,riskneutral,0,0.4149,6e-05,1,,,massA=2.61e-05 massB=3.68e-05,before,0,0.0
p2,777,25,mixed,124,124,207,0.76,1.2687,3,False,A,meta-llama/Llama-3.1-8B-Instruct,chat,riskneutral,0,0.89181,0.00078,1,,,massA=0.000697 massB=8.46e-05,before,0,0.0
p2,383,12,mixed,164,164,541,0.38,1.2535,1,False,A,meta-llama/Llama-3.1-8B-Instruct,chat,riskneutral,0,0.46879,0.00056,1,,,massA=0.000262 massB=0.000296,before,0,0.0
p2,222,7,gain,0,63,98,0.64,0.9956,1,True,B,meta-llama/Llama-3.1-8B-Instruct,chat,riskneutral,0,0.96486,0.02496,1,,,massA=0.000877 massB=0.0241,before,0,0.0
p2,1087,36,neutral,0,98,227,0.47,1.0887,3,False,A,meta-llama/Llama-3.1-8B-Instruct,chat,riskneutral,0,0.56602,0.0494,1,,,massA=0.028 massB=0.0214,before,0,0.0
p2,226,7,gain,0,63,98,0.64,0.9956,3,True,B,meta-llama/Llama-3.1-8B-Instruct,chat,riskneutral,0,0.52732,0.00224,1,,,massA=0.00106 massB=0.00118,before,0,0.0
p2,160,5,gain,0,162,381,0.46,1.0819,0,True,B,meta-llama/Llama-3.1-8B-Instruct,chat,riskneutral,0,0.81287,0.05253,1,,,massA=0.00983 massB=0.0427,before,0,0.0
p2,48,1,gain,0,58,116,0.66,1.32,4,True,B,meta-llama/Llama-3.1-8B-Instruct,chat,riskneutral,0,0.93046,0.00086,1,,,massA=6.01e-05 massB=0.000804,before,0,0.0
p2,940,31,gain,0,51,151,0.29,0.8586,0,True,B,meta-llama/Llama-3.1-8B-Instruct,chat,riskneutral,0,0.79053,0.05689,1,,,massA=0.0119 massB=0.045,before,0,0.0
p2,20,0,mixed,186,186,984,0.26,1.3755,0,True,B,meta-llama/Llama-3.1-8B-Instruct,chat,riskneutral,0,0.90862,0.14312,1,,,massA=0.0131 massB=0.13,before,0,0.0
p2,818,27,neutral,0,166,433,0.53,1.3825,4,True,B,meta-llama/Llama-3.1-8B-Instruct,chat,riskneutral,0,0.90731,0.00035,1,,,massA=3.23e-05 massB=0.000316,before,0,0.0
p2,576,19,neutral,0,64,122,0.49,0.9341,3,True,B,meta-llama/Llama-3.1-8B-Instruct,chat,riskneutral,0,0.75491,0.05112,1,,,massA=0.0125 massB=0.0386,before,0,0.0
p2,26,0,mixed,186,186,984,0.26,1.3755,3,True,B,meta-llama/Llama-3.1-8B-Instruct,chat,riskneutral,0,0.70253,0.00802,1,,,massA=0.00239 massB=0.00564,before,0,0.0
p2,573,19,neutral,0,64,122,0.49,0.9341,1,False,A,meta-llama/Llama-3.1-8B-Instruct,chat,riskneutral,0,0.24509,0.01458,1,,,massA=0.00357 massB=0.011,before,0,0.0
p2,781,26,neutral,0,59,151,0.36,0.9214,0,False,A,meta-llama/Llama-3.1-8B-Instruct,chat,riskneutral,0,0.31743,0.0129,1,,,massA=0.0041 massB=0.00881,before,0,0.0
p2,559,18,gain,0,41,61,0.58,0.8629,4,False,A,meta-llama/Llama-3.1-8B-Instruct,chat,riskneutral,0,0.44939,4e-05,1,,,massA=1.66e-05 massB=2.03e-05,before,0,0.0
p2,839,27,mixed,166,166,433,0.53,1.3825,4,False,A,meta-llama/Llama-3.1-8B-Instruct,chat,riskneutral,0,0.66192,0.00011,1,,,massA=7.37e-05 massB=3.76e-05,before,0,0.0
p2,764,25,gain,0,124,207,0.76,1.2687,2,True,B,meta-llama/Llama-3.1-8B-Instruct,chat,riskneutral,0,0.74614,0.0023,1,,,massA=0.000584 massB=0.00172,before,0,0.0
p2,858,28,gain,0,132,181,0.76,1.0421,4,True,B,meta-llama/Llama-3.1-8B-Instruct,chat,riskneutral,0,0.90053,0.0004,1,,,massA=3.93e-05 massB=0.000356,before,0,0.0
p2,198,6,gain,0,94,101,0.71,0.7629,4,True,B,meta-llama/Llama-3.1-8B-Instruct,chat,riskneutral,0,0.92523,0.00053,1,,,massA=3.94e-05 massB=0.000487,before,0,0.0
p2,899,29,mixed,79,79,81,0.83,0.851,4,False,A,meta-llama/Llama-3.1-8B-Instruct,chat,riskneutral,0,0.62612,0.00012,1,,,massA=7.76e-05 massB=4.63e-05,before,0,0.0
p2,752,25,neutral,0,124,207,0.76,1.2687,1,True,B,meta-llama/Llama-3.1-8B-Instruct,chat,riskneutral,0,0.97482,0.1152,1,,,massA=0.0029 massB=0.112,before,0,0.0
p2,183,6,neutral,0,94,101,0.71,0.7629,1,False,A,meta-llama/Llama-3.1-8B-Instruct,chat,riskneutral,0,0.35577,0.01363,1,,,massA=0.00485 massB=0.00878,before,0,0.0
p2,277,9,neutral,0,49,153,0.26,0.8118,3,False,A,meta-llama/Llama-3.1-8B-Instruct,chat,riskneutral,0,0.55833,0.05941,1,,,massA=0.0332 massB=0.0262,before,0,0.0
p2,1186,39,gain,0,178,567,0.32,1.0193,3,True,B,meta-llama/Llama-3.1-8B-Instruct,chat,riskneutral,0,0.5851,0.00365,1,,,massA=0.00151 massB=0.00213,before,0,0.0
p2,894,29,mixed,79,79,81,0.83,0.851,2,True,B,meta-llama/Llama-3.1-8B-Instruct,chat,riskneutral,0,0.72798,0.01175,1,,,massA=0.0032 massB=0.00855,before,0,0.0
p2,1141,38,neutral,0,183,609,0.38,1.2646,0,False,A,meta-llama/Llama-3.1-8B-Instruct,chat,riskneutral,0,0.25091,0.00946,1,,,massA=0.00237 massB=0.00709,before,0,0.0
p2,53,1,mixed,58,58,116,0.66,1.32,1,False,A,meta-llama/Llama-3.1-8B-Instruct,chat,riskneutral,0,0.61878,0.00102,1,,,massA=0.000633 massB=0.00039,before,0,0.0
p2,282,9,gain,0,49,153,0.26,0.8118,1,True,B,meta-llama/Llama-3.1-8B-Instruct,chat,riskneutral,0,0.96538,0.02856,1,,,massA=0.000989 massB=0.0276,before,0,0.0
p2,1010,33,mixed,142,142,446,0.53,1.6646,0,True,B,meta-llama/Llama-3.1-8B-Instruct,chat,riskneutral,0,0.9263,0.18806,1,,,massA=0.0139 massB=0.174,before,0,0.0
p2,623,20,mixed,186,186,266,0.63,0.901,1,False,A,meta-llama/Llama-3.1-8B-Instruct,chat,riskneutral,0,0.55061,0.00078,1,,,massA=0.000427 massB=0.000349,before,0,0.0
p2,122,4,neutral,0,29,71,0.55,1.3466,1,True,B,meta-llama/Llama-3.1-8B-Instruct,chat,riskneutral,0,0.9679,0.07429,1,,,massA=0.00238 massB=0.0719,before,0,0.0
p2,452,15,neutral,0,82,113,0.74,1.0198,1,True,B,meta-llama/Llama-3.1-8B-Instruct,chat,riskneutral,0,0.98117,0.14742,1,,,massA=0.00278 massB=0.145,before,0,0.0
p2,1117,37,neutral,0,151,252,0.68,1.1348,3,False,A,meta-llama/Llama-3.1-8B-Instruct,chat,riskneutral,0,0.61878,0.09493,1,,,massA=0.0587 massB=0.0362,before,0,0.0
p2,190,6,gain,0,94,101,0.71,0.7629,0,True,B,meta-llama/Llama-3.1-8B-Instruct,chat,riskneutral,0,0.81989,0.06455,1,,,massA=0.0116 massB=0.0529,before,0,0.0
p2,464,15,gain,0,82,113,0.74,1.0198,2,True,B,meta-llama/Llama-3.1-8B-Instruct,chat,riskneutral,0,0.77999,0.00473,1,,,massA=0.00104 massB=0.00369,before,0,0.0
p2,881,29,gain,0,79,81,0.83,0.851,0,False,A,meta-llama/Llama-3.1-8B-Instruct,chat,riskneutral,0,0.4149,0.0045,1,,,massA=0.00187 massB=0.00263,before,0,0.0
p2,980,32,mixed,131,131,236,0.57,1.0269,0,True,B,meta-llama/Llama-3.1-8B-Instruct,chat,riskneutral,0,0.91611,0.15824,1,,,massA=0.0133 massB=0.145,before,0,0.0
p2,793,26,gain,0,59,151,0.36,0.9214,1,False,A,meta-llama/Llama-3.1-8B-Instruct,chat,riskneutral,0,0.23092,0.0054,1,,,massA=0.00125 massB=0.00415,before,0,0.0
p2,1197,39,mixed,178,178,567,0.32,1.0193,3,False,A,meta-llama/Llama-3.1-8B-Instruct,chat,riskneutral,0,0.86339,0.00073,1,,,massA=0.000629 massB=9.95e-05,before,0,0.0
p2,1232,16,dominant,0,139,190,1.0,1.3669,2,True,B,meta-llama/Llama-3.1-8B-Instruct,chat,riskneutral,0,0.74017,0.19429,1,,,massA=0.0505 massB=0.144,before,0,0.0
p2,880,29,gain,0,79,81,0.83,0.851,0,True,B,meta-llama/Llama-3.1-8B-Instruct,chat,riskneutral,0,0.81989,0.09667,1,,,massA=0.0174 massB=0.0793,before,0,0.0
p2,595,19,mixed,64,64,122,0.49,0.9341,2,False,A,meta-llama/Llama-3.1-8B-Instruct,chat,riskneutral,0,0.74017,0.00023,1,,,massA=0.000167 massB=5.85e-05,before,0,0.0
p2,1068,35,gain,0,91,133,0.68,0.9938,4,True,B,meta-llama/Llama-3.1-8B-Instruct,chat,riskneutral,0,0.94165,0.0006,1,,,massA=3.52e-05 massB=0.000569,before,0,0.0
p2,1098,36,gain,0,98,227,0.47,1.0887,4,True,B,meta-llama/Llama-3.1-8B-Instruct,chat,riskneutral,0,0.94251,0.00074,1,,,massA=4.23e-05 massB=0.000693,before,0,0.0
p2,25,0,mixed,186,186,984,0.26,1.3755,2,False,A,meta-llama/Llama-3.1-8B-Instruct,chat,riskneutral,0,0.72487,0.00034,1,,,massA=0.000248 massB=9.43e-05,before,0,0.0
p2,620,20,mixed,186,186,266,0.63,0.901,0,True,B,meta-llama/Llama-3.1-8B-Instruct,chat,riskneutral,0,0.89181,0.11369,1,,,massA=0.0123 massB=0.101,before,0,0.0
p2,622,20,mixed,186,186,266,0.63,0.901,1,True,B,meta-llama/Llama-3.1-8B-Instruct,chat,riskneutral,0,0.89181,0.01423,1,,,massA=0.00154 massB=0.0127,before,0,0.0
p2,66,2,neutral,0,162,661,0.26,1.0609,3,True,B,meta-llama/Llama-3.1-8B-Instruct,chat,riskneutral,0,0.68931,0.04591,1,,,massA=0.0143 massB=0.0316,before,0,0.0
p2,510,17,neutral,0,117,362,0.42,1.2995,0,True,B,meta-llama/Llama-3.1-8B-Instruct,chat,riskneutral,0,0.8706,0.06266,1,,,massA=0.00811 massB=0.0545,before,0,0.0
p2,927,30,mixed,149,149,447,0.26,0.78,3,False,A,meta-llama/Llama-3.1-8B-Instruct,chat,riskneutral,0,0.84797,0.00105,1,,,massA=0.000888 massB=0.000159,before,0,0.0
p2,9,0,neutral,0,186,984,0.26,1.3755,4,False,A,meta-llama/Llama-3.1-8B-Instruct,chat,riskneutral,0,0.5794,1e-05,1,,,massA=5.22e-06 massB=3.79e-06,before,0,0.0
p2,1061,35,gain,0,91,133,0.68,0.9938,0,False,A,meta-llama/Llama-3.1-8B-Instruct,chat,riskneutral,0,0.37754,0.00527,1,,,massA=0.00199 massB=0.00328,before,0,0.0
p2,517,17,neutral,0,117,362,0.42,1.2995,3,False,A,meta-llama/Llama-3.1-8B-Instruct,chat,riskneutral,0,0.54674,0.04776,1,,,massA=0.0261 massB=0.0216,before,0,0.0
p2,799,26,gain,0,59,151,0.36,0.9214,4,False,A,meta-llama/Llama-3.1-8B-Instruct,chat,riskneutral,0,0.38122,3e-05,1,,,massA=1.33e-05 massB=2.16e-05,before,0,0.0
p2,1239,19,dominant,0,64,91,1.0,1.4219,4,False,A,meta-llama/Llama-3.1-8B-Instruct,chat,riskneutral,0,0.79053,0.00252,1,,,massA=0.00199 massB=0.000528,before,0,0.0
p2,116,3,mixed,46,46,158,0.33,1.1335,3,True,B,meta-llama/Llama-3.1-8B-Instruct,chat,riskneutral,0,0.62977,0.00866,1,,,massA=0.00321 massB=0.00545,before,0,0.0
p2,1264,32,dominant,0,131,144,1.0,1.0992,4,True,B,meta-llama/Llama-3.1-8B-Instruct,chat,riskneutral,0,0.64423,0.00961,1,,,massA=0.00342 massB=0.00619,before,0,0.0
p2,870,29,neutral,0,79,81,0.83,0.851,0,True,B,meta-llama/Llama-3.1-8B-Instruct,chat,riskneutral,0,0.90053,0.18033,1,,,massA=0.0179 massB=0.162,before,0,0.0
p2,104,3,gain,0,46,158,0.33,1.1335,2,True,B,meta-llama/Llama-3.1-8B-Instruct,chat,riskneutral,0,0.66192,0.00154,1,,,massA=0.000519 massB=0.00102,before,0,0.0
p2,76,2,gain,0,162,661,0.26,1.0609,3,True,B,meta-llama/Llama-3.1-8B-Instruct,chat,riskneutral,0,0.54674,0.00325,1,,,massA=0.00147 massB=0.00178,before,0,0.0
p2,46,1,gain,0,58,116,0.66,1.32,3,True,B,meta-llama/Llama-3.1-8B-Instruct,chat,riskneutral,0,0.53898,0.00312,1,,,massA=0.00144 massB=0.00168,before,0,0.0
p2,1205,2,dominant,0,162,174,1.0,1.0741,4,False,A,meta-llama/Llama-3.1-8B-Instruct,chat,riskneutral,0,0.78793,0.00335,1,,,massA=0.00264 massB=0.00071,before,0,0.0
p2,1217,8,dominant,0,62,121,1.0,1.9516,4,False,A,meta-llama/Llama-3.1-8B-Instruct,chat,riskneutral,0,0.82671,0.0032,1,,,massA=0.00264 massB=0.000554,before,0,0.0
p2,346,11,gain,0,54,68,0.81,1.02,3,True,B,meta-llama/Llama-3.1-8B-Instruct,chat,riskneutral,0,0.53121,0.00345,1,,,massA=0.00162 massB=0.00183,before,0,0.0
p2,1000,33,gain,0,142,446,0.53,1.6646,0,True,B,meta-llama/Llama-3.1-8B-Instruct,chat,riskneutral,0,0.84594,0.07848,1,,,massA=0.0121 massB=0.0664,before,0,0.0
p2,1219,9,dominant,0,49,82,1.0,1.6735,1,False,A,meta-llama/Llama-3.1-8B-Instruct,chat,riskneutral,0,0.5813,0.38905,0,,,massA=0.226 massB=0.163,before,0,0.0
p2,999,33,neutral,0,142,446,0.53,1.6646,4,False,A,meta-llama/Llama-3.1-8B-Instruct,chat,riskneutral,0,0.62246,1e-05,1,,,massA=6.21e-06 massB=3.77e-06,before,0,0.0
p2,570,19,neutral,0,64,122,0.49,0.9341,0,True,B,meta-llama/Llama-3.1-8B-Instruct,chat,riskneutral,0,0.82219,0.06703,1,,,massA=0.0119 massB=0.0551,before,0,0.0
p2,1178,39,neutral,0,178,567,0.32,1.0193,4,True,B,meta-llama/Llama-3.1-8B-Instruct,chat,riskneutral,0,0.88324,0.00012,1,,,massA=1.39e-05 massB=0.000105,before,0,0.0
p2,173,5,mixed,162,162,381,0.46,1.0819,1,False,A,meta-llama/Llama-3.1-8B-Instruct,chat,riskneutral,0,0.48438,0.00111,1,,,massA=0.000539 massB=0.000573,before,0,0.0
p2,51,1,mixed,58,58,116,0.66,1.32,0,False,A,meta-llama/Llama-3.1-8B-Instruct,chat,riskneutral,0,0.71223,0.00901,1,,,massA=0.00641 massB=0.00259,before,0,0.0
p2,62,2,neutral,0,162,661,0.26,1.0609,1,True,B,meta-llama/Llama-3.1-8B-Instruct,chat,riskneutral,0,0.94892,0.0725,1,,,massA=0.0037 massB=0.0688,before,0,0.0
p2,715,23,mixed,91,91,626,0.23,1.5822,2,False,A,meta-llama/Llama-3.1-8B-Instruct,chat,riskneutral,0,0.72487,0.00017,1,,,massA=0.00012 massB=4.56e-05,before,0,0.0
p2,64,2,neutral,0,162,661,0.26,1.0609,2,True,B,meta-llama/Llama-3.1-8B-Instruct,chat,riskneutral,0,0.79053,0.01987,1,,,massA=0.00416 massB=0.0157,before,0,0.0
p2,588,19,gain,0,64,122,0.49,0.9341,4,True,B,meta-llama/Llama-3.1-8B-Instruct,chat,riskneutral,0,0.9149,0.00027,1,,,massA=2.31e-05 massB=0.000248,before,0,0.0
p2,45,1,gain,0,58,116,0.66,1.32,2,False,A,meta-llama/Llama-3.1-8B-Instruct,chat,riskneutral,0,0.66888,0.00046,1,,,massA=0.000305 massB=0.000151,before,0,0.0
p2,869,28,mixed,132,132,181,0.76,1.0421,4,False,A,meta-llama/Llama-3.1-8B-Instruct,chat,riskneutral,0,0.65135,7e-05,1,,,massA=4.88e-05 massB=2.61e-05,before,0,0.0
p2,132,4,gain,0,29,71,0.55,1.3466,1,True,B,meta-llama/Llama-3.1-8B-Instruct,chat,riskneutral,0,0.96691,0.04859,1,,,massA=0.00161 massB=0.047,before,0,0.0
p2,783,26,neutral,0,59,151,0.36,0.9214,1,False,A,meta-llama/Llama-3.1-8B-Instruct,chat,riskneutral,0,0.34865,0.0122,1,,,massA=0.00425 massB=0.00795,before,0,0.0
p2,322,10,mixed,111,111,278,0.58,1.4526,1,True,B,meta-llama/Llama-3.1-8B-Instruct,chat,riskneutral,0,0.93046,0.02545,1,,,massA=0.00177 massB=0.0237,before,0,0.0
p2,782,26,neutral,0,59,151,0.36,0.9214,1,True,B,meta-llama/Llama-3.1-8B-Instruct,chat,riskneutral,0,0.96323,0.04461,1,,,massA=0.00164 massB=0.043,before,0,0.0
p2,951,31,mixed,51,51,151,0.29,0.8586,0,False,A,meta-llama/Llama-3.1-8B-Instruct,chat,riskneutral,0,0.67233,0.00971,1,,,massA=0.00653 massB=0.00318,before,0,0.0
p2,201,6,mixed,94,94,101,0.71,0.7629,0,False,A,meta-llama/Llama-3.1-8B-Instruct,chat,riskneutral,0,0.65489,0.00412,1,,,massA=0.0027 massB=0.00142,before,0,0.0
p2,657,21,mixed,106,106,206,0.73,1.4187,3,False,A,meta-llama/Llama-3.1-8B-Instruct,chat,riskneutral,0,0.89625,0.0011,1,,,massA=0.000988 massB=0.000114,before,0,0.0
p2,1276,38,dominant,0,183,201,1.0,1.0984,2,True,B,meta-llama/Llama-3.1-8B-Instruct,chat,riskneutral,0,0.81287,0.41268,0,,,massA=0.0772 massB=0.335,before,0,0.0
p2,1184,39,gain,0,178,567,0.32,1.0193,2,True,B,meta-llama/Llama-3.1-8B-Instruct,chat,riskneutral,0,0.76629,0.00197,1,,,massA=0.000461 massB=0.00151,before,0,0.0
p2,22,0,mixed,186,186,984,0.26,1.3755,1,True,B,meta-llama/Llama-3.1-8B-Instruct,chat,riskneutral,0,0.91848,0.02812,1,,,massA=0.00229 massB=0.0258,before,0,0.0
p2,1153,38,gain,0,183,609,0.38,1.2646,1,False,A,meta-llama/Llama-3.1-8B-Instruct,chat,riskneutral,0,0.2227,0.02049,1,,,massA=0.00456 massB=0.0159,before,0,0.0
p2,509,16,mixed,139,139,234,0.6,1.0101,4,False,A,meta-llama/Llama-3.1-8B-Instruct,chat,riskneutral,0,0.67233,8e-05,1,,,massA=5.24e-05 massB=2.56e-05,before,0,0.0
p2,1222,11,dominant,0,54,73,1.0,1.3519,4,True,B,meta-llama/Llama-3.1-8B-Instruct,chat,riskneutral,0,0.5813,0.00809,1,,,massA=0.00339 massB=0.0047,before,0,0.0
p2,1210,5,dominant,0,162,206,1.0,1.2716,1,True,B,meta-llama/Llama-3.1-8B-Instruct,chat,riskneutral,0,0.95186,0.85828,0,,,massA=0.0413 massB=0.817,before,0,0.0
p2,83,2,mixed,162,162,661,0.26,1.0609,1,False,A,meta-llama/Llama-3.1-8B-Instruct,chat,riskneutral,0,0.49219,0.00096,1,,,massA=0.000474 massB=0.000489,before,0,0.0
p2,212,7,neutral,0,63,98,0.64,0.9956,1,True,B,meta-llama/Llama-3.1-8B-Instruct,chat,riskneutral,0,0.97024,0.07378,1,,,massA=0.0022 massB=0.0716,before,0,0.0
p2,872,29,neutral,0,79,81,0.83,0.851,1,True,B,meta-llama/Llama-3.1-8B-Instruct,chat,riskneutral,0,0.97631,0.19902,1,,,massA=0.00471 massB=0.194,before,0,0.0
p2,682,22,mixed,81,81,163,0.72,1.4489,1,True,B,meta-llama/Llama-3.1-8B-Instruct,chat,riskneutral,0,0.91118,0.01942,1,,,massA=0.00173 massB=0.0177,before,0,0.0
p2,832,27,mixed,166,166,433,0.53,1.3825,1,True,B,meta-llama/Llama-3.1-8B-Instruct,chat,riskneutral,0,0.93535,0.02936,1,,,massA=0.0019 massB=0.0275,before,0,0.0
p2,425,14,neutral,0,81,201,0.68,1.6874,2,False,A,meta-llama/Llama-3.1-8B-Instruct,chat,riskneutral,0,0.80563,0.00104,1,,,massA=0.000838 massB=0.000202,before,0,0.0
p2,578,19,neutral,0,64,122,0.49,0.9341,4,True,B,meta-llama/Llama-3.1-8B-Instruct,chat,riskneutral,0,0.89181,0.00018,1,,,massA=1.91e-05 massB=0.000158,before,0,0.0
p2,361,12,neutral,0,164,541,0.38,1.2535,0,False,A,meta-llama/Llama-3.1-8B-Instruct,chat,riskneutral,0,0.26284,0.01213,1,,,massA=0.00319 massB=0.00895,before,0,0.0
p2,5,0,neutral,0,186,984,0.26,1.3755,2,False,A,meta-llama/Llama-3.1-8B-Instruct,chat,riskneutral,0,0.77458,0.00085,1,,,massA=0.000658 massB=0.000192,before,0,0.0
p2,444,14,mixed,81,81,201,0.68,1.6874,2,True,B,meta-llama/Llama-3.1-8B-Instruct,chat,riskneutral,0,0.81048,0.0071,1,,,massA=0.00135 massB=0.00576,before,0,0.0
p2,556,18,gain,0,41,61,0.58,0.8629,3,True,B,meta-llama/Llama-3.1-8B-Instruct,chat,riskneutral,0,0.54674,0.00243,1,,,massA=0.0011 massB=0.00133,before,0,0.0
p2,350,11,mixed,54,54,68,0.81,1.02,0,True,B,meta-llama/Llama-3.1-8B-Instruct,chat,riskneutral,0,0.87748,0.11485,1,,,massA=0.0141 massB=0.101,before,0,0.0
p2,1265,32,dominant,0,131,144,1.0,1.0992,2,False,A,meta-llama/Llama-3.1-8B-Instruct,chat,riskneutral,0,0.82671,0.04821,1,,,massA=0.0399 massB=0.00835,before,0,0.0
p2,260,8,mixed,62,62,263,0.33,1.3998,0,True,B,meta-llama/Llama-3.1-8B-Instruct,chat,riskneutral,0,0.87235,0.11553,1,,,massA=0.0147 massB=0.101,before,0,0.0
p2,408,13,gain,0,72,88,0.64,0.7822,4,True,B,meta-llama/Llama-3.1-8B-Instruct,chat,riskneutral,0,0.91611,0.00053,1,,,massA=4.48e-05 massB=0.00049,before,0,0.0
p2,90,3,neutral,0,46,158,0.33,1.1335,0,True,B,meta-llama/Llama-3.1-8B-Instruct,chat,riskneutral,0,0.79311,0.07284,1,,,massA=0.0151 massB=0.0578,before,0,0.0
p2,498,16,gain,0,139,234,0.6,1.0101,4,True,B,meta-llama/Llama-3.1-8B-Instruct,chat,riskneutral,0,0.91848,0.00053,1,,,massA=4.29e-05 massB=0.000483,before,0,0.0
p2,1147,38,neutral,0,183,609,0.38,1.2646,3,False,A,meta-llama/Llama-3.1-8B-Instruct,chat,riskneutral,0,0.55833,0.0505,1,,,massA=0.0282 massB=0.0223,before,0,0.0
p2,476,15,mixed,82,82,113,0.74,1.0198,3,True,B,meta-llama/Llama-3.1-8B-Instruct,chat,riskneutral,0,0.63703,0.00795,1,,,massA=0.00288 massB=0.00506,before,0,0.0
p2,1185,39,gain,0,178,567,0.32,1.0193,2,False,A,meta-llama/Llama-3.1-8B-Instruct,chat,riskneutral,0,0.5813,0.00056,1,,,massA=0.000325 massB=0.000234,before,0,0.0
p2,915,30,gain,0,149,447,0.26,0.78,2,False,A,meta-llama/Llama-3.1-8B-Instruct,chat,riskneutral,0,0.5351,0.00087,1,,,massA=0.000467 massB=0.000406,before,0,0.0
p2,989,32,mixed,131,131,236,0.57,1.0269,4,False,A,meta-llama/Llama-3.1-8B-Instruct,chat,riskneutral,0,0.65489,0.0001,1,,,massA=6.85e-05 massB=3.61e-05,before,0,0.0
p2,561,18,mixed,41,41,61,0.58,0.8629,0,False,A,meta-llama/Llama-3.1-8B-Instruct,chat,riskneutral,0,0.66541,0.00445,1,,,massA=0.00296 massB=0.00149,before,0,0.0
p2,824,27,gain,0,166,433,0.53,1.3825,2,True,B,meta-llama/Llama-3.1-8B-Instruct,chat,riskneutral,0,0.77458,0.00208,1,,,massA=0.000468 massB=0.00161,before,0,0.0
p2,666,22,neutral,0,81,163,0.72,1.4489,3,True,B,meta-llama/Llama-3.1-8B-Instruct,chat,riskneutral,0,0.86154,0.08086,1,,,massA=0.0112 massB=0.0697,before,0,0.0
p2,291,9,mixed,49,49,153,0.26,0.8118,0,False,A,meta-llama/Llama-3.1-8B-Instruct,chat,riskneutral,0,0.6478,0.00471,1,,,massA=0.00305 massB=0.00166,before,0,0.0
p2,751,25,neutral,0,124,207,0.76,1.2687,0,False,A,meta-llama/Llama-3.1-8B-Instruct,chat,riskneutral,0,0.27826,0.01321,1,,,massA=0.00367 massB=0.00953,before,0,0.0
p2,982,32,mixed,131,131,236,0.57,1.0269,1,True,B,meta-llama/Llama-3.1-8B-Instruct,chat,riskneutral,0,0.92304,0.02182,1,,,massA=0.00168 massB=0.0201,before,0,0.0
p2,114,3,mixed,46,46,158,0.33,1.1335,2,True,B,meta-llama/Llama-3.1-8B-Instruct,chat,riskneutral,0,0.74614,0.00394,1,,,massA=0.001 massB=0.00294,before,0,0.0
p2,1101,36,mixed,98,98,227,0.47,1.0887,0,False,A,meta-llama/Llama-3.1-8B-Instruct,chat,riskneutral,0,0.66888,0.00803,1,,,massA=0.00537 massB=0.00266,before,0,0.0
p2,1202,1,dominant,0,58,72,1.0,1.2414,0,True,B,meta-llama/Llama-3.1-8B-Instruct,chat,riskneutral,0,0.87915,0.70231,0,,,massA=0.0849 massB=0.617,before,0,0.0
p2,621,20,mixed,186,186,266,0.63,0.901,0,False,A,meta-llama/Llama-3.1-8B-Instruct,chat,riskneutral,0,0.65489,0.00416,1,,,massA=0.00273 massB=0.00144,before,0,0.0
p2,1194,39,mixed,178,178,567,0.32,1.0193,2,True,B,meta-llama/Llama-3.1-8B-Instruct,chat,riskneutral,0,0.79566,0.00739,1,,,massA=0.00151 massB=0.00588,before,0,0.0
p2,687,22,mixed,81,81,163,0.72,1.4489,3,False,A,meta-llama/Llama-3.1-8B-Instruct,chat,riskneutral,0,0.89479,0.00074,1,,,massA=0.000659 massB=7.75e-05,before,0,0.0
p2,689,22,mixed,81,81,163,0.72,1.4489,4,False,A,meta-llama/Llama-3.1-8B-Instruct,chat,riskneutral,0,0.66888,0.00012,1,,,massA=7.93e-05 massB=3.93e-05,before,0,0.0
p2,600,20,neutral,0,186,266,0.63,0.901,0,True,B,meta-llama/Llama-3.1-8B-Instruct,chat,riskneutral,0,0.88876,0.07134,1,,,massA=0.00794 massB=0.0634,before,0,0.0
p2,1274,37,dominant,0,151,193,1.0,1.2781,0,True,B,meta-llama/Llama-3.1-8B-Instruct,chat,riskneutral,0,0.9173,0.79169,0,,,massA=0.0655 massB=0.726,before,0,0.0
p2,707,23,gain,0,91,626,0.23,1.5822,3,False,A,meta-llama/Llama-3.1-8B-Instruct,chat,riskneutral,0,0.79311,0.00159,1,,,massA=0.00126 massB=0.000329,before,0,0.0
p2,1049,34,mixed,52,52,96,0.63,1.1631,4,False,A,meta-llama/Llama-3.1-8B-Instruct,chat,riskneutral,0,0.72487,0.00012,1,,,massA=8.35e-05 massB=3.17e-05,before,0,0.0
p2,362,12,neutral,0,164,541,0.38,1.2535,1,True,B,meta-llama/Llama-3.1-8B-Instruct,chat,riskneutral,0,0.97324,0.07623,1,,,massA=0.00204 massB=0.0742,before,0,0.0
p2,501,16,mixed,139,139,234,0.6,1.0101,0,False,A,meta-llama/Llama-3.1-8B-Instruct,chat,riskneutral,0,0.66192,0.00324,1,,,massA=0.00214 massB=0.00109,before,0,0.0
p2,513,17,neutral,0,117,362,0.42,1.2995,1,False,A,meta-llama/Llama-3.1-8B-Instruct,chat,riskneutral,0,0.23371,0.01239,1,,,massA=0.0029 massB=0.0095,before,0,0.0
p2,138,4,gain,0,29,71,0.55,1.3466,4,True,B,meta-llama/Llama-3.1-8B-Instruct,chat,riskneutral,0,0.92841,0.00093,1,,,massA=6.66e-05 massB=0.000864,before,0,0.0
p2,791,26,gain,0,59,151,0.36,0.9214,0,False,A,meta-llama/Llama-3.1-8B-Instruct,chat,riskneutral,0,0.34865,0.00557,1,,,massA=0.00194 massB=0.00363,before,0,0.0
p2,956,31,mixed,51,51,151,0.29,0.8586,3,True,B,meta-llama/Llama-3.1-8B-Instruct,chat,riskneutral,0,0.62977,0.01225,1,,,massA=0.00454 massB=0.00772,before,0,0.0
p2,909,30,neutral,0,149,447,0.26,0.78,4,False,A,meta-llama/Llama-3.1-8B-Instruct,chat,riskneutral,0,0.5564,1e-05,1,,,massA=4.79e-06 massB=3.82e-06,before,0,0.0
p2,639,21,neutral,0,106,206,0.73,1.4187,4,False,A,meta-llama/Llama-3.1-8B-Instruct,chat,riskneutral,0,0.54286,1e-05,1,,,massA=5.58e-06 massB=4.7e-06,before,0,0.0
p2,21,0,mixed,186,186,984,0.26,1.3755,0,False,A,meta-llama/Llama-3.1-8B-Instruct,chat,riskneutral,0,0.65135,0.00766,1,,,massA=0.00499 massB=0.00267,before,0,0.0
p2,837,27,mixed,166,166,433,0.53,1.3825,3,False,A,meta-llama/Llama-3.1-8B-Instruct,chat,riskneutral,0,0.87748,0.00079,1,,,massA=0.000696 massB=9.72e-05,before,0,0.0
p2,942,31,gain,0,51,151,0.29,0.8586,1,True,B,meta-llama/Llama-3.1-8B-Instruct,chat,riskneutral,0,0.96741,0.02945,1,,,massA=0.00096 massB=0.0285,before,0,0.0
p2,412,13,mixed,72,72,88,0.64,0.7822,1,True,B,meta-llama/Llama-3.1-8B-Instruct,chat,riskneutral,0,0.89181,0.01538,1,,,massA=0.00166 massB=0.0137,before,0,0.0
p2,325,10,mixed,111,111,278,0.58,1.4526,2,False,A,meta-llama/Llama-3.1-8B-Instruct,chat,riskneutral,0,0.75491,0.0003,1,,,massA=0.000229 massB=7.43e-05,before,0,0.0
p2,1003,33,gain,0,142,446,0.53,1.6646,1,False,A,meta-llama/Llama-3.1-8B-Instruct,chat,riskneutral,0,0.25683,0.00842,1,,,massA=0.00216 massB=0.00626,before,0,0.0
p2,847,28,neutral,0,132,181,0.76,1.0421,3,False,A,meta-llama/Llama-3.1-8B-Instruct,chat,riskneutral,0,0.5775,0.05028,1,,,massA=0.029 massB=0.0212,before,0,0.0
p2,112,3,mixed,46,46,158,0.33,1.1335,1,True,B,meta-llama/Llama-3.1-8B-Instruct,chat,riskneutral,0,0.90862,0.02512,1,,,massA=0.0023 massB=0.0228,before,0,0.0
p2,926,30,mixed,149,149,447,0.26,0.78,3,True,B,meta-llama/Llama-3.1-8B-Instruct,chat,riskneutral,0,0.66888,0.00995,1,,,massA=0.0033 massB=0.00666,before,0,0.0
p2,913,30,gain,0,149,447,0.26,0.78,1,False,A,meta-llama/Llama-3.1-8B-Instruct,chat,riskneutral,0,0.2227,0.02156,1,,,massA=0.0048 massB=0.0168,before,0,0.0
p2,281,9,gain,0,49,153,0.26,0.8118,0,False,A,meta-llama/Llama-3.1-8B-Instruct,chat,riskneutral,0,0.32082,0.00856,1,,,massA=0.00275 massB=0.00581,before,0,0.0
p2,1251,25,dominant,0,124,182,1.0,1.4677,1,False,A,meta-llama/Llama-3.1-8B-Instruct,chat,riskneutral,0,0.51562,0.34464,0,,,massA=0.178 massB=0.167,before,0,0.0
p2,523,17,gain,0,117,362,0.42,1.2995,1,False,A,meta-llama/Llama-3.1-8B-Instruct,chat,riskneutral,0,0.22816,0.0111,1,,,massA=0.00253 massB=0.00857,before,0,0.0
p2,196,6,gain,0,94,101,0.71,0.7629,3,True,B,meta-llama/Llama-3.1-8B-Instruct,chat,riskneutral,0,0.53121,0.00293,1,,,massA=0.00137 massB=0.00156,before,0,0.0
p2,1121,37,gain,0,151,252,0.68,1.1348,0,False,A,meta-llama/Llama-3.1-8B-Instruct,chat,riskneutral,0,0.36659,0.00649,1,,,massA=0.00238 massB=0.00411,before,0,0.0
p2,673,22,gain,0,81,163,0.72,1.4489,1,False,A,meta-llama/Llama-3.1-8B-Instruct,chat,riskneutral,0,0.22542,0.00498,1,,,massA=0.00112 massB=0.00386,before,0,0.0
p2,775,25,mixed,124,124,207,0.76,1.2687,2,False,A,meta-llama/Llama-3.1-8B-Instruct,chat,riskneutral,0,0.72798,0.00023,1,,,massA=0.000169 massB=6.32e-05,before,0,0.0
p2,1021,34,neutral,0,52,96,0.63,1.1631,0,False,A,meta-llama/Llama-3.1-8B-Instruct,chat,riskneutral,0,0.35936,0.0074,1,,,massA=0.00266 massB=0.00474,before,0,0.0
p2,903,30,neutral,0,149,447,0.26,0.78,1,False,A,meta-llama/Llama-3.1-8B-Instruct,chat,riskneutral,0,0.26894,0.0292,1,,,massA=0.00785 massB=0.0213,before,0,0.0
p2,1067,35,gain,0,91,133,0.68,0.9938,3,False,A,meta-llama/Llama-3.1-8B-Instruct,chat,riskneutral,0,0.83332,0.00072,1,,,massA=0.000597 massB=0.000119,before,0,0.0
p2,1056,35,neutral,0,91,133,0.68,0.9938,3,True,B,meta-llama/Llama-3.1-8B-Instruct,chat,riskneutral,0,0.85195,0.06354,1,,,massA=0.00941 massB=0.0541,before,0,0.0
p2,820,27,gain,0,166,433,0.53,1.3825,0,True,B,meta-llama/Llama-3.1-8B-Instruct,chat,riskneutral,0,0.83332,0.07818,1,,,massA=0.013 massB=0.0651,before,0,0.0
p2,86,2,mixed,162,162,661,0.26,1.0609,3,True,B,meta-llama/Llama-3.1-8B-Instruct,chat,riskneutral,0,0.68257,0.00744,1,,,massA=0.00236 massB=0.00508,before,0,0.0
p2,334,11,neutral,0,54,68,0.81,1.02,2,True,B,meta-llama/Llama-3.1-8B-Instruct,chat,riskneutral,0,0.82219,0.02221,1,,,massA=0.00395 massB=0.0183,before,0,0.0
p2,102,3,gain,0,46,158,0.33,1.1335,1,True,B,meta-llama/Llama-3.1-8B-Instruct,chat,riskneutral,0,0.96211,0.03145,1,,,massA=0.00119 massB=0.0303,before,0,0.0
p2,1172,39,neutral,0,178,567,0.32,1.0193,1,True,B,meta-llama/Llama-3.1-8B-Instruct,chat,riskneutral,0,0.97364,0.07481,1,,,massA=0.00197 massB=0.0728,before,0,0.0
p2,205,6,mixed,94,94,101,0.71,0.7629,2,False,A,meta-llama/Llama-3.1-8B-Instruct,chat,riskneutral,0,0.68595,0.00019,1,,,massA=0.000133 massB=6.09e-05,before,0,0.0
p2,898,29,mixed,79,79,81,0.83,0.851,4,True,B,meta-llama/Llama-3.1-8B-Instruct,chat,riskneutral,0,0.95257,0.00716,1,,,massA=0.00034 massB=0.00682,before,0,0.0
p2,524,17,gain,0,117,362,0.42,1.2995,2,True,B,meta-llama/Llama-3.1-8B-Instruct,chat,riskneutral,0,0.76065,0.00265,1,,,massA=0.000634 massB=0.00201,before,0,0.0
p2,738,24,gain,0,168,214,0.76,0.9681,4,True,B,meta-llama/Llama-3.1-8B-Instruct,chat,riskneutral,0,0.92414,0.00059,1,,,massA=4.44e-05 massB=0.000542,before,0,0.0
p2,1099,36,gain,0,98,227,0.47,1.0887,4,False,A,meta-llama/Llama-3.1-8B-Instruct,chat,riskneutral,0,0.34865,5e-05,1,,,massA=1.74e-05 massB=3.25e-05,before,0,0.0
p2,918,30,gain,0,149,447,0.26,0.78,4,True,B,meta-llama/Llama-3.1-8B-Instruct,chat,riskneutral,0,0.9263,0.00044,1,,,massA=3.27e-05 massB=0.000412,before,0,0.0
p2,273,9,neutral,0,49,153,0.26,0.8118,1,False,A,meta-llama/Llama-3.1-8B-Instruct,chat,riskneutral,0,0.30075,0.02101,1,,,massA=0.00632 massB=0.0147,before,0,0.0
p2,331,11,neutral,0,54,68,0.81,1.02,0,False,A,meta-llama/Llama-3.1-8B-Instruct,chat,riskneutral,0,0.34511,0.01254,1,,,massA=0.00433 massB=0.00821,before,0,0.0
p2,500,16,mixed,139,139,234,0.6,1.0101,0,True,B,meta-llama/Llama-3.1-8B-Instruct,chat,riskneutral,0,0.8706,0.08996,1,,,massA=0.0116 massB=0.0783,before,0,0.0
p2,28,0,mixed,186,186,984,0.26,1.3755,4,True,B,meta-llama/Llama-3.1-8B-Instruct,chat,riskneutral,0,0.96323,0.00404,1,,,massA=0.000149 massB=0.00389,before,0,0.0
p2,440,14,mixed,81,81,201,0.68,1.6874,0,True,B,meta-llama/Llama-3.1-8B-Instruct,chat,riskneutral,0,0.9173,0.14313,1,,,massA=0.0118 massB=0.131,before,0,0.0
p2,411,13,mixed,72,72,88,0.64,0.7822,0,False,A,meta-llama/Llama-3.1-8B-Instruct,chat,riskneutral,0,0.71223,0.00505,1,,,massA=0.0036 massB=0.00145,before,0,0.0
p2,750,25,neutral,0,124,207,0.76,1.2687,0,True,B,meta-llama/Llama-3.1-8B-Instruct,chat,riskneutral,0,0.87235,0.0931,1,,,massA=0.0119 massB=0.0812,before,0,0.0
p2,642,21,gain,0,106,206,0.73,1.4187,1,True,B,meta-llama/Llama-3.1-8B-Instruct,chat,riskneutral,0,0.97156,0.04557,1,,,massA=0.0013 massB=0.0443,before,0,0.0
p2,1006,33,gain,0,142,446,0.53,1.6646,3,True,B,meta-llama/Llama-3.1-8B-Instruct,chat,riskneutral,0,0.60766,0.00464,1,,,massA=0.00182 massB=0.00282,before,0,0.0
p2,944,31,gain,0,51,151,0.29,0.8586,2,True,B,meta-llama/Llama-3.1-8B-Instruct,chat,riskneutral,0,0.73716,0.00201,1,,,massA=0.000528 massB=0.00148,before,0,0.0
p2,798,26,gain,0,59,151,0.36,0.9214,4,True,B,meta-llama/Llama-3.1-8B-Instruct,chat,riskneutral,0,0.92079,0.00026,1,,,massA=2.09e-05 massB=0.000243,before,0,0.0
p2,774,25,mixed,124,124,207,0.76,1.2687,2,True,B,meta-llama/Llama-3.1-8B-Instruct,chat,riskneutral,0,0.80069,0.00767,1,,,massA=0.00153 massB=0.00614,before,0,0.0
p2,955,31,mixed,51,51,151,0.29,0.8586,2,False,A,meta-llama/Llama-3.1-8B-Instruct,chat,riskneutral,0,0.73106,0.00021,1,,,massA=0.000156 massB=5.75e-05,before,0,0.0
p2,1071,35,mixed,91,91,133,0.68,0.9938,0,False,A,meta-llama/Llama-3.1-8B-Instruct,chat,riskneutral,0,0.65842,0.00403,1,,,massA=0.00266 massB=0.00138,before,0,0.0
p2,972,32,gain,0,131,236,0.57,1.0269,1,True,B,meta-llama/Llama-3.1-8B-Instruct,chat,riskneutral,0,0.97443,0.05663,1,,,massA=0.00145 massB=0.0552,before,0,0.0
p2,638,21,neutral,0,106,206,0.73,1.4187,4,True,B,meta-llama/Llama-3.1-8B-Instruct,chat,riskneutral,0,0.92523,0.00025,1,,,massA=1.86e-05 massB=0.00023,before,0,0.0
p2,236,7,mixed,63,63,98,0.64,0.9956,3,True,B,meta-llama/Llama-3.1-8B-Instruct,chat,riskneutral,0,0.66192,0.00446,1,,,massA=0.00151 massB=0.00295,before,0,0.0
p2,336,11,neutral,0,54,68,0.81,1.02,3,True,B,meta-llama/Llama-3.1-8B-Instruct,chat,riskneutral,0,0.83762,0.07676,1,,,massA=0.0125 massB=0.0643,before,0,0.0
p2,768,25,gain,0,124,207,0.76,1.2687,4,True,B,meta-llama/Llama-3.1-8B-Instruct,chat,riskneutral,0,0.90991,0.00035,1,,,massA=3.19e-05 massB=0.000322,before,0,0.0
p2,228,7,gain,0,63,98,0.64,0.9956,4,True,B,meta-llama/Llama-3.1-8B-Instruct,chat,riskneutral,0,0.90192,0.00028,1,,,massA=2.77e-05 massB=0.000255,before,0,0.0
p2,579,19,neutral,0,64,122,0.49,0.9341,4,False,A,meta-llama/Llama-3.1-8B-Instruct,chat,riskneutral,0,0.57368,1e-05,1,,,massA=6.1e-06 massB=4.53e-06,before,0,0.0
p2,145,4,mixed,29,29,71,0.55,1.3466,2,False,A,meta-llama/Llama-3.1-8B-Instruct,chat,riskneutral,0,0.76348,0.00017,1,,,massA=0.00013 massB=4.03e-05,before,0,0.0
p2,1273,36,dominant,0,98,155,1.0,1.5816,0,False,A,meta-llama/Llama-3.1-8B-Instruct,chat,riskneutral,0,0.57368,0.46152,0,,,massA=0.265 massB=0.197,before,0,0.0
p2,199,6,gain,0,94,101,0.71,0.7629,4,False,A,meta-llama/Llama-3.1-8B-Instruct,chat,riskneutral,0,0.38122,4e-05,1,,,massA=1.36e-05 massB=2.2e-05,before,0,0.0
p2,907,30,neutral,0,149,447,0.26,0.78,3,False,A,meta-llama/Llama-3.1-8B-Instruct,chat,riskneutral,0,0.49609,0.07686,1,,,massA=0.0381 massB=0.0387,before,0,0.0
p2,369,12,neutral,0,164,541,0.38,1.2535,4,False,A,meta-llama/Llama-3.1-8B-Instruct,chat,riskneutral,0,0.5832,1e-05,1,,,massA=4.46e-06 massB=3.19e-06,before,0,0.0
p2,95,3,neutral,0,46,158,0.33,1.1335,2,False,A,meta-llama/Llama-3.1-8B-Instruct,chat,riskneutral,0,0.82219,0.00092,1,,,massA=0.000759 massB=0.000164,before,0,0.0
p2,1085,36,neutral,0,98,227,0.47,1.0887,2,False,A,meta-llama/Llama-3.1-8B-Instruct,chat,riskneutral,0,0.78531,0.00075,1,,,massA=0.000586 massB=0.00016,before,0,0.0
p2,842,28,neutral,0,132,181,0.76,1.0421,1,True,B,meta-llama/Llama-3.1-8B-Instruct,chat,riskneutral,0,0.97199,0.08785,1,,,massA=0.00246 massB=0.0854,before,0,0.0
p2,320,10,mixed,111,111,278,0.58,1.4526,0,True,B,meta-llama/Llama-3.1-8B-Instruct,chat,riskneutral,0,0.91368,0.1251,1,,,massA=0.0108 massB=0.114,before,0,0.0
p2,917,30,gain,0,149,447,0.26,0.78,3,False,A,meta-llama/Llama-3.1-8B-Instruct,chat,riskneutral,0,0.75201,0.00196,1,,,massA=0.00148 massB=0.000486,before,0,0.0
p2,169,5,gain,0,162,381,0.46,1.0819,4,False,A,meta-llama/Llama-3.1-8B-Instruct,chat,riskneutral,0,0.38122,4e-05,1,,,massA=1.38e-05 massB=2.24e-05,before,0,0.0
p2,165,5,gain,0,162,381,0.46,1.0819,2,False,A,meta-llama/Llama-3.1-8B-Instruct,chat,riskneutral,0,0.56602,0.00047,1,,,massA=0.000267 massB=0.000204,before,0,0.0
p2,298,9,mixed,49,49,153,0.26,0.8118,4,True,B,meta-llama/Llama-3.1-8B-Instruct,chat,riskneutral,0,0.95663,0.00259,1,,,massA=0.000112 massB=0.00248,before,0,0.0
p2,486,16,neutral,0,139,234,0.6,1.0101,3,True,B,meta-llama/Llama-3.1-8B-Instruct,chat,riskneutral,0,0.79311,0.05641,1,,,massA=0.0117 massB=0.0447,before,0,0.0
p2,650,21,mixed,106,106,206,0.73,1.4187,0,True,B,meta-llama/Llama-3.1-8B-Instruct,chat,riskneutral,0,0.90192,0.17587,1,,,massA=0.0172 massB=0.159,before,0,0.0
p2,13,0,gain,0,186,984,0.26,1.3755,1,False,A,meta-llama/Llama-3.1-8B-Instruct,chat,riskneutral,0,0.26284,0.02494,1,,,massA=0.00655 massB=0.0184,before,0,0.0
p2,797,26,gain,0,59,151,0.36,0.9214,3,False,A,meta-llama/Llama-3.1-8B-Instruct,chat,riskneutral,0,0.79566,0.00092,1,,,massA=0.000733 massB=0.000188,before,0,0.0
p2,300,10,neutral,0,111,278,0.58,1.4526,0,True,B,meta-llama/Llama-3.1-8B-Instruct,chat,riskneutral,0,0.84997,0.08891,1,,,massA=0.0133 massB=0.0756,before,0,0.0
p2,179,5,mixed,162,162,381,0.46,1.0819,4,False,A,meta-llama/Llama-3.1-8B-Instruct,chat,riskneutral,0,0.63341,0.00012,1,,,massA=7.43e-05 massB=4.3e-05,before,0,0.0
p2,450,15,neutral,0,82,113,0.74,1.0198,0,True,B,meta-llama/Llama-3.1-8B-Instruct,chat,riskneutral,0,0.90991,0.14415,1,,,massA=0.013 massB=0.131,before,0,0.0
p2,99,3,neutral,0,46,158,0.33,1.1335,4,False,A,meta-llama/Llama-3.1-8B-Instruct,chat,riskneutral,0,0.68595,1e-05,1,,,massA=6.98e-06 massB=3.19e-06,before,0,0.0
p2,391,13,neutral,0,72,88,0.64,0.7822,0,False,A,meta-llama/Llama-3.1-8B-Instruct,chat,riskneutral,0,0.3522,0.00757,1,,,massA=0.00267 massB=0.0049,before,0,0.0
p2,1066,35,gain,0,91,133,0.68,0.9938,3,True,B,meta-llama/Llama-3.1-8B-Instruct,chat,riskneutral,0,0.63341,0.00284,1,,,massA=0.00104 massB=0.0018,before,0,0.0
p2,472,15,mixed,82,82,113,0.74,1.0198,1,True,B,meta-llama/Llama-3.1-8B-Instruct,chat,riskneutral,0,0.90192,0.01851,1,,,massA=0.00182 massB=0.0167,before,0,0.0
p2,1214,7,dominant,0,63,81,1.0,1.2857,2,True,B,meta-llama/Llama-3.1-8B-Instruct,chat,riskneutral,0,0.68931,0.13209,1,,,massA=0.041 massB=0.0911,before,0,0.0
p2,248,8,neutral,0,62,263,0.33,1.3998,4,True,B,meta-llama/Llama-3.1-8B-Instruct,chat,riskneutral,0,0.82894,9e-05,1,,,massA=1.55e-05 massB=7.52e-05,before,0,0.0
p2,1271,35,dominant,0,91,107,1.0,1.1758,3,False,A,meta-llama/Llama-3.1-8B-Instruct,chat,riskneutral,0,0.81048,0.67836,0,,,massA=0.55 massB=0.129,before,0,0.0
p2,451,15,neutral,0,82,113,0.74,1.0198,0,False,A,meta-llama/Llama-3.1-8B-Instruct,chat,riskneutral,0,0.30404,0.01676,1,,,massA=0.0051 massB=0.0117,before,0,0.0
p2,174,5,mixed,162,162,381,0.46,1.0819,2,True,B,meta-llama/Llama-3.1-8B-Instruct,chat,riskneutral,0,0.82219,0.01199,1,,,massA=0.00213 massB=0.00986,before,0,0.0
p2,878,29,neutral,0,79,81,0.83,0.851,4,True,B,meta-llama/Llama-3.1-8B-Instruct,chat,riskneutral,0,0.94251,0.00065,1,,,massA=3.71e-05 massB=0.000608,before,0,0.0
p2,373,12,gain,0,164,541,0.38,1.2535,1,False,A,meta-llama/Llama-3.1-8B-Instruct,chat,riskneutral,0,0.21469,0.01505,1,,,massA=0.00323 massB=0.0118,before,0,0.0
p2,508,16,mixed,139,139,234,0.6,1.0101,4,True,B,meta-llama/Llama-3.1-8B-Instruct,chat,riskneutral,0,0.95465,0.00251,1,,,massA=0.000114 massB=0.0024,before,0,0.0
p2,1180,39,gain,0,178,567,0.32,1.0193,0,True,B,meta-llama/Llama-3.1-8B-Instruct,chat,riskneutral,0,0.82894,0.05261,1,,,massA=0.009 massB=0.0436,before,0,0.0
p2,1249,24,dominant,0,168,180,1.0,1.0714,3,False,A,meta-llama/Llama-3.1-8B-Instruct,chat,riskneutral,0,0.79819,0.62384,0,,,massA=0.498 massB=0.126,before,0,0.0
p2,36,1,neutral,0,58,116,0.66,1.32,3,True,B,meta-llama/Llama-3.1-8B-Instruct,chat,riskneutral,0,0.7773,0.05482,1,,,massA=0.0122 massB=0.0426,before,0,0.0
p2,931,31,neutral,0,51,151,0.29,0.8586,0,False,A,meta-llama/Llama-3.1-8B-Instruct,chat,riskneutral,0,0.27202,0.02101,1,,,massA=0.00571 massB=0.0153,before,0,0.0
p2,134,4,gain,0,29,71,0.55,1.3466,2,True,B,meta-llama/Llama-3.1-8B-Instruct,chat,riskneutral,0,0.75491,0.00385,1,,,massA=0.000943 massB=0.00291,before,0,0.0
p2,543,18,neutral,0,41,61,0.58,0.8629,1,False,A,meta-llama/Llama-3.1-8B-Instruct,chat,riskneutral,0,0.43398,0.0049,1,,,massA=0.00213 massB=0.00277,before,0,0.0
p2,613,20,gain,0,186,266,0.63,0.901,1,False,A,meta-llama/Llama-3.1-8B-Instruct,chat,riskneutral,0,0.23652,0.00443,1,,,massA=0.00105 massB=0.00338,before,0,0.0
p2,1179,39,neutral,0,178,567,0.32,1.0193,4,False,A,meta-llama/Llama-3.1-8B-Instruct,chat,riskneutral,0,0.62612,1e-05,1,,,massA=3.73e-06 massB=2.23e-06,before,0,0.0
p2,693,23,neutral,0,91,626,0.23,1.5822,1,False,A,meta-llama/Llama-3.1-8B-Instruct,chat,riskneutral,0,0.29747,0.01386,1,,,massA=0.00412 massB=0.00974,before,0,0.0
p2,1052,35,neutral,0,91,133,0.68,0.9938,1,True,B,meta-llama/Llama-3.1-8B-Instruct,chat,riskneutral,0,0.97737,0.09132,1,,,massA=0.00207 massB=0.0893,before,0,0.0
p2,883,29,gain,0,79,81,0.83,0.851,1,False,A,meta-llama/Llama-3.1-8B-Instruct,chat,riskneutral,0,0.36297,0.00514,1,,,massA=0.00187 massB=0.00328,before,0,0.0
p2,691,23,neutral,0,91,626,0.23,1.5822,0,False,A,meta-llama/Llama-3.1-8B-Instruct,chat,riskneutral,0,0.24509,0.01444,1,,,massA=0.00354 massB=0.0109,before,0,0.0
p2,784,26,neutral,0,59,151,0.36,0.9214,2,True,B,meta-llama/Llama-3.1-8B-Instruct,chat,riskneutral,0,0.79566,0.01332,1,,,massA=0.00272 massB=0.0106,before,0,0.0
p2,164,5,gain,0,162,381,0.46,1.0819,2,True,B,meta-llama/Llama-3.1-8B-Instruct,chat,riskneutral,0,0.78266,0.00179,1,,,massA=0.000388 massB=0.0014,before,0,0.0
p2,176,5,mixed,162,162,381,0.46,1.0819,3,True,B,meta-llama/Llama-3.1-8B-Instruct,chat,riskneutral,0,0.72487,0.00959,1,,,massA=0.00264 massB=0.00695,before,0,0.0
p2,303,10,neutral,0,111,278,0.58,1.4526,1,False,A,meta-llama/Llama-3.1-8B-Instruct,chat,riskneutral,0,0.27826,0.01338,1,,,massA=0.00372 massB=0.00966,before,0,0.0
p2,893,29,mixed,79,79,81,0.83,0.851,1,False,A,meta-llama/Llama-3.1-8B-Instruct,chat,riskneutral,0,0.56985,0.00162,1,,,massA=0.000923 massB=0.000697,before,0,0.0
p2,479,15,mixed,82,82,113,0.74,1.0198,4,False,A,meta-llama/Llama-3.1-8B-Instruct,chat,riskneutral,0,0.62612,9e-05,1,,,massA=5.61e-05 massB=3.35e-05,before,0,0.0
p2,125,4,neutral,0,29,71,0.55,1.3466,2,False,A,meta-llama/Llama-3.1-8B-Instruct,chat,riskneutral,0,0.85195,0.00068,1,,,massA=0.000582 massB=0.000101,before,0,0.0
p2,161,5,gain,0,162,381,0.46,1.0819,0,False,A,meta-llama/Llama-3.1-8B-Instruct,chat,riskneutral,0,0.32767,0.00653,1,,,massA=0.00214 massB=0.00439,before,0,0.0
p2,107,3,gain,0,46,158,0.33,1.1335,3,False,A,meta-llama/Llama-3.1-8B-Instruct,chat,riskneutral,0,0.83548,0.00109,1,,,massA=0.000908 massB=0.000179,before,0,0.0
p2,1171,39,neutral,0,178,567,0.32,1.0193,0,False,A,meta-llama/Llama-3.1-8B-Instruct,chat,riskneutral,0,0.27826,0.01247,1,,,massA=0.00347 massB=0.009,before,0,0.0
p2,633,21,neutral,0,106,206,0.73,1.4187,1,False,A,meta-llama/Llama-3.1-8B-Instruct,chat,riskneutral,0,0.30404,0.0158,1,,,massA=0.0048 massB=0.011,before,0,0.0
p2,619,20,gain,0,186,266,0.63,0.901,4,False,A,meta-llama/Llama-3.1-8B-Instruct,chat,riskneutral,0,0.4187,2e-05,1,,,massA=9.58e-06 massB=1.33e-05,before,0,0.0
p2,724,24,neutral,0,168,214,0.76,0.9681,2,True,B,meta-llama/Llama-3.1-8B-Instruct,chat,riskneutral,0,0.86704,0.02756,1,,,massA=0.00366 massB=0.0239,before,0,0.0
p2,964,32,neutral,0,131,236,0.57,1.0269,2,True,B,meta-llama/Llama-3.1-8B-Instruct,chat,riskneutral,0,0.86339,0.0261,1,,,massA=0.00357 massB=0.0225,before,0,0.0
p2,535,17,mixed,117,117,362,0.42,1.2995,2,False,A,meta-llama/Llama-3.1-8B-Instruct,chat,riskneutral,0,0.73716,0.00019,1,,,massA=0.000143 massB=5.11e-05,before,0,0.0
p2,1247,23,dominant,0,91,132,1.0,1.4505,4,False,A,meta-llama/Llama-3.1-8B-Instruct,chat,riskneutral,0,0.81523,0.00341,1,,,massA=0.00278 massB=0.000629,before,0,0.0
p2,1237,18,dominant,0,41,88,1.0,2.1463,0,False,A,meta-llama/Llama-3.1-8B-Instruct,chat,riskneutral,0,0.61878,0.46232,0,,,massA=0.286 massB=0.176,before,0,0.0
p2,1015,33,mixed,142,142,446,0.53,1.6646,2,False,A,meta-llama/Llama-3.1-8B-Instruct,chat,riskneutral,0,0.73106,0.00029,1,,,massA=0.000213 massB=7.82e-05,before,0,0.0
p2,905,30,neutral,0,149,447,0.26,0.78,2,False,A,meta-llama/Llama-3.1-8B-Instruct,chat,riskneutral,0,0.75491,0.0007,1,,,massA=0.000526 massB=0.000171,before,0,0.0
p2,261,8,mixed,62,62,263,0.33,1.3998,0,False,A,meta-llama/Llama-3.1-8B-Instruct,chat,riskneutral,0,0.74017,0.00602,1,,,massA=0.00445 massB=0.00156,before,0,0.0
p2,602,20,neutral,0,186,266,0.63,0.901,1,True,B,meta-llama/Llama-3.1-8B-Instruct,chat,riskneutral,0,0.97443,0.06385,1,,,massA=0.00163 massB=0.0622,before,0,0.0
p2,1230,15,dominant,0,82,114,1.0,1.3902,2,True,B,meta-llama/Llama-3.1-8B-Instruct,chat,riskneutral,0,0.78793,0.27146,0,,,massA=0.0576 massB=0.214,before,0,0.0
p2,965,32,neutral,0,131,236,0.57,1.0269,2,False,A,meta-llama/Llama-3.1-8B-Instruct,chat,riskneutral,0,0.79311,0.00078,1,,,massA=0.000621 massB=0.000162,before,0,0.0
p2,808,26,mixed,59,59,151,0.36,0.9214,4,True,B,meta-llama/Llama-3.1-8B-Instruct,chat,riskneutral,0,0.95532,0.00269,1,,,massA=0.00012 massB=0.00257,before,0,0.0
p2,679,22,gain,0,81,163,0.72,1.4489,4,False,A,meta-llama/Llama-3.1-8B-Instruct,chat,riskneutral,0,0.37754,5e-05,1,,,massA=1.79e-05 massB=2.95e-05,before,0,0.0
p2,830,27,mixed,166,166,433,0.53,1.3825,0,True,B,meta-llama/Llama-3.1-8B-Instruct,chat,riskneutral,0,0.92841,0.18497,1,,,massA=0.0132 massB=0.172,before,0,0.0
p2,753,25,neutral,0,124,207,0.76,1.2687,1,False,A,meta-llama/Llama-3.1-8B-Instruct,chat,riskneutral,0,0.28141,0.01295,1,,,massA=0.00364 massB=0.0093,before,0,0.0
p2,655,21,mixed,106,106,206,0.73,1.4187,2,False,A,meta-llama/Llama-3.1-8B-Instruct,chat,riskneutral,0,0.75779,0.00031,1,,,massA=0.000232 massB=7.4e-05,before,0,0.0
p2,84,2,mixed,162,162,661,0.26,1.0609,2,True,B,meta-llama/Llama-3.1-8B-Instruct,chat,riskneutral,0,0.81287,0.00504,1,,,massA=0.000944 massB=0.0041,before,0,0.0
p2,1234,17,dominant,0,117,129,1.0,1.1026,4,True,B,meta-llama/Llama-3.1-8B-Instruct,chat,riskneutral,0,0.5351,0.00717,1,,,massA=0.00333 massB=0.00384,before,0,0.0
p2,242,8,neutral,0,62,263,0.33,1.3998,1,True,B,meta-llama/Llama-3.1-8B-Instruct,chat,riskneutral,0,0.95041,0.06546,1,,,massA=0.00325 massB=0.0622,before,0,0.0
p2,1228,14,dominant,0,81,135,1.0,1.6667,1,True,B,meta-llama/Llama-3.1-8B-Instruct,chat,riskneutral,0,0.94251,0.74016,0,,,massA=0.0426 massB=0.698,before,0,0.0
p2,78,2,gain,0,162,661,0.26,1.0609,4,True,B,meta-llama/Llama-3.1-8B-Instruct,chat,riskneutral,0,0.93046,0.0004,1,,,massA=2.8e-05 massB=0.000375,before,0,0.0
p2,504,16,mixed,139,139,234,0.6,1.0101,2,True,B,meta-llama/Llama-3.1-8B-Instruct,chat,riskneutral,0,0.79053,0.00419,1,,,massA=0.000878 massB=0.00331,before,0,0.0
p2,823,27,gain,0,166,433,0.53,1.3825,1,False,A,meta-llama/Llama-3.1-8B-Instruct,chat,riskneutral,0,0.27826,0.01007,1,,,massA=0.0028 massB=0.00727,before,0,0.0
p2,167,5,gain,0,162,381,0.46,1.0819,3,False,A,meta-llama/Llama-3.1-8B-Instruct,chat,riskneutral,0,0.77999,0.00107,1,,,massA=0.000831 massB=0.000234,before,0,0.0
p2,873,29,neutral,0,79,81,0.83,0.851,1,False,A,meta-llama/Llama-3.1-8B-Instruct,chat,riskneutral,0,0.46102,0.01262,1,,,massA=0.00582 massB=0.0068,before,0,0.0
p2,814,27,neutral,0,166,433,0.53,1.3825,2,True,B,meta-llama/Llama-3.1-8B-Instruct,chat,riskneutral,0,0.83332,0.02052,1,,,massA=0.00342 massB=0.0171,before,0,0.0
p2,729,24,neutral,0,168,214,0.76,0.9681,4,False,A,meta-llama/Llama-3.1-8B-Instruct,chat,riskneutral,0,0.52537,1e-05,1,,,massA=4.73e-06 massB=4.27e-06,before,0,0.0
p2,606,20,neutral,0,186,266,0.63,0.901,3,True,B,meta-llama/Llama-3.1-8B-Instruct,chat,riskneutral,0,0.8439,0.06633,1,,,massA=0.0104 massB=0.056,before,0,0.0
p2,562,18,mixed,41,41,61,0.58,0.8629,1,True,B,meta-llama/Llama-3.1-8B-Instruct,chat,riskneutral,0,0.90731,0.01494,1,,,massA=0.00138 massB=0.0136,before,0,0.0
p2,547,18,neutral,0,41,61,0.58,0.8629,3,False,A,meta-llama/Llama-3.1-8B-Instruct,chat,riskneutral,0,0.69596,0.04417,1,,,massA=0.0307 massB=0.0134,before,0,0.0
p2,1029,34,neutral,0,52,96,0.63,1.1631,4,False,A,meta-llama/Llama-3.1-8B-Instruct,chat,riskneutral,0,0.65313,0.0,1,,,massA=3e-06 massB=1.6e-06,before,0,0.0
p2,461,15,gain,0,82,113,0.74,1.0198,0,False,A,meta-llama/Llama-3.1-8B-Instruct,chat,riskneutral,0,0.33808,0.00558,1,,,massA=0.00189 massB=0.0037,before,0,0.0
p2,140,4,mixed,29,29,71,0.55,1.3466,0,True,B,meta-llama/Llama-3.1-8B-Instruct,chat,riskneutral,0,0.87408,0.13645,1,,,massA=0.0172 massB=0.119,before,0,0.0
p2,223,7,gain,0,63,98,0.64,0.9956,1,False,A,meta-llama/Llama-3.1-8B-Instruct,chat,riskneutral,0,0.32082,0.00395,1,,,massA=0.00127 massB=0.00268,before,0,0.0
p2,966,32,neutral,0,131,236,0.57,1.0269,3,True,B,meta-llama/Llama-3.1-8B-Instruct,chat,riskneutral,0,0.83548,0.07342,1,,,massA=0.0121 massB=0.0613,before,0,0.0
p2,614,20,gain,0,186,266,0.63,0.901,2,True,B,meta-llama/Llama-3.1-8B-Instruct,chat,riskneutral,0,0.79819,0.00237,1,,,massA=0.000478 massB=0.00189,before,0,0.0
p2,367,12,neutral,0,164,541,0.38,1.2535,3,False,A,meta-llama/Llama-3.1-8B-Instruct,chat,riskneutral,0,0.51952,0.064,1,,,massA=0.0332 massB=0.0308,before,0,0.0
p2,439,14,gain,0,81,201,0.68,1.6874,4,False,A,meta-llama/Llama-3.1-8B-Instruct,chat,riskneutral,0,0.38491,6e-05,1,,,massA=2.15e-05 massB=3.44e-05,before,0,0.0
p2,358,11,mixed,54,54,68,0.81,1.02,4,True,B,meta-llama/Llama-3.1-8B-Instruct,chat,riskneutral,0,0.95186,0.00363,1,,,massA=0.000175 massB=0.00346,before,0,0.0
p2,569,18,mixed,41,41,61,0.58,0.8629,4,False,A,meta-llama/Llama-3.1-8B-Instruct,chat,riskneutral,0,0.67918,7e-05,1,,,massA=4.89e-05 massB=2.31e-05,before,0,0.0
p2,1125,37,gain,0,151,252,0.68,1.1348,2,False,A,meta-llama/Llama-3.1-8B-Instruct,chat,riskneutral,0,0.60766,0.00067,1,,,massA=0.000407 massB=0.000263,before,0,0.0
p2,874,29,neutral,0,79,81,0.83,0.851,2,True,B,meta-llama/Llama-3.1-8B-Instruct,chat,riskneutral,0,0.85391,0.04312,1,,,massA=0.0063 massB=0.0368,before,0,0.0
p2,157,5,neutral,0,162,381,0.46,1.0819,3,False,A,meta-llama/Llama-3.1-8B-Instruct,chat,riskneutral,0,0.56602,0.07448,1,,,massA=0.0422 massB=0.0323,before,0,0.0
p2,1142,38,neutral,0,183,609,0.38,1.2646,1,True,B,meta-llama/Llama-3.1-8B-Instruct,chat,riskneutral,0,0.97283,0.0699,1,,,massA=0.0019 massB=0.068,before,0,0.0
p2,188,6,neutral,0,94,101,0.71,0.7629,4,True,B,meta-llama/Llama-3.1-8B-Instruct,chat,riskneutral,0,0.93146,0.00046,1,,,massA=3.12e-05 massB=0.000424,before,0,0.0
p2,327,10,mixed,111,111,278,0.58,1.4526,3,False,A,meta-llama/Llama-3.1-8B-Instruct,chat,riskneutral,0,0.89181,0.00096,1,,,massA=0.000859 massB=0.000104,before,0,0.0
p2,838,27,mixed,166,166,433,0.53,1.3825,4,True,B,meta-llama/Llama-3.1-8B-Instruct,chat,riskneutral,0,0.96641,0.00648,1,,,massA=0.000218 massB=0.00627,before,0,0.0
p2,811,27,neutral,0,166,433,0.53,1.3825,0,False,A,meta-llama/Llama-3.1-8B-Instruct,chat,riskneutral,0,0.26284,0.01634,1,,,massA=0.0043 massB=0.012,before,0,0.0
p2,1060,35,gain,0,91,133,0.68,0.9938,0,True,B,meta-llama/Llama-3.1-8B-Instruct,chat,riskneutral,0,0.85195,0.06818,1,,,massA=0.0101 massB=0.0581,before,0,0.0
p2,185,6,neutral,0,94,101,0.71,0.7629,2,False,A,meta-llama/Llama-3.1-8B-Instruct,chat,riskneutral,0,0.80069,0.00115,1,,,massA=0.000918 massB=0.000228,before,0,0.0
p2,155,5,neutral,0,162,381,0.46,1.0819,2,False,A,meta-llama/Llama-3.1-8B-Instruct,chat,riskneutral,0,0.79311,0.00098,1,,,massA=0.000778 massB=0.000203,before,0,0.0
p2,533,17,mixed,117,117,362,0.42,1.2995,1,False,A,meta-llama/Llama-3.1-8B-Instruct,chat,riskneutral,0,0.50391,0.00092,1,,,massA=0.000465 massB=0.000458,before,0,0.0
p2,1118,37,neutral,0,151,252,0.68,1.1348,4,True,B,meta-llama/Llama-3.1-8B-Instruct,chat,riskneutral,0,0.89625,0.00018,1,,,massA=1.82e-05 massB=0.000157,before,0,0.0
p2,1192,39,mixed,178,178,567,0.32,1.0193,1,True,B,meta-llama/Llama-3.1-8B-Instruct,chat,riskneutral,0,0.92304,0.02469,1,,,massA=0.0019 massB=0.0228,before,0,0.0
p2,692,23,neutral,0,91,626,0.23,1.5822,1,True,B,meta-llama/Llama-3.1-8B-Instruct,chat,riskneutral,0,0.95791,0.06088,1,,,massA=0.00256 massB=0.0583,before,0,0.0
p2,582,19,gain,0,64,122,0.49,0.9341,1,True,B,meta-llama/Llama-3.1-8B-Instruct,chat,riskneutral,0,0.96153,0.018,1,,,massA=0.000692 massB=0.0173,before,0,0.0
p2,852,28,gain,0,132,181,0.76,1.0421,1,True,B,meta-llama/Llama-3.1-8B-Instruct,chat,riskneutral,0,0.9679,0.03653,1,,,massA=0.00117 massB=0.0354,before,0,0.0
p2,667,22,neutral,0,81,163,0.72,1.4489,3,False,A,meta-llama/Llama-3.1-8B-Instruct,chat,riskneutral,0,0.56985,0.05362,1,,,massA=0.0306 massB=0.0231,before,0,0.0
p2,716,23,mixed,91,91,626,0.23,1.5822,3,True,B,meta-llama/Llama-3.1-8B-Instruct,chat,riskneutral,0,0.70579,0.00449,1,,,massA=0.00132 massB=0.00317,before,0,0.0
p2,1090,36,gain,0,98,227,0.47,1.0887,0,True,B,meta-llama/Llama-3.1-8B-Instruct,chat,riskneutral,0,0.85777,0.11257,1,,,massA=0.016 massB=0.0966,before,0,0.0
p2,424,14,neutral,0,81,201,0.68,1.6874,2,True,B,meta-llama/Llama-3.1-8B-Instruct,chat,riskneutral,0,0.87579,0.02621,1,,,massA=0.00326 massB=0.023,before,0,0.0
p2,676,22,gain,0,81,163,0.72,1.4489,3,True,B,meta-llama/Llama-3.1-8B-Instruct,chat,riskneutral,0,0.60393,0.00351,1,,,massA=0.00139 massB=0.00212,before,0,0.0
p2,189,6,neutral,0,94,101,0.71,0.7629,4,False,A,meta-llama/Llama-3.1-8B-Instruct,chat,riskneutral,0,0.62246,1e-05,1,,,massA=4.21e-06 massB=2.55e-06,before,0,0.0
p2,151,5,neutral,0,162,381,0.46,1.0819,0,False,A,meta-llama/Llama-3.1-8B-Instruct,chat,riskneutral,0,0.27826,0.01274,1,,,massA=0.00354 massB=0.00919,before,0,0.0
p2,952,31,mixed,51,51,151,0.29,0.8586,1,True,B,meta-llama/Llama-3.1-8B-Instruct,chat,riskneutral,0,0.8977,0.02365,1,,,massA=0.00242 massB=0.0212,before,0,0.0
p2,563,18,mixed,41,41,61,0.58,0.8629,1,False,A,meta-llama/Llama-3.1-8B-Instruct,chat,riskneutral,0,0.56985,0.00057,1,,,massA=0.000325 massB=0.000245,before,0,0.0
p2,178,5,mixed,162,162,381,0.46,1.0819,4,True,B,meta-llama/Llama-3.1-8B-Instruct,chat,riskneutral,0,0.96323,0.00542,1,,,massA=0.000199 massB=0.00522,before,0,0.0
p2,1033,34,gain,0,52,96,0.63,1.1631,1,False,A,meta-llama/Llama-3.1-8B-Instruct,chat,riskneutral,0,0.31743,0.00254,1,,,massA=0.000807 massB=0.00174,before,0,0.0
p2,863,28,mixed,132,132,181,0.76,1.0421,1,False,A,meta-llama/Llama-3.1-8B-Instruct,chat,riskneutral,0,0.54674,0.00082,1,,,massA=0.000449 massB=0.000372,before,0,0.0
p2,402,13,gain,0,72,88,0.64,0.7822,1,True,B,meta-llama/Llama-3.1-8B-Instruct,chat,riskneutral,0,0.96323,0.02797,1,,,massA=0.00103 massB=0.0269,before,0,0.0
p2,675,22,gain,0,81,163,0.72,1.4489,2,False,A,meta-llama/Llama-3.1-8B-Instruct,chat,riskneutral,0,0.54286,0.00037,1,,,massA=0.000199 massB=0.000167,before,0,0.0
p2,187,6,neutral,0,94,101,0.71,0.7629,3,False,A,meta-llama/Llama-3.1-8B-Instruct,chat,riskneutral,0,0.60019,0.05394,1,,,massA=0.0324 massB=0.0216,before,0,0.0
p2,805,26,mixed,59,59,151,0.36,0.9214,2,False,A,meta-llama/Llama-3.1-8B-Instruct,chat,riskneutral,0,0.71859,0.00014,1,,,massA=0.000102 massB=4e-05,before,0,0.0
p2,1084,36,neutral,0,98,227,0.47,1.0887,2,True,B,meta-llama/Llama-3.1-8B-Instruct,chat,riskneutral,0,0.86522,0.04671,1,,,massA=0.0063 massB=0.0404,before,0,0.0
p2,825,27,gain,0,166,433,0.53,1.3825,2,False,A,meta-llama/Llama-3.1-8B-Instruct,chat,riskneutral,0,0.61509,0.00054,1,,,massA=0.000331 massB=0.000207,before,0,0.0
p2,1116,37,neutral,0,151,252,0.68,1.1348,3,True,B,meta-llama/Llama-3.1-8B-Instruct,chat,riskneutral,0,0.82446,0.06995,1,,,massA=0.0123 massB=0.0577,before,0,0.0
p2,1132,37,mixed,151,151,252,0.68,1.1348,1,True,B,meta-llama/Llama-3.1-8B-Instruct,chat,riskneutral,0,0.92523,0.03156,1,,,massA=0.00236 massB=0.0292,before,0,0.0
p2,512,17,neutral,0,117,362,0.42,1.2995,1,True,B,meta-llama/Llama-3.1-8B-Instruct,chat,riskneutral,0,0.97482,0.06109,1,,,massA=0.00154 massB=0.0595,before,0,0.0
p2,815,27,neutral,0,166,433,0.53,1.3825,2,False,A,meta-llama/Llama-3.1-8B-Instruct,chat,riskneutral,0,0.79311,0.00101,1,,,massA=0.0008 massB=0.000209,before,0,0.0
p2,574,19,neutral,0,64,122,0.49,0.9341,2,True,B,meta-llama/Llama-3.1-8B-Instruct,chat,riskneutral,0,0.75491,0.01412,1,,,massA=0.00346 massB=0.0107,before,0,0.0
p2,698,23,neutral,0,91,626,0.23,1.5822,4,True,B,meta-llama/Llama-3.1-8B-Instruct,chat,riskneutral,0,0.86339,0.00011,1,,,massA=1.47e-05 massB=9.28e-05,before,0,0.0
p2,910,30,gain,0,149,447,0.26,0.78,0,True,B,meta-llama/Llama-3.1-8B-Instruct,chat,riskneutral,0,0.81287,0.06795,1,,,massA=0.0127 massB=0.0552,before,0,0.0
p2,843,28,neutral,0,132,181,0.76,1.0421,1,False,A,meta-llama/Llama-3.1-8B-Instruct,chat,riskneutral,0,0.32424,0.00955,1,,,massA=0.0031 massB=0.00646,before,0,0.0
p2,527,17,gain,0,117,362,0.42,1.2995,3,False,A,meta-llama/Llama-3.1-8B-Instruct,chat,riskneutral,0,0.77999,0.00113,1,,,massA=0.000882 massB=0.000249,before,0,0.0
p2,1187,39,gain,0,178,567,0.32,1.0193,3,False,A,meta-llama/Llama-3.1-8B-Instruct,chat,riskneutral,0,0.79053,0.00147,1,,,massA=0.00116 massB=0.000308,before,0,0.0
p2,1092,36,gain,0,98,227,0.47,1.0887,1,True,B,meta-llama/Llama-3.1-8B-Instruct,chat,riskneutral,0,0.9752,0.05715,1,,,massA=0.00142 massB=0.0557,before,0,0.0
p2,1002,33,gain,0,142,446,0.53,1.6646,1,True,B,meta-llama/Llama-3.1-8B-Instruct,chat,riskneutral,0,0.97771,0.05747,1,,,massA=0.00128 massB=0.0562,before,0,0.0
p2,285,9,gain,0,49,153,0.26,0.8118,2,False,A,meta-llama/Llama-3.1-8B-Instruct,chat,riskneutral,0,0.56985,0.00045,1,,,massA=0.000255 massB=0.000193,before,0,0.0
p2,245,8,neutral,0,62,263,0.33,1.3998,2,False,A,meta-llama/Llama-3.1-8B-Instruct,chat,riskneutral,0,0.80807,0.00078,1,,,massA=0.000634 massB=0.000151,before,0,0.0
p2,1181,39,gain,0,178,567,0.32,1.0193,0,False,A,meta-llama/Llama-3.1-8B-Instruct,chat,riskneutral,0,0.33112,0.00889,1,,,massA=0.00294 massB=0.00595,before,0,0.0
p2,130,4,gain,0,29,71,0.55,1.3466,0,True,B,meta-llama/Llama-3.1-8B-Instruct,chat,riskneutral,0,0.81287,0.09483,1,,,massA=0.0177 massB=0.0771,before,0,0.0
p2,888,29,gain,0,79,81,0.83,0.851,4,True,B,meta-llama/Llama-3.1-8B-Instruct,chat,riskneutral,0,0.93535,0.00115,1,,,massA=7.42e-05 massB=0.00107,before,0,0.0
p2,630,21,neutral,0,106,206,0.73,1.4187,0,True,B,meta-llama/Llama-3.1-8B-Instruct,chat,riskneutral,0,0.89479,0.09996,1,,,massA=0.0105 massB=0.0894,before,0,0.0
p2,85,2,mixed,162,162,661,0.26,1.0609,2,False,A,meta-llama/Llama-3.1-8B-Instruct,chat,riskneutral,0,0.69925,0.00021,1,,,massA=0.000146 massB=6.29e-05,before,0,0.0
p2,403,13,gain,0,72,88,0.64,0.7822,1,False,A,meta-llama/Llama-3.1-8B-Instruct,chat,riskneutral,0,0.29098,0.00406,1,,,massA=0.00118 massB=0.00288,before,0,0.0
p2,1246,23,dominant,0,91,132,1.0,1.4505,0,True,B,meta-llama/Llama-3.1-8B-Instruct,chat,riskneutral,0,0.9149,0.71487,0,,,massA=0.0608 massB=0.654,before,0,0.0
p2,146,4,mixed,29,29,71,0.55,1.3466,3,True,B,meta-llama/Llama-3.1-8B-Instruct,chat,riskneutral,0,0.63703,0.00743,1,,,massA=0.0027 massB=0.00473,before,0,0.0
p2,433,14,gain,0,81,201,0.68,1.6874,1,False,A,meta-llama/Llama-3.1-8B-Instruct,chat,riskneutral,0,0.23371,0.00659,1,,,massA=0.00154 massB=0.00505,before,0,0.0
p2,1215,7,dominant,0,63,81,1.0,1.2857,2,False,A,meta-llama/Llama-3.1-8B-Instruct,chat,riskneutral,0,0.78531,0.05339,1,,,massA=0.0419 massB=0.0115,before,0,0.0
p2,1100,36,mixed,98,98,227,0.47,1.0887,0,True,B,meta-llama/Llama-3.1-8B-Instruct,chat,riskneutral,0,0.9149,0.17544,1,,,massA=0.0149 massB=0.161,before,0,0.0
p2,850,28,gain,0,132,181,0.76,1.0421,0,True,B,meta-llama/Llama-3.1-8B-Instruct,chat,riskneutral,0,0.78793,0.04876,1,,,massA=0.0103 massB=0.0384,before,0,0.0
p2,197,6,gain,0,94,101,0.71,0.7629,3,False,A,meta-llama/Llama-3.1-8B-Instruct,chat,riskneutral,0,0.81523,0.00078,1,,,massA=0.000638 massB=0.000145,before,0,0.0
p2,565,18,mixed,41,41,61,0.58,0.8629,2,False,A,meta-llama/Llama-3.1-8B-Instruct,chat,riskneutral,0,0.74317,0.00019,1,,,massA=0.000139 massB=4.82e-05,before,0,0.0
p2,1075,35,mixed,91,91,133,0.68,0.9938,2,False,A,meta-llama/Llama-3.1-8B-Instruct,chat,riskneutral,0,0.71542,0.00014,1,,,massA=0.000103 massB=4.12e-05,before,0,0.0
p2,895,29,mixed,79,79,81,0.83,0.851,2,False,A,meta-llama/Llama-3.1-8B-Instruct,chat,riskneutral,0,0.70902,0.00051,1,,,massA=0.000361 massB=0.000148,before,0,0.0
p2,1242,21,dominant,0,106,147,1.0,1.3868,4,True,B,meta-llama/Llama-3.1-8B-Instruct,chat,riskneutral,0,0.6478,0.00775,1,,,massA=0.00273 massB=0.00502,before,0,0.0
p2,572,19,neutral,0,64,122,0.49,0.9341,1,True,B,meta-llama/Llama-3.1-8B-Instruct,chat,riskneutral,0,0.94967,0.04269,1,,,massA=0.00215 massB=0.0405,before,0,0.0
p2,441,14,mixed,81,81,201,0.68,1.6874,0,False,A,meta-llama/Llama-3.1-8B-Instruct,chat,riskneutral,0,0.66541,0.00648,1,,,massA=0.00431 massB=0.00217,before,0,0.0
p2,233,7,mixed,63,63,98,0.64,0.9956,1,False,A,meta-llama/Llama-3.1-8B-Instruct,chat,riskneutral,0,0.65842,0.00069,1,,,massA=0.000457 massB=0.000237,before,0,0.0
p2,89,2,mixed,162,162,661,0.26,1.0609,4,False,A,meta-llama/Llama-3.1-8B-Instruct,chat,riskneutral,0,0.61509,0.00016,1,,,massA=9.99e-05 massB=6.25e-05,before,0,0.0
p2,395,13,neutral,0,72,88,0.64,0.7822,2,False,A,meta-llama/Llama-3.1-8B-Instruct,chat,riskneutral,0,0.80069,0.00045,1,,,massA=0.000361 massB=8.99e-05,before,0,0.0
p2,886,29,gain,0,79,81,0.83,0.851,3,True,B,meta-llama/Llama-3.1-8B-Instruct,chat,riskneutral,0,0.53121,0.00531,1,,,massA=0.00249 massB=0.00282,before,0,0.0
p2,1244,22,dominant,0,81,109,1.0,1.3457,0,True,B,meta-llama/Llama-3.1-8B-Instruct,chat,riskneutral,0,0.88563,0.77432,0,,,massA=0.0886 massB=0.686,before,0,0.0
p2,1177,39,neutral,0,178,567,0.32,1.0193,3,False,A,meta-llama/Llama-3.1-8B-Instruct,chat,riskneutral,0,0.56602,0.05195,1,,,massA=0.0294 massB=0.0225,before,0,0.0
p2,337,11,neutral,0,54,68,0.81,1.02,3,False,A,meta-llama/Llama-3.1-8B-Instruct,chat,riskneutral,0,0.62612,0.0608,1,,,massA=0.0381 massB=0.0227,before,0,0.0
p2,156,5,neutral,0,162,381,0.46,1.0819,3,True,B,meta-llama/Llama-3.1-8B-Instruct,chat,riskneutral,0,0.81523,0.08252,1,,,massA=0.0152 massB=0.0673,before,0,0.0
p2,1055,35,neutral,0,91,133,0.68,0.9938,2,False,A,meta-llama/Llama-3.1-8B-Instruct,chat,riskneutral,0,0.81989,0.00089,1,,,massA=0.00073 massB=0.00016,before,0,0.0
p2,794,26,gain,0,59,151,0.36,0.9214,2,True,B,meta-llama/Llama-3.1-8B-Instruct,chat,riskneutral,0,0.73412,0.00136,1,,,massA=0.000362 massB=0.001,before,0,0.0
p2,1174,39,neutral,0,178,567,0.32,1.0193,2,True,B,meta-llama/Llama-3.1-8B-Instruct,chat,riskneutral,0,0.81757,0.01656,1,,,massA=0.00302 massB=0.0135,before,0,0.0
p2,1106,36,mixed,98,98,227,0.47,1.0887,3,True,B,meta-llama/Llama-3.1-8B-Instruct,chat,riskneutral,0,0.70579,0.00766,1,,,massA=0.00225 massB=0.00541,before,0,0.0
p2,739,24,gain,0,168,214,0.76,0.9681,4,False,A,meta-llama/Llama-3.1-8B-Instruct,chat,riskneutral,0,0.30736,4e-05,1,,,massA=1.26e-05 massB=2.84e-05,before,0,0.0
p2,1213,6,dominant,0,94,128,1.0,1.3617,4,False,A,meta-llama/Llama-3.1-8B-Instruct,chat,riskneutral,0,0.84594,0.00267,1,,,massA=0.00226 massB=0.000411,before,0,0.0
p2,3,0,neutral,0,186,984,0.26,1.3755,1,False,A,meta-llama/Llama-3.1-8B-Instruct,chat,riskneutral,0,0.27826,0.0184,1,,,massA=0.00512 massB=0.0133,before,0,0.0
p2,681,22,mixed,81,81,163,0.72,1.4489,0,False,A,meta-llama/Llama-3.1-8B-Instruct,chat,riskneutral,0,0.66541,0.00581,1,,,massA=0.00386 massB=0.00194,before,0,0.0
p2,1204,2,dominant,0,162,174,1.0,1.0741,0,True,B,meta-llama/Llama-3.1-8B-Instruct,chat,riskneutral,0,0.88876,0.75717,0,,,massA=0.0842 massB=0.673,before,0,0.0
p2,936,31,neutral,0,51,151,0.29,0.8586,3,True,B,meta-llama/Llama-3.1-8B-Instruct,chat,riskneutral,0,0.74614,0.06346,1,,,massA=0.0161 massB=0.0473,before,0,0.0
p2,1152,38,gain,0,183,609,0.38,1.2646,1,True,B,meta-llama/Llama-3.1-8B-Instruct,chat,riskneutral,0,0.98058,0.05973,1,,,massA=0.00116 massB=0.0586,before,0,0.0
p2,354,11,mixed,54,54,68,0.81,1.02,2,True,B,meta-llama/Llama-3.1-8B-Instruct,chat,riskneutral,0,0.77184,0.00581,1,,,massA=0.00132 massB=0.00448,before,0,0.0
p2,1144,38,neutral,0,183,609,0.38,1.2646,2,True,B,meta-llama/Llama-3.1-8B-Instruct,chat,riskneutral,0,0.8439,0.01624,1,,,massA=0.00254 massB=0.0137,before,0,0.0
p2,1050,35,neutral,0,91,133,0.68,0.9938,0,True,B,meta-llama/Llama-3.1-8B-Instruct,chat,riskneutral,0,0.89479,0.08924,1,,,massA=0.00939 massB=0.0798,before,0,0.0
p2,975,32,gain,0,131,236,0.57,1.0269,2,False,A,meta-llama/Llama-3.1-8B-Instruct,chat,riskneutral,0,0.61509,0.00044,1,,,massA=0.00027 massB=0.000169,before,0,0.0
p2,1143,38,neutral,0,183,609,0.38,1.2646,1,False,A,meta-llama/Llama-3.1-8B-Instruct,chat,riskneutral,0,0.29098,0.00958,1,,,massA=0.00279 massB=0.00679,before,0,0.0
p2,1119,37,neutral,0,151,252,0.68,1.1348,4,False,A,meta-llama/Llama-3.1-8B-Instruct,chat,riskneutral,0,0.67233,1e-05,1,,,massA=7.63e-06 massB=3.72e-06,before,0,0.0
p2,290,9,mixed,49,49,153,0.26,0.8118,0,True,B,meta-llama/Llama-3.1-8B-Instruct,chat,riskneutral,0,0.87235,0.09573,1,,,massA=0.0122 massB=0.0835,before,0,0.0
p2,819,27,neutral,0,166,433,0.53,1.3825,4,False,A,meta-llama/Llama-3.1-8B-Instruct,chat,riskneutral,0,0.65313,1e-05,1,,,massA=7.78e-06 massB=4.13e-06,before,0,0.0
p2,627,20,mixed,186,186,266,0.63,0.901,3,False,A,meta-llama/Llama-3.1-8B-Instruct,chat,riskneutral,0,0.8872,0.00066,1,,,massA=0.000585 massB=7.43e-05,before,0,0.0
p2,1048,34,mixed,52,52,96,0.63,1.1631,4,True,B,meta-llama/Llama-3.1-8B-Instruct,chat,riskneutral,0,0.94738,0.0035,1,,,massA=0.000184 massB=0.00332,before,0,0.0
p2,538,17,mixed,117,117,362,0.42,1.2995,4,True,B,meta-llama/Llama-3.1-8B-Instruct,chat,riskneutral,0,0.96432,0.0034,1,,,massA=0.000121 massB=0.00328,before,0,0.0
p2,495,16,gain,0,139,234,0.6,1.0101,2,False,A,meta-llama/Llama-3.1-8B-Instruct,chat,riskneutral,0,0.64064,0.00041,1,,,massA=0.000265 massB=0.000149,before,0,0.0
p2,971,32,gain,0,131,236,0.57,1.0269,0,False,A,meta-llama/Llama-3.1-8B-Instruct,chat,riskneutral,0,0.34511,0.00647,1,,,massA=0.00223 massB=0.00424,before,0,0.0
p2,59,1,mixed,58,58,116,0.66,1.32,4,False,A,meta-llama/Llama-3.1-8B-Instruct,chat,riskneutral,0,0.72798,0.00019,1,,,massA=0.000137 massB=5.14e-05,before,0,0.0
p2,728,24,neutral,0,168,214,0.76,0.9681,4,True,B,meta-llama/Llama-3.1-8B-Instruct,chat,riskneutral,0,0.93629,0.00039,1,,,massA=2.45e-05 massB=0.000361,before,0,0.0
p2,892,29,mixed,79,79,81,0.83,0.851,1,True,B,meta-llama/Llama-3.1-8B-Instruct,chat,riskneutral,0,0.8872,0.02764,1,,,massA=0.00312 massB=0.0245,before,0,0.0
p2,221,7,gain,0,63,98,0.64,0.9956,0,False,A,meta-llama/Llama-3.1-8B-Instruct,chat,riskneutral,0,0.40733,0.00381,1,,,massA=0.00155 massB=0.00226,before,0,0.0
p2,200,6,mixed,94,94,101,0.71,0.7629,0,True,B,meta-llama/Llama-3.1-8B-Instruct,chat,riskneutral,0,0.85585,0.09251,1,,,massA=0.0133 massB=0.0792,before,0,0.0
p2,1047,34,mixed,52,52,96,0.63,1.1631,3,False,A,meta-llama/Llama-3.1-8B-Instruct,chat,riskneutral,0,0.89479,0.00094,1,,,massA=0.000845 massB=9.94e-05,before,0,0.0
p2,497,16,gain,0,139,234,0.6,1.0101,3,False,A,meta-llama/Llama-3.1-8B-Instruct,chat,riskneutral,0,0.84797,0.00089,1,,,massA=0.000754 massB=0.000135,before,0,0.0
p2,653,21,mixed,106,106,206,0.73,1.4187,1,False,A,meta-llama/Llama-3.1-8B-Instruct,chat,riskneutral,0,0.60766,0.00162,1,,,massA=0.000983 massB=0.000634,before,0,0.0
p2,801,26,mixed,59,59,151,0.36,0.9214,0,False,A,meta-llama/Llama-3.1-8B-Instruct,chat,riskneutral,0,0.6478,0.0037,1,,,massA=0.0024 massB=0.0013,before,0,0.0
p2,995,33,neutral,0,142,446,0.53,1.6646,2,False,A,meta-llama/Llama-3.1-8B-Instruct,chat,riskneutral,0,0.80317,0.00101,1,,,massA=0.000814 massB=0.0002,before,0,0.0
p2,718,23,mixed,91,91,626,0.23,1.5822,4,True,B,meta-llama/Llama-3.1-8B-Instruct,chat,riskneutral,0,0.96095,0.00305,1,,,massA=0.000119 massB=0.00293,before,0,0.0
p2,217,7,neutral,0,63,98,0.64,0.9956,3,False,A,meta-llama/Llama-3.1-8B-Instruct,chat,riskneutral,0,0.73106,0.03256,1,,,massA=0.0238 massB=0.00876,before,0,0.0
p2,507,16,mixed,139,139,234,0.6,1.0101,3,False,A,meta-llama/Llama-3.1-8B-Instruct,chat,riskneutral,0,0.88798,0.00061,1,,,massA=0.000544 massB=6.87e-05,before,0,0.0
p2,1270,35,dominant,0,91,107,1.0,1.1758,0,True,B,meta-llama/Llama-3.1-8B-Instruct,chat,riskneutral,0,0.89331,0.77552,0,,,massA=0.0827 massB=0.693,before,0,0.0
p2,756,25,neutral,0,124,207,0.76,1.2687,3,True,B,meta-llama/Llama-3.1-8B-Instruct,chat,riskneutral,0,0.81757,0.07639,1,,,massA=0.0139 massB=0.0625,before,0,0.0
p2,789,26,neutral,0,59,151,0.36,0.9214,4,False,A,meta-llama/Llama-3.1-8B-Instruct,chat,riskneutral,0,0.69761,1e-05,1,,,massA=5.17e-06 massB=2.24e-06,before,0,0.0
p2,405,13,gain,0,72,88,0.64,0.7822,2,False,A,meta-llama/Llama-3.1-8B-Instruct,chat,riskneutral,0,0.60393,0.00026,1,,,massA=0.000158 massB=0.000104,before,0,0.0
p2,259,8,gain,0,62,263,0.33,1.3998,4,False,A,meta-llama/Llama-3.1-8B-Instruct,chat,riskneutral,0,0.4649,3e-05,1,,,massA=1.6e-05 massB=1.84e-05,before,0,0.0
p2,598,19,mixed,64,64,122,0.49,0.9341,4,True,B,meta-llama/Llama-3.1-8B-Instruct,chat,riskneutral,0,0.95328,0.00255,1,,,massA=0.000119 massB=0.00243,before,0,0.0
p2,658,21,mixed,106,106,206,0.73,1.4187,4,True,B,meta-llama/Llama-3.1-8B-Instruct,chat,riskneutral,0,0.95791,0.00831,1,,,massA=0.00035 massB=0.00796,before,0,0.0
p2,1093,36,gain,0,98,227,0.47,1.0887,1,False,A,meta-llama/Llama-3.1-8B-Instruct,chat,riskneutral,0,0.21734,0.01365,1,,,massA=0.00297 massB=0.0107,before,0,0.0
p2,341,11,gain,0,54,68,0.81,1.02,0,False,A,meta-llama/Llama-3.1-8B-Instruct,chat,riskneutral,0,0.37023,0.00402,1,,,massA=0.00149 massB=0.00253,before,0,0.0
p2,1140,38,neutral,0,183,609,0.38,1.2646,0,True,B,meta-llama/Llama-3.1-8B-Instruct,chat,riskneutral,0,0.89181,0.07794,1,,,massA=0.00843 massB=0.0695,before,0,0.0
p2,1077,35,mixed,91,91,133,0.68,0.9938,3,False,A,meta-llama/Llama-3.1-8B-Instruct,chat,riskneutral,0,0.87663,0.00052,1,,,massA=0.000453 massB=6.38e-05,before,0,0.0
p2,27,0,mixed,186,186,984,0.26,1.3755,3,False,A,meta-llama/Llama-3.1-8B-Instruct,chat,riskneutral,0,0.88243,0.00116,1,,,massA=0.00103 massB=0.000137,before,0,0.0
p2,1162,38,mixed,183,183,609,0.38,1.2646,1,True,B,meta-llama/Llama-3.1-8B-Instruct,chat,riskneutral,0,0.93535,0.0284,1,,,massA=0.00184 massB=0.0266,before,0,0.0
p2,879,29,neutral,0,79,81,0.83,0.851,4,False,A,meta-llama/Llama-3.1-8B-Instruct,chat,riskneutral,0,0.74614,0.0,1,,,massA=3.61e-06 massB=1.23e-06,before,0,0.0
p2,469,15,gain,0,82,113,0.74,1.0198,4,False,A,meta-llama/Llama-3.1-8B-Instruct,chat,riskneutral,0,0.3522,4e-05,1,,,massA=1.26e-05 massB=2.31e-05,before,0,0.0
p2,857,28,gain,0,132,181,0.76,1.0421,3,False,A,meta-llama/Llama-3.1-8B-Instruct,chat,riskneutral,0,0.77458,0.0007,1,,,massA=0.00054 massB=0.000157,before,0,0.0
p2,347,11,gain,0,54,68,0.81,1.02,3,False,A,meta-llama/Llama-3.1-8B-Instruct,chat,riskneutral,0,0.81287,0.00075,1,,,massA=0.000607 massB=0.00014,before,0,0.0
p2,684,22,mixed,81,81,163,0.72,1.4489,2,True,B,meta-llama/Llama-3.1-8B-Instruct,chat,riskneutral,0,0.79819,0.006,1,,,massA=0.00121 massB=0.00479,before,0,0.0
p2,370,12,gain,0,164,541,0.38,1.2535,0,True,B,meta-llama/Llama-3.1-8B-Instruct,chat,riskneutral,0,0.82894,0.05851,1,,,massA=0.01 massB=0.0485,before,0,0.0
p2,541,18,neutral,0,41,61,0.58,0.8629,0,False,A,meta-llama/Llama-3.1-8B-Instruct,chat,riskneutral,0,0.37023,0.00984,1,,,massA=0.00364 massB=0.0062,before,0,0.0
p2,816,27,neutral,0,166,433,0.53,1.3825,3,True,B,meta-llama/Llama-3.1-8B-Instruct,chat,riskneutral,0,0.83973,0.11381,1,,,massA=0.0182 massB=0.0956,before,0,0.0
p2,335,11,neutral,0,54,68,0.81,1.02,2,False,A,meta-llama/Llama-3.1-8B-Instruct,chat,riskneutral,0,0.80807,0.00078,1,,,massA=0.000627 massB=0.000149,before,0,0.0
p2,1110,37,neutral,0,151,252,0.68,1.1348,0,True,B,meta-llama/Llama-3.1-8B-Instruct,chat,riskneutral,0,0.87235,0.08718,1,,,massA=0.0111 massB=0.0761,before,0,0.0
p2,398,13,neutral,0,72,88,0.64,0.7822,4,True,B,meta-llama/Llama-3.1-8B-Instruct,chat,riskneutral,0,0.91118,0.00026,1,,,massA=2.3e-05 massB=0.000236,before,0,0.0
p2,34,1,neutral,0,58,116,0.66,1.32,2,True,B,meta-llama/Llama-3.1-8B-Instruct,chat,riskneutral,0,0.81989,0.01852,1,,,massA=0.00334 massB=0.0152,before,0,0.0
p2,664,22,neutral,0,81,163,0.72,1.4489,2,True,B,meta-llama/Llama-3.1-8B-Instruct,chat,riskneutral,0,0.87408,0.02004,1,,,massA=0.00252 massB=0.0175,before,0,0.0
p2,342,11,gain,0,54,68,0.81,1.02,1,True,B,meta-llama/Llama-3.1-8B-Instruct,chat,riskneutral,0,0.97113,0.03571,1,,,massA=0.00103 massB=0.0347,before,0,0.0
p2,458,15,neutral,0,82,113,0.74,1.0198,4,True,B,meta-llama/Llama-3.1-8B-Instruct,chat,riskneutral,0,0.93991,0.00055,1,,,massA=3.28e-05 massB=0.000513,before,0,0.0
p2,1036,34,gain,0,52,96,0.63,1.1631,3,True,B,meta-llama/Llama-3.1-8B-Instruct,chat,riskneutral,0,0.53121,0.00255,1,,,massA=0.0012 massB=0.00136,before,0,0.0
p2,592,19,mixed,64,64,122,0.49,0.9341,1,True,B,meta-llama/Llama-3.1-8B-Instruct,chat,riskneutral,0,0.90862,0.01402,1,,,massA=0.00128 massB=0.0127,before,0,0.0
p2,380,12,mixed,164,164,541,0.38,1.2535,0,True,B,meta-llama/Llama-3.1-8B-Instruct,chat,riskneutral,0,0.9149,0.13166,1,,,massA=0.0112 massB=0.12,before,0,0.0
p2,953,31,mixed,51,51,151,0.29,0.8586,1,False,A,meta-llama/Llama-3.1-8B-Instruct,chat,riskneutral,0,0.54286,0.00129,1,,,massA=0.000699 massB=0.000589,before,0,0.0
p2,442,14,mixed,81,81,201,0.68,1.6874,1,True,B,meta-llama/Llama-3.1-8B-Instruct,chat,riskneutral,0,0.94418,0.02659,1,,,massA=0.00148 massB=0.0251,before,0,0.0
p2,275,9,neutral,0,49,153,0.26,0.8118,2,False,A,meta-llama/Llama-3.1-8B-Instruct,chat,riskneutral,0,0.75491,0.00051,1,,,massA=0.000385 massB=0.000125,before,0,0.0
p2,795,26,gain,0,59,151,0.36,0.9214,2,False,A,meta-llama/Llama-3.1-8B-Instruct,chat,riskneutral,0,0.60019,0.00034,1,,,massA=0.000207 massB=0.000138,before,0,0.0
p2,646,21,gain,0,106,206,0.73,1.4187,3,True,B,meta-llama/Llama-3.1-8B-Instruct,chat,riskneutral,0,0.56602,0.00426,1,,,massA=0.00185 massB=0.00241,before,0,0.0
p2,954,31,mixed,51,51,151,0.29,0.8586,2,True,B,meta-llama/Llama-3.1-8B-Instruct,chat,riskneutral,0,0.72487,0.00541,1,,,massA=0.00149 massB=0.00392,before,0,0.0
p2,284,9,gain,0,49,153,0.26,0.8118,2,True,B,meta-llama/Llama-3.1-8B-Instruct,chat,riskneutral,0,0.74614,0.00156,1,,,massA=0.000396 massB=0.00116,before,0,0.0
p2,135,4,gain,0,29,71,0.55,1.3466,2,False,A,meta-llama/Llama-3.1-8B-Instruct,chat,riskneutral,0,0.67233,0.00047,1,,,massA=0.000316 massB=0.000154,before,0,0.0
p2,360,12,neutral,0,164,541,0.38,1.2535,0,True,B,meta-llama/Llama-3.1-8B-Instruct,chat,riskneutral,0,0.8808,0.0733,1,,,massA=0.00874 massB=0.0646,before,0,0.0
p2,1038,34,gain,0,52,96,0.63,1.1631,4,True,B,meta-llama/Llama-3.1-8B-Instruct,chat,riskneutral,0,0.8977,0.00036,1,,,massA=3.64e-05 massB=0.00032,before,0,0.0
p2,351,11,mixed,54,54,68,0.81,1.02,0,False,A,meta-llama/Llama-3.1-8B-Instruct,chat,riskneutral,0,0.63341,0.00482,1,,,massA=0.00305 massB=0.00177,before,0,0.0
p2,505,16,mixed,139,139,234,0.6,1.0101,2,False,A,meta-llama/Llama-3.1-8B-Instruct,chat,riskneutral,0,0.73106,0.00015,1,,,massA=0.000112 massB=4.13e-05,before,0,0.0
p2,770,25,mixed,124,124,207,0.76,1.2687,0,True,B,meta-llama/Llama-3.1-8B-Instruct,chat,riskneutral,0,0.89912,0.11848,1,,,massA=0.012 massB=0.107,before,0,0.0
p2,315,10,gain,0,111,278,0.58,1.4526,2,False,A,meta-llama/Llama-3.1-8B-Instruct,chat,riskneutral,0,0.62977,0.00055,1,,,massA=0.000349 massB=0.000205,before,0,0.0
p2,1051,35,neutral,0,91,133,0.68,0.9938,0,False,A,meta-llama/Llama-3.1-8B-Instruct,chat,riskneutral,0,0.32767,0.01367,1,,,massA=0.00448 massB=0.00919,before,0,0.0
p2,218,7,neutral,0,63,98,0.64,0.9956,4,True,B,meta-llama/Llama-3.1-8B-Instruct,chat,riskneutral,0,0.90862,0.00025,1,,,massA=2.27e-05 massB=0.000226,before,0,0.0
p2,1059,35,neutral,0,91,133,0.68,0.9938,4,False,A,meta-llama/Llama-3.1-8B-Instruct,chat,riskneutral,0,0.69098,1e-05,1,,,massA=6.43e-06 massB=2.87e-06,before,0,0.0
p2,652,21,mixed,106,106,206,0.73,1.4187,1,True,B,meta-llama/Llama-3.1-8B-Instruct,chat,riskneutral,0,0.89625,0.03534,1,,,massA=0.00367 massB=0.0317,before,0,0.0
p2,844,28,neutral,0,132,181,0.76,1.0421,2,True,B,meta-llama/Llama-3.1-8B-Instruct,chat,riskneutral,0,0.82219,0.02201,1,,,massA=0.00391 massB=0.0181,before,0,0.0
p2,644,21,gain,0,106,206,0.73,1.4187,2,True,B,meta-llama/Llama-3.1-8B-Instruct,chat,riskneutral,0,0.75779,0.00336,1,,,massA=0.000813 massB=0.00254,before,0,0.0
p2,1150,38,gain,0,183,609,0.38,1.2646,0,True,B,meta-llama/Llama-3.1-8B-Instruct,chat,riskneutral,0,0.86339,0.07894,1,,,massA=0.0108 massB=0.0682,before,0,0.0
p2,352,11,mixed,54,54,68,0.81,1.02,1,True,B,meta-llama/Llama-3.1-8B-Instruct,chat,riskneutral,0,0.89625,0.01634,1,,,massA=0.00169 massB=0.0146,before,0,0.0
p2,884,29,gain,0,79,81,0.83,0.851,2,True,B,meta-llama/Llama-3.1-8B-Instruct,chat,riskneutral,0,0.75491,0.00592,1,,,massA=0.00145 massB=0.00447,before,0,0.0
p2,757,25,neutral,0,124,207,0.76,1.2687,3,False,A,meta-llama/Llama-3.1-8B-Instruct,chat,riskneutral,0,0.54286,0.07266,1,,,massA=0.0394 massB=0.0332,before,0,0.0
p2,271,9,neutral,0,49,153,0.26,0.8118,0,False,A,meta-llama/Llama-3.1-8B-Instruct,chat,riskneutral,0,0.25683,0.01801,1,,,massA=0.00462 massB=0.0134,before,0,0.0
p2,278,9,neutral,0,49,153,0.26,0.8118,4,True,B,meta-llama/Llama-3.1-8B-Instruct,chat,riskneutral,0,0.87579,0.00015,1,,,massA=1.89e-05 massB=0.000133,before,0,0.0
p2,419,13,mixed,72,72,88,0.64,0.7822,4,False,A,meta-llama/Llama-3.1-8B-Instruct,chat,riskneutral,0,0.69264,7e-05,1,,,massA=5.16e-05 massB=2.29e-05,before,0,0.0
p2,813,27,neutral,0,166,433,0.53,1.3825,1,False,A,meta-llama/Llama-3.1-8B-Instruct,chat,riskneutral,0,0.27513,0.02015,1,,,massA=0.00554 massB=0.0146,before,0,0.0
p2,641,21,gain,0,106,206,0.73,1.4187,0,False,A,meta-llama/Llama-3.1-8B-Instruct,chat,riskneutral,0,0.31743,0.0075,1,,,massA=0.00238 massB=0.00512,before,0,0.0
p2,1133,37,mixed,151,151,252,0.68,1.1348,1,False,A,meta-llama/Llama-3.1-8B-Instruct,chat,riskneutral,0,0.51952,0.00078,1,,,massA=0.000406 massB=0.000376,before,0,0.0
p2,1243,21,dominant,0,106,147,1.0,1.3868,3,False,A,meta-llama/Llama-3.1-8B-Instruct,chat,riskneutral,0,0.76629,0.63903,0,,,massA=0.49 massB=0.149,before,0,0.0
p2,302,10,neutral,0,111,278,0.58,1.4526,1,True,B,meta-llama/Llama-3.1-8B-Instruct,chat,riskneutral,0,0.96886,0.09784,1,,,massA=0.00305 massB=0.0948,before,0,0.0
p2,531,17,mixed,117,117,362,0.42,1.2995,0,False,A,meta-llama/Llama-3.1-8B-Instruct,chat,riskneutral,0,0.65842,0.00466,1,,,massA=0.00307 massB=0.00159,before,0,0.0
p2,118,3,mixed,46,46,158,0.33,1.1335,4,True,B,meta-llama/Llama-3.1-8B-Instruct,chat,riskneutral,0,0.9458,0.00463,1,,,massA=0.000251 massB=0.00438,before,0,0.0
p2,860,28,mixed,132,132,181,0.76,1.0421,0,True,B,meta-llama/Llama-3.1-8B-Instruct,chat,riskneutral,0,0.87748,0.10893,1,,,massA=0.0133 massB=0.0956,before,0,0.0
p2,631,21,neutral,0,106,206,0.73,1.4187,0,False,A,meta-llama/Llama-3.1-8B-Instruct,chat,riskneutral,0,0.25983,0.01352,1,,,massA=0.00351 massB=0.01,before,0,0.0
p2,171,5,mixed,162,162,381,0.46,1.0819,0,False,A,meta-llama/Llama-3.1-8B-Instruct,chat,riskneutral,0,0.63703,0.00773,1,,,massA=0.00492 massB=0.00281,before,0,0.0
p2,762,25,gain,0,124,207,0.76,1.2687,1,True,B,meta-llama/Llama-3.1-8B-Instruct,chat,riskneutral,0,0.96741,0.02833,1,,,massA=0.000923 massB=0.0274,before,0,0.0
p2,861,28,mixed,132,132,181,0.76,1.0421,0,False,A,meta-llama/Llama-3.1-8B-Instruct,chat,riskneutral,0,0.67233,0.00458,1,,,massA=0.00308 massB=0.0015,before,0,0.0
p2,1103,36,mixed,98,98,227,0.47,1.0887,1,False,A,meta-llama/Llama-3.1-8B-Instruct,chat,riskneutral,0,0.51172,0.0012,1,,,massA=0.000615 massB=0.000587,before,0,0.0
p2,231,7,mixed,63,63,98,0.64,0.9956,0,False,A,meta-llama/Llama-3.1-8B-Instruct,chat,riskneutral,0,0.69596,0.00496,1,,,massA=0.00345 massB=0.00151,before,0,0.0
p2,643,21,gain,0,106,206,0.73,1.4187,1,False,A,meta-llama/Llama-3.1-8B-Instruct,chat,riskneutral,0,0.24799,0.00759,1,,,massA=0.00188 massB=0.00571,before,0,0.0
p2,468,15,gain,0,82,113,0.74,1.0198,4,True,B,meta-llama/Llama-3.1-8B-Instruct,chat,riskneutral,0,0.92523,0.00076,1,,,massA=5.68e-05 massB=0.000702,before,0,0.0
p2,806,26,mixed,59,59,151,0.36,0.9214,3,True,B,meta-llama/Llama-3.1-8B-Instruct,chat,riskneutral,0,0.65135,0.00714,1,,,massA=0.00249 massB=0.00465,before,0,0.0
p2,409,13,gain,0,72,88,0.64,0.7822,4,False,A,meta-llama/Llama-3.1-8B-Instruct,chat,riskneutral,0,0.41111,2e-05,1,,,massA=8.08e-06 massB=1.16e-05,before,0,0.0
p2,624,20,mixed,186,186,266,0.63,0.901,2,True,B,meta-llama/Llama-3.1-8B-Instruct,chat,riskneutral,0,0.80563,0.00556,1,,,massA=0.00108 massB=0.00448,before,0,0.0
p2,465,15,gain,0,82,113,0.74,1.0198,2,False,A,meta-llama/Llama-3.1-8B-Instruct,chat,riskneutral,0,0.54286,0.00044,1,,,massA=0.000241 massB=0.000203,before,0,0.0
p2,382,12,mixed,164,164,541,0.38,1.2535,1,True,B,meta-llama/Llama-3.1-8B-Instruct,chat,riskneutral,0,0.93902,0.02004,1,,,massA=0.00122 massB=0.0188,before,0,0.0
p2,431,14,gain,0,81,201,0.68,1.6874,0,False,A,meta-llama/Llama-3.1-8B-Instruct,chat,riskneutral,0,0.33808,0.00595,1,,,massA=0.00201 massB=0.00394,before,0,0.0
p2,109,3,gain,0,46,158,0.33,1.1335,4,False,A,meta-llama/Llama-3.1-8B-Instruct,chat,riskneutral,0,0.48438,4e-05,1,,,massA=2.11e-05 massB=2.25e-05,before,0,0.0
p2,1268,34,dominant,0,52,110,1.0,2.1154,3,True,B,meta-llama/Llama-3.1-8B-Instruct,chat,riskneutral,0,0.72174,0.46337,0,,,massA=0.129 massB=0.334,before,0,0.0
p2,1277,38,dominant,0,183,201,1.0,1.0984,2,False,A,meta-llama/Llama-3.1-8B-Instruct,chat,riskneutral,0,0.81523,0.10998,1,,,massA=0.0897 massB=0.0203,before,0,0.0
p2,1161,38,mixed,183,183,609,0.38,1.2646,0,False,A,meta-llama/Llama-3.1-8B-Instruct,chat,riskneutral,0,0.64423,0.0061,1,,,massA=0.00393 massB=0.00217,before,0,0.0
p2,677,22,gain,0,81,163,0.72,1.4489,3,False,A,meta-llama/Llama-3.1-8B-Instruct,chat,riskneutral,0,0.79311,0.00082,1,,,massA=0.000652 massB=0.00017,before,0,0.0
p2,1136,37,mixed,151,151,252,0.68,1.1348,3,True,B,meta-llama/Llama-3.1-8B-Instruct,chat,riskneutral,0,0.71223,0.0074,1,,,massA=0.00213 massB=0.00527,before,0,0.0
p2,511,17,neutral,0,117,362,0.42,1.2995,0,False,A,meta-llama/Llama-3.1-8B-Instruct,chat,riskneutral,0,0.25386,0.00925,1,,,massA=0.00235 massB=0.0069,before,0,0.0
p2,1212,6,dominant,0,94,128,1.0,1.3617,3,True,B,meta-llama/Llama-3.1-8B-Instruct,chat,riskneutral,0,0.78266,0.64706,0,,,massA=0.141 massB=0.506,before,0,0.0
p2,1,0,neutral,0,186,984,0.26,1.3755,0,False,A,meta-llama/Llama-3.1-8B-Instruct,chat,riskneutral,0,0.23371,0.01924,1,,,massA=0.0045 massB=0.0147,before,0,0.0
p2,55,1,mixed,58,58,116,0.66,1.32,2,False,A,meta-llama/Llama-3.1-8B-Instruct,chat,riskneutral,0,0.75491,0.00028,1,,,massA=0.000213 massB=6.92e-05,before,0,0.0
p2,589,19,gain,0,64,122,0.49,0.9341,4,False,A,meta-llama/Llama-3.1-8B-Instruct,chat,riskneutral,0,0.4187,3e-05,1,,,massA=1.11e-05 massB=1.54e-05,before,0,0.0
p2,488,16,neutral,0,139,234,0.6,1.0101,4,True,B,meta-llama/Llama-3.1-8B-Instruct,chat,riskneutral,0,0.90053,0.00019,1,,,massA=1.86e-05 massB=0.000169,before,0,0.0
p2,923,30,mixed,149,149,447,0.26,0.78,1,False,A,meta-llama/Llama-3.1-8B-Instruct,chat,riskneutral,0,0.46102,0.00142,1,,,massA=0.000657 massB=0.000768,before,0,0.0
p2,1170,39,neutral,0,178,567,0.32,1.0193,0,True,B,meta-llama/Llama-3.1-8B-Instruct,chat,riskneutral,0,0.86883,0.07554,1,,,massA=0.00991 massB=0.0656,before,0,0.0
p2,267,8,mixed,62,62,263,0.33,1.3998,3,False,A,meta-llama/Llama-3.1-8B-Instruct,chat,riskneutral,0,0.89479,0.00077,1,,,massA=0.000685 massB=8.05e-05,before,0,0.0
p2,204,6,mixed,94,94,101,0.71,0.7629,2,True,B,meta-llama/Llama-3.1-8B-Instruct,chat,riskneutral,0,0.75201,0.00526,1,,,massA=0.00131 massB=0.00396,before,0,0.0
p2,686,22,mixed,81,81,163,0.72,1.4489,3,True,B,meta-llama/Llama-3.1-8B-Instruct,chat,riskneutral,0,0.67233,0.0065,1,,,massA=0.00213 massB=0.00437,before,0,0.0
p2,453,15,neutral,0,82,113,0.74,1.0198,1,False,A,meta-llama/Llama-3.1-8B-Instruct,chat,riskneutral,0,0.35577,0.01704,1,,,massA=0.00606 massB=0.011,before,0,0.0
p2,154,5,neutral,0,162,381,0.46,1.0819,2,True,B,meta-llama/Llama-3.1-8B-Instruct,chat,riskneutral,0,0.84997,0.01968,1,,,massA=0.00295 massB=0.0167,before,0,0.0
p2,974,32,gain,0,131,236,0.57,1.0269,2,True,B,meta-llama/Llama-3.1-8B-Instruct,chat,riskneutral,0,0.79311,0.0039,1,,,massA=0.000806 massB=0.00309,before,0,0.0
p2,150,5,neutral,0,162,381,0.46,1.0819,0,True,B,meta-llama/Llama-3.1-8B-Instruct,chat,riskneutral,0,0.87915,0.08107,1,,,massA=0.0098 massB=0.0713,before,0,0.0
p2,244,8,neutral,0,62,263,0.33,1.3998,2,True,B,meta-llama/Llama-3.1-8B-Instruct,chat,riskneutral,0,0.73716,0.01618,1,,,massA=0.00425 massB=0.0119,before,0,0.0
p2,295,9,mixed,49,49,153,0.26,0.8118,2,False,A,meta-llama/Llama-3.1-8B-Instruct,chat,riskneutral,0,0.71859,0.0002,1,,,massA=0.00014 massB=5.49e-05,before,0,0.0
p2,877,29,neutral,0,79,81,0.83,0.851,3,False,A,meta-llama/Llama-3.1-8B-Instruct,chat,riskneutral,0,0.70253,0.05457,1,,,massA=0.0383 massB=0.0162,before,0,0.0
p2,744,24,mixed,168,168,214,0.76,0.9681,2,True,B,meta-llama/Llama-3.1-8B-Instruct,chat,riskneutral,0,0.81523,0.00708,1,,,massA=0.00131 massB=0.00577,before,0,0.0
p2,704,23,gain,0,91,626,0.23,1.5822,2,True,B,meta-llama/Llama-3.1-8B-Instruct,chat,riskneutral,0,0.74317,0.00209,1,,,massA=0.000538 massB=0.00156,before,0,0.0
p2,100,3,gain,0,46,158,0.33,1.1335,0,True,B,meta-llama/Llama-3.1-8B-Instruct,chat,riskneutral,0,0.73716,0.04982,1,,,massA=0.0131 massB=0.0367,before,0,0.0
p2,17,0,gain,0,186,984,0.26,1.3755,3,False,A,meta-llama/Llama-3.1-8B-Instruct,chat,riskneutral,0,0.81287,0.00245,1,,,massA=0.00199 massB=0.000458,before,0,0.0
p2,1044,34,mixed,52,52,96,0.63,1.1631,2,True,B,meta-llama/Llama-3.1-8B-Instruct,chat,riskneutral,0,0.78266,0.00692,1,,,massA=0.0015 massB=0.00541,before,0,0.0
p2,1018,33,mixed,142,142,446,0.53,1.6646,4,True,B,meta-llama/Llama-3.1-8B-Instruct,chat,riskneutral,0,0.96741,0.00751,1,,,massA=0.000245 massB=0.00726,before,0,0.0
p2,292,9,mixed,49,49,153,0.26,0.8118,1,True,B,meta-llama/Llama-3.1-8B-Instruct,chat,riskneutral,0,0.9173,0.01901,1,,,massA=0.00157 massB=0.0174,before,0,0.0
p2,920,30,mixed,149,149,447,0.26,0.78,0,True,B,meta-llama/Llama-3.1-8B-Instruct,chat,riskneutral,0,0.90053,0.16806,1,,,massA=0.0167 massB=0.151,before,0,0.0
p2,491,16,gain,0,139,234,0.6,1.0101,0,False,A,meta-llama/Llama-3.1-8B-Instruct,chat,riskneutral,0,0.44553,0.00567,1,,,massA=0.00253 massB=0.00314,before,0,0.0
p2,110,3,mixed,46,46,158,0.33,1.1335,0,True,B,meta-llama/Llama-3.1-8B-Instruct,chat,riskneutral,0,0.86522,0.14326,1,,,massA=0.0193 massB=0.124,before,0,0.0
p2,211,7,neutral,0,63,98,0.64,0.9956,0,False,A,meta-llama/Llama-3.1-8B-Instruct,chat,riskneutral,0,0.4149,0.00652,1,,,massA=0.00271 massB=0.00381,before,0,0.0
p2,1022,34,neutral,0,52,96,0.63,1.1631,1,True,B,meta-llama/Llama-3.1-8B-Instruct,chat,riskneutral,0,0.9679,0.04241,1,,,massA=0.00136 massB=0.0411,before,0,0.0
p2,40,1,gain,0,58,116,0.66,1.32,0,True,B,meta-llama/Llama-3.1-8B-Instruct,chat,riskneutral,0,0.81048,0.06721,1,,,massA=0.0127 massB=0.0545,before,0,0.0
p2,484,16,neutral,0,139,234,0.6,1.0101,2,True,B,meta-llama/Llama-3.1-8B-Instruct,chat,riskneutral,0,0.83114,0.02587,1,,,massA=0.00437 massB=0.0215,before,0,0.0
p2,748,24,mixed,168,168,214,0.76,0.9681,4,True,B,meta-llama/Llama-3.1-8B-Instruct,chat,riskneutral,0,0.95915,0.00358,1,,,massA=0.000146 massB=0.00343,before,0,0.0
p2,835,27,mixed,166,166,433,0.53,1.3825,2,False,A,meta-llama/Llama-3.1-8B-Instruct,chat,riskneutral,0,0.73716,0.00037,1,,,massA=0.000274 massB=9.76e-05,before,0,0.0
p2,263,8,mixed,62,62,263,0.33,1.3998,1,False,A,meta-llama/Llama-3.1-8B-Instruct,chat,riskneutral,0,0.56985,0.00088,1,,,massA=0.000502 massB=0.000379,before,0,0.0
p2,969,32,neutral,0,131,236,0.57,1.0269,4,False,A,meta-llama/Llama-3.1-8B-Instruct,chat,riskneutral,0,0.64958,1e-05,1,,,massA=4.23e-06 massB=2.28e-06,before,0,0.0
p2,77,2,gain,0,162,661,0.26,1.0609,3,False,A,meta-llama/Llama-3.1-8B-Instruct,chat,riskneutral,0,0.76348,0.00156,1,,,massA=0.00119 massB=0.000369,before,0,0.0
p2,1189,39,gain,0,178,567,0.32,1.0193,4,False,A,meta-llama/Llama-3.1-8B-Instruct,chat,riskneutral,0,0.39981,6e-05,1,,,massA=2.38e-05 massB=3.57e-05,before,0,0.0
p2,986,32,mixed,131,131,236,0.57,1.0269,3,True,B,meta-llama/Llama-3.1-8B-Instruct,chat,riskneutral,0,0.71859,0.00797,1,,,massA=0.00224 massB=0.00573,before,0,0.0
p2,1137,37,mixed,151,151,252,0.68,1.1348,3,False,A,meta-llama/Llama-3.1-8B-Instruct,chat,riskneutral,0,0.86883,0.00076,1,,,massA=0.000661 massB=9.99e-05,before,0,0.0
p2,1278,39,dominant,0,178,205,1.0,1.1517,4,True,B,meta-llama/Llama-3.1-8B-Instruct,chat,riskneutral,0,0.64064,0.01218,1,,,massA=0.00438 massB=0.0078,before,0,0.0
p2,871,29,neutral,0,79,81,0.83,0.851,0,False,A,meta-llama/Llama-3.1-8B-Instruct,chat,riskneutral,0,0.39981,0.01033,1,,,massA=0.00413 massB=0.0062,before,0,0.0
p2,708,23,gain,0,91,626,0.23,1.5822,4,True,B,meta-llama/Llama-3.1-8B-Instruct,chat,riskneutral,0,0.92414,0.00028,1,,,massA=2.13e-05 massB=0.000259,before,0,0.0
p2,1115,37,neutral,0,151,252,0.68,1.1348,2,False,A,meta-llama/Llama-3.1-8B-Instruct,chat,riskneutral,0,0.81989,0.00139,1,,,massA=0.00114 massB=0.000251,before,0,0.0
p2,1032,34,gain,0,52,96,0.63,1.1631,1,True,B,meta-llama/Llama-3.1-8B-Instruct,chat,riskneutral,0,0.95915,0.02584,1,,,massA=0.00106 massB=0.0248,before,0,0.0
p2,435,14,gain,0,81,201,0.68,1.6874,2,False,A,meta-llama/Llama-3.1-8B-Instruct,chat,riskneutral,0,0.58889,0.00053,1,,,massA=0.00031 massB=0.000217,before,0,0.0
p2,671,22,gain,0,81,163,0.72,1.4489,0,False,A,meta-llama/Llama-3.1-8B-Instruct,chat,riskneutral,0,0.33459,0.00495,1,,,massA=0.00166 massB=0.00329,before,0,0.0
p2,506,16,mixed,139,139,234,0.6,1.0101,3,True,B,meta-llama/Llama-3.1-8B-Instruct,chat,riskneutral,0,0.69596,0.00532,1,,,massA=0.00162 massB=0.0037,before,0,0.0
p2,120,4,neutral,0,29,71,0.55,1.3466,0,True,B,meta-llama/Llama-3.1-8B-Instruct,chat,riskneutral,0,0.83973,0.082,1,,,massA=0.0131 massB=0.0689,before,0,0.0
p2,1261,30,dominant,0,149,187,1.0,1.255,3,False,A,meta-llama/Llama-3.1-8B-Instruct,chat,riskneutral,0,0.74909,0.6063,0,,,massA=0.454 massB=0.152,before,0,0.0
p2,58,1,mixed,58,58,116,0.66,1.32,4,True,B,meta-llama/Llama-3.1-8B-Instruct,chat,riskneutral,0,0.94335,0.00741,1,,,massA=0.00042 massB=0.00699,before,0,0.0
p2,734,24,gain,0,168,214,0.76,0.9681,2,True,B,meta-llama/Llama-3.1-8B-Instruct,chat,riskneutral,0,0.76629,0.00288,1,,,massA=0.000673 massB=0.00221,before,0,0.0
p2,521,17,gain,0,117,362,0.42,1.2995,0,False,A,meta-llama/Llama-3.1-8B-Instruct,chat,riskneutral,0,0.33112,0.00892,1,,,massA=0.00295 massB=0.00597,before,0,0.0
p2,345,11,gain,0,54,68,0.81,1.02,2,False,A,meta-llama/Llama-3.1-8B-Instruct,chat,riskneutral,0,0.5775,0.00033,1,,,massA=0.00019 massB=0.000139,before,0,0.0
p2,49,1,gain,0,58,116,0.66,1.32,4,False,A,meta-llama/Llama-3.1-8B-Instruct,chat,riskneutral,0,0.48438,4e-05,1,,,massA=2.14e-05 massB=2.28e-05,before,0,0.0
p2,1124,37,gain,0,151,252,0.68,1.1348,2,True,B,meta-llama/Llama-3.1-8B-Instruct,chat,riskneutral,0,0.80563,0.00415,1,,,massA=0.000806 massB=0.00334,before,0,0.0
p2,525,17,gain,0,117,362,0.42,1.2995,2,False,A,meta-llama/Llama-3.1-8B-Instruct,chat,riskneutral,0,0.56985,0.00048,1,,,massA=0.000276 massB=0.000208,before,0,0.0
p2,1235,17,dominant,0,117,129,1.0,1.1026,4,False,A,meta-llama/Llama-3.1-8B-Instruct,chat,riskneutral,0,0.84183,0.00521,1,,,massA=0.00438 massB=0.000824,before,0,0.0
p2,1208,4,dominant,0,29,56,1.0,1.931,1,True,B,meta-llama/Llama-3.1-8B-Instruct,chat,riskneutral,0,0.9263,0.77267,0,,,massA=0.0569 massB=0.716,before,0,0.0
p2,618,20,gain,0,186,266,0.63,0.901,4,True,B,meta-llama/Llama-3.1-8B-Instruct,chat,riskneutral,0,0.91964,0.00039,1,,,massA=3.14e-05 massB=0.00036,before,0,0.0
p2,1275,37,dominant,0,151,193,1.0,1.2781,2,False,A,meta-llama/Llama-3.1-8B-Instruct,chat,riskneutral,0,0.7773,0.05633,1,,,massA=0.0438 massB=0.0125,before,0,0.0
p2,694,23,neutral,0,91,626,0.23,1.5822,2,True,B,meta-llama/Llama-3.1-8B-Instruct,chat,riskneutral,0,0.77999,0.01661,1,,,massA=0.00365 massB=0.013,before,0,0.0
p2,1013,33,mixed,142,142,446,0.53,1.6646,1,False,A,meta-llama/Llama-3.1-8B-Instruct,chat,riskneutral,0,0.51952,0.00113,1,,,massA=0.000589 massB=0.000544,before,0,0.0
p2,356,11,mixed,54,54,68,0.81,1.02,3,True,B,meta-llama/Llama-3.1-8B-Instruct,chat,riskneutral,0,0.64064,0.00603,1,,,massA=0.00217 massB=0.00386,before,0,0.0
p2,539,17,mixed,117,117,362,0.42,1.2995,4,False,A,meta-llama/Llama-3.1-8B-Instruct,chat,riskneutral,0,0.64423,0.00011,1,,,massA=6.92e-05 massB=3.82e-05,before,0,0.0
p2,1260,30,dominant,0,149,187,1.0,1.255,1,True,B,meta-llama/Llama-3.1-8B-Instruct,chat,riskneutral,0,0.9458,0.88375,0,,,massA=0.0479 massB=0.836,before,0,0.0
p2,121,4,neutral,0,29,71,0.55,1.3466,0,False,A,meta-llama/Llama-3.1-8B-Instruct,chat,riskneutral,0,0.38122,0.0159,1,,,massA=0.00606 massB=0.00984,before,0,0.0
p2,663,22,neutral,0,81,163,0.72,1.4489,1,False,A,meta-llama/Llama-3.1-8B-Instruct,chat,riskneutral,0,0.29421,0.00938,1,,,massA=0.00276 massB=0.00662,before,0,0.0
p2,1079,35,mixed,91,91,133,0.68,0.9938,4,False,A,meta-llama/Llama-3.1-8B-Instruct,chat,riskneutral,0,0.66541,7e-05,1,,,massA=4.67e-05 massB=2.35e-05,before,0,0.0
p2,269,8,mixed,62,62,263,0.33,1.3998,4,False,A,meta-llama/Llama-3.1-8B-Instruct,chat,riskneutral,0,0.73716,0.00013,1,,,massA=9.31e-05 massB=3.32e-05,before,0,0.0
p2,10,0,gain,0,186,984,0.26,1.3755,0,True,B,meta-llama/Llama-3.1-8B-Instruct,chat,riskneutral,0,0.83973,0.06961,1,,,massA=0.0112 massB=0.0585,before,0,0.0
p2,115,3,mixed,46,46,158,0.33,1.1335,2,False,A,meta-llama/Llama-3.1-8B-Instruct,chat,riskneutral,0,0.75201,0.00019,1,,,massA=0.000139 massB=4.6e-05,before,0,0.0
p2,143,4,mixed,29,29,71,0.55,1.3466,1,False,A,meta-llama/Llama-3.1-8B-Instruct,chat,riskneutral,0,0.61509,0.00071,1,,,massA=0.000434 massB=0.000271,before,0,0.0
p2,270,9,neutral,0,49,153,0.26,0.8118,0,True,B,meta-llama/Llama-3.1-8B-Instruct,chat,riskneutral,0,0.79819,0.05797,1,,,massA=0.0117 massB=0.0463,before,0,0.0
p2,255,8,gain,0,62,263,0.33,1.3998,2,False,A,meta-llama/Llama-3.1-8B-Instruct,chat,riskneutral,0,0.63341,0.00037,1,,,massA=0.000236 massB=0.000136,before,0,0.0
p2,31,1,neutral,0,58,116,0.66,1.32,0,False,A,meta-llama/Llama-3.1-8B-Instruct,chat,riskneutral,0,0.36297,0.01031,1,,,massA=0.00374 massB=0.00657,before,0,0.0
p2,887,29,gain,0,79,81,0.83,0.851,3,False,A,meta-llama/Llama-3.1-8B-Instruct,chat,riskneutral,0,0.87235,0.00057,1,,,massA=0.000499 massB=7.3e-05,before,0,0.0
p2,608,20,neutral,0,186,266,0.63,0.901,4,True,B,meta-llama/Llama-3.1-8B-Instruct,chat,riskneutral,0,0.9173,0.00017,1,,,massA=1.41e-05 massB=0.000156,before,0,0.0
p2,722,24,neutral,0,168,214,0.76,0.9681,1,True,B,meta-llama/Llama-3.1-8B-Instruct,chat,riskneutral,0,0.97737,0.10699,1,,,massA=0.00242 massB=0.105,before,0,0.0
p2,889,29,gain,0,79,81,0.83,0.851,4,False,A,meta-llama/Llama-3.1-8B-Instruct,chat,riskneutral,0,0.47268,3e-05,1,,,massA=1.34e-05 massB=1.49e-05,before,0,0.0
p2,792,26,gain,0,59,151,0.36,0.9214,1,True,B,meta-llama/Llama-3.1-8B-Instruct,chat,riskneutral,0,0.96691,0.01825,1,,,massA=0.000604 massB=0.0176,before,0,0.0
p2,445,14,mixed,81,81,201,0.68,1.6874,2,False,A,meta-llama/Llama-3.1-8B-Instruct,chat,riskneutral,0,0.74317,0.00019,1,,,massA=0.000142 massB=4.9e-05,before,0,0.0
p2,477,15,mixed,82,82,113,0.74,1.0198,3,False,A,meta-llama/Llama-3.1-8B-Instruct,chat,riskneutral,0,0.90192,0.00082,1,,,massA=0.000744 massB=8.09e-05,before,0,0.0
p2,1166,38,mixed,183,183,609,0.38,1.2646,3,True,B,meta-llama/Llama-3.1-8B-Instruct,chat,riskneutral,0,0.70902,0.00798,1,,,massA=0.00232 massB=0.00566,before,0,0.0
p2,18,0,gain,0,186,984,0.26,1.3755,4,True,B,meta-llama/Llama-3.1-8B-Instruct,chat,riskneutral,0,0.93629,0.00056,1,,,massA=3.6e-05 massB=0.000529,before,0,0.0
p2,195,6,gain,0,94,101,0.71,0.7629,2,False,A,meta-llama/Llama-3.1-8B-Instruct,chat,riskneutral,0,0.5851,0.00048,1,,,massA=0.000281 massB=0.000199,before,0,0.0
p2,890,29,mixed,79,79,81,0.83,0.851,0,True,B,meta-llama/Llama-3.1-8B-Instruct,chat,riskneutral,0,0.89181,0.18975,1,,,massA=0.0205 massB=0.169,before,0,0.0
p2,24,0,mixed,186,186,984,0.26,1.3755,2,True,B,meta-llama/Llama-3.1-8B-Instruct,chat,riskneutral,0,0.82671,0.00693,1,,,massA=0.0012 massB=0.00573,before,0,0.0
p2,1114,37,neutral,0,151,252,0.68,1.1348,2,True,B,meta-llama/Llama-3.1-8B-Instruct,chat,riskneutral,0,0.83762,0.01937,1,,,massA=0.00314 massB=0.0162,before,0,0.0
p2,763,25,gain,0,124,207,0.76,1.2687,1,False,A,meta-llama/Llama-3.1-8B-Instruct,chat,riskneutral,0,0.21734,0.00625,1,,,massA=0.00136 massB=0.00489,before,0,0.0
p2,319,10,gain,0,111,278,0.58,1.4526,4,False,A,meta-llama/Llama-3.1-8B-Instruct,chat,riskneutral,0,0.41111,5e-05,1,,,massA=2.2e-05 massB=3.15e-05,before,0,0.0
p2,166,5,gain,0,162,381,0.46,1.0819,3,True,B,meta-llama/Llama-3.1-8B-Instruct,chat,riskneutral,0,0.60019,0.00364,1,,,massA=0.00145 massB=0.00218,before,0,0.0
p2,788,26,neutral,0,59,151,0.36,0.9214,4,True,B,meta-llama/Llama-3.1-8B-Instruct,chat,riskneutral,0,0.88563,0.00017,1,,,massA=1.99e-05 massB=0.000154,before,0,0.0
p2,82,2,mixed,162,162,661,0.26,1.0609,1,True,B,meta-llama/Llama-3.1-8B-Instruct,chat,riskneutral,0,0.91244,0.02439,1,,,massA=0.00214 massB=0.0223,before,0,0.0
p2,577,19,neutral,0,64,122,0.49,0.9341,3,False,A,meta-llama/Llama-3.1-8B-Instruct,chat,riskneutral,0,0.54674,0.05881,1,,,massA=0.0322 massB=0.0267,before,0,0.0
p2,63,2,neutral,0,162,661,0.26,1.0609,1,False,A,meta-llama/Llama-3.1-8B-Instruct,chat,riskneutral,0,0.27513,0.01796,1,,,massA=0.00494 massB=0.013,before,0,0.0
p2,487,16,neutral,0,139,234,0.6,1.0101,3,False,A,meta-llama/Llama-3.1-8B-Instruct,chat,riskneutral,0,0.66888,0.04204,1,,,massA=0.0281 massB=0.0139,before,0,0.0
p2,609,20,neutral,0,186,266,0.63,0.901,4,False,A,meta-llama/Llama-3.1-8B-Instruct,chat,riskneutral,0,0.63341,1e-05,1,,,massA=3.97e-06 massB=2.3e-06,before,0,0.0
p2,981,32,mixed,131,131,236,0.57,1.0269,0,False,A,meta-llama/Llama-3.1-8B-Instruct,chat,riskneutral,0,0.64423,0.00582,1,,,massA=0.00375 massB=0.00207,before,0,0.0
p2,856,28,gain,0,132,181,0.76,1.0421,3,True,B,meta-llama/Llama-3.1-8B-Instruct,chat,riskneutral,0,0.5,0.00346,1,,,massA=0.00173 massB=0.00173,before,0,0.0
p2,1227,13,dominant,0,72,119,1.0,1.6528,3,False,A,meta-llama/Llama-3.1-8B-Instruct,chat,riskneutral,0,0.80069,0.63684,0,,,massA=0.51 massB=0.127,before,0,0.0
p2,1195,39,mixed,178,178,567,0.32,1.0193,2,False,A,meta-llama/Llama-3.1-8B-Instruct,chat,riskneutral,0,0.69264,0.00025,1,,,massA=0.000172 massB=7.63e-05,before,0,0.0
p2,309,10,neutral,0,111,278,0.58,1.4526,4,False,A,meta-llama/Llama-3.1-8B-Instruct,chat,riskneutral,0,0.59078,1e-05,1,,,massA=4.35e-06 massB=3.01e-06,before,0,0.0
p2,772,25,mixed,124,124,207,0.76,1.2687,1,True,B,meta-llama/Llama-3.1-8B-Instruct,chat,riskneutral,0,0.92414,0.01871,1,,,massA=0.00142 massB=0.0173,before,0,0.0
p2,52,1,mixed,58,58,116,0.66,1.32,1,True,B,meta-llama/Llama-3.1-8B-Instruct,chat,riskneutral,0,0.89029,0.03341,1,,,massA=0.00366 massB=0.0297,before,0,0.0
p2,1097,36,gain,0,98,227,0.47,1.0887,3,False,A,meta-llama/Llama-3.1-8B-Instruct,chat,riskneutral,0,0.7773,0.00138,1,,,massA=0.00107 massB=0.000307,before,0,0.0
p2,39,1,neutral,0,58,116,0.66,1.32,4,False,A,meta-llama/Llama-3.1-8B-Instruct,chat,riskneutral,0,0.69098,1e-05,1,,,massA=7.23e-06 massB=3.23e-06,before,0,0.0
p2,661,22,neutral,0,81,163,0.72,1.4489,0,False,A,meta-llama/Llama-3.1-8B-Instruct,chat,riskneutral,0,0.25983,0.01053,1,,,massA=0.00274 massB=0.00779,before,0,0.0
p2,516,17,neutral,0,117,362,0.42,1.2995,3,True,B,meta-llama/Llama-3.1-8B-Instruct,chat,riskneutral,0,0.81287,0.06083,1,,,massA=0.0114 massB=0.0494,before,0,0.0
p2,432,14,gain,0,81,201,0.68,1.6874,1,True,B,meta-llama/Llama-3.1-8B-Instruct,chat,riskneutral,0,0.98201,0.05747,1,,,massA=0.00103 massB=0.0564,before,0,0.0
p2,1126,37,gain,0,151,252,0.68,1.1348,3,True,B,meta-llama/Llama-3.1-8B-Instruct,chat,riskneutral,0,0.61509,0.00336,1,,,massA=0.00129 massB=0.00207,before,0,0.0
p2,1231,15,dominant,0,82,114,1.0,1.3902,4,False,A,meta-llama/Llama-3.1-8B-Instruct,chat,riskneutral,0,0.81989,0.00385,1,,,massA=0.00316 massB=0.000694,before,0,0.0
p2,845,28,neutral,0,132,181,0.76,1.0421,2,False,A,meta-llama/Llama-3.1-8B-Instruct,chat,riskneutral,0,0.76629,0.00051,1,,,massA=0.000392 massB=0.00012,before,0,0.0
p2,305,10,neutral,0,111,278,0.58,1.4526,2,False,A,meta-llama/Llama-3.1-8B-Instruct,chat,riskneutral,0,0.7773,0.00079,1,,,massA=0.000612 massB=0.000175,before,0,0.0
p2,636,21,neutral,0,106,206,0.73,1.4187,3,True,B,meta-llama/Llama-3.1-8B-Instruct,chat,riskneutral,0,0.83114,0.0772,1,,,massA=0.013 massB=0.0642,before,0,0.0
p2,94,3,neutral,0,46,158,0.33,1.1335,2,True,B,meta-llama/Llama-3.1-8B-Instruct,chat,riskneutral,0,0.73412,0.01814,1,,,massA=0.00482 massB=0.0133,before,0,0.0
p2,1223,11,dominant,0,54,73,1.0,1.3519,3,False,A,meta-llama/Llama-3.1-8B-Instruct,chat,riskneutral,0,0.75779,0.59569,0,,,massA=0.451 massB=0.144,before,0,0.0
p2,1102,36,mixed,98,98,227,0.47,1.0887,1,True,B,meta-llama/Llama-3.1-8B-Instruct,chat,riskneutral,0,0.92523,0.02585,1,,,massA=0.00193 massB=0.0239,before,0,0.0
p2,1095,36,gain,0,98,227,0.47,1.0887,2,False,A,meta-llama/Llama-3.1-8B-Instruct,chat,riskneutral,0,0.57368,0.0007,1,,,massA=0.000403 massB=0.000299,before,0,0.0
p2,137,4,gain,0,29,71,0.55,1.3466,3,False,A,meta-llama/Llama-3.1-8B-Instruct,chat,riskneutral,0,0.86522,0.00129,1,,,massA=0.00112 massB=0.000174,before,0,0.0
p2,393,13,neutral,0,72,88,0.64,0.7822,1,False,A,meta-llama/Llama-3.1-8B-Instruct,chat,riskneutral,0,0.36659,0.00732,1,,,massA=0.00268 massB=0.00464,before,0,0.0
p2,709,23,gain,0,91,626,0.23,1.5822,4,False,A,meta-llama/Llama-3.1-8B-Instruct,chat,riskneutral,0,0.40733,6e-05,1,,,massA=2.59e-05 massB=3.77e-05,before,0,0.0
p2,557,18,gain,0,41,61,0.58,0.8629,3,False,A,meta-llama/Llama-3.1-8B-Instruct,chat,riskneutral,0,0.82894,0.0008,1,,,massA=0.000661 massB=0.000136,before,0,0.0
p2,859,28,gain,0,132,181,0.76,1.0421,4,False,A,meta-llama/Llama-3.1-8B-Instruct,chat,riskneutral,0,0.32424,3e-05,1,,,massA=8.65e-06 massB=1.8e-05,before,0,0.0
p2,1233,16,dominant,0,139,190,1.0,1.3669,2,False,A,meta-llama/Llama-3.1-8B-Instruct,chat,riskneutral,0,0.78531,0.04143,1,,,massA=0.0325 massB=0.00889,before,0,0.0
p2,1254,27,dominant,0,166,204,1.0,1.2289,0,True,B,meta-llama/Llama-3.1-8B-Instruct,chat,riskneutral,0,0.91611,0.83714,0,,,massA=0.0702 massB=0.767,before,0,0.0
p2,941,31,gain,0,51,151,0.29,0.8586,0,False,A,meta-llama/Llama-3.1-8B-Instruct,chat,riskneutral,0,0.32767,0.01455,1,,,massA=0.00477 massB=0.00978,before,0,0.0
p2,92,3,neutral,0,46,158,0.33,1.1335,1,True,B,meta-llama/Llama-3.1-8B-Instruct,chat,riskneutral,0,0.9466,0.07855,1,,,massA=0.00419 massB=0.0744,before,0,0.0
p2,126,4,neutral,0,29,71,0.55,1.3466,3,True,B,meta-llama/Llama-3.1-8B-Instruct,chat,riskneutral,0,0.78793,0.06822,1,,,massA=0.0145 massB=0.0538,before,0,0.0
p2,876,29,neutral,0,79,81,0.83,0.851,3,True,B,meta-llama/Llama-3.1-8B-Instruct,chat,riskneutral,0,0.86522,0.11352,1,,,massA=0.0153 massB=0.0982,before,0,0.0
p2,672,22,gain,0,81,163,0.72,1.4489,1,True,B,meta-llama/Llama-3.1-8B-Instruct,chat,riskneutral,0,0.97667,0.0455,1,,,massA=0.00106 massB=0.0444,before,0,0.0
p2,357,11,mixed,54,54,68,0.81,1.02,3,False,A,meta-llama/Llama-3.1-8B-Instruct,chat,riskneutral,0,0.8808,0.00067,1,,,massA=0.000587 massB=7.94e-05,before,0,0.0
p2,1163,38,mixed,183,183,609,0.38,1.2646,1,False,A,meta-llama/Llama-3.1-8B-Instruct,chat,riskneutral,0,0.48048,0.00086,1,,,massA=0.000415 massB=0.000449,before,0,0.0
p2,1263,31,dominant,0,51,73,1.0,1.4314,0,False,A,meta-llama/Llama-3.1-8B-Instruct,chat,riskneutral,0,0.60393,0.48501,0,,,massA=0.293 massB=0.192,before,0,0.0
p2,1145,38,neutral,0,183,609,0.38,1.2646,2,False,A,meta-llama/Llama-3.1-8B-Instruct,chat,riskneutral,0,0.80807,0.00064,1,,,massA=0.000518 massB=0.000123,before,0,0.0
p2,978,32,gain,0,131,236,0.57,1.0269,4,True,B,meta-llama/Llama-3.1-8B-Instruct,chat,riskneutral,0,0.92304,0.00066,1,,,massA=5.07e-05 massB=0.000609,before,0,0.0
p2,427,14,neutral,0,81,201,0.68,1.6874,3,False,A,meta-llama/Llama-3.1-8B-Instruct,chat,riskneutral,0,0.63341,0.07134,1,,,massA=0.0452 massB=0.0262,before,0,0.0
p2,301,10,neutral,0,111,278,0.58,1.4526,0,False,A,meta-llama/Llama-3.1-8B-Instruct,chat,riskneutral,0,0.27513,0.00883,1,,,massA=0.00243 massB=0.0064,before,0,0.0
p2,1030,34,gain,0,52,96,0.63,1.1631,0,True,B,meta-llama/Llama-3.1-8B-Instruct,chat,riskneutral,0,0.79566,0.05199,1,,,massA=0.0106 massB=0.0414,before,0,0.0
p2,831,27,mixed,166,166,433,0.53,1.3825,0,False,A,meta-llama/Llama-3.1-8B-Instruct,chat,riskneutral,0,0.64064,0.00702,1,,,massA=0.0045 massB=0.00252,before,0,0.0
p2,615,20,gain,0,186,266,0.63,0.901,2,False,A,meta-llama/Llama-3.1-8B-Instruct,chat,riskneutral,0,0.60019,0.0003,1,,,massA=0.000178 massB=0.000118,before,0,0.0
p2,4,0,neutral,0,186,984,0.26,1.3755,2,True,B,meta-llama/Llama-3.1-8B-Instruct,chat,riskneutral,0,0.80317,0.01507,1,,,massA=0.00297 massB=0.0121,before,0,0.0
p2,730,24,gain,0,168,214,0.76,0.9681,0,True,B,meta-llama/Llama-3.1-8B-Instruct,chat,riskneutral,0,0.82219,0.06921,1,,,massA=0.0123 massB=0.0569,before,0,0.0
p2,348,11,gain,0,54,68,0.81,1.02,4,True,B,meta-llama/Llama-3.1-8B-Instruct,chat,riskneutral,0,0.92079,0.00042,1,,,massA=3.3e-05 massB=0.000384,before,0,0.0
p2,1200,0,dominant,0,186,240,1.0,1.2903,0,True,B,meta-llama/Llama-3.1-8B-Instruct,chat,riskneutral,0,0.9149,0.76519,0,,,massA=0.0651 massB=0.7,before,0,0.0
p2,215,7,neutral,0,63,98,0.64,0.9956,2,False,A,meta-llama/Llama-3.1-8B-Instruct,chat,riskneutral,0,0.85777,0.00062,1,,,massA=0.000534 massB=8.86e-05,before,0,0.0
p2,933,31,neutral,0,51,151,0.29,0.8586,1,False,A,meta-llama/Llama-3.1-8B-Instruct,chat,riskneutral,0,0.32082,0.01856,1,,,massA=0.00595 massB=0.0126,before,0,0.0
p2,550,18,gain,0,41,61,0.58,0.8629,0,True,B,meta-llama/Llama-3.1-8B-Instruct,chat,riskneutral,0,0.80317,0.04924,1,,,massA=0.00969 massB=0.0395,before,0,0.0
p2,87,2,mixed,162,162,661,0.26,1.0609,3,False,A,meta-llama/Llama-3.1-8B-Instruct,chat,riskneutral,0,0.85966,0.00085,1,,,massA=0.000733 massB=0.00012,before,0,0.0
p2,733,24,gain,0,168,214,0.76,0.9681,1,False,A,meta-llama/Llama-3.1-8B-Instruct,chat,riskneutral,0,0.19931,0.00782,1,,,massA=0.00156 massB=0.00626,before,0,0.0
p2,1225,12,dominant,0,164,181,1.0,1.1037,0,False,A,meta-llama/Llama-3.1-8B-Instruct,chat,riskneutral,0,0.60019,0.46608,0,,,massA=0.28 massB=0.186,before,0,0.0
p2,526,17,gain,0,117,362,0.42,1.2995,3,True,B,meta-llama/Llama-3.1-8B-Instruct,chat,riskneutral,0,0.56985,0.00399,1,,,massA=0.00171 massB=0.00227,before,0,0.0
p2,307,10,neutral,0,111,278,0.58,1.4526,3,False,A,meta-llama/Llama-3.1-8B-Instruct,chat,riskneutral,0,0.55447,0.05306,1,,,massA=0.0294 massB=0.0236,before,0,0.0
p2,29,0,mixed,186,186,984,0.26,1.3755,4,False,A,meta-llama/Llama-3.1-8B-Instruct,chat,riskneutral,0,0.65135,0.00014,1,,,massA=9.24e-05 massB=4.95e-05,before,0,0.0
p2,1027,34,neutral,0,52,96,0.63,1.1631,3,False,A,meta-llama/Llama-3.1-8B-Instruct,chat,riskneutral,0,0.6478,0.03557,1,,,massA=0.023 massB=0.0125,before,0,0.0
p2,1236,18,dominant,0,41,88,1.0,2.1463,2,True,B,meta-llama/Llama-3.1-8B-Instruct,chat,riskneutral,0,0.67918,0.13527,1,,,massA=0.0434 massB=0.0919,before,0,0.0
p2,294,9,mixed,49,49,153,0.26,0.8118,2,True,B,meta-llama/Llama-3.1-8B-Instruct,chat,riskneutral,0,0.78266,0.00453,1,,,massA=0.000984 massB=0.00354,before,0,0.0
p2,65,2,neutral,0,162,661,0.26,1.0609,2,False,A,meta-llama/Llama-3.1-8B-Instruct,chat,riskneutral,0,0.73412,0.00075,1,,,massA=0.000549 massB=0.000199,before,0,0.0
p2,436,14,gain,0,81,201,0.68,1.6874,3,True,B,meta-llama/Llama-3.1-8B-Instruct,chat,riskneutral,0,0.66888,0.00417,1,,,massA=0.00138 massB=0.00279,before,0,0.0
p2,645,21,gain,0,106,206,0.73,1.4187,2,False,A,meta-llama/Llama-3.1-8B-Instruct,chat,riskneutral,0,0.56602,0.00053,1,,,massA=0.000299 massB=0.000229,before,0,0.0
p2,1008,33,gain,0,142,446,0.53,1.6646,4,True,B,meta-llama/Llama-3.1-8B-Instruct,chat,riskneutral,0,0.9344,0.00077,1,,,massA=5.06e-05 massB=0.000721,before,0,0.0
p2,258,8,gain,0,62,263,0.33,1.3998,4,True,B,meta-llama/Llama-3.1-8B-Instruct,chat,riskneutral,0,0.91368,0.00042,1,,,massA=3.6e-05 massB=0.000381,before,0,0.0
p2,339,11,neutral,0,54,68,0.81,1.02,4,False,A,meta-llama/Llama-3.1-8B-Instruct,chat,riskneutral,0,0.65135,1e-05,1,,,massA=4.49e-06 massB=2.4e-06,before,0,0.0
p2,378,12,gain,0,164,541,0.38,1.2535,4,True,B,meta-llama/Llama-3.1-8B-Instruct,chat,riskneutral,0,0.93343,0.00045,1,,,massA=3.01e-05 massB=0.000422,before,0,0.0
p2,901,30,neutral,0,149,447,0.26,0.78,0,False,A,meta-llama/Llama-3.1-8B-Instruct,chat,riskneutral,0,0.22542,0.02354,1,,,massA=0.00531 massB=0.0182,before,0,0.0
p2,957,31,mixed,51,51,151,0.29,0.8586,3,False,A,meta-llama/Llama-3.1-8B-Instruct,chat,riskneutral,0,0.88404,0.00137,1,,,massA=0.00121 massB=0.000159,before,0,0.0
p2,583,19,gain,0,64,122,0.49,0.9341,1,False,A,meta-llama/Llama-3.1-8B-Instruct,chat,riskneutral,0,0.27826,0.00435,1,,,massA=0.00121 massB=0.00314,before,0,0.0
p2,43,1,gain,0,58,116,0.66,1.32,1,False,A,meta-llama/Llama-3.1-8B-Instruct,chat,riskneutral,0,0.30075,0.00583,1,,,massA=0.00175 massB=0.00408,before,0,0.0
p2,617,20,gain,0,186,266,0.63,0.901,3,False,A,meta-llama/Llama-3.1-8B-Instruct,chat,riskneutral,0,0.79311,0.00067,1,,,massA=0.000534 massB=0.000139,before,0,0.0
p2,1031,34,gain,0,52,96,0.63,1.1631,0,False,A,meta-llama/Llama-3.1-8B-Instruct,chat,riskneutral,0,0.37023,0.00375,1,,,massA=0.00139 massB=0.00236,before,0,0.0
p2,1065,35,gain,0,91,133,0.68,0.9938,2,False,A,meta-llama/Llama-3.1-8B-Instruct,chat,riskneutral,0,0.60766,0.00051,1,,,massA=0.000309 massB=0.0002,before,0,0.0
p2,213,7,neutral,0,63,98,0.64,0.9956,1,False,A,meta-llama/Llama-3.1-8B-Instruct,chat,riskneutral,0,0.4225,0.00718,1,,,massA=0.00303 massB=0.00415,before,0,0.0
p2,326,10,mixed,111,111,278,0.58,1.4526,3,True,B,meta-llama/Llama-3.1-8B-Instruct,chat,riskneutral,0,0.69925,0.00659,1,,,massA=0.00198 massB=0.00461,before,0,0.0
p2,554,18,gain,0,41,61,0.58,0.8629,2,True,B,meta-llama/Llama-3.1-8B-Instruct,chat,riskneutral,0,0.76908,0.00272,1,,,massA=0.000627 massB=0.00209,before,0,0.0
p2,457,15,neutral,0,82,113,0.74,1.0198,3,False,A,meta-llama/Llama-3.1-8B-Instruct,chat,riskneutral,0,0.61509,0.07509,1,,,massA=0.0462 massB=0.0289,before,0,0.0
p2,1157,38,gain,0,183,609,0.38,1.2646,3,False,A,meta-llama/Llama-3.1-8B-Instruct,chat,riskneutral,0,0.75491,0.00171,1,,,massA=0.00129 massB=0.000419,before,0,0.0
p2,585,19,gain,0,64,122,0.49,0.9341,2,False,A,meta-llama/Llama-3.1-8B-Instruct,chat,riskneutral,0,0.59267,0.0003,1,,,massA=0.000175 massB=0.00012,before,0,0.0
p2,1149,38,neutral,0,183,609,0.38,1.2646,4,False,A,meta-llama/Llama-3.1-8B-Instruct,chat,riskneutral,0,0.60766,0.0,1,,,massA=3.01e-06 massB=1.95e-06,before,0,0.0
p2,1154,38,gain,0,183,609,0.38,1.2646,2,True,B,meta-llama/Llama-3.1-8B-Instruct,chat,riskneutral,0,0.80807,0.00289,1,,,massA=0.000555 massB=0.00233,before,0,0.0
p2,483,16,neutral,0,139,234,0.6,1.0101,1,False,A,meta-llama/Llama-3.1-8B-Instruct,chat,riskneutral,0,0.33459,0.01033,1,,,massA=0.00346 massB=0.00688,before,0,0.0
p2,962,32,neutral,0,131,236,0.57,1.0269,1,True,B,meta-llama/Llama-3.1-8B-Instruct,chat,riskneutral,0,0.97935,0.08373,1,,,massA=0.00173 massB=0.082,before,0,0.0
p2,603,20,neutral,0,186,266,0.63,0.901,1,False,A,meta-llama/Llama-3.1-8B-Instruct,chat,riskneutral,0,0.33112,0.01234,1,,,massA=0.00409 massB=0.00825,before,0,0.0
p2,741,24,mixed,168,168,214,0.76,0.9681,0,False,A,meta-llama/Llama-3.1-8B-Instruct,chat,riskneutral,0,0.59267,0.00487,1,,,massA=0.00289 massB=0.00198,before,0,0.0
p2,674,22,gain,0,81,163,0.72,1.4489,2,True,B,meta-llama/Llama-3.1-8B-Instruct,chat,riskneutral,0,0.80069,0.00287,1,,,massA=0.000572 massB=0.0023,before,0,0.0
p2,471,15,mixed,82,82,113,0.74,1.0198,0,False,A,meta-llama/Llama-3.1-8B-Instruct,chat,riskneutral,0,0.65489,0.00562,1,,,massA=0.00368 massB=0.00194,before,0,0.0
p2,1046,34,mixed,52,52,96,0.63,1.1631,3,True,B,meta-llama/Llama-3.1-8B-Instruct,chat,riskneutral,0,0.67576,0.00646,1,,,massA=0.00209 massB=0.00436,before,0,0.0
p2,286,9,gain,0,49,153,0.26,0.8118,3,True,B,meta-llama/Llama-3.1-8B-Instruct,chat,riskneutral,0,0.54286,0.00268,1,,,massA=0.00123 massB=0.00145,before,0,0.0
p2,1207,3,dominant,0,46,58,1.0,1.2609,0,False,A,meta-llama/Llama-3.1-8B-Instruct,chat,riskneutral,0,0.64064,0.48133,0,,,massA=0.308 massB=0.173,before,0,0.0
p2,1139,37,mixed,151,151,252,0.68,1.1348,4,False,A,meta-llama/Llama-3.1-8B-Instruct,chat,riskneutral,0,0.61509,0.00017,1,,,massA=0.000103 massB=6.45e-05,before,0,0.0
p2,1188,39,gain,0,178,567,0.32,1.0193,4,True,B,meta-llama/Llama-3.1-8B-Instruct,chat,riskneutral,0,0.93245,0.00033,1,,,massA=2.26e-05 massB=0.000312,before,0,0.0
p2,1111,37,neutral,0,151,252,0.68,1.1348,0,False,A,meta-llama/Llama-3.1-8B-Instruct,chat,riskneutral,0,0.32082,0.01495,1,,,massA=0.0048 massB=0.0102,before,0,0.0
p2,1151,38,gain,0,183,609,0.38,1.2646,0,False,A,meta-llama/Llama-3.1-8B-Instruct,chat,riskneutral,0,0.29098,0.01067,1,,,massA=0.0031 massB=0.00757,before,0,0.0
p2,1255,27,dominant,0,166,204,1.0,1.2289,2,False,A,meta-llama/Llama-3.1-8B-Instruct,chat,riskneutral,0,0.78266,0.05645,1,,,massA=0.0442 massB=0.0123,before,0,0.0
p2,848,28,neutral,0,132,181,0.76,1.0421,4,True,B,meta-llama/Llama-3.1-8B-Instruct,chat,riskneutral,0,0.90991,0.00032,1,,,massA=2.9e-05 massB=0.000293,before,0,0.0
p2,875,29,neutral,0,79,81,0.83,0.851,2,False,A,meta-llama/Llama-3.1-8B-Instruct,chat,riskneutral,0,0.83548,0.0009,1,,,massA=0.000748 massB=0.000147,before,0,0.0
p2,544,18,neutral,0,41,61,0.58,0.8629,2,True,B,meta-llama/Llama-3.1-8B-Instruct,chat,riskneutral,0,0.83548,0.0143,1,,,massA=0.00235 massB=0.0119,before,0,0.0
p2,584,19,gain,0,64,122,0.49,0.9341,2,True,B,meta-llama/Llama-3.1-8B-Instruct,chat,riskneutral,0,0.70579,0.00143,1,,,massA=0.000421 massB=0.00101,before,0,0.0
p2,0,0,neutral,0,186,984,0.26,1.3755,0,True,B,meta-llama/Llama-3.1-8B-Instruct,chat,riskneutral,0,0.83548,0.06446,1,,,massA=0.0106 massB=0.0539,before,0,0.0
p2,23,0,mixed,186,186,984,0.26,1.3755,1,False,A,meta-llama/Llama-3.1-8B-Instruct,chat,riskneutral,0,0.5,0.0015,1,,,massA=0.000749 massB=0.000749,before,0,0.0
p2,1081,36,neutral,0,98,227,0.47,1.0887,0,False,A,meta-llama/Llama-3.1-8B-Instruct,chat,riskneutral,0,0.27202,0.01276,1,,,massA=0.00347 massB=0.00929,before,0,0.0
p2,1016,33,mixed,142,142,446,0.53,1.6646,3,True,B,meta-llama/Llama-3.1-8B-Instruct,chat,riskneutral,0,0.72174,0.01072,1,,,massA=0.00298 massB=0.00774,before,0,0.0
p2,776,25,mixed,124,124,207,0.76,1.2687,3,True,B,meta-llama/Llama-3.1-8B-Instruct,chat,riskneutral,0,0.67918,0.0072,1,,,massA=0.00231 massB=0.00489,before,0,0.0
p2,1019,33,mixed,142,142,446,0.53,1.6646,4,False,A,meta-llama/Llama-3.1-8B-Instruct,chat,riskneutral,0,0.64064,0.00014,1,,,massA=8.91e-05 massB=5e-05,before,0,0.0
p2,659,21,mixed,106,106,206,0.73,1.4187,4,False,A,meta-llama/Llama-3.1-8B-Instruct,chat,riskneutral,0,0.64423,0.0002,1,,,massA=0.000132 massB=7.29e-05,before,0,0.0
p2,735,24,gain,0,168,214,0.76,0.9681,2,False,A,meta-llama/Llama-3.1-8B-Instruct,chat,riskneutral,0,0.48828,0.00043,1,,,massA=0.000212 massB=0.000222,before,0,0.0
p2,736,24,gain,0,168,214,0.76,0.9681,3,True,B,meta-llama/Llama-3.1-8B-Instruct,chat,riskneutral,0,0.55833,0.00461,1,,,massA=0.00204 massB=0.00257,before,0,0.0
p2,329,10,mixed,111,111,278,0.58,1.4526,4,False,A,meta-llama/Llama-3.1-8B-Instruct,chat,riskneutral,0,0.65135,0.0001,1,,,massA=6.61e-05 massB=3.54e-05,before,0,0.0
p2,786,26,neutral,0,59,151,0.36,0.9214,3,True,B,meta-llama/Llama-3.1-8B-Instruct,chat,riskneutral,0,0.72174,0.0466,1,,,massA=0.013 massB=0.0336,before,0,0.0
p2,743,24,mixed,168,168,214,0.76,0.9681,1,False,A,meta-llama/Llama-3.1-8B-Instruct,chat,riskneutral,0,0.50391,0.001,1,,,massA=0.000502 massB=0.000495,before,0,0.0
p2,548,18,neutral,0,41,61,0.58,0.8629,4,True,B,meta-llama/Llama-3.1-8B-Instruct,chat,riskneutral,0,0.91181,0.00013,1,,,massA=1.14e-05 massB=0.000118,before,0,0.0
p2,81,2,mixed,162,162,661,0.26,1.0609,0,False,A,meta-llama/Llama-3.1-8B-Instruct,chat,riskneutral,0,0.61509,0.00562,1,,,massA=0.00346 massB=0.00216,before,0,0.0
p2,404,13,gain,0,72,88,0.64,0.7822,2,True,B,meta-llama/Llama-3.1-8B-Instruct,chat,riskneutral,0,0.72487,0.00207,1,,,massA=0.00057 massB=0.0015,before,0,0.0
p2,312,10,gain,0,111,278,0.58,1.4526,1,True,B,meta-llama/Llama-3.1-8B-Instruct,chat,riskneutral,0,0.96932,0.05869,1,,,massA=0.0018 massB=0.0569,before,0,0.0
p2,1007,33,gain,0,142,446,0.53,1.6646,3,False,A,meta-llama/Llama-3.1-8B-Instruct,chat,riskneutral,0,0.80069,0.00105,1,,,massA=0.00084 massB=0.000209,before,0,0.0
p2,769,25,gain,0,124,207,0.76,1.2687,4,False,A,meta-llama/Llama-3.1-8B-Instruct,chat,riskneutral,0,0.3522,3e-05,1,,,massA=1.17e-05 massB=2.16e-05,before,0,0.0
p2,1191,39,mixed,178,178,567,0.32,1.0193,0,False,A,meta-llama/Llama-3.1-8B-Instruct,chat,riskneutral,0,0.61878,0.00565,1,,,massA=0.0035 massB=0.00216,before,0,0.0
p2,170,5,mixed,162,162,381,0.46,1.0819,0,True,B,meta-llama/Llama-3.1-8B-Instruct,chat,riskneutral,0,0.91848,0.17352,1,,,massA=0.0141 massB=0.159,before,0,0.0
p2,590,19,mixed,64,64,122,0.49,0.9341,0,True,B,meta-llama/Llama-3.1-8B-Instruct,chat,riskneutral,0,0.86522,0.09253,1,,,massA=0.0125 massB=0.0801,before,0,0.0
p2,481,16,neutral,0,139,234,0.6,1.0101,0,False,A,meta-llama/Llama-3.1-8B-Instruct,chat,riskneutral,0,0.35577,0.00798,1,,,massA=0.00284 massB=0.00514,before,0,0.0
p2,1216,8,dominant,0,62,121,1.0,1.9516,2,True,B,meta-llama/Llama-3.1-8B-Instruct,chat,riskneutral,0,0.69925,0.12921,1,,,massA=0.0389 massB=0.0904,before,0,0.0
p2,438,14,gain,0,81,201,0.68,1.6874,4,True,B,meta-llama/Llama-3.1-8B-Instruct,chat,riskneutral,0,0.94418,0.00074,1,,,massA=4.15e-05 massB=0.000703,before,0,0.0
p2,149,4,mixed,29,29,71,0.55,1.3466,4,False,A,meta-llama/Llama-3.1-8B-Instruct,chat,riskneutral,0,0.73106,0.00011,1,,,massA=8.41e-05 massB=3.09e-05,before,0,0.0
p2,1259,29,dominant,0,79,118,1.0,1.4937,1,False,A,meta-llama/Llama-3.1-8B-Instruct,chat,riskneutral,0,0.60393,0.42997,0,,,massA=0.26 massB=0.17,before,0,0.0
p2,250,8,gain,0,62,263,0.33,1.3998,0,True,B,meta-llama/Llama-3.1-8B-Instruct,chat,riskneutral,0,0.74614,0.04319,1,,,massA=0.011 massB=0.0322,before,0,0.0
p2,366,12,neutral,0,164,541,0.38,1.2535,3,True,B,meta-llama/Llama-3.1-8B-Instruct,chat,riskneutral,0,0.79566,0.08283,1,,,massA=0.0169 massB=0.0659,before,0,0.0
p2,1104,36,mixed,98,98,227,0.47,1.0887,2,True,B,meta-llama/Llama-3.1-8B-Instruct,chat,riskneutral,0,0.81287,0.01271,1,,,massA=0.00238 massB=0.0103,before,0,0.0
p2,958,31,mixed,51,51,151,0.29,0.8586,4,True,B,meta-llama/Llama-3.1-8B-Instruct,chat,riskneutral,0,0.94815,0.0053,1,,,massA=0.000275 massB=0.00503,before,0,0.0
p2,225,7,gain,0,63,98,0.64,0.9956,2,False,A,meta-llama/Llama-3.1-8B-Instruct,chat,riskneutral,0,0.71223,0.00026,1,,,massA=0.000188 massB=7.61e-05,before,0,0.0
p2,1063,35,gain,0,91,133,0.68,0.9938,1,False,A,meta-llama/Llama-3.1-8B-Instruct,chat,riskneutral,0,0.28141,0.00428,1,,,massA=0.0012 massB=0.00307,before,0,0.0
p2,1054,35,neutral,0,91,133,0.68,0.9938,2,True,B,meta-llama/Llama-3.1-8B-Instruct,chat,riskneutral,0,0.84797,0.02576,1,,,massA=0.00392 massB=0.0218,before,0,0.0
p2,551,18,gain,0,41,61,0.58,0.8629,0,False,A,meta-llama/Llama-3.1-8B-Instruct,chat,riskneutral,0,0.37388,0.00611,1,,,massA=0.00228 massB=0.00383,before,0,0.0
p2,706,23,gain,0,91,626,0.23,1.5822,3,True,B,meta-llama/Llama-3.1-8B-Instruct,chat,riskneutral,0,0.57368,0.00357,1,,,massA=0.00152 massB=0.00205,before,0,0.0
p2,1226,13,dominant,0,72,119,1.0,1.6528,4,True,B,meta-llama/Llama-3.1-8B-Instruct,chat,riskneutral,0,0.5813,0.00675,1,,,massA=0.00283 massB=0.00393,before,0,0.0
p2,1238,19,dominant,0,64,91,1.0,1.4219,3,True,B,meta-llama/Llama-3.1-8B-Instruct,chat,riskneutral,0,0.71859,0.49742,0,,,massA=0.14 massB=0.357,before,0,0.0
p2,1024,34,neutral,0,52,96,0.63,1.1631,2,True,B,meta-llama/Llama-3.1-8B-Instruct,chat,riskneutral,0,0.80317,0.01064,1,,,massA=0.00209 massB=0.00855,before,0,0.0
p2,948,31,gain,0,51,151,0.29,0.8586,4,True,B,meta-llama/Llama-3.1-8B-Instruct,chat,riskneutral,0,0.92079,0.00035,1,,,massA=2.76e-05 massB=0.00032,before,0,0.0
p2,180,6,neutral,0,94,101,0.71,0.7629,0,True,B,meta-llama/Llama-3.1-8B-Instruct,chat,riskneutral,0,0.89331,0.11674,1,,,massA=0.0125 massB=0.104,before,0,0.0
p2,1070,35,mixed,91,91,133,0.68,0.9938,0,True,B,meta-llama/Llama-3.1-8B-Instruct,chat,riskneutral,0,0.88563,0.09266,1,,,massA=0.0106 massB=0.0821,before,0,0.0
p2,1123,37,gain,0,151,252,0.68,1.1348,1,False,A,meta-llama/Llama-3.1-8B-Instruct,chat,riskneutral,0,0.27513,0.00621,1,,,massA=0.00171 massB=0.0045,before,0,0.0
p2,668,22,neutral,0,81,163,0.72,1.4489,4,True,B,meta-llama/Llama-3.1-8B-Instruct,chat,riskneutral,0,0.92841,0.00034,1,,,massA=2.45e-05 massB=0.000318,before,0,0.0
p2,1112,37,neutral,0,151,252,0.68,1.1348,1,True,B,meta-llama/Llama-3.1-8B-Instruct,chat,riskneutral,0,0.97069,0.06898,1,,,massA=0.00202 massB=0.067,before,0,0.0
p2,1272,36,dominant,0,98,155,1.0,1.5816,1,True,B,meta-llama/Llama-3.1-8B-Instruct,chat,riskneutral,0,0.92736,0.85316,0,,,massA=0.062 massB=0.791,before,0,0.0
p2,567,18,mixed,41,41,61,0.58,0.8629,3,False,A,meta-llama/Llama-3.1-8B-Instruct,chat,riskneutral,0,0.89331,0.00068,1,,,massA=0.000604 massB=7.21e-05,before,0,0.0
p2,1109,36,mixed,98,98,227,0.47,1.0887,4,False,A,meta-llama/Llama-3.1-8B-Instruct,chat,riskneutral,0,0.6478,9e-05,1,,,massA=5.68e-05 massB=3.09e-05,before,0,0.0
p2,826,27,gain,0,166,433,0.53,1.3825,3,True,B,meta-llama/Llama-3.1-8B-Instruct,chat,riskneutral,0,0.60019,0.00416,1,,,massA=0.00166 massB=0.0025,before,0,0.0
p2,37,1,neutral,0,58,116,0.66,1.32,3,False,A,meta-llama/Llama-3.1-8B-Instruct,chat,riskneutral,0,0.65489,0.04973,1,,,massA=0.0326 massB=0.0172,before,0,0.0
p2,192,6,gain,0,94,101,0.71,0.7629,1,True,B,meta-llama/Llama-3.1-8B-Instruct,chat,riskneutral,0,0.96886,0.0447,1,,,massA=0.00139 massB=0.0433,before,0,0.0
p2,1009,33,gain,0,142,446,0.53,1.6646,4,False,A,meta-llama/Llama-3.1-8B-Instruct,chat,riskneutral,0,0.4225,5e-05,1,,,massA=2.12e-05 massB=2.9e-05,before,0,0.0
p2,1229,14,dominant,0,81,135,1.0,1.6667,1,False,A,meta-llama/Llama-3.1-8B-Instruct,chat,riskneutral,0,0.59643,0.21296,0,,,massA=0.127 massB=0.0859,before,0,0.0
p2,6,0,neutral,0,186,984,0.26,1.3755,3,True,B,meta-llama/Llama-3.1-8B-Instruct,chat,riskneutral,0,0.71542,0.04648,1,,,massA=0.0132 massB=0.0333,before,0,0.0
p2,1183,39,gain,0,178,567,0.32,1.0193,1,False,A,meta-llama/Llama-3.1-8B-Instruct,chat,riskneutral,0,0.25386,0.01209,1,,,massA=0.00307 massB=0.00902,before,0,0.0
p2,61,2,neutral,0,162,661,0.26,1.0609,0,False,A,meta-llama/Llama-3.1-8B-Instruct,chat,riskneutral,0,0.23652,0.01648,1,,,massA=0.0039 massB=0.0126,before,0,0.0
p2,555,18,gain,0,41,61,0.58,0.8629,2,False,A,meta-llama/Llama-3.1-8B-Instruct,chat,riskneutral,0,0.6478,0.0004,1,,,massA=0.000256 massB=0.000139,before,0,0.0
p2,979,32,gain,0,131,236,0.57,1.0269,4,False,A,meta-llama/Llama-3.1-8B-Instruct,chat,riskneutral,0,0.4187,5e-05,1,,,massA=1.9e-05 massB=2.64e-05,before,0,0.0
p2,530,17,mixed,117,117,362,0.42,1.2995,0,True,B,meta-llama/Llama-3.1-8B-Instruct,chat,riskneutral,0,0.9173,0.12568,1,,,massA=0.0104 massB=0.115,before,0,0.0
p2,1091,36,gain,0,98,227,0.47,1.0887,0,False,A,meta-llama/Llama-3.1-8B-Instruct,chat,riskneutral,0,0.30736,0.01441,1,,,massA=0.00443 massB=0.00998,before,0,0.0
p2,414,13,mixed,72,72,88,0.64,0.7822,2,True,B,meta-llama/Llama-3.1-8B-Instruct,chat,riskneutral,0,0.7773,0.00432,1,,,massA=0.000961 massB=0.00336,before,0,0.0
p2,1165,38,mixed,183,183,609,0.38,1.2646,2,False,A,meta-llama/Llama-3.1-8B-Instruct,chat,riskneutral,0,0.72174,0.00021,1,,,massA=0.000149 massB=5.74e-05,before,0,0.0
p2,311,10,gain,0,111,278,0.58,1.4526,0,False,A,meta-llama/Llama-3.1-8B-Instruct,chat,riskneutral,0,0.35936,0.00764,1,,,massA=0.00275 massB=0.0049,before,0,0.0
p2,665,22,neutral,0,81,163,0.72,1.4489,2,False,A,meta-llama/Llama-3.1-8B-Instruct,chat,riskneutral,0,0.75491,0.0004,1,,,massA=0.000305 massB=9.91e-05,before,0,0.0
p2,963,32,neutral,0,131,236,0.57,1.0269,1,False,A,meta-llama/Llama-3.1-8B-Instruct,chat,riskneutral,0,0.30404,0.01171,1,,,massA=0.00356 massB=0.00815,before,0,0.0
p2,396,13,neutral,0,72,88,0.64,0.7822,3,True,B,meta-llama/Llama-3.1-8B-Instruct,chat,riskneutral,0,0.76348,0.04174,1,,,massA=0.00987 massB=0.0319,before,0,0.0
p2,462,15,gain,0,82,113,0.74,1.0198,1,True,B,meta-llama/Llama-3.1-8B-Instruct,chat,riskneutral,0,0.97283,0.05996,1,,,massA=0.00163 massB=0.0583,before,0,0.0
p2,719,23,mixed,91,91,626,0.23,1.5822,4,False,A,meta-llama/Llama-3.1-8B-Instruct,chat,riskneutral,0,0.67576,0.0001,1,,,massA=6.89e-05 massB=3.31e-05,before,0,0.0
p2,219,7,neutral,0,63,98,0.64,0.9956,4,False,A,meta-llama/Llama-3.1-8B-Instruct,chat,riskneutral,0,0.71701,0.0,1,,,massA=3.19e-06 massB=1.26e-06,before,0,0.0
p2,30,1,neutral,0,58,116,0.66,1.32,0,True,B,meta-llama/Llama-3.1-8B-Instruct,chat,riskneutral,0,0.85777,0.0837,1,,,massA=0.0119 massB=0.0718,before,0,0.0
p2,767,25,gain,0,124,207,0.76,1.2687,3,False,A,meta-llama/Llama-3.1-8B-Instruct,chat,riskneutral,0,0.79053,0.00102,1,,,massA=0.000809 massB=0.000214,before,0,0.0
p2,359,11,mixed,54,54,68,0.81,1.02,4,False,A,meta-llama/Llama-3.1-8B-Instruct,chat,riskneutral,0,0.64064,9e-05,1,,,massA=5.45e-05 massB=3.06e-05,before,0,0.0
p2,101,3,gain,0,46,158,0.33,1.1335,0,False,A,meta-llama/Llama-3.1-8B-Instruct,chat,riskneutral,0,0.45714,0.00811,1,,,massA=0.00371 massB=0.0044,before,0,0.0
p2,364,12,neutral,0,164,541,0.38,1.2535,2,True,B,meta-llama/Llama-3.1-8B-Instruct,chat,riskneutral,0,0.83114,0.01741,1,,,massA=0.00294 massB=0.0145,before,0,0.0
p2,558,18,gain,0,41,61,0.58,0.8629,4,True,B,meta-llama/Llama-3.1-8B-Instruct,chat,riskneutral,0,0.92192,0.00051,1,,,massA=3.99e-05 massB=0.000471,before,0,0.0
p2,1096,36,gain,0,98,227,0.47,1.0887,3,True,B,meta-llama/Llama-3.1-8B-Instruct,chat,riskneutral,0,0.61878,0.00487,1,,,massA=0.00186 massB=0.00301,before,0,0.0
p2,502,16,mixed,139,139,234,0.6,1.0101,1,True,B,meta-llama/Llama-3.1-8B-Instruct,chat,riskneutral,0,0.91118,0.01419,1,,,massA=0.00126 massB=0.0129,before,0,0.0
p2,862,28,mixed,132,132,181,0.76,1.0421,1,True,B,meta-llama/Llama-3.1-8B-Instruct,chat,riskneutral,0,0.90053,0.01663,1,,,massA=0.00165 massB=0.015,before,0,0.0
p2,422,14,neutral,0,81,201,0.68,1.6874,1,True,B,meta-llama/Llama-3.1-8B-Instruct,chat,riskneutral,0,0.98201,0.11646,1,,,massA=0.00209 massB=0.114,before,0,0.0
p2,713,23,mixed,91,91,626,0.23,1.5822,1,False,A,meta-llama/Llama-3.1-8B-Instruct,chat,riskneutral,0,0.50391,0.00087,1,,,massA=0.000438 massB=0.000431,before,0,0.0
p2,1058,35,neutral,0,91,133,0.68,0.9938,4,True,B,meta-llama/Llama-3.1-8B-Instruct,chat,riskneutral,0,0.91848,0.0003,1,,,massA=2.48e-05 massB=0.000279,before,0,0.0
p2,840,28,neutral,0,132,181,0.76,1.0421,0,True,B,meta-llama/Llama-3.1-8B-Instruct,chat,riskneutral,0,0.86522,0.0742,1,,,massA=0.01 massB=0.0642,before,0,0.0
p2,648,21,gain,0,106,206,0.73,1.4187,4,True,B,meta-llama/Llama-3.1-8B-Instruct,chat,riskneutral,0,0.92079,0.0006,1,,,massA=4.76e-05 massB=0.000553,before,0,0.0
p2,75,2,gain,0,162,661,0.26,1.0609,2,False,A,meta-llama/Llama-3.1-8B-Instruct,chat,riskneutral,0,0.55447,0.0005,1,,,massA=0.000279 massB=0.000224,before,0,0.0
p2,1176,39,neutral,0,178,567,0.32,1.0193,3,True,B,meta-llama/Llama-3.1-8B-Instruct,chat,riskneutral,0,0.76629,0.06008,1,,,massA=0.014 massB=0.046,before,0,0.0
p2,494,16,gain,0,139,234,0.6,1.0101,2,True,B,meta-llama/Llama-3.1-8B-Instruct,chat,riskneutral,0,0.75779,0.00298,1,,,massA=0.000721 massB=0.00225,before,0,0.0
p2,239,7,mixed,63,63,98,0.64,0.9956,4,False,A,meta-llama/Llama-3.1-8B-Instruct,chat,riskneutral,0,0.71542,0.0001,1,,,massA=7.15e-05 massB=2.84e-05,before,0,0.0
p2,375,12,gain,0,164,541,0.38,1.2535,2,False,A,meta-llama/Llama-3.1-8B-Instruct,chat,riskneutral,0,0.59643,0.00067,1,,,massA=0.0004 massB=0.00027,before,0,0.0
p2,669,22,neutral,0,81,163,0.72,1.4489,4,False,A,meta-llama/Llama-3.1-8B-Instruct,chat,riskneutral,0,0.56218,1e-05,1,,,massA=3.96e-06 massB=3.08e-06,before,0,0.0
p2,935,31,neutral,0,51,151,0.29,0.8586,2,False,A,meta-llama/Llama-3.1-8B-Instruct,chat,riskneutral,0,0.78793,0.00076,1,,,massA=0.000596 massB=0.00016,before,0,0.0
p2,456,15,neutral,0,82,113,0.74,1.0198,3,True,B,meta-llama/Llama-3.1-8B-Instruct,chat,riskneutral,0,0.85777,0.10433,1,,,massA=0.0148 massB=0.0895,before,0,0.0
p2,128,4,neutral,0,29,71,0.55,1.3466,4,True,B,meta-llama/Llama-3.1-8B-Instruct,chat,riskneutral,0,0.90599,0.00027,1,,,massA=2.54e-05 massB=0.000245,before,0,0.0
p2,599,19,mixed,64,64,122,0.49,0.9341,4,False,A,meta-llama/Llama-3.1-8B-Instruct,chat,riskneutral,0,0.71542,0.0001,1,,,massA=6.96e-05 massB=2.77e-05,before,0,0.0
p2,597,19,mixed,64,64,122,0.49,0.9341,3,False,A,meta-llama/Llama-3.1-8B-Instruct,chat,riskneutral,0,0.86613,0.00043,1,,,massA=0.000376 massB=5.81e-05,before,0,0.0
p2,515,17,neutral,0,117,362,0.42,1.2995,2,False,A,meta-llama/Llama-3.1-8B-Instruct,chat,riskneutral,0,0.77999,0.00055,1,,,massA=0.000427 massB=0.00012,before,0,0.0
p2,240,8,neutral,0,62,263,0.33,1.3998,0,True,B,meta-llama/Llama-3.1-8B-Instruct,chat,riskneutral,0,0.80807,0.06816,1,,,massA=0.0131 massB=0.0551,before,0,0.0
p2,2,0,neutral,0,186,984,0.26,1.3755,1,True,B,meta-llama/Llama-3.1-8B-Instruct,chat,riskneutral,0,0.95728,0.0787,1,,,massA=0.00336 massB=0.0753,before,0,0.0
p2,1039,34,gain,0,52,96,0.63,1.1631,4,False,A,meta-llama/Llama-3.1-8B-Instruct,chat,riskneutral,0,0.48828,2e-05,1,,,massA=9.26e-06 massB=9.71e-06,before,0,0.0
p2,930,31,neutral,0,51,151,0.29,0.8586,0,True,B,meta-llama/Llama-3.1-8B-Instruct,chat,riskneutral,0,0.82671,0.06736,1,,,massA=0.0117 massB=0.0557,before,0,0.0
p2,703,23,gain,0,91,626,0.23,1.5822,1,False,A,meta-llama/Llama-3.1-8B-Instruct,chat,riskneutral,0,0.24799,0.01166,1,,,massA=0.00289 massB=0.00877,before,0,0.0
p2,988,32,mixed,131,131,236,0.57,1.0269,4,True,B,meta-llama/Llama-3.1-8B-Instruct,chat,riskneutral,0,0.95791,0.00476,1,,,massA=0.0002 massB=0.00456,before,0,0.0
p2,428,14,neutral,0,81,201,0.68,1.6874,4,True,B,meta-llama/Llama-3.1-8B-Instruct,chat,riskneutral,0,0.92079,0.00021,1,,,massA=1.68e-05 massB=0.000196,before,0,0.0
p2,237,7,mixed,63,63,98,0.64,0.9956,3,False,A,meta-llama/Llama-3.1-8B-Instruct,chat,riskneutral,0,0.90599,0.00073,1,,,massA=0.000664 massB=6.89e-05,before,0,0.0
p2,455,15,neutral,0,82,113,0.74,1.0198,2,False,A,meta-llama/Llama-3.1-8B-Instruct,chat,riskneutral,0,0.80069,0.00091,1,,,massA=0.000731 massB=0.000182,before,0,0.0
p2,158,5,neutral,0,162,381,0.46,1.0819,4,True,B,meta-llama/Llama-3.1-8B-Instruct,chat,riskneutral,0,0.91368,0.00028,1,,,massA=2.42e-05 massB=0.000256,before,0,0.0
p2,1080,36,neutral,0,98,227,0.47,1.0887,0,True,B,meta-llama/Llama-3.1-8B-Instruct,chat,riskneutral,0,0.89331,0.14966,1,,,massA=0.016 massB=0.134,before,0,0.0
p2,759,25,neutral,0,124,207,0.76,1.2687,4,False,A,meta-llama/Llama-3.1-8B-Instruct,chat,riskneutral,0,0.5448,1e-05,1,,,massA=3.44e-06 massB=2.87e-06,before,0,0.0
p2,745,24,mixed,168,168,214,0.76,0.9681,2,False,A,meta-llama/Llama-3.1-8B-Instruct,chat,riskneutral,0,0.66541,0.00025,1,,,massA=0.000167 massB=8.39e-05,before,0,0.0
p2,1113,37,neutral,0,151,252,0.68,1.1348,1,False,A,meta-llama/Llama-3.1-8B-Instruct,chat,riskneutral,0,0.36659,0.01544,1,,,massA=0.00566 massB=0.00978,before,0,0.0
p2,564,18,mixed,41,41,61,0.58,0.8629,2,True,B,meta-llama/Llama-3.1-8B-Instruct,chat,riskneutral,0,0.76629,0.00437,1,,,massA=0.00102 massB=0.00335,before,0,0.0
p2,616,20,gain,0,186,266,0.63,0.901,3,True,B,meta-llama/Llama-3.1-8B-Instruct,chat,riskneutral,0,0.58889,0.00287,1,,,massA=0.00118 massB=0.00169,before,0,0.0
p2,168,5,gain,0,162,381,0.46,1.0819,4,True,B,meta-llama/Llama-3.1-8B-Instruct,chat,riskneutral,0,0.92304,0.00034,1,,,massA=2.59e-05 massB=0.00031,before,0,0.0
p2,771,25,mixed,124,124,207,0.76,1.2687,0,False,A,meta-llama/Llama-3.1-8B-Instruct,chat,riskneutral,0,0.65489,0.0044,1,,,massA=0.00288 massB=0.00152,before,0,0.0
p2,950,31,mixed,51,51,151,0.29,0.8586,0,True,B,meta-llama/Llama-3.1-8B-Instruct,chat,riskneutral,0,0.86883,0.1514,1,,,massA=0.0199 massB=0.132,before,0,0.0
p2,389,12,mixed,164,164,541,0.38,1.2535,4,False,A,meta-llama/Llama-3.1-8B-Instruct,chat,riskneutral,0,0.61878,8e-05,1,,,massA=4.71e-05 massB=2.9e-05,before,0,0.0
p2,834,27,mixed,166,166,433,0.53,1.3825,2,True,B,meta-llama/Llama-3.1-8B-Instruct,chat,riskneutral,0,0.83548,0.01316,1,,,massA=0.00217 massB=0.011,before,0,0.0
p2,800,26,mixed,59,59,151,0.36,0.9214,0,True,B,meta-llama/Llama-3.1-8B-Instruct,chat,riskneutral,0,0.86883,0.10054,1,,,massA=0.0132 massB=0.0873,before,0,0.0
p2,566,18,mixed,41,41,61,0.58,0.8629,3,True,B,meta-llama/Llama-3.1-8B-Instruct,chat,riskneutral,0,0.62612,0.00737,1,,,massA=0.00276 massB=0.00462,before,0,0.0
p2,803,26,mixed,59,59,151,0.36,0.9214,1,False,A,meta-llama/Llama-3.1-8B-Instruct,chat,riskneutral,0,0.50391,0.0006,1,,,massA=0.000303 massB=0.000298,before,0,0.0
p2,1045,34,mixed,52,52,96,0.63,1.1631,2,False,A,meta-llama/Llama-3.1-8B-Instruct,chat,riskneutral,0,0.77458,0.00036,1,,,massA=0.000276 massB=8.02e-05,before,0,0.0
p2,637,21,neutral,0,106,206,0.73,1.4187,3,False,A,meta-llama/Llama-3.1-8B-Instruct,chat,riskneutral,0,0.50781,0.08333,1,,,massA=0.0423 massB=0.041,before,0,0.0
p2,934,31,neutral,0,51,151,0.29,0.8586,2,True,B,meta-llama/Llama-3.1-8B-Instruct,chat,riskneutral,0,0.79566,0.01584,1,,,massA=0.00324 massB=0.0126,before,0,0.0
p2,1267,33,dominant,0,142,179,1.0,1.2606,2,False,A,meta-llama/Llama-3.1-8B-Instruct,chat,riskneutral,0,0.75491,0.07087,1,,,massA=0.0535 massB=0.0174,before,0,0.0
p2,93,3,neutral,0,46,158,0.33,1.1335,1,False,A,meta-llama/Llama-3.1-8B-Instruct,chat,riskneutral,0,0.29747,0.02208,1,,,massA=0.00657 massB=0.0155,before,0,0.0
p2,1240,20,dominant,0,186,229,1.0,1.2312,0,True,B,meta-llama/Llama-3.1-8B-Instruct,chat,riskneutral,0,0.92192,0.85381,0,,,massA=0.0667 massB=0.787,before,0,0.0
p2,97,3,neutral,0,46,158,0.33,1.1335,3,False,A,meta-llama/Llama-3.1-8B-Instruct,chat,riskneutral,0,0.5851,0.07412,1,,,massA=0.0434 massB=0.0308,before,0,0.0
p2,1218,9,dominant,0,49,82,1.0,1.6735,1,True,B,meta-llama/Llama-3.1-8B-Instruct,chat,riskneutral,0,0.93902,0.7871,0,,,massA=0.048 massB=0.739,before,0,0.0
p2,699,23,neutral,0,91,626,0.23,1.5822,4,False,A,meta-llama/Llama-3.1-8B-Instruct,chat,riskneutral,0,0.60019,1e-05,1,,,massA=3.8e-06 massB=2.53e-06,before,0,0.0
p2,864,28,mixed,132,132,181,0.76,1.0421,2,True,B,meta-llama/Llama-3.1-8B-Instruct,chat,riskneutral,0,0.79566,0.00774,1,,,massA=0.00158 massB=0.00615,before,0,0.0
p2,293,9,mixed,49,49,153,0.26,0.8118,1,False,A,meta-llama/Llama-3.1-8B-Instruct,chat,riskneutral,0,0.49609,0.00101,1,,,massA=0.0005 massB=0.000508,before,0,0.0
p2,973,32,gain,0,131,236,0.57,1.0269,1,False,A,meta-llama/Llama-3.1-8B-Instruct,chat,riskneutral,0,0.26284,0.00707,1,,,massA=0.00186 massB=0.00521,before,0,0.0
p2,720,24,neutral,0,168,214,0.76,0.9681,0,True,B,meta-llama/Llama-3.1-8B-Instruct,chat,riskneutral,0,0.89625,0.10045,1,,,massA=0.0104 massB=0.09,before,0,0.0
p2,851,28,gain,0,132,181,0.76,1.0421,0,False,A,meta-llama/Llama-3.1-8B-Instruct,chat,riskneutral,0,0.31743,0.00424,1,,,massA=0.00135 massB=0.0029,before,0,0.0
p2,340,11,gain,0,54,68,0.81,1.02,0,True,B,meta-llama/Llama-3.1-8B-Instruct,chat,riskneutral,0,0.79053,0.04919,1,,,massA=0.0103 massB=0.0389,before,0,0.0
p2,1250,25,dominant,0,124,182,1.0,1.4677,0,True,B,meta-llama/Llama-3.1-8B-Instruct,chat,riskneutral,0,0.90053,0.7711,0,,,massA=0.0767 massB=0.694,before,0,0.0
p2,142,4,mixed,29,29,71,0.55,1.3466,1,True,B,meta-llama/Llama-3.1-8B-Instruct,chat,riskneutral,0,0.90465,0.01679,1,,,massA=0.0016 massB=0.0152,before,0,0.0
p2,421,14,neutral,0,81,201,0.68,1.6874,0,False,A,meta-llama/Llama-3.1-8B-Instruct,chat,riskneutral,0,0.31405,0.01238,1,,,massA=0.00389 massB=0.00849,before,0,0.0
p2,73,2,gain,0,162,661,0.26,1.0609,1,False,A,meta-llama/Llama-3.1-8B-Instruct,chat,riskneutral,0,0.22816,0.01584,1,,,massA=0.00361 massB=0.0122,before,0,0.0
p2,882,29,gain,0,79,81,0.83,0.851,1,True,B,meta-llama/Llama-3.1-8B-Instruct,chat,riskneutral,0,0.96979,0.0682,1,,,massA=0.00206 massB=0.0661,before,0,0.0
p2,532,17,mixed,117,117,362,0.42,1.2995,1,True,B,meta-llama/Llama-3.1-8B-Instruct,chat,riskneutral,0,0.94165,0.02055,1,,,massA=0.0012 massB=0.0194,before,0,0.0
p2,947,31,gain,0,51,151,0.29,0.8586,3,False,A,meta-llama/Llama-3.1-8B-Instruct,chat,riskneutral,0,0.77458,0.00142,1,,,massA=0.0011 massB=0.000321,before,0,0.0
p2,1017,33,mixed,142,142,446,0.53,1.6646,3,False,A,meta-llama/Llama-3.1-8B-Instruct,chat,riskneutral,0,0.87915,0.00102,1,,,massA=0.000897 massB=0.000123,before,0,0.0
p2,324,10,mixed,111,111,278,0.58,1.4526,2,True,B,meta-llama/Llama-3.1-8B-Instruct,chat,riskneutral,0,0.81989,0.00999,1,,,massA=0.0018 massB=0.00819,before,0,0.0
p2,828,27,gain,0,166,433,0.53,1.3825,4,True,B,meta-llama/Llama-3.1-8B-Instruct,chat,riskneutral,0,0.93343,0.00065,1,,,massA=4.3e-05 massB=0.000603,before,0,0.0
p2,760,25,gain,0,124,207,0.76,1.2687,0,True,B,meta-llama/Llama-3.1-8B-Instruct,chat,riskneutral,0,0.79053,0.04945,1,,,massA=0.0104 massB=0.0391,before,0,0.0
p2,355,11,mixed,54,54,68,0.81,1.02,2,False,A,meta-llama/Llama-3.1-8B-Instruct,chat,riskneutral,0,0.70579,0.00028,1,,,massA=0.000198 massB=8.25e-05,before,0,0.0
p2,448,14,mixed,81,81,201,0.68,1.6874,4,True,B,meta-llama/Llama-3.1-8B-Instruct,chat,riskneutral,0,0.96691,0.00442,1,,,massA=0.000146 massB=0.00427,before,0,0.0
p2,299,9,mixed,49,49,153,0.26,0.8118,4,False,A,meta-llama/Llama-3.1-8B-Instruct,chat,riskneutral,0,0.66541,0.00012,1,,,massA=8.2e-05 massB=4.12e-05,before,0,0.0
p2,1279,39,dominant,0,178,205,1.0,1.1517,2,False,A,meta-llama/Llama-3.1-8B-Instruct,chat,riskneutral,0,0.77184,0.07012,1,,,massA=0.0541 massB=0.016,before,0,0.0
p2,520,17,gain,0,117,362,0.42,1.2995,0,True,B,meta-llama/Llama-3.1-8B-Instruct,chat,riskneutral,0,0.82446,0.07217,1,,,massA=0.0127 massB=0.0595,before,0,0.0
p2,123,4,neutral,0,29,71,0.55,1.3466,1,False,A,meta-llama/Llama-3.1-8B-Instruct,chat,riskneutral,0,0.4225,0.01579,1,,,massA=0.00667 massB=0.00912,before,0,0.0
p2,785,26,neutral,0,59,151,0.36,0.9214,2,False,A,meta-llama/Llama-3.1-8B-Instruct,chat,riskneutral,0,0.82219,0.0005,1,,,massA=0.000415 massB=8.97e-05,before,0,0.0
p2,1005,33,gain,0,142,446,0.53,1.6646,2,False,A,meta-llama/Llama-3.1-8B-Instruct,chat,riskneutral,0,0.60393,0.00052,1,,,massA=0.000313 massB=0.000205,before,0,0.0
p2,316,10,gain,0,111,278,0.58,1.4526,3,True,B,meta-llama/Llama-3.1-8B-Instruct,chat,riskneutral,0,0.5851,0.00404,1,,,massA=0.00168 massB=0.00236,before,0,0.0
p2,553,18,gain,0,41,61,0.58,0.8629,1,False,A,meta-llama/Llama-3.1-8B-Instruct,chat,riskneutral,0,0.31405,0.00404,1,,,massA=0.00127 massB=0.00277,before,0,0.0
p2,1146,38,neutral,0,183,609,0.38,1.2646,3,True,B,meta-llama/Llama-3.1-8B-Instruct,chat,riskneutral,0,0.82894,0.08227,1,,,massA=0.0141 massB=0.0682,before,0,0.0
p2,534,17,mixed,117,117,362,0.42,1.2995,2,True,B,meta-llama/Llama-3.1-8B-Instruct,chat,riskneutral,0,0.82446,0.00609,1,,,massA=0.00107 massB=0.00502,before,0,0.0
p2,924,30,mixed,149,149,447,0.26,0.78,2,True,B,meta-llama/Llama-3.1-8B-Instruct,chat,riskneutral,0,0.80807,0.00754,1,,,massA=0.00145 massB=0.00609,before,0,0.0
p2,921,30,mixed,149,149,447,0.26,0.78,0,False,A,meta-llama/Llama-3.1-8B-Instruct,chat,riskneutral,0,0.5851,0.00795,1,,,massA=0.00465 massB=0.0033,before,0,0.0
p2,437,14,gain,0,81,201,0.68,1.6874,3,False,A,meta-llama/Llama-3.1-8B-Instruct,chat,riskneutral,0,0.81523,0.00112,1,,,massA=0.000915 massB=0.000207,before,0,0.0
p2,74,2,gain,0,162,661,0.26,1.0609,2,True,B,meta-llama/Llama-3.1-8B-Instruct,chat,riskneutral,0,0.76065,0.00159,1,,,massA=0.000381 massB=0.00121,before,0,0.0
p2,853,28,gain,0,132,181,0.76,1.0421,1,False,A,meta-llama/Llama-3.1-8B-Instruct,chat,riskneutral,0,0.2227,0.00441,1,,,massA=0.000981 massB=0.00343,before,0,0.0
p2,1199,39,mixed,178,178,567,0.32,1.0193,4,False,A,meta-llama/Llama-3.1-8B-Instruct,chat,riskneutral,0,0.62612,0.0001,1,,,massA=6.43e-05 massB=3.84e-05,before,0,0.0
p2,854,28,gain,0,132,181,0.76,1.0421,2,True,B,meta-llama/Llama-3.1-8B-Instruct,chat,riskneutral,0,0.75491,0.00262,1,,,massA=0.000642 massB=0.00198,before,0,0.0
p2,1107,36,mixed,98,98,227,0.47,1.0887,3,False,A,meta-llama/Llama-3.1-8B-Instruct,chat,riskneutral,0,0.87748,0.00079,1,,,massA=0.000692 massB=9.67e-05,before,0,0.0
p2,304,10,neutral,0,111,278,0.58,1.4526,2,True,B,meta-llama/Llama-3.1-8B-Instruct,chat,riskneutral,0,0.79819,0.02581,1,,,massA=0.00521 massB=0.0206,before,0,0.0
p2,423,14,neutral,0,81,201,0.68,1.6874,1,False,A,meta-llama/Llama-3.1-8B-Instruct,chat,riskneutral,0,0.34865,0.01668,1,,,massA=0.00581 massB=0.0109,before,0,0.0
p2,519,17,neutral,0,117,362,0.42,1.2995,4,False,A,meta-llama/Llama-3.1-8B-Instruct,chat,riskneutral,0,0.56794,1e-05,1,,,massA=3.09e-06 massB=2.35e-06,before,0,0.0
p2,466,15,gain,0,82,113,0.74,1.0198,3,True,B,meta-llama/Llama-3.1-8B-Instruct,chat,riskneutral,0,0.53898,0.0039,1,,,massA=0.0018 massB=0.0021,before,0,0.0
p2,287,9,gain,0,49,153,0.26,0.8118,3,False,A,meta-llama/Llama-3.1-8B-Instruct,chat,riskneutral,0,0.77999,0.00135,1,,,massA=0.00106 massB=0.000298,before,0,0.0
p2,970,32,gain,0,131,236,0.57,1.0269,0,True,B,meta-llama/Llama-3.1-8B-Instruct,chat,riskneutral,0,0.83332,0.07783,1,,,massA=0.013 massB=0.0649,before,0,0.0
p2,968,32,neutral,0,131,236,0.57,1.0269,4,True,B,meta-llama/Llama-3.1-8B-Instruct,chat,riskneutral,0,0.91244,0.00027,1,,,massA=2.37e-05 massB=0.000247,before,0,0.0
p2,705,23,gain,0,91,626,0.23,1.5822,2,False,A,meta-llama/Llama-3.1-8B-Instruct,chat,riskneutral,0,0.60019,0.00059,1,,,massA=0.000352 massB=0.000234,before,0,0.0
p2,1220,10,dominant,0,111,138,1.0,1.2432,3,True,B,meta-llama/Llama-3.1-8B-Instruct,chat,riskneutral,0,0.81287,0.67893,0,,,massA=0.127 massB=0.552,before,0,0.0
p2,374,12,gain,0,164,541,0.38,1.2535,2,True,B,meta-llama/Llama-3.1-8B-Instruct,chat,riskneutral,0,0.77458,0.00208,1,,,massA=0.00047 massB=0.00161,before,0,0.0
p2,139,4,gain,0,29,71,0.55,1.3466,4,False,A,meta-llama/Llama-3.1-8B-Instruct,chat,riskneutral,0,0.51172,5e-05,1,,,massA=2.36e-05 massB=2.25e-05,before,0,0.0
p2,141,4,mixed,29,29,71,0.55,1.3466,0,False,A,meta-llama/Llama-3.1-8B-Instruct,chat,riskneutral,0,0.71223,0.00553,1,,,massA=0.00394 massB=0.00159,before,0,0.0
p2,482,16,neutral,0,139,234,0.6,1.0101,1,True,B,meta-llama/Llama-3.1-8B-Instruct,chat,riskneutral,0,0.96378,0.07184,1,,,massA=0.0026 massB=0.0692,before,0,0.0
p2,1148,38,neutral,0,183,609,0.38,1.2646,4,True,B,meta-llama/Llama-3.1-8B-Instruct,chat,riskneutral,0,0.90053,0.00017,1,,,massA=1.72e-05 massB=0.000155,before,0,0.0
p2,394,13,neutral,0,72,88,0.64,0.7822,2,True,B,meta-llama/Llama-3.1-8B-Instruct,chat,riskneutral,0,0.79311,0.01157,1,,,massA=0.00239 massB=0.00918,before,0,0.0
p2,654,21,mixed,106,106,206,0.73,1.4187,2,True,B,meta-llama/Llama-3.1-8B-Instruct,chat,riskneutral,0,0.79566,0.01062,1,,,massA=0.00217 massB=0.00845,before,0,0.0
p2,38,1,neutral,0,58,116,0.66,1.32,4,True,B,meta-llama/Llama-3.1-8B-Instruct,chat,riskneutral,0,0.90599,0.00026,1,,,massA=2.46e-05 massB=0.000237,before,0,0.0
p2,683,22,mixed,81,81,163,0.72,1.4489,1,False,A,meta-llama/Llama-3.1-8B-Instruct,chat,riskneutral,0,0.57368,0.00099,1,,,massA=0.000569 massB=0.000423,before,0,0.0
p2,902,30,neutral,0,149,447,0.26,0.78,1,True,B,meta-llama/Llama-3.1-8B-Instruct,chat,riskneutral,0,0.95397,0.10026,1,,,massA=0.00462 massB=0.0956,before,0,0.0
p2,44,1,gain,0,58,116,0.66,1.32,2,True,B,meta-llama/Llama-3.1-8B-Instruct,chat,riskneutral,0,0.75491,0.00272,1,,,massA=0.000666 massB=0.00205,before,0,0.0
p2,33,1,neutral,0,58,116,0.66,1.32,1,False,A,meta-llama/Llama-3.1-8B-Instruct,chat,riskneutral,0,0.32424,0.00956,1,,,massA=0.0031 massB=0.00646,before,0,0.0
p2,330,11,neutral,0,54,68,0.81,1.02,0,True,B,meta-llama/Llama-3.1-8B-Instruct,chat,riskneutral,0,0.8808,0.10322,1,,,massA=0.0123 massB=0.0909,before,0,0.0
p2,939,31,neutral,0,51,151,0.29,0.8586,4,False,A,meta-llama/Llama-3.1-8B-Instruct,chat,riskneutral,0,0.63884,1e-05,1,,,massA=6.88e-06 massB=3.89e-06,before,0,0.0
p2,855,28,gain,0,132,181,0.76,1.0421,2,False,A,meta-llama/Llama-3.1-8B-Instruct,chat,riskneutral,0,0.50781,0.00032,1,,,massA=0.000165 massB=0.00016,before,0,0.0
p2,1156,38,gain,0,183,609,0.38,1.2646,3,True,B,meta-llama/Llama-3.1-8B-Instruct,chat,riskneutral,0,0.62612,0.00387,1,,,massA=0.00145 massB=0.00242,before,0,0.0
p2,214,7,neutral,0,63,98,0.64,0.9956,2,True,B,meta-llama/Llama-3.1-8B-Instruct,chat,riskneutral,0,0.81757,0.01574,1,,,massA=0.00287 massB=0.0129,before,0,0.0
p2,377,12,gain,0,164,541,0.38,1.2535,3,False,A,meta-llama/Llama-3.1-8B-Instruct,chat,riskneutral,0,0.76908,0.00141,1,,,massA=0.00109 massB=0.000327,before,0,0.0
p2,545,18,neutral,0,41,61,0.58,0.8629,2,False,A,meta-llama/Llama-3.1-8B-Instruct,chat,riskneutral,0,0.85391,0.00061,1,,,massA=0.000522 massB=8.94e-05,before,0,0.0
p2,1175,39,neutral,0,178,567,0.32,1.0193,2,False,A,meta-llama/Llama-3.1-8B-Instruct,chat,riskneutral,0,0.79311,0.00054,1,,,massA=0.000432 massB=0.000113,before,0,0.0
p2,262,8,mixed,62,62,263,0.33,1.3998,1,True,B,meta-llama/Llama-3.1-8B-Instruct,chat,riskneutral,0,0.92079,0.01657,1,,,massA=0.00131 massB=0.0153,before,0,0.0
p2,726,24,neutral,0,168,214,0.76,0.9681,3,True,B,meta-llama/Llama-3.1-8B-Instruct,chat,riskneutral,0,0.8439,0.07835,1,,,massA=0.0122 massB=0.0661,before,0,0.0
p2,568,18,mixed,41,41,61,0.58,0.8629,4,True,B,meta-llama/Llama-3.1-8B-Instruct,chat,riskneutral,0,0.94967,0.00387,1,,,massA=0.000195 massB=0.00367,before,0,0.0
p2,321,10,mixed,111,111,278,0.58,1.4526,0,False,A,meta-llama/Llama-3.1-8B-Instruct,chat,riskneutral,0,0.67918,0.00575,1,,,massA=0.00391 massB=0.00185,before,0,0.0
p2,591,19,mixed,64,64,122,0.49,0.9341,0,False,A,meta-llama/Llama-3.1-8B-Instruct,chat,riskneutral,0,0.69264,0.00416,1,,,massA=0.00288 massB=0.00128,before,0,0.0
p2,994,33,neutral,0,142,446,0.53,1.6646,2,True,B,meta-llama/Llama-3.1-8B-Instruct,chat,riskneutral,0,0.85195,0.01873,1,,,massA=0.00277 massB=0.016,before,0,0.0
p2,1041,34,mixed,52,52,96,0.63,1.1631,0,False,A,meta-llama/Llama-3.1-8B-Instruct,chat,riskneutral,0,0.69925,0.00511,1,,,massA=0.00357 massB=0.00154,before,0,0.0
p2,1057,35,neutral,0,91,133,0.68,0.9938,3,False,A,meta-llama/Llama-3.1-8B-Instruct,chat,riskneutral,0,0.63703,0.06355,1,,,massA=0.0405 massB=0.0231,before,0,0.0
p2,701,23,gain,0,91,626,0.23,1.5822,0,False,A,meta-llama/Llama-3.1-8B-Instruct,chat,riskneutral,0,0.32082,0.00879,1,,,massA=0.00282 massB=0.00597,before,0,0.0
p2,390,13,neutral,0,72,88,0.64,0.7822,0,True,B,meta-llama/Llama-3.1-8B-Instruct,chat,riskneutral,0,0.83548,0.06022,1,,,massA=0.00991 massB=0.0503,before,0,0.0
p2,1193,39,mixed,178,178,567,0.32,1.0193,1,False,A,meta-llama/Llama-3.1-8B-Instruct,chat,riskneutral,0,0.5,0.00083,1,,,massA=0.000413 massB=0.000413,before,0,0.0
p2,1023,34,neutral,0,52,96,0.63,1.1631,1,False,A,meta-llama/Llama-3.1-8B-Instruct,chat,riskneutral,0,0.34865,0.00482,1,,,massA=0.00168 massB=0.00314,before,0,0.0
p2,742,24,mixed,168,168,214,0.76,0.9681,1,True,B,meta-llama/Llama-3.1-8B-Instruct,chat,riskneutral,0,0.90192,0.01749,1,,,massA=0.00171 massB=0.0158,before,0,0.0
p2,224,7,gain,0,63,98,0.64,0.9956,2,True,B,meta-llama/Llama-3.1-8B-Instruct,chat,riskneutral,0,0.76065,0.00184,1,,,massA=0.000441 massB=0.0014,before,0,0.0
p2,79,2,gain,0,162,661,0.26,1.0609,4,False,A,meta-llama/Llama-3.1-8B-Instruct,chat,riskneutral,0,0.32767,6e-05,1,,,massA=2.03e-05 massB=4.16e-05,before,0,0.0
p2,746,24,mixed,168,168,214,0.76,0.9681,3,True,B,meta-llama/Llama-3.1-8B-Instruct,chat,riskneutral,0,0.67918,0.0067,1,,,massA=0.00215 massB=0.00455,before,0,0.0
p2,257,8,gain,0,62,263,0.33,1.3998,3,False,A,meta-llama/Llama-3.1-8B-Instruct,chat,riskneutral,0,0.81757,0.00094,1,,,massA=0.000767 massB=0.000171,before,0,0.0
p2,1072,35,mixed,91,91,133,0.68,0.9938,1,True,B,meta-llama/Llama-3.1-8B-Instruct,chat,riskneutral,0,0.91848,0.01354,1,,,massA=0.0011 massB=0.0124,before,0,0.0
p2,14,0,gain,0,186,984,0.26,1.3755,2,True,B,meta-llama/Llama-3.1-8B-Instruct,chat,riskneutral,0,0.76348,0.00254,1,,,massA=0.000601 massB=0.00194,before,0,0.0
p2,241,8,neutral,0,62,263,0.33,1.3998,0,False,A,meta-llama/Llama-3.1-8B-Instruct,chat,riskneutral,0,0.28458,0.01586,1,,,massA=0.00451 massB=0.0113,before,0,0.0
p2,288,9,gain,0,49,153,0.26,0.8118,4,True,B,meta-llama/Llama-3.1-8B-Instruct,chat,riskneutral,0,0.91848,0.00027,1,,,massA=2.19e-05 massB=0.000247,before,0,0.0
p2,387,12,mixed,164,164,541,0.38,1.2535,3,False,A,meta-llama/Llama-3.1-8B-Instruct,chat,riskneutral,0,0.85777,0.00054,1,,,massA=0.000464 massB=7.7e-05,before,0,0.0
p2,410,13,mixed,72,72,88,0.64,0.7822,0,True,B,meta-llama/Llama-3.1-8B-Instruct,chat,riskneutral,0,0.85585,0.09201,1,,,massA=0.0133 massB=0.0787,before,0,0.0
p2,984,32,mixed,131,131,236,0.57,1.0269,2,True,B,meta-llama/Llama-3.1-8B-Instruct,chat,riskneutral,0,0.81523,0.01127,1,,,massA=0.00208 massB=0.00918,before,0,0.0
p2,1053,35,neutral,0,91,133,0.68,0.9938,1,False,A,meta-llama/Llama-3.1-8B-Instruct,chat,riskneutral,0,0.3522,0.01026,1,,,massA=0.00361 massB=0.00665,before,0,0.0
p2,1025,34,neutral,0,52,96,0.63,1.1631,2,False,A,meta-llama/Llama-3.1-8B-Instruct,chat,riskneutral,0,0.81287,0.00033,1,,,massA=0.00027 massB=6.21e-05,before,0,0.0
p2,459,15,neutral,0,82,113,0.74,1.0198,4,False,A,meta-llama/Llama-3.1-8B-Instruct,chat,riskneutral,0,0.64064,1e-05,1,,,massA=7.96e-06 massB=4.46e-06,before,0,0.0
p2,827,27,gain,0,166,433,0.53,1.3825,3,False,A,meta-llama/Llama-3.1-8B-Instruct,chat,riskneutral,0,0.81757,0.00121,1,,,massA=0.000989 massB=0.000221,before,0,0.0
p2,634,21,neutral,0,106,206,0.73,1.4187,2,True,B,meta-llama/Llama-3.1-8B-Instruct,chat,riskneutral,0,0.85777,0.02295,1,,,massA=0.00326 massB=0.0197,before,0,0.0
p2,328,10,mixed,111,111,278,0.58,1.4526,4,True,B,meta-llama/Llama-3.1-8B-Instruct,chat,riskneutral,0,0.96036,0.0035,1,,,massA=0.000139 massB=0.00337,before,0,0.0
p2,144,4,mixed,29,29,71,0.55,1.3466,2,True,B,meta-llama/Llama-3.1-8B-Instruct,chat,riskneutral,0,0.7773,0.00509,1,,,massA=0.00113 massB=0.00396,before,0,0.0
p2,98,3,neutral,0,46,158,0.33,1.1335,4,True,B,meta-llama/Llama-3.1-8B-Instruct,chat,riskneutral,0,0.82219,0.00012,1,,,massA=2.15e-05 massB=9.93e-05,before,0,0.0
p2,596,19,mixed,64,64,122,0.49,0.9341,3,True,B,meta-llama/Llama-3.1-8B-Instruct,chat,riskneutral,0,0.67233,0.00414,1,,,massA=0.00136 massB=0.00278,before,0,0.0
p2,900,30,neutral,0,149,447,0.26,0.78,0,True,B,meta-llama/Llama-3.1-8B-Instruct,chat,riskneutral,0,0.81989,0.08645,1,,,massA=0.0156 massB=0.0709,before,0,0.0
p2,388,12,mixed,164,164,541,0.38,1.2535,4,True,B,meta-llama/Llama-3.1-8B-Instruct,chat,riskneutral,0,0.96432,0.00397,1,,,massA=0.000142 massB=0.00383,before,0,0.0
p2,338,11,neutral,0,54,68,0.81,1.02,4,True,B,meta-llama/Llama-3.1-8B-Instruct,chat,riskneutral,0,0.92079,0.00025,1,,,massA=1.99e-05 massB=0.000231,before,0,0.0
p2,945,31,gain,0,51,151,0.29,0.8586,2,False,A,meta-llama/Llama-3.1-8B-Instruct,chat,riskneutral,0,0.5851,0.00071,1,,,massA=0.000416 massB=0.000295,before,0,0.0
p2,1082,36,neutral,0,98,227,0.47,1.0887,1,True,B,meta-llama/Llama-3.1-8B-Instruct,chat,riskneutral,0,0.98028,0.16748,1,,,massA=0.0033 massB=0.164,before,0,0.0
p2,117,3,mixed,46,46,158,0.33,1.1335,3,False,A,meta-llama/Llama-3.1-8B-Instruct,chat,riskneutral,0,0.89479,0.00103,1,,,massA=0.000922 massB=0.000108,before,0,0.0
p2,323,10,mixed,111,111,278,0.58,1.4526,1,False,A,meta-llama/Llama-3.1-8B-Instruct,chat,riskneutral,0,0.5351,0.00129,1,,,massA=0.000692 massB=0.000601,before,0,0.0
p2,912,30,gain,0,149,447,0.26,0.78,1,True,B,meta-llama/Llama-3.1-8B-Instruct,chat,riskneutral,0,0.96886,0.04332,1,,,massA=0.00135 massB=0.042,before,0,0.0
p2,514,17,neutral,0,117,362,0.42,1.2995,2,True,B,meta-llama/Llama-3.1-8B-Instruct,chat,riskneutral,0,0.83762,0.01376,1,,,massA=0.00223 massB=0.0115,before,0,0.0
p2,949,31,gain,0,51,151,0.29,0.8586,4,False,A,meta-llama/Llama-3.1-8B-Instruct,chat,riskneutral,0,0.34158,8e-05,1,,,massA=2.59e-05 massB=5e-05,before,0,0.0
p2,148,4,mixed,29,29,71,0.55,1.3466,4,True,B,meta-llama/Llama-3.1-8B-Instruct,chat,riskneutral,0,0.9466,0.00318,1,,,massA=0.00017 massB=0.00301,before,0,0.0
p2,381,12,mixed,164,164,541,0.38,1.2535,0,False,A,meta-llama/Llama-3.1-8B-Instruct,chat,riskneutral,0,0.62612,0.00414,1,,,massA=0.00259 massB=0.00155,before,0,0.0
p2,1074,35,mixed,91,91,133,0.68,0.9938,2,True,B,meta-llama/Llama-3.1-8B-Instruct,chat,riskneutral,0,0.78531,0.00403,1,,,massA=0.000866 massB=0.00317,before,0,0.0
p2,206,6,mixed,94,94,101,0.71,0.7629,3,True,B,meta-llama/Llama-3.1-8B-Instruct,chat,riskneutral,0,0.61509,0.0061,1,,,massA=0.00235 massB=0.00375,before,0,0.0
p2,1169,38,mixed,183,183,609,0.38,1.2646,4,False,A,meta-llama/Llama-3.1-8B-Instruct,chat,riskneutral,0,0.61509,9e-05,1,,,massA=5.35e-05 massB=3.35e-05,before,0,0.0
p2,605,20,neutral,0,186,266,0.63,0.901,2,False,A,meta-llama/Llama-3.1-8B-Instruct,chat,riskneutral,0,0.81048,0.00068,1,,,massA=0.000555 massB=0.00013,before,0,0.0
p2,489,16,neutral,0,139,234,0.6,1.0101,4,False,A,meta-llama/Llama-3.1-8B-Instruct,chat,riskneutral,0,0.61694,0.0,1,,,massA=2.78e-06 massB=1.72e-06,before,0,0.0
p2,50,1,mixed,58,58,116,0.66,1.32,0,True,B,meta-llama/Llama-3.1-8B-Instruct,chat,riskneutral,0,0.85966,0.21499,0,,,massA=0.0302 massB=0.185,before,0,0.0
p2,721,24,neutral,0,168,214,0.76,0.9681,0,False,A,meta-llama/Llama-3.1-8B-Instruct,chat,riskneutral,0,0.25983,0.01372,1,,,massA=0.00356 massB=0.0102,before,0,0.0
p2,252,8,gain,0,62,263,0.33,1.3998,1,True,B,meta-llama/Llama-3.1-8B-Instruct,chat,riskneutral,0,0.96378,0.02867,1,,,massA=0.00104 massB=0.0276,before,0,0.0
p2,400,13,gain,0,72,88,0.64,0.7822,0,True,B,meta-llama/Llama-3.1-8B-Instruct,chat,riskneutral,0,0.76348,0.04634,1,,,massA=0.011 massB=0.0354,before,0,0.0
p2,417,13,mixed,72,72,88,0.64,0.7822,3,False,A,meta-llama/Llama-3.1-8B-Instruct,chat,riskneutral,0,0.89983,0.00068,1,,,massA=0.00061 massB=6.79e-05,before,0,0.0
p2,71,2,gain,0,162,661,0.26,1.0609,0,False,A,meta-llama/Llama-3.1-8B-Instruct,chat,riskneutral,0,0.28458,0.00922,1,,,massA=0.00262 massB=0.0066,before,0,0.0
p2,1064,35,gain,0,91,133,0.68,0.9938,2,True,B,meta-llama/Llama-3.1-8B-Instruct,chat,riskneutral,0,0.78793,0.0033,1,,,massA=0.0007 massB=0.0026,before,0,0.0
p2,32,1,neutral,0,58,116,0.66,1.32,1,True,B,meta-llama/Llama-3.1-8B-Instruct,chat,riskneutral,0,0.96979,0.05277,1,,,massA=0.00159 massB=0.0512,before,0,0.0
p2,247,8,neutral,0,62,263,0.33,1.3998,3,False,A,meta-llama/Llama-3.1-8B-Instruct,chat,riskneutral,0,0.54286,0.0688,1,,,massA=0.0373 massB=0.0315,before,0,0.0
p2,1094,36,gain,0,98,227,0.47,1.0887,2,True,B,meta-llama/Llama-3.1-8B-Instruct,chat,riskneutral,0,0.76629,0.00331,1,,,massA=0.000774 massB=0.00254,before,0,0.0
p2,836,27,mixed,166,166,433,0.53,1.3825,3,True,B,meta-llama/Llama-3.1-8B-Instruct,chat,riskneutral,0,0.74017,0.00949,1,,,massA=0.00247 massB=0.00703,before,0,0.0
p2,817,27,neutral,0,166,433,0.53,1.3825,3,False,A,meta-llama/Llama-3.1-8B-Instruct,chat,riskneutral,0,0.53898,0.07324,1,,,massA=0.0395 massB=0.0338,before,0,0.0
p2,540,18,neutral,0,41,61,0.58,0.8629,0,True,B,meta-llama/Llama-3.1-8B-Instruct,chat,riskneutral,0,0.8706,0.0535,1,,,massA=0.00692 massB=0.0466,before,0,0.0
p2,230,7,mixed,63,63,98,0.64,0.9956,0,True,B,meta-llama/Llama-3.1-8B-Instruct,chat,riskneutral,0,0.86883,0.08505,1,,,massA=0.0112 massB=0.0739,before,0,0.0
p2,960,32,neutral,0,131,236,0.57,1.0269,0,True,B,meta-llama/Llama-3.1-8B-Instruct,chat,riskneutral,0,0.88876,0.09094,1,,,massA=0.0101 massB=0.0808,before,0,0.0
p2,353,11,mixed,54,54,68,0.81,1.02,1,False,A,meta-llama/Llama-3.1-8B-Instruct,chat,riskneutral,0,0.5351,0.00113,1,,,massA=0.000604 massB=0.000525,before,0,0.0
p2,376,12,gain,0,164,541,0.38,1.2535,3,True,B,meta-llama/Llama-3.1-8B-Instruct,chat,riskneutral,0,0.58889,0.00368,1,,,massA=0.00151 massB=0.00217,before,0,0.0
p2,1221,10,dominant,0,111,138,1.0,1.2432,4,False,A,meta-llama/Llama-3.1-8B-Instruct,chat,riskneutral,0,0.82219,0.00362,1,,,massA=0.00298 massB=0.000644,before,0,0.0
p2,349,11,gain,0,54,68,0.81,1.02,4,False,A,meta-llama/Llama-3.1-8B-Instruct,chat,riskneutral,0,0.36659,3e-05,1,,,massA=1.07e-05 massB=1.85e-05,before,0,0.0
p2,103,3,gain,0,46,158,0.33,1.1335,1,False,A,meta-llama/Llama-3.1-8B-Instruct,chat,riskneutral,0,0.29747,0.00883,1,,,massA=0.00263 massB=0.00621,before,0,0.0
p2,474,15,mixed,82,82,113,0.74,1.0198,2,True,B,meta-llama/Llama-3.1-8B-Instruct,chat,riskneutral,0,0.78531,0.00941,1,,,massA=0.00202 massB=0.00739,before,0,0.0
p2,499,16,gain,0,139,234,0.6,1.0101,4,False,A,meta-llama/Llama-3.1-8B-Instruct,chat,riskneutral,0,0.47658,4e-05,1,,,massA=1.82e-05 massB=2e-05,before,0,0.0
p2,333,11,neutral,0,54,68,0.81,1.02,1,False,A,meta-llama/Llama-3.1-8B-Instruct,chat,riskneutral,0,0.37754,0.00976,1,,,massA=0.00368 massB=0.00607,before,0,0.0
p2,1134,37,mixed,151,151,252,0.68,1.1348,2,True,B,meta-llama/Llama-3.1-8B-Instruct,chat,riskneutral,0,0.80069,0.00966,1,,,massA=0.00193 massB=0.00774,before,0,0.0
p2,392,13,neutral,0,72,88,0.64,0.7822,1,True,B,meta-llama/Llama-3.1-8B-Instruct,chat,riskneutral,0,0.96432,0.05553,1,,,massA=0.00198 massB=0.0536,before,0,0.0
p2,67,2,neutral,0,162,661,0.26,1.0609,3,False,A,meta-llama/Llama-3.1-8B-Instruct,chat,riskneutral,0,0.48828,0.06342,1,,,massA=0.031 massB=0.0325,before,0,0.0
p2,265,8,mixed,62,62,263,0.33,1.3998,2,False,A,meta-llama/Llama-3.1-8B-Instruct,chat,riskneutral,0,0.76908,0.00019,1,,,massA=0.000143 massB=4.3e-05,before,0,0.0
p2,235,7,mixed,63,63,98,0.64,0.9956,2,False,A,meta-llama/Llama-3.1-8B-Instruct,chat,riskneutral,0,0.80069,0.00027,1,,,massA=0.000217 massB=5.4e-05,before,0,0.0
p2,998,33,neutral,0,142,446,0.53,1.6646,4,True,B,meta-llama/Llama-3.1-8B-Instruct,chat,riskneutral,0,0.90599,0.0002,1,,,massA=1.86e-05 massB=0.00018,before,0,0.0
p2,802,26,mixed,59,59,151,0.36,0.9214,1,True,B,meta-llama/Llama-3.1-8B-Instruct,chat,riskneutral,0,0.92414,0.01524,1,,,massA=0.00116 massB=0.0141,before,0,0.0
p2,932,31,neutral,0,51,151,0.29,0.8586,1,True,B,meta-llama/Llama-3.1-8B-Instruct,chat,riskneutral,0,0.96378,0.06667,1,,,massA=0.00241 massB=0.0643,before,0,0.0
p2,19,0,gain,0,186,984,0.26,1.3755,4,False,A,meta-llama/Llama-3.1-8B-Instruct,chat,riskneutral,0,0.39234,9e-05,1,,,massA=3.46e-05 massB=5.36e-05,before,0,0.0
p2,209,6,mixed,94,94,101,0.71,0.7629,4,False,A,meta-llama/Llama-3.1-8B-Instruct,chat,riskneutral,0,0.64064,6e-05,1,,,massA=4e-05 massB=2.24e-05,before,0,0.0
p2,997,33,neutral,0,142,446,0.53,1.6646,3,False,A,meta-llama/Llama-3.1-8B-Instruct,chat,riskneutral,0,0.55447,0.06223,1,,,massA=0.0345 massB=0.0277,before,0,0.0
