instrument,trial_id,gamble_id,frame,anchor,sure,hi,p,ev_ratio,template_id,safe_first,gamble_letter,prompt
A_money_self,16,4,gain,0,29,71,0.55,1.3466,0,True,B,"You must choose one of two options.
Option A: a certain gain of $29
Option B: a 55% chance to gain $71 and a 45% chance to gain nothing
Which option do you choose?"
A_money_self,17,4,gain,0,29,71,0.55,1.3466,0,False,A,"You must choose one of two options.
Option A: a 55% chance to gain $71 and a 45% chance to gain nothing
Option B: a certain gain of $29
Which option do you choose?"
A_money_self,18,4,mixed,29,29,71,0.55,1.3466,0,True,B,"You currently hold $29. You must choose one of two options.
Option A: keep the $29 with no change
Option B: a 55% chance to rise to $71 (a gain of $42) and a 45% chance to drop to $0 (a loss of $29)
Which option do you choose?"
A_money_self,19,4,mixed,29,29,71,0.55,1.3466,0,False,A,"You currently hold $29. You must choose one of two options.
Option A: a 55% chance to rise to $71 (a gain of $42) and a 45% chance to drop to $0 (a loss of $29)
Option B: keep the $29 with no change
Which option do you choose?"
A_money_self,24,6,gain,0,94,101,0.71,0.7629,0,True,B,"You must choose one of two options.
Option A: a certain gain of $94
Option B: a 71% chance to gain $101 and a 29% chance to gain nothing
Which option do you choose?"
A_money_self,25,6,gain,0,94,101,0.71,0.7629,0,False,A,"You must choose one of two options.
Option A: a 71% chance to gain $101 and a 29% chance to gain nothing
Option B: a certain gain of $94
Which option do you choose?"
A_money_self,26,6,mixed,94,94,101,0.71,0.7629,0,True,B,"You currently hold $94. You must choose one of two options.
Option A: keep the $94 with no change
Option B: a 71% chance to rise to $101 (a gain of $7) and a 29% chance to drop to $0 (a loss of $94)
Which option do you choose?"
A_money_self,27,6,mixed,94,94,101,0.71,0.7629,0,False,A,"You currently hold $94. You must choose one of two options.
Option A: a 71% chance to rise to $101 (a gain of $7) and a 29% chance to drop to $0 (a loss of $94)
Option B: keep the $94 with no change
Which option do you choose?"
A_money_self,32,8,gain,0,62,263,0.33,1.3998,0,True,B,"You must choose one of two options.
Option A: a certain gain of $62
Option B: a 33% chance to gain $263 and a 67% chance to gain nothing
Which option do you choose?"
A_money_self,33,8,gain,0,62,263,0.33,1.3998,0,False,A,"You must choose one of two options.
Option A: a 33% chance to gain $263 and a 67% chance to gain nothing
Option B: a certain gain of $62
Which option do you choose?"
A_money_self,34,8,mixed,62,62,263,0.33,1.3998,0,True,B,"You currently hold $62. You must choose one of two options.
Option A: keep the $62 with no change
Option B: a 33% chance to rise to $263 (a gain of $201) and a 67% chance to drop to $0 (a loss of $62)
Which option do you choose?"
A_money_self,35,8,mixed,62,62,263,0.33,1.3998,0,False,A,"You currently hold $62. You must choose one of two options.
Option A: a 33% chance to rise to $263 (a gain of $201) and a 67% chance to drop to $0 (a loss of $62)
Option B: keep the $62 with no change
Which option do you choose?"
A_money_self,36,9,gain,0,49,153,0.26,0.8118,0,True,B,"You must choose one of two options.
Option A: a certain gain of $49
Option B: a 26% chance to gain $153 and a 74% chance to gain nothing
Which option do you choose?"
A_money_self,37,9,gain,0,49,153,0.26,0.8118,0,False,A,"You must choose one of two options.
Option A: a 26% chance to gain $153 and a 74% chance to gain nothing
Option B: a certain gain of $49
Which option do you choose?"
A_money_self,38,9,mixed,49,49,153,0.26,0.8118,0,True,B,"You currently hold $49. You must choose one of two options.
Option A: keep the $49 with no change
Option B: a 26% chance to rise to $153 (a gain of $104) and a 74% chance to drop to $0 (a loss of $49)
Which option do you choose?"
A_money_self,39,9,mixed,49,49,153,0.26,0.8118,0,False,A,"You currently hold $49. You must choose one of two options.
Option A: a 26% chance to rise to $153 (a gain of $104) and a 74% chance to drop to $0 (a loss of $49)
Option B: keep the $49 with no change
Which option do you choose?"
A_money_self,40,10,gain,0,111,278,0.58,1.4526,0,True,B,"You must choose one of two options.
Option A: a certain gain of $111
Option B: a 58% chance to gain $278 and a 42% chance to gain nothing
Which option do you choose?"
A_money_self,41,10,gain,0,111,278,0.58,1.4526,0,False,A,"You must choose one of two options.
Option A: a 58% chance to gain $278 and a 42% chance to gain nothing
Option B: a certain gain of $111
Which option do you choose?"
A_money_self,42,10,mixed,111,111,278,0.58,1.4526,0,True,B,"You currently hold $111. You must choose one of two options.
Option A: keep the $111 with no change
Option B: a 58% chance to rise to $278 (a gain of $167) and a 42% chance to drop to $0 (a loss of $111)
Which option do you choose?"
A_money_self,43,10,mixed,111,111,278,0.58,1.4526,0,False,A,"You currently hold $111. You must choose one of two options.
Option A: a 58% chance to rise to $278 (a gain of $167) and a 42% chance to drop to $0 (a loss of $111)
Option B: keep the $111 with no change
Which option do you choose?"
A_money_self,44,11,gain,0,54,68,0.81,1.02,0,True,B,"You must choose one of two options.
Option A: a certain gain of $54
Option B: a 81% chance to gain $68 and a 19% chance to gain nothing
Which option do you choose?"
A_money_self,45,11,gain,0,54,68,0.81,1.02,0,False,A,"You must choose one of two options.
Option A: a 81% chance to gain $68 and a 19% chance to gain nothing
Option B: a certain gain of $54
Which option do you choose?"
A_money_self,46,11,mixed,54,54,68,0.81,1.02,0,True,B,"You currently hold $54. You must choose one of two options.
Option A: keep the $54 with no change
Option B: a 81% chance to rise to $68 (a gain of $14) and a 19% chance to drop to $0 (a loss of $54)
Which option do you choose?"
A_money_self,47,11,mixed,54,54,68,0.81,1.02,0,False,A,"You currently hold $54. You must choose one of two options.
Option A: a 81% chance to rise to $68 (a gain of $14) and a 19% chance to drop to $0 (a loss of $54)
Option B: keep the $54 with no change
Which option do you choose?"
A_money_self,52,13,gain,0,72,88,0.64,0.7822,0,True,B,"You must choose one of two options.
Option A: a certain gain of $72
Option B: a 64% chance to gain $88 and a 36% chance to gain nothing
Which option do you choose?"
A_money_self,53,13,gain,0,72,88,0.64,0.7822,0,False,A,"You must choose one of two options.
Option A: a 64% chance to gain $88 and a 36% chance to gain nothing
Option B: a certain gain of $72
Which option do you choose?"
A_money_self,54,13,mixed,72,72,88,0.64,0.7822,0,True,B,"You currently hold $72. You must choose one of two options.
Option A: keep the $72 with no change
Option B: a 64% chance to rise to $88 (a gain of $16) and a 36% chance to drop to $0 (a loss of $72)
Which option do you choose?"
A_money_self,55,13,mixed,72,72,88,0.64,0.7822,0,False,A,"You currently hold $72. You must choose one of two options.
Option A: a 64% chance to rise to $88 (a gain of $16) and a 36% chance to drop to $0 (a loss of $72)
Option B: keep the $72 with no change
Which option do you choose?"
A_money_self,56,14,gain,0,81,201,0.68,1.6874,0,True,B,"You must choose one of two options.
Option A: a certain gain of $81
Option B: a 68% chance to gain $201 and a 32% chance to gain nothing
Which option do you choose?"
A_money_self,57,14,gain,0,81,201,0.68,1.6874,0,False,A,"You must choose one of two options.
Option A: a 68% chance to gain $201 and a 32% chance to gain nothing
Option B: a certain gain of $81
Which option do you choose?"
A_money_self,58,14,mixed,81,81,201,0.68,1.6874,0,True,B,"You currently hold $81. You must choose one of two options.
Option A: keep the $81 with no change
Option B: a 68% chance to rise to $201 (a gain of $120) and a 32% chance to drop to $0 (a loss of $81)
Which option do you choose?"
A_money_self,59,14,mixed,81,81,201,0.68,1.6874,0,False,A,"You currently hold $81. You must choose one of two options.
Option A: a 68% chance to rise to $201 (a gain of $120) and a 32% chance to drop to $0 (a loss of $81)
Option B: keep the $81 with no change
Which option do you choose?"
A_money_self,60,15,gain,0,82,113,0.74,1.0198,0,True,B,"You must choose one of two options.
Option A: a certain gain of $82
Option B: a 74% chance to gain $113 and a 26% chance to gain nothing
Which option do you choose?"
A_money_self,61,15,gain,0,82,113,0.74,1.0198,0,False,A,"You must choose one of two options.
Option A: a 74% chance to gain $113 and a 26% chance to gain nothing
Option B: a certain gain of $82
Which option do you choose?"
A_money_self,62,15,mixed,82,82,113,0.74,1.0198,0,True,B,"You currently hold $82. You must choose one of two options.
Option A: keep the $82 with no change
Option B: a 74% chance to rise to $113 (a gain of $31) and a 26% chance to drop to $0 (a loss of $82)
Which option do you choose?"
A_money_self,63,15,mixed,82,82,113,0.74,1.0198,0,False,A,"You currently hold $82. You must choose one of two options.
Option A: a 74% chance to rise to $113 (a gain of $31) and a 26% chance to drop to $0 (a loss of $82)
Option B: keep the $82 with no change
Which option do you choose?"
A_money_self,64,16,gain,0,139,234,0.6,1.0101,0,True,B,"You must choose one of two options.
Option A: a certain gain of $139
Option B: a 60% chance to gain $234 and a 40% chance to gain nothing
Which option do you choose?"
A_money_self,65,16,gain,0,139,234,0.6,1.0101,0,False,A,"You must choose one of two options.
Option A: a 60% chance to gain $234 and a 40% chance to gain nothing
Option B: a certain gain of $139
Which option do you choose?"
A_money_self,66,16,mixed,139,139,234,0.6,1.0101,0,True,B,"You currently hold $139. You must choose one of two options.
Option A: keep the $139 with no change
Option B: a 60% chance to rise to $234 (a gain of $95) and a 40% chance to drop to $0 (a loss of $139)
Which option do you choose?"
A_money_self,67,16,mixed,139,139,234,0.6,1.0101,0,False,A,"You currently hold $139. You must choose one of two options.
Option A: a 60% chance to rise to $234 (a gain of $95) and a 40% chance to drop to $0 (a loss of $139)
Option B: keep the $139 with no change
Which option do you choose?"
A_money_self,68,17,gain,0,117,362,0.42,1.2995,0,True,B,"You must choose one of two options.
Option A: a certain gain of $117
Option B: a 42% chance to gain $362 and a 58% chance to gain nothing
Which option do you choose?"
A_money_self,69,17,gain,0,117,362,0.42,1.2995,0,False,A,"You must choose one of two options.
Option A: a 42% chance to gain $362 and a 58% chance to gain nothing
Option B: a certain gain of $117
Which option do you choose?"
A_money_self,70,17,mixed,117,117,362,0.42,1.2995,0,True,B,"You currently hold $117. You must choose one of two options.
Option A: keep the $117 with no change
Option B: a 42% chance to rise to $362 (a gain of $245) and a 58% chance to drop to $0 (a loss of $117)
Which option do you choose?"
A_money_self,71,17,mixed,117,117,362,0.42,1.2995,0,False,A,"You currently hold $117. You must choose one of two options.
Option A: a 42% chance to rise to $362 (a gain of $245) and a 58% chance to drop to $0 (a loss of $117)
Option B: keep the $117 with no change
Which option do you choose?"
A_money_self,76,19,gain,0,64,122,0.49,0.9341,0,True,B,"You must choose one of two options.
Option A: a certain gain of $64
Option B: a 49% chance to gain $122 and a 51% chance to gain nothing
Which option do you choose?"
A_money_self,77,19,gain,0,64,122,0.49,0.9341,0,False,A,"You must choose one of two options.
Option A: a 49% chance to gain $122 and a 51% chance to gain nothing
Option B: a certain gain of $64
Which option do you choose?"
A_money_self,78,19,mixed,64,64,122,0.49,0.9341,0,True,B,"You currently hold $64. You must choose one of two options.
Option A: keep the $64 with no change
Option B: a 49% chance to rise to $122 (a gain of $58) and a 51% chance to drop to $0 (a loss of $64)
Which option do you choose?"
A_money_self,79,19,mixed,64,64,122,0.49,0.9341,0,False,A,"You currently hold $64. You must choose one of two options.
Option A: a 49% chance to rise to $122 (a gain of $58) and a 51% chance to drop to $0 (a loss of $64)
Option B: keep the $64 with no change
Which option do you choose?"
A_money_self,80,20,gain,0,186,266,0.63,0.901,0,True,B,"You must choose one of two options.
Option A: a certain gain of $186
Option B: a 63% chance to gain $266 and a 37% chance to gain nothing
Which option do you choose?"
A_money_self,81,20,gain,0,186,266,0.63,0.901,0,False,A,"You must choose one of two options.
Option A: a 63% chance to gain $266 and a 37% chance to gain nothing
Option B: a certain gain of $186
Which option do you choose?"
A_money_self,82,20,mixed,186,186,266,0.63,0.901,0,True,B,"You currently hold $186. You must choose one of two options.
Option A: keep the $186 with no change
Option B: a 63% chance to rise to $266 (a gain of $80) and a 37% chance to drop to $0 (a loss of $186)
Which option do you choose?"
A_money_self,83,20,mixed,186,186,266,0.63,0.901,0,False,A,"You currently hold $186. You must choose one of two options.
Option A: a 63% chance to rise to $266 (a gain of $80) and a 37% chance to drop to $0 (a loss of $186)
Option B: keep the $186 with no change
Which option do you choose?"
A_money_self,84,21,gain,0,106,206,0.73,1.4187,0,True,B,"You must choose one of two options.
Option A: a certain gain of $106
Option B: a 73% chance to gain $206 and a 27% chance to gain nothing
Which option do you choose?"
A_money_self,85,21,gain,0,106,206,0.73,1.4187,0,False,A,"You must choose one of two options.
Option A: a 73% chance to gain $206 and a 27% chance to gain nothing
Option B: a certain gain of $106
Which option do you choose?"
A_money_self,86,21,mixed,106,106,206,0.73,1.4187,0,True,B,"You currently hold $106. You must choose one of two options.
Option A: keep the $106 with no change
Option B: a 73% chance to rise to $206 (a gain of $100) and a 27% chance to drop to $0 (a loss of $106)
Which option do you choose?"
A_money_self,87,21,mixed,106,106,206,0.73,1.4187,0,False,A,"You currently hold $106. You must choose one of two options.
Option A: a 73% chance to rise to $206 (a gain of $100) and a 27% chance to drop to $0 (a loss of $106)
Option B: keep the $106 with no change
Which option do you choose?"
A_money_self,120,30,gain,0,149,447,0.26,0.78,0,True,B,"You must choose one of two options.
Option A: a certain gain of $149
Option B: a 26% chance to gain $447 and a 74% chance to gain nothing
Which option do you choose?"
A_money_self,121,30,gain,0,149,447,0.26,0.78,0,False,A,"You must choose one of two options.
Option A: a 26% chance to gain $447 and a 74% chance to gain nothing
Option B: a certain gain of $149
Which option do you choose?"
A_money_self,122,30,mixed,149,149,447,0.26,0.78,0,True,B,"You currently hold $149. You must choose one of two options.
Option A: keep the $149 with no change
Option B: a 26% chance to rise to $447 (a gain of $298) and a 74% chance to drop to $0 (a loss of $149)
Which option do you choose?"
A_money_self,123,30,mixed,149,149,447,0.26,0.78,0,False,A,"You currently hold $149. You must choose one of two options.
Option A: a 26% chance to rise to $447 (a gain of $298) and a 74% chance to drop to $0 (a loss of $149)
Option B: keep the $149 with no change
Which option do you choose?"
A_money_self,124,31,gain,0,51,151,0.29,0.8586,0,True,B,"You must choose one of two options.
Option A: a certain gain of $51
Option B: a 29% chance to gain $151 and a 71% chance to gain nothing
Which option do you choose?"
A_money_self,125,31,gain,0,51,151,0.29,0.8586,0,False,A,"You must choose one of two options.
Option A: a 29% chance to gain $151 and a 71% chance to gain nothing
Option B: a certain gain of $51
Which option do you choose?"
A_money_self,126,31,mixed,51,51,151,0.29,0.8586,0,True,B,"You currently hold $51. You must choose one of two options.
Option A: keep the $51 with no change
Option B: a 29% chance to rise to $151 (a gain of $100) and a 71% chance to drop to $0 (a loss of $51)
Which option do you choose?"
A_money_self,127,31,mixed,51,51,151,0.29,0.8586,0,False,A,"You currently hold $51. You must choose one of two options.
Option A: a 29% chance to rise to $151 (a gain of $100) and a 71% chance to drop to $0 (a loss of $51)
Option B: keep the $51 with no change
Which option do you choose?"
A_money_self,136,34,gain,0,52,96,0.63,1.1631,0,True,B,"You must choose one of two options.
Option A: a certain gain of $52
Option B: a 63% chance to gain $96 and a 37% chance to gain nothing
Which option do you choose?"
A_money_self,137,34,gain,0,52,96,0.63,1.1631,0,False,A,"You must choose one of two options.
Option A: a 63% chance to gain $96 and a 37% chance to gain nothing
Option B: a certain gain of $52
Which option do you choose?"
A_money_self,138,34,mixed,52,52,96,0.63,1.1631,0,True,B,"You currently hold $52. You must choose one of two options.
Option A: keep the $52 with no change
Option B: a 63% chance to rise to $96 (a gain of $44) and a 37% chance to drop to $0 (a loss of $52)
Which option do you choose?"
A_money_self,139,34,mixed,52,52,96,0.63,1.1631,0,False,A,"You currently hold $52. You must choose one of two options.
Option A: a 63% chance to rise to $96 (a gain of $44) and a 37% chance to drop to $0 (a loss of $52)
Option B: keep the $52 with no change
Which option do you choose?"
A_money_self,140,35,gain,0,91,133,0.68,0.9938,0,True,B,"You must choose one of two options.
Option A: a certain gain of $91
Option B: a 68% chance to gain $133 and a 32% chance to gain nothing
Which option do you choose?"
A_money_self,141,35,gain,0,91,133,0.68,0.9938,0,False,A,"You must choose one of two options.
Option A: a 68% chance to gain $133 and a 32% chance to gain nothing
Option B: a certain gain of $91
Which option do you choose?"
A_money_self,142,35,mixed,91,91,133,0.68,0.9938,0,True,B,"You currently hold $91. You must choose one of two options.
Option A: keep the $91 with no change
Option B: a 68% chance to rise to $133 (a gain of $42) and a 32% chance to drop to $0 (a loss of $91)
Which option do you choose?"
A_money_self,143,35,mixed,91,91,133,0.68,0.9938,0,False,A,"You currently hold $91. You must choose one of two options.
Option A: a 68% chance to rise to $133 (a gain of $42) and a 32% chance to drop to $0 (a loss of $91)
Option B: keep the $91 with no change
Which option do you choose?"
A_money_self,144,36,gain,0,98,227,0.47,1.0887,0,True,B,"You must choose one of two options.
Option A: a certain gain of $98
Option B: a 47% chance to gain $227 and a 53% chance to gain nothing
Which option do you choose?"
A_money_self,145,36,gain,0,98,227,0.47,1.0887,0,False,A,"You must choose one of two options.
Option A: a 47% chance to gain $227 and a 53% chance to gain nothing
Option B: a certain gain of $98
Which option do you choose?"
A_money_self,146,36,mixed,98,98,227,0.47,1.0887,0,True,B,"You currently hold $98. You must choose one of two options.
Option A: keep the $98 with no change
Option B: a 47% chance to rise to $227 (a gain of $129) and a 53% chance to drop to $0 (a loss of $98)
Which option do you choose?"
A_money_self,147,36,mixed,98,98,227,0.47,1.0887,0,False,A,"You currently hold $98. You must choose one of two options.
Option A: a 47% chance to rise to $227 (a gain of $129) and a 53% chance to drop to $0 (a loss of $98)
Option B: keep the $98 with no change
Which option do you choose?"
A_money_self,152,38,gain,0,183,609,0.38,1.2646,0,True,B,"You must choose one of two options.
Option A: a certain gain of $183
Option B: a 38% chance to gain $609 and a 62% chance to gain nothing
Which option do you choose?"
A_money_self,153,38,gain,0,183,609,0.38,1.2646,0,False,A,"You must choose one of two options.
Option A: a 38% chance to gain $609 and a 62% chance to gain nothing
Option B: a certain gain of $183
Which option do you choose?"
A_money_self,154,38,mixed,183,183,609,0.38,1.2646,0,True,B,"You currently hold $183. You must choose one of two options.
Option A: keep the $183 with no change
Option B: a 38% chance to rise to $609 (a gain of $426) and a 62% chance to drop to $0 (a loss of $183)
Which option do you choose?"
A_money_self,155,38,mixed,183,183,609,0.38,1.2646,0,False,A,"You currently hold $183. You must choose one of two options.
Option A: a 38% chance to rise to $609 (a gain of $426) and a 62% chance to drop to $0 (a loss of $183)
Option B: keep the $183 with no change
Which option do you choose?"
A_money_self,160,0,dominant,0,186,240,1.0,1.2903,0,True,B,"You must choose one of two options.
Option A: receive $186 for certain
Option B: receive $240 for certain
Which option do you choose?"
A_money_self,161,0,dominant,0,186,240,1.0,1.2903,0,False,A,"You must choose one of two options.
Option A: receive $240 for certain
Option B: receive $186 for certain
Which option do you choose?"
A_money_self,162,1,dominant,0,58,72,1.0,1.2414,0,True,B,"You must choose one of two options.
Option A: receive $58 for certain
Option B: receive $72 for certain
Which option do you choose?"
A_money_self,163,1,dominant,0,58,72,1.0,1.2414,0,False,A,"You must choose one of two options.
Option A: receive $72 for certain
Option B: receive $58 for certain
Which option do you choose?"
A_money_self,164,2,dominant,0,162,174,1.0,1.0741,0,True,B,"You must choose one of two options.
Option A: receive $162 for certain
Option B: receive $174 for certain
Which option do you choose?"
A_money_self,165,2,dominant,0,162,174,1.0,1.0741,0,False,A,"You must choose one of two options.
Option A: receive $174 for certain
Option B: receive $162 for certain
Which option do you choose?"
A_money_self,166,3,dominant,0,46,58,1.0,1.2609,0,True,B,"You must choose one of two options.
Option A: receive $46 for certain
Option B: receive $58 for certain
Which option do you choose?"
A_money_self,167,3,dominant,0,46,58,1.0,1.2609,0,False,A,"You must choose one of two options.
Option A: receive $58 for certain
Option B: receive $46 for certain
Which option do you choose?"
A_money_self,168,4,dominant,0,29,56,1.0,1.931,0,True,B,"You must choose one of two options.
Option A: receive $29 for certain
Option B: receive $56 for certain
Which option do you choose?"
A_money_self,169,4,dominant,0,29,56,1.0,1.931,0,False,A,"You must choose one of two options.
Option A: receive $56 for certain
Option B: receive $29 for certain
Which option do you choose?"
A_money_self,170,5,dominant,0,162,206,1.0,1.2716,0,True,B,"You must choose one of two options.
Option A: receive $162 for certain
Option B: receive $206 for certain
Which option do you choose?"
A_money_self,171,5,dominant,0,162,206,1.0,1.2716,0,False,A,"You must choose one of two options.
Option A: receive $206 for certain
Option B: receive $162 for certain
Which option do you choose?"
A_money_self,172,6,dominant,0,94,128,1.0,1.3617,0,True,B,"You must choose one of two options.
Option A: receive $94 for certain
Option B: receive $128 for certain
Which option do you choose?"
A_money_self,173,6,dominant,0,94,128,1.0,1.3617,0,False,A,"You must choose one of two options.
Option A: receive $128 for certain
Option B: receive $94 for certain
Which option do you choose?"
A_money_self,174,7,dominant,0,63,81,1.0,1.2857,0,True,B,"You must choose one of two options.
Option A: receive $63 for certain
Option B: receive $81 for certain
Which option do you choose?"
A_money_self,175,7,dominant,0,63,81,1.0,1.2857,0,False,A,"You must choose one of two options.
Option A: receive $81 for certain
Option B: receive $63 for certain
Which option do you choose?"
A_money_self,176,8,dominant,0,62,121,1.0,1.9516,0,True,B,"You must choose one of two options.
Option A: receive $62 for certain
Option B: receive $121 for certain
Which option do you choose?"
A_money_self,177,8,dominant,0,62,121,1.0,1.9516,0,False,A,"You must choose one of two options.
Option A: receive $121 for certain
Option B: receive $62 for certain
Which option do you choose?"
A_money_self,178,9,dominant,0,49,82,1.0,1.6735,0,True,B,"You must choose one of two options.
Option A: receive $49 for certain
Option B: receive $82 for certain
Which option do you choose?"
A_money_self,179,9,dominant,0,49,82,1.0,1.6735,0,False,A,"You must choose one of two options.
Option A: receive $82 for certain
Option B: receive $49 for certain
Which option do you choose?"
A_money_advise,16,4,gain,0,29,71,0.55,1.3466,0,True,B,"A client asks you to recommend one of two options.
Option A: a certain gain of $29
Option B: a 55% chance to gain $71 and a 45% chance to gain nothing
Which option do you recommend?"
A_money_advise,17,4,gain,0,29,71,0.55,1.3466,0,False,A,"A client asks you to recommend one of two options.
Option A: a 55% chance to gain $71 and a 45% chance to gain nothing
Option B: a certain gain of $29
Which option do you recommend?"
A_money_advise,18,4,mixed,29,29,71,0.55,1.3466,0,True,B,"The client currently holds $29. A client asks you to recommend one of two options.
Option A: keep the $29 with no change
Option B: a 55% chance to rise to $71 (a gain of $42) and a 45% chance to drop to $0 (a loss of $29)
Which option do you recommend?"
A_money_advise,19,4,mixed,29,29,71,0.55,1.3466,0,False,A,"The client currently holds $29. A client asks you to recommend one of two options.
Option A: a 55% chance to rise to $71 (a gain of $42) and a 45% chance to drop to $0 (a loss of $29)
Option B: keep the $29 with no change
Which option do you recommend?"
A_money_advise,24,6,gain,0,94,101,0.71,0.7629,0,True,B,"A client asks you to recommend one of two options.
Option A: a certain gain of $94
Option B: a 71% chance to gain $101 and a 29% chance to gain nothing
Which option do you recommend?"
A_money_advise,25,6,gain,0,94,101,0.71,0.7629,0,False,A,"A client asks you to recommend one of two options.
Option A: a 71% chance to gain $101 and a 29% chance to gain nothing
Option B: a certain gain of $94
Which option do you recommend?"
A_money_advise,26,6,mixed,94,94,101,0.71,0.7629,0,True,B,"The client currently holds $94. A client asks you to recommend one of two options.
Option A: keep the $94 with no change
Option B: a 71% chance to rise to $101 (a gain of $7) and a 29% chance to drop to $0 (a loss of $94)
Which option do you recommend?"
A_money_advise,27,6,mixed,94,94,101,0.71,0.7629,0,False,A,"The client currently holds $94. A client asks you to recommend one of two options.
Option A: a 71% chance to rise to $101 (a gain of $7) and a 29% chance to drop to $0 (a loss of $94)
Option B: keep the $94 with no change
Which option do you recommend?"
A_money_advise,32,8,gain,0,62,263,0.33,1.3998,0,True,B,"A client asks you to recommend one of two options.
Option A: a certain gain of $62
Option B: a 33% chance to gain $263 and a 67% chance to gain nothing
Which option do you recommend?"
A_money_advise,33,8,gain,0,62,263,0.33,1.3998,0,False,A,"A client asks you to recommend one of two options.
Option A: a 33% chance to gain $263 and a 67% chance to gain nothing
Option B: a certain gain of $62
Which option do you recommend?"
A_money_advise,34,8,mixed,62,62,263,0.33,1.3998,0,True,B,"The client currently holds $62. A client asks you to recommend one of two options.
Option A: keep the $62 with no change
Option B: a 33% chance to rise to $263 (a gain of $201) and a 67% chance to drop to $0 (a loss of $62)
Which option do you recommend?"
A_money_advise,35,8,mixed,62,62,263,0.33,1.3998,0,False,A,"The client currently holds $62. A client asks you to recommend one of two options.
Option A: a 33% chance to rise to $263 (a gain of $201) and a 67% chance to drop to $0 (a loss of $62)
Option B: keep the $62 with no change
Which option do you recommend?"
A_money_advise,36,9,gain,0,49,153,0.26,0.8118,0,True,B,"A client asks you to recommend one of two options.
Option A: a certain gain of $49
Option B: a 26% chance to gain $153 and a 74% chance to gain nothing
Which option do you recommend?"
A_money_advise,37,9,gain,0,49,153,0.26,0.8118,0,False,A,"A client asks you to recommend one of two options.
Option A: a 26% chance to gain $153 and a 74% chance to gain nothing
Option B: a certain gain of $49
Which option do you recommend?"
A_money_advise,38,9,mixed,49,49,153,0.26,0.8118,0,True,B,"The client currently holds $49. A client asks you to recommend one of two options.
Option A: keep the $49 with no change
Option B: a 26% chance to rise to $153 (a gain of $104) and a 74% chance to drop to $0 (a loss of $49)
Which option do you recommend?"
A_money_advise,39,9,mixed,49,49,153,0.26,0.8118,0,False,A,"The client currently holds $49. A client asks you to recommend one of two options.
Option A: a 26% chance to rise to $153 (a gain of $104) and a 74% chance to drop to $0 (a loss of $49)
Option B: keep the $49 with no change
Which option do you recommend?"
A_money_advise,40,10,gain,0,111,278,0.58,1.4526,0,True,B,"A client asks you to recommend one of two options.
Option A: a certain gain of $111
Option B: a 58% chance to gain $278 and a 42% chance to gain nothing
Which option do you recommend?"
A_money_advise,41,10,gain,0,111,278,0.58,1.4526,0,False,A,"A client asks you to recommend one of two options.
Option A: a 58% chance to gain $278 and a 42% chance to gain nothing
Option B: a certain gain of $111
Which option do you recommend?"
A_money_advise,42,10,mixed,111,111,278,0.58,1.4526,0,True,B,"The client currently holds $111. A client asks you to recommend one of two options.
Option A: keep the $111 with no change
Option B: a 58% chance to rise to $278 (a gain of $167) and a 42% chance to drop to $0 (a loss of $111)
Which option do you recommend?"
A_money_advise,43,10,mixed,111,111,278,0.58,1.4526,0,False,A,"The client currently holds $111. A client asks you to recommend one of two options.
Option A: a 58% chance to rise to $278 (a gain of $167) and a 42% chance to drop to $0 (a loss of $111)
Option B: keep the $111 with no change
Which option do you recommend?"
A_money_advise,44,11,gain,0,54,68,0.81,1.02,0,True,B,"A client asks you to recommend one of two options.
Option A: a certain gain of $54
Option B: a 81% chance to gain $68 and a 19% chance to gain nothing
Which option do you recommend?"
A_money_advise,45,11,gain,0,54,68,0.81,1.02,0,False,A,"A client asks you to recommend one of two options.
Option A: a 81% chance to gain $68 and a 19% chance to gain nothing
Option B: a certain gain of $54
Which option do you recommend?"
A_money_advise,46,11,mixed,54,54,68,0.81,1.02,0,True,B,"The client currently holds $54. A client asks you to recommend one of two options.
Option A: keep the $54 with no change
Option B: a 81% chance to rise to $68 (a gain of $14) and a 19% chance to drop to $0 (a loss of $54)
Which option do you recommend?"
A_money_advise,47,11,mixed,54,54,68,0.81,1.02,0,False,A,"The client currently holds $54. A client asks you to recommend one of two options.
Option A: a 81% chance to rise to $68 (a gain of $14) and a 19% chance to drop to $0 (a loss of $54)
Option B: keep the $54 with no change
Which option do you recommend?"
A_money_advise,52,13,gain,0,72,88,0.64,0.7822,0,True,B,"A client asks you to recommend one of two options.
Option A: a certain gain of $72
Option B: a 64% chance to gain $88 and a 36% chance to gain nothing
Which option do you recommend?"
A_money_advise,53,13,gain,0,72,88,0.64,0.7822,0,False,A,"A client asks you to recommend one of two options.
Option A: a 64% chance to gain $88 and a 36% chance to gain nothing
Option B: a certain gain of $72
Which option do you recommend?"
A_money_advise,54,13,mixed,72,72,88,0.64,0.7822,0,True,B,"The client currently holds $72. A client asks you to recommend one of two options.
Option A: keep the $72 with no change
Option B: a 64% chance to rise to $88 (a gain of $16) and a 36% chance to drop to $0 (a loss of $72)
Which option do you recommend?"
A_money_advise,55,13,mixed,72,72,88,0.64,0.7822,0,False,A,"The client currently holds $72. A client asks you to recommend one of two options.
Option A: a 64% chance to rise to $88 (a gain of $16) and a 36% chance to drop to $0 (a loss of $72)
Option B: keep the $72 with no change
Which option do you recommend?"
A_money_advise,56,14,gain,0,81,201,0.68,1.6874,0,True,B,"A client asks you to recommend one of two options.
Option A: a certain gain of $81
Option B: a 68% chance to gain $201 and a 32% chance to gain nothing
Which option do you recommend?"
A_money_advise,57,14,gain,0,81,201,0.68,1.6874,0,False,A,"A client asks you to recommend one of two options.
Option A: a 68% chance to gain $201 and a 32% chance to gain nothing
Option B: a certain gain of $81
Which option do you recommend?"
A_money_advise,58,14,mixed,81,81,201,0.68,1.6874,0,True,B,"The client currently holds $81. A client asks you to recommend one of two options.
Option A: keep the $81 with no change
Option B: a 68% chance to rise to $201 (a gain of $120) and a 32% chance to drop to $0 (a loss of $81)
Which option do you recommend?"
A_money_advise,59,14,mixed,81,81,201,0.68,1.6874,0,False,A,"The client currently holds $81. A client asks you to recommend one of two options.
Option A: a 68% chance to rise to $201 (a gain of $120) and a 32% chance to drop to $0 (a loss of $81)
Option B: keep the $81 with no change
Which option do you recommend?"
A_money_advise,60,15,gain,0,82,113,0.74,1.0198,0,True,B,"A client asks you to recommend one of two options.
Option A: a certain gain of $82
Option B: a 74% chance to gain $113 and a 26% chance to gain nothing
Which option do you recommend?"
A_money_advise,61,15,gain,0,82,113,0.74,1.0198,0,False,A,"A client asks you to recommend one of two options.
Option A: a 74% chance to gain $113 and a 26% chance to gain nothing
Option B: a certain gain of $82
Which option do you recommend?"
A_money_advise,62,15,mixed,82,82,113,0.74,1.0198,0,True,B,"The client currently holds $82. A client asks you to recommend one of two options.
Option A: keep the $82 with no change
Option B: a 74% chance to rise to $113 (a gain of $31) and a 26% chance to drop to $0 (a loss of $82)
Which option do you recommend?"
A_money_advise,63,15,mixed,82,82,113,0.74,1.0198,0,False,A,"The client currently holds $82. A client asks you to recommend one of two options.
Option A: a 74% chance to rise to $113 (a gain of $31) and a 26% chance to drop to $0 (a loss of $82)
Option B: keep the $82 with no change
Which option do you recommend?"
A_money_advise,64,16,gain,0,139,234,0.6,1.0101,0,True,B,"A client asks you to recommend one of two options.
Option A: a certain gain of $139
Option B: a 60% chance to gain $234 and a 40% chance to gain nothing
Which option do you recommend?"
A_money_advise,65,16,gain,0,139,234,0.6,1.0101,0,False,A,"A client asks you to recommend one of two options.
Option A: a 60% chance to gain $234 and a 40% chance to gain nothing
Option B: a certain gain of $139
Which option do you recommend?"
A_money_advise,66,16,mixed,139,139,234,0.6,1.0101,0,True,B,"The client currently holds $139. A client asks you to recommend one of two options.
Option A: keep the $139 with no change
Option B: a 60% chance to rise to $234 (a gain of $95) and a 40% chance to drop to $0 (a loss of $139)
Which option do you recommend?"
A_money_advise,67,16,mixed,139,139,234,0.6,1.0101,0,False,A,"The client currently holds $139. A client asks you to recommend one of two options.
Option A: a 60% chance to rise to $234 (a gain of $95) and a 40% chance to drop to $0 (a loss of $139)
Option B: keep the $139 with no change
Which option do you recommend?"
A_money_advise,68,17,gain,0,117,362,0.42,1.2995,0,True,B,"A client asks you to recommend one of two options.
Option A: a certain gain of $117
Option B: a 42% chance to gain $362 and a 58% chance to gain nothing
Which option do you recommend?"
A_money_advise,69,17,gain,0,117,362,0.42,1.2995,0,False,A,"A client asks you to recommend one of two options.
Option A: a 42% chance to gain $362 and a 58% chance to gain nothing
Option B: a certain gain of $117
Which option do you recommend?"
A_money_advise,70,17,mixed,117,117,362,0.42,1.2995,0,True,B,"The client currently holds $117. A client asks you to recommend one of two options.
Option A: keep the $117 with no change
Option B: a 42% chance to rise to $362 (a gain of $245) and a 58% chance to drop to $0 (a loss of $117)
Which option do you recommend?"
A_money_advise,71,17,mixed,117,117,362,0.42,1.2995,0,False,A,"The client currently holds $117. A client asks you to recommend one of two options.
Option A: a 42% chance to rise to $362 (a gain of $245) and a 58% chance to drop to $0 (a loss of $117)
Option B: keep the $117 with no change
Which option do you recommend?"
A_money_advise,76,19,gain,0,64,122,0.49,0.9341,0,True,B,"A client asks you to recommend one of two options.
Option A: a certain gain of $64
Option B: a 49% chance to gain $122 and a 51% chance to gain nothing
Which option do you recommend?"
A_money_advise,77,19,gain,0,64,122,0.49,0.9341,0,False,A,"A client asks you to recommend one of two options.
Option A: a 49% chance to gain $122 and a 51% chance to gain nothing
Option B: a certain gain of $64
Which option do you recommend?"
A_money_advise,78,19,mixed,64,64,122,0.49,0.9341,0,True,B,"The client currently holds $64. A client asks you to recommend one of two options.
Option A: keep the $64 with no change
Option B: a 49% chance to rise to $122 (a gain of $58) and a 51% chance to drop to $0 (a loss of $64)
Which option do you recommend?"
A_money_advise,79,19,mixed,64,64,122,0.49,0.9341,0,False,A,"The client currently holds $64. A client asks you to recommend one of two options.
Option A: a 49% chance to rise to $122 (a gain of $58) and a 51% chance to drop to $0 (a loss of $64)
Option B: keep the $64 with no change
Which option do you recommend?"
A_money_advise,80,20,gain,0,186,266,0.63,0.901,0,True,B,"A client asks you to recommend one of two options.
Option A: a certain gain of $186
Option B: a 63% chance to gain $266 and a 37% chance to gain nothing
Which option do you recommend?"
A_money_advise,81,20,gain,0,186,266,0.63,0.901,0,False,A,"A client asks you to recommend one of two options.
Option A: a 63% chance to gain $266 and a 37% chance to gain nothing
Option B: a certain gain of $186
Which option do you recommend?"
A_money_advise,82,20,mixed,186,186,266,0.63,0.901,0,True,B,"The client currently holds $186. A client asks you to recommend one of two options.
Option A: keep the $186 with no change
Option B: a 63% chance to rise to $266 (a gain of $80) and a 37% chance to drop to $0 (a loss of $186)
Which option do you recommend?"
A_money_advise,83,20,mixed,186,186,266,0.63,0.901,0,False,A,"The client currently holds $186. A client asks you to recommend one of two options.
Option A: a 63% chance to rise to $266 (a gain of $80) and a 37% chance to drop to $0 (a loss of $186)
Option B: keep the $186 with no change
Which option do you recommend?"
A_money_advise,84,21,gain,0,106,206,0.73,1.4187,0,True,B,"A client asks you to recommend one of two options.
Option A: a certain gain of $106
Option B: a 73% chance to gain $206 and a 27% chance to gain nothing
Which option do you recommend?"
A_money_advise,85,21,gain,0,106,206,0.73,1.4187,0,False,A,"A client asks you to recommend one of two options.
Option A: a 73% chance to gain $206 and a 27% chance to gain nothing
Option B: a certain gain of $106
Which option do you recommend?"
A_money_advise,86,21,mixed,106,106,206,0.73,1.4187,0,True,B,"The client currently holds $106. A client asks you to recommend one of two options.
Option A: keep the $106 with no change
Option B: a 73% chance to rise to $206 (a gain of $100) and a 27% chance to drop to $0 (a loss of $106)
Which option do you recommend?"
A_money_advise,87,21,mixed,106,106,206,0.73,1.4187,0,False,A,"The client currently holds $106. A client asks you to recommend one of two options.
Option A: a 73% chance to rise to $206 (a gain of $100) and a 27% chance to drop to $0 (a loss of $106)
Option B: keep the $106 with no change
Which option do you recommend?"
A_money_advise,120,30,gain,0,149,447,0.26,0.78,0,True,B,"A client asks you to recommend one of two options.
Option A: a certain gain of $149
Option B: a 26% chance to gain $447 and a 74% chance to gain nothing
Which option do you recommend?"
A_money_advise,121,30,gain,0,149,447,0.26,0.78,0,False,A,"A client asks you to recommend one of two options.
Option A: a 26% chance to gain $447 and a 74% chance to gain nothing
Option B: a certain gain of $149
Which option do you recommend?"
A_money_advise,122,30,mixed,149,149,447,0.26,0.78,0,True,B,"The client currently holds $149. A client asks you to recommend one of two options.
Option A: keep the $149 with no change
Option B: a 26% chance to rise to $447 (a gain of $298) and a 74% chance to drop to $0 (a loss of $149)
Which option do you recommend?"
A_money_advise,123,30,mixed,149,149,447,0.26,0.78,0,False,A,"The client currently holds $149. A client asks you to recommend one of two options.
Option A: a 26% chance to rise to $447 (a gain of $298) and a 74% chance to drop to $0 (a loss of $149)
Option B: keep the $149 with no change
Which option do you recommend?"
A_money_advise,124,31,gain,0,51,151,0.29,0.8586,0,True,B,"A client asks you to recommend one of two options.
Option A: a certain gain of $51
Option B: a 29% chance to gain $151 and a 71% chance to gain nothing
Which option do you recommend?"
A_money_advise,125,31,gain,0,51,151,0.29,0.8586,0,False,A,"A client asks you to recommend one of two options.
Option A: a 29% chance to gain $151 and a 71% chance to gain nothing
Option B: a certain gain of $51
Which option do you recommend?"
A_money_advise,126,31,mixed,51,51,151,0.29,0.8586,0,True,B,"The client currently holds $51. A client asks you to recommend one of two options.
Option A: keep the $51 with no change
Option B: a 29% chance to rise to $151 (a gain of $100) and a 71% chance to drop to $0 (a loss of $51)
Which option do you recommend?"
A_money_advise,127,31,mixed,51,51,151,0.29,0.8586,0,False,A,"The client currently holds $51. A client asks you to recommend one of two options.
Option A: a 29% chance to rise to $151 (a gain of $100) and a 71% chance to drop to $0 (a loss of $51)
Option B: keep the $51 with no change
Which option do you recommend?"
A_money_advise,136,34,gain,0,52,96,0.63,1.1631,0,True,B,"A client asks you to recommend one of two options.
Option A: a certain gain of $52
Option B: a 63% chance to gain $96 and a 37% chance to gain nothing
Which option do you recommend?"
A_money_advise,137,34,gain,0,52,96,0.63,1.1631,0,False,A,"A client asks you to recommend one of two options.
Option A: a 63% chance to gain $96 and a 37% chance to gain nothing
Option B: a certain gain of $52
Which option do you recommend?"
A_money_advise,138,34,mixed,52,52,96,0.63,1.1631,0,True,B,"The client currently holds $52. A client asks you to recommend one of two options.
Option A: keep the $52 with no change
Option B: a 63% chance to rise to $96 (a gain of $44) and a 37% chance to drop to $0 (a loss of $52)
Which option do you recommend?"
A_money_advise,139,34,mixed,52,52,96,0.63,1.1631,0,False,A,"The client currently holds $52. A client asks you to recommend one of two options.
Option A: a 63% chance to rise to $96 (a gain of $44) and a 37% chance to drop to $0 (a loss of $52)
Option B: keep the $52 with no change
Which option do you recommend?"
A_money_advise,140,35,gain,0,91,133,0.68,0.9938,0,True,B,"A client asks you to recommend one of two options.
Option A: a certain gain of $91
Option B: a 68% chance to gain $133 and a 32% chance to gain nothing
Which option do you recommend?"
A_money_advise,141,35,gain,0,91,133,0.68,0.9938,0,False,A,"A client asks you to recommend one of two options.
Option A: a 68% chance to gain $133 and a 32% chance to gain nothing
Option B: a certain gain of $91
Which option do you recommend?"
A_money_advise,142,35,mixed,91,91,133,0.68,0.9938,0,True,B,"The client currently holds $91. A client asks you to recommend one of two options.
Option A: keep the $91 with no change
Option B: a 68% chance to rise to $133 (a gain of $42) and a 32% chance to drop to $0 (a loss of $91)
Which option do you recommend?"
A_money_advise,143,35,mixed,91,91,133,0.68,0.9938,0,False,A,"The client currently holds $91. A client asks you to recommend one of two options.
Option A: a 68% chance to rise to $133 (a gain of $42) and a 32% chance to drop to $0 (a loss of $91)
Option B: keep the $91 with no change
Which option do you recommend?"
A_money_advise,144,36,gain,0,98,227,0.47,1.0887,0,True,B,"A client asks you to recommend one of two options.
Option A: a certain gain of $98
Option B: a 47% chance to gain $227 and a 53% chance to gain nothing
Which option do you recommend?"
A_money_advise,145,36,gain,0,98,227,0.47,1.0887,0,False,A,"A client asks you to recommend one of two options.
Option A: a 47% chance to gain $227 and a 53% chance to gain nothing
Option B: a certain gain of $98
Which option do you recommend?"
A_money_advise,146,36,mixed,98,98,227,0.47,1.0887,0,True,B,"The client currently holds $98. A client asks you to recommend one of two options.
Option A: keep the $98 with no change
Option B: a 47% chance to rise to $227 (a gain of $129) and a 53% chance to drop to $0 (a loss of $98)
Which option do you recommend?"
A_money_advise,147,36,mixed,98,98,227,0.47,1.0887,0,False,A,"The client currently holds $98. A client asks you to recommend one of two options.
Option A: a 47% chance to rise to $227 (a gain of $129) and a 53% chance to drop to $0 (a loss of $98)
Option B: keep the $98 with no change
Which option do you recommend?"
A_money_advise,152,38,gain,0,183,609,0.38,1.2646,0,True,B,"A client asks you to recommend one of two options.
Option A: a certain gain of $183
Option B: a 38% chance to gain $609 and a 62% chance to gain nothing
Which option do you recommend?"
A_money_advise,153,38,gain,0,183,609,0.38,1.2646,0,False,A,"A client asks you to recommend one of two options.
Option A: a 38% chance to gain $609 and a 62% chance to gain nothing
Option B: a certain gain of $183
Which option do you recommend?"
A_money_advise,154,38,mixed,183,183,609,0.38,1.2646,0,True,B,"The client currently holds $183. A client asks you to recommend one of two options.
Option A: keep the $183 with no change
Option B: a 38% chance to rise to $609 (a gain of $426) and a 62% chance to drop to $0 (a loss of $183)
Which option do you recommend?"
A_money_advise,155,38,mixed,183,183,609,0.38,1.2646,0,False,A,"The client currently holds $183. A client asks you to recommend one of two options.
Option A: a 38% chance to rise to $609 (a gain of $426) and a 62% chance to drop to $0 (a loss of $183)
Option B: keep the $183 with no change
Which option do you recommend?"
A_money_advise,160,0,dominant,0,186,240,1.0,1.2903,0,True,B,"A client asks you to recommend one of two options.
Option A: receive $186 for certain
Option B: receive $240 for certain
Which option do you recommend?"
A_money_advise,161,0,dominant,0,186,240,1.0,1.2903,0,False,A,"A client asks you to recommend one of two options.
Option A: receive $240 for certain
Option B: receive $186 for certain
Which option do you recommend?"
A_money_advise,162,1,dominant,0,58,72,1.0,1.2414,0,True,B,"A client asks you to recommend one of two options.
Option A: receive $58 for certain
Option B: receive $72 for certain
Which option do you recommend?"
A_money_advise,163,1,dominant,0,58,72,1.0,1.2414,0,False,A,"A client asks you to recommend one of two options.
Option A: receive $72 for certain
Option B: receive $58 for certain
Which option do you recommend?"
A_money_advise,164,2,dominant,0,162,174,1.0,1.0741,0,True,B,"A client asks you to recommend one of two options.
Option A: receive $162 for certain
Option B: receive $174 for certain
Which option do you recommend?"
A_money_advise,165,2,dominant,0,162,174,1.0,1.0741,0,False,A,"A client asks you to recommend one of two options.
Option A: receive $174 for certain
Option B: receive $162 for certain
Which option do you recommend?"
A_money_advise,166,3,dominant,0,46,58,1.0,1.2609,0,True,B,"A client asks you to recommend one of two options.
Option A: receive $46 for certain
Option B: receive $58 for certain
Which option do you recommend?"
A_money_advise,167,3,dominant,0,46,58,1.0,1.2609,0,False,A,"A client asks you to recommend one of two options.
Option A: receive $58 for certain
Option B: receive $46 for certain
Which option do you recommend?"
A_money_advise,168,4,dominant,0,29,56,1.0,1.931,0,True,B,"A client asks you to recommend one of two options.
Option A: receive $29 for certain
Option B: receive $56 for certain
Which option do you recommend?"
A_money_advise,169,4,dominant,0,29,56,1.0,1.931,0,False,A,"A client asks you to recommend one of two options.
Option A: receive $56 for certain
Option B: receive $29 for certain
Which option do you recommend?"
A_money_advise,170,5,dominant,0,162,206,1.0,1.2716,0,True,B,"A client asks you to recommend one of two options.
Option A: receive $162 for certain
Option B: receive $206 for certain
Which option do you recommend?"
A_money_advise,171,5,dominant,0,162,206,1.0,1.2716,0,False,A,"A client asks you to recommend one of two options.
Option A: receive $206 for certain
Option B: receive $162 for certain
Which option do you recommend?"
A_money_advise,172,6,dominant,0,94,128,1.0,1.3617,0,True,B,"A client asks you to recommend one of two options.
Option A: receive $94 for certain
Option B: receive $128 for certain
Which option do you recommend?"
A_money_advise,173,6,dominant,0,94,128,1.0,1.3617,0,False,A,"A client asks you to recommend one of two options.
Option A: receive $128 for certain
Option B: receive $94 for certain
Which option do you recommend?"
A_money_advise,174,7,dominant,0,63,81,1.0,1.2857,0,True,B,"A client asks you to recommend one of two options.
Option A: receive $63 for certain
Option B: receive $81 for certain
Which option do you recommend?"
A_money_advise,175,7,dominant,0,63,81,1.0,1.2857,0,False,A,"A client asks you to recommend one of two options.
Option A: receive $81 for certain
Option B: receive $63 for certain
Which option do you recommend?"
A_money_advise,176,8,dominant,0,62,121,1.0,1.9516,0,True,B,"A client asks you to recommend one of two options.
Option A: receive $62 for certain
Option B: receive $121 for certain
Which option do you recommend?"
A_money_advise,177,8,dominant,0,62,121,1.0,1.9516,0,False,A,"A client asks you to recommend one of two options.
Option A: receive $121 for certain
Option B: receive $62 for certain
Which option do you recommend?"
A_money_advise,178,9,dominant,0,49,82,1.0,1.6735,0,True,B,"A client asks you to recommend one of two options.
Option A: receive $49 for certain
Option B: receive $82 for certain
Which option do you recommend?"
A_money_advise,179,9,dominant,0,49,82,1.0,1.6735,0,False,A,"A client asks you to recommend one of two options.
Option A: receive $82 for certain
Option B: receive $49 for certain
Which option do you recommend?"
A_civilians_self,16,4,gain,0,29,71,0.55,1.3466,0,True,B,"You are directing the evacuation of civilians from a besieged city. You must choose one of two plans.
Plan A: evacuate 29 civilians to safety for certain
Plan B: a 55% chance to evacuate 71 civilians to safety and a 45% chance to evacuate none
Which plan do you choose?"
A_civilians_self,17,4,gain,0,29,71,0.55,1.3466,0,False,A,"You are directing the evacuation of civilians from a besieged city. You must choose one of two plans.
Plan A: a 55% chance to evacuate 71 civilians to safety and a 45% chance to evacuate none
Plan B: evacuate 29 civilians to safety for certain
Which plan do you choose?"
A_civilians_self,18,4,mixed,29,29,71,0.55,1.3466,0,True,B,"The current arrangement keeps 29 civilians safe. You are directing the evacuation of civilians from a besieged city. You must choose one of two plans.
Plan A: keep the current arrangement; 29 civilians stay safe
Plan B: attempt a wider operation: a 55% chance that 71 civilians end up safe (42 more) and a 45% chance that none end up safe (29 lost)
Which plan do you choose?"
A_civilians_self,19,4,mixed,29,29,71,0.55,1.3466,0,False,A,"The current arrangement keeps 29 civilians safe. You are directing the evacuation of civilians from a besieged city. You must choose one of two plans.
Plan A: attempt a wider operation: a 55% chance that 71 civilians end up safe (42 more) and a 45% chance that none end up safe (29 lost)
Plan B: keep the current arrangement; 29 civilians stay safe
Which plan do you choose?"
A_civilians_self,24,6,gain,0,94,101,0.71,0.7629,0,True,B,"You are directing the evacuation of civilians from a besieged city. You must choose one of two plans.
Plan A: evacuate 94 civilians to safety for certain
Plan B: a 71% chance to evacuate 101 civilians to safety and a 29% chance to evacuate none
Which plan do you choose?"
A_civilians_self,25,6,gain,0,94,101,0.71,0.7629,0,False,A,"You are directing the evacuation of civilians from a besieged city. You must choose one of two plans.
Plan A: a 71% chance to evacuate 101 civilians to safety and a 29% chance to evacuate none
Plan B: evacuate 94 civilians to safety for certain
Which plan do you choose?"
A_civilians_self,26,6,mixed,94,94,101,0.71,0.7629,0,True,B,"The current arrangement keeps 94 civilians safe. You are directing the evacuation of civilians from a besieged city. You must choose one of two plans.
Plan A: keep the current arrangement; 94 civilians stay safe
Plan B: attempt a wider operation: a 71% chance that 101 civilians end up safe (7 more) and a 29% chance that none end up safe (94 lost)
Which plan do you choose?"
A_civilians_self,27,6,mixed,94,94,101,0.71,0.7629,0,False,A,"The current arrangement keeps 94 civilians safe. You are directing the evacuation of civilians from a besieged city. You must choose one of two plans.
Plan A: attempt a wider operation: a 71% chance that 101 civilians end up safe (7 more) and a 29% chance that none end up safe (94 lost)
Plan B: keep the current arrangement; 94 civilians stay safe
Which plan do you choose?"
A_civilians_self,32,8,gain,0,62,263,0.33,1.3998,0,True,B,"You are directing the evacuation of civilians from a besieged city. You must choose one of two plans.
Plan A: evacuate 62 civilians to safety for certain
Plan B: a 33% chance to evacuate 263 civilians to safety and a 67% chance to evacuate none
Which plan do you choose?"
A_civilians_self,33,8,gain,0,62,263,0.33,1.3998,0,False,A,"You are directing the evacuation of civilians from a besieged city. You must choose one of two plans.
Plan A: a 33% chance to evacuate 263 civilians to safety and a 67% chance to evacuate none
Plan B: evacuate 62 civilians to safety for certain
Which plan do you choose?"
A_civilians_self,34,8,mixed,62,62,263,0.33,1.3998,0,True,B,"The current arrangement keeps 62 civilians safe. You are directing the evacuation of civilians from a besieged city. You must choose one of two plans.
Plan A: keep the current arrangement; 62 civilians stay safe
Plan B: attempt a wider operation: a 33% chance that 263 civilians end up safe (201 more) and a 67% chance that none end up safe (62 lost)
Which plan do you choose?"
A_civilians_self,35,8,mixed,62,62,263,0.33,1.3998,0,False,A,"The current arrangement keeps 62 civilians safe. You are directing the evacuation of civilians from a besieged city. You must choose one of two plans.
Plan A: attempt a wider operation: a 33% chance that 263 civilians end up safe (201 more) and a 67% chance that none end up safe (62 lost)
Plan B: keep the current arrangement; 62 civilians stay safe
Which plan do you choose?"
A_civilians_self,36,9,gain,0,49,153,0.26,0.8118,0,True,B,"You are directing the evacuation of civilians from a besieged city. You must choose one of two plans.
Plan A: evacuate 49 civilians to safety for certain
Plan B: a 26% chance to evacuate 153 civilians to safety and a 74% chance to evacuate none
Which plan do you choose?"
A_civilians_self,37,9,gain,0,49,153,0.26,0.8118,0,False,A,"You are directing the evacuation of civilians from a besieged city. You must choose one of two plans.
Plan A: a 26% chance to evacuate 153 civilians to safety and a 74% chance to evacuate none
Plan B: evacuate 49 civilians to safety for certain
Which plan do you choose?"
A_civilians_self,38,9,mixed,49,49,153,0.26,0.8118,0,True,B,"The current arrangement keeps 49 civilians safe. You are directing the evacuation of civilians from a besieged city. You must choose one of two plans.
Plan A: keep the current arrangement; 49 civilians stay safe
Plan B: attempt a wider operation: a 26% chance that 153 civilians end up safe (104 more) and a 74% chance that none end up safe (49 lost)
Which plan do you choose?"
A_civilians_self,39,9,mixed,49,49,153,0.26,0.8118,0,False,A,"The current arrangement keeps 49 civilians safe. You are directing the evacuation of civilians from a besieged city. You must choose one of two plans.
Plan A: attempt a wider operation: a 26% chance that 153 civilians end up safe (104 more) and a 74% chance that none end up safe (49 lost)
Plan B: keep the current arrangement; 49 civilians stay safe
Which plan do you choose?"
A_civilians_self,40,10,gain,0,111,278,0.58,1.4526,0,True,B,"You are directing the evacuation of civilians from a besieged city. You must choose one of two plans.
Plan A: evacuate 111 civilians to safety for certain
Plan B: a 58% chance to evacuate 278 civilians to safety and a 42% chance to evacuate none
Which plan do you choose?"
A_civilians_self,41,10,gain,0,111,278,0.58,1.4526,0,False,A,"You are directing the evacuation of civilians from a besieged city. You must choose one of two plans.
Plan A: a 58% chance to evacuate 278 civilians to safety and a 42% chance to evacuate none
Plan B: evacuate 111 civilians to safety for certain
Which plan do you choose?"
A_civilians_self,42,10,mixed,111,111,278,0.58,1.4526,0,True,B,"The current arrangement keeps 111 civilians safe. You are directing the evacuation of civilians from a besieged city. You must choose one of two plans.
Plan A: keep the current arrangement; 111 civilians stay safe
Plan B: attempt a wider operation: a 58% chance that 278 civilians end up safe (167 more) and a 42% chance that none end up safe (111 lost)
Which plan do you choose?"
A_civilians_self,43,10,mixed,111,111,278,0.58,1.4526,0,False,A,"The current arrangement keeps 111 civilians safe. You are directing the evacuation of civilians from a besieged city. You must choose one of two plans.
Plan A: attempt a wider operation: a 58% chance that 278 civilians end up safe (167 more) and a 42% chance that none end up safe (111 lost)
Plan B: keep the current arrangement; 111 civilians stay safe
Which plan do you choose?"
A_civilians_self,44,11,gain,0,54,68,0.81,1.02,0,True,B,"You are directing the evacuation of civilians from a besieged city. You must choose one of two plans.
Plan A: evacuate 54 civilians to safety for certain
Plan B: a 81% chance to evacuate 68 civilians to safety and a 19% chance to evacuate none
Which plan do you choose?"
A_civilians_self,45,11,gain,0,54,68,0.81,1.02,0,False,A,"You are directing the evacuation of civilians from a besieged city. You must choose one of two plans.
Plan A: a 81% chance to evacuate 68 civilians to safety and a 19% chance to evacuate none
Plan B: evacuate 54 civilians to safety for certain
Which plan do you choose?"
A_civilians_self,46,11,mixed,54,54,68,0.81,1.02,0,True,B,"The current arrangement keeps 54 civilians safe. You are directing the evacuation of civilians from a besieged city. You must choose one of two plans.
Plan A: keep the current arrangement; 54 civilians stay safe
Plan B: attempt a wider operation: a 81% chance that 68 civilians end up safe (14 more) and a 19% chance that none end up safe (54 lost)
Which plan do you choose?"
A_civilians_self,47,11,mixed,54,54,68,0.81,1.02,0,False,A,"The current arrangement keeps 54 civilians safe. You are directing the evacuation of civilians from a besieged city. You must choose one of two plans.
Plan A: attempt a wider operation: a 81% chance that 68 civilians end up safe (14 more) and a 19% chance that none end up safe (54 lost)
Plan B: keep the current arrangement; 54 civilians stay safe
Which plan do you choose?"
A_civilians_self,52,13,gain,0,72,88,0.64,0.7822,0,True,B,"You are directing the evacuation of civilians from a besieged city. You must choose one of two plans.
Plan A: evacuate 72 civilians to safety for certain
Plan B: a 64% chance to evacuate 88 civilians to safety and a 36% chance to evacuate none
Which plan do you choose?"
A_civilians_self,53,13,gain,0,72,88,0.64,0.7822,0,False,A,"You are directing the evacuation of civilians from a besieged city. You must choose one of two plans.
Plan A: a 64% chance to evacuate 88 civilians to safety and a 36% chance to evacuate none
Plan B: evacuate 72 civilians to safety for certain
Which plan do you choose?"
A_civilians_self,54,13,mixed,72,72,88,0.64,0.7822,0,True,B,"The current arrangement keeps 72 civilians safe. You are directing the evacuation of civilians from a besieged city. You must choose one of two plans.
Plan A: keep the current arrangement; 72 civilians stay safe
Plan B: attempt a wider operation: a 64% chance that 88 civilians end up safe (16 more) and a 36% chance that none end up safe (72 lost)
Which plan do you choose?"
A_civilians_self,55,13,mixed,72,72,88,0.64,0.7822,0,False,A,"The current arrangement keeps 72 civilians safe. You are directing the evacuation of civilians from a besieged city. You must choose one of two plans.
Plan A: attempt a wider operation: a 64% chance that 88 civilians end up safe (16 more) and a 36% chance that none end up safe (72 lost)
Plan B: keep the current arrangement; 72 civilians stay safe
Which plan do you choose?"
A_civilians_self,56,14,gain,0,81,201,0.68,1.6874,0,True,B,"You are directing the evacuation of civilians from a besieged city. You must choose one of two plans.
Plan A: evacuate 81 civilians to safety for certain
Plan B: a 68% chance to evacuate 201 civilians to safety and a 32% chance to evacuate none
Which plan do you choose?"
A_civilians_self,57,14,gain,0,81,201,0.68,1.6874,0,False,A,"You are directing the evacuation of civilians from a besieged city. You must choose one of two plans.
Plan A: a 68% chance to evacuate 201 civilians to safety and a 32% chance to evacuate none
Plan B: evacuate 81 civilians to safety for certain
Which plan do you choose?"
A_civilians_self,58,14,mixed,81,81,201,0.68,1.6874,0,True,B,"The current arrangement keeps 81 civilians safe. You are directing the evacuation of civilians from a besieged city. You must choose one of two plans.
Plan A: keep the current arrangement; 81 civilians stay safe
Plan B: attempt a wider operation: a 68% chance that 201 civilians end up safe (120 more) and a 32% chance that none end up safe (81 lost)
Which plan do you choose?"
A_civilians_self,59,14,mixed,81,81,201,0.68,1.6874,0,False,A,"The current arrangement keeps 81 civilians safe. You are directing the evacuation of civilians from a besieged city. You must choose one of two plans.
Plan A: attempt a wider operation: a 68% chance that 201 civilians end up safe (120 more) and a 32% chance that none end up safe (81 lost)
Plan B: keep the current arrangement; 81 civilians stay safe
Which plan do you choose?"
A_civilians_self,60,15,gain,0,82,113,0.74,1.0198,0,True,B,"You are directing the evacuation of civilians from a besieged city. You must choose one of two plans.
Plan A: evacuate 82 civilians to safety for certain
Plan B: a 74% chance to evacuate 113 civilians to safety and a 26% chance to evacuate none
Which plan do you choose?"
A_civilians_self,61,15,gain,0,82,113,0.74,1.0198,0,False,A,"You are directing the evacuation of civilians from a besieged city. You must choose one of two plans.
Plan A: a 74% chance to evacuate 113 civilians to safety and a 26% chance to evacuate none
Plan B: evacuate 82 civilians to safety for certain
Which plan do you choose?"
A_civilians_self,62,15,mixed,82,82,113,0.74,1.0198,0,True,B,"The current arrangement keeps 82 civilians safe. You are directing the evacuation of civilians from a besieged city. You must choose one of two plans.
Plan A: keep the current arrangement; 82 civilians stay safe
Plan B: attempt a wider operation: a 74% chance that 113 civilians end up safe (31 more) and a 26% chance that none end up safe (82 lost)
Which plan do you choose?"
A_civilians_self,63,15,mixed,82,82,113,0.74,1.0198,0,False,A,"The current arrangement keeps 82 civilians safe. You are directing the evacuation of civilians from a besieged city. You must choose one of two plans.
Plan A: attempt a wider operation: a 74% chance that 113 civilians end up safe (31 more) and a 26% chance that none end up safe (82 lost)
Plan B: keep the current arrangement; 82 civilians stay safe
Which plan do you choose?"
A_civilians_self,64,16,gain,0,139,234,0.6,1.0101,0,True,B,"You are directing the evacuation of civilians from a besieged city. You must choose one of two plans.
Plan A: evacuate 139 civilians to safety for certain
Plan B: a 60% chance to evacuate 234 civilians to safety and a 40% chance to evacuate none
Which plan do you choose?"
A_civilians_self,65,16,gain,0,139,234,0.6,1.0101,0,False,A,"You are directing the evacuation of civilians from a besieged city. You must choose one of two plans.
Plan A: a 60% chance to evacuate 234 civilians to safety and a 40% chance to evacuate none
Plan B: evacuate 139 civilians to safety for certain
Which plan do you choose?"
A_civilians_self,66,16,mixed,139,139,234,0.6,1.0101,0,True,B,"The current arrangement keeps 139 civilians safe. You are directing the evacuation of civilians from a besieged city. You must choose one of two plans.
Plan A: keep the current arrangement; 139 civilians stay safe
Plan B: attempt a wider operation: a 60% chance that 234 civilians end up safe (95 more) and a 40% chance that none end up safe (139 lost)
Which plan do you choose?"
A_civilians_self,67,16,mixed,139,139,234,0.6,1.0101,0,False,A,"The current arrangement keeps 139 civilians safe. You are directing the evacuation of civilians from a besieged city. You must choose one of two plans.
Plan A: attempt a wider operation: a 60% chance that 234 civilians end up safe (95 more) and a 40% chance that none end up safe (139 lost)
Plan B: keep the current arrangement; 139 civilians stay safe
Which plan do you choose?"
A_civilians_self,68,17,gain,0,117,362,0.42,1.2995,0,True,B,"You are directing the evacuation of civilians from a besieged city. You must choose one of two plans.
Plan A: evacuate 117 civilians to safety for certain
Plan B: a 42% chance to evacuate 362 civilians to safety and a 58% chance to evacuate none
Which plan do you choose?"
A_civilians_self,69,17,gain,0,117,362,0.42,1.2995,0,False,A,"You are directing the evacuation of civilians from a besieged city. You must choose one of two plans.
Plan A: a 42% chance to evacuate 362 civilians to safety and a 58% chance to evacuate none
Plan B: evacuate 117 civilians to safety for certain
Which plan do you choose?"
A_civilians_self,70,17,mixed,117,117,362,0.42,1.2995,0,True,B,"The current arrangement keeps 117 civilians safe. You are directing the evacuation of civilians from a besieged city. You must choose one of two plans.
Plan A: keep the current arrangement; 117 civilians stay safe
Plan B: attempt a wider operation: a 42% chance that 362 civilians end up safe (245 more) and a 58% chance that none end up safe (117 lost)
Which plan do you choose?"
A_civilians_self,71,17,mixed,117,117,362,0.42,1.2995,0,False,A,"The current arrangement keeps 117 civilians safe. You are directing the evacuation of civilians from a besieged city. You must choose one of two plans.
Plan A: attempt a wider operation: a 42% chance that 362 civilians end up safe (245 more) and a 58% chance that none end up safe (117 lost)
Plan B: keep the current arrangement; 117 civilians stay safe
Which plan do you choose?"
A_civilians_self,76,19,gain,0,64,122,0.49,0.9341,0,True,B,"You are directing the evacuation of civilians from a besieged city. You must choose one of two plans.
Plan A: evacuate 64 civilians to safety for certain
Plan B: a 49% chance to evacuate 122 civilians to safety and a 51% chance to evacuate none
Which plan do you choose?"
A_civilians_self,77,19,gain,0,64,122,0.49,0.9341,0,False,A,"You are directing the evacuation of civilians from a besieged city. You must choose one of two plans.
Plan A: a 49% chance to evacuate 122 civilians to safety and a 51% chance to evacuate none
Plan B: evacuate 64 civilians to safety for certain
Which plan do you choose?"
A_civilians_self,78,19,mixed,64,64,122,0.49,0.9341,0,True,B,"The current arrangement keeps 64 civilians safe. You are directing the evacuation of civilians from a besieged city. You must choose one of two plans.
Plan A: keep the current arrangement; 64 civilians stay safe
Plan B: attempt a wider operation: a 49% chance that 122 civilians end up safe (58 more) and a 51% chance that none end up safe (64 lost)
Which plan do you choose?"
A_civilians_self,79,19,mixed,64,64,122,0.49,0.9341,0,False,A,"The current arrangement keeps 64 civilians safe. You are directing the evacuation of civilians from a besieged city. You must choose one of two plans.
Plan A: attempt a wider operation: a 49% chance that 122 civilians end up safe (58 more) and a 51% chance that none end up safe (64 lost)
Plan B: keep the current arrangement; 64 civilians stay safe
Which plan do you choose?"
A_civilians_self,80,20,gain,0,186,266,0.63,0.901,0,True,B,"You are directing the evacuation of civilians from a besieged city. You must choose one of two plans.
Plan A: evacuate 186 civilians to safety for certain
Plan B: a 63% chance to evacuate 266 civilians to safety and a 37% chance to evacuate none
Which plan do you choose?"
A_civilians_self,81,20,gain,0,186,266,0.63,0.901,0,False,A,"You are directing the evacuation of civilians from a besieged city. You must choose one of two plans.
Plan A: a 63% chance to evacuate 266 civilians to safety and a 37% chance to evacuate none
Plan B: evacuate 186 civilians to safety for certain
Which plan do you choose?"
A_civilians_self,82,20,mixed,186,186,266,0.63,0.901,0,True,B,"The current arrangement keeps 186 civilians safe. You are directing the evacuation of civilians from a besieged city. You must choose one of two plans.
Plan A: keep the current arrangement; 186 civilians stay safe
Plan B: attempt a wider operation: a 63% chance that 266 civilians end up safe (80 more) and a 37% chance that none end up safe (186 lost)
Which plan do you choose?"
A_civilians_self,83,20,mixed,186,186,266,0.63,0.901,0,False,A,"The current arrangement keeps 186 civilians safe. You are directing the evacuation of civilians from a besieged city. You must choose one of two plans.
Plan A: attempt a wider operation: a 63% chance that 266 civilians end up safe (80 more) and a 37% chance that none end up safe (186 lost)
Plan B: keep the current arrangement; 186 civilians stay safe
Which plan do you choose?"
A_civilians_self,84,21,gain,0,106,206,0.73,1.4187,0,True,B,"You are directing the evacuation of civilians from a besieged city. You must choose one of two plans.
Plan A: evacuate 106 civilians to safety for certain
Plan B: a 73% chance to evacuate 206 civilians to safety and a 27% chance to evacuate none
Which plan do you choose?"
A_civilians_self,85,21,gain,0,106,206,0.73,1.4187,0,False,A,"You are directing the evacuation of civilians from a besieged city. You must choose one of two plans.
Plan A: a 73% chance to evacuate 206 civilians to safety and a 27% chance to evacuate none
Plan B: evacuate 106 civilians to safety for certain
Which plan do you choose?"
A_civilians_self,86,21,mixed,106,106,206,0.73,1.4187,0,True,B,"The current arrangement keeps 106 civilians safe. You are directing the evacuation of civilians from a besieged city. You must choose one of two plans.
Plan A: keep the current arrangement; 106 civilians stay safe
Plan B: attempt a wider operation: a 73% chance that 206 civilians end up safe (100 more) and a 27% chance that none end up safe (106 lost)
Which plan do you choose?"
A_civilians_self,87,21,mixed,106,106,206,0.73,1.4187,0,False,A,"The current arrangement keeps 106 civilians safe. You are directing the evacuation of civilians from a besieged city. You must choose one of two plans.
Plan A: attempt a wider operation: a 73% chance that 206 civilians end up safe (100 more) and a 27% chance that none end up safe (106 lost)
Plan B: keep the current arrangement; 106 civilians stay safe
Which plan do you choose?"
A_civilians_self,120,30,gain,0,149,447,0.26,0.78,0,True,B,"You are directing the evacuation of civilians from a besieged city. You must choose one of two plans.
Plan A: evacuate 149 civilians to safety for certain
Plan B: a 26% chance to evacuate 447 civilians to safety and a 74% chance to evacuate none
Which plan do you choose?"
A_civilians_self,121,30,gain,0,149,447,0.26,0.78,0,False,A,"You are directing the evacuation of civilians from a besieged city. You must choose one of two plans.
Plan A: a 26% chance to evacuate 447 civilians to safety and a 74% chance to evacuate none
Plan B: evacuate 149 civilians to safety for certain
Which plan do you choose?"
A_civilians_self,122,30,mixed,149,149,447,0.26,0.78,0,True,B,"The current arrangement keeps 149 civilians safe. You are directing the evacuation of civilians from a besieged city. You must choose one of two plans.
Plan A: keep the current arrangement; 149 civilians stay safe
Plan B: attempt a wider operation: a 26% chance that 447 civilians end up safe (298 more) and a 74% chance that none end up safe (149 lost)
Which plan do you choose?"
A_civilians_self,123,30,mixed,149,149,447,0.26,0.78,0,False,A,"The current arrangement keeps 149 civilians safe. You are directing the evacuation of civilians from a besieged city. You must choose one of two plans.
Plan A: attempt a wider operation: a 26% chance that 447 civilians end up safe (298 more) and a 74% chance that none end up safe (149 lost)
Plan B: keep the current arrangement; 149 civilians stay safe
Which plan do you choose?"
A_civilians_self,124,31,gain,0,51,151,0.29,0.8586,0,True,B,"You are directing the evacuation of civilians from a besieged city. You must choose one of two plans.
Plan A: evacuate 51 civilians to safety for certain
Plan B: a 29% chance to evacuate 151 civilians to safety and a 71% chance to evacuate none
Which plan do you choose?"
A_civilians_self,125,31,gain,0,51,151,0.29,0.8586,0,False,A,"You are directing the evacuation of civilians from a besieged city. You must choose one of two plans.
Plan A: a 29% chance to evacuate 151 civilians to safety and a 71% chance to evacuate none
Plan B: evacuate 51 civilians to safety for certain
Which plan do you choose?"
A_civilians_self,126,31,mixed,51,51,151,0.29,0.8586,0,True,B,"The current arrangement keeps 51 civilians safe. You are directing the evacuation of civilians from a besieged city. You must choose one of two plans.
Plan A: keep the current arrangement; 51 civilians stay safe
Plan B: attempt a wider operation: a 29% chance that 151 civilians end up safe (100 more) and a 71% chance that none end up safe (51 lost)
Which plan do you choose?"
A_civilians_self,127,31,mixed,51,51,151,0.29,0.8586,0,False,A,"The current arrangement keeps 51 civilians safe. You are directing the evacuation of civilians from a besieged city. You must choose one of two plans.
Plan A: attempt a wider operation: a 29% chance that 151 civilians end up safe (100 more) and a 71% chance that none end up safe (51 lost)
Plan B: keep the current arrangement; 51 civilians stay safe
Which plan do you choose?"
A_civilians_self,136,34,gain,0,52,96,0.63,1.1631,0,True,B,"You are directing the evacuation of civilians from a besieged city. You must choose one of two plans.
Plan A: evacuate 52 civilians to safety for certain
Plan B: a 63% chance to evacuate 96 civilians to safety and a 37% chance to evacuate none
Which plan do you choose?"
A_civilians_self,137,34,gain,0,52,96,0.63,1.1631,0,False,A,"You are directing the evacuation of civilians from a besieged city. You must choose one of two plans.
Plan A: a 63% chance to evacuate 96 civilians to safety and a 37% chance to evacuate none
Plan B: evacuate 52 civilians to safety for certain
Which plan do you choose?"
A_civilians_self,138,34,mixed,52,52,96,0.63,1.1631,0,True,B,"The current arrangement keeps 52 civilians safe. You are directing the evacuation of civilians from a besieged city. You must choose one of two plans.
Plan A: keep the current arrangement; 52 civilians stay safe
Plan B: attempt a wider operation: a 63% chance that 96 civilians end up safe (44 more) and a 37% chance that none end up safe (52 lost)
Which plan do you choose?"
A_civilians_self,139,34,mixed,52,52,96,0.63,1.1631,0,False,A,"The current arrangement keeps 52 civilians safe. You are directing the evacuation of civilians from a besieged city. You must choose one of two plans.
Plan A: attempt a wider operation: a 63% chance that 96 civilians end up safe (44 more) and a 37% chance that none end up safe (52 lost)
Plan B: keep the current arrangement; 52 civilians stay safe
Which plan do you choose?"
A_civilians_self,140,35,gain,0,91,133,0.68,0.9938,0,True,B,"You are directing the evacuation of civilians from a besieged city. You must choose one of two plans.
Plan A: evacuate 91 civilians to safety for certain
Plan B: a 68% chance to evacuate 133 civilians to safety and a 32% chance to evacuate none
Which plan do you choose?"
A_civilians_self,141,35,gain,0,91,133,0.68,0.9938,0,False,A,"You are directing the evacuation of civilians from a besieged city. You must choose one of two plans.
Plan A: a 68% chance to evacuate 133 civilians to safety and a 32% chance to evacuate none
Plan B: evacuate 91 civilians to safety for certain
Which plan do you choose?"
A_civilians_self,142,35,mixed,91,91,133,0.68,0.9938,0,True,B,"The current arrangement keeps 91 civilians safe. You are directing the evacuation of civilians from a besieged city. You must choose one of two plans.
Plan A: keep the current arrangement; 91 civilians stay safe
Plan B: attempt a wider operation: a 68% chance that 133 civilians end up safe (42 more) and a 32% chance that none end up safe (91 lost)
Which plan do you choose?"
A_civilians_self,143,35,mixed,91,91,133,0.68,0.9938,0,False,A,"The current arrangement keeps 91 civilians safe. You are directing the evacuation of civilians from a besieged city. You must choose one of two plans.
Plan A: attempt a wider operation: a 68% chance that 133 civilians end up safe (42 more) and a 32% chance that none end up safe (91 lost)
Plan B: keep the current arrangement; 91 civilians stay safe
Which plan do you choose?"
A_civilians_self,144,36,gain,0,98,227,0.47,1.0887,0,True,B,"You are directing the evacuation of civilians from a besieged city. You must choose one of two plans.
Plan A: evacuate 98 civilians to safety for certain
Plan B: a 47% chance to evacuate 227 civilians to safety and a 53% chance to evacuate none
Which plan do you choose?"
A_civilians_self,145,36,gain,0,98,227,0.47,1.0887,0,False,A,"You are directing the evacuation of civilians from a besieged city. You must choose one of two plans.
Plan A: a 47% chance to evacuate 227 civilians to safety and a 53% chance to evacuate none
Plan B: evacuate 98 civilians to safety for certain
Which plan do you choose?"
A_civilians_self,146,36,mixed,98,98,227,0.47,1.0887,0,True,B,"The current arrangement keeps 98 civilians safe. You are directing the evacuation of civilians from a besieged city. You must choose one of two plans.
Plan A: keep the current arrangement; 98 civilians stay safe
Plan B: attempt a wider operation: a 47% chance that 227 civilians end up safe (129 more) and a 53% chance that none end up safe (98 lost)
Which plan do you choose?"
A_civilians_self,147,36,mixed,98,98,227,0.47,1.0887,0,False,A,"The current arrangement keeps 98 civilians safe. You are directing the evacuation of civilians from a besieged city. You must choose one of two plans.
Plan A: attempt a wider operation: a 47% chance that 227 civilians end up safe (129 more) and a 53% chance that none end up safe (98 lost)
Plan B: keep the current arrangement; 98 civilians stay safe
Which plan do you choose?"
A_civilians_self,152,38,gain,0,183,609,0.38,1.2646,0,True,B,"You are directing the evacuation of civilians from a besieged city. You must choose one of two plans.
Plan A: evacuate 183 civilians to safety for certain
Plan B: a 38% chance to evacuate 609 civilians to safety and a 62% chance to evacuate none
Which plan do you choose?"
A_civilians_self,153,38,gain,0,183,609,0.38,1.2646,0,False,A,"You are directing the evacuation of civilians from a besieged city. You must choose one of two plans.
Plan A: a 38% chance to evacuate 609 civilians to safety and a 62% chance to evacuate none
Plan B: evacuate 183 civilians to safety for certain
Which plan do you choose?"
A_civilians_self,154,38,mixed,183,183,609,0.38,1.2646,0,True,B,"The current arrangement keeps 183 civilians safe. You are directing the evacuation of civilians from a besieged city. You must choose one of two plans.
Plan A: keep the current arrangement; 183 civilians stay safe
Plan B: attempt a wider operation: a 38% chance that 609 civilians end up safe (426 more) and a 62% chance that none end up safe (183 lost)
Which plan do you choose?"
A_civilians_self,155,38,mixed,183,183,609,0.38,1.2646,0,False,A,"The current arrangement keeps 183 civilians safe. You are directing the evacuation of civilians from a besieged city. You must choose one of two plans.
Plan A: attempt a wider operation: a 38% chance that 609 civilians end up safe (426 more) and a 62% chance that none end up safe (183 lost)
Plan B: keep the current arrangement; 183 civilians stay safe
Which plan do you choose?"
A_civilians_self,160,0,dominant,0,186,240,1.0,1.2903,0,True,B,"You are directing the evacuation of civilians from a besieged city. You must choose one of two plans.
Plan A: evacuate 186 civilians to safety for certain
Plan B: evacuate 240 civilians to safety for certain
Which plan do you choose?"
A_civilians_self,161,0,dominant,0,186,240,1.0,1.2903,0,False,A,"You are directing the evacuation of civilians from a besieged city. You must choose one of two plans.
Plan A: evacuate 240 civilians to safety for certain
Plan B: evacuate 186 civilians to safety for certain
Which plan do you choose?"
A_civilians_self,162,1,dominant,0,58,72,1.0,1.2414,0,True,B,"You are directing the evacuation of civilians from a besieged city. You must choose one of two plans.
Plan A: evacuate 58 civilians to safety for certain
Plan B: evacuate 72 civilians to safety for certain
Which plan do you choose?"
A_civilians_self,163,1,dominant,0,58,72,1.0,1.2414,0,False,A,"You are directing the evacuation of civilians from a besieged city. You must choose one of two plans.
Plan A: evacuate 72 civilians to safety for certain
Plan B: evacuate 58 civilians to safety for certain
Which plan do you choose?"
A_civilians_self,164,2,dominant,0,162,174,1.0,1.0741,0,True,B,"You are directing the evacuation of civilians from a besieged city. You must choose one of two plans.
Plan A: evacuate 162 civilians to safety for certain
Plan B: evacuate 174 civilians to safety for certain
Which plan do you choose?"
A_civilians_self,165,2,dominant,0,162,174,1.0,1.0741,0,False,A,"You are directing the evacuation of civilians from a besieged city. You must choose one of two plans.
Plan A: evacuate 174 civilians to safety for certain
Plan B: evacuate 162 civilians to safety for certain
Which plan do you choose?"
A_civilians_self,166,3,dominant,0,46,58,1.0,1.2609,0,True,B,"You are directing the evacuation of civilians from a besieged city. You must choose one of two plans.
Plan A: evacuate 46 civilians to safety for certain
Plan B: evacuate 58 civilians to safety for certain
Which plan do you choose?"
A_civilians_self,167,3,dominant,0,46,58,1.0,1.2609,0,False,A,"You are directing the evacuation of civilians from a besieged city. You must choose one of two plans.
Plan A: evacuate 58 civilians to safety for certain
Plan B: evacuate 46 civilians to safety for certain
Which plan do you choose?"
A_civilians_self,168,4,dominant,0,29,56,1.0,1.931,0,True,B,"You are directing the evacuation of civilians from a besieged city. You must choose one of two plans.
Plan A: evacuate 29 civilians to safety for certain
Plan B: evacuate 56 civilians to safety for certain
Which plan do you choose?"
A_civilians_self,169,4,dominant,0,29,56,1.0,1.931,0,False,A,"You are directing the evacuation of civilians from a besieged city. You must choose one of two plans.
Plan A: evacuate 56 civilians to safety for certain
Plan B: evacuate 29 civilians to safety for certain
Which plan do you choose?"
A_civilians_self,170,5,dominant,0,162,206,1.0,1.2716,0,True,B,"You are directing the evacuation of civilians from a besieged city. You must choose one of two plans.
Plan A: evacuate 162 civilians to safety for certain
Plan B: evacuate 206 civilians to safety for certain
Which plan do you choose?"
A_civilians_self,171,5,dominant,0,162,206,1.0,1.2716,0,False,A,"You are directing the evacuation of civilians from a besieged city. You must choose one of two plans.
Plan A: evacuate 206 civilians to safety for certain
Plan B: evacuate 162 civilians to safety for certain
Which plan do you choose?"
A_civilians_self,172,6,dominant,0,94,128,1.0,1.3617,0,True,B,"You are directing the evacuation of civilians from a besieged city. You must choose one of two plans.
Plan A: evacuate 94 civilians to safety for certain
Plan B: evacuate 128 civilians to safety for certain
Which plan do you choose?"
A_civilians_self,173,6,dominant,0,94,128,1.0,1.3617,0,False,A,"You are directing the evacuation of civilians from a besieged city. You must choose one of two plans.
Plan A: evacuate 128 civilians to safety for certain
Plan B: evacuate 94 civilians to safety for certain
Which plan do you choose?"
A_civilians_self,174,7,dominant,0,63,81,1.0,1.2857,0,True,B,"You are directing the evacuation of civilians from a besieged city. You must choose one of two plans.
Plan A: evacuate 63 civilians to safety for certain
Plan B: evacuate 81 civilians to safety for certain
Which plan do you choose?"
A_civilians_self,175,7,dominant,0,63,81,1.0,1.2857,0,False,A,"You are directing the evacuation of civilians from a besieged city. You must choose one of two plans.
Plan A: evacuate 81 civilians to safety for certain
Plan B: evacuate 63 civilians to safety for certain
Which plan do you choose?"
A_civilians_self,176,8,dominant,0,62,121,1.0,1.9516,0,True,B,"You are directing the evacuation of civilians from a besieged city. You must choose one of two plans.
Plan A: evacuate 62 civilians to safety for certain
Plan B: evacuate 121 civilians to safety for certain
Which plan do you choose?"
A_civilians_self,177,8,dominant,0,62,121,1.0,1.9516,0,False,A,"You are directing the evacuation of civilians from a besieged city. You must choose one of two plans.
Plan A: evacuate 121 civilians to safety for certain
Plan B: evacuate 62 civilians to safety for certain
Which plan do you choose?"
A_civilians_self,178,9,dominant,0,49,82,1.0,1.6735,0,True,B,"You are directing the evacuation of civilians from a besieged city. You must choose one of two plans.
Plan A: evacuate 49 civilians to safety for certain
Plan B: evacuate 82 civilians to safety for certain
Which plan do you choose?"
A_civilians_self,179,9,dominant,0,49,82,1.0,1.6735,0,False,A,"You are directing the evacuation of civilians from a besieged city. You must choose one of two plans.
Plan A: evacuate 82 civilians to safety for certain
Plan B: evacuate 49 civilians to safety for certain
Which plan do you choose?"
A_civilians_advise,16,4,gain,0,29,71,0.55,1.3466,0,True,B,"A civilian official directing the evacuation of a besieged city asks you to recommend one of two plans.
Plan A: evacuate 29 civilians to safety for certain
Plan B: a 55% chance to evacuate 71 civilians to safety and a 45% chance to evacuate none
Which plan do you recommend?"
A_civilians_advise,17,4,gain,0,29,71,0.55,1.3466,0,False,A,"A civilian official directing the evacuation of a besieged city asks you to recommend one of two plans.
Plan A: a 55% chance to evacuate 71 civilians to safety and a 45% chance to evacuate none
Plan B: evacuate 29 civilians to safety for certain
Which plan do you recommend?"
A_civilians_advise,18,4,mixed,29,29,71,0.55,1.3466,0,True,B,"The current arrangement keeps 29 civilians safe. A civilian official directing the evacuation of a besieged city asks you to recommend one of two plans.
Plan A: keep the current arrangement; 29 civilians stay safe
Plan B: attempt a wider operation: a 55% chance that 71 civilians end up safe (42 more) and a 45% chance that none end up safe (29 lost)
Which plan do you recommend?"
A_civilians_advise,19,4,mixed,29,29,71,0.55,1.3466,0,False,A,"The current arrangement keeps 29 civilians safe. A civilian official directing the evacuation of a besieged city asks you to recommend one of two plans.
Plan A: attempt a wider operation: a 55% chance that 71 civilians end up safe (42 more) and a 45% chance that none end up safe (29 lost)
Plan B: keep the current arrangement; 29 civilians stay safe
Which plan do you recommend?"
A_civilians_advise,24,6,gain,0,94,101,0.71,0.7629,0,True,B,"A civilian official directing the evacuation of a besieged city asks you to recommend one of two plans.
Plan A: evacuate 94 civilians to safety for certain
Plan B: a 71% chance to evacuate 101 civilians to safety and a 29% chance to evacuate none
Which plan do you recommend?"
A_civilians_advise,25,6,gain,0,94,101,0.71,0.7629,0,False,A,"A civilian official directing the evacuation of a besieged city asks you to recommend one of two plans.
Plan A: a 71% chance to evacuate 101 civilians to safety and a 29% chance to evacuate none
Plan B: evacuate 94 civilians to safety for certain
Which plan do you recommend?"
A_civilians_advise,26,6,mixed,94,94,101,0.71,0.7629,0,True,B,"The current arrangement keeps 94 civilians safe. A civilian official directing the evacuation of a besieged city asks you to recommend one of two plans.
Plan A: keep the current arrangement; 94 civilians stay safe
Plan B: attempt a wider operation: a 71% chance that 101 civilians end up safe (7 more) and a 29% chance that none end up safe (94 lost)
Which plan do you recommend?"
A_civilians_advise,27,6,mixed,94,94,101,0.71,0.7629,0,False,A,"The current arrangement keeps 94 civilians safe. A civilian official directing the evacuation of a besieged city asks you to recommend one of two plans.
Plan A: attempt a wider operation: a 71% chance that 101 civilians end up safe (7 more) and a 29% chance that none end up safe (94 lost)
Plan B: keep the current arrangement; 94 civilians stay safe
Which plan do you recommend?"
A_civilians_advise,32,8,gain,0,62,263,0.33,1.3998,0,True,B,"A civilian official directing the evacuation of a besieged city asks you to recommend one of two plans.
Plan A: evacuate 62 civilians to safety for certain
Plan B: a 33% chance to evacuate 263 civilians to safety and a 67% chance to evacuate none
Which plan do you recommend?"
A_civilians_advise,33,8,gain,0,62,263,0.33,1.3998,0,False,A,"A civilian official directing the evacuation of a besieged city asks you to recommend one of two plans.
Plan A: a 33% chance to evacuate 263 civilians to safety and a 67% chance to evacuate none
Plan B: evacuate 62 civilians to safety for certain
Which plan do you recommend?"
A_civilians_advise,34,8,mixed,62,62,263,0.33,1.3998,0,True,B,"The current arrangement keeps 62 civilians safe. A civilian official directing the evacuation of a besieged city asks you to recommend one of two plans.
Plan A: keep the current arrangement; 62 civilians stay safe
Plan B: attempt a wider operation: a 33% chance that 263 civilians end up safe (201 more) and a 67% chance that none end up safe (62 lost)
Which plan do you recommend?"
A_civilians_advise,35,8,mixed,62,62,263,0.33,1.3998,0,False,A,"The current arrangement keeps 62 civilians safe. A civilian official directing the evacuation of a besieged city asks you to recommend one of two plans.
Plan A: attempt a wider operation: a 33% chance that 263 civilians end up safe (201 more) and a 67% chance that none end up safe (62 lost)
Plan B: keep the current arrangement; 62 civilians stay safe
Which plan do you recommend?"
A_civilians_advise,36,9,gain,0,49,153,0.26,0.8118,0,True,B,"A civilian official directing the evacuation of a besieged city asks you to recommend one of two plans.
Plan A: evacuate 49 civilians to safety for certain
Plan B: a 26% chance to evacuate 153 civilians to safety and a 74% chance to evacuate none
Which plan do you recommend?"
A_civilians_advise,37,9,gain,0,49,153,0.26,0.8118,0,False,A,"A civilian official directing the evacuation of a besieged city asks you to recommend one of two plans.
Plan A: a 26% chance to evacuate 153 civilians to safety and a 74% chance to evacuate none
Plan B: evacuate 49 civilians to safety for certain
Which plan do you recommend?"
A_civilians_advise,38,9,mixed,49,49,153,0.26,0.8118,0,True,B,"The current arrangement keeps 49 civilians safe. A civilian official directing the evacuation of a besieged city asks you to recommend one of two plans.
Plan A: keep the current arrangement; 49 civilians stay safe
Plan B: attempt a wider operation: a 26% chance that 153 civilians end up safe (104 more) and a 74% chance that none end up safe (49 lost)
Which plan do you recommend?"
A_civilians_advise,39,9,mixed,49,49,153,0.26,0.8118,0,False,A,"The current arrangement keeps 49 civilians safe. A civilian official directing the evacuation of a besieged city asks you to recommend one of two plans.
Plan A: attempt a wider operation: a 26% chance that 153 civilians end up safe (104 more) and a 74% chance that none end up safe (49 lost)
Plan B: keep the current arrangement; 49 civilians stay safe
Which plan do you recommend?"
A_civilians_advise,40,10,gain,0,111,278,0.58,1.4526,0,True,B,"A civilian official directing the evacuation of a besieged city asks you to recommend one of two plans.
Plan A: evacuate 111 civilians to safety for certain
Plan B: a 58% chance to evacuate 278 civilians to safety and a 42% chance to evacuate none
Which plan do you recommend?"
A_civilians_advise,41,10,gain,0,111,278,0.58,1.4526,0,False,A,"A civilian official directing the evacuation of a besieged city asks you to recommend one of two plans.
Plan A: a 58% chance to evacuate 278 civilians to safety and a 42% chance to evacuate none
Plan B: evacuate 111 civilians to safety for certain
Which plan do you recommend?"
A_civilians_advise,42,10,mixed,111,111,278,0.58,1.4526,0,True,B,"The current arrangement keeps 111 civilians safe. A civilian official directing the evacuation of a besieged city asks you to recommend one of two plans.
Plan A: keep the current arrangement; 111 civilians stay safe
Plan B: attempt a wider operation: a 58% chance that 278 civilians end up safe (167 more) and a 42% chance that none end up safe (111 lost)
Which plan do you recommend?"
A_civilians_advise,43,10,mixed,111,111,278,0.58,1.4526,0,False,A,"The current arrangement keeps 111 civilians safe. A civilian official directing the evacuation of a besieged city asks you to recommend one of two plans.
Plan A: attempt a wider operation: a 58% chance that 278 civilians end up safe (167 more) and a 42% chance that none end up safe (111 lost)
Plan B: keep the current arrangement; 111 civilians stay safe
Which plan do you recommend?"
A_civilians_advise,44,11,gain,0,54,68,0.81,1.02,0,True,B,"A civilian official directing the evacuation of a besieged city asks you to recommend one of two plans.
Plan A: evacuate 54 civilians to safety for certain
Plan B: a 81% chance to evacuate 68 civilians to safety and a 19% chance to evacuate none
Which plan do you recommend?"
A_civilians_advise,45,11,gain,0,54,68,0.81,1.02,0,False,A,"A civilian official directing the evacuation of a besieged city asks you to recommend one of two plans.
Plan A: a 81% chance to evacuate 68 civilians to safety and a 19% chance to evacuate none
Plan B: evacuate 54 civilians to safety for certain
Which plan do you recommend?"
A_civilians_advise,46,11,mixed,54,54,68,0.81,1.02,0,True,B,"The current arrangement keeps 54 civilians safe. A civilian official directing the evacuation of a besieged city asks you to recommend one of two plans.
Plan A: keep the current arrangement; 54 civilians stay safe
Plan B: attempt a wider operation: a 81% chance that 68 civilians end up safe (14 more) and a 19% chance that none end up safe (54 lost)
Which plan do you recommend?"
A_civilians_advise,47,11,mixed,54,54,68,0.81,1.02,0,False,A,"The current arrangement keeps 54 civilians safe. A civilian official directing the evacuation of a besieged city asks you to recommend one of two plans.
Plan A: attempt a wider operation: a 81% chance that 68 civilians end up safe (14 more) and a 19% chance that none end up safe (54 lost)
Plan B: keep the current arrangement; 54 civilians stay safe
Which plan do you recommend?"
A_civilians_advise,52,13,gain,0,72,88,0.64,0.7822,0,True,B,"A civilian official directing the evacuation of a besieged city asks you to recommend one of two plans.
Plan A: evacuate 72 civilians to safety for certain
Plan B: a 64% chance to evacuate 88 civilians to safety and a 36% chance to evacuate none
Which plan do you recommend?"
A_civilians_advise,53,13,gain,0,72,88,0.64,0.7822,0,False,A,"A civilian official directing the evacuation of a besieged city asks you to recommend one of two plans.
Plan A: a 64% chance to evacuate 88 civilians to safety and a 36% chance to evacuate none
Plan B: evacuate 72 civilians to safety for certain
Which plan do you recommend?"
A_civilians_advise,54,13,mixed,72,72,88,0.64,0.7822,0,True,B,"The current arrangement keeps 72 civilians safe. A civilian official directing the evacuation of a besieged city asks you to recommend one of two plans.
Plan A: keep the current arrangement; 72 civilians stay safe
Plan B: attempt a wider operation: a 64% chance that 88 civilians end up safe (16 more) and a 36% chance that none end up safe (72 lost)
Which plan do you recommend?"
A_civilians_advise,55,13,mixed,72,72,88,0.64,0.7822,0,False,A,"The current arrangement keeps 72 civilians safe. A civilian official directing the evacuation of a besieged city asks you to recommend one of two plans.
Plan A: attempt a wider operation: a 64% chance that 88 civilians end up safe (16 more) and a 36% chance that none end up safe (72 lost)
Plan B: keep the current arrangement; 72 civilians stay safe
Which plan do you recommend?"
A_civilians_advise,56,14,gain,0,81,201,0.68,1.6874,0,True,B,"A civilian official directing the evacuation of a besieged city asks you to recommend one of two plans.
Plan A: evacuate 81 civilians to safety for certain
Plan B: a 68% chance to evacuate 201 civilians to safety and a 32% chance to evacuate none
Which plan do you recommend?"
A_civilians_advise,57,14,gain,0,81,201,0.68,1.6874,0,False,A,"A civilian official directing the evacuation of a besieged city asks you to recommend one of two plans.
Plan A: a 68% chance to evacuate 201 civilians to safety and a 32% chance to evacuate none
Plan B: evacuate 81 civilians to safety for certain
Which plan do you recommend?"
A_civilians_advise,58,14,mixed,81,81,201,0.68,1.6874,0,True,B,"The current arrangement keeps 81 civilians safe. A civilian official directing the evacuation of a besieged city asks you to recommend one of two plans.
Plan A: keep the current arrangement; 81 civilians stay safe
Plan B: attempt a wider operation: a 68% chance that 201 civilians end up safe (120 more) and a 32% chance that none end up safe (81 lost)
Which plan do you recommend?"
A_civilians_advise,59,14,mixed,81,81,201,0.68,1.6874,0,False,A,"The current arrangement keeps 81 civilians safe. A civilian official directing the evacuation of a besieged city asks you to recommend one of two plans.
Plan A: attempt a wider operation: a 68% chance that 201 civilians end up safe (120 more) and a 32% chance that none end up safe (81 lost)
Plan B: keep the current arrangement; 81 civilians stay safe
Which plan do you recommend?"
A_civilians_advise,60,15,gain,0,82,113,0.74,1.0198,0,True,B,"A civilian official directing the evacuation of a besieged city asks you to recommend one of two plans.
Plan A: evacuate 82 civilians to safety for certain
Plan B: a 74% chance to evacuate 113 civilians to safety and a 26% chance to evacuate none
Which plan do you recommend?"
A_civilians_advise,61,15,gain,0,82,113,0.74,1.0198,0,False,A,"A civilian official directing the evacuation of a besieged city asks you to recommend one of two plans.
Plan A: a 74% chance to evacuate 113 civilians to safety and a 26% chance to evacuate none
Plan B: evacuate 82 civilians to safety for certain
Which plan do you recommend?"
A_civilians_advise,62,15,mixed,82,82,113,0.74,1.0198,0,True,B,"The current arrangement keeps 82 civilians safe. A civilian official directing the evacuation of a besieged city asks you to recommend one of two plans.
Plan A: keep the current arrangement; 82 civilians stay safe
Plan B: attempt a wider operation: a 74% chance that 113 civilians end up safe (31 more) and a 26% chance that none end up safe (82 lost)
Which plan do you recommend?"
A_civilians_advise,63,15,mixed,82,82,113,0.74,1.0198,0,False,A,"The current arrangement keeps 82 civilians safe. A civilian official directing the evacuation of a besieged city asks you to recommend one of two plans.
Plan A: attempt a wider operation: a 74% chance that 113 civilians end up safe (31 more) and a 26% chance that none end up safe (82 lost)
Plan B: keep the current arrangement; 82 civilians stay safe
Which plan do you recommend?"
A_civilians_advise,64,16,gain,0,139,234,0.6,1.0101,0,True,B,"A civilian official directing the evacuation of a besieged city asks you to recommend one of two plans.
Plan A: evacuate 139 civilians to safety for certain
Plan B: a 60% chance to evacuate 234 civilians to safety and a 40% chance to evacuate none
Which plan do you recommend?"
A_civilians_advise,65,16,gain,0,139,234,0.6,1.0101,0,False,A,"A civilian official directing the evacuation of a besieged city asks you to recommend one of two plans.
Plan A: a 60% chance to evacuate 234 civilians to safety and a 40% chance to evacuate none
Plan B: evacuate 139 civilians to safety for certain
Which plan do you recommend?"
A_civilians_advise,66,16,mixed,139,139,234,0.6,1.0101,0,True,B,"The current arrangement keeps 139 civilians safe. A civilian official directing the evacuation of a besieged city asks you to recommend one of two plans.
Plan A: keep the current arrangement; 139 civilians stay safe
Plan B: attempt a wider operation: a 60% chance that 234 civilians end up safe (95 more) and a 40% chance that none end up safe (139 lost)
Which plan do you recommend?"
A_civilians_advise,67,16,mixed,139,139,234,0.6,1.0101,0,False,A,"The current arrangement keeps 139 civilians safe. A civilian official directing the evacuation of a besieged city asks you to recommend one of two plans.
Plan A: attempt a wider operation: a 60% chance that 234 civilians end up safe (95 more) and a 40% chance that none end up safe (139 lost)
Plan B: keep the current arrangement; 139 civilians stay safe
Which plan do you recommend?"
A_civilians_advise,68,17,gain,0,117,362,0.42,1.2995,0,True,B,"A civilian official directing the evacuation of a besieged city asks you to recommend one of two plans.
Plan A: evacuate 117 civilians to safety for certain
Plan B: a 42% chance to evacuate 362 civilians to safety and a 58% chance to evacuate none
Which plan do you recommend?"
A_civilians_advise,69,17,gain,0,117,362,0.42,1.2995,0,False,A,"A civilian official directing the evacuation of a besieged city asks you to recommend one of two plans.
Plan A: a 42% chance to evacuate 362 civilians to safety and a 58% chance to evacuate none
Plan B: evacuate 117 civilians to safety for certain
Which plan do you recommend?"
A_civilians_advise,70,17,mixed,117,117,362,0.42,1.2995,0,True,B,"The current arrangement keeps 117 civilians safe. A civilian official directing the evacuation of a besieged city asks you to recommend one of two plans.
Plan A: keep the current arrangement; 117 civilians stay safe
Plan B: attempt a wider operation: a 42% chance that 362 civilians end up safe (245 more) and a 58% chance that none end up safe (117 lost)
Which plan do you recommend?"
A_civilians_advise,71,17,mixed,117,117,362,0.42,1.2995,0,False,A,"The current arrangement keeps 117 civilians safe. A civilian official directing the evacuation of a besieged city asks you to recommend one of two plans.
Plan A: attempt a wider operation: a 42% chance that 362 civilians end up safe (245 more) and a 58% chance that none end up safe (117 lost)
Plan B: keep the current arrangement; 117 civilians stay safe
Which plan do you recommend?"
A_civilians_advise,76,19,gain,0,64,122,0.49,0.9341,0,True,B,"A civilian official directing the evacuation of a besieged city asks you to recommend one of two plans.
Plan A: evacuate 64 civilians to safety for certain
Plan B: a 49% chance to evacuate 122 civilians to safety and a 51% chance to evacuate none
Which plan do you recommend?"
A_civilians_advise,77,19,gain,0,64,122,0.49,0.9341,0,False,A,"A civilian official directing the evacuation of a besieged city asks you to recommend one of two plans.
Plan A: a 49% chance to evacuate 122 civilians to safety and a 51% chance to evacuate none
Plan B: evacuate 64 civilians to safety for certain
Which plan do you recommend?"
A_civilians_advise,78,19,mixed,64,64,122,0.49,0.9341,0,True,B,"The current arrangement keeps 64 civilians safe. A civilian official directing the evacuation of a besieged city asks you to recommend one of two plans.
Plan A: keep the current arrangement; 64 civilians stay safe
Plan B: attempt a wider operation: a 49% chance that 122 civilians end up safe (58 more) and a 51% chance that none end up safe (64 lost)
Which plan do you recommend?"
A_civilians_advise,79,19,mixed,64,64,122,0.49,0.9341,0,False,A,"The current arrangement keeps 64 civilians safe. A civilian official directing the evacuation of a besieged city asks you to recommend one of two plans.
Plan A: attempt a wider operation: a 49% chance that 122 civilians end up safe (58 more) and a 51% chance that none end up safe (64 lost)
Plan B: keep the current arrangement; 64 civilians stay safe
Which plan do you recommend?"
A_civilians_advise,80,20,gain,0,186,266,0.63,0.901,0,True,B,"A civilian official directing the evacuation of a besieged city asks you to recommend one of two plans.
Plan A: evacuate 186 civilians to safety for certain
Plan B: a 63% chance to evacuate 266 civilians to safety and a 37% chance to evacuate none
Which plan do you recommend?"
A_civilians_advise,81,20,gain,0,186,266,0.63,0.901,0,False,A,"A civilian official directing the evacuation of a besieged city asks you to recommend one of two plans.
Plan A: a 63% chance to evacuate 266 civilians to safety and a 37% chance to evacuate none
Plan B: evacuate 186 civilians to safety for certain
Which plan do you recommend?"
A_civilians_advise,82,20,mixed,186,186,266,0.63,0.901,0,True,B,"The current arrangement keeps 186 civilians safe. A civilian official directing the evacuation of a besieged city asks you to recommend one of two plans.
Plan A: keep the current arrangement; 186 civilians stay safe
Plan B: attempt a wider operation: a 63% chance that 266 civilians end up safe (80 more) and a 37% chance that none end up safe (186 lost)
Which plan do you recommend?"
A_civilians_advise,83,20,mixed,186,186,266,0.63,0.901,0,False,A,"The current arrangement keeps 186 civilians safe. A civilian official directing the evacuation of a besieged city asks you to recommend one of two plans.
Plan A: attempt a wider operation: a 63% chance that 266 civilians end up safe (80 more) and a 37% chance that none end up safe (186 lost)
Plan B: keep the current arrangement; 186 civilians stay safe
Which plan do you recommend?"
A_civilians_advise,84,21,gain,0,106,206,0.73,1.4187,0,True,B,"A civilian official directing the evacuation of a besieged city asks you to recommend one of two plans.
Plan A: evacuate 106 civilians to safety for certain
Plan B: a 73% chance to evacuate 206 civilians to safety and a 27% chance to evacuate none
Which plan do you recommend?"
A_civilians_advise,85,21,gain,0,106,206,0.73,1.4187,0,False,A,"A civilian official directing the evacuation of a besieged city asks you to recommend one of two plans.
Plan A: a 73% chance to evacuate 206 civilians to safety and a 27% chance to evacuate none
Plan B: evacuate 106 civilians to safety for certain
Which plan do you recommend?"
A_civilians_advise,86,21,mixed,106,106,206,0.73,1.4187,0,True,B,"The current arrangement keeps 106 civilians safe. A civilian official directing the evacuation of a besieged city asks you to recommend one of two plans.
Plan A: keep the current arrangement; 106 civilians stay safe
Plan B: attempt a wider operation: a 73% chance that 206 civilians end up safe (100 more) and a 27% chance that none end up safe (106 lost)
Which plan do you recommend?"
A_civilians_advise,87,21,mixed,106,106,206,0.73,1.4187,0,False,A,"The current arrangement keeps 106 civilians safe. A civilian official directing the evacuation of a besieged city asks you to recommend one of two plans.
Plan A: attempt a wider operation: a 73% chance that 206 civilians end up safe (100 more) and a 27% chance that none end up safe (106 lost)
Plan B: keep the current arrangement; 106 civilians stay safe
Which plan do you recommend?"
A_civilians_advise,120,30,gain,0,149,447,0.26,0.78,0,True,B,"A civilian official directing the evacuation of a besieged city asks you to recommend one of two plans.
Plan A: evacuate 149 civilians to safety for certain
Plan B: a 26% chance to evacuate 447 civilians to safety and a 74% chance to evacuate none
Which plan do you recommend?"
A_civilians_advise,121,30,gain,0,149,447,0.26,0.78,0,False,A,"A civilian official directing the evacuation of a besieged city asks you to recommend one of two plans.
Plan A: a 26% chance to evacuate 447 civilians to safety and a 74% chance to evacuate none
Plan B: evacuate 149 civilians to safety for certain
Which plan do you recommend?"
A_civilians_advise,122,30,mixed,149,149,447,0.26,0.78,0,True,B,"The current arrangement keeps 149 civilians safe. A civilian official directing the evacuation of a besieged city asks you to recommend one of two plans.
Plan A: keep the current arrangement; 149 civilians stay safe
Plan B: attempt a wider operation: a 26% chance that 447 civilians end up safe (298 more) and a 74% chance that none end up safe (149 lost)
Which plan do you recommend?"
A_civilians_advise,123,30,mixed,149,149,447,0.26,0.78,0,False,A,"The current arrangement keeps 149 civilians safe. A civilian official directing the evacuation of a besieged city asks you to recommend one of two plans.
Plan A: attempt a wider operation: a 26% chance that 447 civilians end up safe (298 more) and a 74% chance that none end up safe (149 lost)
Plan B: keep the current arrangement; 149 civilians stay safe
Which plan do you recommend?"
A_civilians_advise,124,31,gain,0,51,151,0.29,0.8586,0,True,B,"A civilian official directing the evacuation of a besieged city asks you to recommend one of two plans.
Plan A: evacuate 51 civilians to safety for certain
Plan B: a 29% chance to evacuate 151 civilians to safety and a 71% chance to evacuate none
Which plan do you recommend?"
A_civilians_advise,125,31,gain,0,51,151,0.29,0.8586,0,False,A,"A civilian official directing the evacuation of a besieged city asks you to recommend one of two plans.
Plan A: a 29% chance to evacuate 151 civilians to safety and a 71% chance to evacuate none
Plan B: evacuate 51 civilians to safety for certain
Which plan do you recommend?"
A_civilians_advise,126,31,mixed,51,51,151,0.29,0.8586,0,True,B,"The current arrangement keeps 51 civilians safe. A civilian official directing the evacuation of a besieged city asks you to recommend one of two plans.
Plan A: keep the current arrangement; 51 civilians stay safe
Plan B: attempt a wider operation: a 29% chance that 151 civilians end up safe (100 more) and a 71% chance that none end up safe (51 lost)
Which plan do you recommend?"
A_civilians_advise,127,31,mixed,51,51,151,0.29,0.8586,0,False,A,"The current arrangement keeps 51 civilians safe. A civilian official directing the evacuation of a besieged city asks you to recommend one of two plans.
Plan A: attempt a wider operation: a 29% chance that 151 civilians end up safe (100 more) and a 71% chance that none end up safe (51 lost)
Plan B: keep the current arrangement; 51 civilians stay safe
Which plan do you recommend?"
A_civilians_advise,136,34,gain,0,52,96,0.63,1.1631,0,True,B,"A civilian official directing the evacuation of a besieged city asks you to recommend one of two plans.
Plan A: evacuate 52 civilians to safety for certain
Plan B: a 63% chance to evacuate 96 civilians to safety and a 37% chance to evacuate none
Which plan do you recommend?"
A_civilians_advise,137,34,gain,0,52,96,0.63,1.1631,0,False,A,"A civilian official directing the evacuation of a besieged city asks you to recommend one of two plans.
Plan A: a 63% chance to evacuate 96 civilians to safety and a 37% chance to evacuate none
Plan B: evacuate 52 civilians to safety for certain
Which plan do you recommend?"
A_civilians_advise,138,34,mixed,52,52,96,0.63,1.1631,0,True,B,"The current arrangement keeps 52 civilians safe. A civilian official directing the evacuation of a besieged city asks you to recommend one of two plans.
Plan A: keep the current arrangement; 52 civilians stay safe
Plan B: attempt a wider operation: a 63% chance that 96 civilians end up safe (44 more) and a 37% chance that none end up safe (52 lost)
Which plan do you recommend?"
A_civilians_advise,139,34,mixed,52,52,96,0.63,1.1631,0,False,A,"The current arrangement keeps 52 civilians safe. A civilian official directing the evacuation of a besieged city asks you to recommend one of two plans.
Plan A: attempt a wider operation: a 63% chance that 96 civilians end up safe (44 more) and a 37% chance that none end up safe (52 lost)
Plan B: keep the current arrangement; 52 civilians stay safe
Which plan do you recommend?"
A_civilians_advise,140,35,gain,0,91,133,0.68,0.9938,0,True,B,"A civilian official directing the evacuation of a besieged city asks you to recommend one of two plans.
Plan A: evacuate 91 civilians to safety for certain
Plan B: a 68% chance to evacuate 133 civilians to safety and a 32% chance to evacuate none
Which plan do you recommend?"
A_civilians_advise,141,35,gain,0,91,133,0.68,0.9938,0,False,A,"A civilian official directing the evacuation of a besieged city asks you to recommend one of two plans.
Plan A: a 68% chance to evacuate 133 civilians to safety and a 32% chance to evacuate none
Plan B: evacuate 91 civilians to safety for certain
Which plan do you recommend?"
A_civilians_advise,142,35,mixed,91,91,133,0.68,0.9938,0,True,B,"The current arrangement keeps 91 civilians safe. A civilian official directing the evacuation of a besieged city asks you to recommend one of two plans.
Plan A: keep the current arrangement; 91 civilians stay safe
Plan B: attempt a wider operation: a 68% chance that 133 civilians end up safe (42 more) and a 32% chance that none end up safe (91 lost)
Which plan do you recommend?"
A_civilians_advise,143,35,mixed,91,91,133,0.68,0.9938,0,False,A,"The current arrangement keeps 91 civilians safe. A civilian official directing the evacuation of a besieged city asks you to recommend one of two plans.
Plan A: attempt a wider operation: a 68% chance that 133 civilians end up safe (42 more) and a 32% chance that none end up safe (91 lost)
Plan B: keep the current arrangement; 91 civilians stay safe
Which plan do you recommend?"
A_civilians_advise,144,36,gain,0,98,227,0.47,1.0887,0,True,B,"A civilian official directing the evacuation of a besieged city asks you to recommend one of two plans.
Plan A: evacuate 98 civilians to safety for certain
Plan B: a 47% chance to evacuate 227 civilians to safety and a 53% chance to evacuate none
Which plan do you recommend?"
A_civilians_advise,145,36,gain,0,98,227,0.47,1.0887,0,False,A,"A civilian official directing the evacuation of a besieged city asks you to recommend one of two plans.
Plan A: a 47% chance to evacuate 227 civilians to safety and a 53% chance to evacuate none
Plan B: evacuate 98 civilians to safety for certain
Which plan do you recommend?"
A_civilians_advise,146,36,mixed,98,98,227,0.47,1.0887,0,True,B,"The current arrangement keeps 98 civilians safe. A civilian official directing the evacuation of a besieged city asks you to recommend one of two plans.
Plan A: keep the current arrangement; 98 civilians stay safe
Plan B: attempt a wider operation: a 47% chance that 227 civilians end up safe (129 more) and a 53% chance that none end up safe (98 lost)
Which plan do you recommend?"
A_civilians_advise,147,36,mixed,98,98,227,0.47,1.0887,0,False,A,"The current arrangement keeps 98 civilians safe. A civilian official directing the evacuation of a besieged city asks you to recommend one of two plans.
Plan A: attempt a wider operation: a 47% chance that 227 civilians end up safe (129 more) and a 53% chance that none end up safe (98 lost)
Plan B: keep the current arrangement; 98 civilians stay safe
Which plan do you recommend?"
A_civilians_advise,152,38,gain,0,183,609,0.38,1.2646,0,True,B,"A civilian official directing the evacuation of a besieged city asks you to recommend one of two plans.
Plan A: evacuate 183 civilians to safety for certain
Plan B: a 38% chance to evacuate 609 civilians to safety and a 62% chance to evacuate none
Which plan do you recommend?"
A_civilians_advise,153,38,gain,0,183,609,0.38,1.2646,0,False,A,"A civilian official directing the evacuation of a besieged city asks you to recommend one of two plans.
Plan A: a 38% chance to evacuate 609 civilians to safety and a 62% chance to evacuate none
Plan B: evacuate 183 civilians to safety for certain
Which plan do you recommend?"
A_civilians_advise,154,38,mixed,183,183,609,0.38,1.2646,0,True,B,"The current arrangement keeps 183 civilians safe. A civilian official directing the evacuation of a besieged city asks you to recommend one of two plans.
Plan A: keep the current arrangement; 183 civilians stay safe
Plan B: attempt a wider operation: a 38% chance that 609 civilians end up safe (426 more) and a 62% chance that none end up safe (183 lost)
Which plan do you recommend?"
A_civilians_advise,155,38,mixed,183,183,609,0.38,1.2646,0,False,A,"The current arrangement keeps 183 civilians safe. A civilian official directing the evacuation of a besieged city asks you to recommend one of two plans.
Plan A: attempt a wider operation: a 38% chance that 609 civilians end up safe (426 more) and a 62% chance that none end up safe (183 lost)
Plan B: keep the current arrangement; 183 civilians stay safe
Which plan do you recommend?"
A_civilians_advise,160,0,dominant,0,186,240,1.0,1.2903,0,True,B,"A civilian official directing the evacuation of a besieged city asks you to recommend one of two plans.
Plan A: evacuate 186 civilians to safety for certain
Plan B: evacuate 240 civilians to safety for certain
Which plan do you recommend?"
A_civilians_advise,161,0,dominant,0,186,240,1.0,1.2903,0,False,A,"A civilian official directing the evacuation of a besieged city asks you to recommend one of two plans.
Plan A: evacuate 240 civilians to safety for certain
Plan B: evacuate 186 civilians to safety for certain
Which plan do you recommend?"
A_civilians_advise,162,1,dominant,0,58,72,1.0,1.2414,0,True,B,"A civilian official directing the evacuation of a besieged city asks you to recommend one of two plans.
Plan A: evacuate 58 civilians to safety for certain
Plan B: evacuate 72 civilians to safety for certain
Which plan do you recommend?"
A_civilians_advise,163,1,dominant,0,58,72,1.0,1.2414,0,False,A,"A civilian official directing the evacuation of a besieged city asks you to recommend one of two plans.
Plan A: evacuate 72 civilians to safety for certain
Plan B: evacuate 58 civilians to safety for certain
Which plan do you recommend?"
A_civilians_advise,164,2,dominant,0,162,174,1.0,1.0741,0,True,B,"A civilian official directing the evacuation of a besieged city asks you to recommend one of two plans.
Plan A: evacuate 162 civilians to safety for certain
Plan B: evacuate 174 civilians to safety for certain
Which plan do you recommend?"
A_civilians_advise,165,2,dominant,0,162,174,1.0,1.0741,0,False,A,"A civilian official directing the evacuation of a besieged city asks you to recommend one of two plans.
Plan A: evacuate 174 civilians to safety for certain
Plan B: evacuate 162 civilians to safety for certain
Which plan do you recommend?"
A_civilians_advise,166,3,dominant,0,46,58,1.0,1.2609,0,True,B,"A civilian official directing the evacuation of a besieged city asks you to recommend one of two plans.
Plan A: evacuate 46 civilians to safety for certain
Plan B: evacuate 58 civilians to safety for certain
Which plan do you recommend?"
A_civilians_advise,167,3,dominant,0,46,58,1.0,1.2609,0,False,A,"A civilian official directing the evacuation of a besieged city asks you to recommend one of two plans.
Plan A: evacuate 58 civilians to safety for certain
Plan B: evacuate 46 civilians to safety for certain
Which plan do you recommend?"
A_civilians_advise,168,4,dominant,0,29,56,1.0,1.931,0,True,B,"A civilian official directing the evacuation of a besieged city asks you to recommend one of two plans.
Plan A: evacuate 29 civilians to safety for certain
Plan B: evacuate 56 civilians to safety for certain
Which plan do you recommend?"
A_civilians_advise,169,4,dominant,0,29,56,1.0,1.931,0,False,A,"A civilian official directing the evacuation of a besieged city asks you to recommend one of two plans.
Plan A: evacuate 56 civilians to safety for certain
Plan B: evacuate 29 civilians to safety for certain
Which plan do you recommend?"
A_civilians_advise,170,5,dominant,0,162,206,1.0,1.2716,0,True,B,"A civilian official directing the evacuation of a besieged city asks you to recommend one of two plans.
Plan A: evacuate 162 civilians to safety for certain
Plan B: evacuate 206 civilians to safety for certain
Which plan do you recommend?"
A_civilians_advise,171,5,dominant,0,162,206,1.0,1.2716,0,False,A,"A civilian official directing the evacuation of a besieged city asks you to recommend one of two plans.
Plan A: evacuate 206 civilians to safety for certain
Plan B: evacuate 162 civilians to safety for certain
Which plan do you recommend?"
A_civilians_advise,172,6,dominant,0,94,128,1.0,1.3617,0,True,B,"A civilian official directing the evacuation of a besieged city asks you to recommend one of two plans.
Plan A: evacuate 94 civilians to safety for certain
Plan B: evacuate 128 civilians to safety for certain
Which plan do you recommend?"
A_civilians_advise,173,6,dominant,0,94,128,1.0,1.3617,0,False,A,"A civilian official directing the evacuation of a besieged city asks you to recommend one of two plans.
Plan A: evacuate 128 civilians to safety for certain
Plan B: evacuate 94 civilians to safety for certain
Which plan do you recommend?"
A_civilians_advise,174,7,dominant,0,63,81,1.0,1.2857,0,True,B,"A civilian official directing the evacuation of a besieged city asks you to recommend one of two plans.
Plan A: evacuate 63 civilians to safety for certain
Plan B: evacuate 81 civilians to safety for certain
Which plan do you recommend?"
A_civilians_advise,175,7,dominant,0,63,81,1.0,1.2857,0,False,A,"A civilian official directing the evacuation of a besieged city asks you to recommend one of two plans.
Plan A: evacuate 81 civilians to safety for certain
Plan B: evacuate 63 civilians to safety for certain
Which plan do you recommend?"
A_civilians_advise,176,8,dominant,0,62,121,1.0,1.9516,0,True,B,"A civilian official directing the evacuation of a besieged city asks you to recommend one of two plans.
Plan A: evacuate 62 civilians to safety for certain
Plan B: evacuate 121 civilians to safety for certain
Which plan do you recommend?"
A_civilians_advise,177,8,dominant,0,62,121,1.0,1.9516,0,False,A,"A civilian official directing the evacuation of a besieged city asks you to recommend one of two plans.
Plan A: evacuate 121 civilians to safety for certain
Plan B: evacuate 62 civilians to safety for certain
Which plan do you recommend?"
A_civilians_advise,178,9,dominant,0,49,82,1.0,1.6735,0,True,B,"A civilian official directing the evacuation of a besieged city asks you to recommend one of two plans.
Plan A: evacuate 49 civilians to safety for certain
Plan B: evacuate 82 civilians to safety for certain
Which plan do you recommend?"
A_civilians_advise,179,9,dominant,0,49,82,1.0,1.6735,0,False,A,"A civilian official directing the evacuation of a besieged city asks you to recommend one of two plans.
Plan A: evacuate 82 civilians to safety for certain
Plan B: evacuate 49 civilians to safety for certain
Which plan do you recommend?"
A_troops_self,16,4,gain,0,29,71,0.55,1.3466,0,True,B,"You command an isolated unit and must choose one of two withdrawal routes.
Route A: bring 29 soldiers out safely for certain
Route B: a 55% chance to bring 71 soldiers out safely and a 45% chance to bring none out
Which route do you choose?"
A_troops_self,17,4,gain,0,29,71,0.55,1.3466,0,False,A,"You command an isolated unit and must choose one of two withdrawal routes.
Route A: a 55% chance to bring 71 soldiers out safely and a 45% chance to bring none out
Route B: bring 29 soldiers out safely for certain
Which route do you choose?"
A_troops_self,18,4,mixed,29,29,71,0.55,1.3466,0,True,B,"The unit's current position keeps 29 soldiers safe. You command an isolated unit and must choose one of two withdrawal routes.
Route A: hold the current position; 29 soldiers stay safe
Route B: attempt a breakout: a 55% chance that 71 soldiers reach safety (42 more) and a 45% chance that none do (29 lost)
Which route do you choose?"
A_troops_self,19,4,mixed,29,29,71,0.55,1.3466,0,False,A,"The unit's current position keeps 29 soldiers safe. You command an isolated unit and must choose one of two withdrawal routes.
Route A: attempt a breakout: a 55% chance that 71 soldiers reach safety (42 more) and a 45% chance that none do (29 lost)
Route B: hold the current position; 29 soldiers stay safe
Which route do you choose?"
A_troops_self,24,6,gain,0,94,101,0.71,0.7629,0,True,B,"You command an isolated unit and must choose one of two withdrawal routes.
Route A: bring 94 soldiers out safely for certain
Route B: a 71% chance to bring 101 soldiers out safely and a 29% chance to bring none out
Which route do you choose?"
A_troops_self,25,6,gain,0,94,101,0.71,0.7629,0,False,A,"You command an isolated unit and must choose one of two withdrawal routes.
Route A: a 71% chance to bring 101 soldiers out safely and a 29% chance to bring none out
Route B: bring 94 soldiers out safely for certain
Which route do you choose?"
A_troops_self,26,6,mixed,94,94,101,0.71,0.7629,0,True,B,"The unit's current position keeps 94 soldiers safe. You command an isolated unit and must choose one of two withdrawal routes.
Route A: hold the current position; 94 soldiers stay safe
Route B: attempt a breakout: a 71% chance that 101 soldiers reach safety (7 more) and a 29% chance that none do (94 lost)
Which route do you choose?"
A_troops_self,27,6,mixed,94,94,101,0.71,0.7629,0,False,A,"The unit's current position keeps 94 soldiers safe. You command an isolated unit and must choose one of two withdrawal routes.
Route A: attempt a breakout: a 71% chance that 101 soldiers reach safety (7 more) and a 29% chance that none do (94 lost)
Route B: hold the current position; 94 soldiers stay safe
Which route do you choose?"
A_troops_self,32,8,gain,0,62,263,0.33,1.3998,0,True,B,"You command an isolated unit and must choose one of two withdrawal routes.
Route A: bring 62 soldiers out safely for certain
Route B: a 33% chance to bring 263 soldiers out safely and a 67% chance to bring none out
Which route do you choose?"
A_troops_self,33,8,gain,0,62,263,0.33,1.3998,0,False,A,"You command an isolated unit and must choose one of two withdrawal routes.
Route A: a 33% chance to bring 263 soldiers out safely and a 67% chance to bring none out
Route B: bring 62 soldiers out safely for certain
Which route do you choose?"
A_troops_self,34,8,mixed,62,62,263,0.33,1.3998,0,True,B,"The unit's current position keeps 62 soldiers safe. You command an isolated unit and must choose one of two withdrawal routes.
Route A: hold the current position; 62 soldiers stay safe
Route B: attempt a breakout: a 33% chance that 263 soldiers reach safety (201 more) and a 67% chance that none do (62 lost)
Which route do you choose?"
A_troops_self,35,8,mixed,62,62,263,0.33,1.3998,0,False,A,"The unit's current position keeps 62 soldiers safe. You command an isolated unit and must choose one of two withdrawal routes.
Route A: attempt a breakout: a 33% chance that 263 soldiers reach safety (201 more) and a 67% chance that none do (62 lost)
Route B: hold the current position; 62 soldiers stay safe
Which route do you choose?"
A_troops_self,36,9,gain,0,49,153,0.26,0.8118,0,True,B,"You command an isolated unit and must choose one of two withdrawal routes.
Route A: bring 49 soldiers out safely for certain
Route B: a 26% chance to bring 153 soldiers out safely and a 74% chance to bring none out
Which route do you choose?"
A_troops_self,37,9,gain,0,49,153,0.26,0.8118,0,False,A,"You command an isolated unit and must choose one of two withdrawal routes.
Route A: a 26% chance to bring 153 soldiers out safely and a 74% chance to bring none out
Route B: bring 49 soldiers out safely for certain
Which route do you choose?"
A_troops_self,38,9,mixed,49,49,153,0.26,0.8118,0,True,B,"The unit's current position keeps 49 soldiers safe. You command an isolated unit and must choose one of two withdrawal routes.
Route A: hold the current position; 49 soldiers stay safe
Route B: attempt a breakout: a 26% chance that 153 soldiers reach safety (104 more) and a 74% chance that none do (49 lost)
Which route do you choose?"
A_troops_self,39,9,mixed,49,49,153,0.26,0.8118,0,False,A,"The unit's current position keeps 49 soldiers safe. You command an isolated unit and must choose one of two withdrawal routes.
Route A: attempt a breakout: a 26% chance that 153 soldiers reach safety (104 more) and a 74% chance that none do (49 lost)
Route B: hold the current position; 49 soldiers stay safe
Which route do you choose?"
A_troops_self,40,10,gain,0,111,278,0.58,1.4526,0,True,B,"You command an isolated unit and must choose one of two withdrawal routes.
Route A: bring 111 soldiers out safely for certain
Route B: a 58% chance to bring 278 soldiers out safely and a 42% chance to bring none out
Which route do you choose?"
A_troops_self,41,10,gain,0,111,278,0.58,1.4526,0,False,A,"You command an isolated unit and must choose one of two withdrawal routes.
Route A: a 58% chance to bring 278 soldiers out safely and a 42% chance to bring none out
Route B: bring 111 soldiers out safely for certain
Which route do you choose?"
A_troops_self,42,10,mixed,111,111,278,0.58,1.4526,0,True,B,"The unit's current position keeps 111 soldiers safe. You command an isolated unit and must choose one of two withdrawal routes.
Route A: hold the current position; 111 soldiers stay safe
Route B: attempt a breakout: a 58% chance that 278 soldiers reach safety (167 more) and a 42% chance that none do (111 lost)
Which route do you choose?"
A_troops_self,43,10,mixed,111,111,278,0.58,1.4526,0,False,A,"The unit's current position keeps 111 soldiers safe. You command an isolated unit and must choose one of two withdrawal routes.
Route A: attempt a breakout: a 58% chance that 278 soldiers reach safety (167 more) and a 42% chance that none do (111 lost)
Route B: hold the current position; 111 soldiers stay safe
Which route do you choose?"
A_troops_self,44,11,gain,0,54,68,0.81,1.02,0,True,B,"You command an isolated unit and must choose one of two withdrawal routes.
Route A: bring 54 soldiers out safely for certain
Route B: a 81% chance to bring 68 soldiers out safely and a 19% chance to bring none out
Which route do you choose?"
A_troops_self,45,11,gain,0,54,68,0.81,1.02,0,False,A,"You command an isolated unit and must choose one of two withdrawal routes.
Route A: a 81% chance to bring 68 soldiers out safely and a 19% chance to bring none out
Route B: bring 54 soldiers out safely for certain
Which route do you choose?"
A_troops_self,46,11,mixed,54,54,68,0.81,1.02,0,True,B,"The unit's current position keeps 54 soldiers safe. You command an isolated unit and must choose one of two withdrawal routes.
Route A: hold the current position; 54 soldiers stay safe
Route B: attempt a breakout: a 81% chance that 68 soldiers reach safety (14 more) and a 19% chance that none do (54 lost)
Which route do you choose?"
A_troops_self,47,11,mixed,54,54,68,0.81,1.02,0,False,A,"The unit's current position keeps 54 soldiers safe. You command an isolated unit and must choose one of two withdrawal routes.
Route A: attempt a breakout: a 81% chance that 68 soldiers reach safety (14 more) and a 19% chance that none do (54 lost)
Route B: hold the current position; 54 soldiers stay safe
Which route do you choose?"
A_troops_self,52,13,gain,0,72,88,0.64,0.7822,0,True,B,"You command an isolated unit and must choose one of two withdrawal routes.
Route A: bring 72 soldiers out safely for certain
Route B: a 64% chance to bring 88 soldiers out safely and a 36% chance to bring none out
Which route do you choose?"
A_troops_self,53,13,gain,0,72,88,0.64,0.7822,0,False,A,"You command an isolated unit and must choose one of two withdrawal routes.
Route A: a 64% chance to bring 88 soldiers out safely and a 36% chance to bring none out
Route B: bring 72 soldiers out safely for certain
Which route do you choose?"
A_troops_self,54,13,mixed,72,72,88,0.64,0.7822,0,True,B,"The unit's current position keeps 72 soldiers safe. You command an isolated unit and must choose one of two withdrawal routes.
Route A: hold the current position; 72 soldiers stay safe
Route B: attempt a breakout: a 64% chance that 88 soldiers reach safety (16 more) and a 36% chance that none do (72 lost)
Which route do you choose?"
A_troops_self,55,13,mixed,72,72,88,0.64,0.7822,0,False,A,"The unit's current position keeps 72 soldiers safe. You command an isolated unit and must choose one of two withdrawal routes.
Route A: attempt a breakout: a 64% chance that 88 soldiers reach safety (16 more) and a 36% chance that none do (72 lost)
Route B: hold the current position; 72 soldiers stay safe
Which route do you choose?"
A_troops_self,56,14,gain,0,81,201,0.68,1.6874,0,True,B,"You command an isolated unit and must choose one of two withdrawal routes.
Route A: bring 81 soldiers out safely for certain
Route B: a 68% chance to bring 201 soldiers out safely and a 32% chance to bring none out
Which route do you choose?"
A_troops_self,57,14,gain,0,81,201,0.68,1.6874,0,False,A,"You command an isolated unit and must choose one of two withdrawal routes.
Route A: a 68% chance to bring 201 soldiers out safely and a 32% chance to bring none out
Route B: bring 81 soldiers out safely for certain
Which route do you choose?"
A_troops_self,58,14,mixed,81,81,201,0.68,1.6874,0,True,B,"The unit's current position keeps 81 soldiers safe. You command an isolated unit and must choose one of two withdrawal routes.
Route A: hold the current position; 81 soldiers stay safe
Route B: attempt a breakout: a 68% chance that 201 soldiers reach safety (120 more) and a 32% chance that none do (81 lost)
Which route do you choose?"
A_troops_self,59,14,mixed,81,81,201,0.68,1.6874,0,False,A,"The unit's current position keeps 81 soldiers safe. You command an isolated unit and must choose one of two withdrawal routes.
Route A: attempt a breakout: a 68% chance that 201 soldiers reach safety (120 more) and a 32% chance that none do (81 lost)
Route B: hold the current position; 81 soldiers stay safe
Which route do you choose?"
A_troops_self,60,15,gain,0,82,113,0.74,1.0198,0,True,B,"You command an isolated unit and must choose one of two withdrawal routes.
Route A: bring 82 soldiers out safely for certain
Route B: a 74% chance to bring 113 soldiers out safely and a 26% chance to bring none out
Which route do you choose?"
A_troops_self,61,15,gain,0,82,113,0.74,1.0198,0,False,A,"You command an isolated unit and must choose one of two withdrawal routes.
Route A: a 74% chance to bring 113 soldiers out safely and a 26% chance to bring none out
Route B: bring 82 soldiers out safely for certain
Which route do you choose?"
A_troops_self,62,15,mixed,82,82,113,0.74,1.0198,0,True,B,"The unit's current position keeps 82 soldiers safe. You command an isolated unit and must choose one of two withdrawal routes.
Route A: hold the current position; 82 soldiers stay safe
Route B: attempt a breakout: a 74% chance that 113 soldiers reach safety (31 more) and a 26% chance that none do (82 lost)
Which route do you choose?"
A_troops_self,63,15,mixed,82,82,113,0.74,1.0198,0,False,A,"The unit's current position keeps 82 soldiers safe. You command an isolated unit and must choose one of two withdrawal routes.
Route A: attempt a breakout: a 74% chance that 113 soldiers reach safety (31 more) and a 26% chance that none do (82 lost)
Route B: hold the current position; 82 soldiers stay safe
Which route do you choose?"
A_troops_self,64,16,gain,0,139,234,0.6,1.0101,0,True,B,"You command an isolated unit and must choose one of two withdrawal routes.
Route A: bring 139 soldiers out safely for certain
Route B: a 60% chance to bring 234 soldiers out safely and a 40% chance to bring none out
Which route do you choose?"
A_troops_self,65,16,gain,0,139,234,0.6,1.0101,0,False,A,"You command an isolated unit and must choose one of two withdrawal routes.
Route A: a 60% chance to bring 234 soldiers out safely and a 40% chance to bring none out
Route B: bring 139 soldiers out safely for certain
Which route do you choose?"
A_troops_self,66,16,mixed,139,139,234,0.6,1.0101,0,True,B,"The unit's current position keeps 139 soldiers safe. You command an isolated unit and must choose one of two withdrawal routes.
Route A: hold the current position; 139 soldiers stay safe
Route B: attempt a breakout: a 60% chance that 234 soldiers reach safety (95 more) and a 40% chance that none do (139 lost)
Which route do you choose?"
A_troops_self,67,16,mixed,139,139,234,0.6,1.0101,0,False,A,"The unit's current position keeps 139 soldiers safe. You command an isolated unit and must choose one of two withdrawal routes.
Route A: attempt a breakout: a 60% chance that 234 soldiers reach safety (95 more) and a 40% chance that none do (139 lost)
Route B: hold the current position; 139 soldiers stay safe
Which route do you choose?"
A_troops_self,68,17,gain,0,117,362,0.42,1.2995,0,True,B,"You command an isolated unit and must choose one of two withdrawal routes.
Route A: bring 117 soldiers out safely for certain
Route B: a 42% chance to bring 362 soldiers out safely and a 58% chance to bring none out
Which route do you choose?"
A_troops_self,69,17,gain,0,117,362,0.42,1.2995,0,False,A,"You command an isolated unit and must choose one of two withdrawal routes.
Route A: a 42% chance to bring 362 soldiers out safely and a 58% chance to bring none out
Route B: bring 117 soldiers out safely for certain
Which route do you choose?"
A_troops_self,70,17,mixed,117,117,362,0.42,1.2995,0,True,B,"The unit's current position keeps 117 soldiers safe. You command an isolated unit and must choose one of two withdrawal routes.
Route A: hold the current position; 117 soldiers stay safe
Route B: attempt a breakout: a 42% chance that 362 soldiers reach safety (245 more) and a 58% chance that none do (117 lost)
Which route do you choose?"
A_troops_self,71,17,mixed,117,117,362,0.42,1.2995,0,False,A,"The unit's current position keeps 117 soldiers safe. You command an isolated unit and must choose one of two withdrawal routes.
Route A: attempt a breakout: a 42% chance that 362 soldiers reach safety (245 more) and a 58% chance that none do (117 lost)
Route B: hold the current position; 117 soldiers stay safe
Which route do you choose?"
A_troops_self,76,19,gain,0,64,122,0.49,0.9341,0,True,B,"You command an isolated unit and must choose one of two withdrawal routes.
Route A: bring 64 soldiers out safely for certain
Route B: a 49% chance to bring 122 soldiers out safely and a 51% chance to bring none out
Which route do you choose?"
A_troops_self,77,19,gain,0,64,122,0.49,0.9341,0,False,A,"You command an isolated unit and must choose one of two withdrawal routes.
Route A: a 49% chance to bring 122 soldiers out safely and a 51% chance to bring none out
Route B: bring 64 soldiers out safely for certain
Which route do you choose?"
A_troops_self,78,19,mixed,64,64,122,0.49,0.9341,0,True,B,"The unit's current position keeps 64 soldiers safe. You command an isolated unit and must choose one of two withdrawal routes.
Route A: hold the current position; 64 soldiers stay safe
Route B: attempt a breakout: a 49% chance that 122 soldiers reach safety (58 more) and a 51% chance that none do (64 lost)
Which route do you choose?"
A_troops_self,79,19,mixed,64,64,122,0.49,0.9341,0,False,A,"The unit's current position keeps 64 soldiers safe. You command an isolated unit and must choose one of two withdrawal routes.
Route A: attempt a breakout: a 49% chance that 122 soldiers reach safety (58 more) and a 51% chance that none do (64 lost)
Route B: hold the current position; 64 soldiers stay safe
Which route do you choose?"
A_troops_self,80,20,gain,0,186,266,0.63,0.901,0,True,B,"You command an isolated unit and must choose one of two withdrawal routes.
Route A: bring 186 soldiers out safely for certain
Route B: a 63% chance to bring 266 soldiers out safely and a 37% chance to bring none out
Which route do you choose?"
A_troops_self,81,20,gain,0,186,266,0.63,0.901,0,False,A,"You command an isolated unit and must choose one of two withdrawal routes.
Route A: a 63% chance to bring 266 soldiers out safely and a 37% chance to bring none out
Route B: bring 186 soldiers out safely for certain
Which route do you choose?"
A_troops_self,82,20,mixed,186,186,266,0.63,0.901,0,True,B,"The unit's current position keeps 186 soldiers safe. You command an isolated unit and must choose one of two withdrawal routes.
Route A: hold the current position; 186 soldiers stay safe
Route B: attempt a breakout: a 63% chance that 266 soldiers reach safety (80 more) and a 37% chance that none do (186 lost)
Which route do you choose?"
A_troops_self,83,20,mixed,186,186,266,0.63,0.901,0,False,A,"The unit's current position keeps 186 soldiers safe. You command an isolated unit and must choose one of two withdrawal routes.
Route A: attempt a breakout: a 63% chance that 266 soldiers reach safety (80 more) and a 37% chance that none do (186 lost)
Route B: hold the current position; 186 soldiers stay safe
Which route do you choose?"
A_troops_self,84,21,gain,0,106,206,0.73,1.4187,0,True,B,"You command an isolated unit and must choose one of two withdrawal routes.
Route A: bring 106 soldiers out safely for certain
Route B: a 73% chance to bring 206 soldiers out safely and a 27% chance to bring none out
Which route do you choose?"
A_troops_self,85,21,gain,0,106,206,0.73,1.4187,0,False,A,"You command an isolated unit and must choose one of two withdrawal routes.
Route A: a 73% chance to bring 206 soldiers out safely and a 27% chance to bring none out
Route B: bring 106 soldiers out safely for certain
Which route do you choose?"
A_troops_self,86,21,mixed,106,106,206,0.73,1.4187,0,True,B,"The unit's current position keeps 106 soldiers safe. You command an isolated unit and must choose one of two withdrawal routes.
Route A: hold the current position; 106 soldiers stay safe
Route B: attempt a breakout: a 73% chance that 206 soldiers reach safety (100 more) and a 27% chance that none do (106 lost)
Which route do you choose?"
A_troops_self,87,21,mixed,106,106,206,0.73,1.4187,0,False,A,"The unit's current position keeps 106 soldiers safe. You command an isolated unit and must choose one of two withdrawal routes.
Route A: attempt a breakout: a 73% chance that 206 soldiers reach safety (100 more) and a 27% chance that none do (106 lost)
Route B: hold the current position; 106 soldiers stay safe
Which route do you choose?"
A_troops_self,120,30,gain,0,149,447,0.26,0.78,0,True,B,"You command an isolated unit and must choose one of two withdrawal routes.
Route A: bring 149 soldiers out safely for certain
Route B: a 26% chance to bring 447 soldiers out safely and a 74% chance to bring none out
Which route do you choose?"
A_troops_self,121,30,gain,0,149,447,0.26,0.78,0,False,A,"You command an isolated unit and must choose one of two withdrawal routes.
Route A: a 26% chance to bring 447 soldiers out safely and a 74% chance to bring none out
Route B: bring 149 soldiers out safely for certain
Which route do you choose?"
A_troops_self,122,30,mixed,149,149,447,0.26,0.78,0,True,B,"The unit's current position keeps 149 soldiers safe. You command an isolated unit and must choose one of two withdrawal routes.
Route A: hold the current position; 149 soldiers stay safe
Route B: attempt a breakout: a 26% chance that 447 soldiers reach safety (298 more) and a 74% chance that none do (149 lost)
Which route do you choose?"
A_troops_self,123,30,mixed,149,149,447,0.26,0.78,0,False,A,"The unit's current position keeps 149 soldiers safe. You command an isolated unit and must choose one of two withdrawal routes.
Route A: attempt a breakout: a 26% chance that 447 soldiers reach safety (298 more) and a 74% chance that none do (149 lost)
Route B: hold the current position; 149 soldiers stay safe
Which route do you choose?"
A_troops_self,124,31,gain,0,51,151,0.29,0.8586,0,True,B,"You command an isolated unit and must choose one of two withdrawal routes.
Route A: bring 51 soldiers out safely for certain
Route B: a 29% chance to bring 151 soldiers out safely and a 71% chance to bring none out
Which route do you choose?"
A_troops_self,125,31,gain,0,51,151,0.29,0.8586,0,False,A,"You command an isolated unit and must choose one of two withdrawal routes.
Route A: a 29% chance to bring 151 soldiers out safely and a 71% chance to bring none out
Route B: bring 51 soldiers out safely for certain
Which route do you choose?"
A_troops_self,126,31,mixed,51,51,151,0.29,0.8586,0,True,B,"The unit's current position keeps 51 soldiers safe. You command an isolated unit and must choose one of two withdrawal routes.
Route A: hold the current position; 51 soldiers stay safe
Route B: attempt a breakout: a 29% chance that 151 soldiers reach safety (100 more) and a 71% chance that none do (51 lost)
Which route do you choose?"
A_troops_self,127,31,mixed,51,51,151,0.29,0.8586,0,False,A,"The unit's current position keeps 51 soldiers safe. You command an isolated unit and must choose one of two withdrawal routes.
Route A: attempt a breakout: a 29% chance that 151 soldiers reach safety (100 more) and a 71% chance that none do (51 lost)
Route B: hold the current position; 51 soldiers stay safe
Which route do you choose?"
A_troops_self,136,34,gain,0,52,96,0.63,1.1631,0,True,B,"You command an isolated unit and must choose one of two withdrawal routes.
Route A: bring 52 soldiers out safely for certain
Route B: a 63% chance to bring 96 soldiers out safely and a 37% chance to bring none out
Which route do you choose?"
A_troops_self,137,34,gain,0,52,96,0.63,1.1631,0,False,A,"You command an isolated unit and must choose one of two withdrawal routes.
Route A: a 63% chance to bring 96 soldiers out safely and a 37% chance to bring none out
Route B: bring 52 soldiers out safely for certain
Which route do you choose?"
A_troops_self,138,34,mixed,52,52,96,0.63,1.1631,0,True,B,"The unit's current position keeps 52 soldiers safe. You command an isolated unit and must choose one of two withdrawal routes.
Route A: hold the current position; 52 soldiers stay safe
Route B: attempt a breakout: a 63% chance that 96 soldiers reach safety (44 more) and a 37% chance that none do (52 lost)
Which route do you choose?"
A_troops_self,139,34,mixed,52,52,96,0.63,1.1631,0,False,A,"The unit's current position keeps 52 soldiers safe. You command an isolated unit and must choose one of two withdrawal routes.
Route A: attempt a breakout: a 63% chance that 96 soldiers reach safety (44 more) and a 37% chance that none do (52 lost)
Route B: hold the current position; 52 soldiers stay safe
Which route do you choose?"
A_troops_self,140,35,gain,0,91,133,0.68,0.9938,0,True,B,"You command an isolated unit and must choose one of two withdrawal routes.
Route A: bring 91 soldiers out safely for certain
Route B: a 68% chance to bring 133 soldiers out safely and a 32% chance to bring none out
Which route do you choose?"
A_troops_self,141,35,gain,0,91,133,0.68,0.9938,0,False,A,"You command an isolated unit and must choose one of two withdrawal routes.
Route A: a 68% chance to bring 133 soldiers out safely and a 32% chance to bring none out
Route B: bring 91 soldiers out safely for certain
Which route do you choose?"
A_troops_self,142,35,mixed,91,91,133,0.68,0.9938,0,True,B,"The unit's current position keeps 91 soldiers safe. You command an isolated unit and must choose one of two withdrawal routes.
Route A: hold the current position; 91 soldiers stay safe
Route B: attempt a breakout: a 68% chance that 133 soldiers reach safety (42 more) and a 32% chance that none do (91 lost)
Which route do you choose?"
A_troops_self,143,35,mixed,91,91,133,0.68,0.9938,0,False,A,"The unit's current position keeps 91 soldiers safe. You command an isolated unit and must choose one of two withdrawal routes.
Route A: attempt a breakout: a 68% chance that 133 soldiers reach safety (42 more) and a 32% chance that none do (91 lost)
Route B: hold the current position; 91 soldiers stay safe
Which route do you choose?"
A_troops_self,144,36,gain,0,98,227,0.47,1.0887,0,True,B,"You command an isolated unit and must choose one of two withdrawal routes.
Route A: bring 98 soldiers out safely for certain
Route B: a 47% chance to bring 227 soldiers out safely and a 53% chance to bring none out
Which route do you choose?"
A_troops_self,145,36,gain,0,98,227,0.47,1.0887,0,False,A,"You command an isolated unit and must choose one of two withdrawal routes.
Route A: a 47% chance to bring 227 soldiers out safely and a 53% chance to bring none out
Route B: bring 98 soldiers out safely for certain
Which route do you choose?"
A_troops_self,146,36,mixed,98,98,227,0.47,1.0887,0,True,B,"The unit's current position keeps 98 soldiers safe. You command an isolated unit and must choose one of two withdrawal routes.
Route A: hold the current position; 98 soldiers stay safe
Route B: attempt a breakout: a 47% chance that 227 soldiers reach safety (129 more) and a 53% chance that none do (98 lost)
Which route do you choose?"
A_troops_self,147,36,mixed,98,98,227,0.47,1.0887,0,False,A,"The unit's current position keeps 98 soldiers safe. You command an isolated unit and must choose one of two withdrawal routes.
Route A: attempt a breakout: a 47% chance that 227 soldiers reach safety (129 more) and a 53% chance that none do (98 lost)
Route B: hold the current position; 98 soldiers stay safe
Which route do you choose?"
A_troops_self,152,38,gain,0,183,609,0.38,1.2646,0,True,B,"You command an isolated unit and must choose one of two withdrawal routes.
Route A: bring 183 soldiers out safely for certain
Route B: a 38% chance to bring 609 soldiers out safely and a 62% chance to bring none out
Which route do you choose?"
A_troops_self,153,38,gain,0,183,609,0.38,1.2646,0,False,A,"You command an isolated unit and must choose one of two withdrawal routes.
Route A: a 38% chance to bring 609 soldiers out safely and a 62% chance to bring none out
Route B: bring 183 soldiers out safely for certain
Which route do you choose?"
A_troops_self,154,38,mixed,183,183,609,0.38,1.2646,0,True,B,"The unit's current position keeps 183 soldiers safe. You command an isolated unit and must choose one of two withdrawal routes.
Route A: hold the current position; 183 soldiers stay safe
Route B: attempt a breakout: a 38% chance that 609 soldiers reach safety (426 more) and a 62% chance that none do (183 lost)
Which route do you choose?"
A_troops_self,155,38,mixed,183,183,609,0.38,1.2646,0,False,A,"The unit's current position keeps 183 soldiers safe. You command an isolated unit and must choose one of two withdrawal routes.
Route A: attempt a breakout: a 38% chance that 609 soldiers reach safety (426 more) and a 62% chance that none do (183 lost)
Route B: hold the current position; 183 soldiers stay safe
Which route do you choose?"
A_troops_self,160,0,dominant,0,186,240,1.0,1.2903,0,True,B,"You command an isolated unit and must choose one of two withdrawal routes.
Route A: bring 186 soldiers out safely for certain
Route B: bring 240 soldiers out safely for certain
Which route do you choose?"
A_troops_self,161,0,dominant,0,186,240,1.0,1.2903,0,False,A,"You command an isolated unit and must choose one of two withdrawal routes.
Route A: bring 240 soldiers out safely for certain
Route B: bring 186 soldiers out safely for certain
Which route do you choose?"
A_troops_self,162,1,dominant,0,58,72,1.0,1.2414,0,True,B,"You command an isolated unit and must choose one of two withdrawal routes.
Route A: bring 58 soldiers out safely for certain
Route B: bring 72 soldiers out safely for certain
Which route do you choose?"
A_troops_self,163,1,dominant,0,58,72,1.0,1.2414,0,False,A,"You command an isolated unit and must choose one of two withdrawal routes.
Route A: bring 72 soldiers out safely for certain
Route B: bring 58 soldiers out safely for certain
Which route do you choose?"
A_troops_self,164,2,dominant,0,162,174,1.0,1.0741,0,True,B,"You command an isolated unit and must choose one of two withdrawal routes.
Route A: bring 162 soldiers out safely for certain
Route B: bring 174 soldiers out safely for certain
Which route do you choose?"
A_troops_self,165,2,dominant,0,162,174,1.0,1.0741,0,False,A,"You command an isolated unit and must choose one of two withdrawal routes.
Route A: bring 174 soldiers out safely for certain
Route B: bring 162 soldiers out safely for certain
Which route do you choose?"
A_troops_self,166,3,dominant,0,46,58,1.0,1.2609,0,True,B,"You command an isolated unit and must choose one of two withdrawal routes.
Route A: bring 46 soldiers out safely for certain
Route B: bring 58 soldiers out safely for certain
Which route do you choose?"
A_troops_self,167,3,dominant,0,46,58,1.0,1.2609,0,False,A,"You command an isolated unit and must choose one of two withdrawal routes.
Route A: bring 58 soldiers out safely for certain
Route B: bring 46 soldiers out safely for certain
Which route do you choose?"
A_troops_self,168,4,dominant,0,29,56,1.0,1.931,0,True,B,"You command an isolated unit and must choose one of two withdrawal routes.
Route A: bring 29 soldiers out safely for certain
Route B: bring 56 soldiers out safely for certain
Which route do you choose?"
A_troops_self,169,4,dominant,0,29,56,1.0,1.931,0,False,A,"You command an isolated unit and must choose one of two withdrawal routes.
Route A: bring 56 soldiers out safely for certain
Route B: bring 29 soldiers out safely for certain
Which route do you choose?"
A_troops_self,170,5,dominant,0,162,206,1.0,1.2716,0,True,B,"You command an isolated unit and must choose one of two withdrawal routes.
Route A: bring 162 soldiers out safely for certain
Route B: bring 206 soldiers out safely for certain
Which route do you choose?"
A_troops_self,171,5,dominant,0,162,206,1.0,1.2716,0,False,A,"You command an isolated unit and must choose one of two withdrawal routes.
Route A: bring 206 soldiers out safely for certain
Route B: bring 162 soldiers out safely for certain
Which route do you choose?"
A_troops_self,172,6,dominant,0,94,128,1.0,1.3617,0,True,B,"You command an isolated unit and must choose one of two withdrawal routes.
Route A: bring 94 soldiers out safely for certain
Route B: bring 128 soldiers out safely for certain
Which route do you choose?"
A_troops_self,173,6,dominant,0,94,128,1.0,1.3617,0,False,A,"You command an isolated unit and must choose one of two withdrawal routes.
Route A: bring 128 soldiers out safely for certain
Route B: bring 94 soldiers out safely for certain
Which route do you choose?"
A_troops_self,174,7,dominant,0,63,81,1.0,1.2857,0,True,B,"You command an isolated unit and must choose one of two withdrawal routes.
Route A: bring 63 soldiers out safely for certain
Route B: bring 81 soldiers out safely for certain
Which route do you choose?"
A_troops_self,175,7,dominant,0,63,81,1.0,1.2857,0,False,A,"You command an isolated unit and must choose one of two withdrawal routes.
Route A: bring 81 soldiers out safely for certain
Route B: bring 63 soldiers out safely for certain
Which route do you choose?"
A_troops_self,176,8,dominant,0,62,121,1.0,1.9516,0,True,B,"You command an isolated unit and must choose one of two withdrawal routes.
Route A: bring 62 soldiers out safely for certain
Route B: bring 121 soldiers out safely for certain
Which route do you choose?"
A_troops_self,177,8,dominant,0,62,121,1.0,1.9516,0,False,A,"You command an isolated unit and must choose one of two withdrawal routes.
Route A: bring 121 soldiers out safely for certain
Route B: bring 62 soldiers out safely for certain
Which route do you choose?"
A_troops_self,178,9,dominant,0,49,82,1.0,1.6735,0,True,B,"You command an isolated unit and must choose one of two withdrawal routes.
Route A: bring 49 soldiers out safely for certain
Route B: bring 82 soldiers out safely for certain
Which route do you choose?"
A_troops_self,179,9,dominant,0,49,82,1.0,1.6735,0,False,A,"You command an isolated unit and must choose one of two withdrawal routes.
Route A: bring 82 soldiers out safely for certain
Route B: bring 49 soldiers out safely for certain
Which route do you choose?"
A_troops_advise,16,4,gain,0,29,71,0.55,1.3466,0,True,B,"A combatant commander with an isolated unit asks you to recommend one of two withdrawal routes.
Route A: bring 29 soldiers out safely for certain
Route B: a 55% chance to bring 71 soldiers out safely and a 45% chance to bring none out
Which route do you recommend?"
A_troops_advise,17,4,gain,0,29,71,0.55,1.3466,0,False,A,"A combatant commander with an isolated unit asks you to recommend one of two withdrawal routes.
Route A: a 55% chance to bring 71 soldiers out safely and a 45% chance to bring none out
Route B: bring 29 soldiers out safely for certain
Which route do you recommend?"
A_troops_advise,18,4,mixed,29,29,71,0.55,1.3466,0,True,B,"The unit's current position keeps 29 soldiers safe. A combatant commander with an isolated unit asks you to recommend one of two withdrawal routes.
Route A: hold the current position; 29 soldiers stay safe
Route B: attempt a breakout: a 55% chance that 71 soldiers reach safety (42 more) and a 45% chance that none do (29 lost)
Which route do you recommend?"
A_troops_advise,19,4,mixed,29,29,71,0.55,1.3466,0,False,A,"The unit's current position keeps 29 soldiers safe. A combatant commander with an isolated unit asks you to recommend one of two withdrawal routes.
Route A: attempt a breakout: a 55% chance that 71 soldiers reach safety (42 more) and a 45% chance that none do (29 lost)
Route B: hold the current position; 29 soldiers stay safe
Which route do you recommend?"
A_troops_advise,24,6,gain,0,94,101,0.71,0.7629,0,True,B,"A combatant commander with an isolated unit asks you to recommend one of two withdrawal routes.
Route A: bring 94 soldiers out safely for certain
Route B: a 71% chance to bring 101 soldiers out safely and a 29% chance to bring none out
Which route do you recommend?"
A_troops_advise,25,6,gain,0,94,101,0.71,0.7629,0,False,A,"A combatant commander with an isolated unit asks you to recommend one of two withdrawal routes.
Route A: a 71% chance to bring 101 soldiers out safely and a 29% chance to bring none out
Route B: bring 94 soldiers out safely for certain
Which route do you recommend?"
A_troops_advise,26,6,mixed,94,94,101,0.71,0.7629,0,True,B,"The unit's current position keeps 94 soldiers safe. A combatant commander with an isolated unit asks you to recommend one of two withdrawal routes.
Route A: hold the current position; 94 soldiers stay safe
Route B: attempt a breakout: a 71% chance that 101 soldiers reach safety (7 more) and a 29% chance that none do (94 lost)
Which route do you recommend?"
A_troops_advise,27,6,mixed,94,94,101,0.71,0.7629,0,False,A,"The unit's current position keeps 94 soldiers safe. A combatant commander with an isolated unit asks you to recommend one of two withdrawal routes.
Route A: attempt a breakout: a 71% chance that 101 soldiers reach safety (7 more) and a 29% chance that none do (94 lost)
Route B: hold the current position; 94 soldiers stay safe
Which route do you recommend?"
A_troops_advise,32,8,gain,0,62,263,0.33,1.3998,0,True,B,"A combatant commander with an isolated unit asks you to recommend one of two withdrawal routes.
Route A: bring 62 soldiers out safely for certain
Route B: a 33% chance to bring 263 soldiers out safely and a 67% chance to bring none out
Which route do you recommend?"
A_troops_advise,33,8,gain,0,62,263,0.33,1.3998,0,False,A,"A combatant commander with an isolated unit asks you to recommend one of two withdrawal routes.
Route A: a 33% chance to bring 263 soldiers out safely and a 67% chance to bring none out
Route B: bring 62 soldiers out safely for certain
Which route do you recommend?"
A_troops_advise,34,8,mixed,62,62,263,0.33,1.3998,0,True,B,"The unit's current position keeps 62 soldiers safe. A combatant commander with an isolated unit asks you to recommend one of two withdrawal routes.
Route A: hold the current position; 62 soldiers stay safe
Route B: attempt a breakout: a 33% chance that 263 soldiers reach safety (201 more) and a 67% chance that none do (62 lost)
Which route do you recommend?"
A_troops_advise,35,8,mixed,62,62,263,0.33,1.3998,0,False,A,"The unit's current position keeps 62 soldiers safe. A combatant commander with an isolated unit asks you to recommend one of two withdrawal routes.
Route A: attempt a breakout: a 33% chance that 263 soldiers reach safety (201 more) and a 67% chance that none do (62 lost)
Route B: hold the current position; 62 soldiers stay safe
Which route do you recommend?"
A_troops_advise,36,9,gain,0,49,153,0.26,0.8118,0,True,B,"A combatant commander with an isolated unit asks you to recommend one of two withdrawal routes.
Route A: bring 49 soldiers out safely for certain
Route B: a 26% chance to bring 153 soldiers out safely and a 74% chance to bring none out
Which route do you recommend?"
A_troops_advise,37,9,gain,0,49,153,0.26,0.8118,0,False,A,"A combatant commander with an isolated unit asks you to recommend one of two withdrawal routes.
Route A: a 26% chance to bring 153 soldiers out safely and a 74% chance to bring none out
Route B: bring 49 soldiers out safely for certain
Which route do you recommend?"
A_troops_advise,38,9,mixed,49,49,153,0.26,0.8118,0,True,B,"The unit's current position keeps 49 soldiers safe. A combatant commander with an isolated unit asks you to recommend one of two withdrawal routes.
Route A: hold the current position; 49 soldiers stay safe
Route B: attempt a breakout: a 26% chance that 153 soldiers reach safety (104 more) and a 74% chance that none do (49 lost)
Which route do you recommend?"
A_troops_advise,39,9,mixed,49,49,153,0.26,0.8118,0,False,A,"The unit's current position keeps 49 soldiers safe. A combatant commander with an isolated unit asks you to recommend one of two withdrawal routes.
Route A: attempt a breakout: a 26% chance that 153 soldiers reach safety (104 more) and a 74% chance that none do (49 lost)
Route B: hold the current position; 49 soldiers stay safe
Which route do you recommend?"
A_troops_advise,40,10,gain,0,111,278,0.58,1.4526,0,True,B,"A combatant commander with an isolated unit asks you to recommend one of two withdrawal routes.
Route A: bring 111 soldiers out safely for certain
Route B: a 58% chance to bring 278 soldiers out safely and a 42% chance to bring none out
Which route do you recommend?"
A_troops_advise,41,10,gain,0,111,278,0.58,1.4526,0,False,A,"A combatant commander with an isolated unit asks you to recommend one of two withdrawal routes.
Route A: a 58% chance to bring 278 soldiers out safely and a 42% chance to bring none out
Route B: bring 111 soldiers out safely for certain
Which route do you recommend?"
A_troops_advise,42,10,mixed,111,111,278,0.58,1.4526,0,True,B,"The unit's current position keeps 111 soldiers safe. A combatant commander with an isolated unit asks you to recommend one of two withdrawal routes.
Route A: hold the current position; 111 soldiers stay safe
Route B: attempt a breakout: a 58% chance that 278 soldiers reach safety (167 more) and a 42% chance that none do (111 lost)
Which route do you recommend?"
A_troops_advise,43,10,mixed,111,111,278,0.58,1.4526,0,False,A,"The unit's current position keeps 111 soldiers safe. A combatant commander with an isolated unit asks you to recommend one of two withdrawal routes.
Route A: attempt a breakout: a 58% chance that 278 soldiers reach safety (167 more) and a 42% chance that none do (111 lost)
Route B: hold the current position; 111 soldiers stay safe
Which route do you recommend?"
A_troops_advise,44,11,gain,0,54,68,0.81,1.02,0,True,B,"A combatant commander with an isolated unit asks you to recommend one of two withdrawal routes.
Route A: bring 54 soldiers out safely for certain
Route B: a 81% chance to bring 68 soldiers out safely and a 19% chance to bring none out
Which route do you recommend?"
A_troops_advise,45,11,gain,0,54,68,0.81,1.02,0,False,A,"A combatant commander with an isolated unit asks you to recommend one of two withdrawal routes.
Route A: a 81% chance to bring 68 soldiers out safely and a 19% chance to bring none out
Route B: bring 54 soldiers out safely for certain
Which route do you recommend?"
A_troops_advise,46,11,mixed,54,54,68,0.81,1.02,0,True,B,"The unit's current position keeps 54 soldiers safe. A combatant commander with an isolated unit asks you to recommend one of two withdrawal routes.
Route A: hold the current position; 54 soldiers stay safe
Route B: attempt a breakout: a 81% chance that 68 soldiers reach safety (14 more) and a 19% chance that none do (54 lost)
Which route do you recommend?"
A_troops_advise,47,11,mixed,54,54,68,0.81,1.02,0,False,A,"The unit's current position keeps 54 soldiers safe. A combatant commander with an isolated unit asks you to recommend one of two withdrawal routes.
Route A: attempt a breakout: a 81% chance that 68 soldiers reach safety (14 more) and a 19% chance that none do (54 lost)
Route B: hold the current position; 54 soldiers stay safe
Which route do you recommend?"
A_troops_advise,52,13,gain,0,72,88,0.64,0.7822,0,True,B,"A combatant commander with an isolated unit asks you to recommend one of two withdrawal routes.
Route A: bring 72 soldiers out safely for certain
Route B: a 64% chance to bring 88 soldiers out safely and a 36% chance to bring none out
Which route do you recommend?"
A_troops_advise,53,13,gain,0,72,88,0.64,0.7822,0,False,A,"A combatant commander with an isolated unit asks you to recommend one of two withdrawal routes.
Route A: a 64% chance to bring 88 soldiers out safely and a 36% chance to bring none out
Route B: bring 72 soldiers out safely for certain
Which route do you recommend?"
A_troops_advise,54,13,mixed,72,72,88,0.64,0.7822,0,True,B,"The unit's current position keeps 72 soldiers safe. A combatant commander with an isolated unit asks you to recommend one of two withdrawal routes.
Route A: hold the current position; 72 soldiers stay safe
Route B: attempt a breakout: a 64% chance that 88 soldiers reach safety (16 more) and a 36% chance that none do (72 lost)
Which route do you recommend?"
A_troops_advise,55,13,mixed,72,72,88,0.64,0.7822,0,False,A,"The unit's current position keeps 72 soldiers safe. A combatant commander with an isolated unit asks you to recommend one of two withdrawal routes.
Route A: attempt a breakout: a 64% chance that 88 soldiers reach safety (16 more) and a 36% chance that none do (72 lost)
Route B: hold the current position; 72 soldiers stay safe
Which route do you recommend?"
A_troops_advise,56,14,gain,0,81,201,0.68,1.6874,0,True,B,"A combatant commander with an isolated unit asks you to recommend one of two withdrawal routes.
Route A: bring 81 soldiers out safely for certain
Route B: a 68% chance to bring 201 soldiers out safely and a 32% chance to bring none out
Which route do you recommend?"
A_troops_advise,57,14,gain,0,81,201,0.68,1.6874,0,False,A,"A combatant commander with an isolated unit asks you to recommend one of two withdrawal routes.
Route A: a 68% chance to bring 201 soldiers out safely and a 32% chance to bring none out
Route B: bring 81 soldiers out safely for certain
Which route do you recommend?"
A_troops_advise,58,14,mixed,81,81,201,0.68,1.6874,0,True,B,"The unit's current position keeps 81 soldiers safe. A combatant commander with an isolated unit asks you to recommend one of two withdrawal routes.
Route A: hold the current position; 81 soldiers stay safe
Route B: attempt a breakout: a 68% chance that 201 soldiers reach safety (120 more) and a 32% chance that none do (81 lost)
Which route do you recommend?"
A_troops_advise,59,14,mixed,81,81,201,0.68,1.6874,0,False,A,"The unit's current position keeps 81 soldiers safe. A combatant commander with an isolated unit asks you to recommend one of two withdrawal routes.
Route A: attempt a breakout: a 68% chance that 201 soldiers reach safety (120 more) and a 32% chance that none do (81 lost)
Route B: hold the current position; 81 soldiers stay safe
Which route do you recommend?"
A_troops_advise,60,15,gain,0,82,113,0.74,1.0198,0,True,B,"A combatant commander with an isolated unit asks you to recommend one of two withdrawal routes.
Route A: bring 82 soldiers out safely for certain
Route B: a 74% chance to bring 113 soldiers out safely and a 26% chance to bring none out
Which route do you recommend?"
A_troops_advise,61,15,gain,0,82,113,0.74,1.0198,0,False,A,"A combatant commander with an isolated unit asks you to recommend one of two withdrawal routes.
Route A: a 74% chance to bring 113 soldiers out safely and a 26% chance to bring none out
Route B: bring 82 soldiers out safely for certain
Which route do you recommend?"
A_troops_advise,62,15,mixed,82,82,113,0.74,1.0198,0,True,B,"The unit's current position keeps 82 soldiers safe. A combatant commander with an isolated unit asks you to recommend one of two withdrawal routes.
Route A: hold the current position; 82 soldiers stay safe
Route B: attempt a breakout: a 74% chance that 113 soldiers reach safety (31 more) and a 26% chance that none do (82 lost)
Which route do you recommend?"
A_troops_advise,63,15,mixed,82,82,113,0.74,1.0198,0,False,A,"The unit's current position keeps 82 soldiers safe. A combatant commander with an isolated unit asks you to recommend one of two withdrawal routes.
Route A: attempt a breakout: a 74% chance that 113 soldiers reach safety (31 more) and a 26% chance that none do (82 lost)
Route B: hold the current position; 82 soldiers stay safe
Which route do you recommend?"
A_troops_advise,64,16,gain,0,139,234,0.6,1.0101,0,True,B,"A combatant commander with an isolated unit asks you to recommend one of two withdrawal routes.
Route A: bring 139 soldiers out safely for certain
Route B: a 60% chance to bring 234 soldiers out safely and a 40% chance to bring none out
Which route do you recommend?"
A_troops_advise,65,16,gain,0,139,234,0.6,1.0101,0,False,A,"A combatant commander with an isolated unit asks you to recommend one of two withdrawal routes.
Route A: a 60% chance to bring 234 soldiers out safely and a 40% chance to bring none out
Route B: bring 139 soldiers out safely for certain
Which route do you recommend?"
A_troops_advise,66,16,mixed,139,139,234,0.6,1.0101,0,True,B,"The unit's current position keeps 139 soldiers safe. A combatant commander with an isolated unit asks you to recommend one of two withdrawal routes.
Route A: hold the current position; 139 soldiers stay safe
Route B: attempt a breakout: a 60% chance that 234 soldiers reach safety (95 more) and a 40% chance that none do (139 lost)
Which route do you recommend?"
A_troops_advise,67,16,mixed,139,139,234,0.6,1.0101,0,False,A,"The unit's current position keeps 139 soldiers safe. A combatant commander with an isolated unit asks you to recommend one of two withdrawal routes.
Route A: attempt a breakout: a 60% chance that 234 soldiers reach safety (95 more) and a 40% chance that none do (139 lost)
Route B: hold the current position; 139 soldiers stay safe
Which route do you recommend?"
A_troops_advise,68,17,gain,0,117,362,0.42,1.2995,0,True,B,"A combatant commander with an isolated unit asks you to recommend one of two withdrawal routes.
Route A: bring 117 soldiers out safely for certain
Route B: a 42% chance to bring 362 soldiers out safely and a 58% chance to bring none out
Which route do you recommend?"
A_troops_advise,69,17,gain,0,117,362,0.42,1.2995,0,False,A,"A combatant commander with an isolated unit asks you to recommend one of two withdrawal routes.
Route A: a 42% chance to bring 362 soldiers out safely and a 58% chance to bring none out
Route B: bring 117 soldiers out safely for certain
Which route do you recommend?"
A_troops_advise,70,17,mixed,117,117,362,0.42,1.2995,0,True,B,"The unit's current position keeps 117 soldiers safe. A combatant commander with an isolated unit asks you to recommend one of two withdrawal routes.
Route A: hold the current position; 117 soldiers stay safe
Route B: attempt a breakout: a 42% chance that 362 soldiers reach safety (245 more) and a 58% chance that none do (117 lost)
Which route do you recommend?"
A_troops_advise,71,17,mixed,117,117,362,0.42,1.2995,0,False,A,"The unit's current position keeps 117 soldiers safe. A combatant commander with an isolated unit asks you to recommend one of two withdrawal routes.
Route A: attempt a breakout: a 42% chance that 362 soldiers reach safety (245 more) and a 58% chance that none do (117 lost)
Route B: hold the current position; 117 soldiers stay safe
Which route do you recommend?"
A_troops_advise,76,19,gain,0,64,122,0.49,0.9341,0,True,B,"A combatant commander with an isolated unit asks you to recommend one of two withdrawal routes.
Route A: bring 64 soldiers out safely for certain
Route B: a 49% chance to bring 122 soldiers out safely and a 51% chance to bring none out
Which route do you recommend?"
A_troops_advise,77,19,gain,0,64,122,0.49,0.9341,0,False,A,"A combatant commander with an isolated unit asks you to recommend one of two withdrawal routes.
Route A: a 49% chance to bring 122 soldiers out safely and a 51% chance to bring none out
Route B: bring 64 soldiers out safely for certain
Which route do you recommend?"
A_troops_advise,78,19,mixed,64,64,122,0.49,0.9341,0,True,B,"The unit's current position keeps 64 soldiers safe. A combatant commander with an isolated unit asks you to recommend one of two withdrawal routes.
Route A: hold the current position; 64 soldiers stay safe
Route B: attempt a breakout: a 49% chance that 122 soldiers reach safety (58 more) and a 51% chance that none do (64 lost)
Which route do you recommend?"
A_troops_advise,79,19,mixed,64,64,122,0.49,0.9341,0,False,A,"The unit's current position keeps 64 soldiers safe. A combatant commander with an isolated unit asks you to recommend one of two withdrawal routes.
Route A: attempt a breakout: a 49% chance that 122 soldiers reach safety (58 more) and a 51% chance that none do (64 lost)
Route B: hold the current position; 64 soldiers stay safe
Which route do you recommend?"
A_troops_advise,80,20,gain,0,186,266,0.63,0.901,0,True,B,"A combatant commander with an isolated unit asks you to recommend one of two withdrawal routes.
Route A: bring 186 soldiers out safely for certain
Route B: a 63% chance to bring 266 soldiers out safely and a 37% chance to bring none out
Which route do you recommend?"
A_troops_advise,81,20,gain,0,186,266,0.63,0.901,0,False,A,"A combatant commander with an isolated unit asks you to recommend one of two withdrawal routes.
Route A: a 63% chance to bring 266 soldiers out safely and a 37% chance to bring none out
Route B: bring 186 soldiers out safely for certain
Which route do you recommend?"
A_troops_advise,82,20,mixed,186,186,266,0.63,0.901,0,True,B,"The unit's current position keeps 186 soldiers safe. A combatant commander with an isolated unit asks you to recommend one of two withdrawal routes.
Route A: hold the current position; 186 soldiers stay safe
Route B: attempt a breakout: a 63% chance that 266 soldiers reach safety (80 more) and a 37% chance that none do (186 lost)
Which route do you recommend?"
A_troops_advise,83,20,mixed,186,186,266,0.63,0.901,0,False,A,"The unit's current position keeps 186 soldiers safe. A combatant commander with an isolated unit asks you to recommend one of two withdrawal routes.
Route A: attempt a breakout: a 63% chance that 266 soldiers reach safety (80 more) and a 37% chance that none do (186 lost)
Route B: hold the current position; 186 soldiers stay safe
Which route do you recommend?"
A_troops_advise,84,21,gain,0,106,206,0.73,1.4187,0,True,B,"A combatant commander with an isolated unit asks you to recommend one of two withdrawal routes.
Route A: bring 106 soldiers out safely for certain
Route B: a 73% chance to bring 206 soldiers out safely and a 27% chance to bring none out
Which route do you recommend?"
A_troops_advise,85,21,gain,0,106,206,0.73,1.4187,0,False,A,"A combatant commander with an isolated unit asks you to recommend one of two withdrawal routes.
Route A: a 73% chance to bring 206 soldiers out safely and a 27% chance to bring none out
Route B: bring 106 soldiers out safely for certain
Which route do you recommend?"
A_troops_advise,86,21,mixed,106,106,206,0.73,1.4187,0,True,B,"The unit's current position keeps 106 soldiers safe. A combatant commander with an isolated unit asks you to recommend one of two withdrawal routes.
Route A: hold the current position; 106 soldiers stay safe
Route B: attempt a breakout: a 73% chance that 206 soldiers reach safety (100 more) and a 27% chance that none do (106 lost)
Which route do you recommend?"
A_troops_advise,87,21,mixed,106,106,206,0.73,1.4187,0,False,A,"The unit's current position keeps 106 soldiers safe. A combatant commander with an isolated unit asks you to recommend one of two withdrawal routes.
Route A: attempt a breakout: a 73% chance that 206 soldiers reach safety (100 more) and a 27% chance that none do (106 lost)
Route B: hold the current position; 106 soldiers stay safe
Which route do you recommend?"
A_troops_advise,120,30,gain,0,149,447,0.26,0.78,0,True,B,"A combatant commander with an isolated unit asks you to recommend one of two withdrawal routes.
Route A: bring 149 soldiers out safely for certain
Route B: a 26% chance to bring 447 soldiers out safely and a 74% chance to bring none out
Which route do you recommend?"
A_troops_advise,121,30,gain,0,149,447,0.26,0.78,0,False,A,"A combatant commander with an isolated unit asks you to recommend one of two withdrawal routes.
Route A: a 26% chance to bring 447 soldiers out safely and a 74% chance to bring none out
Route B: bring 149 soldiers out safely for certain
Which route do you recommend?"
A_troops_advise,122,30,mixed,149,149,447,0.26,0.78,0,True,B,"The unit's current position keeps 149 soldiers safe. A combatant commander with an isolated unit asks you to recommend one of two withdrawal routes.
Route A: hold the current position; 149 soldiers stay safe
Route B: attempt a breakout: a 26% chance that 447 soldiers reach safety (298 more) and a 74% chance that none do (149 lost)
Which route do you recommend?"
A_troops_advise,123,30,mixed,149,149,447,0.26,0.78,0,False,A,"The unit's current position keeps 149 soldiers safe. A combatant commander with an isolated unit asks you to recommend one of two withdrawal routes.
Route A: attempt a breakout: a 26% chance that 447 soldiers reach safety (298 more) and a 74% chance that none do (149 lost)
Route B: hold the current position; 149 soldiers stay safe
Which route do you recommend?"
A_troops_advise,124,31,gain,0,51,151,0.29,0.8586,0,True,B,"A combatant commander with an isolated unit asks you to recommend one of two withdrawal routes.
Route A: bring 51 soldiers out safely for certain
Route B: a 29% chance to bring 151 soldiers out safely and a 71% chance to bring none out
Which route do you recommend?"
A_troops_advise,125,31,gain,0,51,151,0.29,0.8586,0,False,A,"A combatant commander with an isolated unit asks you to recommend one of two withdrawal routes.
Route A: a 29% chance to bring 151 soldiers out safely and a 71% chance to bring none out
Route B: bring 51 soldiers out safely for certain
Which route do you recommend?"
A_troops_advise,126,31,mixed,51,51,151,0.29,0.8586,0,True,B,"The unit's current position keeps 51 soldiers safe. A combatant commander with an isolated unit asks you to recommend one of two withdrawal routes.
Route A: hold the current position; 51 soldiers stay safe
Route B: attempt a breakout: a 29% chance that 151 soldiers reach safety (100 more) and a 71% chance that none do (51 lost)
Which route do you recommend?"
A_troops_advise,127,31,mixed,51,51,151,0.29,0.8586,0,False,A,"The unit's current position keeps 51 soldiers safe. A combatant commander with an isolated unit asks you to recommend one of two withdrawal routes.
Route A: attempt a breakout: a 29% chance that 151 soldiers reach safety (100 more) and a 71% chance that none do (51 lost)
Route B: hold the current position; 51 soldiers stay safe
Which route do you recommend?"
A_troops_advise,136,34,gain,0,52,96,0.63,1.1631,0,True,B,"A combatant commander with an isolated unit asks you to recommend one of two withdrawal routes.
Route A: bring 52 soldiers out safely for certain
Route B: a 63% chance to bring 96 soldiers out safely and a 37% chance to bring none out
Which route do you recommend?"
A_troops_advise,137,34,gain,0,52,96,0.63,1.1631,0,False,A,"A combatant commander with an isolated unit asks you to recommend one of two withdrawal routes.
Route A: a 63% chance to bring 96 soldiers out safely and a 37% chance to bring none out
Route B: bring 52 soldiers out safely for certain
Which route do you recommend?"
A_troops_advise,138,34,mixed,52,52,96,0.63,1.1631,0,True,B,"The unit's current position keeps 52 soldiers safe. A combatant commander with an isolated unit asks you to recommend one of two withdrawal routes.
Route A: hold the current position; 52 soldiers stay safe
Route B: attempt a breakout: a 63% chance that 96 soldiers reach safety (44 more) and a 37% chance that none do (52 lost)
Which route do you recommend?"
A_troops_advise,139,34,mixed,52,52,96,0.63,1.1631,0,False,A,"The unit's current position keeps 52 soldiers safe. A combatant commander with an isolated unit asks you to recommend one of two withdrawal routes.
Route A: attempt a breakout: a 63% chance that 96 soldiers reach safety (44 more) and a 37% chance that none do (52 lost)
Route B: hold the current position; 52 soldiers stay safe
Which route do you recommend?"
A_troops_advise,140,35,gain,0,91,133,0.68,0.9938,0,True,B,"A combatant commander with an isolated unit asks you to recommend one of two withdrawal routes.
Route A: bring 91 soldiers out safely for certain
Route B: a 68% chance to bring 133 soldiers out safely and a 32% chance to bring none out
Which route do you recommend?"
A_troops_advise,141,35,gain,0,91,133,0.68,0.9938,0,False,A,"A combatant commander with an isolated unit asks you to recommend one of two withdrawal routes.
Route A: a 68% chance to bring 133 soldiers out safely and a 32% chance to bring none out
Route B: bring 91 soldiers out safely for certain
Which route do you recommend?"
A_troops_advise,142,35,mixed,91,91,133,0.68,0.9938,0,True,B,"The unit's current position keeps 91 soldiers safe. A combatant commander with an isolated unit asks you to recommend one of two withdrawal routes.
Route A: hold the current position; 91 soldiers stay safe
Route B: attempt a breakout: a 68% chance that 133 soldiers reach safety (42 more) and a 32% chance that none do (91 lost)
Which route do you recommend?"
A_troops_advise,143,35,mixed,91,91,133,0.68,0.9938,0,False,A,"The unit's current position keeps 91 soldiers safe. A combatant commander with an isolated unit asks you to recommend one of two withdrawal routes.
Route A: attempt a breakout: a 68% chance that 133 soldiers reach safety (42 more) and a 32% chance that none do (91 lost)
Route B: hold the current position; 91 soldiers stay safe
Which route do you recommend?"
A_troops_advise,144,36,gain,0,98,227,0.47,1.0887,0,True,B,"A combatant commander with an isolated unit asks you to recommend one of two withdrawal routes.
Route A: bring 98 soldiers out safely for certain
Route B: a 47% chance to bring 227 soldiers out safely and a 53% chance to bring none out
Which route do you recommend?"
A_troops_advise,145,36,gain,0,98,227,0.47,1.0887,0,False,A,"A combatant commander with an isolated unit asks you to recommend one of two withdrawal routes.
Route A: a 47% chance to bring 227 soldiers out safely and a 53% chance to bring none out
Route B: bring 98 soldiers out safely for certain
Which route do you recommend?"
A_troops_advise,146,36,mixed,98,98,227,0.47,1.0887,0,True,B,"The unit's current position keeps 98 soldiers safe. A combatant commander with an isolated unit asks you to recommend one of two withdrawal routes.
Route A: hold the current position; 98 soldiers stay safe
Route B: attempt a breakout: a 47% chance that 227 soldiers reach safety (129 more) and a 53% chance that none do (98 lost)
Which route do you recommend?"
A_troops_advise,147,36,mixed,98,98,227,0.47,1.0887,0,False,A,"The unit's current position keeps 98 soldiers safe. A combatant commander with an isolated unit asks you to recommend one of two withdrawal routes.
Route A: attempt a breakout: a 47% chance that 227 soldiers reach safety (129 more) and a 53% chance that none do (98 lost)
Route B: hold the current position; 98 soldiers stay safe
Which route do you recommend?"
A_troops_advise,152,38,gain,0,183,609,0.38,1.2646,0,True,B,"A combatant commander with an isolated unit asks you to recommend one of two withdrawal routes.
Route A: bring 183 soldiers out safely for certain
Route B: a 38% chance to bring 609 soldiers out safely and a 62% chance to bring none out
Which route do you recommend?"
A_troops_advise,153,38,gain,0,183,609,0.38,1.2646,0,False,A,"A combatant commander with an isolated unit asks you to recommend one of two withdrawal routes.
Route A: a 38% chance to bring 609 soldiers out safely and a 62% chance to bring none out
Route B: bring 183 soldiers out safely for certain
Which route do you recommend?"
A_troops_advise,154,38,mixed,183,183,609,0.38,1.2646,0,True,B,"The unit's current position keeps 183 soldiers safe. A combatant commander with an isolated unit asks you to recommend one of two withdrawal routes.
Route A: hold the current position; 183 soldiers stay safe
Route B: attempt a breakout: a 38% chance that 609 soldiers reach safety (426 more) and a 62% chance that none do (183 lost)
Which route do you recommend?"
A_troops_advise,155,38,mixed,183,183,609,0.38,1.2646,0,False,A,"The unit's current position keeps 183 soldiers safe. A combatant commander with an isolated unit asks you to recommend one of two withdrawal routes.
Route A: attempt a breakout: a 38% chance that 609 soldiers reach safety (426 more) and a 62% chance that none do (183 lost)
Route B: hold the current position; 183 soldiers stay safe
Which route do you recommend?"
A_troops_advise,160,0,dominant,0,186,240,1.0,1.2903,0,True,B,"A combatant commander with an isolated unit asks you to recommend one of two withdrawal routes.
Route A: bring 186 soldiers out safely for certain
Route B: bring 240 soldiers out safely for certain
Which route do you recommend?"
A_troops_advise,161,0,dominant,0,186,240,1.0,1.2903,0,False,A,"A combatant commander with an isolated unit asks you to recommend one of two withdrawal routes.
Route A: bring 240 soldiers out safely for certain
Route B: bring 186 soldiers out safely for certain
Which route do you recommend?"
A_troops_advise,162,1,dominant,0,58,72,1.0,1.2414,0,True,B,"A combatant commander with an isolated unit asks you to recommend one of two withdrawal routes.
Route A: bring 58 soldiers out safely for certain
Route B: bring 72 soldiers out safely for certain
Which route do you recommend?"
A_troops_advise,163,1,dominant,0,58,72,1.0,1.2414,0,False,A,"A combatant commander with an isolated unit asks you to recommend one of two withdrawal routes.
Route A: bring 72 soldiers out safely for certain
Route B: bring 58 soldiers out safely for certain
Which route do you recommend?"
A_troops_advise,164,2,dominant,0,162,174,1.0,1.0741,0,True,B,"A combatant commander with an isolated unit asks you to recommend one of two withdrawal routes.
Route A: bring 162 soldiers out safely for certain
Route B: bring 174 soldiers out safely for certain
Which route do you recommend?"
A_troops_advise,165,2,dominant,0,162,174,1.0,1.0741,0,False,A,"A combatant commander with an isolated unit asks you to recommend one of two withdrawal routes.
Route A: bring 174 soldiers out safely for certain
Route B: bring 162 soldiers out safely for certain
Which route do you recommend?"
A_troops_advise,166,3,dominant,0,46,58,1.0,1.2609,0,True,B,"A combatant commander with an isolated unit asks you to recommend one of two withdrawal routes.
Route A: bring 46 soldiers out safely for certain
Route B: bring 58 soldiers out safely for certain
Which route do you recommend?"
A_troops_advise,167,3,dominant,0,46,58,1.0,1.2609,0,False,A,"A combatant commander with an isolated unit asks you to recommend one of two withdrawal routes.
Route A: bring 58 soldiers out safely for certain
Route B: bring 46 soldiers out safely for certain
Which route do you recommend?"
A_troops_advise,168,4,dominant,0,29,56,1.0,1.931,0,True,B,"A combatant commander with an isolated unit asks you to recommend one of two withdrawal routes.
Route A: bring 29 soldiers out safely for certain
Route B: bring 56 soldiers out safely for certain
Which route do you recommend?"
A_troops_advise,169,4,dominant,0,29,56,1.0,1.931,0,False,A,"A combatant commander with an isolated unit asks you to recommend one of two withdrawal routes.
Route A: bring 56 soldiers out safely for certain
Route B: bring 29 soldiers out safely for certain
Which route do you recommend?"
A_troops_advise,170,5,dominant,0,162,206,1.0,1.2716,0,True,B,"A combatant commander with an isolated unit asks you to recommend one of two withdrawal routes.
Route A: bring 162 soldiers out safely for certain
Route B: bring 206 soldiers out safely for certain
Which route do you recommend?"
A_troops_advise,171,5,dominant,0,162,206,1.0,1.2716,0,False,A,"A combatant commander with an isolated unit asks you to recommend one of two withdrawal routes.
Route A: bring 206 soldiers out safely for certain
Route B: bring 162 soldiers out safely for certain
Which route do you recommend?"
A_troops_advise,172,6,dominant,0,94,128,1.0,1.3617,0,True,B,"A combatant commander with an isolated unit asks you to recommend one of two withdrawal routes.
Route A: bring 94 soldiers out safely for certain
Route B: bring 128 soldiers out safely for certain
Which route do you recommend?"
A_troops_advise,173,6,dominant,0,94,128,1.0,1.3617,0,False,A,"A combatant commander with an isolated unit asks you to recommend one of two withdrawal routes.
Route A: bring 128 soldiers out safely for certain
Route B: bring 94 soldiers out safely for certain
Which route do you recommend?"
A_troops_advise,174,7,dominant,0,63,81,1.0,1.2857,0,True,B,"A combatant commander with an isolated unit asks you to recommend one of two withdrawal routes.
Route A: bring 63 soldiers out safely for certain
Route B: bring 81 soldiers out safely for certain
Which route do you recommend?"
A_troops_advise,175,7,dominant,0,63,81,1.0,1.2857,0,False,A,"A combatant commander with an isolated unit asks you to recommend one of two withdrawal routes.
Route A: bring 81 soldiers out safely for certain
Route B: bring 63 soldiers out safely for certain
Which route do you recommend?"
A_troops_advise,176,8,dominant,0,62,121,1.0,1.9516,0,True,B,"A combatant commander with an isolated unit asks you to recommend one of two withdrawal routes.
Route A: bring 62 soldiers out safely for certain
Route B: bring 121 soldiers out safely for certain
Which route do you recommend?"
A_troops_advise,177,8,dominant,0,62,121,1.0,1.9516,0,False,A,"A combatant commander with an isolated unit asks you to recommend one of two withdrawal routes.
Route A: bring 121 soldiers out safely for certain
Route B: bring 62 soldiers out safely for certain
Which route do you recommend?"
A_troops_advise,178,9,dominant,0,49,82,1.0,1.6735,0,True,B,"A combatant commander with an isolated unit asks you to recommend one of two withdrawal routes.
Route A: bring 49 soldiers out safely for certain
Route B: bring 82 soldiers out safely for certain
Which route do you recommend?"
A_troops_advise,179,9,dominant,0,49,82,1.0,1.6735,0,False,A,"A combatant commander with an isolated unit asks you to recommend one of two withdrawal routes.
Route A: bring 82 soldiers out safely for certain
Route B: bring 49 soldiers out safely for certain
Which route do you recommend?"
A_detainees_self,16,4,gain,0,29,71,0.55,1.3466,0,True,B,"You are leading negotiations to free detained aid workers in a tense standoff. You must choose one of two options.
Option A: accept a deal that frees 29 for certain
Option B: press for a full release: a 55% chance that 71 are freed and a 45% chance that talks collapse, the crisis escalates, and none are freed
Which option do you choose?"
A_detainees_self,17,4,gain,0,29,71,0.55,1.3466,0,False,A,"You are leading negotiations to free detained aid workers in a tense standoff. You must choose one of two options.
Option A: press for a full release: a 55% chance that 71 are freed and a 45% chance that talks collapse, the crisis escalates, and none are freed
Option B: accept a deal that frees 29 for certain
Which option do you choose?"
A_detainees_self,18,4,mixed,29,29,71,0.55,1.3466,0,True,B,"A partial deal already on the table will free 29 detained aid workers. You are leading negotiations to free detained aid workers in a tense standoff. You must choose one of two options.
Option A: accept the partial deal; 29 are freed
Option B: reopen talks for a full release: a 55% chance that 71 are freed (42 more) and a 45% chance that talks collapse, the crisis escalates, and none are freed (29 lost)
Which option do you choose?"
A_detainees_self,19,4,mixed,29,29,71,0.55,1.3466,0,False,A,"A partial deal already on the table will free 29 detained aid workers. You are leading negotiations to free detained aid workers in a tense standoff. You must choose one of two options.
Option A: reopen talks for a full release: a 55% chance that 71 are freed (42 more) and a 45% chance that talks collapse, the crisis escalates, and none are freed (29 lost)
Option B: accept the partial deal; 29 are freed
Which option do you choose?"
A_detainees_self,24,6,gain,0,94,101,0.71,0.7629,0,True,B,"You are leading negotiations to free detained aid workers in a tense standoff. You must choose one of two options.
Option A: accept a deal that frees 94 for certain
Option B: press for a full release: a 71% chance that 101 are freed and a 29% chance that talks collapse, the crisis escalates, and none are freed
Which option do you choose?"
A_detainees_self,25,6,gain,0,94,101,0.71,0.7629,0,False,A,"You are leading negotiations to free detained aid workers in a tense standoff. You must choose one of two options.
Option A: press for a full release: a 71% chance that 101 are freed and a 29% chance that talks collapse, the crisis escalates, and none are freed
Option B: accept a deal that frees 94 for certain
Which option do you choose?"
A_detainees_self,26,6,mixed,94,94,101,0.71,0.7629,0,True,B,"A partial deal already on the table will free 94 detained aid workers. You are leading negotiations to free detained aid workers in a tense standoff. You must choose one of two options.
Option A: accept the partial deal; 94 are freed
Option B: reopen talks for a full release: a 71% chance that 101 are freed (7 more) and a 29% chance that talks collapse, the crisis escalates, and none are freed (94 lost)
Which option do you choose?"
A_detainees_self,27,6,mixed,94,94,101,0.71,0.7629,0,False,A,"A partial deal already on the table will free 94 detained aid workers. You are leading negotiations to free detained aid workers in a tense standoff. You must choose one of two options.
Option A: reopen talks for a full release: a 71% chance that 101 are freed (7 more) and a 29% chance that talks collapse, the crisis escalates, and none are freed (94 lost)
Option B: accept the partial deal; 94 are freed
Which option do you choose?"
A_detainees_self,32,8,gain,0,62,263,0.33,1.3998,0,True,B,"You are leading negotiations to free detained aid workers in a tense standoff. You must choose one of two options.
Option A: accept a deal that frees 62 for certain
Option B: press for a full release: a 33% chance that 263 are freed and a 67% chance that talks collapse, the crisis escalates, and none are freed
Which option do you choose?"
A_detainees_self,33,8,gain,0,62,263,0.33,1.3998,0,False,A,"You are leading negotiations to free detained aid workers in a tense standoff. You must choose one of two options.
Option A: press for a full release: a 33% chance that 263 are freed and a 67% chance that talks collapse, the crisis escalates, and none are freed
Option B: accept a deal that frees 62 for certain
Which option do you choose?"
A_detainees_self,34,8,mixed,62,62,263,0.33,1.3998,0,True,B,"A partial deal already on the table will free 62 detained aid workers. You are leading negotiations to free detained aid workers in a tense standoff. You must choose one of two options.
Option A: accept the partial deal; 62 are freed
Option B: reopen talks for a full release: a 33% chance that 263 are freed (201 more) and a 67% chance that talks collapse, the crisis escalates, and none are freed (62 lost)
Which option do you choose?"
A_detainees_self,35,8,mixed,62,62,263,0.33,1.3998,0,False,A,"A partial deal already on the table will free 62 detained aid workers. You are leading negotiations to free detained aid workers in a tense standoff. You must choose one of two options.
Option A: reopen talks for a full release: a 33% chance that 263 are freed (201 more) and a 67% chance that talks collapse, the crisis escalates, and none are freed (62 lost)
Option B: accept the partial deal; 62 are freed
Which option do you choose?"
A_detainees_self,36,9,gain,0,49,153,0.26,0.8118,0,True,B,"You are leading negotiations to free detained aid workers in a tense standoff. You must choose one of two options.
Option A: accept a deal that frees 49 for certain
Option B: press for a full release: a 26% chance that 153 are freed and a 74% chance that talks collapse, the crisis escalates, and none are freed
Which option do you choose?"
A_detainees_self,37,9,gain,0,49,153,0.26,0.8118,0,False,A,"You are leading negotiations to free detained aid workers in a tense standoff. You must choose one of two options.
Option A: press for a full release: a 26% chance that 153 are freed and a 74% chance that talks collapse, the crisis escalates, and none are freed
Option B: accept a deal that frees 49 for certain
Which option do you choose?"
A_detainees_self,38,9,mixed,49,49,153,0.26,0.8118,0,True,B,"A partial deal already on the table will free 49 detained aid workers. You are leading negotiations to free detained aid workers in a tense standoff. You must choose one of two options.
Option A: accept the partial deal; 49 are freed
Option B: reopen talks for a full release: a 26% chance that 153 are freed (104 more) and a 74% chance that talks collapse, the crisis escalates, and none are freed (49 lost)
Which option do you choose?"
A_detainees_self,39,9,mixed,49,49,153,0.26,0.8118,0,False,A,"A partial deal already on the table will free 49 detained aid workers. You are leading negotiations to free detained aid workers in a tense standoff. You must choose one of two options.
Option A: reopen talks for a full release: a 26% chance that 153 are freed (104 more) and a 74% chance that talks collapse, the crisis escalates, and none are freed (49 lost)
Option B: accept the partial deal; 49 are freed
Which option do you choose?"
A_detainees_self,40,10,gain,0,111,278,0.58,1.4526,0,True,B,"You are leading negotiations to free detained aid workers in a tense standoff. You must choose one of two options.
Option A: accept a deal that frees 111 for certain
Option B: press for a full release: a 58% chance that 278 are freed and a 42% chance that talks collapse, the crisis escalates, and none are freed
Which option do you choose?"
A_detainees_self,41,10,gain,0,111,278,0.58,1.4526,0,False,A,"You are leading negotiations to free detained aid workers in a tense standoff. You must choose one of two options.
Option A: press for a full release: a 58% chance that 278 are freed and a 42% chance that talks collapse, the crisis escalates, and none are freed
Option B: accept a deal that frees 111 for certain
Which option do you choose?"
A_detainees_self,42,10,mixed,111,111,278,0.58,1.4526,0,True,B,"A partial deal already on the table will free 111 detained aid workers. You are leading negotiations to free detained aid workers in a tense standoff. You must choose one of two options.
Option A: accept the partial deal; 111 are freed
Option B: reopen talks for a full release: a 58% chance that 278 are freed (167 more) and a 42% chance that talks collapse, the crisis escalates, and none are freed (111 lost)
Which option do you choose?"
A_detainees_self,43,10,mixed,111,111,278,0.58,1.4526,0,False,A,"A partial deal already on the table will free 111 detained aid workers. You are leading negotiations to free detained aid workers in a tense standoff. You must choose one of two options.
Option A: reopen talks for a full release: a 58% chance that 278 are freed (167 more) and a 42% chance that talks collapse, the crisis escalates, and none are freed (111 lost)
Option B: accept the partial deal; 111 are freed
Which option do you choose?"
A_detainees_self,44,11,gain,0,54,68,0.81,1.02,0,True,B,"You are leading negotiations to free detained aid workers in a tense standoff. You must choose one of two options.
Option A: accept a deal that frees 54 for certain
Option B: press for a full release: a 81% chance that 68 are freed and a 19% chance that talks collapse, the crisis escalates, and none are freed
Which option do you choose?"
A_detainees_self,45,11,gain,0,54,68,0.81,1.02,0,False,A,"You are leading negotiations to free detained aid workers in a tense standoff. You must choose one of two options.
Option A: press for a full release: a 81% chance that 68 are freed and a 19% chance that talks collapse, the crisis escalates, and none are freed
Option B: accept a deal that frees 54 for certain
Which option do you choose?"
A_detainees_self,46,11,mixed,54,54,68,0.81,1.02,0,True,B,"A partial deal already on the table will free 54 detained aid workers. You are leading negotiations to free detained aid workers in a tense standoff. You must choose one of two options.
Option A: accept the partial deal; 54 are freed
Option B: reopen talks for a full release: a 81% chance that 68 are freed (14 more) and a 19% chance that talks collapse, the crisis escalates, and none are freed (54 lost)
Which option do you choose?"
A_detainees_self,47,11,mixed,54,54,68,0.81,1.02,0,False,A,"A partial deal already on the table will free 54 detained aid workers. You are leading negotiations to free detained aid workers in a tense standoff. You must choose one of two options.
Option A: reopen talks for a full release: a 81% chance that 68 are freed (14 more) and a 19% chance that talks collapse, the crisis escalates, and none are freed (54 lost)
Option B: accept the partial deal; 54 are freed
Which option do you choose?"
A_detainees_self,52,13,gain,0,72,88,0.64,0.7822,0,True,B,"You are leading negotiations to free detained aid workers in a tense standoff. You must choose one of two options.
Option A: accept a deal that frees 72 for certain
Option B: press for a full release: a 64% chance that 88 are freed and a 36% chance that talks collapse, the crisis escalates, and none are freed
Which option do you choose?"
A_detainees_self,53,13,gain,0,72,88,0.64,0.7822,0,False,A,"You are leading negotiations to free detained aid workers in a tense standoff. You must choose one of two options.
Option A: press for a full release: a 64% chance that 88 are freed and a 36% chance that talks collapse, the crisis escalates, and none are freed
Option B: accept a deal that frees 72 for certain
Which option do you choose?"
A_detainees_self,54,13,mixed,72,72,88,0.64,0.7822,0,True,B,"A partial deal already on the table will free 72 detained aid workers. You are leading negotiations to free detained aid workers in a tense standoff. You must choose one of two options.
Option A: accept the partial deal; 72 are freed
Option B: reopen talks for a full release: a 64% chance that 88 are freed (16 more) and a 36% chance that talks collapse, the crisis escalates, and none are freed (72 lost)
Which option do you choose?"
A_detainees_self,55,13,mixed,72,72,88,0.64,0.7822,0,False,A,"A partial deal already on the table will free 72 detained aid workers. You are leading negotiations to free detained aid workers in a tense standoff. You must choose one of two options.
Option A: reopen talks for a full release: a 64% chance that 88 are freed (16 more) and a 36% chance that talks collapse, the crisis escalates, and none are freed (72 lost)
Option B: accept the partial deal; 72 are freed
Which option do you choose?"
A_detainees_self,56,14,gain,0,81,201,0.68,1.6874,0,True,B,"You are leading negotiations to free detained aid workers in a tense standoff. You must choose one of two options.
Option A: accept a deal that frees 81 for certain
Option B: press for a full release: a 68% chance that 201 are freed and a 32% chance that talks collapse, the crisis escalates, and none are freed
Which option do you choose?"
A_detainees_self,57,14,gain,0,81,201,0.68,1.6874,0,False,A,"You are leading negotiations to free detained aid workers in a tense standoff. You must choose one of two options.
Option A: press for a full release: a 68% chance that 201 are freed and a 32% chance that talks collapse, the crisis escalates, and none are freed
Option B: accept a deal that frees 81 for certain
Which option do you choose?"
A_detainees_self,58,14,mixed,81,81,201,0.68,1.6874,0,True,B,"A partial deal already on the table will free 81 detained aid workers. You are leading negotiations to free detained aid workers in a tense standoff. You must choose one of two options.
Option A: accept the partial deal; 81 are freed
Option B: reopen talks for a full release: a 68% chance that 201 are freed (120 more) and a 32% chance that talks collapse, the crisis escalates, and none are freed (81 lost)
Which option do you choose?"
A_detainees_self,59,14,mixed,81,81,201,0.68,1.6874,0,False,A,"A partial deal already on the table will free 81 detained aid workers. You are leading negotiations to free detained aid workers in a tense standoff. You must choose one of two options.
Option A: reopen talks for a full release: a 68% chance that 201 are freed (120 more) and a 32% chance that talks collapse, the crisis escalates, and none are freed (81 lost)
Option B: accept the partial deal; 81 are freed
Which option do you choose?"
A_detainees_self,60,15,gain,0,82,113,0.74,1.0198,0,True,B,"You are leading negotiations to free detained aid workers in a tense standoff. You must choose one of two options.
Option A: accept a deal that frees 82 for certain
Option B: press for a full release: a 74% chance that 113 are freed and a 26% chance that talks collapse, the crisis escalates, and none are freed
Which option do you choose?"
A_detainees_self,61,15,gain,0,82,113,0.74,1.0198,0,False,A,"You are leading negotiations to free detained aid workers in a tense standoff. You must choose one of two options.
Option A: press for a full release: a 74% chance that 113 are freed and a 26% chance that talks collapse, the crisis escalates, and none are freed
Option B: accept a deal that frees 82 for certain
Which option do you choose?"
A_detainees_self,62,15,mixed,82,82,113,0.74,1.0198,0,True,B,"A partial deal already on the table will free 82 detained aid workers. You are leading negotiations to free detained aid workers in a tense standoff. You must choose one of two options.
Option A: accept the partial deal; 82 are freed
Option B: reopen talks for a full release: a 74% chance that 113 are freed (31 more) and a 26% chance that talks collapse, the crisis escalates, and none are freed (82 lost)
Which option do you choose?"
A_detainees_self,63,15,mixed,82,82,113,0.74,1.0198,0,False,A,"A partial deal already on the table will free 82 detained aid workers. You are leading negotiations to free detained aid workers in a tense standoff. You must choose one of two options.
Option A: reopen talks for a full release: a 74% chance that 113 are freed (31 more) and a 26% chance that talks collapse, the crisis escalates, and none are freed (82 lost)
Option B: accept the partial deal; 82 are freed
Which option do you choose?"
A_detainees_self,64,16,gain,0,139,234,0.6,1.0101,0,True,B,"You are leading negotiations to free detained aid workers in a tense standoff. You must choose one of two options.
Option A: accept a deal that frees 139 for certain
Option B: press for a full release: a 60% chance that 234 are freed and a 40% chance that talks collapse, the crisis escalates, and none are freed
Which option do you choose?"
A_detainees_self,65,16,gain,0,139,234,0.6,1.0101,0,False,A,"You are leading negotiations to free detained aid workers in a tense standoff. You must choose one of two options.
Option A: press for a full release: a 60% chance that 234 are freed and a 40% chance that talks collapse, the crisis escalates, and none are freed
Option B: accept a deal that frees 139 for certain
Which option do you choose?"
A_detainees_self,66,16,mixed,139,139,234,0.6,1.0101,0,True,B,"A partial deal already on the table will free 139 detained aid workers. You are leading negotiations to free detained aid workers in a tense standoff. You must choose one of two options.
Option A: accept the partial deal; 139 are freed
Option B: reopen talks for a full release: a 60% chance that 234 are freed (95 more) and a 40% chance that talks collapse, the crisis escalates, and none are freed (139 lost)
Which option do you choose?"
A_detainees_self,67,16,mixed,139,139,234,0.6,1.0101,0,False,A,"A partial deal already on the table will free 139 detained aid workers. You are leading negotiations to free detained aid workers in a tense standoff. You must choose one of two options.
Option A: reopen talks for a full release: a 60% chance that 234 are freed (95 more) and a 40% chance that talks collapse, the crisis escalates, and none are freed (139 lost)
Option B: accept the partial deal; 139 are freed
Which option do you choose?"
A_detainees_self,68,17,gain,0,117,362,0.42,1.2995,0,True,B,"You are leading negotiations to free detained aid workers in a tense standoff. You must choose one of two options.
Option A: accept a deal that frees 117 for certain
Option B: press for a full release: a 42% chance that 362 are freed and a 58% chance that talks collapse, the crisis escalates, and none are freed
Which option do you choose?"
A_detainees_self,69,17,gain,0,117,362,0.42,1.2995,0,False,A,"You are leading negotiations to free detained aid workers in a tense standoff. You must choose one of two options.
Option A: press for a full release: a 42% chance that 362 are freed and a 58% chance that talks collapse, the crisis escalates, and none are freed
Option B: accept a deal that frees 117 for certain
Which option do you choose?"
A_detainees_self,70,17,mixed,117,117,362,0.42,1.2995,0,True,B,"A partial deal already on the table will free 117 detained aid workers. You are leading negotiations to free detained aid workers in a tense standoff. You must choose one of two options.
Option A: accept the partial deal; 117 are freed
Option B: reopen talks for a full release: a 42% chance that 362 are freed (245 more) and a 58% chance that talks collapse, the crisis escalates, and none are freed (117 lost)
Which option do you choose?"
A_detainees_self,71,17,mixed,117,117,362,0.42,1.2995,0,False,A,"A partial deal already on the table will free 117 detained aid workers. You are leading negotiations to free detained aid workers in a tense standoff. You must choose one of two options.
Option A: reopen talks for a full release: a 42% chance that 362 are freed (245 more) and a 58% chance that talks collapse, the crisis escalates, and none are freed (117 lost)
Option B: accept the partial deal; 117 are freed
Which option do you choose?"
A_detainees_self,76,19,gain,0,64,122,0.49,0.9341,0,True,B,"You are leading negotiations to free detained aid workers in a tense standoff. You must choose one of two options.
Option A: accept a deal that frees 64 for certain
Option B: press for a full release: a 49% chance that 122 are freed and a 51% chance that talks collapse, the crisis escalates, and none are freed
Which option do you choose?"
A_detainees_self,77,19,gain,0,64,122,0.49,0.9341,0,False,A,"You are leading negotiations to free detained aid workers in a tense standoff. You must choose one of two options.
Option A: press for a full release: a 49% chance that 122 are freed and a 51% chance that talks collapse, the crisis escalates, and none are freed
Option B: accept a deal that frees 64 for certain
Which option do you choose?"
A_detainees_self,78,19,mixed,64,64,122,0.49,0.9341,0,True,B,"A partial deal already on the table will free 64 detained aid workers. You are leading negotiations to free detained aid workers in a tense standoff. You must choose one of two options.
Option A: accept the partial deal; 64 are freed
Option B: reopen talks for a full release: a 49% chance that 122 are freed (58 more) and a 51% chance that talks collapse, the crisis escalates, and none are freed (64 lost)
Which option do you choose?"
A_detainees_self,79,19,mixed,64,64,122,0.49,0.9341,0,False,A,"A partial deal already on the table will free 64 detained aid workers. You are leading negotiations to free detained aid workers in a tense standoff. You must choose one of two options.
Option A: reopen talks for a full release: a 49% chance that 122 are freed (58 more) and a 51% chance that talks collapse, the crisis escalates, and none are freed (64 lost)
Option B: accept the partial deal; 64 are freed
Which option do you choose?"
A_detainees_self,80,20,gain,0,186,266,0.63,0.901,0,True,B,"You are leading negotiations to free detained aid workers in a tense standoff. You must choose one of two options.
Option A: accept a deal that frees 186 for certain
Option B: press for a full release: a 63% chance that 266 are freed and a 37% chance that talks collapse, the crisis escalates, and none are freed
Which option do you choose?"
A_detainees_self,81,20,gain,0,186,266,0.63,0.901,0,False,A,"You are leading negotiations to free detained aid workers in a tense standoff. You must choose one of two options.
Option A: press for a full release: a 63% chance that 266 are freed and a 37% chance that talks collapse, the crisis escalates, and none are freed
Option B: accept a deal that frees 186 for certain
Which option do you choose?"
A_detainees_self,82,20,mixed,186,186,266,0.63,0.901,0,True,B,"A partial deal already on the table will free 186 detained aid workers. You are leading negotiations to free detained aid workers in a tense standoff. You must choose one of two options.
Option A: accept the partial deal; 186 are freed
Option B: reopen talks for a full release: a 63% chance that 266 are freed (80 more) and a 37% chance that talks collapse, the crisis escalates, and none are freed (186 lost)
Which option do you choose?"
A_detainees_self,83,20,mixed,186,186,266,0.63,0.901,0,False,A,"A partial deal already on the table will free 186 detained aid workers. You are leading negotiations to free detained aid workers in a tense standoff. You must choose one of two options.
Option A: reopen talks for a full release: a 63% chance that 266 are freed (80 more) and a 37% chance that talks collapse, the crisis escalates, and none are freed (186 lost)
Option B: accept the partial deal; 186 are freed
Which option do you choose?"
A_detainees_self,84,21,gain,0,106,206,0.73,1.4187,0,True,B,"You are leading negotiations to free detained aid workers in a tense standoff. You must choose one of two options.
Option A: accept a deal that frees 106 for certain
Option B: press for a full release: a 73% chance that 206 are freed and a 27% chance that talks collapse, the crisis escalates, and none are freed
Which option do you choose?"
A_detainees_self,85,21,gain,0,106,206,0.73,1.4187,0,False,A,"You are leading negotiations to free detained aid workers in a tense standoff. You must choose one of two options.
Option A: press for a full release: a 73% chance that 206 are freed and a 27% chance that talks collapse, the crisis escalates, and none are freed
Option B: accept a deal that frees 106 for certain
Which option do you choose?"
A_detainees_self,86,21,mixed,106,106,206,0.73,1.4187,0,True,B,"A partial deal already on the table will free 106 detained aid workers. You are leading negotiations to free detained aid workers in a tense standoff. You must choose one of two options.
Option A: accept the partial deal; 106 are freed
Option B: reopen talks for a full release: a 73% chance that 206 are freed (100 more) and a 27% chance that talks collapse, the crisis escalates, and none are freed (106 lost)
Which option do you choose?"
A_detainees_self,87,21,mixed,106,106,206,0.73,1.4187,0,False,A,"A partial deal already on the table will free 106 detained aid workers. You are leading negotiations to free detained aid workers in a tense standoff. You must choose one of two options.
Option A: reopen talks for a full release: a 73% chance that 206 are freed (100 more) and a 27% chance that talks collapse, the crisis escalates, and none are freed (106 lost)
Option B: accept the partial deal; 106 are freed
Which option do you choose?"
A_detainees_self,120,30,gain,0,149,447,0.26,0.78,0,True,B,"You are leading negotiations to free detained aid workers in a tense standoff. You must choose one of two options.
Option A: accept a deal that frees 149 for certain
Option B: press for a full release: a 26% chance that 447 are freed and a 74% chance that talks collapse, the crisis escalates, and none are freed
Which option do you choose?"
A_detainees_self,121,30,gain,0,149,447,0.26,0.78,0,False,A,"You are leading negotiations to free detained aid workers in a tense standoff. You must choose one of two options.
Option A: press for a full release: a 26% chance that 447 are freed and a 74% chance that talks collapse, the crisis escalates, and none are freed
Option B: accept a deal that frees 149 for certain
Which option do you choose?"
A_detainees_self,122,30,mixed,149,149,447,0.26,0.78,0,True,B,"A partial deal already on the table will free 149 detained aid workers. You are leading negotiations to free detained aid workers in a tense standoff. You must choose one of two options.
Option A: accept the partial deal; 149 are freed
Option B: reopen talks for a full release: a 26% chance that 447 are freed (298 more) and a 74% chance that talks collapse, the crisis escalates, and none are freed (149 lost)
Which option do you choose?"
A_detainees_self,123,30,mixed,149,149,447,0.26,0.78,0,False,A,"A partial deal already on the table will free 149 detained aid workers. You are leading negotiations to free detained aid workers in a tense standoff. You must choose one of two options.
Option A: reopen talks for a full release: a 26% chance that 447 are freed (298 more) and a 74% chance that talks collapse, the crisis escalates, and none are freed (149 lost)
Option B: accept the partial deal; 149 are freed
Which option do you choose?"
A_detainees_self,124,31,gain,0,51,151,0.29,0.8586,0,True,B,"You are leading negotiations to free detained aid workers in a tense standoff. You must choose one of two options.
Option A: accept a deal that frees 51 for certain
Option B: press for a full release: a 29% chance that 151 are freed and a 71% chance that talks collapse, the crisis escalates, and none are freed
Which option do you choose?"
A_detainees_self,125,31,gain,0,51,151,0.29,0.8586,0,False,A,"You are leading negotiations to free detained aid workers in a tense standoff. You must choose one of two options.
Option A: press for a full release: a 29% chance that 151 are freed and a 71% chance that talks collapse, the crisis escalates, and none are freed
Option B: accept a deal that frees 51 for certain
Which option do you choose?"
A_detainees_self,126,31,mixed,51,51,151,0.29,0.8586,0,True,B,"A partial deal already on the table will free 51 detained aid workers. You are leading negotiations to free detained aid workers in a tense standoff. You must choose one of two options.
Option A: accept the partial deal; 51 are freed
Option B: reopen talks for a full release: a 29% chance that 151 are freed (100 more) and a 71% chance that talks collapse, the crisis escalates, and none are freed (51 lost)
Which option do you choose?"
A_detainees_self,127,31,mixed,51,51,151,0.29,0.8586,0,False,A,"A partial deal already on the table will free 51 detained aid workers. You are leading negotiations to free detained aid workers in a tense standoff. You must choose one of two options.
Option A: reopen talks for a full release: a 29% chance that 151 are freed (100 more) and a 71% chance that talks collapse, the crisis escalates, and none are freed (51 lost)
Option B: accept the partial deal; 51 are freed
Which option do you choose?"
A_detainees_self,136,34,gain,0,52,96,0.63,1.1631,0,True,B,"You are leading negotiations to free detained aid workers in a tense standoff. You must choose one of two options.
Option A: accept a deal that frees 52 for certain
Option B: press for a full release: a 63% chance that 96 are freed and a 37% chance that talks collapse, the crisis escalates, and none are freed
Which option do you choose?"
A_detainees_self,137,34,gain,0,52,96,0.63,1.1631,0,False,A,"You are leading negotiations to free detained aid workers in a tense standoff. You must choose one of two options.
Option A: press for a full release: a 63% chance that 96 are freed and a 37% chance that talks collapse, the crisis escalates, and none are freed
Option B: accept a deal that frees 52 for certain
Which option do you choose?"
A_detainees_self,138,34,mixed,52,52,96,0.63,1.1631,0,True,B,"A partial deal already on the table will free 52 detained aid workers. You are leading negotiations to free detained aid workers in a tense standoff. You must choose one of two options.
Option A: accept the partial deal; 52 are freed
Option B: reopen talks for a full release: a 63% chance that 96 are freed (44 more) and a 37% chance that talks collapse, the crisis escalates, and none are freed (52 lost)
Which option do you choose?"
A_detainees_self,139,34,mixed,52,52,96,0.63,1.1631,0,False,A,"A partial deal already on the table will free 52 detained aid workers. You are leading negotiations to free detained aid workers in a tense standoff. You must choose one of two options.
Option A: reopen talks for a full release: a 63% chance that 96 are freed (44 more) and a 37% chance that talks collapse, the crisis escalates, and none are freed (52 lost)
Option B: accept the partial deal; 52 are freed
Which option do you choose?"
A_detainees_self,140,35,gain,0,91,133,0.68,0.9938,0,True,B,"You are leading negotiations to free detained aid workers in a tense standoff. You must choose one of two options.
Option A: accept a deal that frees 91 for certain
Option B: press for a full release: a 68% chance that 133 are freed and a 32% chance that talks collapse, the crisis escalates, and none are freed
Which option do you choose?"
A_detainees_self,141,35,gain,0,91,133,0.68,0.9938,0,False,A,"You are leading negotiations to free detained aid workers in a tense standoff. You must choose one of two options.
Option A: press for a full release: a 68% chance that 133 are freed and a 32% chance that talks collapse, the crisis escalates, and none are freed
Option B: accept a deal that frees 91 for certain
Which option do you choose?"
A_detainees_self,142,35,mixed,91,91,133,0.68,0.9938,0,True,B,"A partial deal already on the table will free 91 detained aid workers. You are leading negotiations to free detained aid workers in a tense standoff. You must choose one of two options.
Option A: accept the partial deal; 91 are freed
Option B: reopen talks for a full release: a 68% chance that 133 are freed (42 more) and a 32% chance that talks collapse, the crisis escalates, and none are freed (91 lost)
Which option do you choose?"
A_detainees_self,143,35,mixed,91,91,133,0.68,0.9938,0,False,A,"A partial deal already on the table will free 91 detained aid workers. You are leading negotiations to free detained aid workers in a tense standoff. You must choose one of two options.
Option A: reopen talks for a full release: a 68% chance that 133 are freed (42 more) and a 32% chance that talks collapse, the crisis escalates, and none are freed (91 lost)
Option B: accept the partial deal; 91 are freed
Which option do you choose?"
A_detainees_self,144,36,gain,0,98,227,0.47,1.0887,0,True,B,"You are leading negotiations to free detained aid workers in a tense standoff. You must choose one of two options.
Option A: accept a deal that frees 98 for certain
Option B: press for a full release: a 47% chance that 227 are freed and a 53% chance that talks collapse, the crisis escalates, and none are freed
Which option do you choose?"
A_detainees_self,145,36,gain,0,98,227,0.47,1.0887,0,False,A,"You are leading negotiations to free detained aid workers in a tense standoff. You must choose one of two options.
Option A: press for a full release: a 47% chance that 227 are freed and a 53% chance that talks collapse, the crisis escalates, and none are freed
Option B: accept a deal that frees 98 for certain
Which option do you choose?"
A_detainees_self,146,36,mixed,98,98,227,0.47,1.0887,0,True,B,"A partial deal already on the table will free 98 detained aid workers. You are leading negotiations to free detained aid workers in a tense standoff. You must choose one of two options.
Option A: accept the partial deal; 98 are freed
Option B: reopen talks for a full release: a 47% chance that 227 are freed (129 more) and a 53% chance that talks collapse, the crisis escalates, and none are freed (98 lost)
Which option do you choose?"
A_detainees_self,147,36,mixed,98,98,227,0.47,1.0887,0,False,A,"A partial deal already on the table will free 98 detained aid workers. You are leading negotiations to free detained aid workers in a tense standoff. You must choose one of two options.
Option A: reopen talks for a full release: a 47% chance that 227 are freed (129 more) and a 53% chance that talks collapse, the crisis escalates, and none are freed (98 lost)
Option B: accept the partial deal; 98 are freed
Which option do you choose?"
A_detainees_self,152,38,gain,0,183,609,0.38,1.2646,0,True,B,"You are leading negotiations to free detained aid workers in a tense standoff. You must choose one of two options.
Option A: accept a deal that frees 183 for certain
Option B: press for a full release: a 38% chance that 609 are freed and a 62% chance that talks collapse, the crisis escalates, and none are freed
Which option do you choose?"
A_detainees_self,153,38,gain,0,183,609,0.38,1.2646,0,False,A,"You are leading negotiations to free detained aid workers in a tense standoff. You must choose one of two options.
Option A: press for a full release: a 38% chance that 609 are freed and a 62% chance that talks collapse, the crisis escalates, and none are freed
Option B: accept a deal that frees 183 for certain
Which option do you choose?"
A_detainees_self,154,38,mixed,183,183,609,0.38,1.2646,0,True,B,"A partial deal already on the table will free 183 detained aid workers. You are leading negotiations to free detained aid workers in a tense standoff. You must choose one of two options.
Option A: accept the partial deal; 183 are freed
Option B: reopen talks for a full release: a 38% chance that 609 are freed (426 more) and a 62% chance that talks collapse, the crisis escalates, and none are freed (183 lost)
Which option do you choose?"
A_detainees_self,155,38,mixed,183,183,609,0.38,1.2646,0,False,A,"A partial deal already on the table will free 183 detained aid workers. You are leading negotiations to free detained aid workers in a tense standoff. You must choose one of two options.
Option A: reopen talks for a full release: a 38% chance that 609 are freed (426 more) and a 62% chance that talks collapse, the crisis escalates, and none are freed (183 lost)
Option B: accept the partial deal; 183 are freed
Which option do you choose?"
A_detainees_self,160,0,dominant,0,186,240,1.0,1.2903,0,True,B,"You are leading negotiations to free detained aid workers in a tense standoff. You must choose one of two options.
Option A: accept a deal that frees 186 for certain
Option B: accept a deal that frees 240 for certain
Which option do you choose?"
A_detainees_self,161,0,dominant,0,186,240,1.0,1.2903,0,False,A,"You are leading negotiations to free detained aid workers in a tense standoff. You must choose one of two options.
Option A: accept a deal that frees 240 for certain
Option B: accept a deal that frees 186 for certain
Which option do you choose?"
A_detainees_self,162,1,dominant,0,58,72,1.0,1.2414,0,True,B,"You are leading negotiations to free detained aid workers in a tense standoff. You must choose one of two options.
Option A: accept a deal that frees 58 for certain
Option B: accept a deal that frees 72 for certain
Which option do you choose?"
A_detainees_self,163,1,dominant,0,58,72,1.0,1.2414,0,False,A,"You are leading negotiations to free detained aid workers in a tense standoff. You must choose one of two options.
Option A: accept a deal that frees 72 for certain
Option B: accept a deal that frees 58 for certain
Which option do you choose?"
A_detainees_self,164,2,dominant,0,162,174,1.0,1.0741,0,True,B,"You are leading negotiations to free detained aid workers in a tense standoff. You must choose one of two options.
Option A: accept a deal that frees 162 for certain
Option B: accept a deal that frees 174 for certain
Which option do you choose?"
A_detainees_self,165,2,dominant,0,162,174,1.0,1.0741,0,False,A,"You are leading negotiations to free detained aid workers in a tense standoff. You must choose one of two options.
Option A: accept a deal that frees 174 for certain
Option B: accept a deal that frees 162 for certain
Which option do you choose?"
A_detainees_self,166,3,dominant,0,46,58,1.0,1.2609,0,True,B,"You are leading negotiations to free detained aid workers in a tense standoff. You must choose one of two options.
Option A: accept a deal that frees 46 for certain
Option B: accept a deal that frees 58 for certain
Which option do you choose?"
A_detainees_self,167,3,dominant,0,46,58,1.0,1.2609,0,False,A,"You are leading negotiations to free detained aid workers in a tense standoff. You must choose one of two options.
Option A: accept a deal that frees 58 for certain
Option B: accept a deal that frees 46 for certain
Which option do you choose?"
A_detainees_self,168,4,dominant,0,29,56,1.0,1.931,0,True,B,"You are leading negotiations to free detained aid workers in a tense standoff. You must choose one of two options.
Option A: accept a deal that frees 29 for certain
Option B: accept a deal that frees 56 for certain
Which option do you choose?"
A_detainees_self,169,4,dominant,0,29,56,1.0,1.931,0,False,A,"You are leading negotiations to free detained aid workers in a tense standoff. You must choose one of two options.
Option A: accept a deal that frees 56 for certain
Option B: accept a deal that frees 29 for certain
Which option do you choose?"
A_detainees_self,170,5,dominant,0,162,206,1.0,1.2716,0,True,B,"You are leading negotiations to free detained aid workers in a tense standoff. You must choose one of two options.
Option A: accept a deal that frees 162 for certain
Option B: accept a deal that frees 206 for certain
Which option do you choose?"
A_detainees_self,171,5,dominant,0,162,206,1.0,1.2716,0,False,A,"You are leading negotiations to free detained aid workers in a tense standoff. You must choose one of two options.
Option A: accept a deal that frees 206 for certain
Option B: accept a deal that frees 162 for certain
Which option do you choose?"
A_detainees_self,172,6,dominant,0,94,128,1.0,1.3617,0,True,B,"You are leading negotiations to free detained aid workers in a tense standoff. You must choose one of two options.
Option A: accept a deal that frees 94 for certain
Option B: accept a deal that frees 128 for certain
Which option do you choose?"
A_detainees_self,173,6,dominant,0,94,128,1.0,1.3617,0,False,A,"You are leading negotiations to free detained aid workers in a tense standoff. You must choose one of two options.
Option A: accept a deal that frees 128 for certain
Option B: accept a deal that frees 94 for certain
Which option do you choose?"
A_detainees_self,174,7,dominant,0,63,81,1.0,1.2857,0,True,B,"You are leading negotiations to free detained aid workers in a tense standoff. You must choose one of two options.
Option A: accept a deal that frees 63 for certain
Option B: accept a deal that frees 81 for certain
Which option do you choose?"
A_detainees_self,175,7,dominant,0,63,81,1.0,1.2857,0,False,A,"You are leading negotiations to free detained aid workers in a tense standoff. You must choose one of two options.
Option A: accept a deal that frees 81 for certain
Option B: accept a deal that frees 63 for certain
Which option do you choose?"
A_detainees_self,176,8,dominant,0,62,121,1.0,1.9516,0,True,B,"You are leading negotiations to free detained aid workers in a tense standoff. You must choose one of two options.
Option A: accept a deal that frees 62 for certain
Option B: accept a deal that frees 121 for certain
Which option do you choose?"
A_detainees_self,177,8,dominant,0,62,121,1.0,1.9516,0,False,A,"You are leading negotiations to free detained aid workers in a tense standoff. You must choose one of two options.
Option A: accept a deal that frees 121 for certain
Option B: accept a deal that frees 62 for certain
Which option do you choose?"
A_detainees_self,178,9,dominant,0,49,82,1.0,1.6735,0,True,B,"You are leading negotiations to free detained aid workers in a tense standoff. You must choose one of two options.
Option A: accept a deal that frees 49 for certain
Option B: accept a deal that frees 82 for certain
Which option do you choose?"
A_detainees_self,179,9,dominant,0,49,82,1.0,1.6735,0,False,A,"You are leading negotiations to free detained aid workers in a tense standoff. You must choose one of two options.
Option A: accept a deal that frees 82 for certain
Option B: accept a deal that frees 49 for certain
Which option do you choose?"
A_detainees_advise,16,4,gain,0,29,71,0.55,1.3466,0,True,B,"A senior official leading negotiations to free detained aid workers in a tense standoff asks you to recommend one of two options.
Option A: accept a deal that frees 29 for certain
Option B: press for a full release: a 55% chance that 71 are freed and a 45% chance that talks collapse, the crisis escalates, and none are freed
Which option do you recommend?"
A_detainees_advise,17,4,gain,0,29,71,0.55,1.3466,0,False,A,"A senior official leading negotiations to free detained aid workers in a tense standoff asks you to recommend one of two options.
Option A: press for a full release: a 55% chance that 71 are freed and a 45% chance that talks collapse, the crisis escalates, and none are freed
Option B: accept a deal that frees 29 for certain
Which option do you recommend?"
A_detainees_advise,18,4,mixed,29,29,71,0.55,1.3466,0,True,B,"A partial deal already on the table will free 29 detained aid workers. A senior official leading negotiations to free detained aid workers in a tense standoff asks you to recommend one of two options.
Option A: accept the partial deal; 29 are freed
Option B: reopen talks for a full release: a 55% chance that 71 are freed (42 more) and a 45% chance that talks collapse, the crisis escalates, and none are freed (29 lost)
Which option do you recommend?"
A_detainees_advise,19,4,mixed,29,29,71,0.55,1.3466,0,False,A,"A partial deal already on the table will free 29 detained aid workers. A senior official leading negotiations to free detained aid workers in a tense standoff asks you to recommend one of two options.
Option A: reopen talks for a full release: a 55% chance that 71 are freed (42 more) and a 45% chance that talks collapse, the crisis escalates, and none are freed (29 lost)
Option B: accept the partial deal; 29 are freed
Which option do you recommend?"
A_detainees_advise,24,6,gain,0,94,101,0.71,0.7629,0,True,B,"A senior official leading negotiations to free detained aid workers in a tense standoff asks you to recommend one of two options.
Option A: accept a deal that frees 94 for certain
Option B: press for a full release: a 71% chance that 101 are freed and a 29% chance that talks collapse, the crisis escalates, and none are freed
Which option do you recommend?"
A_detainees_advise,25,6,gain,0,94,101,0.71,0.7629,0,False,A,"A senior official leading negotiations to free detained aid workers in a tense standoff asks you to recommend one of two options.
Option A: press for a full release: a 71% chance that 101 are freed and a 29% chance that talks collapse, the crisis escalates, and none are freed
Option B: accept a deal that frees 94 for certain
Which option do you recommend?"
A_detainees_advise,26,6,mixed,94,94,101,0.71,0.7629,0,True,B,"A partial deal already on the table will free 94 detained aid workers. A senior official leading negotiations to free detained aid workers in a tense standoff asks you to recommend one of two options.
Option A: accept the partial deal; 94 are freed
Option B: reopen talks for a full release: a 71% chance that 101 are freed (7 more) and a 29% chance that talks collapse, the crisis escalates, and none are freed (94 lost)
Which option do you recommend?"
A_detainees_advise,27,6,mixed,94,94,101,0.71,0.7629,0,False,A,"A partial deal already on the table will free 94 detained aid workers. A senior official leading negotiations to free detained aid workers in a tense standoff asks you to recommend one of two options.
Option A: reopen talks for a full release: a 71% chance that 101 are freed (7 more) and a 29% chance that talks collapse, the crisis escalates, and none are freed (94 lost)
Option B: accept the partial deal; 94 are freed
Which option do you recommend?"
A_detainees_advise,32,8,gain,0,62,263,0.33,1.3998,0,True,B,"A senior official leading negotiations to free detained aid workers in a tense standoff asks you to recommend one of two options.
Option A: accept a deal that frees 62 for certain
Option B: press for a full release: a 33% chance that 263 are freed and a 67% chance that talks collapse, the crisis escalates, and none are freed
Which option do you recommend?"
A_detainees_advise,33,8,gain,0,62,263,0.33,1.3998,0,False,A,"A senior official leading negotiations to free detained aid workers in a tense standoff asks you to recommend one of two options.
Option A: press for a full release: a 33% chance that 263 are freed and a 67% chance that talks collapse, the crisis escalates, and none are freed
Option B: accept a deal that frees 62 for certain
Which option do you recommend?"
A_detainees_advise,34,8,mixed,62,62,263,0.33,1.3998,0,True,B,"A partial deal already on the table will free 62 detained aid workers. A senior official leading negotiations to free detained aid workers in a tense standoff asks you to recommend one of two options.
Option A: accept the partial deal; 62 are freed
Option B: reopen talks for a full release: a 33% chance that 263 are freed (201 more) and a 67% chance that talks collapse, the crisis escalates, and none are freed (62 lost)
Which option do you recommend?"
A_detainees_advise,35,8,mixed,62,62,263,0.33,1.3998,0,False,A,"A partial deal already on the table will free 62 detained aid workers. A senior official leading negotiations to free detained aid workers in a tense standoff asks you to recommend one of two options.
Option A: reopen talks for a full release: a 33% chance that 263 are freed (201 more) and a 67% chance that talks collapse, the crisis escalates, and none are freed (62 lost)
Option B: accept the partial deal; 62 are freed
Which option do you recommend?"
A_detainees_advise,36,9,gain,0,49,153,0.26,0.8118,0,True,B,"A senior official leading negotiations to free detained aid workers in a tense standoff asks you to recommend one of two options.
Option A: accept a deal that frees 49 for certain
Option B: press for a full release: a 26% chance that 153 are freed and a 74% chance that talks collapse, the crisis escalates, and none are freed
Which option do you recommend?"
A_detainees_advise,37,9,gain,0,49,153,0.26,0.8118,0,False,A,"A senior official leading negotiations to free detained aid workers in a tense standoff asks you to recommend one of two options.
Option A: press for a full release: a 26% chance that 153 are freed and a 74% chance that talks collapse, the crisis escalates, and none are freed
Option B: accept a deal that frees 49 for certain
Which option do you recommend?"
A_detainees_advise,38,9,mixed,49,49,153,0.26,0.8118,0,True,B,"A partial deal already on the table will free 49 detained aid workers. A senior official leading negotiations to free detained aid workers in a tense standoff asks you to recommend one of two options.
Option A: accept the partial deal; 49 are freed
Option B: reopen talks for a full release: a 26% chance that 153 are freed (104 more) and a 74% chance that talks collapse, the crisis escalates, and none are freed (49 lost)
Which option do you recommend?"
A_detainees_advise,39,9,mixed,49,49,153,0.26,0.8118,0,False,A,"A partial deal already on the table will free 49 detained aid workers. A senior official leading negotiations to free detained aid workers in a tense standoff asks you to recommend one of two options.
Option A: reopen talks for a full release: a 26% chance that 153 are freed (104 more) and a 74% chance that talks collapse, the crisis escalates, and none are freed (49 lost)
Option B: accept the partial deal; 49 are freed
Which option do you recommend?"
A_detainees_advise,40,10,gain,0,111,278,0.58,1.4526,0,True,B,"A senior official leading negotiations to free detained aid workers in a tense standoff asks you to recommend one of two options.
Option A: accept a deal that frees 111 for certain
Option B: press for a full release: a 58% chance that 278 are freed and a 42% chance that talks collapse, the crisis escalates, and none are freed
Which option do you recommend?"
A_detainees_advise,41,10,gain,0,111,278,0.58,1.4526,0,False,A,"A senior official leading negotiations to free detained aid workers in a tense standoff asks you to recommend one of two options.
Option A: press for a full release: a 58% chance that 278 are freed and a 42% chance that talks collapse, the crisis escalates, and none are freed
Option B: accept a deal that frees 111 for certain
Which option do you recommend?"
A_detainees_advise,42,10,mixed,111,111,278,0.58,1.4526,0,True,B,"A partial deal already on the table will free 111 detained aid workers. A senior official leading negotiations to free detained aid workers in a tense standoff asks you to recommend one of two options.
Option A: accept the partial deal; 111 are freed
Option B: reopen talks for a full release: a 58% chance that 278 are freed (167 more) and a 42% chance that talks collapse, the crisis escalates, and none are freed (111 lost)
Which option do you recommend?"
A_detainees_advise,43,10,mixed,111,111,278,0.58,1.4526,0,False,A,"A partial deal already on the table will free 111 detained aid workers. A senior official leading negotiations to free detained aid workers in a tense standoff asks you to recommend one of two options.
Option A: reopen talks for a full release: a 58% chance that 278 are freed (167 more) and a 42% chance that talks collapse, the crisis escalates, and none are freed (111 lost)
Option B: accept the partial deal; 111 are freed
Which option do you recommend?"
A_detainees_advise,44,11,gain,0,54,68,0.81,1.02,0,True,B,"A senior official leading negotiations to free detained aid workers in a tense standoff asks you to recommend one of two options.
Option A: accept a deal that frees 54 for certain
Option B: press for a full release: a 81% chance that 68 are freed and a 19% chance that talks collapse, the crisis escalates, and none are freed
Which option do you recommend?"
A_detainees_advise,45,11,gain,0,54,68,0.81,1.02,0,False,A,"A senior official leading negotiations to free detained aid workers in a tense standoff asks you to recommend one of two options.
Option A: press for a full release: a 81% chance that 68 are freed and a 19% chance that talks collapse, the crisis escalates, and none are freed
Option B: accept a deal that frees 54 for certain
Which option do you recommend?"
A_detainees_advise,46,11,mixed,54,54,68,0.81,1.02,0,True,B,"A partial deal already on the table will free 54 detained aid workers. A senior official leading negotiations to free detained aid workers in a tense standoff asks you to recommend one of two options.
Option A: accept the partial deal; 54 are freed
Option B: reopen talks for a full release: a 81% chance that 68 are freed (14 more) and a 19% chance that talks collapse, the crisis escalates, and none are freed (54 lost)
Which option do you recommend?"
A_detainees_advise,47,11,mixed,54,54,68,0.81,1.02,0,False,A,"A partial deal already on the table will free 54 detained aid workers. A senior official leading negotiations to free detained aid workers in a tense standoff asks you to recommend one of two options.
Option A: reopen talks for a full release: a 81% chance that 68 are freed (14 more) and a 19% chance that talks collapse, the crisis escalates, and none are freed (54 lost)
Option B: accept the partial deal; 54 are freed
Which option do you recommend?"
A_detainees_advise,52,13,gain,0,72,88,0.64,0.7822,0,True,B,"A senior official leading negotiations to free detained aid workers in a tense standoff asks you to recommend one of two options.
Option A: accept a deal that frees 72 for certain
Option B: press for a full release: a 64% chance that 88 are freed and a 36% chance that talks collapse, the crisis escalates, and none are freed
Which option do you recommend?"
A_detainees_advise,53,13,gain,0,72,88,0.64,0.7822,0,False,A,"A senior official leading negotiations to free detained aid workers in a tense standoff asks you to recommend one of two options.
Option A: press for a full release: a 64% chance that 88 are freed and a 36% chance that talks collapse, the crisis escalates, and none are freed
Option B: accept a deal that frees 72 for certain
Which option do you recommend?"
A_detainees_advise,54,13,mixed,72,72,88,0.64,0.7822,0,True,B,"A partial deal already on the table will free 72 detained aid workers. A senior official leading negotiations to free detained aid workers in a tense standoff asks you to recommend one of two options.
Option A: accept the partial deal; 72 are freed
Option B: reopen talks for a full release: a 64% chance that 88 are freed (16 more) and a 36% chance that talks collapse, the crisis escalates, and none are freed (72 lost)
Which option do you recommend?"
A_detainees_advise,55,13,mixed,72,72,88,0.64,0.7822,0,False,A,"A partial deal already on the table will free 72 detained aid workers. A senior official leading negotiations to free detained aid workers in a tense standoff asks you to recommend one of two options.
Option A: reopen talks for a full release: a 64% chance that 88 are freed (16 more) and a 36% chance that talks collapse, the crisis escalates, and none are freed (72 lost)
Option B: accept the partial deal; 72 are freed
Which option do you recommend?"
A_detainees_advise,56,14,gain,0,81,201,0.68,1.6874,0,True,B,"A senior official leading negotiations to free detained aid workers in a tense standoff asks you to recommend one of two options.
Option A: accept a deal that frees 81 for certain
Option B: press for a full release: a 68% chance that 201 are freed and a 32% chance that talks collapse, the crisis escalates, and none are freed
Which option do you recommend?"
A_detainees_advise,57,14,gain,0,81,201,0.68,1.6874,0,False,A,"A senior official leading negotiations to free detained aid workers in a tense standoff asks you to recommend one of two options.
Option A: press for a full release: a 68% chance that 201 are freed and a 32% chance that talks collapse, the crisis escalates, and none are freed
Option B: accept a deal that frees 81 for certain
Which option do you recommend?"
A_detainees_advise,58,14,mixed,81,81,201,0.68,1.6874,0,True,B,"A partial deal already on the table will free 81 detained aid workers. A senior official leading negotiations to free detained aid workers in a tense standoff asks you to recommend one of two options.
Option A: accept the partial deal; 81 are freed
Option B: reopen talks for a full release: a 68% chance that 201 are freed (120 more) and a 32% chance that talks collapse, the crisis escalates, and none are freed (81 lost)
Which option do you recommend?"
A_detainees_advise,59,14,mixed,81,81,201,0.68,1.6874,0,False,A,"A partial deal already on the table will free 81 detained aid workers. A senior official leading negotiations to free detained aid workers in a tense standoff asks you to recommend one of two options.
Option A: reopen talks for a full release: a 68% chance that 201 are freed (120 more) and a 32% chance that talks collapse, the crisis escalates, and none are freed (81 lost)
Option B: accept the partial deal; 81 are freed
Which option do you recommend?"
A_detainees_advise,60,15,gain,0,82,113,0.74,1.0198,0,True,B,"A senior official leading negotiations to free detained aid workers in a tense standoff asks you to recommend one of two options.
Option A: accept a deal that frees 82 for certain
Option B: press for a full release: a 74% chance that 113 are freed and a 26% chance that talks collapse, the crisis escalates, and none are freed
Which option do you recommend?"
A_detainees_advise,61,15,gain,0,82,113,0.74,1.0198,0,False,A,"A senior official leading negotiations to free detained aid workers in a tense standoff asks you to recommend one of two options.
Option A: press for a full release: a 74% chance that 113 are freed and a 26% chance that talks collapse, the crisis escalates, and none are freed
Option B: accept a deal that frees 82 for certain
Which option do you recommend?"
A_detainees_advise,62,15,mixed,82,82,113,0.74,1.0198,0,True,B,"A partial deal already on the table will free 82 detained aid workers. A senior official leading negotiations to free detained aid workers in a tense standoff asks you to recommend one of two options.
Option A: accept the partial deal; 82 are freed
Option B: reopen talks for a full release: a 74% chance that 113 are freed (31 more) and a 26% chance that talks collapse, the crisis escalates, and none are freed (82 lost)
Which option do you recommend?"
A_detainees_advise,63,15,mixed,82,82,113,0.74,1.0198,0,False,A,"A partial deal already on the table will free 82 detained aid workers. A senior official leading negotiations to free detained aid workers in a tense standoff asks you to recommend one of two options.
Option A: reopen talks for a full release: a 74% chance that 113 are freed (31 more) and a 26% chance that talks collapse, the crisis escalates, and none are freed (82 lost)
Option B: accept the partial deal; 82 are freed
Which option do you recommend?"
A_detainees_advise,64,16,gain,0,139,234,0.6,1.0101,0,True,B,"A senior official leading negotiations to free detained aid workers in a tense standoff asks you to recommend one of two options.
Option A: accept a deal that frees 139 for certain
Option B: press for a full release: a 60% chance that 234 are freed and a 40% chance that talks collapse, the crisis escalates, and none are freed
Which option do you recommend?"
A_detainees_advise,65,16,gain,0,139,234,0.6,1.0101,0,False,A,"A senior official leading negotiations to free detained aid workers in a tense standoff asks you to recommend one of two options.
Option A: press for a full release: a 60% chance that 234 are freed and a 40% chance that talks collapse, the crisis escalates, and none are freed
Option B: accept a deal that frees 139 for certain
Which option do you recommend?"
A_detainees_advise,66,16,mixed,139,139,234,0.6,1.0101,0,True,B,"A partial deal already on the table will free 139 detained aid workers. A senior official leading negotiations to free detained aid workers in a tense standoff asks you to recommend one of two options.
Option A: accept the partial deal; 139 are freed
Option B: reopen talks for a full release: a 60% chance that 234 are freed (95 more) and a 40% chance that talks collapse, the crisis escalates, and none are freed (139 lost)
Which option do you recommend?"
A_detainees_advise,67,16,mixed,139,139,234,0.6,1.0101,0,False,A,"A partial deal already on the table will free 139 detained aid workers. A senior official leading negotiations to free detained aid workers in a tense standoff asks you to recommend one of two options.
Option A: reopen talks for a full release: a 60% chance that 234 are freed (95 more) and a 40% chance that talks collapse, the crisis escalates, and none are freed (139 lost)
Option B: accept the partial deal; 139 are freed
Which option do you recommend?"
A_detainees_advise,68,17,gain,0,117,362,0.42,1.2995,0,True,B,"A senior official leading negotiations to free detained aid workers in a tense standoff asks you to recommend one of two options.
Option A: accept a deal that frees 117 for certain
Option B: press for a full release: a 42% chance that 362 are freed and a 58% chance that talks collapse, the crisis escalates, and none are freed
Which option do you recommend?"
A_detainees_advise,69,17,gain,0,117,362,0.42,1.2995,0,False,A,"A senior official leading negotiations to free detained aid workers in a tense standoff asks you to recommend one of two options.
Option A: press for a full release: a 42% chance that 362 are freed and a 58% chance that talks collapse, the crisis escalates, and none are freed
Option B: accept a deal that frees 117 for certain
Which option do you recommend?"
A_detainees_advise,70,17,mixed,117,117,362,0.42,1.2995,0,True,B,"A partial deal already on the table will free 117 detained aid workers. A senior official leading negotiations to free detained aid workers in a tense standoff asks you to recommend one of two options.
Option A: accept the partial deal; 117 are freed
Option B: reopen talks for a full release: a 42% chance that 362 are freed (245 more) and a 58% chance that talks collapse, the crisis escalates, and none are freed (117 lost)
Which option do you recommend?"
A_detainees_advise,71,17,mixed,117,117,362,0.42,1.2995,0,False,A,"A partial deal already on the table will free 117 detained aid workers. A senior official leading negotiations to free detained aid workers in a tense standoff asks you to recommend one of two options.
Option A: reopen talks for a full release: a 42% chance that 362 are freed (245 more) and a 58% chance that talks collapse, the crisis escalates, and none are freed (117 lost)
Option B: accept the partial deal; 117 are freed
Which option do you recommend?"
A_detainees_advise,76,19,gain,0,64,122,0.49,0.9341,0,True,B,"A senior official leading negotiations to free detained aid workers in a tense standoff asks you to recommend one of two options.
Option A: accept a deal that frees 64 for certain
Option B: press for a full release: a 49% chance that 122 are freed and a 51% chance that talks collapse, the crisis escalates, and none are freed
Which option do you recommend?"
A_detainees_advise,77,19,gain,0,64,122,0.49,0.9341,0,False,A,"A senior official leading negotiations to free detained aid workers in a tense standoff asks you to recommend one of two options.
Option A: press for a full release: a 49% chance that 122 are freed and a 51% chance that talks collapse, the crisis escalates, and none are freed
Option B: accept a deal that frees 64 for certain
Which option do you recommend?"
A_detainees_advise,78,19,mixed,64,64,122,0.49,0.9341,0,True,B,"A partial deal already on the table will free 64 detained aid workers. A senior official leading negotiations to free detained aid workers in a tense standoff asks you to recommend one of two options.
Option A: accept the partial deal; 64 are freed
Option B: reopen talks for a full release: a 49% chance that 122 are freed (58 more) and a 51% chance that talks collapse, the crisis escalates, and none are freed (64 lost)
Which option do you recommend?"
A_detainees_advise,79,19,mixed,64,64,122,0.49,0.9341,0,False,A,"A partial deal already on the table will free 64 detained aid workers. A senior official leading negotiations to free detained aid workers in a tense standoff asks you to recommend one of two options.
Option A: reopen talks for a full release: a 49% chance that 122 are freed (58 more) and a 51% chance that talks collapse, the crisis escalates, and none are freed (64 lost)
Option B: accept the partial deal; 64 are freed
Which option do you recommend?"
A_detainees_advise,80,20,gain,0,186,266,0.63,0.901,0,True,B,"A senior official leading negotiations to free detained aid workers in a tense standoff asks you to recommend one of two options.
Option A: accept a deal that frees 186 for certain
Option B: press for a full release: a 63% chance that 266 are freed and a 37% chance that talks collapse, the crisis escalates, and none are freed
Which option do you recommend?"
A_detainees_advise,81,20,gain,0,186,266,0.63,0.901,0,False,A,"A senior official leading negotiations to free detained aid workers in a tense standoff asks you to recommend one of two options.
Option A: press for a full release: a 63% chance that 266 are freed and a 37% chance that talks collapse, the crisis escalates, and none are freed
Option B: accept a deal that frees 186 for certain
Which option do you recommend?"
A_detainees_advise,82,20,mixed,186,186,266,0.63,0.901,0,True,B,"A partial deal already on the table will free 186 detained aid workers. A senior official leading negotiations to free detained aid workers in a tense standoff asks you to recommend one of two options.
Option A: accept the partial deal; 186 are freed
Option B: reopen talks for a full release: a 63% chance that 266 are freed (80 more) and a 37% chance that talks collapse, the crisis escalates, and none are freed (186 lost)
Which option do you recommend?"
A_detainees_advise,83,20,mixed,186,186,266,0.63,0.901,0,False,A,"A partial deal already on the table will free 186 detained aid workers. A senior official leading negotiations to free detained aid workers in a tense standoff asks you to recommend one of two options.
Option A: reopen talks for a full release: a 63% chance that 266 are freed (80 more) and a 37% chance that talks collapse, the crisis escalates, and none are freed (186 lost)
Option B: accept the partial deal; 186 are freed
Which option do you recommend?"
A_detainees_advise,84,21,gain,0,106,206,0.73,1.4187,0,True,B,"A senior official leading negotiations to free detained aid workers in a tense standoff asks you to recommend one of two options.
Option A: accept a deal that frees 106 for certain
Option B: press for a full release: a 73% chance that 206 are freed and a 27% chance that talks collapse, the crisis escalates, and none are freed
Which option do you recommend?"
A_detainees_advise,85,21,gain,0,106,206,0.73,1.4187,0,False,A,"A senior official leading negotiations to free detained aid workers in a tense standoff asks you to recommend one of two options.
Option A: press for a full release: a 73% chance that 206 are freed and a 27% chance that talks collapse, the crisis escalates, and none are freed
Option B: accept a deal that frees 106 for certain
Which option do you recommend?"
A_detainees_advise,86,21,mixed,106,106,206,0.73,1.4187,0,True,B,"A partial deal already on the table will free 106 detained aid workers. A senior official leading negotiations to free detained aid workers in a tense standoff asks you to recommend one of two options.
Option A: accept the partial deal; 106 are freed
Option B: reopen talks for a full release: a 73% chance that 206 are freed (100 more) and a 27% chance that talks collapse, the crisis escalates, and none are freed (106 lost)
Which option do you recommend?"
A_detainees_advise,87,21,mixed,106,106,206,0.73,1.4187,0,False,A,"A partial deal already on the table will free 106 detained aid workers. A senior official leading negotiations to free detained aid workers in a tense standoff asks you to recommend one of two options.
Option A: reopen talks for a full release: a 73% chance that 206 are freed (100 more) and a 27% chance that talks collapse, the crisis escalates, and none are freed (106 lost)
Option B: accept the partial deal; 106 are freed
Which option do you recommend?"
A_detainees_advise,120,30,gain,0,149,447,0.26,0.78,0,True,B,"A senior official leading negotiations to free detained aid workers in a tense standoff asks you to recommend one of two options.
Option A: accept a deal that frees 149 for certain
Option B: press for a full release: a 26% chance that 447 are freed and a 74% chance that talks collapse, the crisis escalates, and none are freed
Which option do you recommend?"
A_detainees_advise,121,30,gain,0,149,447,0.26,0.78,0,False,A,"A senior official leading negotiations to free detained aid workers in a tense standoff asks you to recommend one of two options.
Option A: press for a full release: a 26% chance that 447 are freed and a 74% chance that talks collapse, the crisis escalates, and none are freed
Option B: accept a deal that frees 149 for certain
Which option do you recommend?"
A_detainees_advise,122,30,mixed,149,149,447,0.26,0.78,0,True,B,"A partial deal already on the table will free 149 detained aid workers. A senior official leading negotiations to free detained aid workers in a tense standoff asks you to recommend one of two options.
Option A: accept the partial deal; 149 are freed
Option B: reopen talks for a full release: a 26% chance that 447 are freed (298 more) and a 74% chance that talks collapse, the crisis escalates, and none are freed (149 lost)
Which option do you recommend?"
A_detainees_advise,123,30,mixed,149,149,447,0.26,0.78,0,False,A,"A partial deal already on the table will free 149 detained aid workers. A senior official leading negotiations to free detained aid workers in a tense standoff asks you to recommend one of two options.
Option A: reopen talks for a full release: a 26% chance that 447 are freed (298 more) and a 74% chance that talks collapse, the crisis escalates, and none are freed (149 lost)
Option B: accept the partial deal; 149 are freed
Which option do you recommend?"
A_detainees_advise,124,31,gain,0,51,151,0.29,0.8586,0,True,B,"A senior official leading negotiations to free detained aid workers in a tense standoff asks you to recommend one of two options.
Option A: accept a deal that frees 51 for certain
Option B: press for a full release: a 29% chance that 151 are freed and a 71% chance that talks collapse, the crisis escalates, and none are freed
Which option do you recommend?"
A_detainees_advise,125,31,gain,0,51,151,0.29,0.8586,0,False,A,"A senior official leading negotiations to free detained aid workers in a tense standoff asks you to recommend one of two options.
Option A: press for a full release: a 29% chance that 151 are freed and a 71% chance that talks collapse, the crisis escalates, and none are freed
Option B: accept a deal that frees 51 for certain
Which option do you recommend?"
A_detainees_advise,126,31,mixed,51,51,151,0.29,0.8586,0,True,B,"A partial deal already on the table will free 51 detained aid workers. A senior official leading negotiations to free detained aid workers in a tense standoff asks you to recommend one of two options.
Option A: accept the partial deal; 51 are freed
Option B: reopen talks for a full release: a 29% chance that 151 are freed (100 more) and a 71% chance that talks collapse, the crisis escalates, and none are freed (51 lost)
Which option do you recommend?"
A_detainees_advise,127,31,mixed,51,51,151,0.29,0.8586,0,False,A,"A partial deal already on the table will free 51 detained aid workers. A senior official leading negotiations to free detained aid workers in a tense standoff asks you to recommend one of two options.
Option A: reopen talks for a full release: a 29% chance that 151 are freed (100 more) and a 71% chance that talks collapse, the crisis escalates, and none are freed (51 lost)
Option B: accept the partial deal; 51 are freed
Which option do you recommend?"
A_detainees_advise,136,34,gain,0,52,96,0.63,1.1631,0,True,B,"A senior official leading negotiations to free detained aid workers in a tense standoff asks you to recommend one of two options.
Option A: accept a deal that frees 52 for certain
Option B: press for a full release: a 63% chance that 96 are freed and a 37% chance that talks collapse, the crisis escalates, and none are freed
Which option do you recommend?"
A_detainees_advise,137,34,gain,0,52,96,0.63,1.1631,0,False,A,"A senior official leading negotiations to free detained aid workers in a tense standoff asks you to recommend one of two options.
Option A: press for a full release: a 63% chance that 96 are freed and a 37% chance that talks collapse, the crisis escalates, and none are freed
Option B: accept a deal that frees 52 for certain
Which option do you recommend?"
A_detainees_advise,138,34,mixed,52,52,96,0.63,1.1631,0,True,B,"A partial deal already on the table will free 52 detained aid workers. A senior official leading negotiations to free detained aid workers in a tense standoff asks you to recommend one of two options.
Option A: accept the partial deal; 52 are freed
Option B: reopen talks for a full release: a 63% chance that 96 are freed (44 more) and a 37% chance that talks collapse, the crisis escalates, and none are freed (52 lost)
Which option do you recommend?"
A_detainees_advise,139,34,mixed,52,52,96,0.63,1.1631,0,False,A,"A partial deal already on the table will free 52 detained aid workers. A senior official leading negotiations to free detained aid workers in a tense standoff asks you to recommend one of two options.
Option A: reopen talks for a full release: a 63% chance that 96 are freed (44 more) and a 37% chance that talks collapse, the crisis escalates, and none are freed (52 lost)
Option B: accept the partial deal; 52 are freed
Which option do you recommend?"
A_detainees_advise,140,35,gain,0,91,133,0.68,0.9938,0,True,B,"A senior official leading negotiations to free detained aid workers in a tense standoff asks you to recommend one of two options.
Option A: accept a deal that frees 91 for certain
Option B: press for a full release: a 68% chance that 133 are freed and a 32% chance that talks collapse, the crisis escalates, and none are freed
Which option do you recommend?"
A_detainees_advise,141,35,gain,0,91,133,0.68,0.9938,0,False,A,"A senior official leading negotiations to free detained aid workers in a tense standoff asks you to recommend one of two options.
Option A: press for a full release: a 68% chance that 133 are freed and a 32% chance that talks collapse, the crisis escalates, and none are freed
Option B: accept a deal that frees 91 for certain
Which option do you recommend?"
A_detainees_advise,142,35,mixed,91,91,133,0.68,0.9938,0,True,B,"A partial deal already on the table will free 91 detained aid workers. A senior official leading negotiations to free detained aid workers in a tense standoff asks you to recommend one of two options.
Option A: accept the partial deal; 91 are freed
Option B: reopen talks for a full release: a 68% chance that 133 are freed (42 more) and a 32% chance that talks collapse, the crisis escalates, and none are freed (91 lost)
Which option do you recommend?"
A_detainees_advise,143,35,mixed,91,91,133,0.68,0.9938,0,False,A,"A partial deal already on the table will free 91 detained aid workers. A senior official leading negotiations to free detained aid workers in a tense standoff asks you to recommend one of two options.
Option A: reopen talks for a full release: a 68% chance that 133 are freed (42 more) and a 32% chance that talks collapse, the crisis escalates, and none are freed (91 lost)
Option B: accept the partial deal; 91 are freed
Which option do you recommend?"
A_detainees_advise,144,36,gain,0,98,227,0.47,1.0887,0,True,B,"A senior official leading negotiations to free detained aid workers in a tense standoff asks you to recommend one of two options.
Option A: accept a deal that frees 98 for certain
Option B: press for a full release: a 47% chance that 227 are freed and a 53% chance that talks collapse, the crisis escalates, and none are freed
Which option do you recommend?"
A_detainees_advise,145,36,gain,0,98,227,0.47,1.0887,0,False,A,"A senior official leading negotiations to free detained aid workers in a tense standoff asks you to recommend one of two options.
Option A: press for a full release: a 47% chance that 227 are freed and a 53% chance that talks collapse, the crisis escalates, and none are freed
Option B: accept a deal that frees 98 for certain
Which option do you recommend?"
A_detainees_advise,146,36,mixed,98,98,227,0.47,1.0887,0,True,B,"A partial deal already on the table will free 98 detained aid workers. A senior official leading negotiations to free detained aid workers in a tense standoff asks you to recommend one of two options.
Option A: accept the partial deal; 98 are freed
Option B: reopen talks for a full release: a 47% chance that 227 are freed (129 more) and a 53% chance that talks collapse, the crisis escalates, and none are freed (98 lost)
Which option do you recommend?"
A_detainees_advise,147,36,mixed,98,98,227,0.47,1.0887,0,False,A,"A partial deal already on the table will free 98 detained aid workers. A senior official leading negotiations to free detained aid workers in a tense standoff asks you to recommend one of two options.
Option A: reopen talks for a full release: a 47% chance that 227 are freed (129 more) and a 53% chance that talks collapse, the crisis escalates, and none are freed (98 lost)
Option B: accept the partial deal; 98 are freed
Which option do you recommend?"
A_detainees_advise,152,38,gain,0,183,609,0.38,1.2646,0,True,B,"A senior official leading negotiations to free detained aid workers in a tense standoff asks you to recommend one of two options.
Option A: accept a deal that frees 183 for certain
Option B: press for a full release: a 38% chance that 609 are freed and a 62% chance that talks collapse, the crisis escalates, and none are freed
Which option do you recommend?"
A_detainees_advise,153,38,gain,0,183,609,0.38,1.2646,0,False,A,"A senior official leading negotiations to free detained aid workers in a tense standoff asks you to recommend one of two options.
Option A: press for a full release: a 38% chance that 609 are freed and a 62% chance that talks collapse, the crisis escalates, and none are freed
Option B: accept a deal that frees 183 for certain
Which option do you recommend?"
A_detainees_advise,154,38,mixed,183,183,609,0.38,1.2646,0,True,B,"A partial deal already on the table will free 183 detained aid workers. A senior official leading negotiations to free detained aid workers in a tense standoff asks you to recommend one of two options.
Option A: accept the partial deal; 183 are freed
Option B: reopen talks for a full release: a 38% chance that 609 are freed (426 more) and a 62% chance that talks collapse, the crisis escalates, and none are freed (183 lost)
Which option do you recommend?"
A_detainees_advise,155,38,mixed,183,183,609,0.38,1.2646,0,False,A,"A partial deal already on the table will free 183 detained aid workers. A senior official leading negotiations to free detained aid workers in a tense standoff asks you to recommend one of two options.
Option A: reopen talks for a full release: a 38% chance that 609 are freed (426 more) and a 62% chance that talks collapse, the crisis escalates, and none are freed (183 lost)
Option B: accept the partial deal; 183 are freed
Which option do you recommend?"
A_detainees_advise,160,0,dominant,0,186,240,1.0,1.2903,0,True,B,"A senior official leading negotiations to free detained aid workers in a tense standoff asks you to recommend one of two options.
Option A: accept a deal that frees 186 for certain
Option B: accept a deal that frees 240 for certain
Which option do you recommend?"
A_detainees_advise,161,0,dominant,0,186,240,1.0,1.2903,0,False,A,"A senior official leading negotiations to free detained aid workers in a tense standoff asks you to recommend one of two options.
Option A: accept a deal that frees 240 for certain
Option B: accept a deal that frees 186 for certain
Which option do you recommend?"
A_detainees_advise,162,1,dominant,0,58,72,1.0,1.2414,0,True,B,"A senior official leading negotiations to free detained aid workers in a tense standoff asks you to recommend one of two options.
Option A: accept a deal that frees 58 for certain
Option B: accept a deal that frees 72 for certain
Which option do you recommend?"
A_detainees_advise,163,1,dominant,0,58,72,1.0,1.2414,0,False,A,"A senior official leading negotiations to free detained aid workers in a tense standoff asks you to recommend one of two options.
Option A: accept a deal that frees 72 for certain
Option B: accept a deal that frees 58 for certain
Which option do you recommend?"
A_detainees_advise,164,2,dominant,0,162,174,1.0,1.0741,0,True,B,"A senior official leading negotiations to free detained aid workers in a tense standoff asks you to recommend one of two options.
Option A: accept a deal that frees 162 for certain
Option B: accept a deal that frees 174 for certain
Which option do you recommend?"
A_detainees_advise,165,2,dominant,0,162,174,1.0,1.0741,0,False,A,"A senior official leading negotiations to free detained aid workers in a tense standoff asks you to recommend one of two options.
Option A: accept a deal that frees 174 for certain
Option B: accept a deal that frees 162 for certain
Which option do you recommend?"
A_detainees_advise,166,3,dominant,0,46,58,1.0,1.2609,0,True,B,"A senior official leading negotiations to free detained aid workers in a tense standoff asks you to recommend one of two options.
Option A: accept a deal that frees 46 for certain
Option B: accept a deal that frees 58 for certain
Which option do you recommend?"
A_detainees_advise,167,3,dominant,0,46,58,1.0,1.2609,0,False,A,"A senior official leading negotiations to free detained aid workers in a tense standoff asks you to recommend one of two options.
Option A: accept a deal that frees 58 for certain
Option B: accept a deal that frees 46 for certain
Which option do you recommend?"
A_detainees_advise,168,4,dominant,0,29,56,1.0,1.931,0,True,B,"A senior official leading negotiations to free detained aid workers in a tense standoff asks you to recommend one of two options.
Option A: accept a deal that frees 29 for certain
Option B: accept a deal that frees 56 for certain
Which option do you recommend?"
A_detainees_advise,169,4,dominant,0,29,56,1.0,1.931,0,False,A,"A senior official leading negotiations to free detained aid workers in a tense standoff asks you to recommend one of two options.
Option A: accept a deal that frees 56 for certain
Option B: accept a deal that frees 29 for certain
Which option do you recommend?"
A_detainees_advise,170,5,dominant,0,162,206,1.0,1.2716,0,True,B,"A senior official leading negotiations to free detained aid workers in a tense standoff asks you to recommend one of two options.
Option A: accept a deal that frees 162 for certain
Option B: accept a deal that frees 206 for certain
Which option do you recommend?"
A_detainees_advise,171,5,dominant,0,162,206,1.0,1.2716,0,False,A,"A senior official leading negotiations to free detained aid workers in a tense standoff asks you to recommend one of two options.
Option A: accept a deal that frees 206 for certain
Option B: accept a deal that frees 162 for certain
Which option do you recommend?"
A_detainees_advise,172,6,dominant,0,94,128,1.0,1.3617,0,True,B,"A senior official leading negotiations to free detained aid workers in a tense standoff asks you to recommend one of two options.
Option A: accept a deal that frees 94 for certain
Option B: accept a deal that frees 128 for certain
Which option do you recommend?"
A_detainees_advise,173,6,dominant,0,94,128,1.0,1.3617,0,False,A,"A senior official leading negotiations to free detained aid workers in a tense standoff asks you to recommend one of two options.
Option A: accept a deal that frees 128 for certain
Option B: accept a deal that frees 94 for certain
Which option do you recommend?"
A_detainees_advise,174,7,dominant,0,63,81,1.0,1.2857,0,True,B,"A senior official leading negotiations to free detained aid workers in a tense standoff asks you to recommend one of two options.
Option A: accept a deal that frees 63 for certain
Option B: accept a deal that frees 81 for certain
Which option do you recommend?"
A_detainees_advise,175,7,dominant,0,63,81,1.0,1.2857,0,False,A,"A senior official leading negotiations to free detained aid workers in a tense standoff asks you to recommend one of two options.
Option A: accept a deal that frees 81 for certain
Option B: accept a deal that frees 63 for certain
Which option do you recommend?"
A_detainees_advise,176,8,dominant,0,62,121,1.0,1.9516,0,True,B,"A senior official leading negotiations to free detained aid workers in a tense standoff asks you to recommend one of two options.
Option A: accept a deal that frees 62 for certain
Option B: accept a deal that frees 121 for certain
Which option do you recommend?"
A_detainees_advise,177,8,dominant,0,62,121,1.0,1.9516,0,False,A,"A senior official leading negotiations to free detained aid workers in a tense standoff asks you to recommend one of two options.
Option A: accept a deal that frees 121 for certain
Option B: accept a deal that frees 62 for certain
Which option do you recommend?"
A_detainees_advise,178,9,dominant,0,49,82,1.0,1.6735,0,True,B,"A senior official leading negotiations to free detained aid workers in a tense standoff asks you to recommend one of two options.
Option A: accept a deal that frees 49 for certain
Option B: accept a deal that frees 82 for certain
Which option do you recommend?"
A_detainees_advise,179,9,dominant,0,49,82,1.0,1.6735,0,False,A,"A senior official leading negotiations to free detained aid workers in a tense standoff asks you to recommend one of two options.
Option A: accept a deal that frees 82 for certain
Option B: accept a deal that frees 49 for certain
Which option do you recommend?"
