instrument,trial_id,gamble_id,frame,anchor,sure,hi,p,ev_ratio,template_id,safe_first,gamble_letter,model,fmt,induce,reason,p_gamble,ab_mass,excluded,reason_ended,reasoning,note
A_money_self,0,0,gain,0,186,984,0.26,1.3755,0,True,B,Qwen/Qwen2.5-7B-Instruct,chat,none,0,0.0737,1.0,0,,,massA=0.926 massB=0.0737
A_money_self,1,0,gain,0,186,984,0.26,1.3755,0,False,A,Qwen/Qwen2.5-7B-Instruct,chat,none,0,0.43782,1.0,0,,,massA=0.438 massB=0.562
A_money_self,2,0,mixed,186,186,984,0.26,1.3755,0,True,B,Qwen/Qwen2.5-7B-Instruct,chat,none,0,0.99692,1.0,0,,,massA=0.00308 massB=0.997
A_money_self,3,0,mixed,186,186,984,0.26,1.3755,0,False,A,Qwen/Qwen2.5-7B-Instruct,chat,none,0,0.93629,1.0,0,,,massA=0.936 massB=0.0637
A_money_self,4,1,gain,0,58,116,0.66,1.32,0,True,B,Qwen/Qwen2.5-7B-Instruct,chat,none,0,0.51562,1.0,0,,,massA=0.484 massB=0.516
A_money_self,5,1,gain,0,58,116,0.66,1.32,0,False,A,Qwen/Qwen2.5-7B-Instruct,chat,none,0,0.55447,1.0,0,,,massA=0.554 massB=0.446
A_money_self,6,1,mixed,58,58,116,0.66,1.32,0,True,B,Qwen/Qwen2.5-7B-Instruct,chat,none,0,0.93245,1.0,0,,,massA=0.0675 massB=0.932
A_money_self,7,1,mixed,58,58,116,0.66,1.32,0,False,A,Qwen/Qwen2.5-7B-Instruct,chat,none,0,0.75491,1.0,0,,,massA=0.755 massB=0.245
A_money_self,8,2,gain,0,162,661,0.26,1.0609,0,True,B,Qwen/Qwen2.5-7B-Instruct,chat,none,0,0.15203,1.0,0,,,massA=0.848 massB=0.152
A_money_self,9,2,gain,0,162,661,0.26,1.0609,0,False,A,Qwen/Qwen2.5-7B-Instruct,chat,none,0,0.26284,1.0,0,,,massA=0.263 massB=0.737
A_money_self,10,2,mixed,162,162,661,0.26,1.0609,0,True,B,Qwen/Qwen2.5-7B-Instruct,chat,none,0,0.99445,1.0,0,,,massA=0.00555 massB=0.994
A_money_self,11,2,mixed,162,162,661,0.26,1.0609,0,False,A,Qwen/Qwen2.5-7B-Instruct,chat,none,0,0.86704,1.0,0,,,massA=0.867 massB=0.133
A_money_self,12,3,gain,0,46,158,0.33,1.1335,0,True,B,Qwen/Qwen2.5-7B-Instruct,chat,none,0,0.12592,1.0,0,,,massA=0.874 massB=0.126
A_money_self,13,3,gain,0,46,158,0.33,1.1335,0,False,A,Qwen/Qwen2.5-7B-Instruct,chat,none,0,0.12252,1.0,0,,,massA=0.123 massB=0.877
A_money_self,14,3,mixed,46,46,158,0.33,1.1335,0,True,B,Qwen/Qwen2.5-7B-Instruct,chat,none,0,0.99142,1.0,0,,,massA=0.00858 massB=0.991
A_money_self,15,3,mixed,46,46,158,0.33,1.1335,0,False,A,Qwen/Qwen2.5-7B-Instruct,chat,none,0,0.95114,1.0,0,,,massA=0.951 massB=0.0489
A_money_self,16,4,gain,0,29,71,0.55,1.3466,0,True,B,Qwen/Qwen2.5-7B-Instruct,chat,none,0,0.56985,1.0,0,,,massA=0.43 massB=0.57
A_money_self,17,4,gain,0,29,71,0.55,1.3466,0,False,A,Qwen/Qwen2.5-7B-Instruct,chat,none,0,0.69925,1.0,0,,,massA=0.699 massB=0.301
A_money_self,18,4,mixed,29,29,71,0.55,1.3466,0,True,B,Qwen/Qwen2.5-7B-Instruct,chat,none,0,0.99807,1.0,0,,,massA=0.00193 massB=0.998
A_money_self,19,4,mixed,29,29,71,0.55,1.3466,0,False,A,Qwen/Qwen2.5-7B-Instruct,chat,none,0,0.95397,1.0,0,,,massA=0.954 massB=0.046
A_money_self,20,5,gain,0,162,381,0.46,1.0819,0,True,B,Qwen/Qwen2.5-7B-Instruct,chat,none,0,0.14034,1.0,0,,,massA=0.86 massB=0.14
A_money_self,21,5,gain,0,162,381,0.46,1.0819,0,False,A,Qwen/Qwen2.5-7B-Instruct,chat,none,0,0.14805,1.0,0,,,massA=0.148 massB=0.852
A_money_self,22,5,mixed,162,162,381,0.46,1.0819,0,True,B,Qwen/Qwen2.5-7B-Instruct,chat,none,0,0.99462,1.0,0,,,massA=0.00538 massB=0.995
A_money_self,23,5,mixed,162,162,381,0.46,1.0819,0,False,A,Qwen/Qwen2.5-7B-Instruct,chat,none,0,0.78793,1.0,0,,,massA=0.788 massB=0.212
A_money_self,24,6,gain,0,94,101,0.71,0.7629,0,True,B,Qwen/Qwen2.5-7B-Instruct,chat,none,0,0.19683,1.0,0,,,massA=0.803 massB=0.197
A_money_self,25,6,gain,0,94,101,0.71,0.7629,0,False,A,Qwen/Qwen2.5-7B-Instruct,chat,none,0,0.56218,1.0,0,,,massA=0.562 massB=0.438
A_money_self,26,6,mixed,94,94,101,0.71,0.7629,0,True,B,Qwen/Qwen2.5-7B-Instruct,chat,none,0,0.93629,1.0,0,,,massA=0.0637 massB=0.936
A_money_self,27,6,mixed,94,94,101,0.71,0.7629,0,False,A,Qwen/Qwen2.5-7B-Instruct,chat,none,0,0.79819,1.0,0,,,massA=0.798 massB=0.202
A_money_self,28,7,gain,0,63,98,0.64,0.9956,0,True,B,Qwen/Qwen2.5-7B-Instruct,chat,none,0,0.67233,1.0,0,,,massA=0.328 massB=0.672
A_money_self,29,7,gain,0,63,98,0.64,0.9956,0,False,A,Qwen/Qwen2.5-7B-Instruct,chat,none,0,0.8808,1.0,0,,,massA=0.881 massB=0.119
A_money_self,30,7,mixed,63,63,98,0.64,0.9956,0,True,B,Qwen/Qwen2.5-7B-Instruct,chat,none,0,0.98935,1.0,0,,,massA=0.0107 massB=0.989
A_money_self,31,7,mixed,63,63,98,0.64,0.9956,0,False,A,Qwen/Qwen2.5-7B-Instruct,chat,none,0,0.93245,1.0,0,,,massA=0.932 massB=0.0675
A_money_self,32,8,gain,0,62,263,0.33,1.3998,0,True,B,Qwen/Qwen2.5-7B-Instruct,chat,none,0,0.11596,1.0,0,,,massA=0.884 massB=0.116
A_money_self,33,8,gain,0,62,263,0.33,1.3998,0,False,A,Qwen/Qwen2.5-7B-Instruct,chat,none,0,0.13661,1.0,0,,,massA=0.137 massB=0.863
A_money_self,34,8,mixed,62,62,263,0.33,1.3998,0,True,B,Qwen/Qwen2.5-7B-Instruct,chat,none,0,0.97904,1.0,0,,,massA=0.021 massB=0.979
A_money_self,35,8,mixed,62,62,263,0.33,1.3998,0,False,A,Qwen/Qwen2.5-7B-Instruct,chat,none,0,0.77184,1.0,0,,,massA=0.772 massB=0.228
A_money_self,36,9,gain,0,49,153,0.26,0.8118,0,True,B,Qwen/Qwen2.5-7B-Instruct,chat,none,0,0.25683,1.0,0,,,massA=0.743 massB=0.257
A_money_self,37,9,gain,0,49,153,0.26,0.8118,0,False,A,Qwen/Qwen2.5-7B-Instruct,chat,none,0,0.30736,1.0,0,,,massA=0.307 massB=0.693
A_money_self,38,9,mixed,49,49,153,0.26,0.8118,0,True,B,Qwen/Qwen2.5-7B-Instruct,chat,none,0,0.99593,1.0,0,,,massA=0.00407 massB=0.996
A_money_self,39,9,mixed,49,49,153,0.26,0.8118,0,False,A,Qwen/Qwen2.5-7B-Instruct,chat,none,0,0.96036,1.0,0,,,massA=0.96 massB=0.0396
A_money_self,40,10,gain,0,111,278,0.58,1.4526,0,True,B,Qwen/Qwen2.5-7B-Instruct,chat,none,0,0.36297,1.0,0,,,massA=0.637 massB=0.363
A_money_self,41,10,gain,0,111,278,0.58,1.4526,0,False,A,Qwen/Qwen2.5-7B-Instruct,chat,none,0,0.46879,1.0,0,,,massA=0.469 massB=0.531
A_money_self,42,10,mixed,111,111,278,0.58,1.4526,0,True,B,Qwen/Qwen2.5-7B-Instruct,chat,none,0,0.99509,1.0,0,,,massA=0.00491 massB=0.995
A_money_self,43,10,mixed,111,111,278,0.58,1.4526,0,False,A,Qwen/Qwen2.5-7B-Instruct,chat,none,0,0.89029,1.0,0,,,massA=0.89 massB=0.11
A_money_self,44,11,gain,0,54,68,0.81,1.02,0,True,B,Qwen/Qwen2.5-7B-Instruct,chat,none,0,0.40733,1.0,0,,,massA=0.593 massB=0.407
A_money_self,45,11,gain,0,54,68,0.81,1.02,0,False,A,Qwen/Qwen2.5-7B-Instruct,chat,none,0,0.8706,1.0,0,,,massA=0.871 massB=0.129
A_money_self,46,11,mixed,54,54,68,0.81,1.02,0,True,B,Qwen/Qwen2.5-7B-Instruct,chat,none,0,0.97838,1.0,0,,,massA=0.0216 massB=0.978
A_money_self,47,11,mixed,54,54,68,0.81,1.02,0,False,A,Qwen/Qwen2.5-7B-Instruct,chat,none,0,0.69264,1.0,0,,,massA=0.693 massB=0.307
A_money_self,48,12,gain,0,164,541,0.38,1.2535,0,True,B,Qwen/Qwen2.5-7B-Instruct,chat,none,0,0.27513,1.0,0,,,massA=0.725 massB=0.275
A_money_self,49,12,gain,0,164,541,0.38,1.2535,0,False,A,Qwen/Qwen2.5-7B-Instruct,chat,none,0,0.21734,1.0,0,,,massA=0.217 massB=0.783
A_money_self,50,12,mixed,164,164,541,0.38,1.2535,0,True,B,Qwen/Qwen2.5-7B-Instruct,chat,none,0,0.99737,1.0,0,,,massA=0.00263 massB=0.997
A_money_self,51,12,mixed,164,164,541,0.38,1.2535,0,False,A,Qwen/Qwen2.5-7B-Instruct,chat,none,0,0.8872,1.0,0,,,massA=0.887 massB=0.113
A_money_self,52,13,gain,0,72,88,0.64,0.7822,0,True,B,Qwen/Qwen2.5-7B-Instruct,chat,none,0,0.46879,1.0,0,,,massA=0.531 massB=0.469
A_money_self,53,13,gain,0,72,88,0.64,0.7822,0,False,A,Qwen/Qwen2.5-7B-Instruct,chat,none,0,0.39234,1.0,0,,,massA=0.392 massB=0.608
A_money_self,54,13,mixed,72,72,88,0.64,0.7822,0,True,B,Qwen/Qwen2.5-7B-Instruct,chat,none,0,0.93629,1.0,0,,,massA=0.0637 massB=0.936
A_money_self,55,13,mixed,72,72,88,0.64,0.7822,0,False,A,Qwen/Qwen2.5-7B-Instruct,chat,none,0,0.67233,1.0,0,,,massA=0.672 massB=0.328
A_money_self,56,14,gain,0,81,201,0.68,1.6874,0,True,B,Qwen/Qwen2.5-7B-Instruct,chat,none,0,0.5775,1.0,0,,,massA=0.423 massB=0.577
A_money_self,57,14,gain,0,81,201,0.68,1.6874,0,False,A,Qwen/Qwen2.5-7B-Instruct,chat,none,0,0.79819,1.0,0,,,massA=0.798 massB=0.202
A_money_self,58,14,mixed,81,81,201,0.68,1.6874,0,True,B,Qwen/Qwen2.5-7B-Instruct,chat,none,0,0.99539,1.0,0,,,massA=0.00461 massB=0.995
A_money_self,59,14,mixed,81,81,201,0.68,1.6874,0,False,A,Qwen/Qwen2.5-7B-Instruct,chat,none,0,0.85966,1.0,0,,,massA=0.86 massB=0.14
A_money_self,60,15,gain,0,82,113,0.74,1.0198,0,True,B,Qwen/Qwen2.5-7B-Instruct,chat,none,0,0.52342,1.0,0,,,massA=0.477 massB=0.523
A_money_self,61,15,gain,0,82,113,0.74,1.0198,0,False,A,Qwen/Qwen2.5-7B-Instruct,chat,none,0,0.84797,1.0,0,,,massA=0.848 massB=0.152
A_money_self,62,15,mixed,82,82,113,0.74,1.0198,0,True,B,Qwen/Qwen2.5-7B-Instruct,chat,none,0,0.99445,1.0,0,,,massA=0.00555 massB=0.994
A_money_self,63,15,mixed,82,82,113,0.74,1.0198,0,False,A,Qwen/Qwen2.5-7B-Instruct,chat,none,0,0.95532,1.0,0,,,massA=0.955 massB=0.0447
A_money_self,64,16,gain,0,139,234,0.6,1.0101,0,True,B,Qwen/Qwen2.5-7B-Instruct,chat,none,0,0.26284,1.0,0,,,massA=0.737 massB=0.263
A_money_self,65,16,gain,0,139,234,0.6,1.0101,0,False,A,Qwen/Qwen2.5-7B-Instruct,chat,none,0,0.59267,1.0,0,,,massA=0.593 massB=0.407
A_money_self,66,16,mixed,139,139,234,0.6,1.0101,0,True,B,Qwen/Qwen2.5-7B-Instruct,chat,none,0,0.99115,1.0,0,,,massA=0.00885 massB=0.991
A_money_self,67,16,mixed,139,139,234,0.6,1.0101,0,False,A,Qwen/Qwen2.5-7B-Instruct,chat,none,0,0.95114,1.0,0,,,massA=0.951 massB=0.0489
A_money_self,68,17,gain,0,117,362,0.42,1.2995,0,True,B,Qwen/Qwen2.5-7B-Instruct,chat,none,0,0.19193,1.0,0,,,massA=0.808 massB=0.192
A_money_self,69,17,gain,0,117,362,0.42,1.2995,0,False,A,Qwen/Qwen2.5-7B-Instruct,chat,none,0,0.37023,1.0,0,,,massA=0.37 massB=0.63
A_money_self,70,17,mixed,117,117,362,0.42,1.2995,0,True,B,Qwen/Qwen2.5-7B-Instruct,chat,none,0,0.99702,1.0,0,,,massA=0.00298 massB=0.997
A_money_self,71,17,mixed,117,117,362,0.42,1.2995,0,False,A,Qwen/Qwen2.5-7B-Instruct,chat,none,0,0.82219,1.0,0,,,massA=0.822 massB=0.178
A_money_self,72,18,gain,0,41,61,0.58,0.8629,0,True,B,Qwen/Qwen2.5-7B-Instruct,chat,none,0,0.47658,1.0,0,,,massA=0.523 massB=0.477
A_money_self,73,18,gain,0,41,61,0.58,0.8629,0,False,A,Qwen/Qwen2.5-7B-Instruct,chat,none,0,0.71223,1.0,0,,,massA=0.712 massB=0.288
A_money_self,74,18,mixed,41,41,61,0.58,0.8629,0,True,B,Qwen/Qwen2.5-7B-Instruct,chat,none,0,0.99673,1.0,0,,,massA=0.00327 massB=0.997
A_money_self,75,18,mixed,41,41,61,0.58,0.8629,0,False,A,Qwen/Qwen2.5-7B-Instruct,chat,none,0,0.93245,1.0,0,,,massA=0.932 massB=0.0675
A_money_self,76,19,gain,0,64,122,0.49,0.9341,0,True,B,Qwen/Qwen2.5-7B-Instruct,chat,none,0,0.18713,1.0,0,,,massA=0.813 massB=0.187
A_money_self,77,19,gain,0,64,122,0.49,0.9341,0,False,A,Qwen/Qwen2.5-7B-Instruct,chat,none,0,0.0656,1.0,0,,,massA=0.0656 massB=0.934
A_money_self,78,19,mixed,64,64,122,0.49,0.9341,0,True,B,Qwen/Qwen2.5-7B-Instruct,chat,none,0,0.98309,1.0,0,,,massA=0.0169 massB=0.983
A_money_self,79,19,mixed,64,64,122,0.49,0.9341,0,False,A,Qwen/Qwen2.5-7B-Instruct,chat,none,0,0.51562,1.0,0,,,massA=0.516 massB=0.484
A_money_self,80,20,gain,0,186,266,0.63,0.901,0,True,B,Qwen/Qwen2.5-7B-Instruct,chat,none,0,0.2227,1.0,0,,,massA=0.777 massB=0.223
A_money_self,81,20,gain,0,186,266,0.63,0.901,0,False,A,Qwen/Qwen2.5-7B-Instruct,chat,none,0,0.66541,1.0,0,,,massA=0.665 massB=0.335
A_money_self,82,20,mixed,186,186,266,0.63,0.901,0,True,B,Qwen/Qwen2.5-7B-Instruct,chat,none,0,0.98901,1.0,0,,,massA=0.011 massB=0.989
A_money_self,83,20,mixed,186,186,266,0.63,0.901,0,False,A,Qwen/Qwen2.5-7B-Instruct,chat,none,0,0.91244,1.0,0,,,massA=0.912 massB=0.0876
A_money_self,84,21,gain,0,106,206,0.73,1.4187,0,True,B,Qwen/Qwen2.5-7B-Instruct,chat,none,0,0.10375,1.0,0,,,massA=0.896 massB=0.104
A_money_self,85,21,gain,0,106,206,0.73,1.4187,0,False,A,Qwen/Qwen2.5-7B-Instruct,chat,none,0,0.89029,1.0,0,,,massA=0.89 massB=0.11
A_money_self,86,21,mixed,106,106,206,0.73,1.4187,0,True,B,Qwen/Qwen2.5-7B-Instruct,chat,none,0,0.99605,1.0,0,,,massA=0.00395 massB=0.996
A_money_self,87,21,mixed,106,106,206,0.73,1.4187,0,False,A,Qwen/Qwen2.5-7B-Instruct,chat,none,0,0.93812,1.0,0,,,massA=0.938 massB=0.0619
A_money_self,88,22,gain,0,81,163,0.72,1.4489,0,True,B,Qwen/Qwen2.5-7B-Instruct,chat,none,0,0.62246,1.0,0,,,massA=0.378 massB=0.622
A_money_self,89,22,gain,0,81,163,0.72,1.4489,0,False,A,Qwen/Qwen2.5-7B-Instruct,chat,none,0,0.92192,1.0,0,,,massA=0.922 massB=0.0781
A_money_self,90,22,mixed,81,81,163,0.72,1.4489,0,True,B,Qwen/Qwen2.5-7B-Instruct,chat,none,0,0.99629,1.0,0,,,massA=0.00371 massB=0.996
A_money_self,91,22,mixed,81,81,163,0.72,1.4489,0,False,A,Qwen/Qwen2.5-7B-Instruct,chat,none,0,0.90991,1.0,0,,,massA=0.91 massB=0.0901
A_money_self,92,23,gain,0,91,626,0.23,1.5822,0,True,B,Qwen/Qwen2.5-7B-Instruct,chat,none,0,0.10971,1.0,0,,,massA=0.89 massB=0.11
A_money_self,93,23,gain,0,91,626,0.23,1.5822,0,False,A,Qwen/Qwen2.5-7B-Instruct,chat,none,0,0.06371,1.0,0,,,massA=0.0637 massB=0.936
A_money_self,94,23,mixed,91,91,626,0.23,1.5822,0,True,B,Qwen/Qwen2.5-7B-Instruct,chat,none,0,0.97631,1.0,0,,,massA=0.0237 massB=0.976
A_money_self,95,23,mixed,91,91,626,0.23,1.5822,0,False,A,Qwen/Qwen2.5-7B-Instruct,chat,none,0,0.63703,1.0,0,,,massA=0.637 massB=0.363
A_money_self,96,24,gain,0,168,214,0.76,0.9681,0,True,B,Qwen/Qwen2.5-7B-Instruct,chat,none,0,0.56218,1.0,0,,,massA=0.438 massB=0.562
A_money_self,97,24,gain,0,168,214,0.76,0.9681,0,False,A,Qwen/Qwen2.5-7B-Instruct,chat,none,0,0.91964,1.0,0,,,massA=0.92 massB=0.0804
A_money_self,98,24,mixed,168,168,214,0.76,0.9681,0,True,B,Qwen/Qwen2.5-7B-Instruct,chat,none,0,0.99242,1.0,0,,,massA=0.00758 massB=0.992
A_money_self,99,24,mixed,168,168,214,0.76,0.9681,0,False,A,Qwen/Qwen2.5-7B-Instruct,chat,none,0,0.94967,1.0,0,,,massA=0.95 massB=0.0503
A_money_self,100,25,gain,0,124,207,0.76,1.2687,0,True,B,Qwen/Qwen2.5-7B-Instruct,chat,none,0,0.62977,1.0,0,,,massA=0.37 massB=0.63
A_money_self,101,25,gain,0,124,207,0.76,1.2687,0,False,A,Qwen/Qwen2.5-7B-Instruct,chat,none,0,0.92414,1.0,0,,,massA=0.924 massB=0.0759
A_money_self,102,25,mixed,124,124,207,0.76,1.2687,0,True,B,Qwen/Qwen2.5-7B-Instruct,chat,none,0,0.99854,1.0,0,,,massA=0.00146 massB=0.999
A_money_self,103,25,mixed,124,124,207,0.76,1.2687,0,False,A,Qwen/Qwen2.5-7B-Instruct,chat,none,0,0.97702,1.0,0,,,massA=0.977 massB=0.023
A_money_self,104,26,gain,0,59,151,0.36,0.9214,0,True,B,Qwen/Qwen2.5-7B-Instruct,chat,none,0,0.26284,1.0,0,,,massA=0.737 massB=0.263
A_money_self,105,26,gain,0,59,151,0.36,0.9214,0,False,A,Qwen/Qwen2.5-7B-Instruct,chat,none,0,0.34158,1.0,0,,,massA=0.342 massB=0.658
A_money_self,106,26,mixed,59,59,151,0.36,0.9214,0,True,B,Qwen/Qwen2.5-7B-Instruct,chat,none,0,0.98594,1.0,0,,,massA=0.0141 massB=0.986
A_money_self,107,26,mixed,59,59,151,0.36,0.9214,0,False,A,Qwen/Qwen2.5-7B-Instruct,chat,none,0,0.79819,1.0,0,,,massA=0.798 massB=0.202
A_money_self,108,27,gain,0,166,433,0.53,1.3825,0,True,B,Qwen/Qwen2.5-7B-Instruct,chat,none,0,0.29421,1.0,0,,,massA=0.706 massB=0.294
A_money_self,109,27,gain,0,166,433,0.53,1.3825,0,False,A,Qwen/Qwen2.5-7B-Instruct,chat,none,0,0.34158,1.0,0,,,massA=0.342 massB=0.658
A_money_self,110,27,mixed,166,166,433,0.53,1.3825,0,True,B,Qwen/Qwen2.5-7B-Instruct,chat,none,0,0.99775,1.0,0,,,massA=0.00225 massB=0.998
A_money_self,111,27,mixed,166,166,433,0.53,1.3825,0,False,A,Qwen/Qwen2.5-7B-Instruct,chat,none,0,0.92841,1.0,0,,,massA=0.928 massB=0.0716
A_money_self,112,28,gain,0,132,181,0.76,1.0421,0,True,B,Qwen/Qwen2.5-7B-Instruct,chat,none,0,0.51562,1.0,0,,,massA=0.484 massB=0.516
A_money_self,113,28,gain,0,132,181,0.76,1.0421,0,False,A,Qwen/Qwen2.5-7B-Instruct,chat,none,0,0.83973,1.0,0,,,massA=0.84 massB=0.16
A_money_self,114,28,mixed,132,132,181,0.76,1.0421,0,True,B,Qwen/Qwen2.5-7B-Instruct,chat,none,0,0.9855,1.0,0,,,massA=0.0145 massB=0.985
A_money_self,115,28,mixed,132,132,181,0.76,1.0421,0,False,A,Qwen/Qwen2.5-7B-Instruct,chat,none,0,0.89912,1.0,0,,,massA=0.899 massB=0.101
A_money_self,116,29,gain,0,79,81,0.83,0.851,0,True,B,Qwen/Qwen2.5-7B-Instruct,chat,none,0,0.33459,1.0,0,,,massA=0.665 massB=0.335
A_money_self,117,29,gain,0,79,81,0.83,0.851,0,False,A,Qwen/Qwen2.5-7B-Instruct,chat,none,0,0.96486,1.0,0,,,massA=0.965 massB=0.0351
A_money_self,118,29,mixed,79,79,81,0.83,0.851,0,True,B,Qwen/Qwen2.5-7B-Instruct,chat,none,0,0.94335,1.0,0,,,massA=0.0567 massB=0.943
A_money_self,119,29,mixed,79,79,81,0.83,0.851,0,False,A,Qwen/Qwen2.5-7B-Instruct,chat,none,0,0.76629,1.0,0,,,massA=0.766 massB=0.234
A_money_self,120,30,gain,0,149,447,0.26,0.78,0,True,B,Qwen/Qwen2.5-7B-Instruct,chat,none,0,0.06755,1.0,0,,,massA=0.932 massB=0.0675
A_money_self,121,30,gain,0,149,447,0.26,0.78,0,False,A,Qwen/Qwen2.5-7B-Instruct,chat,none,0,0.08756,1.0,0,,,massA=0.0876 massB=0.912
A_money_self,122,30,mixed,149,149,447,0.26,0.78,0,True,B,Qwen/Qwen2.5-7B-Instruct,chat,none,0,0.99673,1.0,0,,,massA=0.00327 massB=0.997
A_money_self,123,30,mixed,149,149,447,0.26,0.78,0,False,A,Qwen/Qwen2.5-7B-Instruct,chat,none,0,0.82671,1.0,0,,,massA=0.827 massB=0.173
A_money_self,124,31,gain,0,51,151,0.29,0.8586,0,True,B,Qwen/Qwen2.5-7B-Instruct,chat,none,0,0.18713,1.0,0,,,massA=0.813 massB=0.187
A_money_self,125,31,gain,0,51,151,0.29,0.8586,0,False,A,Qwen/Qwen2.5-7B-Instruct,chat,none,0,0.21734,1.0,0,,,massA=0.217 massB=0.783
A_money_self,126,31,mixed,51,51,151,0.29,0.8586,0,True,B,Qwen/Qwen2.5-7B-Instruct,chat,none,0,0.98999,1.0,0,,,massA=0.01 massB=0.99
A_money_self,127,31,mixed,51,51,151,0.29,0.8586,0,False,A,Qwen/Qwen2.5-7B-Instruct,chat,none,0,0.43782,1.0,0,,,massA=0.438 massB=0.562
A_money_self,128,32,gain,0,131,236,0.57,1.0269,0,True,B,Qwen/Qwen2.5-7B-Instruct,chat,none,0,0.46879,1.0,0,,,massA=0.531 massB=0.469
A_money_self,129,32,gain,0,131,236,0.57,1.0269,0,False,A,Qwen/Qwen2.5-7B-Instruct,chat,none,0,0.37754,1.0,0,,,massA=0.378 massB=0.622
A_money_self,130,32,mixed,131,131,236,0.57,1.0269,0,True,B,Qwen/Qwen2.5-7B-Instruct,chat,none,0,0.99641,1.0,0,,,massA=0.00359 massB=0.996
A_money_self,131,32,mixed,131,131,236,0.57,1.0269,0,False,A,Qwen/Qwen2.5-7B-Instruct,chat,none,0,0.93245,1.0,0,,,massA=0.932 massB=0.0675
A_money_self,132,33,gain,0,142,446,0.53,1.6646,0,True,B,Qwen/Qwen2.5-7B-Instruct,chat,none,0,0.34865,1.0,0,,,massA=0.651 massB=0.349
A_money_self,133,33,gain,0,142,446,0.53,1.6646,0,False,A,Qwen/Qwen2.5-7B-Instruct,chat,none,0,0.28777,1.0,0,,,massA=0.288 massB=0.712
A_money_self,134,33,mixed,142,142,446,0.53,1.6646,0,True,B,Qwen/Qwen2.5-7B-Instruct,chat,none,0,0.99883,1.0,0,,,massA=0.00117 massB=0.999
A_money_self,135,33,mixed,142,142,446,0.53,1.6646,0,False,A,Qwen/Qwen2.5-7B-Instruct,chat,none,0,0.95915,1.0,0,,,massA=0.959 massB=0.0408
A_money_self,136,34,gain,0,52,96,0.63,1.1631,0,True,B,Qwen/Qwen2.5-7B-Instruct,chat,none,0,0.54674,1.0,0,,,massA=0.453 massB=0.547
A_money_self,137,34,gain,0,52,96,0.63,1.1631,0,False,A,Qwen/Qwen2.5-7B-Instruct,chat,none,0,0.48438,1.0,0,,,massA=0.484 massB=0.516
A_money_self,138,34,mixed,52,52,96,0.63,1.1631,0,True,B,Qwen/Qwen2.5-7B-Instruct,chat,none,0,0.98935,1.0,0,,,massA=0.0107 massB=0.989
A_money_self,139,34,mixed,52,52,96,0.63,1.1631,0,False,A,Qwen/Qwen2.5-7B-Instruct,chat,none,0,0.85195,1.0,0,,,massA=0.852 massB=0.148
A_money_self,140,35,gain,0,91,133,0.68,0.9938,0,True,B,Qwen/Qwen2.5-7B-Instruct,chat,none,0,0.43015,1.0,0,,,massA=0.57 massB=0.43
A_money_self,141,35,gain,0,91,133,0.68,0.9938,0,False,A,Qwen/Qwen2.5-7B-Instruct,chat,none,0,0.61509,1.0,0,,,massA=0.615 massB=0.385
A_money_self,142,35,mixed,91,91,133,0.68,0.9938,0,True,B,Qwen/Qwen2.5-7B-Instruct,chat,none,0,0.98088,1.0,0,,,massA=0.0191 massB=0.981
A_money_self,143,35,mixed,91,91,133,0.68,0.9938,0,False,A,Qwen/Qwen2.5-7B-Instruct,chat,none,0,0.96267,1.0,0,,,massA=0.963 massB=0.0373
A_money_self,144,36,gain,0,98,227,0.47,1.0887,0,True,B,Qwen/Qwen2.5-7B-Instruct,chat,none,0,0.28141,1.0,0,,,massA=0.719 massB=0.281
A_money_self,145,36,gain,0,98,227,0.47,1.0887,0,False,A,Qwen/Qwen2.5-7B-Instruct,chat,none,0,0.14415,1.0,0,,,massA=0.144 massB=0.856
A_money_self,146,36,mixed,98,98,227,0.47,1.0887,0,True,B,Qwen/Qwen2.5-7B-Instruct,chat,none,0,0.99662,1.0,0,,,massA=0.00338 massB=0.997
A_money_self,147,36,mixed,98,98,227,0.47,1.0887,0,False,A,Qwen/Qwen2.5-7B-Instruct,chat,none,0,0.90991,1.0,0,,,massA=0.91 massB=0.0901
A_money_self,148,37,gain,0,151,252,0.68,1.1348,0,True,B,Qwen/Qwen2.5-7B-Instruct,chat,none,0,0.23935,1.0,0,,,massA=0.761 massB=0.239
A_money_self,149,37,gain,0,151,252,0.68,1.1348,0,False,A,Qwen/Qwen2.5-7B-Instruct,chat,none,0,0.76629,1.0,0,,,massA=0.766 massB=0.234
A_money_self,150,37,mixed,151,151,252,0.68,1.1348,0,True,B,Qwen/Qwen2.5-7B-Instruct,chat,none,0,0.99194,1.0,0,,,massA=0.00806 massB=0.992
A_money_self,151,37,mixed,151,151,252,0.68,1.1348,0,False,A,Qwen/Qwen2.5-7B-Instruct,chat,none,0,0.97241,1.0,0,,,massA=0.972 massB=0.0276
A_money_self,152,38,gain,0,183,609,0.38,1.2646,0,True,B,Qwen/Qwen2.5-7B-Instruct,chat,none,0,0.20689,1.0,0,,,massA=0.793 massB=0.207
A_money_self,153,38,gain,0,183,609,0.38,1.2646,0,False,A,Qwen/Qwen2.5-7B-Instruct,chat,none,0,0.28141,1.0,0,,,massA=0.281 massB=0.719
A_money_self,154,38,mixed,183,183,609,0.38,1.2646,0,True,B,Qwen/Qwen2.5-7B-Instruct,chat,none,0,0.99872,1.0,0,,,massA=0.00128 massB=0.999
A_money_self,155,38,mixed,183,183,609,0.38,1.2646,0,False,A,Qwen/Qwen2.5-7B-Instruct,chat,none,0,0.90991,1.0,0,,,massA=0.91 massB=0.0901
A_money_self,156,39,gain,0,178,567,0.32,1.0193,0,True,B,Qwen/Qwen2.5-7B-Instruct,chat,none,0,0.25683,1.0,0,,,massA=0.743 massB=0.257
A_money_self,157,39,gain,0,178,567,0.32,1.0193,0,False,A,Qwen/Qwen2.5-7B-Instruct,chat,none,0,0.37023,1.0,0,,,massA=0.37 massB=0.63
A_money_self,158,39,mixed,178,178,567,0.32,1.0193,0,True,B,Qwen/Qwen2.5-7B-Instruct,chat,none,0,0.99641,1.0,0,,,massA=0.00359 massB=0.996
A_money_self,159,39,mixed,178,178,567,0.32,1.0193,0,False,A,Qwen/Qwen2.5-7B-Instruct,chat,none,0,0.82671,1.0,0,,,massA=0.827 massB=0.173
A_money_self,160,0,dominant,0,186,240,1.0,1.2903,0,True,B,Qwen/Qwen2.5-7B-Instruct,chat,none,0,0.99999,1.0,0,,,massA=1.17e-05 massB=1
A_money_self,161,0,dominant,0,186,240,1.0,1.2903,0,False,A,Qwen/Qwen2.5-7B-Instruct,chat,none,0,0.99409,1.0,0,,,massA=0.994 massB=0.00591
A_money_self,162,1,dominant,0,58,72,1.0,1.2414,0,True,B,Qwen/Qwen2.5-7B-Instruct,chat,none,0,0.99954,1.0,0,,,massA=0.000458 massB=1
A_money_self,163,1,dominant,0,58,72,1.0,1.2414,0,False,A,Qwen/Qwen2.5-7B-Instruct,chat,none,0,0.99524,1.0,0,,,massA=0.995 massB=0.00476
A_money_self,164,2,dominant,0,162,174,1.0,1.0741,0,True,B,Qwen/Qwen2.5-7B-Instruct,chat,none,0,0.99978,1.0,0,,,massA=0.000223 massB=1
A_money_self,165,2,dominant,0,162,174,1.0,1.0741,0,False,A,Qwen/Qwen2.5-7B-Instruct,chat,none,0,0.8872,1.0,0,,,massA=0.887 massB=0.113
A_money_self,166,3,dominant,0,46,58,1.0,1.2609,0,True,B,Qwen/Qwen2.5-7B-Instruct,chat,none,0,0.99711,1.0,0,,,massA=0.00289 massB=0.997
A_money_self,167,3,dominant,0,46,58,1.0,1.2609,0,False,A,Qwen/Qwen2.5-7B-Instruct,chat,none,0,0.99894,1.0,0,,,massA=0.999 massB=0.00106
A_money_self,168,4,dominant,0,29,56,1.0,1.931,0,True,B,Qwen/Qwen2.5-7B-Instruct,chat,none,0,0.99999,1.0,0,,,massA=7.41e-06 massB=1
A_money_self,169,4,dominant,0,29,56,1.0,1.931,0,False,A,Qwen/Qwen2.5-7B-Instruct,chat,none,0,0.99956,1.0,0,,,massA=1 massB=0.000444
A_money_self,170,5,dominant,0,162,206,1.0,1.2716,0,True,B,Qwen/Qwen2.5-7B-Instruct,chat,none,0,0.9985,1.0,0,,,massA=0.0015 massB=0.998
A_money_self,171,5,dominant,0,162,206,1.0,1.2716,0,False,A,Qwen/Qwen2.5-7B-Instruct,chat,none,0,0.99194,1.0,0,,,massA=0.992 massB=0.00806
A_money_self,172,6,dominant,0,94,128,1.0,1.3617,0,True,B,Qwen/Qwen2.5-7B-Instruct,chat,none,0,0.99989,1.0,0,,,massA=0.000109 massB=1
A_money_self,173,6,dominant,0,94,128,1.0,1.3617,0,False,A,Qwen/Qwen2.5-7B-Instruct,chat,none,0,0.99351,1.0,0,,,massA=0.994 massB=0.00649
A_money_self,174,7,dominant,0,63,81,1.0,1.2857,0,True,B,Qwen/Qwen2.5-7B-Instruct,chat,none,0,0.99996,1.0,0,,,massA=4.4e-05 massB=1
A_money_self,175,7,dominant,0,63,81,1.0,1.2857,0,False,A,Qwen/Qwen2.5-7B-Instruct,chat,none,0,0.99883,1.0,0,,,massA=0.999 massB=0.00117
A_money_self,176,8,dominant,0,62,121,1.0,1.9516,0,True,B,Qwen/Qwen2.5-7B-Instruct,chat,none,0,0.99867,1.0,0,,,massA=0.00133 massB=0.999
A_money_self,177,8,dominant,0,62,121,1.0,1.9516,0,False,A,Qwen/Qwen2.5-7B-Instruct,chat,none,0,0.9992,1.0,0,,,massA=0.999 massB=0.000804
A_money_self,178,9,dominant,0,49,82,1.0,1.6735,0,True,B,Qwen/Qwen2.5-7B-Instruct,chat,none,0,0.9996,1.0,0,,,massA=0.000404 massB=1
A_money_self,179,9,dominant,0,49,82,1.0,1.6735,0,False,A,Qwen/Qwen2.5-7B-Instruct,chat,none,0,0.99903,1.0,0,,,massA=0.999 massB=0.00097
A_money_advise,0,0,gain,0,186,984,0.26,1.3755,0,True,B,Qwen/Qwen2.5-7B-Instruct,chat,none,0,0.94815,1.0,0,,,massA=0.0518 massB=0.948
A_money_advise,1,0,gain,0,186,984,0.26,1.3755,0,False,A,Qwen/Qwen2.5-7B-Instruct,chat,none,0,0.02369,1.0,0,,,massA=0.0237 massB=0.976
A_money_advise,2,0,mixed,186,186,984,0.26,1.3755,0,True,B,Qwen/Qwen2.5-7B-Instruct,chat,none,0,0.99964,1.0,0,,,massA=0.000357 massB=1
A_money_advise,3,0,mixed,186,186,984,0.26,1.3755,0,False,A,Qwen/Qwen2.5-7B-Instruct,chat,none,0,0.73106,1.0,0,,,massA=0.731 massB=0.269
A_money_advise,4,1,gain,0,58,116,0.66,1.32,0,True,B,Qwen/Qwen2.5-7B-Instruct,chat,none,0,0.99553,1.0,0,,,massA=0.00447 massB=0.996
A_money_advise,5,1,gain,0,58,116,0.66,1.32,0,False,A,Qwen/Qwen2.5-7B-Instruct,chat,none,0,0.35577,0.99999,0,,,massA=0.356 massB=0.644
A_money_advise,6,1,mixed,58,58,116,0.66,1.32,0,True,B,Qwen/Qwen2.5-7B-Instruct,chat,none,0,0.99887,1.0,0,,,massA=0.00113 massB=0.999
A_money_advise,7,1,mixed,58,58,116,0.66,1.32,0,False,A,Qwen/Qwen2.5-7B-Instruct,chat,none,0,0.72487,1.0,0,,,massA=0.725 massB=0.275
A_money_advise,8,2,gain,0,162,661,0.26,1.0609,0,True,B,Qwen/Qwen2.5-7B-Instruct,chat,none,0,0.98867,1.0,0,,,massA=0.0113 massB=0.989
A_money_advise,9,2,gain,0,162,661,0.26,1.0609,0,False,A,Qwen/Qwen2.5-7B-Instruct,chat,none,0,0.01972,1.0,0,,,massA=0.0197 massB=0.98
A_money_advise,10,2,mixed,162,162,661,0.26,1.0609,0,True,B,Qwen/Qwen2.5-7B-Instruct,chat,none,0,0.99903,1.0,0,,,massA=0.00097 massB=0.999
A_money_advise,11,2,mixed,162,162,661,0.26,1.0609,0,False,A,Qwen/Qwen2.5-7B-Instruct,chat,none,0,0.56218,1.0,0,,,massA=0.562 massB=0.438
A_money_advise,12,3,gain,0,46,158,0.33,1.1335,0,True,B,Qwen/Qwen2.5-7B-Instruct,chat,none,0,0.95915,1.0,0,,,massA=0.0408 massB=0.959
A_money_advise,13,3,gain,0,46,158,0.33,1.1335,0,False,A,Qwen/Qwen2.5-7B-Instruct,chat,none,0,0.00758,1.0,0,,,massA=0.00758 massB=0.992
A_money_advise,14,3,mixed,46,46,158,0.33,1.1335,0,True,B,Qwen/Qwen2.5-7B-Instruct,chat,none,0,0.99979,1.0,0,,,massA=0.00021 massB=1
A_money_advise,15,3,mixed,46,46,158,0.33,1.1335,0,False,A,Qwen/Qwen2.5-7B-Instruct,chat,none,0,0.75491,1.0,0,,,massA=0.755 massB=0.245
A_money_advise,16,4,gain,0,29,71,0.55,1.3466,0,True,B,Qwen/Qwen2.5-7B-Instruct,chat,none,0,0.99242,1.0,0,,,massA=0.00758 massB=0.992
A_money_advise,17,4,gain,0,29,71,0.55,1.3466,0,False,A,Qwen/Qwen2.5-7B-Instruct,chat,none,0,0.27513,1.0,0,,,massA=0.275 massB=0.725
A_money_advise,18,4,mixed,29,29,71,0.55,1.3466,0,True,B,Qwen/Qwen2.5-7B-Instruct,chat,none,0,0.99979,1.0,0,,,massA=0.00021 massB=1
A_money_advise,19,4,mixed,29,29,71,0.55,1.3466,0,False,A,Qwen/Qwen2.5-7B-Instruct,chat,none,0,0.94967,1.0,0,,,massA=0.95 massB=0.0503
A_money_advise,20,5,gain,0,162,381,0.46,1.0819,0,True,B,Qwen/Qwen2.5-7B-Instruct,chat,none,0,0.97702,1.0,0,,,massA=0.023 massB=0.977
A_money_advise,21,5,gain,0,162,381,0.46,1.0819,0,False,A,Qwen/Qwen2.5-7B-Instruct,chat,none,0,0.03733,1.0,0,,,massA=0.0373 massB=0.963
A_money_advise,22,5,mixed,162,162,381,0.46,1.0819,0,True,B,Qwen/Qwen2.5-7B-Instruct,chat,none,0,0.99939,1.0,0,,,massA=0.000607 massB=0.999
A_money_advise,23,5,mixed,162,162,381,0.46,1.0819,0,False,A,Qwen/Qwen2.5-7B-Instruct,chat,none,0,0.83548,1.0,0,,,massA=0.835 massB=0.165
A_money_advise,24,6,gain,0,94,101,0.71,0.7629,0,True,B,Qwen/Qwen2.5-7B-Instruct,chat,none,0,0.98409,1.0,0,,,massA=0.0159 massB=0.984
A_money_advise,25,6,gain,0,94,101,0.71,0.7629,0,False,A,Qwen/Qwen2.5-7B-Instruct,chat,none,0,0.1561,1.0,0,,,massA=0.156 massB=0.844
A_money_advise,26,6,mixed,94,94,101,0.71,0.7629,0,True,B,Qwen/Qwen2.5-7B-Instruct,chat,none,0,0.99917,1.0,0,,,massA=0.00083 massB=0.999
A_money_advise,27,6,mixed,94,94,101,0.71,0.7629,0,False,A,Qwen/Qwen2.5-7B-Instruct,chat,none,0,0.46102,1.0,0,,,massA=0.461 massB=0.539
A_money_advise,28,7,gain,0,63,98,0.64,0.9956,0,True,B,Qwen/Qwen2.5-7B-Instruct,chat,none,0,0.99618,1.0,0,,,massA=0.00382 massB=0.996
A_money_advise,29,7,gain,0,63,98,0.64,0.9956,0,False,A,Qwen/Qwen2.5-7B-Instruct,chat,none,0,0.37023,1.0,0,,,massA=0.37 massB=0.63
A_money_advise,30,7,mixed,63,63,98,0.64,0.9956,0,True,B,Qwen/Qwen2.5-7B-Instruct,chat,none,0,0.99981,1.0,0,,,massA=0.000185 massB=1
A_money_advise,31,7,mixed,63,63,98,0.64,0.9956,0,False,A,Qwen/Qwen2.5-7B-Instruct,chat,none,0,0.96486,1.0,0,,,massA=0.965 massB=0.0351
A_money_advise,32,8,gain,0,62,263,0.33,1.3998,0,True,B,Qwen/Qwen2.5-7B-Instruct,chat,none,0,0.97241,1.0,0,,,massA=0.0276 massB=0.972
A_money_advise,33,8,gain,0,62,263,0.33,1.3998,0,False,A,Qwen/Qwen2.5-7B-Instruct,chat,none,0,0.02162,1.0,0,,,massA=0.0216 massB=0.978
A_money_advise,34,8,mixed,62,62,263,0.33,1.3998,0,True,B,Qwen/Qwen2.5-7B-Instruct,chat,none,0,0.99711,1.0,0,,,massA=0.00289 massB=0.997
A_money_advise,35,8,mixed,62,62,263,0.33,1.3998,0,False,A,Qwen/Qwen2.5-7B-Instruct,chat,none,0,0.68595,1.0,0,,,massA=0.686 massB=0.314
A_money_advise,36,9,gain,0,49,153,0.26,0.8118,0,True,B,Qwen/Qwen2.5-7B-Instruct,chat,none,0,0.98935,1.0,0,,,massA=0.0107 massB=0.989
A_money_advise,37,9,gain,0,49,153,0.26,0.8118,0,False,A,Qwen/Qwen2.5-7B-Instruct,chat,none,0,0.00806,1.0,0,,,massA=0.00806 massB=0.992
A_money_advise,38,9,mixed,49,49,153,0.26,0.8118,0,True,B,Qwen/Qwen2.5-7B-Instruct,chat,none,0,0.99988,1.0,0,,,massA=0.000123 massB=1
A_money_advise,39,9,mixed,49,49,153,0.26,0.8118,0,False,A,Qwen/Qwen2.5-7B-Instruct,chat,none,0,0.68595,1.0,0,,,massA=0.686 massB=0.314
A_money_advise,40,10,gain,0,111,278,0.58,1.4526,0,True,B,Qwen/Qwen2.5-7B-Instruct,chat,none,0,0.97771,1.0,0,,,massA=0.0223 massB=0.978
A_money_advise,41,10,gain,0,111,278,0.58,1.4526,0,False,A,Qwen/Qwen2.5-7B-Instruct,chat,none,0,0.14415,1.0,0,,,massA=0.144 massB=0.856
A_money_advise,42,10,mixed,111,111,278,0.58,1.4526,0,True,B,Qwen/Qwen2.5-7B-Instruct,chat,none,0,0.99988,1.0,0,,,massA=0.000116 massB=1
A_money_advise,43,10,mixed,111,111,278,0.58,1.4526,0,False,A,Qwen/Qwen2.5-7B-Instruct,chat,none,0,0.8808,1.0,0,,,massA=0.881 massB=0.119
A_money_advise,44,11,gain,0,54,68,0.81,1.02,0,True,B,Qwen/Qwen2.5-7B-Instruct,chat,none,0,0.99539,1.0,0,,,massA=0.00461 massB=0.995
A_money_advise,45,11,gain,0,54,68,0.81,1.02,0,False,A,Qwen/Qwen2.5-7B-Instruct,chat,none,0,0.61509,0.99999,0,,,massA=0.615 massB=0.385
A_money_advise,46,11,mixed,54,54,68,0.81,1.02,0,True,B,Qwen/Qwen2.5-7B-Instruct,chat,none,0,0.99945,1.0,0,,,massA=0.000553 massB=0.999
A_money_advise,47,11,mixed,54,54,68,0.81,1.02,0,False,A,Qwen/Qwen2.5-7B-Instruct,chat,none,0,0.8808,1.0,0,,,massA=0.881 massB=0.119
A_money_advise,48,12,gain,0,164,541,0.38,1.2535,0,True,B,Qwen/Qwen2.5-7B-Instruct,chat,none,0,0.99168,1.0,0,,,massA=0.00832 massB=0.992
A_money_advise,49,12,gain,0,164,541,0.38,1.2535,0,False,A,Qwen/Qwen2.5-7B-Instruct,chat,none,0,0.03733,1.0,0,,,massA=0.0373 massB=0.963
A_money_advise,50,12,mixed,164,164,541,0.38,1.2535,0,True,B,Qwen/Qwen2.5-7B-Instruct,chat,none,0,0.99939,1.0,0,,,massA=0.000607 massB=0.999
A_money_advise,51,12,mixed,164,164,541,0.38,1.2535,0,False,A,Qwen/Qwen2.5-7B-Instruct,chat,none,0,0.83973,1.0,0,,,massA=0.84 massB=0.16
A_money_advise,52,13,gain,0,72,88,0.64,0.7822,0,True,B,Qwen/Qwen2.5-7B-Instruct,chat,none,0,0.99683,1.0,0,,,massA=0.00317 massB=0.997
A_money_advise,53,13,gain,0,72,88,0.64,0.7822,0,False,A,Qwen/Qwen2.5-7B-Instruct,chat,none,0,0.19193,1.0,0,,,massA=0.192 massB=0.808
A_money_advise,54,13,mixed,72,72,88,0.64,0.7822,0,True,B,Qwen/Qwen2.5-7B-Instruct,chat,none,0,0.9985,1.0,0,,,massA=0.0015 massB=0.998
A_money_advise,55,13,mixed,72,72,88,0.64,0.7822,0,False,A,Qwen/Qwen2.5-7B-Instruct,chat,none,0,0.82219,1.0,0,,,massA=0.822 massB=0.178
A_money_advise,56,14,gain,0,81,201,0.68,1.6874,0,True,B,Qwen/Qwen2.5-7B-Instruct,chat,none,0,0.99692,1.0,0,,,massA=0.00308 massB=0.997
A_money_advise,57,14,gain,0,81,201,0.68,1.6874,0,False,A,Qwen/Qwen2.5-7B-Instruct,chat,none,0,0.18243,1.0,0,,,massA=0.182 massB=0.818
A_money_advise,58,14,mixed,81,81,201,0.68,1.6874,0,True,B,Qwen/Qwen2.5-7B-Instruct,chat,none,0,0.99984,1.0,0,,,massA=0.000163 massB=1
A_money_advise,59,14,mixed,81,81,201,0.68,1.6874,0,False,A,Qwen/Qwen2.5-7B-Instruct,chat,none,0,0.87408,1.0,0,,,massA=0.874 massB=0.126
A_money_advise,60,15,gain,0,82,113,0.74,1.0198,0,True,B,Qwen/Qwen2.5-7B-Instruct,chat,none,0,0.99702,1.0,0,,,massA=0.00298 massB=0.997
A_money_advise,61,15,gain,0,82,113,0.74,1.0198,0,False,A,Qwen/Qwen2.5-7B-Instruct,chat,none,0,0.28777,0.99999,0,,,massA=0.288 massB=0.712
A_money_advise,62,15,mixed,82,82,113,0.74,1.0198,0,True,B,Qwen/Qwen2.5-7B-Instruct,chat,none,0,0.9999,1.0,0,,,massA=9.92e-05 massB=1
A_money_advise,63,15,mixed,82,82,113,0.74,1.0198,0,False,A,Qwen/Qwen2.5-7B-Instruct,chat,none,0,0.96153,1.0,0,,,massA=0.962 massB=0.0385
A_money_advise,64,16,gain,0,139,234,0.6,1.0101,0,True,B,Qwen/Qwen2.5-7B-Instruct,chat,none,0,0.98636,1.0,0,,,massA=0.0136 massB=0.986
A_money_advise,65,16,gain,0,139,234,0.6,1.0101,0,False,A,Qwen/Qwen2.5-7B-Instruct,chat,none,0,0.2227,1.0,0,,,massA=0.223 massB=0.777
A_money_advise,66,16,mixed,139,139,234,0.6,1.0101,0,True,B,Qwen/Qwen2.5-7B-Instruct,chat,none,0,0.99939,1.0,0,,,massA=0.000607 massB=0.999
A_money_advise,67,16,mixed,139,139,234,0.6,1.0101,0,False,A,Qwen/Qwen2.5-7B-Instruct,chat,none,0,0.97967,1.0,0,,,massA=0.98 massB=0.0203
A_money_advise,68,17,gain,0,117,362,0.42,1.2995,0,True,B,Qwen/Qwen2.5-7B-Instruct,chat,none,0,0.98935,1.0,0,,,massA=0.0107 massB=0.989
A_money_advise,69,17,gain,0,117,362,0.42,1.2995,0,False,A,Qwen/Qwen2.5-7B-Instruct,chat,none,0,0.03309,1.0,0,,,massA=0.0331 massB=0.967
A_money_advise,70,17,mixed,117,117,362,0.42,1.2995,0,True,B,Qwen/Qwen2.5-7B-Instruct,chat,none,0,0.99985,1.0,0,,,massA=0.000149 massB=1
A_money_advise,71,17,mixed,117,117,362,0.42,1.2995,0,False,A,Qwen/Qwen2.5-7B-Instruct,chat,none,0,0.84797,1.0,0,,,massA=0.848 massB=0.152
A_money_advise,72,18,gain,0,41,61,0.58,0.8629,0,True,B,Qwen/Qwen2.5-7B-Instruct,chat,none,0,0.99331,1.0,0,,,massA=0.00669 massB=0.993
A_money_advise,73,18,gain,0,41,61,0.58,0.8629,0,False,A,Qwen/Qwen2.5-7B-Instruct,chat,none,0,0.22816,1.0,0,,,massA=0.228 massB=0.772
A_money_advise,74,18,mixed,41,41,61,0.58,0.8629,0,True,B,Qwen/Qwen2.5-7B-Instruct,chat,none,0,0.99982,1.0,0,,,massA=0.00018 massB=1
A_money_advise,75,18,mixed,41,41,61,0.58,0.8629,0,False,A,Qwen/Qwen2.5-7B-Instruct,chat,none,0,0.90991,1.0,0,,,massA=0.91 massB=0.0901
A_money_advise,76,19,gain,0,64,122,0.49,0.9341,0,True,B,Qwen/Qwen2.5-7B-Instruct,chat,none,0,0.97702,1.0,0,,,massA=0.023 massB=0.977
A_money_advise,77,19,gain,0,64,122,0.49,0.9341,0,False,A,Qwen/Qwen2.5-7B-Instruct,chat,none,0,0.02229,1.0,0,,,massA=0.0223 massB=0.978
A_money_advise,78,19,mixed,64,64,122,0.49,0.9341,0,True,B,Qwen/Qwen2.5-7B-Instruct,chat,none,0,0.99917,1.0,0,,,massA=0.00083 massB=0.999
A_money_advise,79,19,mixed,64,64,122,0.49,0.9341,0,False,A,Qwen/Qwen2.5-7B-Instruct,chat,none,0,0.78266,1.0,0,,,massA=0.783 massB=0.217
A_money_advise,80,20,gain,0,186,266,0.63,0.901,0,True,B,Qwen/Qwen2.5-7B-Instruct,chat,none,0,0.99242,1.0,0,,,massA=0.00758 massB=0.992
A_money_advise,81,20,gain,0,186,266,0.63,0.901,0,False,A,Qwen/Qwen2.5-7B-Instruct,chat,none,0,0.18243,1.0,0,,,massA=0.182 massB=0.818
A_money_advise,82,20,mixed,186,186,266,0.63,0.901,0,True,B,Qwen/Qwen2.5-7B-Instruct,chat,none,0,0.9997,1.0,0,,,massA=0.000296 massB=1
A_money_advise,83,20,mixed,186,186,266,0.63,0.901,0,False,A,Qwen/Qwen2.5-7B-Instruct,chat,none,0,0.74317,1.0,0,,,massA=0.743 massB=0.257
A_money_advise,84,21,gain,0,106,206,0.73,1.4187,0,True,B,Qwen/Qwen2.5-7B-Instruct,chat,none,0,0.98256,1.0,0,,,massA=0.0174 massB=0.983
A_money_advise,85,21,gain,0,106,206,0.73,1.4187,0,False,A,Qwen/Qwen2.5-7B-Instruct,chat,none,0,0.52342,0.99999,0,,,massA=0.523 massB=0.477
A_money_advise,86,21,mixed,106,106,206,0.73,1.4187,0,True,B,Qwen/Qwen2.5-7B-Instruct,chat,none,0,0.99931,1.0,0,,,massA=0.000688 massB=0.999
A_money_advise,87,21,mixed,106,106,206,0.73,1.4187,0,False,A,Qwen/Qwen2.5-7B-Instruct,chat,none,0,0.98145,1.0,0,,,massA=0.981 massB=0.0185
A_money_advise,88,22,gain,0,81,163,0.72,1.4489,0,True,B,Qwen/Qwen2.5-7B-Instruct,chat,none,0,0.99662,1.0,0,,,massA=0.00338 massB=0.997
A_money_advise,89,22,gain,0,81,163,0.72,1.4489,0,False,A,Qwen/Qwen2.5-7B-Instruct,chat,none,0,0.45326,1.0,0,,,massA=0.453 massB=0.547
A_money_advise,90,22,mixed,81,81,163,0.72,1.4489,0,True,B,Qwen/Qwen2.5-7B-Instruct,chat,none,0,0.99998,1.0,0,,,massA=2.43e-05 massB=1
A_money_advise,91,22,mixed,81,81,163,0.72,1.4489,0,False,A,Qwen/Qwen2.5-7B-Instruct,chat,none,0,0.95915,1.0,0,,,massA=0.959 massB=0.0408
A_money_advise,92,23,gain,0,91,626,0.23,1.5822,0,True,B,Qwen/Qwen2.5-7B-Instruct,chat,none,0,0.96153,1.0,0,,,massA=0.0385 massB=0.962
A_money_advise,93,23,gain,0,91,626,0.23,1.5822,0,False,A,Qwen/Qwen2.5-7B-Instruct,chat,none,0,0.00044,1.0,0,,,massA=0.000444 massB=1
A_money_advise,94,23,mixed,91,91,626,0.23,1.5822,0,True,B,Qwen/Qwen2.5-7B-Instruct,chat,none,0,0.99867,1.0,0,,,massA=0.00133 massB=0.999
A_money_advise,95,23,mixed,91,91,626,0.23,1.5822,0,False,A,Qwen/Qwen2.5-7B-Instruct,chat,none,0,0.26894,1.0,0,,,massA=0.269 massB=0.731
A_money_advise,96,24,gain,0,168,214,0.76,0.9681,0,True,B,Qwen/Qwen2.5-7B-Instruct,chat,none,0,0.99775,1.0,0,,,massA=0.00225 massB=0.998
A_money_advise,97,24,gain,0,168,214,0.76,0.9681,0,False,A,Qwen/Qwen2.5-7B-Instruct,chat,none,0,0.53121,0.99999,0,,,massA=0.531 massB=0.469
A_money_advise,98,24,mixed,168,168,214,0.76,0.9681,0,True,B,Qwen/Qwen2.5-7B-Instruct,chat,none,0,0.99978,1.0,0,,,massA=0.000223 massB=1
A_money_advise,99,24,mixed,168,168,214,0.76,0.9681,0,False,A,Qwen/Qwen2.5-7B-Instruct,chat,none,0,0.98028,1.0,0,,,massA=0.98 massB=0.0197
A_money_advise,100,25,gain,0,124,207,0.76,1.2687,0,True,B,Qwen/Qwen2.5-7B-Instruct,chat,none,0,0.99795,1.0,0,,,massA=0.00205 massB=0.998
A_money_advise,101,25,gain,0,124,207,0.76,1.2687,0,False,A,Qwen/Qwen2.5-7B-Instruct,chat,none,0,0.53898,0.99999,0,,,massA=0.539 massB=0.461
A_money_advise,102,25,mixed,124,124,207,0.76,1.2687,0,True,B,Qwen/Qwen2.5-7B-Instruct,chat,none,0,0.99993,1.0,0,,,massA=7.03e-05 massB=1
A_money_advise,103,25,mixed,124,124,207,0.76,1.2687,0,False,A,Qwen/Qwen2.5-7B-Instruct,chat,none,0,0.98145,1.0,0,,,massA=0.981 massB=0.0185
A_money_advise,104,26,gain,0,59,151,0.36,0.9214,0,True,B,Qwen/Qwen2.5-7B-Instruct,chat,none,0,0.98901,1.0,0,,,massA=0.011 massB=0.989
A_money_advise,105,26,gain,0,59,151,0.36,0.9214,0,False,A,Qwen/Qwen2.5-7B-Instruct,chat,none,0,0.0321,1.0,0,,,massA=0.0321 massB=0.968
A_money_advise,106,26,mixed,59,59,151,0.36,0.9214,0,True,B,Qwen/Qwen2.5-7B-Instruct,chat,none,0,0.999,1.0,0,,,massA=0.001 massB=0.999
A_money_advise,107,26,mixed,59,59,151,0.36,0.9214,0,False,A,Qwen/Qwen2.5-7B-Instruct,chat,none,0,0.62246,1.0,0,,,massA=0.622 massB=0.378
A_money_advise,108,27,gain,0,166,433,0.53,1.3825,0,True,B,Qwen/Qwen2.5-7B-Instruct,chat,none,0,0.9931,1.0,0,,,massA=0.0069 massB=0.993
A_money_advise,109,27,gain,0,166,433,0.53,1.3825,0,False,A,Qwen/Qwen2.5-7B-Instruct,chat,none,0,0.12592,1.0,0,,,massA=0.126 massB=0.874
A_money_advise,110,27,mixed,166,166,433,0.53,1.3825,0,True,B,Qwen/Qwen2.5-7B-Instruct,chat,none,0,0.99978,1.0,0,,,massA=0.000223 massB=1
A_money_advise,111,27,mixed,166,166,433,0.53,1.3825,0,False,A,Qwen/Qwen2.5-7B-Instruct,chat,none,0,0.95663,1.0,0,,,massA=0.957 massB=0.0434
A_money_advise,112,28,gain,0,132,181,0.76,1.0421,0,True,B,Qwen/Qwen2.5-7B-Instruct,chat,none,0,0.99567,1.0,0,,,massA=0.00433 massB=0.996
A_money_advise,113,28,gain,0,132,181,0.76,1.0421,0,False,A,Qwen/Qwen2.5-7B-Instruct,chat,none,0,0.34158,1.0,0,,,massA=0.342 massB=0.658
A_money_advise,114,28,mixed,132,132,181,0.76,1.0421,0,True,B,Qwen/Qwen2.5-7B-Instruct,chat,none,0,0.99975,1.0,0,,,massA=0.000245 massB=1
A_money_advise,115,28,mixed,132,132,181,0.76,1.0421,0,False,A,Qwen/Qwen2.5-7B-Instruct,chat,none,0,0.92414,1.0,0,,,massA=0.924 massB=0.0759
A_money_advise,116,29,gain,0,79,81,0.83,0.851,0,True,B,Qwen/Qwen2.5-7B-Instruct,chat,none,0,0.99478,1.0,0,,,massA=0.00522 massB=0.995
A_money_advise,117,29,gain,0,79,81,0.83,0.851,0,False,A,Qwen/Qwen2.5-7B-Instruct,chat,none,0,0.66541,1.0,0,,,massA=0.665 massB=0.335
A_money_advise,118,29,mixed,79,79,81,0.83,0.851,0,True,B,Qwen/Qwen2.5-7B-Instruct,chat,none,0,0.99909,1.0,0,,,massA=0.000911 massB=0.999
A_money_advise,119,29,mixed,79,79,81,0.83,0.851,0,False,A,Qwen/Qwen2.5-7B-Instruct,chat,none,0,0.61509,1.0,0,,,massA=0.615 massB=0.385
A_money_advise,120,30,gain,0,149,447,0.26,0.78,0,True,B,Qwen/Qwen2.5-7B-Instruct,chat,none,0,0.96886,1.0,0,,,massA=0.0311 massB=0.969
A_money_advise,121,30,gain,0,149,447,0.26,0.78,0,False,A,Qwen/Qwen2.5-7B-Instruct,chat,none,0,0.0042,1.0,0,,,massA=0.0042 massB=0.996
A_money_advise,122,30,mixed,149,149,447,0.26,0.78,0,True,B,Qwen/Qwen2.5-7B-Instruct,chat,none,0,0.99966,1.0,0,,,massA=0.000335 massB=1
A_money_advise,123,30,mixed,149,149,447,0.26,0.78,0,False,A,Qwen/Qwen2.5-7B-Instruct,chat,none,0,0.5,1.0,0,,,massA=0.5 massB=0.5
A_money_advise,124,31,gain,0,51,151,0.29,0.8586,0,True,B,Qwen/Qwen2.5-7B-Instruct,chat,none,0,0.98636,1.0,0,,,massA=0.0136 massB=0.986
A_money_advise,125,31,gain,0,51,151,0.29,0.8586,0,False,A,Qwen/Qwen2.5-7B-Instruct,chat,none,0,0.01496,1.0,0,,,massA=0.015 massB=0.985
A_money_advise,126,31,mixed,51,51,151,0.29,0.8586,0,True,B,Qwen/Qwen2.5-7B-Instruct,chat,none,0,0.99948,1.0,0,,,massA=0.000519 massB=0.999
A_money_advise,127,31,mixed,51,51,151,0.29,0.8586,0,False,A,Qwen/Qwen2.5-7B-Instruct,chat,none,0,0.39981,1.0,0,,,massA=0.4 massB=0.6
A_money_advise,128,32,gain,0,131,236,0.57,1.0269,0,True,B,Qwen/Qwen2.5-7B-Instruct,chat,none,0,0.98999,1.0,0,,,massA=0.01 massB=0.99
A_money_advise,129,32,gain,0,131,236,0.57,1.0269,0,False,A,Qwen/Qwen2.5-7B-Instruct,chat,none,0,0.14415,1.0,0,,,massA=0.144 massB=0.856
A_money_advise,130,32,mixed,131,131,236,0.57,1.0269,0,True,B,Qwen/Qwen2.5-7B-Instruct,chat,none,0,0.99977,1.0,0,,,massA=0.000231 massB=1
A_money_advise,131,32,mixed,131,131,236,0.57,1.0269,0,False,A,Qwen/Qwen2.5-7B-Instruct,chat,none,0,0.95114,1.0,0,,,massA=0.951 massB=0.0489
A_money_advise,132,33,gain,0,142,446,0.53,1.6646,0,True,B,Qwen/Qwen2.5-7B-Instruct,chat,none,0,0.99462,1.0,0,,,massA=0.00538 massB=0.995
A_money_advise,133,33,gain,0,142,446,0.53,1.6646,0,False,A,Qwen/Qwen2.5-7B-Instruct,chat,none,0,0.10375,1.0,0,,,massA=0.104 massB=0.896
A_money_advise,134,33,mixed,142,142,446,0.53,1.6646,0,True,B,Qwen/Qwen2.5-7B-Instruct,chat,none,0,0.99992,1.0,0,,,massA=8.22e-05 massB=1
A_money_advise,135,33,mixed,142,142,446,0.53,1.6646,0,False,A,Qwen/Qwen2.5-7B-Instruct,chat,none,0,0.9263,1.0,0,,,massA=0.926 massB=0.0737
A_money_advise,136,34,gain,0,52,96,0.63,1.1631,0,True,B,Qwen/Qwen2.5-7B-Instruct,chat,none,0,0.99729,1.0,0,,,massA=0.00271 massB=0.997
A_money_advise,137,34,gain,0,52,96,0.63,1.1631,0,False,A,Qwen/Qwen2.5-7B-Instruct,chat,none,0,0.37023,0.99999,0,,,massA=0.37 massB=0.63
A_money_advise,138,34,mixed,52,52,96,0.63,1.1631,0,True,B,Qwen/Qwen2.5-7B-Instruct,chat,none,0,0.9998,1.0,0,,,massA=0.000203 massB=1
A_money_advise,139,34,mixed,52,52,96,0.63,1.1631,0,False,A,Qwen/Qwen2.5-7B-Instruct,chat,none,0,0.86339,1.0,0,,,massA=0.863 massB=0.137
A_money_advise,140,35,gain,0,91,133,0.68,0.9938,0,True,B,Qwen/Qwen2.5-7B-Instruct,chat,none,0,0.99605,1.0,0,,,massA=0.00395 massB=0.996
A_money_advise,141,35,gain,0,91,133,0.68,0.9938,0,False,A,Qwen/Qwen2.5-7B-Instruct,chat,none,0,0.20181,1.0,0,,,massA=0.202 massB=0.798
A_money_advise,142,35,mixed,91,91,133,0.68,0.9938,0,True,B,Qwen/Qwen2.5-7B-Instruct,chat,none,0,0.99956,1.0,0,,,massA=0.000444 massB=1
A_money_advise,143,35,mixed,91,91,133,0.68,0.9938,0,False,A,Qwen/Qwen2.5-7B-Instruct,chat,none,0,0.9855,1.0,0,,,massA=0.985 massB=0.0145
A_money_advise,144,36,gain,0,98,227,0.47,1.0887,0,True,B,Qwen/Qwen2.5-7B-Instruct,chat,none,0,0.98831,1.0,0,,,massA=0.0117 massB=0.988
A_money_advise,145,36,gain,0,98,227,0.47,1.0887,0,False,A,Qwen/Qwen2.5-7B-Instruct,chat,none,0,0.02033,1.0,0,,,massA=0.0203 massB=0.98
A_money_advise,146,36,mixed,98,98,227,0.47,1.0887,0,True,B,Qwen/Qwen2.5-7B-Instruct,chat,none,0,0.99977,1.0,0,,,massA=0.000231 massB=1
A_money_advise,147,36,mixed,98,98,227,0.47,1.0887,0,False,A,Qwen/Qwen2.5-7B-Instruct,chat,none,0,0.92414,1.0,0,,,massA=0.924 massB=0.0759
A_money_advise,148,37,gain,0,151,252,0.68,1.1348,0,True,B,Qwen/Qwen2.5-7B-Instruct,chat,none,0,0.98409,1.0,0,,,massA=0.0159 massB=0.984
A_money_advise,149,37,gain,0,151,252,0.68,1.1348,0,False,A,Qwen/Qwen2.5-7B-Instruct,chat,none,0,0.33459,0.99999,0,,,massA=0.335 massB=0.665
A_money_advise,150,37,mixed,151,151,252,0.68,1.1348,0,True,B,Qwen/Qwen2.5-7B-Instruct,chat,none,0,0.99954,1.0,0,,,massA=0.000458 massB=1
A_money_advise,151,37,mixed,151,151,252,0.68,1.1348,0,False,A,Qwen/Qwen2.5-7B-Instruct,chat,none,0,0.97771,1.0,0,,,massA=0.978 massB=0.0223
A_money_advise,152,38,gain,0,183,609,0.38,1.2646,0,True,B,Qwen/Qwen2.5-7B-Instruct,chat,none,0,0.98831,1.0,0,,,massA=0.0117 massB=0.988
A_money_advise,153,38,gain,0,183,609,0.38,1.2646,0,False,A,Qwen/Qwen2.5-7B-Instruct,chat,none,0,0.03309,1.0,0,,,massA=0.0331 massB=0.967
A_money_advise,154,38,mixed,183,183,609,0.38,1.2646,0,True,B,Qwen/Qwen2.5-7B-Instruct,chat,none,0,0.99975,1.0,0,,,massA=0.000245 massB=1
A_money_advise,155,38,mixed,183,183,609,0.38,1.2646,0,False,A,Qwen/Qwen2.5-7B-Instruct,chat,none,0,0.74909,1.0,0,,,massA=0.749 massB=0.251
A_money_advise,156,39,gain,0,178,567,0.32,1.0193,0,True,B,Qwen/Qwen2.5-7B-Instruct,chat,none,0,0.99059,1.0,0,,,massA=0.00941 massB=0.991
A_money_advise,157,39,gain,0,178,567,0.32,1.0193,0,False,A,Qwen/Qwen2.5-7B-Instruct,chat,none,0,0.03733,1.0,0,,,massA=0.0373 massB=0.963
A_money_advise,158,39,mixed,178,178,567,0.32,1.0193,0,True,B,Qwen/Qwen2.5-7B-Instruct,chat,none,0,0.99961,1.0,0,,,massA=0.000392 massB=1
A_money_advise,159,39,mixed,178,178,567,0.32,1.0193,0,False,A,Qwen/Qwen2.5-7B-Instruct,chat,none,0,0.60019,1.0,0,,,massA=0.6 massB=0.4
A_money_advise,160,0,dominant,0,186,240,1.0,1.2903,0,True,B,Qwen/Qwen2.5-7B-Instruct,chat,none,0,0.99984,1.0,0,,,massA=0.000156 massB=1
A_money_advise,161,0,dominant,0,186,240,1.0,1.2903,0,False,A,Qwen/Qwen2.5-7B-Instruct,chat,none,0,0.98504,0.99998,0,,,massA=0.985 massB=0.015
A_money_advise,162,1,dominant,0,58,72,1.0,1.2414,0,True,B,Qwen/Qwen2.5-7B-Instruct,chat,none,0,0.99981,1.0,0,,,massA=0.000185 massB=1
A_money_advise,163,1,dominant,0,58,72,1.0,1.2414,0,False,A,Qwen/Qwen2.5-7B-Instruct,chat,none,0,0.90192,0.99997,0,,,massA=0.902 massB=0.0981
A_money_advise,164,2,dominant,0,162,174,1.0,1.0741,0,True,B,Qwen/Qwen2.5-7B-Instruct,chat,none,0,0.99963,0.99999,0,,,massA=0.000374 massB=1
A_money_advise,165,2,dominant,0,162,174,1.0,1.0741,0,False,A,Qwen/Qwen2.5-7B-Instruct,chat,none,0,0.9149,0.99994,0,,,massA=0.915 massB=0.0851
A_money_advise,166,3,dominant,0,46,58,1.0,1.2609,0,True,B,Qwen/Qwen2.5-7B-Instruct,chat,none,0,0.99984,1.0,0,,,massA=0.000163 massB=1
A_money_advise,167,3,dominant,0,46,58,1.0,1.2609,0,False,A,Qwen/Qwen2.5-7B-Instruct,chat,none,0,0.94499,0.99999,0,,,massA=0.945 massB=0.055
A_money_advise,168,4,dominant,0,29,56,1.0,1.931,0,True,B,Qwen/Qwen2.5-7B-Instruct,chat,none,0,0.99995,1.0,0,,,massA=5.06e-05 massB=1
A_money_advise,169,4,dominant,0,29,56,1.0,1.931,0,False,A,Qwen/Qwen2.5-7B-Instruct,chat,none,0,0.98458,1.0,0,,,massA=0.985 massB=0.0154
A_money_advise,170,5,dominant,0,162,206,1.0,1.2716,0,True,B,Qwen/Qwen2.5-7B-Instruct,chat,none,0,0.99938,1.0,0,,,massA=0.000617 massB=0.999
A_money_advise,171,5,dominant,0,162,206,1.0,1.2716,0,False,A,Qwen/Qwen2.5-7B-Instruct,chat,none,0,0.97241,0.99994,0,,,massA=0.972 massB=0.0276
A_money_advise,172,6,dominant,0,94,128,1.0,1.3617,0,True,B,Qwen/Qwen2.5-7B-Instruct,chat,none,0,0.99978,1.0,0,,,massA=0.00022 massB=1
A_money_advise,173,6,dominant,0,94,128,1.0,1.3617,0,False,A,Qwen/Qwen2.5-7B-Instruct,chat,none,0,0.97631,0.99999,0,,,massA=0.976 massB=0.0237
A_money_advise,174,7,dominant,0,63,81,1.0,1.2857,0,True,B,Qwen/Qwen2.5-7B-Instruct,chat,none,0,0.99983,1.0,0,,,massA=0.000174 massB=1
A_money_advise,175,7,dominant,0,63,81,1.0,1.2857,0,False,A,Qwen/Qwen2.5-7B-Instruct,chat,none,0,0.89912,0.99999,0,,,massA=0.899 massB=0.101
A_money_advise,176,8,dominant,0,62,121,1.0,1.9516,0,True,B,Qwen/Qwen2.5-7B-Instruct,chat,none,0,0.99867,1.0,0,,,massA=0.00133 massB=0.999
A_money_advise,177,8,dominant,0,62,121,1.0,1.9516,0,False,A,Qwen/Qwen2.5-7B-Instruct,chat,none,0,0.9958,0.99999,0,,,massA=0.996 massB=0.0042
A_money_advise,178,9,dominant,0,49,82,1.0,1.6735,0,True,B,Qwen/Qwen2.5-7B-Instruct,chat,none,0,0.9997,1.0,0,,,massA=0.000301 massB=1
A_money_advise,179,9,dominant,0,49,82,1.0,1.6735,0,False,A,Qwen/Qwen2.5-7B-Instruct,chat,none,0,0.98458,1.0,0,,,massA=0.985 massB=0.0154
A_civilians_self,0,0,gain,0,186,984,0.26,1.3755,0,True,B,Qwen/Qwen2.5-7B-Instruct,chat,none,0,4e-05,1.0,0,,,massA=1 massB=3.65e-05
A_civilians_self,1,0,gain,0,186,984,0.26,1.3755,0,False,A,Qwen/Qwen2.5-7B-Instruct,chat,none,0,5e-05,1.0,0,,,massA=5.14e-05 massB=1
A_civilians_self,2,0,mixed,186,186,984,0.26,1.3755,0,True,B,Qwen/Qwen2.5-7B-Instruct,chat,none,0,0.95915,1.0,0,,,massA=0.0408 massB=0.959
A_civilians_self,3,0,mixed,186,186,984,0.26,1.3755,0,False,A,Qwen/Qwen2.5-7B-Instruct,chat,none,0,0.00371,1.0,0,,,massA=0.00371 massB=0.996
A_civilians_self,4,1,gain,0,58,116,0.66,1.32,0,True,B,Qwen/Qwen2.5-7B-Instruct,chat,none,0,0.08036,1.0,0,,,massA=0.92 massB=0.0804
A_civilians_self,5,1,gain,0,58,116,0.66,1.32,0,False,A,Qwen/Qwen2.5-7B-Instruct,chat,none,0,0.0003,1.0,0,,,massA=0.000296 massB=1
A_civilians_self,6,1,mixed,58,58,116,0.66,1.32,0,True,B,Qwen/Qwen2.5-7B-Instruct,chat,none,0,0.98935,1.0,0,,,massA=0.0107 massB=0.989
A_civilians_self,7,1,mixed,58,58,116,0.66,1.32,0,False,A,Qwen/Qwen2.5-7B-Instruct,chat,none,0,0.28141,1.0,0,,,massA=0.281 massB=0.719
A_civilians_self,8,2,gain,0,162,661,0.26,1.0609,0,True,B,Qwen/Qwen2.5-7B-Instruct,chat,none,0,0.00015,1.0,0,,,massA=1 massB=0.000149
A_civilians_self,9,2,gain,0,162,661,0.26,1.0609,0,False,A,Qwen/Qwen2.5-7B-Instruct,chat,none,0,5e-05,1.0,0,,,massA=5.48e-05 massB=1
A_civilians_self,10,2,mixed,162,162,661,0.26,1.0609,0,True,B,Qwen/Qwen2.5-7B-Instruct,chat,none,0,0.96486,1.0,0,,,massA=0.0351 massB=0.965
A_civilians_self,11,2,mixed,162,162,661,0.26,1.0609,0,False,A,Qwen/Qwen2.5-7B-Instruct,chat,none,0,0.00338,1.0,0,,,massA=0.00338 massB=0.997
A_civilians_self,12,3,gain,0,46,158,0.33,1.1335,0,True,B,Qwen/Qwen2.5-7B-Instruct,chat,none,0,3e-05,1.0,0,,,massA=1 massB=3.12e-05
A_civilians_self,13,3,gain,0,46,158,0.33,1.1335,0,False,A,Qwen/Qwen2.5-7B-Instruct,chat,none,0,3e-05,1.0,0,,,massA=3.12e-05 massB=1
A_civilians_self,14,3,mixed,46,46,158,0.33,1.1335,0,True,B,Qwen/Qwen2.5-7B-Instruct,chat,none,0,0.98757,1.0,0,,,massA=0.0124 massB=0.988
A_civilians_self,15,3,mixed,46,46,158,0.33,1.1335,0,False,A,Qwen/Qwen2.5-7B-Instruct,chat,none,0,0.03622,1.0,0,,,massA=0.0362 massB=0.964
A_civilians_self,16,4,gain,0,29,71,0.55,1.3466,0,True,B,Qwen/Qwen2.5-7B-Instruct,chat,none,0,0.00395,1.0,0,,,massA=0.996 massB=0.00395
A_civilians_self,17,4,gain,0,29,71,0.55,1.3466,0,False,A,Qwen/Qwen2.5-7B-Instruct,chat,none,0,0.00065,1.0,0,,,massA=0.000646 massB=0.999
A_civilians_self,18,4,mixed,29,29,71,0.55,1.3466,0,True,B,Qwen/Qwen2.5-7B-Instruct,chat,none,0,0.99683,1.0,0,,,massA=0.00317 massB=0.997
A_civilians_self,19,4,mixed,29,29,71,0.55,1.3466,0,False,A,Qwen/Qwen2.5-7B-Instruct,chat,none,0,0.39981,1.0,0,,,massA=0.4 massB=0.6
A_civilians_self,20,5,gain,0,162,381,0.46,1.0819,0,True,B,Qwen/Qwen2.5-7B-Instruct,chat,none,0,0.00026,1.0,0,,,massA=1 massB=0.000261
A_civilians_self,21,5,gain,0,162,381,0.46,1.0819,0,False,A,Qwen/Qwen2.5-7B-Instruct,chat,none,0,3e-05,1.0,0,,,massA=2.93e-05 massB=1
A_civilians_self,22,5,mixed,162,162,381,0.46,1.0819,0,True,B,Qwen/Qwen2.5-7B-Instruct,chat,none,0,0.97967,1.0,0,,,massA=0.0203 massB=0.98
A_civilians_self,23,5,mixed,162,162,381,0.46,1.0819,0,False,A,Qwen/Qwen2.5-7B-Instruct,chat,none,0,0.02931,1.0,0,,,massA=0.0293 massB=0.971
A_civilians_self,24,6,gain,0,94,101,0.71,0.7629,0,True,B,Qwen/Qwen2.5-7B-Instruct,chat,none,0,0.00012,1.0,0,,,massA=1 massB=0.00012
A_civilians_self,25,6,gain,0,94,101,0.71,0.7629,0,False,A,Qwen/Qwen2.5-7B-Instruct,chat,none,0,1e-05,1.0,0,,,massA=1.43e-05 massB=1
A_civilians_self,26,6,mixed,94,94,101,0.71,0.7629,0,True,B,Qwen/Qwen2.5-7B-Instruct,chat,none,0,0.90991,1.0,0,,,massA=0.0901 massB=0.91
A_civilians_self,27,6,mixed,94,94,101,0.71,0.7629,0,False,A,Qwen/Qwen2.5-7B-Instruct,chat,none,0,0.54674,1.0,0,,,massA=0.547 massB=0.453
A_civilians_self,28,7,gain,0,63,98,0.64,0.9956,0,True,B,Qwen/Qwen2.5-7B-Instruct,chat,none,0,0.01972,1.0,0,,,massA=0.98 massB=0.0197
A_civilians_self,29,7,gain,0,63,98,0.64,0.9956,0,False,A,Qwen/Qwen2.5-7B-Instruct,chat,none,0,0.0001,1.0,0,,,massA=9.61e-05 massB=1
A_civilians_self,30,7,mixed,63,63,98,0.64,0.9956,0,True,B,Qwen/Qwen2.5-7B-Instruct,chat,none,0,0.99745,1.0,0,,,massA=0.00255 massB=0.997
A_civilians_self,31,7,mixed,63,63,98,0.64,0.9956,0,False,A,Qwen/Qwen2.5-7B-Instruct,chat,none,0,0.9263,1.0,0,,,massA=0.926 massB=0.0737
A_civilians_self,32,8,gain,0,62,263,0.33,1.3998,0,True,B,Qwen/Qwen2.5-7B-Instruct,chat,none,0,7e-05,1.0,0,,,massA=1 massB=7.03e-05
A_civilians_self,33,8,gain,0,62,263,0.33,1.3998,0,False,A,Qwen/Qwen2.5-7B-Instruct,chat,none,0,3e-05,1.0,0,,,massA=3.02e-05 massB=1
A_civilians_self,34,8,mixed,62,62,263,0.33,1.3998,0,True,B,Qwen/Qwen2.5-7B-Instruct,chat,none,0,0.9263,1.0,0,,,massA=0.0737 massB=0.926
A_civilians_self,35,8,mixed,62,62,263,0.33,1.3998,0,False,A,Qwen/Qwen2.5-7B-Instruct,chat,none,0,0.02096,1.0,0,,,massA=0.021 massB=0.979
A_civilians_self,36,9,gain,0,49,153,0.26,0.8118,0,True,B,Qwen/Qwen2.5-7B-Instruct,chat,none,0,0.00106,1.0,0,,,massA=0.999 massB=0.00106
A_civilians_self,37,9,gain,0,49,153,0.26,0.8118,0,False,A,Qwen/Qwen2.5-7B-Instruct,chat,none,0,2e-05,1.0,0,,,massA=1.72e-05 massB=1
A_civilians_self,38,9,mixed,49,49,153,0.26,0.8118,0,True,B,Qwen/Qwen2.5-7B-Instruct,chat,none,0,0.99854,1.0,0,,,massA=0.00146 massB=0.999
A_civilians_self,39,9,mixed,49,49,153,0.26,0.8118,0,False,A,Qwen/Qwen2.5-7B-Instruct,chat,none,0,0.05835,1.0,0,,,massA=0.0583 massB=0.942
A_civilians_self,40,10,gain,0,111,278,0.58,1.4526,0,True,B,Qwen/Qwen2.5-7B-Instruct,chat,none,0,0.01855,1.0,0,,,massA=0.981 massB=0.0185
A_civilians_self,41,10,gain,0,111,278,0.58,1.4526,0,False,A,Qwen/Qwen2.5-7B-Instruct,chat,none,0,2e-05,1.0,0,,,massA=2.28e-05 massB=1
A_civilians_self,42,10,mixed,111,111,278,0.58,1.4526,0,True,B,Qwen/Qwen2.5-7B-Instruct,chat,none,0,0.99242,1.0,0,,,massA=0.00758 massB=0.992
A_civilians_self,43,10,mixed,111,111,278,0.58,1.4526,0,False,A,Qwen/Qwen2.5-7B-Instruct,chat,none,0,0.0341,1.0,0,,,massA=0.0341 massB=0.966
A_civilians_self,44,11,gain,0,54,68,0.81,1.02,0,True,B,Qwen/Qwen2.5-7B-Instruct,chat,none,0,0.00591,1.0,0,,,massA=0.994 massB=0.00591
A_civilians_self,45,11,gain,0,54,68,0.81,1.02,0,False,A,Qwen/Qwen2.5-7B-Instruct,chat,none,0,0.00038,1.0,0,,,massA=0.00038 massB=1
A_civilians_self,46,11,mixed,54,54,68,0.81,1.02,0,True,B,Qwen/Qwen2.5-7B-Instruct,chat,none,0,0.9984,1.0,0,,,massA=0.0016 massB=0.998
A_civilians_self,47,11,mixed,54,54,68,0.81,1.02,0,False,A,Qwen/Qwen2.5-7B-Instruct,chat,none,0,0.29421,1.0,0,,,massA=0.294 massB=0.706
A_civilians_self,48,12,gain,0,164,541,0.38,1.2535,0,True,B,Qwen/Qwen2.5-7B-Instruct,chat,none,0,0.00018,1.0,0,,,massA=1 massB=0.00018
A_civilians_self,49,12,gain,0,164,541,0.38,1.2535,0,False,A,Qwen/Qwen2.5-7B-Instruct,chat,none,0,7e-05,1.0,0,,,massA=7.25e-05 massB=1
A_civilians_self,50,12,mixed,164,164,541,0.38,1.2535,0,True,B,Qwen/Qwen2.5-7B-Instruct,chat,none,0,0.77184,1.0,0,,,massA=0.228 massB=0.772
A_civilians_self,51,12,mixed,164,164,541,0.38,1.2535,0,False,A,Qwen/Qwen2.5-7B-Instruct,chat,none,0,0.00193,1.0,0,,,massA=0.00193 massB=0.998
A_civilians_self,52,13,gain,0,72,88,0.64,0.7822,0,True,B,Qwen/Qwen2.5-7B-Instruct,chat,none,0,0.00061,1.0,0,,,massA=0.999 massB=0.000607
A_civilians_self,53,13,gain,0,72,88,0.64,0.7822,0,False,A,Qwen/Qwen2.5-7B-Instruct,chat,none,0,1e-05,1.0,0,,,massA=1.3e-05 massB=1
A_civilians_self,54,13,mixed,72,72,88,0.64,0.7822,0,True,B,Qwen/Qwen2.5-7B-Instruct,chat,none,0,0.89331,1.0,0,,,massA=0.107 massB=0.893
A_civilians_self,55,13,mixed,72,72,88,0.64,0.7822,0,False,A,Qwen/Qwen2.5-7B-Instruct,chat,none,0,0.00317,1.0,0,,,massA=0.00317 massB=0.997
A_civilians_self,56,14,gain,0,81,201,0.68,1.6874,0,True,B,Qwen/Qwen2.5-7B-Instruct,chat,none,0,0.28141,1.0,0,,,massA=0.719 massB=0.281
A_civilians_self,57,14,gain,0,81,201,0.68,1.6874,0,False,A,Qwen/Qwen2.5-7B-Instruct,chat,none,0,0.00013,1.0,0,,,massA=0.000131 massB=1
A_civilians_self,58,14,mixed,81,81,201,0.68,1.6874,0,True,B,Qwen/Qwen2.5-7B-Instruct,chat,none,0,0.99963,1.0,0,,,massA=0.000368 massB=1
A_civilians_self,59,14,mixed,81,81,201,0.68,1.6874,0,False,A,Qwen/Qwen2.5-7B-Instruct,chat,none,0,0.75491,1.0,0,,,massA=0.755 massB=0.245
A_civilians_self,60,15,gain,0,82,113,0.74,1.0198,0,True,B,Qwen/Qwen2.5-7B-Instruct,chat,none,0,0.00971,1.0,0,,,massA=0.99 massB=0.00971
A_civilians_self,61,15,gain,0,82,113,0.74,1.0198,0,False,A,Qwen/Qwen2.5-7B-Instruct,chat,none,0,6e-05,1.0,0,,,massA=6.4e-05 massB=1
A_civilians_self,62,15,mixed,82,82,113,0.74,1.0198,0,True,B,Qwen/Qwen2.5-7B-Instruct,chat,none,0,0.99795,1.0,0,,,massA=0.00205 massB=0.998
A_civilians_self,63,15,mixed,82,82,113,0.74,1.0198,0,False,A,Qwen/Qwen2.5-7B-Instruct,chat,none,0,0.93991,1.0,0,,,massA=0.94 massB=0.0601
A_civilians_self,64,16,gain,0,139,234,0.6,1.0101,0,True,B,Qwen/Qwen2.5-7B-Instruct,chat,none,0,0.0005,1.0,0,,,massA=0.999 massB=0.000503
A_civilians_self,65,16,gain,0,139,234,0.6,1.0101,0,False,A,Qwen/Qwen2.5-7B-Instruct,chat,none,0,6e-05,1.0,0,,,massA=5.65e-05 massB=1
A_civilians_self,66,16,mixed,139,139,234,0.6,1.0101,0,True,B,Qwen/Qwen2.5-7B-Instruct,chat,none,0,0.9173,1.0,0,,,massA=0.0827 massB=0.917
A_civilians_self,67,16,mixed,139,139,234,0.6,1.0101,0,False,A,Qwen/Qwen2.5-7B-Instruct,chat,none,0,0.04468,1.0,0,,,massA=0.0447 massB=0.955
A_civilians_self,68,17,gain,0,117,362,0.42,1.2995,0,True,B,Qwen/Qwen2.5-7B-Instruct,chat,none,0,0.00016,1.0,0,,,massA=1 massB=0.000158
A_civilians_self,69,17,gain,0,117,362,0.42,1.2995,0,False,A,Qwen/Qwen2.5-7B-Instruct,chat,none,0,6e-05,1.0,0,,,massA=6.21e-05 massB=1
A_civilians_self,70,17,mixed,117,117,362,0.42,1.2995,0,True,B,Qwen/Qwen2.5-7B-Instruct,chat,none,0,0.9466,1.0,0,,,massA=0.0534 massB=0.947
A_civilians_self,71,17,mixed,117,117,362,0.42,1.2995,0,False,A,Qwen/Qwen2.5-7B-Instruct,chat,none,0,0.01205,1.0,0,,,massA=0.0121 massB=0.988
A_civilians_self,72,18,gain,0,41,61,0.58,0.8629,0,True,B,Qwen/Qwen2.5-7B-Instruct,chat,none,0,0.0015,1.0,0,,,massA=0.998 massB=0.0015
A_civilians_self,73,18,gain,0,41,61,0.58,0.8629,0,False,A,Qwen/Qwen2.5-7B-Instruct,chat,none,0,0.00015,1.0,0,,,massA=0.000149 massB=1
A_civilians_self,74,18,mixed,41,41,61,0.58,0.8629,0,True,B,Qwen/Qwen2.5-7B-Instruct,chat,none,0,0.98678,1.0,0,,,massA=0.0132 massB=0.987
A_civilians_self,75,18,mixed,41,41,61,0.58,0.8629,0,False,A,Qwen/Qwen2.5-7B-Instruct,chat,none,0,0.31405,1.0,0,,,massA=0.314 massB=0.686
A_civilians_self,76,19,gain,0,64,122,0.49,0.9341,0,True,B,Qwen/Qwen2.5-7B-Instruct,chat,none,0,0.0011,1.0,0,,,massA=0.999 massB=0.0011
A_civilians_self,77,19,gain,0,64,122,0.49,0.9341,0,False,A,Qwen/Qwen2.5-7B-Instruct,chat,none,0,2e-05,1.0,0,,,massA=1.62e-05 massB=1
A_civilians_self,78,19,mixed,64,64,122,0.49,0.9341,0,True,B,Qwen/Qwen2.5-7B-Instruct,chat,none,0,0.98999,1.0,0,,,massA=0.01 massB=0.99
A_civilians_self,79,19,mixed,64,64,122,0.49,0.9341,0,False,A,Qwen/Qwen2.5-7B-Instruct,chat,none,0,0.01065,1.0,0,,,massA=0.0107 massB=0.989
A_civilians_self,80,20,gain,0,186,266,0.63,0.901,0,True,B,Qwen/Qwen2.5-7B-Instruct,chat,none,0,0.0145,1.0,0,,,massA=0.985 massB=0.0145
A_civilians_self,81,20,gain,0,186,266,0.63,0.901,0,False,A,Qwen/Qwen2.5-7B-Instruct,chat,none,0,4e-05,1.0,0,,,massA=3.76e-05 massB=1
A_civilians_self,82,20,mixed,186,186,266,0.63,0.901,0,True,B,Qwen/Qwen2.5-7B-Instruct,chat,none,0,0.98256,1.0,0,,,massA=0.0174 massB=0.983
A_civilians_self,83,20,mixed,186,186,266,0.63,0.901,0,False,A,Qwen/Qwen2.5-7B-Instruct,chat,none,0,0.04603,1.0,0,,,massA=0.046 massB=0.954
A_civilians_self,84,21,gain,0,106,206,0.73,1.4187,0,True,B,Qwen/Qwen2.5-7B-Instruct,chat,none,0,0.01542,1.0,0,,,massA=0.985 massB=0.0154
A_civilians_self,85,21,gain,0,106,206,0.73,1.4187,0,False,A,Qwen/Qwen2.5-7B-Instruct,chat,none,0,0.00049,1.0,0,,,massA=0.000488 massB=1
A_civilians_self,86,21,mixed,106,106,206,0.73,1.4187,0,True,B,Qwen/Qwen2.5-7B-Instruct,chat,none,0,0.99989,1.0,0,,,massA=0.000109 massB=1
A_civilians_self,87,21,mixed,106,106,206,0.73,1.4187,0,False,A,Qwen/Qwen2.5-7B-Instruct,chat,none,0,0.98867,1.0,0,,,massA=0.989 massB=0.0113
A_civilians_self,88,22,gain,0,81,163,0.72,1.4489,0,True,B,Qwen/Qwen2.5-7B-Instruct,chat,none,0,0.23371,1.0,0,,,massA=0.766 massB=0.234
A_civilians_self,89,22,gain,0,81,163,0.72,1.4489,0,False,A,Qwen/Qwen2.5-7B-Instruct,chat,none,0,0.00019,1.0,0,,,massA=0.000185 massB=1
A_civilians_self,90,22,mixed,81,81,163,0.72,1.4489,0,True,B,Qwen/Qwen2.5-7B-Instruct,chat,none,0,0.99863,1.0,0,,,massA=0.00137 massB=0.999
A_civilians_self,91,22,mixed,81,81,163,0.72,1.4489,0,False,A,Qwen/Qwen2.5-7B-Instruct,chat,none,0,0.72487,1.0,0,,,massA=0.725 massB=0.275
A_civilians_self,92,23,gain,0,91,626,0.23,1.5822,0,True,B,Qwen/Qwen2.5-7B-Instruct,chat,none,0,6e-05,1.0,0,,,massA=1 massB=6.01e-05
A_civilians_self,93,23,gain,0,91,626,0.23,1.5822,0,False,A,Qwen/Qwen2.5-7B-Instruct,chat,none,0,1e-05,1.0,0,,,massA=1.26e-05 massB=1
A_civilians_self,94,23,mixed,91,91,626,0.23,1.5822,0,True,B,Qwen/Qwen2.5-7B-Instruct,chat,none,0,0.94967,1.0,0,,,massA=0.0503 massB=0.95
A_civilians_self,95,23,mixed,91,91,626,0.23,1.5822,0,False,A,Qwen/Qwen2.5-7B-Instruct,chat,none,0,0.00218,1.0,0,,,massA=0.00218 massB=0.998
A_civilians_self,96,24,gain,0,168,214,0.76,0.9681,0,True,B,Qwen/Qwen2.5-7B-Instruct,chat,none,0,0.00941,1.0,0,,,massA=0.991 massB=0.00941
A_civilians_self,97,24,gain,0,168,214,0.76,0.9681,0,False,A,Qwen/Qwen2.5-7B-Instruct,chat,none,0,0.0003,1.0,0,,,massA=0.000296 massB=1
A_civilians_self,98,24,mixed,168,168,214,0.76,0.9681,0,True,B,Qwen/Qwen2.5-7B-Instruct,chat,none,0,0.99819,1.0,0,,,massA=0.00181 massB=0.998
A_civilians_self,99,24,mixed,168,168,214,0.76,0.9681,0,False,A,Qwen/Qwen2.5-7B-Instruct,chat,none,0,0.47658,1.0,0,,,massA=0.477 massB=0.523
A_civilians_self,100,25,gain,0,124,207,0.76,1.2687,0,True,B,Qwen/Qwen2.5-7B-Instruct,chat,none,0,0.00782,1.0,0,,,massA=0.992 massB=0.00782
A_civilians_self,101,25,gain,0,124,207,0.76,1.2687,0,False,A,Qwen/Qwen2.5-7B-Instruct,chat,none,0,0.00027,1.0,0,,,massA=0.000269 massB=1
A_civilians_self,102,25,mixed,124,124,207,0.76,1.2687,0,True,B,Qwen/Qwen2.5-7B-Instruct,chat,none,0,0.99951,1.0,0,,,massA=0.000488 massB=1
A_civilians_self,103,25,mixed,124,124,207,0.76,1.2687,0,False,A,Qwen/Qwen2.5-7B-Instruct,chat,none,0,0.98504,1.0,0,,,massA=0.985 massB=0.015
A_civilians_self,104,26,gain,0,59,151,0.36,0.9214,0,True,B,Qwen/Qwen2.5-7B-Instruct,chat,none,0,0.00069,1.0,0,,,massA=0.999 massB=0.000688
A_civilians_self,105,26,gain,0,59,151,0.36,0.9214,0,False,A,Qwen/Qwen2.5-7B-Instruct,chat,none,0,2e-05,1.0,0,,,massA=2.36e-05 massB=1
A_civilians_self,106,26,mixed,59,59,151,0.36,0.9214,0,True,B,Qwen/Qwen2.5-7B-Instruct,chat,none,0,0.97967,1.0,0,,,massA=0.0203 massB=0.98
A_civilians_self,107,26,mixed,59,59,151,0.36,0.9214,0,False,A,Qwen/Qwen2.5-7B-Instruct,chat,none,0,0.04468,1.0,0,,,massA=0.0447 massB=0.955
A_civilians_self,108,27,gain,0,166,433,0.53,1.3825,0,True,B,Qwen/Qwen2.5-7B-Instruct,chat,none,0,0.02033,1.0,0,,,massA=0.98 massB=0.0203
A_civilians_self,109,27,gain,0,166,433,0.53,1.3825,0,False,A,Qwen/Qwen2.5-7B-Instruct,chat,none,0,8e-05,1.0,0,,,massA=7.97e-05 massB=1
A_civilians_self,110,27,mixed,166,166,433,0.53,1.3825,0,True,B,Qwen/Qwen2.5-7B-Instruct,chat,none,0,0.9855,1.0,0,,,massA=0.0145 massB=0.985
A_civilians_self,111,27,mixed,166,166,433,0.53,1.3825,0,False,A,Qwen/Qwen2.5-7B-Instruct,chat,none,0,0.05033,1.0,0,,,massA=0.0503 massB=0.95
A_civilians_self,112,28,gain,0,132,181,0.76,1.0421,0,True,B,Qwen/Qwen2.5-7B-Instruct,chat,none,0,0.00298,1.0,0,,,massA=0.997 massB=0.00298
A_civilians_self,113,28,gain,0,132,181,0.76,1.0421,0,False,A,Qwen/Qwen2.5-7B-Instruct,chat,none,0,4e-05,1.0,0,,,massA=3.88e-05 massB=1
A_civilians_self,114,28,mixed,132,132,181,0.76,1.0421,0,True,B,Qwen/Qwen2.5-7B-Instruct,chat,none,0,0.93629,1.0,0,,,massA=0.0637 massB=0.936
A_civilians_self,115,28,mixed,132,132,181,0.76,1.0421,0,False,A,Qwen/Qwen2.5-7B-Instruct,chat,none,0,0.22816,1.0,0,,,massA=0.228 massB=0.772
A_civilians_self,116,29,gain,0,79,81,0.83,0.851,0,True,B,Qwen/Qwen2.5-7B-Instruct,chat,none,0,0.0534,1.0,0,,,massA=0.947 massB=0.0534
A_civilians_self,117,29,gain,0,79,81,0.83,0.851,0,False,A,Qwen/Qwen2.5-7B-Instruct,chat,none,0,0.00061,1.0,0,,,massA=0.000607 massB=0.999
A_civilians_self,118,29,mixed,79,79,81,0.83,0.851,0,True,B,Qwen/Qwen2.5-7B-Instruct,chat,none,0,0.99242,1.0,0,,,massA=0.00758 massB=0.992
A_civilians_self,119,29,mixed,79,79,81,0.83,0.851,0,False,A,Qwen/Qwen2.5-7B-Instruct,chat,none,0,0.98831,1.0,0,,,massA=0.988 massB=0.0117
A_civilians_self,120,30,gain,0,149,447,0.26,0.78,0,True,B,Qwen/Qwen2.5-7B-Instruct,chat,none,0,2e-05,1.0,0,,,massA=1 massB=2.01e-05
A_civilians_self,121,30,gain,0,149,447,0.26,0.78,0,False,A,Qwen/Qwen2.5-7B-Instruct,chat,none,0,2e-05,1.0,0,,,massA=1.72e-05 massB=1
A_civilians_self,122,30,mixed,149,149,447,0.26,0.78,0,True,B,Qwen/Qwen2.5-7B-Instruct,chat,none,0,0.99539,1.0,0,,,massA=0.00461 massB=0.995
A_civilians_self,123,30,mixed,149,149,447,0.26,0.78,0,False,A,Qwen/Qwen2.5-7B-Instruct,chat,none,0,0.00649,1.0,0,,,massA=0.00649 massB=0.994
A_civilians_self,124,31,gain,0,51,151,0.29,0.8586,0,True,B,Qwen/Qwen2.5-7B-Instruct,chat,none,0,0.00025,1.0,0,,,massA=1 massB=0.000253
A_civilians_self,125,31,gain,0,51,151,0.29,0.8586,0,False,A,Qwen/Qwen2.5-7B-Instruct,chat,none,0,3e-05,1.0,0,,,massA=3.02e-05 massB=1
A_civilians_self,126,31,mixed,51,51,151,0.29,0.8586,0,True,B,Qwen/Qwen2.5-7B-Instruct,chat,none,0,0.98256,1.0,0,,,massA=0.0174 massB=0.983
A_civilians_self,127,31,mixed,51,51,151,0.29,0.8586,0,False,A,Qwen/Qwen2.5-7B-Instruct,chat,none,0,0.01406,1.0,0,,,massA=0.0141 massB=0.986
A_civilians_self,128,32,gain,0,131,236,0.57,1.0269,0,True,B,Qwen/Qwen2.5-7B-Instruct,chat,none,0,0.00128,1.0,0,,,massA=0.999 massB=0.00128
A_civilians_self,129,32,gain,0,131,236,0.57,1.0269,0,False,A,Qwen/Qwen2.5-7B-Instruct,chat,none,0,4e-05,1.0,0,,,massA=4.26e-05 massB=1
A_civilians_self,130,32,mixed,131,131,236,0.57,1.0269,0,True,B,Qwen/Qwen2.5-7B-Instruct,chat,none,0,0.9939,1.0,0,,,massA=0.0061 massB=0.994
A_civilians_self,131,32,mixed,131,131,236,0.57,1.0269,0,False,A,Qwen/Qwen2.5-7B-Instruct,chat,none,0,0.25091,1.0,0,,,massA=0.251 massB=0.749
A_civilians_self,132,33,gain,0,142,446,0.53,1.6646,0,True,B,Qwen/Qwen2.5-7B-Instruct,chat,none,0,0.00128,1.0,0,,,massA=0.999 massB=0.00128
A_civilians_self,133,33,gain,0,142,446,0.53,1.6646,0,False,A,Qwen/Qwen2.5-7B-Instruct,chat,none,0,6e-05,1.0,0,,,massA=6.4e-05 massB=1
A_civilians_self,134,33,mixed,142,142,446,0.53,1.6646,0,True,B,Qwen/Qwen2.5-7B-Instruct,chat,none,0,0.9972,1.0,0,,,massA=0.0028 massB=0.997
A_civilians_self,135,33,mixed,142,142,446,0.53,1.6646,0,False,A,Qwen/Qwen2.5-7B-Instruct,chat,none,0,0.36297,1.0,0,,,massA=0.363 massB=0.637
A_civilians_self,136,34,gain,0,52,96,0.63,1.1631,0,True,B,Qwen/Qwen2.5-7B-Instruct,chat,none,0,0.02844,1.0,0,,,massA=0.972 massB=0.0284
A_civilians_self,137,34,gain,0,52,96,0.63,1.1631,0,False,A,Qwen/Qwen2.5-7B-Instruct,chat,none,0,0.00042,1.0,0,,,massA=0.000417 massB=1
A_civilians_self,138,34,mixed,52,52,96,0.63,1.1631,0,True,B,Qwen/Qwen2.5-7B-Instruct,chat,none,0,0.99929,1.0,0,,,massA=0.00071 massB=0.999
A_civilians_self,139,34,mixed,52,52,96,0.63,1.1631,0,False,A,Qwen/Qwen2.5-7B-Instruct,chat,none,0,0.76065,1.0,0,,,massA=0.761 massB=0.239
A_civilians_self,140,35,gain,0,91,133,0.68,0.9938,0,True,B,Qwen/Qwen2.5-7B-Instruct,chat,none,0,0.04603,1.0,0,,,massA=0.954 massB=0.046
A_civilians_self,141,35,gain,0,91,133,0.68,0.9938,0,False,A,Qwen/Qwen2.5-7B-Instruct,chat,none,0,1e-05,1.0,0,,,massA=1.01e-05 massB=1
A_civilians_self,142,35,mixed,91,91,133,0.68,0.9938,0,True,B,Qwen/Qwen2.5-7B-Instruct,chat,none,0,0.97967,1.0,0,,,massA=0.0203 massB=0.98
A_civilians_self,143,35,mixed,91,91,133,0.68,0.9938,0,False,A,Qwen/Qwen2.5-7B-Instruct,chat,none,0,0.04209,1.0,0,,,massA=0.0421 massB=0.958
A_civilians_self,144,36,gain,0,98,227,0.47,1.0887,0,True,B,Qwen/Qwen2.5-7B-Instruct,chat,none,0,0.00029,1.0,0,,,massA=1 massB=0.000287
A_civilians_self,145,36,gain,0,98,227,0.47,1.0887,0,False,A,Qwen/Qwen2.5-7B-Instruct,chat,none,0,3e-05,1.0,0,,,massA=3.02e-05 massB=1
A_civilians_self,146,36,mixed,98,98,227,0.47,1.0887,0,True,B,Qwen/Qwen2.5-7B-Instruct,chat,none,0,0.98458,1.0,0,,,massA=0.0154 massB=0.985
A_civilians_self,147,36,mixed,98,98,227,0.47,1.0887,0,False,A,Qwen/Qwen2.5-7B-Instruct,chat,none,0,0.04085,1.0,0,,,massA=0.0408 massB=0.959
A_civilians_self,148,37,gain,0,151,252,0.68,1.1348,0,True,B,Qwen/Qwen2.5-7B-Instruct,chat,none,0,0.00298,1.0,0,,,massA=0.997 massB=0.00298
A_civilians_self,149,37,gain,0,151,252,0.68,1.1348,0,False,A,Qwen/Qwen2.5-7B-Instruct,chat,none,0,0.00016,1.0,0,,,massA=0.000163 massB=1
A_civilians_self,150,37,mixed,151,151,252,0.68,1.1348,0,True,B,Qwen/Qwen2.5-7B-Instruct,chat,none,0,0.99711,1.0,0,,,massA=0.00289 massB=0.997
A_civilians_self,151,37,mixed,151,151,252,0.68,1.1348,0,False,A,Qwen/Qwen2.5-7B-Instruct,chat,none,0,0.76629,1.0,0,,,massA=0.766 massB=0.234
A_civilians_self,152,38,gain,0,183,609,0.38,1.2646,0,True,B,Qwen/Qwen2.5-7B-Instruct,chat,none,0,7e-05,1.0,0,,,massA=1 massB=7.48e-05
A_civilians_self,153,38,gain,0,183,609,0.38,1.2646,0,False,A,Qwen/Qwen2.5-7B-Instruct,chat,none,0,7e-05,1.0,0,,,massA=6.61e-05 massB=1
A_civilians_self,154,38,mixed,183,183,609,0.38,1.2646,0,True,B,Qwen/Qwen2.5-7B-Instruct,chat,none,0,0.9855,1.0,0,,,massA=0.0145 massB=0.985
A_civilians_self,155,38,mixed,183,183,609,0.38,1.2646,0,False,A,Qwen/Qwen2.5-7B-Instruct,chat,none,0,0.0145,1.0,0,,,massA=0.0145 massB=0.985
A_civilians_self,156,39,gain,0,178,567,0.32,1.0193,0,True,B,Qwen/Qwen2.5-7B-Instruct,chat,none,0,0.00011,1.0,0,,,massA=1 massB=0.000106
A_civilians_self,157,39,gain,0,178,567,0.32,1.0193,0,False,A,Qwen/Qwen2.5-7B-Instruct,chat,none,0,4e-05,1.0,0,,,massA=3.76e-05 massB=1
A_civilians_self,158,39,mixed,178,178,567,0.32,1.0193,0,True,B,Qwen/Qwen2.5-7B-Instruct,chat,none,0,0.96267,1.0,0,,,massA=0.0373 massB=0.963
A_civilians_self,159,39,mixed,178,178,567,0.32,1.0193,0,False,A,Qwen/Qwen2.5-7B-Instruct,chat,none,0,0.00447,1.0,0,,,massA=0.00447 massB=0.996
A_civilians_self,160,0,dominant,0,186,240,1.0,1.2903,0,True,B,Qwen/Qwen2.5-7B-Instruct,chat,none,0,0.99999,1.0,0,,,massA=1.3e-05 massB=1
A_civilians_self,161,0,dominant,0,186,240,1.0,1.2903,0,False,A,Qwen/Qwen2.5-7B-Instruct,chat,none,0,1.0,1.0,0,,,massA=1 massB=4.36e-06
A_civilians_self,162,1,dominant,0,58,72,1.0,1.2414,0,True,B,Qwen/Qwen2.5-7B-Instruct,chat,none,0,1.0,1.0,0,,,massA=3.5e-06 massB=1
A_civilians_self,163,1,dominant,0,58,72,1.0,1.2414,0,False,A,Qwen/Qwen2.5-7B-Instruct,chat,none,0,0.99999,1.0,0,,,massA=1 massB=7.65e-06
A_civilians_self,164,2,dominant,0,162,174,1.0,1.0741,0,True,B,Qwen/Qwen2.5-7B-Instruct,chat,none,0,0.99997,1.0,0,,,massA=2.75e-05 massB=1
A_civilians_self,165,2,dominant,0,162,174,1.0,1.0741,0,False,A,Qwen/Qwen2.5-7B-Instruct,chat,none,0,1.0,1.0,0,,,massA=1 massB=1.46e-06
A_civilians_self,166,3,dominant,0,46,58,1.0,1.2609,0,True,B,Qwen/Qwen2.5-7B-Instruct,chat,none,0,0.99999,1.0,0,,,massA=6.14e-06 massB=1
A_civilians_self,167,3,dominant,0,46,58,1.0,1.2609,0,False,A,Qwen/Qwen2.5-7B-Instruct,chat,none,0,0.99999,1.0,0,,,massA=1 massB=1.08e-05
A_civilians_self,168,4,dominant,0,29,56,1.0,1.931,0,True,B,Qwen/Qwen2.5-7B-Instruct,chat,none,0,1.0,1.0,0,,,massA=3.45e-06 massB=1
A_civilians_self,169,4,dominant,0,29,56,1.0,1.931,0,False,A,Qwen/Qwen2.5-7B-Instruct,chat,none,0,1.0,1.0,0,,,massA=1 massB=2.26e-06
A_civilians_self,170,5,dominant,0,162,206,1.0,1.2716,0,True,B,Qwen/Qwen2.5-7B-Instruct,chat,none,0,0.99999,1.0,0,,,massA=8.14e-06 massB=1
A_civilians_self,171,5,dominant,0,162,206,1.0,1.2716,0,False,A,Qwen/Qwen2.5-7B-Instruct,chat,none,0,0.99999,1.0,0,,,massA=1 massB=6.34e-06
A_civilians_self,172,6,dominant,0,94,128,1.0,1.3617,0,True,B,Qwen/Qwen2.5-7B-Instruct,chat,none,0,0.99999,1.0,0,,,massA=5.59e-06 massB=1
A_civilians_self,173,6,dominant,0,94,128,1.0,1.3617,0,False,A,Qwen/Qwen2.5-7B-Instruct,chat,none,0,0.99986,1.0,0,,,massA=1 massB=0.000136
A_civilians_self,174,7,dominant,0,63,81,1.0,1.2857,0,True,B,Qwen/Qwen2.5-7B-Instruct,chat,none,0,0.99999,1.0,0,,,massA=7.41e-06 massB=1
A_civilians_self,175,7,dominant,0,63,81,1.0,1.2857,0,False,A,Qwen/Qwen2.5-7B-Instruct,chat,none,0,0.99998,1.0,0,,,massA=1 massB=2.28e-05
A_civilians_self,176,8,dominant,0,62,121,1.0,1.9516,0,True,B,Qwen/Qwen2.5-7B-Instruct,chat,none,0,1.0,1.0,0,,,massA=2.12e-06 massB=1
A_civilians_self,177,8,dominant,0,62,121,1.0,1.9516,0,False,A,Qwen/Qwen2.5-7B-Instruct,chat,none,0,0.99999,1.0,0,,,massA=1 massB=1.38e-05
A_civilians_self,178,9,dominant,0,49,82,1.0,1.6735,0,True,B,Qwen/Qwen2.5-7B-Instruct,chat,none,0,1.0,1.0,0,,,massA=1.63e-06 massB=1
A_civilians_self,179,9,dominant,0,49,82,1.0,1.6735,0,False,A,Qwen/Qwen2.5-7B-Instruct,chat,none,0,0.99999,1.0,0,,,massA=1 massB=6.96e-06
A_civilians_advise,0,0,gain,0,186,984,0.26,1.3755,0,True,B,Qwen/Qwen2.5-7B-Instruct,chat,none,0,0.00057,1.0,0,,,massA=0.999 massB=0.00057
A_civilians_advise,1,0,gain,0,186,984,0.26,1.3755,0,False,A,Qwen/Qwen2.5-7B-Instruct,chat,none,0,1e-05,1.0,0,,,massA=1.3e-05 massB=1
A_civilians_advise,2,0,mixed,186,186,984,0.26,1.3755,0,True,B,Qwen/Qwen2.5-7B-Instruct,chat,none,0,0.69925,1.0,0,,,massA=0.301 massB=0.699
A_civilians_advise,3,0,mixed,186,186,984,0.26,1.3755,0,False,A,Qwen/Qwen2.5-7B-Instruct,chat,none,0,0.00141,1.0,0,,,massA=0.00141 massB=0.999
A_civilians_advise,4,1,gain,0,58,116,0.66,1.32,0,True,B,Qwen/Qwen2.5-7B-Instruct,chat,none,0,0.17329,1.0,0,,,massA=0.827 massB=0.173
A_civilians_advise,5,1,gain,0,58,116,0.66,1.32,0,False,A,Qwen/Qwen2.5-7B-Instruct,chat,none,0,5e-05,1.0,0,,,massA=5.14e-05 massB=1
A_civilians_advise,6,1,mixed,58,58,116,0.66,1.32,0,True,B,Qwen/Qwen2.5-7B-Instruct,chat,none,0,0.85195,1.0,0,,,massA=0.148 massB=0.852
A_civilians_advise,7,1,mixed,58,58,116,0.66,1.32,0,False,A,Qwen/Qwen2.5-7B-Instruct,chat,none,0,0.13296,1.0,0,,,massA=0.133 massB=0.867
A_civilians_advise,8,2,gain,0,162,661,0.26,1.0609,0,True,B,Qwen/Qwen2.5-7B-Instruct,chat,none,0,0.00806,1.0,0,,,massA=0.992 massB=0.00806
A_civilians_advise,9,2,gain,0,162,661,0.26,1.0609,0,False,A,Qwen/Qwen2.5-7B-Instruct,chat,none,0,1e-05,1.0,0,,,massA=1.43e-05 massB=1
A_civilians_advise,10,2,mixed,162,162,661,0.26,1.0609,0,True,B,Qwen/Qwen2.5-7B-Instruct,chat,none,0,0.74317,1.0,0,,,massA=0.257 massB=0.743
A_civilians_advise,11,2,mixed,162,162,661,0.26,1.0609,0,False,A,Qwen/Qwen2.5-7B-Instruct,chat,none,0,0.00088,1.0,0,,,massA=0.000883 massB=0.999
A_civilians_advise,12,3,gain,0,46,158,0.33,1.1335,0,True,B,Qwen/Qwen2.5-7B-Instruct,chat,none,0,0.00012,1.0,0,,,massA=1 massB=0.00012
A_civilians_advise,13,3,gain,0,46,158,0.33,1.1335,0,False,A,Qwen/Qwen2.5-7B-Instruct,chat,none,0,1e-05,1.0,0,,,massA=6.14e-06 massB=1
A_civilians_advise,14,3,mixed,46,46,158,0.33,1.1335,0,True,B,Qwen/Qwen2.5-7B-Instruct,chat,none,0,0.90991,1.0,0,,,massA=0.0901 massB=0.91
A_civilians_advise,15,3,mixed,46,46,158,0.33,1.1335,0,False,A,Qwen/Qwen2.5-7B-Instruct,chat,none,0,0.02229,1.0,0,,,massA=0.0223 massB=0.978
A_civilians_advise,16,4,gain,0,29,71,0.55,1.3466,0,True,B,Qwen/Qwen2.5-7B-Instruct,chat,none,0,0.03847,1.0,0,,,massA=0.962 massB=0.0385
A_civilians_advise,17,4,gain,0,29,71,0.55,1.3466,0,False,A,Qwen/Qwen2.5-7B-Instruct,chat,none,0,0.00018,1.0,0,,,massA=0.00018 massB=1
A_civilians_advise,18,4,mixed,29,29,71,0.55,1.3466,0,True,B,Qwen/Qwen2.5-7B-Instruct,chat,none,0,0.95114,1.0,0,,,massA=0.0489 massB=0.951
A_civilians_advise,19,4,mixed,29,29,71,0.55,1.3466,0,False,A,Qwen/Qwen2.5-7B-Instruct,chat,none,0,0.4225,1.0,0,,,massA=0.423 massB=0.577
A_civilians_advise,20,5,gain,0,162,381,0.46,1.0819,0,True,B,Qwen/Qwen2.5-7B-Instruct,chat,none,0,0.00712,1.0,0,,,massA=0.993 massB=0.00712
A_civilians_advise,21,5,gain,0,162,381,0.46,1.0819,0,False,A,Qwen/Qwen2.5-7B-Instruct,chat,none,0,1e-05,1.0,0,,,massA=1.47e-05 massB=1
A_civilians_advise,22,5,mixed,162,162,381,0.46,1.0819,0,True,B,Qwen/Qwen2.5-7B-Instruct,chat,none,0,0.87408,1.0,0,,,massA=0.126 massB=0.874
A_civilians_advise,23,5,mixed,162,162,381,0.46,1.0819,0,False,A,Qwen/Qwen2.5-7B-Instruct,chat,none,0,0.01322,1.0,0,,,massA=0.0132 massB=0.987
A_civilians_advise,24,6,gain,0,94,101,0.71,0.7629,0,True,B,Qwen/Qwen2.5-7B-Instruct,chat,none,0,0.00094,1.0,0,,,massA=0.999 massB=0.00094
A_civilians_advise,25,6,gain,0,94,101,0.71,0.7629,0,False,A,Qwen/Qwen2.5-7B-Instruct,chat,none,0,1e-05,1.0,0,,,massA=5.26e-06 massB=1
A_civilians_advise,26,6,mixed,94,94,101,0.71,0.7629,0,True,B,Qwen/Qwen2.5-7B-Instruct,chat,none,0,0.9149,1.0,0,,,massA=0.0851 massB=0.915
A_civilians_advise,27,6,mixed,94,94,101,0.71,0.7629,0,False,A,Qwen/Qwen2.5-7B-Instruct,chat,none,0,0.54674,1.0,0,,,massA=0.547 massB=0.453
A_civilians_advise,28,7,gain,0,63,98,0.64,0.9956,0,True,B,Qwen/Qwen2.5-7B-Instruct,chat,none,0,0.2227,1.0,0,,,massA=0.777 massB=0.223
A_civilians_advise,29,7,gain,0,63,98,0.64,0.9956,0,False,A,Qwen/Qwen2.5-7B-Instruct,chat,none,0,5e-05,1.0,0,,,massA=5.14e-05 massB=1
A_civilians_advise,30,7,mixed,63,63,98,0.64,0.9956,0,True,B,Qwen/Qwen2.5-7B-Instruct,chat,none,0,0.9836,1.0,0,,,massA=0.0164 massB=0.984
A_civilians_advise,31,7,mixed,63,63,98,0.64,0.9956,0,False,A,Qwen/Qwen2.5-7B-Instruct,chat,none,0,0.84797,1.0,0,,,massA=0.848 massB=0.152
A_civilians_advise,32,8,gain,0,62,263,0.33,1.3998,0,True,B,Qwen/Qwen2.5-7B-Instruct,chat,none,0,0.00088,1.0,0,,,massA=0.999 massB=0.000883
A_civilians_advise,33,8,gain,0,62,263,0.33,1.3998,0,False,A,Qwen/Qwen2.5-7B-Instruct,chat,none,0,0.0,1.0,0,,,massA=4.79e-06 massB=1
A_civilians_advise,34,8,mixed,62,62,263,0.33,1.3998,0,True,B,Qwen/Qwen2.5-7B-Instruct,chat,none,0,0.8439,1.0,0,,,massA=0.156 massB=0.844
A_civilians_advise,35,8,mixed,62,62,263,0.33,1.3998,0,False,A,Qwen/Qwen2.5-7B-Instruct,chat,none,0,0.03114,1.0,0,,,massA=0.0311 massB=0.969
A_civilians_advise,36,9,gain,0,49,153,0.26,0.8118,0,True,B,Qwen/Qwen2.5-7B-Instruct,chat,none,0,0.00573,1.0,0,,,massA=0.994 massB=0.00573
A_civilians_advise,37,9,gain,0,49,153,0.26,0.8118,0,False,A,Qwen/Qwen2.5-7B-Instruct,chat,none,0,1e-05,1.0,0,,,massA=7.18e-06 massB=1
A_civilians_advise,38,9,mixed,49,49,153,0.26,0.8118,0,True,B,Qwen/Qwen2.5-7B-Instruct,chat,none,0,0.9836,1.0,0,,,massA=0.0164 massB=0.984
A_civilians_advise,39,9,mixed,49,49,153,0.26,0.8118,0,False,A,Qwen/Qwen2.5-7B-Instruct,chat,none,0,0.02759,1.0,0,,,massA=0.0276 massB=0.972
A_civilians_advise,40,10,gain,0,111,278,0.58,1.4526,0,True,B,Qwen/Qwen2.5-7B-Instruct,chat,none,0,0.13661,1.0,0,,,massA=0.863 massB=0.137
A_civilians_advise,41,10,gain,0,111,278,0.58,1.4526,0,False,A,Qwen/Qwen2.5-7B-Instruct,chat,none,0,1e-05,1.0,0,,,massA=1.43e-05 massB=1
A_civilians_advise,42,10,mixed,111,111,278,0.58,1.4526,0,True,B,Qwen/Qwen2.5-7B-Instruct,chat,none,0,0.74317,1.0,0,,,massA=0.257 massB=0.743
A_civilians_advise,43,10,mixed,111,111,278,0.58,1.4526,0,False,A,Qwen/Qwen2.5-7B-Instruct,chat,none,0,0.0145,1.0,0,,,massA=0.0145 massB=0.985
A_civilians_advise,44,11,gain,0,54,68,0.81,1.02,0,True,B,Qwen/Qwen2.5-7B-Instruct,chat,none,0,0.05185,1.0,0,,,massA=0.948 massB=0.0518
A_civilians_advise,45,11,gain,0,54,68,0.81,1.02,0,False,A,Qwen/Qwen2.5-7B-Instruct,chat,none,0,5e-05,1.0,0,,,massA=5.31e-05 massB=1
A_civilians_advise,46,11,mixed,54,54,68,0.81,1.02,0,True,B,Qwen/Qwen2.5-7B-Instruct,chat,none,0,0.98594,1.0,0,,,massA=0.0141 massB=0.986
A_civilians_advise,47,11,mixed,54,54,68,0.81,1.02,0,False,A,Qwen/Qwen2.5-7B-Instruct,chat,none,0,0.13296,1.0,0,,,massA=0.133 massB=0.867
A_civilians_advise,48,12,gain,0,164,541,0.38,1.2535,0,True,B,Qwen/Qwen2.5-7B-Instruct,chat,none,0,0.0069,1.0,0,,,massA=0.993 massB=0.0069
A_civilians_advise,49,12,gain,0,164,541,0.38,1.2535,0,False,A,Qwen/Qwen2.5-7B-Instruct,chat,none,0,2e-05,1.0,0,,,massA=1.89e-05 massB=1
A_civilians_advise,50,12,mixed,164,164,541,0.38,1.2535,0,True,B,Qwen/Qwen2.5-7B-Instruct,chat,none,0,0.34865,1.0,0,,,massA=0.651 massB=0.349
A_civilians_advise,51,12,mixed,164,164,541,0.38,1.2535,0,False,A,Qwen/Qwen2.5-7B-Instruct,chat,none,0,0.00083,1.0,0,,,massA=0.00083 massB=0.999
A_civilians_advise,52,13,gain,0,72,88,0.64,0.7822,0,True,B,Qwen/Qwen2.5-7B-Instruct,chat,none,0,0.00712,1.0,0,,,massA=0.993 massB=0.00712
A_civilians_advise,53,13,gain,0,72,88,0.64,0.7822,0,False,A,Qwen/Qwen2.5-7B-Instruct,chat,none,0,1e-05,1.0,0,,,massA=8.94e-06 massB=1
A_civilians_advise,54,13,mixed,72,72,88,0.64,0.7822,0,True,B,Qwen/Qwen2.5-7B-Instruct,chat,none,0,0.76629,1.0,0,,,massA=0.234 massB=0.766
A_civilians_advise,55,13,mixed,72,72,88,0.64,0.7822,0,False,A,Qwen/Qwen2.5-7B-Instruct,chat,none,0,0.00271,1.0,0,,,massA=0.00271 massB=0.997
A_civilians_advise,56,14,gain,0,81,201,0.68,1.6874,0,True,B,Qwen/Qwen2.5-7B-Instruct,chat,none,0,0.5775,1.0,0,,,massA=0.423 massB=0.577
A_civilians_advise,57,14,gain,0,81,201,0.68,1.6874,0,False,A,Qwen/Qwen2.5-7B-Instruct,chat,none,0,5e-05,1.0,0,,,massA=4.99e-05 massB=1
A_civilians_advise,58,14,mixed,81,81,201,0.68,1.6874,0,True,B,Qwen/Qwen2.5-7B-Instruct,chat,none,0,0.99641,1.0,0,,,massA=0.00359 massB=0.996
A_civilians_advise,59,14,mixed,81,81,201,0.68,1.6874,0,False,A,Qwen/Qwen2.5-7B-Instruct,chat,none,0,0.32767,1.0,0,,,massA=0.328 massB=0.672
A_civilians_advise,60,15,gain,0,82,113,0.74,1.0198,0,True,B,Qwen/Qwen2.5-7B-Instruct,chat,none,0,0.03622,1.0,0,,,massA=0.964 massB=0.0362
A_civilians_advise,61,15,gain,0,82,113,0.74,1.0198,0,False,A,Qwen/Qwen2.5-7B-Instruct,chat,none,0,2e-05,1.0,0,,,massA=2.43e-05 massB=1
A_civilians_advise,62,15,mixed,82,82,113,0.74,1.0198,0,True,B,Qwen/Qwen2.5-7B-Instruct,chat,none,0,0.99825,1.0,0,,,massA=0.00175 massB=0.998
A_civilians_advise,63,15,mixed,82,82,113,0.74,1.0198,0,False,A,Qwen/Qwen2.5-7B-Instruct,chat,none,0,0.98309,1.0,0,,,massA=0.983 massB=0.0169
A_civilians_advise,64,16,gain,0,139,234,0.6,1.0101,0,True,B,Qwen/Qwen2.5-7B-Instruct,chat,none,0,0.01855,1.0,0,,,massA=0.981 massB=0.0185
A_civilians_advise,65,16,gain,0,139,234,0.6,1.0101,0,False,A,Qwen/Qwen2.5-7B-Instruct,chat,none,0,1e-05,1.0,0,,,massA=1.18e-05 massB=1
A_civilians_advise,66,16,mixed,139,139,234,0.6,1.0101,0,True,B,Qwen/Qwen2.5-7B-Instruct,chat,none,0,0.19193,1.0,0,,,massA=0.808 massB=0.192
A_civilians_advise,67,16,mixed,139,139,234,0.6,1.0101,0,False,A,Qwen/Qwen2.5-7B-Instruct,chat,none,0,0.05501,1.0,0,,,massA=0.055 massB=0.945
A_civilians_advise,68,17,gain,0,117,362,0.42,1.2995,0,True,B,Qwen/Qwen2.5-7B-Instruct,chat,none,0,0.0028,1.0,0,,,massA=0.997 massB=0.0028
A_civilians_advise,69,17,gain,0,117,362,0.42,1.2995,0,False,A,Qwen/Qwen2.5-7B-Instruct,chat,none,0,2e-05,1.0,0,,,massA=2.01e-05 massB=1
A_civilians_advise,70,17,mixed,117,117,362,0.42,1.2995,0,True,B,Qwen/Qwen2.5-7B-Instruct,chat,none,0,0.30075,1.0,0,,,massA=0.699 massB=0.301
A_civilians_advise,71,17,mixed,117,117,362,0.42,1.2995,0,False,A,Qwen/Qwen2.5-7B-Instruct,chat,none,0,0.00591,1.0,0,,,massA=0.00591 massB=0.994
A_civilians_advise,72,18,gain,0,41,61,0.58,0.8629,0,True,B,Qwen/Qwen2.5-7B-Instruct,chat,none,0,0.0061,1.0,0,,,massA=0.994 massB=0.0061
A_civilians_advise,73,18,gain,0,41,61,0.58,0.8629,0,False,A,Qwen/Qwen2.5-7B-Instruct,chat,none,0,5e-05,1.0,0,,,massA=4.83e-05 massB=1
A_civilians_advise,74,18,mixed,41,41,61,0.58,0.8629,0,True,B,Qwen/Qwen2.5-7B-Instruct,chat,none,0,0.8808,1.0,0,,,massA=0.119 massB=0.881
A_civilians_advise,75,18,mixed,41,41,61,0.58,0.8629,0,False,A,Qwen/Qwen2.5-7B-Instruct,chat,none,0,0.21734,1.0,0,,,massA=0.217 massB=0.783
A_civilians_advise,76,19,gain,0,64,122,0.49,0.9341,0,True,B,Qwen/Qwen2.5-7B-Instruct,chat,none,0,0.00522,1.0,0,,,massA=0.995 massB=0.00522
A_civilians_advise,77,19,gain,0,64,122,0.49,0.9341,0,False,A,Qwen/Qwen2.5-7B-Instruct,chat,none,0,1e-05,1.0,0,,,massA=9.22e-06 massB=1
A_civilians_advise,78,19,mixed,64,64,122,0.49,0.9341,0,True,B,Qwen/Qwen2.5-7B-Instruct,chat,none,0,0.98145,1.0,0,,,massA=0.0185 massB=0.981
A_civilians_advise,79,19,mixed,64,64,122,0.49,0.9341,0,False,A,Qwen/Qwen2.5-7B-Instruct,chat,none,0,0.0321,1.0,0,,,massA=0.0321 massB=0.968
A_civilians_advise,80,20,gain,0,186,266,0.63,0.901,0,True,B,Qwen/Qwen2.5-7B-Instruct,chat,none,0,0.71223,1.0,0,,,massA=0.288 massB=0.712
A_civilians_advise,81,20,gain,0,186,266,0.63,0.901,0,False,A,Qwen/Qwen2.5-7B-Instruct,chat,none,0,2e-05,1.0,0,,,massA=2.01e-05 massB=1
A_civilians_advise,82,20,mixed,186,186,266,0.63,0.901,0,True,B,Qwen/Qwen2.5-7B-Instruct,chat,none,0,0.85966,1.0,0,,,massA=0.14 massB=0.86
A_civilians_advise,83,20,mixed,186,186,266,0.63,0.901,0,False,A,Qwen/Qwen2.5-7B-Instruct,chat,none,0,0.01099,1.0,0,,,massA=0.011 massB=0.989
A_civilians_advise,84,21,gain,0,106,206,0.73,1.4187,0,True,B,Qwen/Qwen2.5-7B-Instruct,chat,none,0,0.48438,1.0,0,,,massA=0.516 massB=0.484
A_civilians_advise,85,21,gain,0,106,206,0.73,1.4187,0,False,A,Qwen/Qwen2.5-7B-Instruct,chat,none,0,8e-05,1.0,0,,,massA=8.22e-05 massB=1
A_civilians_advise,86,21,mixed,106,106,206,0.73,1.4187,0,True,B,Qwen/Qwen2.5-7B-Instruct,chat,none,0,0.99801,1.0,0,,,massA=0.00199 massB=0.998
A_civilians_advise,87,21,mixed,106,106,206,0.73,1.4187,0,False,A,Qwen/Qwen2.5-7B-Instruct,chat,none,0,0.98028,1.0,0,,,massA=0.98 massB=0.0197
A_civilians_advise,88,22,gain,0,81,163,0.72,1.4489,0,True,B,Qwen/Qwen2.5-7B-Instruct,chat,none,0,0.30736,1.0,0,,,massA=0.693 massB=0.307
A_civilians_advise,89,22,gain,0,81,163,0.72,1.4489,0,False,A,Qwen/Qwen2.5-7B-Instruct,chat,none,0,5e-05,1.0,0,,,massA=4.83e-05 massB=1
A_civilians_advise,90,22,mixed,81,81,163,0.72,1.4489,0,True,B,Qwen/Qwen2.5-7B-Instruct,chat,none,0,0.9976,1.0,0,,,massA=0.0024 massB=0.998
A_civilians_advise,91,22,mixed,81,81,163,0.72,1.4489,0,False,A,Qwen/Qwen2.5-7B-Instruct,chat,none,0,0.80807,1.0,0,,,massA=0.808 massB=0.192
A_civilians_advise,92,23,gain,0,91,626,0.23,1.5822,0,True,B,Qwen/Qwen2.5-7B-Instruct,chat,none,0,0.00088,1.0,0,,,massA=0.999 massB=0.000883
A_civilians_advise,93,23,gain,0,91,626,0.23,1.5822,0,False,A,Qwen/Qwen2.5-7B-Instruct,chat,none,0,0.0,1.0,0,,,massA=3.73e-06 massB=1
A_civilians_advise,94,23,mixed,91,91,626,0.23,1.5822,0,True,B,Qwen/Qwen2.5-7B-Instruct,chat,none,0,0.73716,1.0,0,,,massA=0.263 massB=0.737
A_civilians_advise,95,23,mixed,91,91,626,0.23,1.5822,0,False,A,Qwen/Qwen2.5-7B-Instruct,chat,none,0,0.00103,1.0,0,,,massA=0.00103 massB=0.999
A_civilians_advise,96,24,gain,0,168,214,0.76,0.9681,0,True,B,Qwen/Qwen2.5-7B-Instruct,chat,none,0,0.5775,1.0,0,,,massA=0.423 massB=0.577
A_civilians_advise,97,24,gain,0,168,214,0.76,0.9681,0,False,A,Qwen/Qwen2.5-7B-Instruct,chat,none,0,0.00011,1.0,0,,,massA=0.000106 massB=1
A_civilians_advise,98,24,mixed,168,168,214,0.76,0.9681,0,True,B,Qwen/Qwen2.5-7B-Instruct,chat,none,0,0.99683,1.0,0,,,massA=0.00317 massB=0.997
A_civilians_advise,99,24,mixed,168,168,214,0.76,0.9681,0,False,A,Qwen/Qwen2.5-7B-Instruct,chat,none,0,0.90192,1.0,0,,,massA=0.902 massB=0.0981
A_civilians_advise,100,25,gain,0,124,207,0.76,1.2687,0,True,B,Qwen/Qwen2.5-7B-Instruct,chat,none,0,0.38491,1.0,0,,,massA=0.615 massB=0.385
A_civilians_advise,101,25,gain,0,124,207,0.76,1.2687,0,False,A,Qwen/Qwen2.5-7B-Instruct,chat,none,0,7e-05,1.0,0,,,massA=7.25e-05 massB=1
A_civilians_advise,102,25,mixed,124,124,207,0.76,1.2687,0,True,B,Qwen/Qwen2.5-7B-Instruct,chat,none,0,0.99629,1.0,0,,,massA=0.00371 massB=0.996
A_civilians_advise,103,25,mixed,124,124,207,0.76,1.2687,0,False,A,Qwen/Qwen2.5-7B-Instruct,chat,none,0,0.98757,1.0,0,,,massA=0.988 massB=0.0124
A_civilians_advise,104,26,gain,0,59,151,0.36,0.9214,0,True,B,Qwen/Qwen2.5-7B-Instruct,chat,none,0,0.00146,1.0,0,,,massA=0.999 massB=0.00146
A_civilians_advise,105,26,gain,0,59,151,0.36,0.9214,0,False,A,Qwen/Qwen2.5-7B-Instruct,chat,none,0,1e-05,1.0,0,,,massA=8.14e-06 massB=1
A_civilians_advise,106,26,mixed,59,59,151,0.36,0.9214,0,True,B,Qwen/Qwen2.5-7B-Instruct,chat,none,0,0.83114,1.0,0,,,massA=0.169 massB=0.831
A_civilians_advise,107,26,mixed,59,59,151,0.36,0.9214,0,False,A,Qwen/Qwen2.5-7B-Instruct,chat,none,0,0.01691,1.0,0,,,massA=0.0169 massB=0.983
A_civilians_advise,108,27,gain,0,166,433,0.53,1.3825,0,True,B,Qwen/Qwen2.5-7B-Instruct,chat,none,0,0.18243,1.0,0,,,massA=0.818 massB=0.182
A_civilians_advise,109,27,gain,0,166,433,0.53,1.3825,0,False,A,Qwen/Qwen2.5-7B-Instruct,chat,none,0,2e-05,1.0,0,,,massA=2.36e-05 massB=1
A_civilians_advise,110,27,mixed,166,166,433,0.53,1.3825,0,True,B,Qwen/Qwen2.5-7B-Instruct,chat,none,0,0.84797,1.0,0,,,massA=0.152 massB=0.848
A_civilians_advise,111,27,mixed,166,166,433,0.53,1.3825,0,False,A,Qwen/Qwen2.5-7B-Instruct,chat,none,0,0.0341,1.0,0,,,massA=0.0341 massB=0.966
A_civilians_advise,112,28,gain,0,132,181,0.76,1.0421,0,True,B,Qwen/Qwen2.5-7B-Instruct,chat,none,0,0.03114,1.0,0,,,massA=0.969 massB=0.0311
A_civilians_advise,113,28,gain,0,132,181,0.76,1.0421,0,False,A,Qwen/Qwen2.5-7B-Instruct,chat,none,0,2e-05,1.0,0,,,massA=1.72e-05 massB=1
A_civilians_advise,114,28,mixed,132,132,181,0.76,1.0421,0,True,B,Qwen/Qwen2.5-7B-Instruct,chat,none,0,0.93245,1.0,0,,,massA=0.0675 massB=0.932
A_civilians_advise,115,28,mixed,132,132,181,0.76,1.0421,0,False,A,Qwen/Qwen2.5-7B-Instruct,chat,none,0,0.22816,1.0,0,,,massA=0.228 massB=0.772
A_civilians_advise,116,29,gain,0,79,81,0.83,0.851,0,True,B,Qwen/Qwen2.5-7B-Instruct,chat,none,0,0.09009,1.0,0,,,massA=0.91 massB=0.0901
A_civilians_advise,117,29,gain,0,79,81,0.83,0.851,0,False,A,Qwen/Qwen2.5-7B-Instruct,chat,none,0,8e-05,1.0,0,,,massA=8.22e-05 massB=1
A_civilians_advise,118,29,mixed,79,79,81,0.83,0.851,0,True,B,Qwen/Qwen2.5-7B-Instruct,chat,none,0,0.98831,1.0,0,,,massA=0.0117 massB=0.988
A_civilians_advise,119,29,mixed,79,79,81,0.83,0.851,0,False,A,Qwen/Qwen2.5-7B-Instruct,chat,none,0,0.97482,1.0,0,,,massA=0.975 massB=0.0252
A_civilians_advise,120,30,gain,0,149,447,0.26,0.78,0,True,B,Qwen/Qwen2.5-7B-Instruct,chat,none,0,0.00022,1.0,0,,,massA=1 massB=0.000223
A_civilians_advise,121,30,gain,0,149,447,0.26,0.78,0,False,A,Qwen/Qwen2.5-7B-Instruct,chat,none,0,0.0,1.0,0,,,massA=4.64e-06 massB=1
A_civilians_advise,122,30,mixed,149,149,447,0.26,0.78,0,True,B,Qwen/Qwen2.5-7B-Instruct,chat,none,0,0.94499,1.0,0,,,massA=0.055 massB=0.945
A_civilians_advise,123,30,mixed,149,149,447,0.26,0.78,0,False,A,Qwen/Qwen2.5-7B-Instruct,chat,none,0,0.00212,1.0,0,,,massA=0.00212 massB=0.998
A_civilians_advise,124,31,gain,0,51,151,0.29,0.8586,0,True,B,Qwen/Qwen2.5-7B-Instruct,chat,none,0,0.00212,1.0,0,,,massA=0.998 massB=0.00212
A_civilians_advise,125,31,gain,0,51,151,0.29,0.8586,0,False,A,Qwen/Qwen2.5-7B-Instruct,chat,none,0,1e-05,1.0,0,,,massA=8.4e-06 massB=1
A_civilians_advise,126,31,mixed,51,51,151,0.29,0.8586,0,True,B,Qwen/Qwen2.5-7B-Instruct,chat,none,0,0.8808,1.0,0,,,massA=0.119 massB=0.881
A_civilians_advise,127,31,mixed,51,51,151,0.29,0.8586,0,False,A,Qwen/Qwen2.5-7B-Instruct,chat,none,0,0.00555,1.0,0,,,massA=0.00555 massB=0.994
A_civilians_advise,128,32,gain,0,131,236,0.57,1.0269,0,True,B,Qwen/Qwen2.5-7B-Instruct,chat,none,0,0.00858,1.0,0,,,massA=0.991 massB=0.00858
A_civilians_advise,129,32,gain,0,131,236,0.57,1.0269,0,False,A,Qwen/Qwen2.5-7B-Instruct,chat,none,0,2e-05,1.0,0,,,massA=1.83e-05 massB=1
A_civilians_advise,130,32,mixed,131,131,236,0.57,1.0269,0,True,B,Qwen/Qwen2.5-7B-Instruct,chat,none,0,0.99242,1.0,0,,,massA=0.00758 massB=0.992
A_civilians_advise,131,32,mixed,131,131,236,0.57,1.0269,0,False,A,Qwen/Qwen2.5-7B-Instruct,chat,none,0,0.22816,1.0,0,,,massA=0.228 massB=0.772
A_civilians_advise,132,33,gain,0,142,446,0.53,1.6646,0,True,B,Qwen/Qwen2.5-7B-Instruct,chat,none,0,0.00555,1.0,0,,,massA=0.994 massB=0.00555
A_civilians_advise,133,33,gain,0,142,446,0.53,1.6646,0,False,A,Qwen/Qwen2.5-7B-Instruct,chat,none,0,2e-05,1.0,0,,,massA=2.21e-05 massB=1
A_civilians_advise,134,33,mixed,142,142,446,0.53,1.6646,0,True,B,Qwen/Qwen2.5-7B-Instruct,chat,none,0,0.9344,1.0,0,,,massA=0.0656 massB=0.934
A_civilians_advise,135,33,mixed,142,142,446,0.53,1.6646,0,False,A,Qwen/Qwen2.5-7B-Instruct,chat,none,0,0.2227,1.0,0,,,massA=0.223 massB=0.777
A_civilians_advise,136,34,gain,0,52,96,0.63,1.1631,0,True,B,Qwen/Qwen2.5-7B-Instruct,chat,none,0,0.23935,1.0,0,,,massA=0.761 massB=0.239
A_civilians_advise,137,34,gain,0,52,96,0.63,1.1631,0,False,A,Qwen/Qwen2.5-7B-Instruct,chat,none,0,0.00012,1.0,0,,,massA=0.00012 massB=1
A_civilians_advise,138,34,mixed,52,52,96,0.63,1.1631,0,True,B,Qwen/Qwen2.5-7B-Instruct,chat,none,0,0.99478,1.0,0,,,massA=0.00522 massB=0.995
A_civilians_advise,139,34,mixed,52,52,96,0.63,1.1631,0,False,A,Qwen/Qwen2.5-7B-Instruct,chat,none,0,0.46879,1.0,0,,,massA=0.469 massB=0.531
A_civilians_advise,140,35,gain,0,91,133,0.68,0.9938,0,True,B,Qwen/Qwen2.5-7B-Instruct,chat,none,0,0.12252,1.0,0,,,massA=0.877 massB=0.123
A_civilians_advise,141,35,gain,0,91,133,0.68,0.9938,0,False,A,Qwen/Qwen2.5-7B-Instruct,chat,none,0,1e-05,1.0,0,,,massA=8.94e-06 massB=1
A_civilians_advise,142,35,mixed,91,91,133,0.68,0.9938,0,True,B,Qwen/Qwen2.5-7B-Instruct,chat,none,0,0.69264,1.0,0,,,massA=0.307 massB=0.693
A_civilians_advise,143,35,mixed,91,91,133,0.68,0.9938,0,False,A,Qwen/Qwen2.5-7B-Instruct,chat,none,0,0.03847,1.0,0,,,massA=0.0385 massB=0.962
A_civilians_advise,144,36,gain,0,98,227,0.47,1.0887,0,True,B,Qwen/Qwen2.5-7B-Instruct,chat,none,0,0.00289,1.0,0,,,massA=0.997 massB=0.00289
A_civilians_advise,145,36,gain,0,98,227,0.47,1.0887,0,False,A,Qwen/Qwen2.5-7B-Instruct,chat,none,0,2e-05,1.0,0,,,massA=1.52e-05 massB=1
A_civilians_advise,146,36,mixed,98,98,227,0.47,1.0887,0,True,B,Qwen/Qwen2.5-7B-Instruct,chat,none,0,0.91244,1.0,0,,,massA=0.0876 massB=0.912
A_civilians_advise,147,36,mixed,98,98,227,0.47,1.0887,0,False,A,Qwen/Qwen2.5-7B-Instruct,chat,none,0,0.04743,1.0,0,,,massA=0.0474 massB=0.953
A_civilians_advise,148,37,gain,0,151,252,0.68,1.1348,0,True,B,Qwen/Qwen2.5-7B-Instruct,chat,none,0,0.04468,1.0,0,,,massA=0.955 massB=0.0447
A_civilians_advise,149,37,gain,0,151,252,0.68,1.1348,0,False,A,Qwen/Qwen2.5-7B-Instruct,chat,none,0,4e-05,1.0,0,,,massA=4.4e-05 massB=1
A_civilians_advise,150,37,mixed,151,151,252,0.68,1.1348,0,True,B,Qwen/Qwen2.5-7B-Instruct,chat,none,0,0.97241,1.0,0,,,massA=0.0276 massB=0.972
A_civilians_advise,151,37,mixed,151,151,252,0.68,1.1348,0,False,A,Qwen/Qwen2.5-7B-Instruct,chat,none,0,0.80807,1.0,0,,,massA=0.808 massB=0.192
A_civilians_advise,152,38,gain,0,183,609,0.38,1.2646,0,True,B,Qwen/Qwen2.5-7B-Instruct,chat,none,0,0.00522,1.0,0,,,massA=0.995 massB=0.00522
A_civilians_advise,153,38,gain,0,183,609,0.38,1.2646,0,False,A,Qwen/Qwen2.5-7B-Instruct,chat,none,0,1e-05,1.0,0,,,massA=1.43e-05 massB=1
A_civilians_advise,154,38,mixed,183,183,609,0.38,1.2646,0,True,B,Qwen/Qwen2.5-7B-Instruct,chat,none,0,0.8872,1.0,0,,,massA=0.113 massB=0.887
A_civilians_advise,155,38,mixed,183,183,609,0.38,1.2646,0,False,A,Qwen/Qwen2.5-7B-Instruct,chat,none,0,0.00338,1.0,0,,,massA=0.00338 massB=0.997
A_civilians_advise,156,39,gain,0,178,567,0.32,1.0193,0,True,B,Qwen/Qwen2.5-7B-Instruct,chat,none,0,0.001,1.0,0,,,massA=0.999 massB=0.001
A_civilians_advise,157,39,gain,0,178,567,0.32,1.0193,0,False,A,Qwen/Qwen2.5-7B-Instruct,chat,none,0,1e-05,1.0,0,,,massA=1.11e-05 massB=1
A_civilians_advise,158,39,mixed,178,178,567,0.32,1.0193,0,True,B,Qwen/Qwen2.5-7B-Instruct,chat,none,0,0.90192,1.0,0,,,massA=0.0981 massB=0.902
A_civilians_advise,159,39,mixed,178,178,567,0.32,1.0193,0,False,A,Qwen/Qwen2.5-7B-Instruct,chat,none,0,0.00165,1.0,0,,,massA=0.00165 massB=0.998
A_civilians_advise,160,0,dominant,0,186,240,1.0,1.2903,0,True,B,Qwen/Qwen2.5-7B-Instruct,chat,none,0,0.99998,1.0,0,,,massA=2.43e-05 massB=1
A_civilians_advise,161,0,dominant,0,186,240,1.0,1.2903,0,False,A,Qwen/Qwen2.5-7B-Instruct,chat,none,0,1.0,1.0,0,,,massA=1 massB=3.73e-06
A_civilians_advise,162,1,dominant,0,58,72,1.0,1.2414,0,True,B,Qwen/Qwen2.5-7B-Instruct,chat,none,0,0.99998,1.0,0,,,massA=1.72e-05 massB=1
A_civilians_advise,163,1,dominant,0,58,72,1.0,1.2414,0,False,A,Qwen/Qwen2.5-7B-Instruct,chat,none,0,1.0,1.0,0,,,massA=1 massB=4.64e-06
A_civilians_advise,164,2,dominant,0,162,174,1.0,1.0741,0,True,B,Qwen/Qwen2.5-7B-Instruct,chat,none,0,0.99988,1.0,0,,,massA=0.000116 massB=1
A_civilians_advise,165,2,dominant,0,162,174,1.0,1.0741,0,False,A,Qwen/Qwen2.5-7B-Instruct,chat,none,0,1.0,1.0,0,,,massA=1 massB=1.21e-06
A_civilians_advise,166,3,dominant,0,46,58,1.0,1.2609,0,True,B,Qwen/Qwen2.5-7B-Instruct,chat,none,0,0.99995,1.0,0,,,massA=5.14e-05 massB=1
A_civilians_advise,167,3,dominant,0,46,58,1.0,1.2609,0,False,A,Qwen/Qwen2.5-7B-Instruct,chat,none,0,1.0,1.0,0,,,massA=1 massB=3.84e-06
A_civilians_advise,168,4,dominant,0,29,56,1.0,1.931,0,True,B,Qwen/Qwen2.5-7B-Instruct,chat,none,0,0.99999,1.0,0,,,massA=1.43e-05 massB=1
A_civilians_advise,169,4,dominant,0,29,56,1.0,1.931,0,False,A,Qwen/Qwen2.5-7B-Instruct,chat,none,0,1.0,1.0,0,,,massA=1 massB=2.73e-06
A_civilians_advise,170,5,dominant,0,162,206,1.0,1.2716,0,True,B,Qwen/Qwen2.5-7B-Instruct,chat,none,0,0.99995,1.0,0,,,massA=4.83e-05 massB=1
A_civilians_advise,171,5,dominant,0,162,206,1.0,1.2716,0,False,A,Qwen/Qwen2.5-7B-Instruct,chat,none,0,0.99999,1.0,0,,,massA=1 massB=8.4e-06
A_civilians_advise,172,6,dominant,0,94,128,1.0,1.3617,0,True,B,Qwen/Qwen2.5-7B-Instruct,chat,none,0,0.99998,1.0,0,,,massA=2.36e-05 massB=1
A_civilians_advise,173,6,dominant,0,94,128,1.0,1.3617,0,False,A,Qwen/Qwen2.5-7B-Instruct,chat,none,0,0.99995,1.0,0,,,massA=1 massB=4.68e-05
A_civilians_advise,174,7,dominant,0,63,81,1.0,1.2857,0,True,B,Qwen/Qwen2.5-7B-Instruct,chat,none,0,0.99998,1.0,0,,,massA=2.14e-05 massB=1
A_civilians_advise,175,7,dominant,0,63,81,1.0,1.2857,0,False,A,Qwen/Qwen2.5-7B-Instruct,chat,none,0,0.99999,1.0,0,,,massA=1 massB=5.26e-06
A_civilians_advise,176,8,dominant,0,62,121,1.0,1.9516,0,True,B,Qwen/Qwen2.5-7B-Instruct,chat,none,0,0.99999,1.0,0,,,massA=6.54e-06 massB=1
A_civilians_advise,177,8,dominant,0,62,121,1.0,1.9516,0,False,A,Qwen/Qwen2.5-7B-Instruct,chat,none,0,0.99999,1.0,0,,,massA=1 massB=9.52e-06
A_civilians_advise,178,9,dominant,0,49,82,1.0,1.6735,0,True,B,Qwen/Qwen2.5-7B-Instruct,chat,none,0,0.99999,1.0,0,,,massA=1.22e-05 massB=1
A_civilians_advise,179,9,dominant,0,49,82,1.0,1.6735,0,False,A,Qwen/Qwen2.5-7B-Instruct,chat,none,0,1.0,1.0,0,,,massA=1 massB=4.5e-06
A_troops_self,0,0,gain,0,186,984,0.26,1.3755,0,True,B,Qwen/Qwen2.5-7B-Instruct,chat,none,0,0.00263,1.0,0,,,massA=0.997 massB=0.00263
A_troops_self,1,0,gain,0,186,984,0.26,1.3755,0,False,A,Qwen/Qwen2.5-7B-Instruct,chat,none,0,0.00021,1.0,0,,,massA=0.00021 massB=1
A_troops_self,2,0,mixed,186,186,984,0.26,1.3755,0,True,B,Qwen/Qwen2.5-7B-Instruct,chat,none,0,0.04085,1.0,0,,,massA=0.959 massB=0.0408
A_troops_self,3,0,mixed,186,186,984,0.26,1.3755,0,False,A,Qwen/Qwen2.5-7B-Instruct,chat,none,0,0.04603,1.0,0,,,massA=0.046 massB=0.954
A_troops_self,4,1,gain,0,58,116,0.66,1.32,0,True,B,Qwen/Qwen2.5-7B-Instruct,chat,none,0,0.02229,1.0,0,,,massA=0.978 massB=0.0223
A_troops_self,5,1,gain,0,58,116,0.66,1.32,0,False,A,Qwen/Qwen2.5-7B-Instruct,chat,none,0,0.00015,1.0,0,,,massA=0.000154 massB=1
A_troops_self,6,1,mixed,58,58,116,0.66,1.32,0,True,B,Qwen/Qwen2.5-7B-Instruct,chat,none,0,0.01799,1.0,0,,,massA=0.982 massB=0.018
A_troops_self,7,1,mixed,58,58,116,0.66,1.32,0,False,A,Qwen/Qwen2.5-7B-Instruct,chat,none,0,0.91244,1.0,0,,,massA=0.912 massB=0.0876
A_troops_self,8,2,gain,0,162,661,0.26,1.0609,0,True,B,Qwen/Qwen2.5-7B-Instruct,chat,none,0,0.00086,1.0,0,,,massA=0.999 massB=0.000856
A_troops_self,9,2,gain,0,162,661,0.26,1.0609,0,False,A,Qwen/Qwen2.5-7B-Instruct,chat,none,0,0.00012,1.0,0,,,massA=0.000123 massB=1
A_troops_self,10,2,mixed,162,162,661,0.26,1.0609,0,True,B,Qwen/Qwen2.5-7B-Instruct,chat,none,0,0.01169,1.0,0,,,massA=0.988 massB=0.0117
A_troops_self,11,2,mixed,162,162,661,0.26,1.0609,0,False,A,Qwen/Qwen2.5-7B-Instruct,chat,none,0,0.01364,1.0,0,,,massA=0.0136 massB=0.986
A_troops_self,12,3,gain,0,46,158,0.33,1.1335,0,True,B,Qwen/Qwen2.5-7B-Instruct,chat,none,0,0.0005,1.0,0,,,massA=0.999 massB=0.000503
A_troops_self,13,3,gain,0,46,158,0.33,1.1335,0,False,A,Qwen/Qwen2.5-7B-Instruct,chat,none,0,0.0001,1.0,0,,,massA=0.000102 massB=1
A_troops_self,14,3,mixed,46,46,158,0.33,1.1335,0,True,B,Qwen/Qwen2.5-7B-Instruct,chat,none,0,0.02096,1.0,0,,,massA=0.979 massB=0.021
A_troops_self,15,3,mixed,46,46,158,0.33,1.1335,0,False,A,Qwen/Qwen2.5-7B-Instruct,chat,none,0,0.04603,1.0,0,,,massA=0.046 massB=0.954
A_troops_self,16,4,gain,0,29,71,0.55,1.3466,0,True,B,Qwen/Qwen2.5-7B-Instruct,chat,none,0,0.00091,1.0,0,,,massA=0.999 massB=0.000911
A_troops_self,17,4,gain,0,29,71,0.55,1.3466,0,False,A,Qwen/Qwen2.5-7B-Instruct,chat,none,0,0.0003,1.0,0,,,massA=0.000296 massB=1
A_troops_self,18,4,mixed,29,29,71,0.55,1.3466,0,True,B,Qwen/Qwen2.5-7B-Instruct,chat,none,0,0.07586,1.0,0,,,massA=0.924 massB=0.0759
A_troops_self,19,4,mixed,29,29,71,0.55,1.3466,0,False,A,Qwen/Qwen2.5-7B-Instruct,chat,none,0,0.90465,1.0,0,,,massA=0.905 massB=0.0953
A_troops_self,20,5,gain,0,162,381,0.46,1.0819,0,True,B,Qwen/Qwen2.5-7B-Instruct,chat,none,0,0.00117,1.0,0,,,massA=0.999 massB=0.00117
A_troops_self,21,5,gain,0,162,381,0.46,1.0819,0,False,A,Qwen/Qwen2.5-7B-Instruct,chat,none,0,8e-05,1.0,0,,,massA=7.97e-05 massB=1
A_troops_self,22,5,mixed,162,162,381,0.46,1.0819,0,True,B,Qwen/Qwen2.5-7B-Instruct,chat,none,0,0.01542,1.0,0,,,massA=0.985 massB=0.0154
A_troops_self,23,5,mixed,162,162,381,0.46,1.0819,0,False,A,Qwen/Qwen2.5-7B-Instruct,chat,none,0,0.05185,1.0,0,,,massA=0.0518 massB=0.948
A_troops_self,24,6,gain,0,94,101,0.71,0.7629,0,True,B,Qwen/Qwen2.5-7B-Instruct,chat,none,0,0.00076,1.0,0,,,massA=0.999 massB=0.000755
A_troops_self,25,6,gain,0,94,101,0.71,0.7629,0,False,A,Qwen/Qwen2.5-7B-Instruct,chat,none,0,8e-05,1.0,0,,,massA=8.48e-05 massB=1
A_troops_self,26,6,mixed,94,94,101,0.71,0.7629,0,True,B,Qwen/Qwen2.5-7B-Instruct,chat,none,0,0.0851,1.0,0,,,massA=0.915 massB=0.0851
A_troops_self,27,6,mixed,94,94,101,0.71,0.7629,0,False,A,Qwen/Qwen2.5-7B-Instruct,chat,none,0,0.46879,1.0,0,,,massA=0.469 massB=0.531
A_troops_self,28,7,gain,0,63,98,0.64,0.9956,0,True,B,Qwen/Qwen2.5-7B-Instruct,chat,none,0,0.00407,1.0,0,,,massA=0.996 massB=0.00407
A_troops_self,29,7,gain,0,63,98,0.64,0.9956,0,False,A,Qwen/Qwen2.5-7B-Instruct,chat,none,0,4e-05,1.0,0,,,massA=4.26e-05 massB=1
A_troops_self,30,7,mixed,63,63,98,0.64,0.9956,0,True,B,Qwen/Qwen2.5-7B-Instruct,chat,none,0,0.05835,1.0,0,,,massA=0.942 massB=0.0583
A_troops_self,31,7,mixed,63,63,98,0.64,0.9956,0,False,A,Qwen/Qwen2.5-7B-Instruct,chat,none,0,0.96691,1.0,0,,,massA=0.967 massB=0.0331
A_troops_self,32,8,gain,0,62,263,0.33,1.3998,0,True,B,Qwen/Qwen2.5-7B-Instruct,chat,none,0,0.00037,1.0,0,,,massA=1 massB=0.000368
A_troops_self,33,8,gain,0,62,263,0.33,1.3998,0,False,A,Qwen/Qwen2.5-7B-Instruct,chat,none,0,6e-05,1.0,0,,,massA=5.83e-05 massB=1
A_troops_self,34,8,mixed,62,62,263,0.33,1.3998,0,True,B,Qwen/Qwen2.5-7B-Instruct,chat,none,0,0.0164,1.0,0,,,massA=0.984 massB=0.0164
A_troops_self,35,8,mixed,62,62,263,0.33,1.3998,0,False,A,Qwen/Qwen2.5-7B-Instruct,chat,none,0,0.0341,1.0,0,,,massA=0.0341 massB=0.966
A_troops_self,36,9,gain,0,49,153,0.26,0.8118,0,True,B,Qwen/Qwen2.5-7B-Instruct,chat,none,0,0.00289,1.0,0,,,massA=0.997 massB=0.00289
A_troops_self,37,9,gain,0,49,153,0.26,0.8118,0,False,A,Qwen/Qwen2.5-7B-Instruct,chat,none,0,0.00012,1.0,0,,,massA=0.000116 massB=1
A_troops_self,38,9,mixed,49,49,153,0.26,0.8118,0,True,B,Qwen/Qwen2.5-7B-Instruct,chat,none,0,0.0737,1.0,0,,,massA=0.926 massB=0.0737
A_troops_self,39,9,mixed,49,49,153,0.26,0.8118,0,False,A,Qwen/Qwen2.5-7B-Instruct,chat,none,0,0.03847,1.0,0,,,massA=0.0385 massB=0.962
A_troops_self,40,10,gain,0,111,278,0.58,1.4526,0,True,B,Qwen/Qwen2.5-7B-Instruct,chat,none,0,0.0024,1.0,0,,,massA=0.998 massB=0.0024
A_troops_self,41,10,gain,0,111,278,0.58,1.4526,0,False,A,Qwen/Qwen2.5-7B-Instruct,chat,none,0,9e-05,1.0,0,,,massA=8.75e-05 massB=1
A_troops_self,42,10,mixed,111,111,278,0.58,1.4526,0,True,B,Qwen/Qwen2.5-7B-Instruct,chat,none,0,0.18713,1.0,0,,,massA=0.813 massB=0.187
A_troops_self,43,10,mixed,111,111,278,0.58,1.4526,0,False,A,Qwen/Qwen2.5-7B-Instruct,chat,none,0,0.62977,1.0,0,,,massA=0.63 massB=0.37
A_troops_self,44,11,gain,0,54,68,0.81,1.02,0,True,B,Qwen/Qwen2.5-7B-Instruct,chat,none,0,0.00232,1.0,0,,,massA=0.998 massB=0.00232
A_troops_self,45,11,gain,0,54,68,0.81,1.02,0,False,A,Qwen/Qwen2.5-7B-Instruct,chat,none,0,9e-05,1.0,0,,,massA=9.03e-05 massB=1
A_troops_self,46,11,mixed,54,54,68,0.81,1.02,0,True,B,Qwen/Qwen2.5-7B-Instruct,chat,none,0,0.1192,1.0,0,,,massA=0.881 massB=0.119
A_troops_self,47,11,mixed,54,54,68,0.81,1.02,0,False,A,Qwen/Qwen2.5-7B-Instruct,chat,none,0,0.5775,1.0,0,,,massA=0.577 massB=0.423
A_troops_self,48,12,gain,0,164,541,0.38,1.2535,0,True,B,Qwen/Qwen2.5-7B-Instruct,chat,none,0,0.00076,1.0,0,,,massA=0.999 massB=0.000755
A_troops_self,49,12,gain,0,164,541,0.38,1.2535,0,False,A,Qwen/Qwen2.5-7B-Instruct,chat,none,0,0.00012,1.0,0,,,massA=0.000116 massB=1
A_troops_self,50,12,mixed,164,164,541,0.38,1.2535,0,True,B,Qwen/Qwen2.5-7B-Instruct,chat,none,0,0.04337,1.0,0,,,massA=0.957 massB=0.0434
A_troops_self,51,12,mixed,164,164,541,0.38,1.2535,0,False,A,Qwen/Qwen2.5-7B-Instruct,chat,none,0,0.02844,1.0,0,,,massA=0.0284 massB=0.972
A_troops_self,52,13,gain,0,72,88,0.64,0.7822,0,True,B,Qwen/Qwen2.5-7B-Instruct,chat,none,0,0.00034,1.0,0,,,massA=1 massB=0.000335
A_troops_self,53,13,gain,0,72,88,0.64,0.7822,0,False,A,Qwen/Qwen2.5-7B-Instruct,chat,none,0,3e-05,1.0,0,,,massA=3.22e-05 massB=1
A_troops_self,54,13,mixed,72,72,88,0.64,0.7822,0,True,B,Qwen/Qwen2.5-7B-Instruct,chat,none,0,0.18713,1.0,0,,,massA=0.813 massB=0.187
A_troops_self,55,13,mixed,72,72,88,0.64,0.7822,0,False,A,Qwen/Qwen2.5-7B-Instruct,chat,none,0,0.16027,1.0,0,,,massA=0.16 massB=0.84
A_troops_self,56,14,gain,0,81,201,0.68,1.6874,0,True,B,Qwen/Qwen2.5-7B-Instruct,chat,none,0,0.00506,1.0,0,,,massA=0.995 massB=0.00506
A_troops_self,57,14,gain,0,81,201,0.68,1.6874,0,False,A,Qwen/Qwen2.5-7B-Instruct,chat,none,0,0.00017,1.0,0,,,massA=0.000169 massB=1
A_troops_self,58,14,mixed,81,81,201,0.68,1.6874,0,True,B,Qwen/Qwen2.5-7B-Instruct,chat,none,0,0.43015,1.0,0,,,massA=0.57 massB=0.43
A_troops_self,59,14,mixed,81,81,201,0.68,1.6874,0,False,A,Qwen/Qwen2.5-7B-Instruct,chat,none,0,0.74909,1.0,0,,,massA=0.749 massB=0.251
A_troops_self,60,15,gain,0,82,113,0.74,1.0198,0,True,B,Qwen/Qwen2.5-7B-Instruct,chat,none,0,0.00629,1.0,0,,,massA=0.994 massB=0.00629
A_troops_self,61,15,gain,0,82,113,0.74,1.0198,0,False,A,Qwen/Qwen2.5-7B-Instruct,chat,none,0,8e-05,1.0,0,,,massA=8.22e-05 massB=1
A_troops_self,62,15,mixed,82,82,113,0.74,1.0198,0,True,B,Qwen/Qwen2.5-7B-Instruct,chat,none,0,0.81287,1.0,0,,,massA=0.187 massB=0.813
A_troops_self,63,15,mixed,82,82,113,0.74,1.0198,0,False,A,Qwen/Qwen2.5-7B-Instruct,chat,none,0,0.36297,1.0,0,,,massA=0.363 massB=0.637
A_troops_self,64,16,gain,0,139,234,0.6,1.0101,0,True,B,Qwen/Qwen2.5-7B-Instruct,chat,none,0,0.00263,1.0,0,,,massA=0.997 massB=0.00263
A_troops_self,65,16,gain,0,139,234,0.6,1.0101,0,False,A,Qwen/Qwen2.5-7B-Instruct,chat,none,0,5e-05,1.0,0,,,massA=4.99e-05 massB=1
A_troops_self,66,16,mixed,139,139,234,0.6,1.0101,0,True,B,Qwen/Qwen2.5-7B-Instruct,chat,none,0,0.01799,1.0,0,,,massA=0.982 massB=0.018
A_troops_self,67,16,mixed,139,139,234,0.6,1.0101,0,False,A,Qwen/Qwen2.5-7B-Instruct,chat,none,0,0.08756,1.0,0,,,massA=0.0876 massB=0.912
A_troops_self,68,17,gain,0,117,362,0.42,1.2995,0,True,B,Qwen/Qwen2.5-7B-Instruct,chat,none,0,0.00065,1.0,0,,,massA=0.999 massB=0.000646
A_troops_self,69,17,gain,0,117,362,0.42,1.2995,0,False,A,Qwen/Qwen2.5-7B-Instruct,chat,none,0,0.00016,1.0,0,,,massA=0.000158 massB=1
A_troops_self,70,17,mixed,117,117,362,0.42,1.2995,0,True,B,Qwen/Qwen2.5-7B-Instruct,chat,none,0,0.07159,1.0,0,,,massA=0.928 massB=0.0716
A_troops_self,71,17,mixed,117,117,362,0.42,1.2995,0,False,A,Qwen/Qwen2.5-7B-Instruct,chat,none,0,0.06755,1.0,0,,,massA=0.0675 massB=0.932
A_troops_self,72,18,gain,0,41,61,0.58,0.8629,0,True,B,Qwen/Qwen2.5-7B-Instruct,chat,none,0,0.00094,1.0,0,,,massA=0.999 massB=0.00094
A_troops_self,73,18,gain,0,41,61,0.58,0.8629,0,False,A,Qwen/Qwen2.5-7B-Instruct,chat,none,0,9e-05,1.0,0,,,massA=9.03e-05 massB=1
A_troops_self,74,18,mixed,41,41,61,0.58,0.8629,0,True,B,Qwen/Qwen2.5-7B-Instruct,chat,none,0,0.02369,1.0,0,,,massA=0.976 massB=0.0237
A_troops_self,75,18,mixed,41,41,61,0.58,0.8629,0,False,A,Qwen/Qwen2.5-7B-Instruct,chat,none,0,0.32767,1.0,0,,,massA=0.328 massB=0.672
A_troops_self,76,19,gain,0,64,122,0.49,0.9341,0,True,B,Qwen/Qwen2.5-7B-Instruct,chat,none,0,0.00088,1.0,0,,,massA=0.999 massB=0.000883
A_troops_self,77,19,gain,0,64,122,0.49,0.9341,0,False,A,Qwen/Qwen2.5-7B-Instruct,chat,none,0,4e-05,1.0,0,,,massA=4.26e-05 massB=1
A_troops_self,78,19,mixed,64,64,122,0.49,0.9341,0,True,B,Qwen/Qwen2.5-7B-Instruct,chat,none,0,0.51562,1.0,0,,,massA=0.484 massB=0.516
A_troops_self,79,19,mixed,64,64,122,0.49,0.9341,0,False,A,Qwen/Qwen2.5-7B-Instruct,chat,none,0,0.08036,1.0,0,,,massA=0.0804 massB=0.92
A_troops_self,80,20,gain,0,186,266,0.63,0.901,0,True,B,Qwen/Qwen2.5-7B-Instruct,chat,none,0,0.00317,1.0,0,,,massA=0.997 massB=0.00317
A_troops_self,81,20,gain,0,186,266,0.63,0.901,0,False,A,Qwen/Qwen2.5-7B-Instruct,chat,none,0,7e-05,1.0,0,,,massA=6.81e-05 massB=1
A_troops_self,82,20,mixed,186,186,266,0.63,0.901,0,True,B,Qwen/Qwen2.5-7B-Instruct,chat,none,0,0.36297,1.0,0,,,massA=0.637 massB=0.363
A_troops_self,83,20,mixed,186,186,266,0.63,0.901,0,False,A,Qwen/Qwen2.5-7B-Instruct,chat,none,0,0.24509,1.0,0,,,massA=0.245 massB=0.755
A_troops_self,84,21,gain,0,106,206,0.73,1.4187,0,True,B,Qwen/Qwen2.5-7B-Instruct,chat,none,0,0.02162,1.0,0,,,massA=0.978 massB=0.0216
A_troops_self,85,21,gain,0,106,206,0.73,1.4187,0,False,A,Qwen/Qwen2.5-7B-Instruct,chat,none,0,0.0002,1.0,0,,,massA=0.000203 massB=1
A_troops_self,86,21,mixed,106,106,206,0.73,1.4187,0,True,B,Qwen/Qwen2.5-7B-Instruct,chat,none,0,0.99958,1.0,0,,,massA=0.000417 massB=1
A_troops_self,87,21,mixed,106,106,206,0.73,1.4187,0,False,A,Qwen/Qwen2.5-7B-Instruct,chat,none,0,0.99887,1.0,0,,,massA=0.999 massB=0.00113
A_troops_self,88,22,gain,0,81,163,0.72,1.4489,0,True,B,Qwen/Qwen2.5-7B-Instruct,chat,none,0,0.00538,1.0,0,,,massA=0.995 massB=0.00538
A_troops_self,89,22,gain,0,81,163,0.72,1.4489,0,False,A,Qwen/Qwen2.5-7B-Instruct,chat,none,0,0.00011,1.0,0,,,massA=0.000112 massB=1
A_troops_self,90,22,mixed,81,81,163,0.72,1.4489,0,True,B,Qwen/Qwen2.5-7B-Instruct,chat,none,0,0.65135,1.0,0,,,massA=0.349 massB=0.651
A_troops_self,91,22,mixed,81,81,163,0.72,1.4489,0,False,A,Qwen/Qwen2.5-7B-Instruct,chat,none,0,0.92841,1.0,0,,,massA=0.928 massB=0.0716
A_troops_self,92,23,gain,0,91,626,0.23,1.5822,0,True,B,Qwen/Qwen2.5-7B-Instruct,chat,none,0,0.0005,1.0,0,,,massA=0.999 massB=0.000503
A_troops_self,93,23,gain,0,91,626,0.23,1.5822,0,False,A,Qwen/Qwen2.5-7B-Instruct,chat,none,0,5e-05,1.0,0,,,massA=5.14e-05 massB=1
A_troops_self,94,23,mixed,91,91,626,0.23,1.5822,0,True,B,Qwen/Qwen2.5-7B-Instruct,chat,none,0,0.00573,1.0,0,,,massA=0.994 massB=0.00573
A_troops_self,95,23,mixed,91,91,626,0.23,1.5822,0,False,A,Qwen/Qwen2.5-7B-Instruct,chat,none,0,0.00806,1.0,0,,,massA=0.00806 massB=0.992
A_troops_self,96,24,gain,0,168,214,0.76,0.9681,0,True,B,Qwen/Qwen2.5-7B-Instruct,chat,none,0,0.01205,1.0,0,,,massA=0.988 massB=0.0121
A_troops_self,97,24,gain,0,168,214,0.76,0.9681,0,False,A,Qwen/Qwen2.5-7B-Instruct,chat,none,0,0.00015,1.0,0,,,massA=0.000149 massB=1
A_troops_self,98,24,mixed,168,168,214,0.76,0.9681,0,True,B,Qwen/Qwen2.5-7B-Instruct,chat,none,0,0.96378,1.0,0,,,massA=0.0362 massB=0.964
A_troops_self,99,24,mixed,168,168,214,0.76,0.9681,0,False,A,Qwen/Qwen2.5-7B-Instruct,chat,none,0,0.95397,1.0,0,,,massA=0.954 massB=0.046
A_troops_self,100,25,gain,0,124,207,0.76,1.2687,0,True,B,Qwen/Qwen2.5-7B-Instruct,chat,none,0,0.02369,1.0,0,,,massA=0.976 massB=0.0237
A_troops_self,101,25,gain,0,124,207,0.76,1.2687,0,False,A,Qwen/Qwen2.5-7B-Instruct,chat,none,0,0.00022,1.0,0,,,massA=0.000223 massB=1
A_troops_self,102,25,mixed,124,124,207,0.76,1.2687,0,True,B,Qwen/Qwen2.5-7B-Instruct,chat,none,0,0.99194,1.0,0,,,massA=0.00806 massB=0.992
A_troops_self,103,25,mixed,124,124,207,0.76,1.2687,0,False,A,Qwen/Qwen2.5-7B-Instruct,chat,none,0,0.98757,1.0,0,,,massA=0.988 massB=0.0124
A_troops_self,104,26,gain,0,59,151,0.36,0.9214,0,True,B,Qwen/Qwen2.5-7B-Instruct,chat,none,0,0.00317,1.0,0,,,massA=0.997 massB=0.00317
A_troops_self,105,26,gain,0,59,151,0.36,0.9214,0,False,A,Qwen/Qwen2.5-7B-Instruct,chat,none,0,6e-05,1.0,0,,,massA=6.4e-05 massB=1
A_troops_self,106,26,mixed,59,59,151,0.36,0.9214,0,True,B,Qwen/Qwen2.5-7B-Instruct,chat,none,0,0.07159,1.0,0,,,massA=0.928 massB=0.0716
A_troops_self,107,26,mixed,59,59,151,0.36,0.9214,0,False,A,Qwen/Qwen2.5-7B-Instruct,chat,none,0,0.03021,1.0,0,,,massA=0.0302 massB=0.97
A_troops_self,108,27,gain,0,166,433,0.53,1.3825,0,True,B,Qwen/Qwen2.5-7B-Instruct,chat,none,0,0.00137,1.0,0,,,massA=0.999 massB=0.00137
A_troops_self,109,27,gain,0,166,433,0.53,1.3825,0,False,A,Qwen/Qwen2.5-7B-Instruct,chat,none,0,0.00018,1.0,0,,,massA=0.00018 massB=1
A_troops_self,110,27,mixed,166,166,433,0.53,1.3825,0,True,B,Qwen/Qwen2.5-7B-Instruct,chat,none,0,0.08036,1.0,0,,,massA=0.92 massB=0.0804
A_troops_self,111,27,mixed,166,166,433,0.53,1.3825,0,False,A,Qwen/Qwen2.5-7B-Instruct,chat,none,0,0.05501,1.0,0,,,massA=0.055 massB=0.945
A_troops_self,112,28,gain,0,132,181,0.76,1.0421,0,True,B,Qwen/Qwen2.5-7B-Instruct,chat,none,0,0.01033,1.0,0,,,massA=0.99 massB=0.0103
A_troops_self,113,28,gain,0,132,181,0.76,1.0421,0,False,A,Qwen/Qwen2.5-7B-Instruct,chat,none,0,4e-05,1.0,0,,,massA=4.01e-05 massB=1
A_troops_self,114,28,mixed,132,132,181,0.76,1.0421,0,True,B,Qwen/Qwen2.5-7B-Instruct,chat,none,0,0.60766,1.0,0,,,massA=0.392 massB=0.608
A_troops_self,115,28,mixed,132,132,181,0.76,1.0421,0,False,A,Qwen/Qwen2.5-7B-Instruct,chat,none,0,0.5775,1.0,0,,,massA=0.577 massB=0.423
A_troops_self,116,29,gain,0,79,81,0.83,0.851,0,True,B,Qwen/Qwen2.5-7B-Instruct,chat,none,0,0.0015,1.0,0,,,massA=0.998 massB=0.0015
A_troops_self,117,29,gain,0,79,81,0.83,0.851,0,False,A,Qwen/Qwen2.5-7B-Instruct,chat,none,0,7e-05,1.0,0,,,massA=7.25e-05 massB=1
A_troops_self,118,29,mixed,79,79,81,0.83,0.851,0,True,B,Qwen/Qwen2.5-7B-Instruct,chat,none,0,0.04209,1.0,0,,,massA=0.958 massB=0.0421
A_troops_self,119,29,mixed,79,79,81,0.83,0.851,0,False,A,Qwen/Qwen2.5-7B-Instruct,chat,none,0,0.55447,1.0,0,,,massA=0.554 massB=0.446
A_troops_self,120,30,gain,0,149,447,0.26,0.78,0,True,B,Qwen/Qwen2.5-7B-Instruct,chat,none,0,0.00061,1.0,0,,,massA=0.999 massB=0.000607
A_troops_self,121,30,gain,0,149,447,0.26,0.78,0,False,A,Qwen/Qwen2.5-7B-Instruct,chat,none,0,6e-05,1.0,0,,,massA=6.21e-05 massB=1
A_troops_self,122,30,mixed,149,149,447,0.26,0.78,0,True,B,Qwen/Qwen2.5-7B-Instruct,chat,none,0,0.03021,1.0,0,,,massA=0.97 massB=0.0302
A_troops_self,123,30,mixed,149,149,447,0.26,0.78,0,False,A,Qwen/Qwen2.5-7B-Instruct,chat,none,0,0.02162,1.0,0,,,massA=0.0216 massB=0.978
A_troops_self,124,31,gain,0,51,151,0.29,0.8586,0,True,B,Qwen/Qwen2.5-7B-Instruct,chat,none,0,0.00094,1.0,0,,,massA=0.999 massB=0.00094
A_troops_self,125,31,gain,0,51,151,0.29,0.8586,0,False,A,Qwen/Qwen2.5-7B-Instruct,chat,none,0,7e-05,1.0,0,,,massA=6.61e-05 massB=1
A_troops_self,126,31,mixed,51,51,151,0.29,0.8586,0,True,B,Qwen/Qwen2.5-7B-Instruct,chat,none,0,0.07586,1.0,0,,,massA=0.924 massB=0.0759
A_troops_self,127,31,mixed,51,51,151,0.29,0.8586,0,False,A,Qwen/Qwen2.5-7B-Instruct,chat,none,0,0.06755,1.0,0,,,massA=0.0675 massB=0.932
A_troops_self,128,32,gain,0,131,236,0.57,1.0269,0,True,B,Qwen/Qwen2.5-7B-Instruct,chat,none,0,0.00348,1.0,0,,,massA=0.997 massB=0.00348
A_troops_self,129,32,gain,0,131,236,0.57,1.0269,0,False,A,Qwen/Qwen2.5-7B-Instruct,chat,none,0,7e-05,1.0,0,,,massA=6.81e-05 massB=1
A_troops_self,130,32,mixed,131,131,236,0.57,1.0269,0,True,B,Qwen/Qwen2.5-7B-Instruct,chat,none,0,0.0851,1.0,0,,,massA=0.915 massB=0.0851
A_troops_self,131,32,mixed,131,131,236,0.57,1.0269,0,False,A,Qwen/Qwen2.5-7B-Instruct,chat,none,0,0.52342,1.0,0,,,massA=0.523 massB=0.477
A_troops_self,132,33,gain,0,142,446,0.53,1.6646,0,True,B,Qwen/Qwen2.5-7B-Instruct,chat,none,0,0.00247,1.0,0,,,massA=0.998 massB=0.00247
A_troops_self,133,33,gain,0,142,446,0.53,1.6646,0,False,A,Qwen/Qwen2.5-7B-Instruct,chat,none,0,0.00011,1.0,0,,,massA=0.000112 massB=1
A_troops_self,134,33,mixed,142,142,446,0.53,1.6646,0,True,B,Qwen/Qwen2.5-7B-Instruct,chat,none,0,0.13296,1.0,0,,,massA=0.867 massB=0.133
A_troops_self,135,33,mixed,142,142,446,0.53,1.6646,0,False,A,Qwen/Qwen2.5-7B-Instruct,chat,none,0,0.8872,1.0,0,,,massA=0.887 massB=0.113
A_troops_self,136,34,gain,0,52,96,0.63,1.1631,0,True,B,Qwen/Qwen2.5-7B-Instruct,chat,none,0,0.00255,1.0,0,,,massA=0.997 massB=0.00255
A_troops_self,137,34,gain,0,52,96,0.63,1.1631,0,False,A,Qwen/Qwen2.5-7B-Instruct,chat,none,0,0.00012,1.0,0,,,massA=0.000116 massB=1
A_troops_self,138,34,mixed,52,52,96,0.63,1.1631,0,True,B,Qwen/Qwen2.5-7B-Instruct,chat,none,0,0.12252,1.0,0,,,massA=0.877 massB=0.123
A_troops_self,139,34,mixed,52,52,96,0.63,1.1631,0,False,A,Qwen/Qwen2.5-7B-Instruct,chat,none,0,0.46102,1.0,0,,,massA=0.461 massB=0.539
A_troops_self,140,35,gain,0,91,133,0.68,0.9938,0,True,B,Qwen/Qwen2.5-7B-Instruct,chat,none,0,0.0145,1.0,0,,,massA=0.985 massB=0.0145
A_troops_self,141,35,gain,0,91,133,0.68,0.9938,0,False,A,Qwen/Qwen2.5-7B-Instruct,chat,none,0,3e-05,1.0,0,,,massA=2.51e-05 massB=1
A_troops_self,142,35,mixed,91,91,133,0.68,0.9938,0,True,B,Qwen/Qwen2.5-7B-Instruct,chat,none,0,0.00476,1.0,0,,,massA=0.995 massB=0.00476
A_troops_self,143,35,mixed,91,91,133,0.68,0.9938,0,False,A,Qwen/Qwen2.5-7B-Instruct,chat,none,0,0.07808,1.0,0,,,massA=0.0781 massB=0.922
A_troops_self,144,36,gain,0,98,227,0.47,1.0887,0,True,B,Qwen/Qwen2.5-7B-Instruct,chat,none,0,0.00555,1.0,0,,,massA=0.994 massB=0.00555
A_troops_self,145,36,gain,0,98,227,0.47,1.0887,0,False,A,Qwen/Qwen2.5-7B-Instruct,chat,none,0,6e-05,1.0,0,,,massA=5.65e-05 massB=1
A_troops_self,146,36,mixed,98,98,227,0.47,1.0887,0,True,B,Qwen/Qwen2.5-7B-Instruct,chat,none,0,0.01591,1.0,0,,,massA=0.984 massB=0.0159
A_troops_self,147,36,mixed,98,98,227,0.47,1.0887,0,False,A,Qwen/Qwen2.5-7B-Instruct,chat,none,0,0.09269,1.0,0,,,massA=0.0927 massB=0.907
A_troops_self,148,37,gain,0,151,252,0.68,1.1348,0,True,B,Qwen/Qwen2.5-7B-Instruct,chat,none,0,0.00832,1.0,0,,,massA=0.992 massB=0.00832
A_troops_self,149,37,gain,0,151,252,0.68,1.1348,0,False,A,Qwen/Qwen2.5-7B-Instruct,chat,none,0,8e-05,1.0,0,,,massA=7.97e-05 massB=1
A_troops_self,150,37,mixed,151,151,252,0.68,1.1348,0,True,B,Qwen/Qwen2.5-7B-Instruct,chat,none,0,0.23935,1.0,0,,,massA=0.761 massB=0.239
A_troops_self,151,37,mixed,151,151,252,0.68,1.1348,0,False,A,Qwen/Qwen2.5-7B-Instruct,chat,none,0,0.98088,1.0,0,,,massA=0.981 massB=0.0191
A_troops_self,152,38,gain,0,183,609,0.38,1.2646,0,True,B,Qwen/Qwen2.5-7B-Instruct,chat,none,0,0.00069,1.0,0,,,massA=0.999 massB=0.000688
A_troops_self,153,38,gain,0,183,609,0.38,1.2646,0,False,A,Qwen/Qwen2.5-7B-Instruct,chat,none,0,0.0001,1.0,0,,,massA=0.000102 massB=1
A_troops_self,154,38,mixed,183,183,609,0.38,1.2646,0,True,B,Qwen/Qwen2.5-7B-Instruct,chat,none,0,0.04603,1.0,0,,,massA=0.954 massB=0.046
A_troops_self,155,38,mixed,183,183,609,0.38,1.2646,0,False,A,Qwen/Qwen2.5-7B-Instruct,chat,none,0,0.06755,1.0,0,,,massA=0.0675 massB=0.932
A_troops_self,156,39,gain,0,178,567,0.32,1.0193,0,True,B,Qwen/Qwen2.5-7B-Instruct,chat,none,0,0.00121,1.0,0,,,massA=0.999 massB=0.00121
A_troops_self,157,39,gain,0,178,567,0.32,1.0193,0,False,A,Qwen/Qwen2.5-7B-Instruct,chat,none,0,8e-05,1.0,0,,,massA=7.72e-05 massB=1
A_troops_self,158,39,mixed,178,178,567,0.32,1.0193,0,True,B,Qwen/Qwen2.5-7B-Instruct,chat,none,0,0.01364,1.0,0,,,massA=0.986 massB=0.0136
A_troops_self,159,39,mixed,178,178,567,0.32,1.0193,0,False,A,Qwen/Qwen2.5-7B-Instruct,chat,none,0,0.01033,1.0,0,,,massA=0.0103 massB=0.99
A_troops_self,160,0,dominant,0,186,240,1.0,1.2903,0,True,B,Qwen/Qwen2.5-7B-Instruct,chat,none,0,0.99982,1.0,0,,,massA=0.00018 massB=1
A_troops_self,161,0,dominant,0,186,240,1.0,1.2903,0,False,A,Qwen/Qwen2.5-7B-Instruct,chat,none,0,0.99863,1.0,0,,,massA=0.999 massB=0.00137
A_troops_self,162,1,dominant,0,58,72,1.0,1.2414,0,True,B,Qwen/Qwen2.5-7B-Instruct,chat,none,0,0.99986,1.0,0,,,massA=0.000136 massB=1
A_troops_self,163,1,dominant,0,58,72,1.0,1.2414,0,False,A,Qwen/Qwen2.5-7B-Instruct,chat,none,0,0.99941,1.0,0,,,massA=0.999 massB=0.000588
A_troops_self,164,2,dominant,0,162,174,1.0,1.0741,0,True,B,Qwen/Qwen2.5-7B-Instruct,chat,none,0,0.99683,1.0,0,,,massA=0.00317 massB=0.997
A_troops_self,165,2,dominant,0,162,174,1.0,1.0741,0,False,A,Qwen/Qwen2.5-7B-Instruct,chat,none,0,0.99989,1.0,0,,,massA=1 massB=0.000106
A_troops_self,166,3,dominant,0,46,58,1.0,1.2609,0,True,B,Qwen/Qwen2.5-7B-Instruct,chat,none,0,0.99807,1.0,0,,,massA=0.00193 massB=0.998
A_troops_self,167,3,dominant,0,46,58,1.0,1.2609,0,False,A,Qwen/Qwen2.5-7B-Instruct,chat,none,0,0.99782,1.0,0,,,massA=0.998 massB=0.00218
A_troops_self,168,4,dominant,0,29,56,1.0,1.931,0,True,B,Qwen/Qwen2.5-7B-Instruct,chat,none,0,0.99997,1.0,0,,,massA=2.51e-05 massB=1
A_troops_self,169,4,dominant,0,29,56,1.0,1.931,0,False,A,Qwen/Qwen2.5-7B-Instruct,chat,none,0,0.99753,1.0,0,,,massA=0.998 massB=0.00247
A_troops_self,170,5,dominant,0,162,206,1.0,1.2716,0,True,B,Qwen/Qwen2.5-7B-Instruct,chat,none,0,0.99933,1.0,0,,,massA=0.000667 massB=0.999
A_troops_self,171,5,dominant,0,162,206,1.0,1.2716,0,False,A,Qwen/Qwen2.5-7B-Instruct,chat,none,0,0.9989,1.0,0,,,massA=0.999 massB=0.0011
A_troops_self,172,6,dominant,0,94,128,1.0,1.3617,0,True,B,Qwen/Qwen2.5-7B-Instruct,chat,none,0,0.99997,1.0,0,,,massA=2.59e-05 massB=1
A_troops_self,173,6,dominant,0,94,128,1.0,1.3617,0,False,A,Qwen/Qwen2.5-7B-Instruct,chat,none,0,0.99494,1.0,0,,,massA=0.995 massB=0.00506
A_troops_self,174,7,dominant,0,63,81,1.0,1.2857,0,True,B,Qwen/Qwen2.5-7B-Instruct,chat,none,0,0.99991,1.0,0,,,massA=8.75e-05 massB=1
A_troops_self,175,7,dominant,0,63,81,1.0,1.2857,0,False,A,Qwen/Qwen2.5-7B-Instruct,chat,none,0,0.99943,1.0,0,,,massA=0.999 massB=0.00057
A_troops_self,176,8,dominant,0,62,121,1.0,1.9516,0,True,B,Qwen/Qwen2.5-7B-Instruct,chat,none,0,0.99999,1.0,0,,,massA=7.3e-06 massB=1
A_troops_self,177,8,dominant,0,62,121,1.0,1.9516,0,False,A,Qwen/Qwen2.5-7B-Instruct,chat,none,0,0.99509,1.0,0,,,massA=0.995 massB=0.00491
A_troops_self,178,9,dominant,0,49,82,1.0,1.6735,0,True,B,Qwen/Qwen2.5-7B-Instruct,chat,none,0,0.99997,1.0,0,,,massA=2.98e-05 massB=1
A_troops_self,179,9,dominant,0,49,82,1.0,1.6735,0,False,A,Qwen/Qwen2.5-7B-Instruct,chat,none,0,0.99819,1.0,0,,,massA=0.998 massB=0.00181
A_troops_advise,0,0,gain,0,186,984,0.26,1.3755,0,True,B,Qwen/Qwen2.5-7B-Instruct,chat,none,0,0.00591,1.0,0,,,massA=0.994 massB=0.00591
A_troops_advise,1,0,gain,0,186,984,0.26,1.3755,0,False,A,Qwen/Qwen2.5-7B-Instruct,chat,none,0,4e-05,1.0,0,,,massA=3.54e-05 massB=1
A_troops_advise,2,0,mixed,186,186,984,0.26,1.3755,0,True,B,Qwen/Qwen2.5-7B-Instruct,chat,none,0,0.31405,1.0,0,,,massA=0.686 massB=0.314
A_troops_advise,3,0,mixed,186,186,984,0.26,1.3755,0,False,A,Qwen/Qwen2.5-7B-Instruct,chat,none,0,0.0061,1.0,0,,,massA=0.0061 massB=0.994
A_troops_advise,4,1,gain,0,58,116,0.66,1.32,0,True,B,Qwen/Qwen2.5-7B-Instruct,chat,none,0,0.14415,1.0,0,,,massA=0.856 massB=0.144
A_troops_advise,5,1,gain,0,58,116,0.66,1.32,0,False,A,Qwen/Qwen2.5-7B-Instruct,chat,none,0,3e-05,1.0,0,,,massA=2.93e-05 massB=1
A_troops_advise,6,1,mixed,58,58,116,0.66,1.32,0,True,B,Qwen/Qwen2.5-7B-Instruct,chat,none,0,0.2227,1.0,0,,,massA=0.777 massB=0.223
A_troops_advise,7,1,mixed,58,58,116,0.66,1.32,0,False,A,Qwen/Qwen2.5-7B-Instruct,chat,none,0,0.21734,1.0,0,,,massA=0.217 massB=0.783
A_troops_advise,8,2,gain,0,162,661,0.26,1.0609,0,True,B,Qwen/Qwen2.5-7B-Instruct,chat,none,0,0.00629,1.0,0,,,massA=0.994 massB=0.00629
A_troops_advise,9,2,gain,0,162,661,0.26,1.0609,0,False,A,Qwen/Qwen2.5-7B-Instruct,chat,none,0,2e-05,1.0,0,,,massA=2.21e-05 massB=1
A_troops_advise,10,2,mixed,162,162,661,0.26,1.0609,0,True,B,Qwen/Qwen2.5-7B-Instruct,chat,none,0,0.20689,1.0,0,,,massA=0.793 massB=0.207
A_troops_advise,11,2,mixed,162,162,661,0.26,1.0609,0,False,A,Qwen/Qwen2.5-7B-Instruct,chat,none,0,0.00271,1.0,0,,,massA=0.00271 massB=0.997
A_troops_advise,12,3,gain,0,46,158,0.33,1.1335,0,True,B,Qwen/Qwen2.5-7B-Instruct,chat,none,0,0.00141,1.0,0,,,massA=0.999 massB=0.00141
A_troops_advise,13,3,gain,0,46,158,0.33,1.1335,0,False,A,Qwen/Qwen2.5-7B-Instruct,chat,none,0,2e-05,1.0,0,,,massA=1.62e-05 massB=1
A_troops_advise,14,3,mixed,46,46,158,0.33,1.1335,0,True,B,Qwen/Qwen2.5-7B-Instruct,chat,none,0,0.14415,1.0,0,,,massA=0.856 massB=0.144
A_troops_advise,15,3,mixed,46,46,158,0.33,1.1335,0,False,A,Qwen/Qwen2.5-7B-Instruct,chat,none,0,0.00433,1.0,0,,,massA=0.00433 massB=0.996
A_troops_advise,16,4,gain,0,29,71,0.55,1.3466,0,True,B,Qwen/Qwen2.5-7B-Instruct,chat,none,0,0.00199,1.0,0,,,massA=0.998 massB=0.00199
A_troops_advise,17,4,gain,0,29,71,0.55,1.3466,0,False,A,Qwen/Qwen2.5-7B-Instruct,chat,none,0,4e-05,1.0,0,,,massA=3.54e-05 massB=1
A_troops_advise,18,4,mixed,29,29,71,0.55,1.3466,0,True,B,Qwen/Qwen2.5-7B-Instruct,chat,none,0,0.82671,1.0,0,,,massA=0.173 massB=0.827
A_troops_advise,19,4,mixed,29,29,71,0.55,1.3466,0,False,A,Qwen/Qwen2.5-7B-Instruct,chat,none,0,0.16886,1.0,0,,,massA=0.169 massB=0.831
A_troops_advise,20,5,gain,0,162,381,0.46,1.0819,0,True,B,Qwen/Qwen2.5-7B-Instruct,chat,none,0,0.00359,1.0,0,,,massA=0.996 massB=0.00359
A_troops_advise,21,5,gain,0,162,381,0.46,1.0819,0,False,A,Qwen/Qwen2.5-7B-Instruct,chat,none,0,1e-05,1.0,0,,,massA=1.43e-05 massB=1
A_troops_advise,22,5,mixed,162,162,381,0.46,1.0819,0,True,B,Qwen/Qwen2.5-7B-Instruct,chat,none,0,0.4149,1.0,0,,,massA=0.585 massB=0.415
A_troops_advise,23,5,mixed,162,162,381,0.46,1.0819,0,False,A,Qwen/Qwen2.5-7B-Instruct,chat,none,0,0.00832,1.0,0,,,massA=0.00832 massB=0.992
A_troops_advise,24,6,gain,0,94,101,0.71,0.7629,0,True,B,Qwen/Qwen2.5-7B-Instruct,chat,none,0,0.00669,1.0,0,,,massA=0.993 massB=0.00669
A_troops_advise,25,6,gain,0,94,101,0.71,0.7629,0,False,A,Qwen/Qwen2.5-7B-Instruct,chat,none,0,1e-05,1.0,0,,,massA=1.26e-05 massB=1
A_troops_advise,26,6,mixed,94,94,101,0.71,0.7629,0,True,B,Qwen/Qwen2.5-7B-Instruct,chat,none,0,0.93991,1.0,0,,,massA=0.0601 massB=0.94
A_troops_advise,27,6,mixed,94,94,101,0.71,0.7629,0,False,A,Qwen/Qwen2.5-7B-Instruct,chat,none,0,0.08756,1.0,0,,,massA=0.0876 massB=0.912
A_troops_advise,28,7,gain,0,63,98,0.64,0.9956,0,True,B,Qwen/Qwen2.5-7B-Instruct,chat,none,0,0.02931,1.0,0,,,massA=0.971 massB=0.0293
A_troops_advise,29,7,gain,0,63,98,0.64,0.9956,0,False,A,Qwen/Qwen2.5-7B-Instruct,chat,none,0,1e-05,1.0,0,,,massA=1.26e-05 massB=1
A_troops_advise,30,7,mixed,63,63,98,0.64,0.9956,0,True,B,Qwen/Qwen2.5-7B-Instruct,chat,none,0,0.80807,1.0,0,,,massA=0.192 massB=0.808
A_troops_advise,31,7,mixed,63,63,98,0.64,0.9956,0,False,A,Qwen/Qwen2.5-7B-Instruct,chat,none,0,0.33459,1.0,0,,,massA=0.335 massB=0.665
A_troops_advise,32,8,gain,0,62,263,0.33,1.3998,0,True,B,Qwen/Qwen2.5-7B-Instruct,chat,none,0,0.0016,1.0,0,,,massA=0.998 massB=0.0016
A_troops_advise,33,8,gain,0,62,263,0.33,1.3998,0,False,A,Qwen/Qwen2.5-7B-Instruct,chat,none,0,1e-05,1.0,0,,,massA=8.66e-06 massB=1
A_troops_advise,34,8,mixed,62,62,263,0.33,1.3998,0,True,B,Qwen/Qwen2.5-7B-Instruct,chat,none,0,0.19683,1.0,0,,,massA=0.803 massB=0.197
A_troops_advise,35,8,mixed,62,62,263,0.33,1.3998,0,False,A,Qwen/Qwen2.5-7B-Instruct,chat,none,0,0.00941,1.0,0,,,massA=0.00941 massB=0.991
A_troops_advise,36,9,gain,0,49,153,0.26,0.8118,0,True,B,Qwen/Qwen2.5-7B-Instruct,chat,none,0,0.00712,1.0,0,,,massA=0.993 massB=0.00712
A_troops_advise,37,9,gain,0,49,153,0.26,0.8118,0,False,A,Qwen/Qwen2.5-7B-Instruct,chat,none,0,2e-05,1.0,0,,,massA=1.78e-05 massB=1
A_troops_advise,38,9,mixed,49,49,153,0.26,0.8118,0,True,B,Qwen/Qwen2.5-7B-Instruct,chat,none,0,0.33459,1.0,0,,,massA=0.665 massB=0.335
A_troops_advise,39,9,mixed,49,49,153,0.26,0.8118,0,False,A,Qwen/Qwen2.5-7B-Instruct,chat,none,0,0.00395,1.0,0,,,massA=0.00395 massB=0.996
A_troops_advise,40,10,gain,0,111,278,0.58,1.4526,0,True,B,Qwen/Qwen2.5-7B-Instruct,chat,none,0,0.00806,1.0,0,,,massA=0.992 massB=0.00806
A_troops_advise,41,10,gain,0,111,278,0.58,1.4526,0,False,A,Qwen/Qwen2.5-7B-Instruct,chat,none,0,2e-05,1.0,0,,,massA=1.72e-05 massB=1
A_troops_advise,42,10,mixed,111,111,278,0.58,1.4526,0,True,B,Qwen/Qwen2.5-7B-Instruct,chat,none,0,0.78793,1.0,0,,,massA=0.212 massB=0.788
A_troops_advise,43,10,mixed,111,111,278,0.58,1.4526,0,False,A,Qwen/Qwen2.5-7B-Instruct,chat,none,0,0.03733,1.0,0,,,massA=0.0373 massB=0.963
A_troops_advise,44,11,gain,0,54,68,0.81,1.02,0,True,B,Qwen/Qwen2.5-7B-Instruct,chat,none,0,0.02442,1.0,0,,,massA=0.976 massB=0.0244
A_troops_advise,45,11,gain,0,54,68,0.81,1.02,0,False,A,Qwen/Qwen2.5-7B-Instruct,chat,none,0,4e-05,1.0,0,,,massA=4.13e-05 massB=1
A_troops_advise,46,11,mixed,54,54,68,0.81,1.02,0,True,B,Qwen/Qwen2.5-7B-Instruct,chat,none,0,0.85195,1.0,0,,,massA=0.148 massB=0.852
A_troops_advise,47,11,mixed,54,54,68,0.81,1.02,0,False,A,Qwen/Qwen2.5-7B-Instruct,chat,none,0,0.14415,1.0,0,,,massA=0.144 massB=0.856
A_troops_advise,48,12,gain,0,164,541,0.38,1.2535,0,True,B,Qwen/Qwen2.5-7B-Instruct,chat,none,0,0.00538,1.0,0,,,massA=0.995 massB=0.00538
A_troops_advise,49,12,gain,0,164,541,0.38,1.2535,0,False,A,Qwen/Qwen2.5-7B-Instruct,chat,none,0,2e-05,1.0,0,,,massA=1.52e-05 massB=1
A_troops_advise,50,12,mixed,164,164,541,0.38,1.2535,0,True,B,Qwen/Qwen2.5-7B-Instruct,chat,none,0,0.34865,1.0,0,,,massA=0.651 massB=0.349
A_troops_advise,51,12,mixed,164,164,541,0.38,1.2535,0,False,A,Qwen/Qwen2.5-7B-Instruct,chat,none,0,0.00476,1.0,0,,,massA=0.00476 massB=0.995
A_troops_advise,52,13,gain,0,72,88,0.64,0.7822,0,True,B,Qwen/Qwen2.5-7B-Instruct,chat,none,0,0.00327,1.0,0,,,massA=0.997 massB=0.00327
A_troops_advise,53,13,gain,0,72,88,0.64,0.7822,0,False,A,Qwen/Qwen2.5-7B-Instruct,chat,none,0,1e-05,1.0,0,,,massA=5.34e-06 massB=1
A_troops_advise,54,13,mixed,72,72,88,0.64,0.7822,0,True,B,Qwen/Qwen2.5-7B-Instruct,chat,none,0,0.89029,1.0,0,,,massA=0.11 massB=0.89
A_troops_advise,55,13,mixed,72,72,88,0.64,0.7822,0,False,A,Qwen/Qwen2.5-7B-Instruct,chat,none,0,0.02369,1.0,0,,,massA=0.0237 massB=0.976
A_troops_advise,56,14,gain,0,81,201,0.68,1.6874,0,True,B,Qwen/Qwen2.5-7B-Instruct,chat,none,0,0.03964,1.0,0,,,massA=0.96 massB=0.0396
A_troops_advise,57,14,gain,0,81,201,0.68,1.6874,0,False,A,Qwen/Qwen2.5-7B-Instruct,chat,none,0,3e-05,1.0,0,,,massA=3.22e-05 massB=1
A_troops_advise,58,14,mixed,81,81,201,0.68,1.6874,0,True,B,Qwen/Qwen2.5-7B-Instruct,chat,none,0,0.97631,1.0,0,,,massA=0.0237 massB=0.976
A_troops_advise,59,14,mixed,81,81,201,0.68,1.6874,0,False,A,Qwen/Qwen2.5-7B-Instruct,chat,none,0,0.13661,1.0,0,,,massA=0.137 massB=0.863
A_troops_advise,60,15,gain,0,82,113,0.74,1.0198,0,True,B,Qwen/Qwen2.5-7B-Instruct,chat,none,0,0.17781,1.0,0,,,massA=0.822 massB=0.178
A_troops_advise,61,15,gain,0,82,113,0.74,1.0198,0,False,A,Qwen/Qwen2.5-7B-Instruct,chat,none,0,2e-05,1.0,0,,,massA=2.36e-05 massB=1
A_troops_advise,62,15,mixed,82,82,113,0.74,1.0198,0,True,B,Qwen/Qwen2.5-7B-Instruct,chat,none,0,0.98967,1.0,0,,,massA=0.0103 massB=0.99
A_troops_advise,63,15,mixed,82,82,113,0.74,1.0198,0,False,A,Qwen/Qwen2.5-7B-Instruct,chat,none,0,0.14805,1.0,0,,,massA=0.148 massB=0.852
A_troops_advise,64,16,gain,0,139,234,0.6,1.0101,0,True,B,Qwen/Qwen2.5-7B-Instruct,chat,none,0,0.0164,1.0,0,,,massA=0.984 massB=0.0164
A_troops_advise,65,16,gain,0,139,234,0.6,1.0101,0,False,A,Qwen/Qwen2.5-7B-Instruct,chat,none,0,1e-05,1.0,0,,,massA=8.66e-06 massB=1
A_troops_advise,66,16,mixed,139,139,234,0.6,1.0101,0,True,B,Qwen/Qwen2.5-7B-Instruct,chat,none,0,0.66541,1.0,0,,,massA=0.335 massB=0.665
A_troops_advise,67,16,mixed,139,139,234,0.6,1.0101,0,False,A,Qwen/Qwen2.5-7B-Instruct,chat,none,0,0.01205,1.0,0,,,massA=0.0121 massB=0.988
A_troops_advise,68,17,gain,0,117,362,0.42,1.2995,0,True,B,Qwen/Qwen2.5-7B-Instruct,chat,none,0,0.0015,1.0,0,,,massA=0.998 massB=0.0015
A_troops_advise,69,17,gain,0,117,362,0.42,1.2995,0,False,A,Qwen/Qwen2.5-7B-Instruct,chat,none,0,2e-05,1.0,0,,,massA=2.08e-05 massB=1
A_troops_advise,70,17,mixed,117,117,362,0.42,1.2995,0,True,B,Qwen/Qwen2.5-7B-Instruct,chat,none,0,0.68595,1.0,0,,,massA=0.314 massB=0.686
A_troops_advise,71,17,mixed,117,117,362,0.42,1.2995,0,False,A,Qwen/Qwen2.5-7B-Instruct,chat,none,0,0.00573,1.0,0,,,massA=0.00573 massB=0.994
A_troops_advise,72,18,gain,0,41,61,0.58,0.8629,0,True,B,Qwen/Qwen2.5-7B-Instruct,chat,none,0,0.00317,1.0,0,,,massA=0.997 massB=0.00317
A_troops_advise,73,18,gain,0,41,61,0.58,0.8629,0,False,A,Qwen/Qwen2.5-7B-Instruct,chat,none,0,2e-05,1.0,0,,,massA=1.62e-05 massB=1
A_troops_advise,74,18,mixed,41,41,61,0.58,0.8629,0,True,B,Qwen/Qwen2.5-7B-Instruct,chat,none,0,0.39981,1.0,0,,,massA=0.6 massB=0.4
A_troops_advise,75,18,mixed,41,41,61,0.58,0.8629,0,False,A,Qwen/Qwen2.5-7B-Instruct,chat,none,0,0.02759,1.0,0,,,massA=0.0276 massB=0.972
A_troops_advise,76,19,gain,0,64,122,0.49,0.9341,0,True,B,Qwen/Qwen2.5-7B-Instruct,chat,none,0,0.00407,1.0,0,,,massA=0.996 massB=0.00407
A_troops_advise,77,19,gain,0,64,122,0.49,0.9341,0,False,A,Qwen/Qwen2.5-7B-Instruct,chat,none,0,1e-05,1.0,0,,,massA=5.42e-06 massB=1
A_troops_advise,78,19,mixed,64,64,122,0.49,0.9341,0,True,B,Qwen/Qwen2.5-7B-Instruct,chat,none,0,0.94499,1.0,0,,,massA=0.055 massB=0.945
A_troops_advise,79,19,mixed,64,64,122,0.49,0.9341,0,False,A,Qwen/Qwen2.5-7B-Instruct,chat,none,0,0.00433,1.0,0,,,massA=0.00433 massB=0.996
A_troops_advise,80,20,gain,0,186,266,0.63,0.901,0,True,B,Qwen/Qwen2.5-7B-Instruct,chat,none,0,0.01912,1.0,0,,,massA=0.981 massB=0.0191
A_troops_advise,81,20,gain,0,186,266,0.63,0.901,0,False,A,Qwen/Qwen2.5-7B-Instruct,chat,none,0,2e-05,1.0,0,,,massA=1.89e-05 massB=1
A_troops_advise,82,20,mixed,186,186,266,0.63,0.901,0,True,B,Qwen/Qwen2.5-7B-Instruct,chat,none,0,0.97558,1.0,0,,,massA=0.0244 massB=0.976
A_troops_advise,83,20,mixed,186,186,266,0.63,0.901,0,False,A,Qwen/Qwen2.5-7B-Instruct,chat,none,0,0.03964,1.0,0,,,massA=0.0396 massB=0.96
A_troops_advise,84,21,gain,0,106,206,0.73,1.4187,0,True,B,Qwen/Qwen2.5-7B-Instruct,chat,none,0,0.1294,1.0,0,,,massA=0.871 massB=0.129
A_troops_advise,85,21,gain,0,106,206,0.73,1.4187,0,False,A,Qwen/Qwen2.5-7B-Instruct,chat,none,0,7e-05,1.0,0,,,massA=6.61e-05 massB=1
A_troops_advise,86,21,mixed,106,106,206,0.73,1.4187,0,True,B,Qwen/Qwen2.5-7B-Instruct,chat,none,0,0.9998,1.0,0,,,massA=0.000203 massB=1
A_troops_advise,87,21,mixed,106,106,206,0.73,1.4187,0,False,A,Qwen/Qwen2.5-7B-Instruct,chat,none,0,0.83973,1.0,0,,,massA=0.84 massB=0.16
A_troops_advise,88,22,gain,0,81,163,0.72,1.4489,0,True,B,Qwen/Qwen2.5-7B-Instruct,chat,none,0,0.03622,1.0,0,,,massA=0.964 massB=0.0362
A_troops_advise,89,22,gain,0,81,163,0.72,1.4489,0,False,A,Qwen/Qwen2.5-7B-Instruct,chat,none,0,3e-05,1.0,0,,,massA=3.22e-05 massB=1
A_troops_advise,90,22,mixed,81,81,163,0.72,1.4489,0,True,B,Qwen/Qwen2.5-7B-Instruct,chat,none,0,0.9855,1.0,0,,,massA=0.0145 massB=0.985
A_troops_advise,91,22,mixed,81,81,163,0.72,1.4489,0,False,A,Qwen/Qwen2.5-7B-Instruct,chat,none,0,0.69925,1.0,0,,,massA=0.699 massB=0.301
A_troops_advise,92,23,gain,0,91,626,0.23,1.5822,0,True,B,Qwen/Qwen2.5-7B-Instruct,chat,none,0,0.0016,1.0,0,,,massA=0.998 massB=0.0016
A_troops_advise,93,23,gain,0,91,626,0.23,1.5822,0,False,A,Qwen/Qwen2.5-7B-Instruct,chat,none,0,1e-05,1.0,0,,,massA=9.82e-06 massB=1
A_troops_advise,94,23,mixed,91,91,626,0.23,1.5822,0,True,B,Qwen/Qwen2.5-7B-Instruct,chat,none,0,0.06371,1.0,0,,,massA=0.936 massB=0.0637
A_troops_advise,95,23,mixed,91,91,626,0.23,1.5822,0,False,A,Qwen/Qwen2.5-7B-Instruct,chat,none,0,0.00247,1.0,0,,,massA=0.00247 massB=0.998
A_troops_advise,96,24,gain,0,168,214,0.76,0.9681,0,True,B,Qwen/Qwen2.5-7B-Instruct,chat,none,0,0.1294,1.0,0,,,massA=0.871 massB=0.129
A_troops_advise,97,24,gain,0,168,214,0.76,0.9681,0,False,A,Qwen/Qwen2.5-7B-Instruct,chat,none,0,6e-05,1.0,0,,,massA=6.21e-05 massB=1
A_troops_advise,98,24,mixed,168,168,214,0.76,0.9681,0,True,B,Qwen/Qwen2.5-7B-Instruct,chat,none,0,0.99835,1.0,0,,,massA=0.00165 massB=0.998
A_troops_advise,99,24,mixed,168,168,214,0.76,0.9681,0,False,A,Qwen/Qwen2.5-7B-Instruct,chat,none,0,0.76629,1.0,0,,,massA=0.766 massB=0.234
A_troops_advise,100,25,gain,0,124,207,0.76,1.2687,0,True,B,Qwen/Qwen2.5-7B-Instruct,chat,none,0,0.0656,1.0,0,,,massA=0.934 massB=0.0656
A_troops_advise,101,25,gain,0,124,207,0.76,1.2687,0,False,A,Qwen/Qwen2.5-7B-Instruct,chat,none,0,6e-05,1.0,0,,,massA=5.65e-05 massB=1
A_troops_advise,102,25,mixed,124,124,207,0.76,1.2687,0,True,B,Qwen/Qwen2.5-7B-Instruct,chat,none,0,0.99729,1.0,0,,,massA=0.00271 massB=0.997
A_troops_advise,103,25,mixed,124,124,207,0.76,1.2687,0,False,A,Qwen/Qwen2.5-7B-Instruct,chat,none,0,0.67918,1.0,0,,,massA=0.679 massB=0.321
A_troops_advise,104,26,gain,0,59,151,0.36,0.9214,0,True,B,Qwen/Qwen2.5-7B-Instruct,chat,none,0,0.00806,1.0,0,,,massA=0.992 massB=0.00806
A_troops_advise,105,26,gain,0,59,151,0.36,0.9214,0,False,A,Qwen/Qwen2.5-7B-Instruct,chat,none,0,1e-05,1.0,0,,,massA=1.34e-05 massB=1
A_troops_advise,106,26,mixed,59,59,151,0.36,0.9214,0,True,B,Qwen/Qwen2.5-7B-Instruct,chat,none,0,0.48438,1.0,0,,,massA=0.516 massB=0.484
A_troops_advise,107,26,mixed,59,59,151,0.36,0.9214,0,False,A,Qwen/Qwen2.5-7B-Instruct,chat,none,0,0.00538,1.0,0,,,massA=0.00538 massB=0.995
A_troops_advise,108,27,gain,0,166,433,0.53,1.3825,0,True,B,Qwen/Qwen2.5-7B-Instruct,chat,none,0,0.0069,1.0,0,,,massA=0.993 massB=0.0069
A_troops_advise,109,27,gain,0,166,433,0.53,1.3825,0,False,A,Qwen/Qwen2.5-7B-Instruct,chat,none,0,2e-05,1.0,0,,,massA=2.28e-05 massB=1
A_troops_advise,110,27,mixed,166,166,433,0.53,1.3825,0,True,B,Qwen/Qwen2.5-7B-Instruct,chat,none,0,0.65842,1.0,0,,,massA=0.342 massB=0.658
A_troops_advise,111,27,mixed,166,166,433,0.53,1.3825,0,False,A,Qwen/Qwen2.5-7B-Instruct,chat,none,0,0.00806,1.0,0,,,massA=0.00806 massB=0.992
A_troops_advise,112,28,gain,0,132,181,0.76,1.0421,0,True,B,Qwen/Qwen2.5-7B-Instruct,chat,none,0,0.0737,1.0,0,,,massA=0.926 massB=0.0737
A_troops_advise,113,28,gain,0,132,181,0.76,1.0421,0,False,A,Qwen/Qwen2.5-7B-Instruct,chat,none,0,2e-05,1.0,0,,,massA=1.89e-05 massB=1
A_troops_advise,114,28,mixed,132,132,181,0.76,1.0421,0,True,B,Qwen/Qwen2.5-7B-Instruct,chat,none,0,0.99029,1.0,0,,,massA=0.00971 massB=0.99
A_troops_advise,115,28,mixed,132,132,181,0.76,1.0421,0,False,A,Qwen/Qwen2.5-7B-Instruct,chat,none,0,0.22816,1.0,0,,,massA=0.228 massB=0.772
A_troops_advise,116,29,gain,0,79,81,0.83,0.851,0,True,B,Qwen/Qwen2.5-7B-Instruct,chat,none,0,0.00555,1.0,0,,,massA=0.994 massB=0.00555
A_troops_advise,117,29,gain,0,79,81,0.83,0.851,0,False,A,Qwen/Qwen2.5-7B-Instruct,chat,none,0,4e-05,1.0,0,,,massA=4.4e-05 massB=1
A_troops_advise,118,29,mixed,79,79,81,0.83,0.851,0,True,B,Qwen/Qwen2.5-7B-Instruct,chat,none,0,0.77184,1.0,0,,,massA=0.228 massB=0.772
A_troops_advise,119,29,mixed,79,79,81,0.83,0.851,0,False,A,Qwen/Qwen2.5-7B-Instruct,chat,none,0,0.16027,1.0,0,,,massA=0.16 massB=0.84
A_troops_advise,120,30,gain,0,149,447,0.26,0.78,0,True,B,Qwen/Qwen2.5-7B-Instruct,chat,none,0,0.00289,1.0,0,,,massA=0.997 massB=0.00289
A_troops_advise,121,30,gain,0,149,447,0.26,0.78,0,False,A,Qwen/Qwen2.5-7B-Instruct,chat,none,0,1e-05,1.0,0,,,massA=1.47e-05 massB=1
A_troops_advise,122,30,mixed,149,149,447,0.26,0.78,0,True,B,Qwen/Qwen2.5-7B-Instruct,chat,none,0,0.23935,1.0,0,,,massA=0.761 massB=0.239
A_troops_advise,123,30,mixed,149,149,447,0.26,0.78,0,False,A,Qwen/Qwen2.5-7B-Instruct,chat,none,0,0.00317,1.0,0,,,massA=0.00317 massB=0.997
A_troops_advise,124,31,gain,0,51,151,0.29,0.8586,0,True,B,Qwen/Qwen2.5-7B-Instruct,chat,none,0,0.00338,1.0,0,,,massA=0.997 massB=0.00338
A_troops_advise,125,31,gain,0,51,151,0.29,0.8586,0,False,A,Qwen/Qwen2.5-7B-Instruct,chat,none,0,1e-05,1.0,0,,,massA=1.18e-05 massB=1
A_troops_advise,126,31,mixed,51,51,151,0.29,0.8586,0,True,B,Qwen/Qwen2.5-7B-Instruct,chat,none,0,0.28141,1.0,0,,,massA=0.719 massB=0.281
A_troops_advise,127,31,mixed,51,51,151,0.29,0.8586,0,False,A,Qwen/Qwen2.5-7B-Instruct,chat,none,0,0.00327,1.0,0,,,massA=0.00327 massB=0.997
A_troops_advise,128,32,gain,0,131,236,0.57,1.0269,0,True,B,Qwen/Qwen2.5-7B-Instruct,chat,none,0,0.02369,1.0,0,,,massA=0.976 massB=0.0237
A_troops_advise,129,32,gain,0,131,236,0.57,1.0269,0,False,A,Qwen/Qwen2.5-7B-Instruct,chat,none,0,1e-05,1.0,0,,,massA=1.34e-05 massB=1
A_troops_advise,130,32,mixed,131,131,236,0.57,1.0269,0,True,B,Qwen/Qwen2.5-7B-Instruct,chat,none,0,0.73716,1.0,0,,,massA=0.263 massB=0.737
A_troops_advise,131,32,mixed,131,131,236,0.57,1.0269,0,False,A,Qwen/Qwen2.5-7B-Instruct,chat,none,0,0.04743,1.0,0,,,massA=0.0474 massB=0.953
A_troops_advise,132,33,gain,0,142,446,0.53,1.6646,0,True,B,Qwen/Qwen2.5-7B-Instruct,chat,none,0,0.00629,1.0,0,,,massA=0.994 massB=0.00629
A_troops_advise,133,33,gain,0,142,446,0.53,1.6646,0,False,A,Qwen/Qwen2.5-7B-Instruct,chat,none,0,2e-05,1.0,0,,,massA=2.36e-05 massB=1
A_troops_advise,134,33,mixed,142,142,446,0.53,1.6646,0,True,B,Qwen/Qwen2.5-7B-Instruct,chat,none,0,0.71859,1.0,0,,,massA=0.281 massB=0.719
A_troops_advise,135,33,mixed,142,142,446,0.53,1.6646,0,False,A,Qwen/Qwen2.5-7B-Instruct,chat,none,0,0.14805,1.0,0,,,massA=0.148 massB=0.852
A_troops_advise,136,34,gain,0,52,96,0.63,1.1631,0,True,B,Qwen/Qwen2.5-7B-Instruct,chat,none,0,0.00913,1.0,0,,,massA=0.991 massB=0.00913
A_troops_advise,137,34,gain,0,52,96,0.63,1.1631,0,False,A,Qwen/Qwen2.5-7B-Instruct,chat,none,0,2e-05,1.0,0,,,massA=2.08e-05 massB=1
A_troops_advise,138,34,mixed,52,52,96,0.63,1.1631,0,True,B,Qwen/Qwen2.5-7B-Instruct,chat,none,0,0.91964,1.0,0,,,massA=0.0804 massB=0.92
A_troops_advise,139,34,mixed,52,52,96,0.63,1.1631,0,False,A,Qwen/Qwen2.5-7B-Instruct,chat,none,0,0.06371,1.0,0,,,massA=0.0637 massB=0.936
A_troops_advise,140,35,gain,0,91,133,0.68,0.9938,0,True,B,Qwen/Qwen2.5-7B-Instruct,chat,none,0,0.11596,1.0,0,,,massA=0.884 massB=0.116
A_troops_advise,141,35,gain,0,91,133,0.68,0.9938,0,False,A,Qwen/Qwen2.5-7B-Instruct,chat,none,0,1e-05,1.0,0,,,massA=6.54e-06 massB=1
A_troops_advise,142,35,mixed,91,91,133,0.68,0.9938,0,True,B,Qwen/Qwen2.5-7B-Instruct,chat,none,0,0.37754,1.0,0,,,massA=0.622 massB=0.378
A_troops_advise,143,35,mixed,91,91,133,0.68,0.9938,0,False,A,Qwen/Qwen2.5-7B-Instruct,chat,none,0,0.01243,1.0,0,,,massA=0.0124 massB=0.988
A_troops_advise,144,36,gain,0,98,227,0.47,1.0887,0,True,B,Qwen/Qwen2.5-7B-Instruct,chat,none,0,0.00735,1.0,0,,,massA=0.993 massB=0.00735
A_troops_advise,145,36,gain,0,98,227,0.47,1.0887,0,False,A,Qwen/Qwen2.5-7B-Instruct,chat,none,0,1e-05,1.0,0,,,massA=8.14e-06 massB=1
A_troops_advise,146,36,mixed,98,98,227,0.47,1.0887,0,True,B,Qwen/Qwen2.5-7B-Instruct,chat,none,0,0.32082,1.0,0,,,massA=0.679 massB=0.321
A_troops_advise,147,36,mixed,98,98,227,0.47,1.0887,0,False,A,Qwen/Qwen2.5-7B-Instruct,chat,none,0,0.00782,1.0,0,,,massA=0.00782 massB=0.992
A_troops_advise,148,37,gain,0,151,252,0.68,1.1348,0,True,B,Qwen/Qwen2.5-7B-Instruct,chat,none,0,0.06954,1.0,0,,,massA=0.93 massB=0.0695
A_troops_advise,149,37,gain,0,151,252,0.68,1.1348,0,False,A,Qwen/Qwen2.5-7B-Instruct,chat,none,0,2e-05,1.0,0,,,massA=1.83e-05 massB=1
A_troops_advise,150,37,mixed,151,151,252,0.68,1.1348,0,True,B,Qwen/Qwen2.5-7B-Instruct,chat,none,0,0.96153,1.0,0,,,massA=0.0385 massB=0.962
A_troops_advise,151,37,mixed,151,151,252,0.68,1.1348,0,False,A,Qwen/Qwen2.5-7B-Instruct,chat,none,0,0.31405,1.0,0,,,massA=0.314 massB=0.686
A_troops_advise,152,38,gain,0,183,609,0.38,1.2646,0,True,B,Qwen/Qwen2.5-7B-Instruct,chat,none,0,0.00218,1.0,0,,,massA=0.998 massB=0.00218
A_troops_advise,153,38,gain,0,183,609,0.38,1.2646,0,False,A,Qwen/Qwen2.5-7B-Instruct,chat,none,0,2e-05,1.0,0,,,massA=2.43e-05 massB=1
A_troops_advise,154,38,mixed,183,183,609,0.38,1.2646,0,True,B,Qwen/Qwen2.5-7B-Instruct,chat,none,0,0.5,1.0,0,,,massA=0.5 massB=0.5
A_troops_advise,155,38,mixed,183,183,609,0.38,1.2646,0,False,A,Qwen/Qwen2.5-7B-Instruct,chat,none,0,0.00573,1.0,0,,,massA=0.00573 massB=0.994
A_troops_advise,156,39,gain,0,178,567,0.32,1.0193,0,True,B,Qwen/Qwen2.5-7B-Instruct,chat,none,0,0.00359,1.0,0,,,massA=0.996 massB=0.00359
A_troops_advise,157,39,gain,0,178,567,0.32,1.0193,0,False,A,Qwen/Qwen2.5-7B-Instruct,chat,none,0,2e-05,1.0,0,,,massA=2.21e-05 massB=1
A_troops_advise,158,39,mixed,178,178,567,0.32,1.0193,0,True,B,Qwen/Qwen2.5-7B-Instruct,chat,none,0,0.24509,1.0,0,,,massA=0.755 massB=0.245
A_troops_advise,159,39,mixed,178,178,567,0.32,1.0193,0,False,A,Qwen/Qwen2.5-7B-Instruct,chat,none,0,0.00181,1.0,0,,,massA=0.00181 massB=0.998
A_troops_advise,160,0,dominant,0,186,240,1.0,1.2903,0,True,B,Qwen/Qwen2.5-7B-Instruct,chat,none,0,0.99965,1.0,0,,,massA=0.000346 massB=1
A_troops_advise,161,0,dominant,0,186,240,1.0,1.2903,0,False,A,Qwen/Qwen2.5-7B-Instruct,chat,none,0,0.99887,1.0,0,,,massA=0.999 massB=0.00113
A_troops_advise,162,1,dominant,0,58,72,1.0,1.2414,0,True,B,Qwen/Qwen2.5-7B-Instruct,chat,none,0,0.99983,1.0,0,,,massA=0.000169 massB=1
A_troops_advise,163,1,dominant,0,58,72,1.0,1.2414,0,False,A,Qwen/Qwen2.5-7B-Instruct,chat,none,0,0.99975,1.0,0,,,massA=1 massB=0.000253
A_troops_advise,164,2,dominant,0,162,174,1.0,1.0741,0,True,B,Qwen/Qwen2.5-7B-Instruct,chat,none,0,0.99652,1.0,0,,,massA=0.00348 massB=0.997
A_troops_advise,165,2,dominant,0,162,174,1.0,1.0741,0,False,A,Qwen/Qwen2.5-7B-Instruct,chat,none,0,0.99992,1.0,0,,,massA=1 massB=7.97e-05
A_troops_advise,166,3,dominant,0,46,58,1.0,1.2609,0,True,B,Qwen/Qwen2.5-7B-Instruct,chat,none,0,0.99801,1.0,0,,,massA=0.00199 massB=0.998
A_troops_advise,167,3,dominant,0,46,58,1.0,1.2609,0,False,A,Qwen/Qwen2.5-7B-Instruct,chat,none,0,0.99894,1.0,0,,,massA=0.999 massB=0.00106
A_troops_advise,168,4,dominant,0,29,56,1.0,1.931,0,True,B,Qwen/Qwen2.5-7B-Instruct,chat,none,0,0.9999,1.0,0,,,massA=9.76e-05 massB=1
A_troops_advise,169,4,dominant,0,29,56,1.0,1.931,0,False,A,Qwen/Qwen2.5-7B-Instruct,chat,none,0,0.99782,1.0,0,,,massA=0.998 massB=0.00218
A_troops_advise,170,5,dominant,0,162,206,1.0,1.2716,0,True,B,Qwen/Qwen2.5-7B-Instruct,chat,none,0,0.99883,1.0,0,,,massA=0.00117 massB=0.999
A_troops_advise,171,5,dominant,0,162,206,1.0,1.2716,0,False,A,Qwen/Qwen2.5-7B-Instruct,chat,none,0,0.99845,1.0,0,,,massA=0.998 massB=0.00155
A_troops_advise,172,6,dominant,0,94,128,1.0,1.3617,0,True,B,Qwen/Qwen2.5-7B-Instruct,chat,none,0,0.99992,1.0,0,,,massA=7.97e-05 massB=1
A_troops_advise,173,6,dominant,0,94,128,1.0,1.3617,0,False,A,Qwen/Qwen2.5-7B-Instruct,chat,none,0,0.99218,1.0,0,,,massA=0.992 massB=0.00782
A_troops_advise,174,7,dominant,0,63,81,1.0,1.2857,0,True,B,Qwen/Qwen2.5-7B-Instruct,chat,none,0,0.99968,1.0,0,,,massA=0.000315 massB=1
A_troops_advise,175,7,dominant,0,63,81,1.0,1.2857,0,False,A,Qwen/Qwen2.5-7B-Instruct,chat,none,0,0.99859,1.0,0,,,massA=0.999 massB=0.00141
A_troops_advise,176,8,dominant,0,62,121,1.0,1.9516,0,True,B,Qwen/Qwen2.5-7B-Instruct,chat,none,0,0.99999,1.0,0,,,massA=1.38e-05 massB=1
A_troops_advise,177,8,dominant,0,62,121,1.0,1.9516,0,False,A,Qwen/Qwen2.5-7B-Instruct,chat,none,0,0.99863,1.0,0,,,massA=0.999 massB=0.00137
A_troops_advise,178,9,dominant,0,49,82,1.0,1.6735,0,True,B,Qwen/Qwen2.5-7B-Instruct,chat,none,0,0.9999,1.0,0,,,massA=9.92e-05 massB=1
A_troops_advise,179,9,dominant,0,49,82,1.0,1.6735,0,False,A,Qwen/Qwen2.5-7B-Instruct,chat,none,0,0.98795,1.0,0,,,massA=0.988 massB=0.0121
A_detainees_self,0,0,gain,0,186,984,0.26,1.3755,0,True,B,Qwen/Qwen2.5-7B-Instruct,chat,none,0,0.00359,1.0,0,,,massA=0.996 massB=0.00359
A_detainees_self,1,0,gain,0,186,984,0.26,1.3755,0,False,A,Qwen/Qwen2.5-7B-Instruct,chat,none,0,0.00128,1.0,0,,,massA=0.00128 massB=0.999
A_detainees_self,2,0,mixed,186,186,984,0.26,1.3755,0,True,B,Qwen/Qwen2.5-7B-Instruct,chat,none,0,1e-05,1.0,0,,,massA=1 massB=9.52e-06
A_detainees_self,3,0,mixed,186,186,984,0.26,1.3755,0,False,A,Qwen/Qwen2.5-7B-Instruct,chat,none,0,0.0,1.0,0,,,massA=1.25e-06 massB=1
A_detainees_self,4,1,gain,0,58,116,0.66,1.32,0,True,B,Qwen/Qwen2.5-7B-Instruct,chat,none,0,0.04209,1.0,0,,,massA=0.958 massB=0.0421
A_detainees_self,5,1,gain,0,58,116,0.66,1.32,0,False,A,Qwen/Qwen2.5-7B-Instruct,chat,none,0,0.02759,1.0,0,,,massA=0.0276 massB=0.972
A_detainees_self,6,1,mixed,58,58,116,0.66,1.32,0,True,B,Qwen/Qwen2.5-7B-Instruct,chat,none,0,1e-05,1.0,0,,,massA=1 massB=1.15e-05
A_detainees_self,7,1,mixed,58,58,116,0.66,1.32,0,False,A,Qwen/Qwen2.5-7B-Instruct,chat,none,0,0.0,1.0,0,,,massA=2.48e-06 massB=1
A_detainees_self,8,2,gain,0,162,661,0.26,1.0609,0,True,B,Qwen/Qwen2.5-7B-Instruct,chat,none,0,0.00117,1.0,0,,,massA=0.999 massB=0.00117
A_detainees_self,9,2,gain,0,162,661,0.26,1.0609,0,False,A,Qwen/Qwen2.5-7B-Instruct,chat,none,0,0.00124,1.0,0,,,massA=0.00124 massB=0.999
A_detainees_self,10,2,mixed,162,162,661,0.26,1.0609,0,True,B,Qwen/Qwen2.5-7B-Instruct,chat,none,0,1e-05,1.0,0,,,massA=1 massB=1.43e-05
A_detainees_self,11,2,mixed,162,162,661,0.26,1.0609,0,False,A,Qwen/Qwen2.5-7B-Instruct,chat,none,0,0.0,1.0,0,,,massA=1.41e-06 massB=1
A_detainees_self,12,3,gain,0,46,158,0.33,1.1335,0,True,B,Qwen/Qwen2.5-7B-Instruct,chat,none,0,0.00199,1.0,0,,,massA=0.998 massB=0.00199
A_detainees_self,13,3,gain,0,46,158,0.33,1.1335,0,False,A,Qwen/Qwen2.5-7B-Instruct,chat,none,0,0.00071,1.0,0,,,massA=0.00071 massB=0.999
A_detainees_self,14,3,mixed,46,46,158,0.33,1.1335,0,True,B,Qwen/Qwen2.5-7B-Instruct,chat,none,0,1e-05,1.0,0,,,massA=1 massB=1.11e-05
A_detainees_self,15,3,mixed,46,46,158,0.33,1.1335,0,False,A,Qwen/Qwen2.5-7B-Instruct,chat,none,0,0.0,1.0,0,,,massA=9.72e-07 massB=1
A_detainees_self,16,4,gain,0,29,71,0.55,1.3466,0,True,B,Qwen/Qwen2.5-7B-Instruct,chat,none,0,0.02518,1.0,0,,,massA=0.975 massB=0.0252
A_detainees_self,17,4,gain,0,29,71,0.55,1.3466,0,False,A,Qwen/Qwen2.5-7B-Instruct,chat,none,0,0.04085,1.0,0,,,massA=0.0408 massB=0.959
A_detainees_self,18,4,mixed,29,29,71,0.55,1.3466,0,True,B,Qwen/Qwen2.5-7B-Instruct,chat,none,0,0.00042,1.0,0,,,massA=1 massB=0.000417
A_detainees_self,19,4,mixed,29,29,71,0.55,1.3466,0,False,A,Qwen/Qwen2.5-7B-Instruct,chat,none,0,0.0,1.0,0,,,massA=3.61e-06 massB=1
A_detainees_self,20,5,gain,0,162,381,0.46,1.0819,0,True,B,Qwen/Qwen2.5-7B-Instruct,chat,none,0,0.00124,1.0,0,,,massA=0.999 massB=0.00124
A_detainees_self,21,5,gain,0,162,381,0.46,1.0819,0,False,A,Qwen/Qwen2.5-7B-Instruct,chat,none,0,0.00395,1.0,0,,,massA=0.00395 massB=0.996
A_detainees_self,22,5,mixed,162,162,381,0.46,1.0819,0,True,B,Qwen/Qwen2.5-7B-Instruct,chat,none,0,6e-05,1.0,0,,,massA=1 massB=5.83e-05
A_detainees_self,23,5,mixed,162,162,381,0.46,1.0819,0,False,A,Qwen/Qwen2.5-7B-Instruct,chat,none,0,0.0,1.0,0,,,massA=1e-06 massB=1
A_detainees_self,24,6,gain,0,94,101,0.71,0.7629,0,True,B,Qwen/Qwen2.5-7B-Instruct,chat,none,0,0.02162,1.0,0,,,massA=0.978 massB=0.0216
A_detainees_self,25,6,gain,0,94,101,0.71,0.7629,0,False,A,Qwen/Qwen2.5-7B-Instruct,chat,none,0,0.00522,1.0,0,,,massA=0.00522 massB=0.995
A_detainees_self,26,6,mixed,94,94,101,0.71,0.7629,0,True,B,Qwen/Qwen2.5-7B-Instruct,chat,none,0,6e-05,1.0,0,,,massA=1 massB=5.65e-05
A_detainees_self,27,6,mixed,94,94,101,0.71,0.7629,0,False,A,Qwen/Qwen2.5-7B-Instruct,chat,none,0,0.0,1.0,0,,,massA=1.51e-06 massB=1
A_detainees_self,28,7,gain,0,63,98,0.64,0.9956,0,True,B,Qwen/Qwen2.5-7B-Instruct,chat,none,0,0.01205,1.0,0,,,massA=0.988 massB=0.0121
A_detainees_self,29,7,gain,0,63,98,0.64,0.9956,0,False,A,Qwen/Qwen2.5-7B-Instruct,chat,none,0,0.0164,1.0,0,,,massA=0.0164 massB=0.984
A_detainees_self,30,7,mixed,63,63,98,0.64,0.9956,0,True,B,Qwen/Qwen2.5-7B-Instruct,chat,none,0,0.0002,1.0,0,,,massA=1 massB=0.000203
A_detainees_self,31,7,mixed,63,63,98,0.64,0.9956,0,False,A,Qwen/Qwen2.5-7B-Instruct,chat,none,0,1e-05,1.0,0,,,massA=6.96e-06 massB=1
A_detainees_self,32,8,gain,0,62,263,0.33,1.3998,0,True,B,Qwen/Qwen2.5-7B-Instruct,chat,none,0,0.00371,1.0,0,,,massA=0.996 massB=0.00371
A_detainees_self,33,8,gain,0,62,263,0.33,1.3998,0,False,A,Qwen/Qwen2.5-7B-Instruct,chat,none,0,0.00097,1.0,0,,,massA=0.00097 massB=0.999
A_detainees_self,34,8,mixed,62,62,263,0.33,1.3998,0,True,B,Qwen/Qwen2.5-7B-Instruct,chat,none,0,2e-05,1.0,0,,,massA=1 massB=2.14e-05
A_detainees_self,35,8,mixed,62,62,263,0.33,1.3998,0,False,A,Qwen/Qwen2.5-7B-Instruct,chat,none,0,0.0,1.0,0,,,massA=2.06e-06 massB=1
A_detainees_self,36,9,gain,0,49,153,0.26,0.8118,0,True,B,Qwen/Qwen2.5-7B-Instruct,chat,none,0,0.01169,1.0,0,,,massA=0.988 massB=0.0117
A_detainees_self,37,9,gain,0,49,153,0.26,0.8118,0,False,A,Qwen/Qwen2.5-7B-Instruct,chat,none,0,0.00086,1.0,0,,,massA=0.000856 massB=0.999
A_detainees_self,38,9,mixed,49,49,153,0.26,0.8118,0,True,B,Qwen/Qwen2.5-7B-Instruct,chat,none,0,2e-05,1.0,0,,,massA=1 massB=2.14e-05
A_detainees_self,39,9,mixed,49,49,153,0.26,0.8118,0,False,A,Qwen/Qwen2.5-7B-Instruct,chat,none,0,0.0,1.0,0,,,massA=2.26e-06 massB=1
A_detainees_self,40,10,gain,0,111,278,0.58,1.4526,0,True,B,Qwen/Qwen2.5-7B-Instruct,chat,none,0,0.00712,1.0,0,,,massA=0.993 massB=0.00712
A_detainees_self,41,10,gain,0,111,278,0.58,1.4526,0,False,A,Qwen/Qwen2.5-7B-Instruct,chat,none,0,0.01205,1.0,0,,,massA=0.0121 massB=0.988
A_detainees_self,42,10,mixed,111,111,278,0.58,1.4526,0,True,B,Qwen/Qwen2.5-7B-Instruct,chat,none,0,0.00016,1.0,0,,,massA=1 massB=0.000163
A_detainees_self,43,10,mixed,111,111,278,0.58,1.4526,0,False,A,Qwen/Qwen2.5-7B-Instruct,chat,none,0,0.0,1.0,0,,,massA=4.09e-06 massB=1
A_detainees_self,44,11,gain,0,54,68,0.81,1.02,0,True,B,Qwen/Qwen2.5-7B-Instruct,chat,none,0,0.19193,1.0,0,,,massA=0.808 massB=0.192
A_detainees_self,45,11,gain,0,54,68,0.81,1.02,0,False,A,Qwen/Qwen2.5-7B-Instruct,chat,none,0,0.09269,1.0,0,,,massA=0.0927 massB=0.907
A_detainees_self,46,11,mixed,54,54,68,0.81,1.02,0,True,B,Qwen/Qwen2.5-7B-Instruct,chat,none,0,0.01065,1.0,0,,,massA=0.989 massB=0.0107
A_detainees_self,47,11,mixed,54,54,68,0.81,1.02,0,False,A,Qwen/Qwen2.5-7B-Instruct,chat,none,0,0.0,1.0,0,,,massA=2.48e-06 massB=1
A_detainees_self,48,12,gain,0,164,541,0.38,1.2535,0,True,B,Qwen/Qwen2.5-7B-Instruct,chat,none,0,0.00071,1.0,0,,,massA=0.999 massB=0.00071
A_detainees_self,49,12,gain,0,164,541,0.38,1.2535,0,False,A,Qwen/Qwen2.5-7B-Instruct,chat,none,0,0.00205,1.0,0,,,massA=0.00205 massB=0.998
A_detainees_self,50,12,mixed,164,164,541,0.38,1.2535,0,True,B,Qwen/Qwen2.5-7B-Instruct,chat,none,0,2e-05,1.0,0,,,massA=1 massB=2.36e-05
A_detainees_self,51,12,mixed,164,164,541,0.38,1.2535,0,False,A,Qwen/Qwen2.5-7B-Instruct,chat,none,0,0.0,1.0,0,,,massA=6.48e-07 massB=1
A_detainees_self,52,13,gain,0,72,88,0.64,0.7822,0,True,B,Qwen/Qwen2.5-7B-Instruct,chat,none,0,0.10088,1.0,0,,,massA=0.899 massB=0.101
A_detainees_self,53,13,gain,0,72,88,0.64,0.7822,0,False,A,Qwen/Qwen2.5-7B-Instruct,chat,none,0,0.00629,1.0,0,,,massA=0.00629 massB=0.994
A_detainees_self,54,13,mixed,72,72,88,0.64,0.7822,0,True,B,Qwen/Qwen2.5-7B-Instruct,chat,none,0,5e-05,1.0,0,,,massA=1 massB=4.99e-05
A_detainees_self,55,13,mixed,72,72,88,0.64,0.7822,0,False,A,Qwen/Qwen2.5-7B-Instruct,chat,none,0,0.0,1.0,0,,,massA=1.55e-06 massB=1
A_detainees_self,56,14,gain,0,81,201,0.68,1.6874,0,True,B,Qwen/Qwen2.5-7B-Instruct,chat,none,0,0.05501,1.0,0,,,massA=0.945 massB=0.055
A_detainees_self,57,14,gain,0,81,201,0.68,1.6874,0,False,A,Qwen/Qwen2.5-7B-Instruct,chat,none,0,0.01364,1.0,0,,,massA=0.0136 massB=0.986
A_detainees_self,58,14,mixed,81,81,201,0.68,1.6874,0,True,B,Qwen/Qwen2.5-7B-Instruct,chat,none,0,5e-05,1.0,0,,,massA=1 massB=4.99e-05
A_detainees_self,59,14,mixed,81,81,201,0.68,1.6874,0,False,A,Qwen/Qwen2.5-7B-Instruct,chat,none,0,0.0,1.0,0,,,massA=1.25e-06 massB=1
A_detainees_self,60,15,gain,0,82,113,0.74,1.0198,0,True,B,Qwen/Qwen2.5-7B-Instruct,chat,none,0,0.06954,1.0,0,,,massA=0.93 massB=0.0695
A_detainees_self,61,15,gain,0,82,113,0.74,1.0198,0,False,A,Qwen/Qwen2.5-7B-Instruct,chat,none,0,0.07808,1.0,0,,,massA=0.0781 massB=0.922
A_detainees_self,62,15,mixed,82,82,113,0.74,1.0198,0,True,B,Qwen/Qwen2.5-7B-Instruct,chat,none,0,0.00012,1.0,0,,,massA=1 massB=0.00012
A_detainees_self,63,15,mixed,82,82,113,0.74,1.0198,0,False,A,Qwen/Qwen2.5-7B-Instruct,chat,none,0,0.0,1.0,0,,,massA=1.71e-06 massB=1
A_detainees_self,64,16,gain,0,139,234,0.6,1.0101,0,True,B,Qwen/Qwen2.5-7B-Instruct,chat,none,0,0.00205,1.0,0,,,massA=0.998 massB=0.00205
A_detainees_self,65,16,gain,0,139,234,0.6,1.0101,0,False,A,Qwen/Qwen2.5-7B-Instruct,chat,none,0,0.03114,1.0,0,,,massA=0.0311 massB=0.969
A_detainees_self,66,16,mixed,139,139,234,0.6,1.0101,0,True,B,Qwen/Qwen2.5-7B-Instruct,chat,none,0,3e-05,1.0,0,,,massA=1 massB=3.32e-05
A_detainees_self,67,16,mixed,139,139,234,0.6,1.0101,0,False,A,Qwen/Qwen2.5-7B-Instruct,chat,none,0,0.0,1.0,0,,,massA=1.93e-06 massB=1
A_detainees_self,68,17,gain,0,117,362,0.42,1.2995,0,True,B,Qwen/Qwen2.5-7B-Instruct,chat,none,0,0.00199,1.0,0,,,massA=0.998 massB=0.00199
A_detainees_self,69,17,gain,0,117,362,0.42,1.2995,0,False,A,Qwen/Qwen2.5-7B-Instruct,chat,none,0,0.00271,1.0,0,,,massA=0.00271 massB=0.997
A_detainees_self,70,17,mixed,117,117,362,0.42,1.2995,0,True,B,Qwen/Qwen2.5-7B-Instruct,chat,none,0,3e-05,1.0,0,,,massA=1 massB=2.59e-05
A_detainees_self,71,17,mixed,117,117,362,0.42,1.2995,0,False,A,Qwen/Qwen2.5-7B-Instruct,chat,none,0,0.0,1.0,0,,,massA=1.29e-06 massB=1
A_detainees_self,72,18,gain,0,41,61,0.58,0.8629,0,True,B,Qwen/Qwen2.5-7B-Instruct,chat,none,0,0.02162,1.0,0,,,massA=0.978 massB=0.0216
A_detainees_self,73,18,gain,0,41,61,0.58,0.8629,0,False,A,Qwen/Qwen2.5-7B-Instruct,chat,none,0,0.03021,1.0,0,,,massA=0.0302 massB=0.97
A_detainees_self,74,18,mixed,41,41,61,0.58,0.8629,0,True,B,Qwen/Qwen2.5-7B-Instruct,chat,none,0,9e-05,1.0,0,,,massA=1 massB=8.75e-05
A_detainees_self,75,18,mixed,41,41,61,0.58,0.8629,0,False,A,Qwen/Qwen2.5-7B-Instruct,chat,none,0,0.0,1.0,0,,,massA=2.73e-06 massB=1
A_detainees_self,76,19,gain,0,64,122,0.49,0.9341,0,True,B,Qwen/Qwen2.5-7B-Instruct,chat,none,0,0.01744,1.0,0,,,massA=0.983 massB=0.0174
A_detainees_self,77,19,gain,0,64,122,0.49,0.9341,0,False,A,Qwen/Qwen2.5-7B-Instruct,chat,none,0,0.00038,1.0,0,,,massA=0.00038 massB=1
A_detainees_self,78,19,mixed,64,64,122,0.49,0.9341,0,True,B,Qwen/Qwen2.5-7B-Instruct,chat,none,0,2e-05,1.0,0,,,massA=1 massB=2.01e-05
A_detainees_self,79,19,mixed,64,64,122,0.49,0.9341,0,False,A,Qwen/Qwen2.5-7B-Instruct,chat,none,0,0.0,1.0,0,,,massA=1.6e-06 massB=1
A_detainees_self,80,20,gain,0,186,266,0.63,0.901,0,True,B,Qwen/Qwen2.5-7B-Instruct,chat,none,0,0.01001,1.0,0,,,massA=0.99 massB=0.01
A_detainees_self,81,20,gain,0,186,266,0.63,0.901,0,False,A,Qwen/Qwen2.5-7B-Instruct,chat,none,0,0.0341,1.0,0,,,massA=0.0341 massB=0.966
A_detainees_self,82,20,mixed,186,186,266,0.63,0.901,0,True,B,Qwen/Qwen2.5-7B-Instruct,chat,none,0,0.00011,1.0,0,,,massA=1 massB=0.000106
A_detainees_self,83,20,mixed,186,186,266,0.63,0.901,0,False,A,Qwen/Qwen2.5-7B-Instruct,chat,none,0,0.0,1.0,0,,,massA=2.41e-06 massB=1
A_detainees_self,84,21,gain,0,106,206,0.73,1.4187,0,True,B,Qwen/Qwen2.5-7B-Instruct,chat,none,0,0.02298,1.0,0,,,massA=0.977 massB=0.023
A_detainees_self,85,21,gain,0,106,206,0.73,1.4187,0,False,A,Qwen/Qwen2.5-7B-Instruct,chat,none,0,0.21207,1.0,0,,,massA=0.212 massB=0.788
A_detainees_self,86,21,mixed,106,106,206,0.73,1.4187,0,True,B,Qwen/Qwen2.5-7B-Instruct,chat,none,0,0.02369,1.0,0,,,massA=0.976 massB=0.0237
A_detainees_self,87,21,mixed,106,106,206,0.73,1.4187,0,False,A,Qwen/Qwen2.5-7B-Instruct,chat,none,0,1e-05,1.0,0,,,massA=1.11e-05 massB=1
A_detainees_self,88,22,gain,0,81,163,0.72,1.4489,0,True,B,Qwen/Qwen2.5-7B-Instruct,chat,none,0,0.14034,1.0,0,,,massA=0.86 massB=0.14
A_detainees_self,89,22,gain,0,81,163,0.72,1.4489,0,False,A,Qwen/Qwen2.5-7B-Instruct,chat,none,0,0.07808,1.0,0,,,massA=0.0781 massB=0.922
A_detainees_self,90,22,mixed,81,81,163,0.72,1.4489,0,True,B,Qwen/Qwen2.5-7B-Instruct,chat,none,0,0.00022,1.0,0,,,massA=1 massB=0.000223
A_detainees_self,91,22,mixed,81,81,163,0.72,1.4489,0,False,A,Qwen/Qwen2.5-7B-Instruct,chat,none,0,0.0,1.0,0,,,massA=2.73e-06 massB=1
A_detainees_self,92,23,gain,0,91,626,0.23,1.5822,0,True,B,Qwen/Qwen2.5-7B-Instruct,chat,none,0,0.01282,1.0,0,,,massA=0.987 massB=0.0128
A_detainees_self,93,23,gain,0,91,626,0.23,1.5822,0,False,A,Qwen/Qwen2.5-7B-Instruct,chat,none,0,0.00044,1.0,0,,,massA=0.000444 massB=1
A_detainees_self,94,23,mixed,91,91,626,0.23,1.5822,0,True,B,Qwen/Qwen2.5-7B-Instruct,chat,none,0,0.0,1.0,0,,,massA=1 massB=3.39e-06
A_detainees_self,95,23,mixed,91,91,626,0.23,1.5822,0,False,A,Qwen/Qwen2.5-7B-Instruct,chat,none,0,0.0,1.0,0,,,massA=5.54e-07 massB=1
A_detainees_self,96,24,gain,0,168,214,0.76,0.9681,0,True,B,Qwen/Qwen2.5-7B-Instruct,chat,none,0,0.02229,1.0,0,,,massA=0.978 massB=0.0223
A_detainees_self,97,24,gain,0,168,214,0.76,0.9681,0,False,A,Qwen/Qwen2.5-7B-Instruct,chat,none,0,0.61509,1.0,0,,,massA=0.615 massB=0.385
A_detainees_self,98,24,mixed,168,168,214,0.76,0.9681,0,True,B,Qwen/Qwen2.5-7B-Instruct,chat,none,0,0.0001,1.0,0,,,massA=1 massB=0.000102
A_detainees_self,99,24,mixed,168,168,214,0.76,0.9681,0,False,A,Qwen/Qwen2.5-7B-Instruct,chat,none,0,0.0,1.0,0,,,massA=2.26e-06 massB=1
A_detainees_self,100,25,gain,0,124,207,0.76,1.2687,0,True,B,Qwen/Qwen2.5-7B-Instruct,chat,none,0,0.06188,1.0,0,,,massA=0.938 massB=0.0619
A_detainees_self,101,25,gain,0,124,207,0.76,1.2687,0,False,A,Qwen/Qwen2.5-7B-Instruct,chat,none,0,0.49219,1.0,0,,,massA=0.492 massB=0.508
A_detainees_self,102,25,mixed,124,124,207,0.76,1.2687,0,True,B,Qwen/Qwen2.5-7B-Instruct,chat,none,0,0.00026,1.0,0,,,massA=1 massB=0.000261
A_detainees_self,103,25,mixed,124,124,207,0.76,1.2687,0,False,A,Qwen/Qwen2.5-7B-Instruct,chat,none,0,1e-05,1.0,0,,,massA=5.77e-06 massB=1
A_detainees_self,104,26,gain,0,59,151,0.36,0.9214,0,True,B,Qwen/Qwen2.5-7B-Instruct,chat,none,0,0.01591,1.0,0,,,massA=0.984 massB=0.0159
A_detainees_self,105,26,gain,0,59,151,0.36,0.9214,0,False,A,Qwen/Qwen2.5-7B-Instruct,chat,none,0,0.00106,1.0,0,,,massA=0.00106 massB=0.999
A_detainees_self,106,26,mixed,59,59,151,0.36,0.9214,0,True,B,Qwen/Qwen2.5-7B-Instruct,chat,none,0,3e-05,1.0,0,,,massA=1 massB=3.43e-05
A_detainees_self,107,26,mixed,59,59,151,0.36,0.9214,0,False,A,Qwen/Qwen2.5-7B-Instruct,chat,none,0,0.0,1.0,0,,,massA=1.29e-06 massB=1
A_detainees_self,108,27,gain,0,166,433,0.53,1.3825,0,True,B,Qwen/Qwen2.5-7B-Instruct,chat,none,0,0.00199,1.0,0,,,massA=0.998 massB=0.00199
A_detainees_self,109,27,gain,0,166,433,0.53,1.3825,0,False,A,Qwen/Qwen2.5-7B-Instruct,chat,none,0,0.01282,1.0,0,,,massA=0.0128 massB=0.987
A_detainees_self,110,27,mixed,166,166,433,0.53,1.3825,0,True,B,Qwen/Qwen2.5-7B-Instruct,chat,none,0,0.00022,1.0,0,,,massA=1 massB=0.000217
A_detainees_self,111,27,mixed,166,166,433,0.53,1.3825,0,False,A,Qwen/Qwen2.5-7B-Instruct,chat,none,0,0.0,1.0,0,,,massA=1.46e-06 massB=1
A_detainees_self,112,28,gain,0,132,181,0.76,1.0421,0,True,B,Qwen/Qwen2.5-7B-Instruct,chat,none,0,0.0028,1.0,0,,,massA=0.997 massB=0.0028
A_detainees_self,113,28,gain,0,132,181,0.76,1.0421,0,False,A,Qwen/Qwen2.5-7B-Instruct,chat,none,0,0.19683,1.0,0,,,massA=0.197 massB=0.803
A_detainees_self,114,28,mixed,132,132,181,0.76,1.0421,0,True,B,Qwen/Qwen2.5-7B-Instruct,chat,none,0,0.00065,1.0,0,,,massA=0.999 massB=0.000646
A_detainees_self,115,28,mixed,132,132,181,0.76,1.0421,0,False,A,Qwen/Qwen2.5-7B-Instruct,chat,none,0,0.0,1.0,0,,,massA=1.93e-06 massB=1
A_detainees_self,116,29,gain,0,79,81,0.83,0.851,0,True,B,Qwen/Qwen2.5-7B-Instruct,chat,none,0,0.24509,1.0,0,,,massA=0.755 massB=0.245
A_detainees_self,117,29,gain,0,79,81,0.83,0.851,0,False,A,Qwen/Qwen2.5-7B-Instruct,chat,none,0,0.14415,1.0,0,,,massA=0.144 massB=0.856
A_detainees_self,118,29,mixed,79,79,81,0.83,0.851,0,True,B,Qwen/Qwen2.5-7B-Instruct,chat,none,0,0.01169,1.0,0,,,massA=0.988 massB=0.0117
A_detainees_self,119,29,mixed,79,79,81,0.83,0.851,0,False,A,Qwen/Qwen2.5-7B-Instruct,chat,none,0,1e-05,1.0,0,,,massA=7.65e-06 massB=1
A_detainees_self,120,30,gain,0,149,447,0.26,0.78,0,True,B,Qwen/Qwen2.5-7B-Instruct,chat,none,0,0.00212,1.0,0,,,massA=0.998 massB=0.00212
A_detainees_self,121,30,gain,0,149,447,0.26,0.78,0,False,A,Qwen/Qwen2.5-7B-Instruct,chat,none,0,0.00076,1.0,0,,,massA=0.000755 massB=0.999
A_detainees_self,122,30,mixed,149,149,447,0.26,0.78,0,True,B,Qwen/Qwen2.5-7B-Instruct,chat,none,0,2e-05,1.0,0,,,massA=1 massB=1.78e-05
A_detainees_self,123,30,mixed,149,149,447,0.26,0.78,0,False,A,Qwen/Qwen2.5-7B-Instruct,chat,none,0,0.0,1.0,0,,,massA=2.56e-06 massB=1
A_detainees_self,124,31,gain,0,51,151,0.29,0.8586,0,True,B,Qwen/Qwen2.5-7B-Instruct,chat,none,0,0.0145,1.0,0,,,massA=0.985 massB=0.0145
A_detainees_self,125,31,gain,0,51,151,0.29,0.8586,0,False,A,Qwen/Qwen2.5-7B-Instruct,chat,none,0,0.00047,1.0,0,,,massA=0.000473 massB=1
A_detainees_self,126,31,mixed,51,51,151,0.29,0.8586,0,True,B,Qwen/Qwen2.5-7B-Instruct,chat,none,0,1e-05,1.0,0,,,massA=1 massB=1.01e-05
A_detainees_self,127,31,mixed,51,51,151,0.29,0.8586,0,False,A,Qwen/Qwen2.5-7B-Instruct,chat,none,0,0.0,1.0,0,,,massA=3.29e-06 massB=1
A_detainees_self,128,32,gain,0,131,236,0.57,1.0269,0,True,B,Qwen/Qwen2.5-7B-Instruct,chat,none,0,0.00225,1.0,0,,,massA=0.998 massB=0.00225
A_detainees_self,129,32,gain,0,131,236,0.57,1.0269,0,False,A,Qwen/Qwen2.5-7B-Instruct,chat,none,0,0.03847,1.0,0,,,massA=0.0385 massB=0.962
A_detainees_self,130,32,mixed,131,131,236,0.57,1.0269,0,True,B,Qwen/Qwen2.5-7B-Instruct,chat,none,0,0.00019,1.0,0,,,massA=1 massB=0.000185
A_detainees_self,131,32,mixed,131,131,236,0.57,1.0269,0,False,A,Qwen/Qwen2.5-7B-Instruct,chat,none,0,0.0,1.0,0,,,massA=3.39e-06 massB=1
A_detainees_self,132,33,gain,0,142,446,0.53,1.6646,0,True,B,Qwen/Qwen2.5-7B-Instruct,chat,none,0,0.00088,1.0,0,,,massA=0.999 massB=0.000883
A_detainees_self,133,33,gain,0,142,446,0.53,1.6646,0,False,A,Qwen/Qwen2.5-7B-Instruct,chat,none,0,0.01169,1.0,0,,,massA=0.0117 massB=0.988
A_detainees_self,134,33,mixed,142,142,446,0.53,1.6646,0,True,B,Qwen/Qwen2.5-7B-Instruct,chat,none,0,0.00033,1.0,0,,,massA=1 massB=0.000325
A_detainees_self,135,33,mixed,142,142,446,0.53,1.6646,0,False,A,Qwen/Qwen2.5-7B-Instruct,chat,none,0,1e-05,1.0,0,,,massA=6.75e-06 massB=1
A_detainees_self,136,34,gain,0,52,96,0.63,1.1631,0,True,B,Qwen/Qwen2.5-7B-Instruct,chat,none,0,0.09009,1.0,0,,,massA=0.91 massB=0.0901
A_detainees_self,137,34,gain,0,52,96,0.63,1.1631,0,False,A,Qwen/Qwen2.5-7B-Instruct,chat,none,0,0.02298,1.0,0,,,massA=0.023 massB=0.977
A_detainees_self,138,34,mixed,52,52,96,0.63,1.1631,0,True,B,Qwen/Qwen2.5-7B-Instruct,chat,none,0,0.00016,1.0,0,,,massA=1 massB=0.000158
A_detainees_self,139,34,mixed,52,52,96,0.63,1.1631,0,False,A,Qwen/Qwen2.5-7B-Instruct,chat,none,0,0.0,1.0,0,,,massA=2.12e-06 massB=1
A_detainees_self,140,35,gain,0,91,133,0.68,0.9938,0,True,B,Qwen/Qwen2.5-7B-Instruct,chat,none,0,0.0341,1.0,0,,,massA=0.966 massB=0.0341
A_detainees_self,141,35,gain,0,91,133,0.68,0.9938,0,False,A,Qwen/Qwen2.5-7B-Instruct,chat,none,0,0.0321,1.0,0,,,massA=0.0321 massB=0.968
A_detainees_self,142,35,mixed,91,91,133,0.68,0.9938,0,True,B,Qwen/Qwen2.5-7B-Instruct,chat,none,0,4e-05,1.0,0,,,massA=1 massB=4.4e-05
A_detainees_self,143,35,mixed,91,91,133,0.68,0.9938,0,False,A,Qwen/Qwen2.5-7B-Instruct,chat,none,0,0.0,1.0,0,,,massA=1.55e-06 massB=1
A_detainees_self,144,36,gain,0,98,227,0.47,1.0887,0,True,B,Qwen/Qwen2.5-7B-Instruct,chat,none,0,0.50781,1.0,0,,,massA=0.492 massB=0.508
A_detainees_self,145,36,gain,0,98,227,0.47,1.0887,0,False,A,Qwen/Qwen2.5-7B-Instruct,chat,none,0,0.00175,1.0,0,,,massA=0.00175 massB=0.998
A_detainees_self,146,36,mixed,98,98,227,0.47,1.0887,0,True,B,Qwen/Qwen2.5-7B-Instruct,chat,none,0,6e-05,1.0,0,,,massA=1 massB=6.01e-05
A_detainees_self,147,36,mixed,98,98,227,0.47,1.0887,0,False,A,Qwen/Qwen2.5-7B-Instruct,chat,none,0,0.0,1.0,0,,,massA=1.37e-06 massB=1
A_detainees_self,148,37,gain,0,151,252,0.68,1.1348,0,True,B,Qwen/Qwen2.5-7B-Instruct,chat,none,0,0.00263,1.0,0,,,massA=0.997 massB=0.00263
A_detainees_self,149,37,gain,0,151,252,0.68,1.1348,0,False,A,Qwen/Qwen2.5-7B-Instruct,chat,none,0,0.04743,1.0,0,,,massA=0.0474 massB=0.953
A_detainees_self,150,37,mixed,151,151,252,0.68,1.1348,0,True,B,Qwen/Qwen2.5-7B-Instruct,chat,none,0,0.00013,1.0,0,,,massA=1 massB=0.000131
A_detainees_self,151,37,mixed,151,151,252,0.68,1.1348,0,False,A,Qwen/Qwen2.5-7B-Instruct,chat,none,0,1e-05,1.0,0,,,massA=7.65e-06 massB=1
A_detainees_self,152,38,gain,0,183,609,0.38,1.2646,0,True,B,Qwen/Qwen2.5-7B-Instruct,chat,none,0,0.00232,1.0,0,,,massA=0.998 massB=0.00232
A_detainees_self,153,38,gain,0,183,609,0.38,1.2646,0,False,A,Qwen/Qwen2.5-7B-Instruct,chat,none,0,0.00225,1.0,0,,,massA=0.00225 massB=0.998
A_detainees_self,154,38,mixed,183,183,609,0.38,1.2646,0,True,B,Qwen/Qwen2.5-7B-Instruct,chat,none,0,3e-05,1.0,0,,,massA=1 massB=3.02e-05
A_detainees_self,155,38,mixed,183,183,609,0.38,1.2646,0,False,A,Qwen/Qwen2.5-7B-Instruct,chat,none,0,0.0,1.0,0,,,massA=1.21e-06 massB=1
A_detainees_self,156,39,gain,0,178,567,0.32,1.0193,0,True,B,Qwen/Qwen2.5-7B-Instruct,chat,none,0,0.00255,1.0,0,,,massA=0.997 massB=0.00255
A_detainees_self,157,39,gain,0,178,567,0.32,1.0193,0,False,A,Qwen/Qwen2.5-7B-Instruct,chat,none,0,0.00187,1.0,0,,,massA=0.00187 massB=0.998
A_detainees_self,158,39,mixed,178,178,567,0.32,1.0193,0,True,B,Qwen/Qwen2.5-7B-Instruct,chat,none,0,3e-05,1.0,0,,,massA=1 massB=3.22e-05
A_detainees_self,159,39,mixed,178,178,567,0.32,1.0193,0,False,A,Qwen/Qwen2.5-7B-Instruct,chat,none,0,0.0,1.0,0,,,massA=1.14e-06 massB=1
A_detainees_self,160,0,dominant,0,186,240,1.0,1.2903,0,True,B,Qwen/Qwen2.5-7B-Instruct,chat,none,0,0.99996,1.0,0,,,massA=3.54e-05 massB=1
A_detainees_self,161,0,dominant,0,186,240,1.0,1.2903,0,False,A,Qwen/Qwen2.5-7B-Instruct,chat,none,0,0.99737,1.0,0,,,massA=0.997 massB=0.00263
A_detainees_self,162,1,dominant,0,58,72,1.0,1.2414,0,True,B,Qwen/Qwen2.5-7B-Instruct,chat,none,0,0.99999,1.0,0,,,massA=7.89e-06 massB=1
A_detainees_self,163,1,dominant,0,58,72,1.0,1.2414,0,False,A,Qwen/Qwen2.5-7B-Instruct,chat,none,0,0.99927,1.0,0,,,massA=0.999 massB=0.000732
A_detainees_self,164,2,dominant,0,162,174,1.0,1.0741,0,True,B,Qwen/Qwen2.5-7B-Instruct,chat,none,0,0.99994,1.0,0,,,massA=6.21e-05 massB=1
A_detainees_self,165,2,dominant,0,162,174,1.0,1.0741,0,False,A,Qwen/Qwen2.5-7B-Instruct,chat,none,0,0.99943,1.0,0,,,massA=0.999 massB=0.00057
A_detainees_self,166,3,dominant,0,46,58,1.0,1.2609,0,True,B,Qwen/Qwen2.5-7B-Instruct,chat,none,0,0.99994,1.0,0,,,massA=5.83e-05 massB=1
A_detainees_self,167,3,dominant,0,46,58,1.0,1.2609,0,False,A,Qwen/Qwen2.5-7B-Instruct,chat,none,0,0.99768,1.0,0,,,massA=0.998 massB=0.00232
A_detainees_self,168,4,dominant,0,29,56,1.0,1.931,0,True,B,Qwen/Qwen2.5-7B-Instruct,chat,none,0,0.99999,1.0,0,,,massA=1.18e-05 massB=1
A_detainees_self,169,4,dominant,0,29,56,1.0,1.931,0,False,A,Qwen/Qwen2.5-7B-Instruct,chat,none,0,0.99702,1.0,0,,,massA=0.997 massB=0.00298
A_detainees_self,170,5,dominant,0,162,206,1.0,1.2716,0,True,B,Qwen/Qwen2.5-7B-Instruct,chat,none,0,0.9999,1.0,0,,,massA=0.000102 massB=1
A_detainees_self,171,5,dominant,0,162,206,1.0,1.2716,0,False,A,Qwen/Qwen2.5-7B-Instruct,chat,none,0,0.99553,1.0,0,,,massA=0.996 massB=0.00447
A_detainees_self,172,6,dominant,0,94,128,1.0,1.3617,0,True,B,Qwen/Qwen2.5-7B-Instruct,chat,none,0,0.99995,1.0,0,,,massA=5.14e-05 massB=1
A_detainees_self,173,6,dominant,0,94,128,1.0,1.3617,0,False,A,Qwen/Qwen2.5-7B-Instruct,chat,none,0,0.99509,1.0,0,,,massA=0.995 massB=0.00491
A_detainees_self,174,7,dominant,0,63,81,1.0,1.2857,0,True,B,Qwen/Qwen2.5-7B-Instruct,chat,none,0,0.99998,1.0,0,,,massA=2.14e-05 massB=1
A_detainees_self,175,7,dominant,0,63,81,1.0,1.2857,0,False,A,Qwen/Qwen2.5-7B-Instruct,chat,none,0,0.99683,1.0,0,,,massA=0.997 massB=0.00317
A_detainees_self,176,8,dominant,0,62,121,1.0,1.9516,0,True,B,Qwen/Qwen2.5-7B-Instruct,chat,none,0,0.99997,1.0,0,,,massA=2.67e-05 massB=1
A_detainees_self,177,8,dominant,0,62,121,1.0,1.9516,0,False,A,Qwen/Qwen2.5-7B-Instruct,chat,none,0,0.99788,1.0,0,,,massA=0.998 massB=0.00212
A_detainees_self,178,9,dominant,0,49,82,1.0,1.6735,0,True,B,Qwen/Qwen2.5-7B-Instruct,chat,none,0,0.99999,1.0,0,,,massA=1.05e-05 massB=1
A_detainees_self,179,9,dominant,0,49,82,1.0,1.6735,0,False,A,Qwen/Qwen2.5-7B-Instruct,chat,none,0,0.99641,1.0,0,,,massA=0.996 massB=0.00359
A_detainees_advise,0,0,gain,0,186,984,0.26,1.3755,0,True,B,Qwen/Qwen2.5-7B-Instruct,chat,none,0,0.0145,1.0,0,,,massA=0.985 massB=0.0145
A_detainees_advise,1,0,gain,0,186,984,0.26,1.3755,0,False,A,Qwen/Qwen2.5-7B-Instruct,chat,none,0,0.0001,1.0,0,,,massA=0.000102 massB=1
A_detainees_advise,2,0,mixed,186,186,984,0.26,1.3755,0,True,B,Qwen/Qwen2.5-7B-Instruct,chat,none,0,0.00121,1.0,0,,,massA=0.999 massB=0.00121
A_detainees_advise,3,0,mixed,186,186,984,0.26,1.3755,0,False,A,Qwen/Qwen2.5-7B-Instruct,chat,none,0,0.0,1.0,0,,,massA=1.33e-06 massB=1
A_detainees_advise,4,1,gain,0,58,116,0.66,1.32,0,True,B,Qwen/Qwen2.5-7B-Instruct,chat,none,0,0.1561,1.0,0,,,massA=0.844 massB=0.156
A_detainees_advise,5,1,gain,0,58,116,0.66,1.32,0,False,A,Qwen/Qwen2.5-7B-Instruct,chat,none,0,0.00034,1.0,0,,,massA=0.000335 massB=1
A_detainees_advise,6,1,mixed,58,58,116,0.66,1.32,0,True,B,Qwen/Qwen2.5-7B-Instruct,chat,none,0,0.00128,1.0,0,,,massA=0.999 massB=0.00128
A_detainees_advise,7,1,mixed,58,58,116,0.66,1.32,0,False,A,Qwen/Qwen2.5-7B-Instruct,chat,none,0,0.0,1.0,0,,,massA=2.99e-06 massB=1
A_detainees_advise,8,2,gain,0,162,661,0.26,1.0609,0,True,B,Qwen/Qwen2.5-7B-Instruct,chat,none,0,0.00941,1.0,0,,,massA=0.991 massB=0.00941
A_detainees_advise,9,2,gain,0,162,661,0.26,1.0609,0,False,A,Qwen/Qwen2.5-7B-Instruct,chat,none,0,7e-05,1.0,0,,,massA=7.48e-05 massB=1
A_detainees_advise,10,2,mixed,162,162,661,0.26,1.0609,0,True,B,Qwen/Qwen2.5-7B-Instruct,chat,none,0,0.00113,1.0,0,,,massA=0.999 massB=0.00113
A_detainees_advise,11,2,mixed,162,162,661,0.26,1.0609,0,False,A,Qwen/Qwen2.5-7B-Instruct,chat,none,0,0.0,1.0,0,,,massA=1.41e-06 massB=1
A_detainees_advise,12,3,gain,0,46,158,0.33,1.1335,0,True,B,Qwen/Qwen2.5-7B-Instruct,chat,none,0,0.00712,1.0,0,,,massA=0.993 massB=0.00712
A_detainees_advise,13,3,gain,0,46,158,0.33,1.1335,0,False,A,Qwen/Qwen2.5-7B-Instruct,chat,none,0,2e-05,1.0,0,,,massA=1.95e-05 massB=1
A_detainees_advise,14,3,mixed,46,46,158,0.33,1.1335,0,True,B,Qwen/Qwen2.5-7B-Instruct,chat,none,0,0.00106,1.0,0,,,massA=0.999 massB=0.00106
A_detainees_advise,15,3,mixed,46,46,158,0.33,1.1335,0,False,A,Qwen/Qwen2.5-7B-Instruct,chat,none,0,0.0,1.0,0,,,massA=1.71e-06 massB=1
A_detainees_advise,16,4,gain,0,29,71,0.55,1.3466,0,True,B,Qwen/Qwen2.5-7B-Instruct,chat,none,0,0.15203,1.0,0,,,massA=0.848 massB=0.152
A_detainees_advise,17,4,gain,0,29,71,0.55,1.3466,0,False,A,Qwen/Qwen2.5-7B-Instruct,chat,none,0,0.00073,1.0,0,,,massA=0.000732 massB=0.999
A_detainees_advise,18,4,mixed,29,29,71,0.55,1.3466,0,True,B,Qwen/Qwen2.5-7B-Instruct,chat,none,0,0.01799,1.0,0,,,massA=0.982 massB=0.018
A_detainees_advise,19,4,mixed,29,29,71,0.55,1.3466,0,False,A,Qwen/Qwen2.5-7B-Instruct,chat,none,0,0.0,1.0,0,,,massA=4.79e-06 massB=1
A_detainees_advise,20,5,gain,0,162,381,0.46,1.0819,0,True,B,Qwen/Qwen2.5-7B-Instruct,chat,none,0,0.01496,1.0,0,,,massA=0.985 massB=0.015
A_detainees_advise,21,5,gain,0,162,381,0.46,1.0819,0,False,A,Qwen/Qwen2.5-7B-Instruct,chat,none,0,0.0001,1.0,0,,,massA=0.000102 massB=1
A_detainees_advise,22,5,mixed,162,162,381,0.46,1.0819,0,True,B,Qwen/Qwen2.5-7B-Instruct,chat,none,0,0.00359,1.0,0,,,massA=0.996 massB=0.00359
A_detainees_advise,23,5,mixed,162,162,381,0.46,1.0819,0,False,A,Qwen/Qwen2.5-7B-Instruct,chat,none,0,0.0,1.0,0,,,massA=1.21e-06 massB=1
A_detainees_advise,24,6,gain,0,94,101,0.71,0.7629,0,True,B,Qwen/Qwen2.5-7B-Instruct,chat,none,0,0.05665,1.0,0,,,massA=0.943 massB=0.0567
A_detainees_advise,25,6,gain,0,94,101,0.71,0.7629,0,False,A,Qwen/Qwen2.5-7B-Instruct,chat,none,0,0.00019,1.0,0,,,massA=0.000191 massB=1
A_detainees_advise,26,6,mixed,94,94,101,0.71,0.7629,0,True,B,Qwen/Qwen2.5-7B-Instruct,chat,none,0,0.00247,1.0,0,,,massA=0.998 massB=0.00247
A_detainees_advise,27,6,mixed,94,94,101,0.71,0.7629,0,False,A,Qwen/Qwen2.5-7B-Instruct,chat,none,0,0.0,1.0,0,,,massA=3.19e-06 massB=1
A_detainees_advise,28,7,gain,0,63,98,0.64,0.9956,0,True,B,Qwen/Qwen2.5-7B-Instruct,chat,none,0,0.10088,1.0,0,,,massA=0.899 massB=0.101
A_detainees_advise,29,7,gain,0,63,98,0.64,0.9956,0,False,A,Qwen/Qwen2.5-7B-Instruct,chat,none,0,0.00063,1.0,0,,,massA=0.000626 massB=0.999
A_detainees_advise,30,7,mixed,63,63,98,0.64,0.9956,0,True,B,Qwen/Qwen2.5-7B-Instruct,chat,none,0,0.00832,1.0,0,,,massA=0.992 massB=0.00832
A_detainees_advise,31,7,mixed,63,63,98,0.64,0.9956,0,False,A,Qwen/Qwen2.5-7B-Instruct,chat,none,0,1e-05,1.0,0,,,massA=1.18e-05 massB=1
A_detainees_advise,32,8,gain,0,62,263,0.33,1.3998,0,True,B,Qwen/Qwen2.5-7B-Instruct,chat,none,0,0.01972,1.0,0,,,massA=0.98 massB=0.0197
A_detainees_advise,33,8,gain,0,62,263,0.33,1.3998,0,False,A,Qwen/Qwen2.5-7B-Instruct,chat,none,0,2e-05,1.0,0,,,massA=2.43e-05 massB=1
A_detainees_advise,34,8,mixed,62,62,263,0.33,1.3998,0,True,B,Qwen/Qwen2.5-7B-Instruct,chat,none,0,0.00141,1.0,0,,,massA=0.999 massB=0.00141
A_detainees_advise,35,8,mixed,62,62,263,0.33,1.3998,0,False,A,Qwen/Qwen2.5-7B-Instruct,chat,none,0,0.0,1.0,0,,,massA=2.19e-06 massB=1
A_detainees_advise,36,9,gain,0,49,153,0.26,0.8118,0,True,B,Qwen/Qwen2.5-7B-Instruct,chat,none,0,0.02676,1.0,0,,,massA=0.973 massB=0.0268
A_detainees_advise,37,9,gain,0,49,153,0.26,0.8118,0,False,A,Qwen/Qwen2.5-7B-Instruct,chat,none,0,5e-05,1.0,0,,,massA=5.48e-05 massB=1
A_detainees_advise,38,9,mixed,49,49,153,0.26,0.8118,0,True,B,Qwen/Qwen2.5-7B-Instruct,chat,none,0,0.00175,1.0,0,,,massA=0.998 massB=0.00175
A_detainees_advise,39,9,mixed,49,49,153,0.26,0.8118,0,False,A,Qwen/Qwen2.5-7B-Instruct,chat,none,0,0.0,1.0,0,,,massA=1.93e-06 massB=1
A_detainees_advise,40,10,gain,0,111,278,0.58,1.4526,0,True,B,Qwen/Qwen2.5-7B-Instruct,chat,none,0,0.05835,1.0,0,,,massA=0.942 massB=0.0583
A_detainees_advise,41,10,gain,0,111,278,0.58,1.4526,0,False,A,Qwen/Qwen2.5-7B-Instruct,chat,none,0,0.00033,1.0,0,,,massA=0.000325 massB=1
A_detainees_advise,42,10,mixed,111,111,278,0.58,1.4526,0,True,B,Qwen/Qwen2.5-7B-Instruct,chat,none,0,0.00832,1.0,0,,,massA=0.992 massB=0.00832
A_detainees_advise,43,10,mixed,111,111,278,0.58,1.4526,0,False,A,Qwen/Qwen2.5-7B-Instruct,chat,none,0,1e-05,1.0,0,,,massA=5.26e-06 massB=1
A_detainees_advise,44,11,gain,0,54,68,0.81,1.02,0,True,B,Qwen/Qwen2.5-7B-Instruct,chat,none,0,0.40733,1.0,0,,,massA=0.593 massB=0.407
A_detainees_advise,45,11,gain,0,54,68,0.81,1.02,0,False,A,Qwen/Qwen2.5-7B-Instruct,chat,none,0,0.0042,1.0,0,,,massA=0.0042 massB=0.996
A_detainees_advise,46,11,mixed,54,54,68,0.81,1.02,0,True,B,Qwen/Qwen2.5-7B-Instruct,chat,none,0,0.15203,1.0,0,,,massA=0.848 massB=0.152
A_detainees_advise,47,11,mixed,54,54,68,0.81,1.02,0,False,A,Qwen/Qwen2.5-7B-Instruct,chat,none,0,1e-05,1.0,0,,,massA=6.75e-06 massB=1
A_detainees_advise,48,12,gain,0,164,541,0.38,1.2535,0,True,B,Qwen/Qwen2.5-7B-Instruct,chat,none,0,0.01169,1.0,0,,,massA=0.988 massB=0.0117
A_detainees_advise,49,12,gain,0,164,541,0.38,1.2535,0,False,A,Qwen/Qwen2.5-7B-Instruct,chat,none,0,8e-05,1.0,0,,,massA=8.22e-05 massB=1
A_detainees_advise,50,12,mixed,164,164,541,0.38,1.2535,0,True,B,Qwen/Qwen2.5-7B-Instruct,chat,none,0,0.00205,1.0,0,,,massA=0.998 massB=0.00205
A_detainees_advise,51,12,mixed,164,164,541,0.38,1.2535,0,False,A,Qwen/Qwen2.5-7B-Instruct,chat,none,0,0.0,1.0,0,,,massA=1.14e-06 massB=1
A_detainees_advise,52,13,gain,0,72,88,0.64,0.7822,0,True,B,Qwen/Qwen2.5-7B-Instruct,chat,none,0,0.34158,1.0,0,,,massA=0.658 massB=0.342
A_detainees_advise,53,13,gain,0,72,88,0.64,0.7822,0,False,A,Qwen/Qwen2.5-7B-Instruct,chat,none,0,0.0004,1.0,0,,,massA=0.000404 massB=1
A_detainees_advise,54,13,mixed,72,72,88,0.64,0.7822,0,True,B,Qwen/Qwen2.5-7B-Instruct,chat,none,0,0.00193,1.0,0,,,massA=0.998 massB=0.00193
A_detainees_advise,55,13,mixed,72,72,88,0.64,0.7822,0,False,A,Qwen/Qwen2.5-7B-Instruct,chat,none,0,0.0,1.0,0,,,massA=2.33e-06 massB=1
A_detainees_advise,56,14,gain,0,81,201,0.68,1.6874,0,True,B,Qwen/Qwen2.5-7B-Instruct,chat,none,0,0.24509,1.0,0,,,massA=0.755 massB=0.245
A_detainees_advise,57,14,gain,0,81,201,0.68,1.6874,0,False,A,Qwen/Qwen2.5-7B-Instruct,chat,none,0,0.00043,1.0,0,,,massA=0.000431 massB=1
A_detainees_advise,58,14,mixed,81,81,201,0.68,1.6874,0,True,B,Qwen/Qwen2.5-7B-Instruct,chat,none,0,0.00327,1.0,0,,,massA=0.997 massB=0.00327
A_detainees_advise,59,14,mixed,81,81,201,0.68,1.6874,0,False,A,Qwen/Qwen2.5-7B-Instruct,chat,none,0,0.0,1.0,0,,,massA=1.46e-06 massB=1
A_detainees_advise,60,15,gain,0,82,113,0.74,1.0198,0,True,B,Qwen/Qwen2.5-7B-Instruct,chat,none,0,0.13296,1.0,0,,,massA=0.867 massB=0.133
A_detainees_advise,61,15,gain,0,82,113,0.74,1.0198,0,False,A,Qwen/Qwen2.5-7B-Instruct,chat,none,0,0.00113,1.0,0,,,massA=0.00113 massB=0.999
A_detainees_advise,62,15,mixed,82,82,113,0.74,1.0198,0,True,B,Qwen/Qwen2.5-7B-Instruct,chat,none,0,0.00506,1.0,0,,,massA=0.995 massB=0.00506
A_detainees_advise,63,15,mixed,82,82,113,0.74,1.0198,0,False,A,Qwen/Qwen2.5-7B-Instruct,chat,none,0,0.0,1.0,0,,,massA=2.9e-06 massB=1
A_detainees_advise,64,16,gain,0,139,234,0.6,1.0101,0,True,B,Qwen/Qwen2.5-7B-Instruct,chat,none,0,0.01744,1.0,0,,,massA=0.983 massB=0.0174
A_detainees_advise,65,16,gain,0,139,234,0.6,1.0101,0,False,A,Qwen/Qwen2.5-7B-Instruct,chat,none,0,0.00052,1.0,0,,,massA=0.000519 massB=0.999
A_detainees_advise,66,16,mixed,139,139,234,0.6,1.0101,0,True,B,Qwen/Qwen2.5-7B-Instruct,chat,none,0,0.0017,1.0,0,,,massA=0.998 massB=0.0017
A_detainees_advise,67,16,mixed,139,139,234,0.6,1.0101,0,False,A,Qwen/Qwen2.5-7B-Instruct,chat,none,0,0.0,1.0,0,,,massA=2.48e-06 massB=1
A_detainees_advise,68,17,gain,0,117,362,0.42,1.2995,0,True,B,Qwen/Qwen2.5-7B-Instruct,chat,none,0,0.01591,1.0,0,,,massA=0.984 massB=0.0159
A_detainees_advise,69,17,gain,0,117,362,0.42,1.2995,0,False,A,Qwen/Qwen2.5-7B-Instruct,chat,none,0,8e-05,1.0,0,,,massA=8.48e-05 massB=1
A_detainees_advise,70,17,mixed,117,117,362,0.42,1.2995,0,True,B,Qwen/Qwen2.5-7B-Instruct,chat,none,0,0.00218,1.0,0,,,massA=0.998 massB=0.00218
A_detainees_advise,71,17,mixed,117,117,362,0.42,1.2995,0,False,A,Qwen/Qwen2.5-7B-Instruct,chat,none,0,0.0,1.0,0,,,massA=1.65e-06 massB=1
A_detainees_advise,72,18,gain,0,41,61,0.58,0.8629,0,True,B,Qwen/Qwen2.5-7B-Instruct,chat,none,0,0.2227,1.0,0,,,massA=0.777 massB=0.223
A_detainees_advise,73,18,gain,0,41,61,0.58,0.8629,0,False,A,Qwen/Qwen2.5-7B-Instruct,chat,none,0,0.00044,1.0,0,,,massA=0.000444 massB=1
A_detainees_advise,74,18,mixed,41,41,61,0.58,0.8629,0,True,B,Qwen/Qwen2.5-7B-Instruct,chat,none,0,0.00491,1.0,0,,,massA=0.995 massB=0.00491
A_detainees_advise,75,18,mixed,41,41,61,0.58,0.8629,0,False,A,Qwen/Qwen2.5-7B-Instruct,chat,none,0,0.0,1.0,0,,,massA=2.73e-06 massB=1
A_detainees_advise,76,19,gain,0,64,122,0.49,0.9341,0,True,B,Qwen/Qwen2.5-7B-Instruct,chat,none,0,0.02162,1.0,0,,,massA=0.978 massB=0.0216
A_detainees_advise,77,19,gain,0,64,122,0.49,0.9341,0,False,A,Qwen/Qwen2.5-7B-Instruct,chat,none,0,1e-05,1.0,0,,,massA=1.11e-05 massB=1
A_detainees_advise,78,19,mixed,64,64,122,0.49,0.9341,0,True,B,Qwen/Qwen2.5-7B-Instruct,chat,none,0,0.00113,1.0,0,,,massA=0.999 massB=0.00113
A_detainees_advise,79,19,mixed,64,64,122,0.49,0.9341,0,False,A,Qwen/Qwen2.5-7B-Instruct,chat,none,0,0.0,1.0,0,,,massA=2.19e-06 massB=1
A_detainees_advise,80,20,gain,0,186,266,0.63,0.901,0,True,B,Qwen/Qwen2.5-7B-Instruct,chat,none,0,0.04337,1.0,0,,,massA=0.957 massB=0.0434
A_detainees_advise,81,20,gain,0,186,266,0.63,0.901,0,False,A,Qwen/Qwen2.5-7B-Instruct,chat,none,0,0.00078,1.0,0,,,massA=0.000779 massB=0.999
A_detainees_advise,82,20,mixed,186,186,266,0.63,0.901,0,True,B,Qwen/Qwen2.5-7B-Instruct,chat,none,0,0.00758,1.0,0,,,massA=0.992 massB=0.00758
A_detainees_advise,83,20,mixed,186,186,266,0.63,0.901,0,False,A,Qwen/Qwen2.5-7B-Instruct,chat,none,0,0.0,1.0,0,,,massA=2.48e-06 massB=1
A_detainees_advise,84,21,gain,0,106,206,0.73,1.4187,0,True,B,Qwen/Qwen2.5-7B-Instruct,chat,none,0,0.09808,1.0,0,,,massA=0.902 massB=0.0981
A_detainees_advise,85,21,gain,0,106,206,0.73,1.4187,0,False,A,Qwen/Qwen2.5-7B-Instruct,chat,none,0,0.00263,1.0,0,,,massA=0.00263 massB=0.997
A_detainees_advise,86,21,mixed,106,106,206,0.73,1.4187,0,True,B,Qwen/Qwen2.5-7B-Instruct,chat,none,0,0.14415,1.0,0,,,massA=0.856 massB=0.144
A_detainees_advise,87,21,mixed,106,106,206,0.73,1.4187,0,False,A,Qwen/Qwen2.5-7B-Instruct,chat,none,0,1e-05,1.0,0,,,massA=1.26e-05 massB=1
A_detainees_advise,88,22,gain,0,81,163,0.72,1.4489,0,True,B,Qwen/Qwen2.5-7B-Instruct,chat,none,0,0.28777,1.0,0,,,massA=0.712 massB=0.288
A_detainees_advise,89,22,gain,0,81,163,0.72,1.4489,0,False,A,Qwen/Qwen2.5-7B-Instruct,chat,none,0,0.0015,1.0,0,,,massA=0.0015 massB=0.998
A_detainees_advise,90,22,mixed,81,81,163,0.72,1.4489,0,True,B,Qwen/Qwen2.5-7B-Instruct,chat,none,0,0.0061,1.0,0,,,massA=0.994 massB=0.0061
A_detainees_advise,91,22,mixed,81,81,163,0.72,1.4489,0,False,A,Qwen/Qwen2.5-7B-Instruct,chat,none,0,0.0,1.0,0,,,massA=3.73e-06 massB=1
A_detainees_advise,92,23,gain,0,91,626,0.23,1.5822,0,True,B,Qwen/Qwen2.5-7B-Instruct,chat,none,0,0.0321,1.0,0,,,massA=0.968 massB=0.0321
A_detainees_advise,93,23,gain,0,91,626,0.23,1.5822,0,False,A,Qwen/Qwen2.5-7B-Instruct,chat,none,0,4e-05,1.0,0,,,massA=3.76e-05 massB=1
A_detainees_advise,94,23,mixed,91,91,626,0.23,1.5822,0,True,B,Qwen/Qwen2.5-7B-Instruct,chat,none,0,0.00023,1.0,0,,,massA=1 massB=0.000231
A_detainees_advise,95,23,mixed,91,91,626,0.23,1.5822,0,False,A,Qwen/Qwen2.5-7B-Instruct,chat,none,0,0.0,1.0,0,,,massA=4.74e-07 massB=1
A_detainees_advise,96,24,gain,0,168,214,0.76,0.9681,0,True,B,Qwen/Qwen2.5-7B-Instruct,chat,none,0,0.13661,1.0,0,,,massA=0.863 massB=0.137
A_detainees_advise,97,24,gain,0,168,214,0.76,0.9681,0,False,A,Qwen/Qwen2.5-7B-Instruct,chat,none,0,0.01033,1.0,0,,,massA=0.0103 massB=0.99
A_detainees_advise,98,24,mixed,168,168,214,0.76,0.9681,0,True,B,Qwen/Qwen2.5-7B-Instruct,chat,none,0,0.01099,1.0,0,,,massA=0.989 massB=0.011
A_detainees_advise,99,24,mixed,168,168,214,0.76,0.9681,0,False,A,Qwen/Qwen2.5-7B-Instruct,chat,none,0,0.0,1.0,0,,,massA=4.36e-06 massB=1
A_detainees_advise,100,25,gain,0,124,207,0.76,1.2687,0,True,B,Qwen/Qwen2.5-7B-Instruct,chat,none,0,0.0851,1.0,0,,,massA=0.915 massB=0.0851
A_detainees_advise,101,25,gain,0,124,207,0.76,1.2687,0,False,A,Qwen/Qwen2.5-7B-Instruct,chat,none,0,0.00555,1.0,0,,,massA=0.00555 massB=0.994
A_detainees_advise,102,25,mixed,124,124,207,0.76,1.2687,0,True,B,Qwen/Qwen2.5-7B-Instruct,chat,none,0,0.00941,1.0,0,,,massA=0.991 massB=0.00941
A_detainees_advise,103,25,mixed,124,124,207,0.76,1.2687,0,False,A,Qwen/Qwen2.5-7B-Instruct,chat,none,0,1e-05,1.0,0,,,massA=5.96e-06 massB=1
A_detainees_advise,104,26,gain,0,59,151,0.36,0.9214,0,True,B,Qwen/Qwen2.5-7B-Instruct,chat,none,0,0.05501,1.0,0,,,massA=0.945 massB=0.055
A_detainees_advise,105,26,gain,0,59,151,0.36,0.9214,0,False,A,Qwen/Qwen2.5-7B-Instruct,chat,none,0,5e-05,1.0,0,,,massA=5.48e-05 massB=1
A_detainees_advise,106,26,mixed,59,59,151,0.36,0.9214,0,True,B,Qwen/Qwen2.5-7B-Instruct,chat,none,0,0.00218,1.0,0,,,massA=0.998 massB=0.00218
A_detainees_advise,107,26,mixed,59,59,151,0.36,0.9214,0,False,A,Qwen/Qwen2.5-7B-Instruct,chat,none,0,0.0,1.0,0,,,massA=2.12e-06 massB=1
A_detainees_advise,108,27,gain,0,166,433,0.53,1.3825,0,True,B,Qwen/Qwen2.5-7B-Instruct,chat,none,0,0.01744,1.0,0,,,massA=0.983 massB=0.0174
A_detainees_advise,109,27,gain,0,166,433,0.53,1.3825,0,False,A,Qwen/Qwen2.5-7B-Instruct,chat,none,0,0.00025,1.0,0,,,massA=0.000245 massB=1
A_detainees_advise,110,27,mixed,166,166,433,0.53,1.3825,0,True,B,Qwen/Qwen2.5-7B-Instruct,chat,none,0,0.01169,1.0,0,,,massA=0.988 massB=0.0117
A_detainees_advise,111,27,mixed,166,166,433,0.53,1.3825,0,False,A,Qwen/Qwen2.5-7B-Instruct,chat,none,0,0.0,1.0,0,,,massA=1.71e-06 massB=1
A_detainees_advise,112,28,gain,0,132,181,0.76,1.0421,0,True,B,Qwen/Qwen2.5-7B-Instruct,chat,none,0,0.02162,1.0,0,,,massA=0.978 massB=0.0216
A_detainees_advise,113,28,gain,0,132,181,0.76,1.0421,0,False,A,Qwen/Qwen2.5-7B-Instruct,chat,none,0,0.00348,1.0,0,,,massA=0.00348 massB=0.997
A_detainees_advise,114,28,mixed,132,132,181,0.76,1.0421,0,True,B,Qwen/Qwen2.5-7B-Instruct,chat,none,0,0.02676,1.0,0,,,massA=0.973 massB=0.0268
A_detainees_advise,115,28,mixed,132,132,181,0.76,1.0421,0,False,A,Qwen/Qwen2.5-7B-Instruct,chat,none,0,0.0,1.0,0,,,massA=2.56e-06 massB=1
A_detainees_advise,116,29,gain,0,79,81,0.83,0.851,0,True,B,Qwen/Qwen2.5-7B-Instruct,chat,none,0,0.69925,1.0,0,,,massA=0.301 massB=0.699
A_detainees_advise,117,29,gain,0,79,81,0.83,0.851,0,False,A,Qwen/Qwen2.5-7B-Instruct,chat,none,0,0.00858,1.0,0,,,massA=0.00858 massB=0.991
A_detainees_advise,118,29,mixed,79,79,81,0.83,0.851,0,True,B,Qwen/Qwen2.5-7B-Instruct,chat,none,0,0.10088,1.0,0,,,massA=0.899 massB=0.101
A_detainees_advise,119,29,mixed,79,79,81,0.83,0.851,0,False,A,Qwen/Qwen2.5-7B-Instruct,chat,none,0,1e-05,1.0,0,,,massA=1.38e-05 massB=1
A_detainees_advise,120,30,gain,0,149,447,0.26,0.78,0,True,B,Qwen/Qwen2.5-7B-Instruct,chat,none,0,0.00758,1.0,0,,,massA=0.992 massB=0.00758
A_detainees_advise,121,30,gain,0,149,447,0.26,0.78,0,False,A,Qwen/Qwen2.5-7B-Instruct,chat,none,0,5e-05,1.0,0,,,massA=5.14e-05 massB=1
A_detainees_advise,122,30,mixed,149,149,447,0.26,0.78,0,True,B,Qwen/Qwen2.5-7B-Instruct,chat,none,0,0.0016,1.0,0,,,massA=0.998 massB=0.0016
A_detainees_advise,123,30,mixed,149,149,447,0.26,0.78,0,False,A,Qwen/Qwen2.5-7B-Instruct,chat,none,0,0.0,1.0,0,,,massA=1.87e-06 massB=1
A_detainees_advise,124,31,gain,0,51,151,0.29,0.8586,0,True,B,Qwen/Qwen2.5-7B-Instruct,chat,none,0,0.03847,1.0,0,,,massA=0.962 massB=0.0385
A_detainees_advise,125,31,gain,0,51,151,0.29,0.8586,0,False,A,Qwen/Qwen2.5-7B-Instruct,chat,none,0,3e-05,1.0,0,,,massA=3.12e-05 massB=1
A_detainees_advise,126,31,mixed,51,51,151,0.29,0.8586,0,True,B,Qwen/Qwen2.5-7B-Instruct,chat,none,0,0.00083,1.0,0,,,massA=0.999 massB=0.00083
A_detainees_advise,127,31,mixed,51,51,151,0.29,0.8586,0,False,A,Qwen/Qwen2.5-7B-Instruct,chat,none,0,0.0,1.0,0,,,massA=2.41e-06 massB=1
A_detainees_advise,128,32,gain,0,131,236,0.57,1.0269,0,True,B,Qwen/Qwen2.5-7B-Instruct,chat,none,0,0.02596,1.0,0,,,massA=0.974 massB=0.026
A_detainees_advise,129,32,gain,0,131,236,0.57,1.0269,0,False,A,Qwen/Qwen2.5-7B-Instruct,chat,none,0,0.0005,1.0,0,,,massA=0.000503 massB=0.999
A_detainees_advise,130,32,mixed,131,131,236,0.57,1.0269,0,True,B,Qwen/Qwen2.5-7B-Instruct,chat,none,0,0.01065,1.0,0,,,massA=0.989 massB=0.0107
A_detainees_advise,131,32,mixed,131,131,236,0.57,1.0269,0,False,A,Qwen/Qwen2.5-7B-Instruct,chat,none,0,0.0,1.0,0,,,massA=3.19e-06 massB=1
A_detainees_advise,132,33,gain,0,142,446,0.53,1.6646,0,True,B,Qwen/Qwen2.5-7B-Instruct,chat,none,0,0.00758,1.0,0,,,massA=0.992 massB=0.00758
A_detainees_advise,133,33,gain,0,142,446,0.53,1.6646,0,False,A,Qwen/Qwen2.5-7B-Instruct,chat,none,0,0.00023,1.0,0,,,massA=0.000231 massB=1
A_detainees_advise,134,33,mixed,142,142,446,0.53,1.6646,0,True,B,Qwen/Qwen2.5-7B-Instruct,chat,none,0,0.0321,1.0,0,,,massA=0.968 massB=0.0321
A_detainees_advise,135,33,mixed,142,142,446,0.53,1.6646,0,False,A,Qwen/Qwen2.5-7B-Instruct,chat,none,0,0.0,1.0,0,,,massA=4.22e-06 massB=1
A_detainees_advise,136,34,gain,0,52,96,0.63,1.1631,0,True,B,Qwen/Qwen2.5-7B-Instruct,chat,none,0,0.36297,1.0,0,,,massA=0.637 massB=0.363
A_detainees_advise,137,34,gain,0,52,96,0.63,1.1631,0,False,A,Qwen/Qwen2.5-7B-Instruct,chat,none,0,0.00061,1.0,0,,,massA=0.000607 massB=0.999
A_detainees_advise,138,34,mixed,52,52,96,0.63,1.1631,0,True,B,Qwen/Qwen2.5-7B-Instruct,chat,none,0,0.00913,1.0,0,,,massA=0.991 massB=0.00913
A_detainees_advise,139,34,mixed,52,52,96,0.63,1.1631,0,False,A,Qwen/Qwen2.5-7B-Instruct,chat,none,0,0.0,1.0,0,,,massA=4.09e-06 massB=1
A_detainees_advise,140,35,gain,0,91,133,0.68,0.9938,0,True,B,Qwen/Qwen2.5-7B-Instruct,chat,none,0,0.0737,1.0,0,,,massA=0.926 massB=0.0737
A_detainees_advise,141,35,gain,0,91,133,0.68,0.9938,0,False,A,Qwen/Qwen2.5-7B-Instruct,chat,none,0,0.00091,1.0,0,,,massA=0.000911 massB=0.999
A_detainees_advise,142,35,mixed,91,91,133,0.68,0.9938,0,True,B,Qwen/Qwen2.5-7B-Instruct,chat,none,0,0.00193,1.0,0,,,massA=0.998 massB=0.00193
A_detainees_advise,143,35,mixed,91,91,133,0.68,0.9938,0,False,A,Qwen/Qwen2.5-7B-Instruct,chat,none,0,0.0,1.0,0,,,massA=1.99e-06 massB=1
A_detainees_advise,144,36,gain,0,98,227,0.47,1.0887,0,True,B,Qwen/Qwen2.5-7B-Instruct,chat,none,0,0.66541,1.0,0,,,massA=0.335 massB=0.665
A_detainees_advise,145,36,gain,0,98,227,0.47,1.0887,0,False,A,Qwen/Qwen2.5-7B-Instruct,chat,none,0,5e-05,1.0,0,,,massA=4.83e-05 massB=1
A_detainees_advise,146,36,mixed,98,98,227,0.47,1.0887,0,True,B,Qwen/Qwen2.5-7B-Instruct,chat,none,0,0.00271,1.0,0,,,massA=0.997 massB=0.00271
A_detainees_advise,147,36,mixed,98,98,227,0.47,1.0887,0,False,A,Qwen/Qwen2.5-7B-Instruct,chat,none,0,0.0,1.0,0,,,massA=1.55e-06 massB=1
A_detainees_advise,148,37,gain,0,151,252,0.68,1.1348,0,True,B,Qwen/Qwen2.5-7B-Instruct,chat,none,0,0.02096,1.0,0,,,massA=0.979 massB=0.021
A_detainees_advise,149,37,gain,0,151,252,0.68,1.1348,0,False,A,Qwen/Qwen2.5-7B-Instruct,chat,none,0,0.00065,1.0,0,,,massA=0.000646 massB=0.999
A_detainees_advise,150,37,mixed,151,151,252,0.68,1.1348,0,True,B,Qwen/Qwen2.5-7B-Instruct,chat,none,0,0.00649,1.0,0,,,massA=0.994 massB=0.00649
A_detainees_advise,151,37,mixed,151,151,252,0.68,1.1348,0,False,A,Qwen/Qwen2.5-7B-Instruct,chat,none,0,1e-05,1.0,0,,,massA=6.34e-06 massB=1
A_detainees_advise,152,38,gain,0,183,609,0.38,1.2646,0,True,B,Qwen/Qwen2.5-7B-Instruct,chat,none,0,0.01542,1.0,0,,,massA=0.985 massB=0.0154
A_detainees_advise,153,38,gain,0,183,609,0.38,1.2646,0,False,A,Qwen/Qwen2.5-7B-Instruct,chat,none,0,8e-05,1.0,0,,,massA=8.22e-05 massB=1
A_detainees_advise,154,38,mixed,183,183,609,0.38,1.2646,0,True,B,Qwen/Qwen2.5-7B-Instruct,chat,none,0,0.00225,1.0,0,,,massA=0.998 massB=0.00225
A_detainees_advise,155,38,mixed,183,183,609,0.38,1.2646,0,False,A,Qwen/Qwen2.5-7B-Instruct,chat,none,0,0.0,1.0,0,,,massA=1.21e-06 massB=1
A_detainees_advise,156,39,gain,0,178,567,0.32,1.0193,0,True,B,Qwen/Qwen2.5-7B-Instruct,chat,none,0,0.0164,1.0,0,,,massA=0.984 massB=0.0164
A_detainees_advise,157,39,gain,0,178,567,0.32,1.0193,0,False,A,Qwen/Qwen2.5-7B-Instruct,chat,none,0,0.0001,1.0,0,,,massA=0.000102 massB=1
A_detainees_advise,158,39,mixed,178,178,567,0.32,1.0193,0,True,B,Qwen/Qwen2.5-7B-Instruct,chat,none,0,0.00263,1.0,0,,,massA=0.997 massB=0.00263
A_detainees_advise,159,39,mixed,178,178,567,0.32,1.0193,0,False,A,Qwen/Qwen2.5-7B-Instruct,chat,none,0,0.0,1.0,0,,,massA=1.87e-06 massB=1
A_detainees_advise,160,0,dominant,0,186,240,1.0,1.2903,0,True,B,Qwen/Qwen2.5-7B-Instruct,chat,none,0,0.99993,1.0,0,,,massA=7.03e-05 massB=1
A_detainees_advise,161,0,dominant,0,186,240,1.0,1.2903,0,False,A,Qwen/Qwen2.5-7B-Instruct,chat,none,0,0.99939,1.0,0,,,massA=0.999 massB=0.000607
A_detainees_advise,162,1,dominant,0,58,72,1.0,1.2414,0,True,B,Qwen/Qwen2.5-7B-Instruct,chat,none,0,0.99997,1.0,0,,,massA=3.43e-05 massB=1
A_detainees_advise,163,1,dominant,0,58,72,1.0,1.2414,0,False,A,Qwen/Qwen2.5-7B-Instruct,chat,none,0,0.99937,1.0,0,,,massA=0.999 massB=0.000626
A_detainees_advise,164,2,dominant,0,162,174,1.0,1.0741,0,True,B,Qwen/Qwen2.5-7B-Instruct,chat,none,0,0.99995,1.0,0,,,massA=4.54e-05 massB=1
A_detainees_advise,165,2,dominant,0,162,174,1.0,1.0741,0,False,A,Qwen/Qwen2.5-7B-Instruct,chat,none,0,0.99933,1.0,0,,,massA=0.999 massB=0.000667
A_detainees_advise,166,3,dominant,0,46,58,1.0,1.2609,0,True,B,Qwen/Qwen2.5-7B-Instruct,chat,none,0,0.99989,1.0,0,,,massA=0.000109 massB=1
A_detainees_advise,167,3,dominant,0,46,58,1.0,1.2609,0,False,A,Qwen/Qwen2.5-7B-Instruct,chat,none,0,0.99775,1.0,0,,,massA=0.998 massB=0.00225
A_detainees_advise,168,4,dominant,0,29,56,1.0,1.931,0,True,B,Qwen/Qwen2.5-7B-Instruct,chat,none,0,0.99998,1.0,0,,,massA=1.72e-05 massB=1
A_detainees_advise,169,4,dominant,0,29,56,1.0,1.931,0,False,A,Qwen/Qwen2.5-7B-Instruct,chat,none,0,0.99729,1.0,0,,,massA=0.997 massB=0.00271
A_detainees_advise,170,5,dominant,0,162,206,1.0,1.2716,0,True,B,Qwen/Qwen2.5-7B-Instruct,chat,none,0,0.99993,1.0,0,,,massA=6.61e-05 massB=1
A_detainees_advise,171,5,dominant,0,162,206,1.0,1.2716,0,False,A,Qwen/Qwen2.5-7B-Instruct,chat,none,0,0.99768,1.0,0,,,massA=0.998 massB=0.00232
A_detainees_advise,172,6,dominant,0,94,128,1.0,1.3617,0,True,B,Qwen/Qwen2.5-7B-Instruct,chat,none,0,0.99995,1.0,0,,,massA=5.14e-05 massB=1
A_detainees_advise,173,6,dominant,0,94,128,1.0,1.3617,0,False,A,Qwen/Qwen2.5-7B-Instruct,chat,none,0,0.99782,1.0,0,,,massA=0.998 massB=0.00218
A_detainees_advise,174,7,dominant,0,63,81,1.0,1.2857,0,True,B,Qwen/Qwen2.5-7B-Instruct,chat,none,0,0.99996,1.0,0,,,massA=3.88e-05 massB=1
A_detainees_advise,175,7,dominant,0,63,81,1.0,1.2857,0,False,A,Qwen/Qwen2.5-7B-Instruct,chat,none,0,0.99462,1.0,0,,,massA=0.995 massB=0.00538
A_detainees_advise,176,8,dominant,0,62,121,1.0,1.9516,0,True,B,Qwen/Qwen2.5-7B-Instruct,chat,none,0,0.99998,1.0,0,,,massA=1.67e-05 massB=1
A_detainees_advise,177,8,dominant,0,62,121,1.0,1.9516,0,False,A,Qwen/Qwen2.5-7B-Instruct,chat,none,0,0.9972,1.0,0,,,massA=0.997 massB=0.0028
A_detainees_advise,178,9,dominant,0,49,82,1.0,1.6735,0,True,B,Qwen/Qwen2.5-7B-Instruct,chat,none,0,0.99998,1.0,0,,,massA=2.21e-05 massB=1
A_detainees_advise,179,9,dominant,0,49,82,1.0,1.6735,0,False,A,Qwen/Qwen2.5-7B-Instruct,chat,none,0,0.99427,1.0,0,,,massA=0.994 massB=0.00573
